rank_b,combo,indicators,htf,n_folds_selected,oos_days,n_trades,n_long,n_short,win_rate,gross_pct,fees_pct,slippage_pct,funding_pct,net_pct,profit_factor,max_drawdown_pct,expectancy_net_pct,expectancy_gross_pct,avg_win_pct,avg_loss_pct,avg_hold_min,tp_share,sl_share,opposite_exit_share,time_exit_share,expectancy_ci95_low_pct,expectancy_ci95_high_pct,exp_BTCUSDT,exp_ETHUSDT,exp_BNBUSDT,exp_SOLUSDT,exp_XRPUSDT,exp_regime_thấp,exp_regime_vừa,exp_regime_cao,symbols_positive,exp_worst_symbol,sharpe_daily,sharpe_annual,sr0_daily,dsr,pbo_all_combos,n_trials_total,kept,train_expectancy_net_pct,train_n_trades,loco_BTCUSDT_n_trades,loco_BTCUSDT_expectancy_pct,loco_ETHUSDT_n_trades,loco_ETHUSDT_expectancy_pct,loco_BNBUSDT_n_trades,loco_BNBUSDT_expectancy_pct,loco_SOLUSDT_n_trades,loco_SOLUSDT_expectancy_pct,loco_XRPUSDT_n_trades,loco_XRPUSDT_expectancy_pct,sens_x0.8_expectancy_pct,sens_x0.8_n_trades,sens_x1.2_expectancy_pct,sens_x1.2_n_trades,sens_sign_flip
1.0,i018+i035+i049+i042,SuperTrend + 52-Week High/Low + TRIX + Connors RSI,True,1,30,1,0,1,1.0,0.44999999999999485,0.09977499999999999,0.0024491795248591723,0.0,0.3477758204751357,inf,0.0,0.3477758204751357,0.44999999999999485,0.3477758204751357,0.0,10.0,1.0,0.0,0.0,0.0,,,,,,0.3477758204751357,,0.3477758204751357,,,1,0.3477758204751357,0.18257418583505539,3.488074922742725,0.8732149191236036,7.237792665568578e-13,0.5041181041181041,176786,True,-0.04141343771641603,23.0,0.0,,0.0,,0.0,,0.0,,0.0,,0.24228379835614547,2.0,0.049874871908577575,2.0,False
2.0,i027+i024+i035+i049,Zig Zag + Williams Fractal + 52-Week High/Low + TRIX,False,1,30,2,0,2,1.0,0.8999999999999675,0.19955000000000003,0.010696275149415282,0.0,0.6897537248505521,inf,0.0,0.34487686242527604,0.44999999999998375,0.34487686242527604,0.0,6.0,1.0,0.0,0.0,0.0,,,,,0.34794410817127863,,0.34180961667927345,,0.34180961667927345,0.34794410817127863,2,0.34180961667927345,0.26275800246279957,5.019984588448237,0.8732149191236036,7.301700170321989e-10,0.5041181041181041,176786,True,-0.027023649667847528,44.0,0.0,,0.0,,0.0,,0.0,,0.0,,-0.10331450715418491,6.0,-0.029603426401357633,2.0,True
3.0,i035+i049+i099+i042,52-Week High/Low + TRIX + Average Price + Connors RSI,False,1,31,1,0,1,1.0,0.31369083779754225,0.09984315458110123,0.002209090407024907,0.0,0.21163859280941616,inf,0.0,0.21163859280941616,0.31369083779754225,0.21163859280941616,0.0,15.0,0.0,0.0,0.0,1.0,,,,,0.21163859280941616,,,,,0.21163859280941616,1,0.21163859280941616,0.17960530202677494,3.4313544772271927,0.8732149191236036,2.1970342052512153e-13,0.5041181041181041,176786,True,-0.07219879969360049,6.0,0.0,,0.0,,0.0,,0.0,,0.0,,0.013071085215338738,1.0,,0.0,False
4.0,i018+i035+i049+i010,SuperTrend + 52-Week High/Low + TRIX + Adaptive MA,False,4,119,4,3,1,0.75,1.0499999999999954,0.40082500000000004,0.02149487005405852,0.0,0.6276801299459369,2.555822091570916,0.40343952778827513,0.15692003248648423,0.26249999999999885,0.3437065525780707,-0.40343952778827513,5.5,0.75,0.25,0.0,0.0,,,,0.3488247593515506,-0.028453088245405173,,0.33576154708519657,,,0.15692003248648423,2,-0.028453088245405173,0.05181786262679259,0.9899788754470162,0.8732149191236036,2.6121109354970384e-29,0.5041181041181041,176786,True,-0.0633145239645015,12.0,0.0,,1.0,0.34921676335789986,0.0,,0.0,,0.0,,-0.14250567398667383,14.0,,0.0,True
5.0,i018+i035+i049+i010,SuperTrend + 52-Week High/Low + TRIX + Adaptive MA,True,4,119,4,3,1,0.75,1.0499999999999954,0.40082500000000004,0.02149487005405852,0.0,0.6276801299459369,2.555822091570916,0.40343952778827513,0.15692003248648423,0.26249999999999885,0.3437065525780707,-0.40343952778827513,5.5,0.75,0.25,0.0,0.0,,,,0.3488247593515506,-0.028453088245405173,,0.33576154708519657,,,0.15692003248648423,2,-0.028453088245405173,0.05181786262679259,0.9899788754470162,0.8732149191236036,2.6121109354970384e-29,0.5041181041181041,176786,True,-0.0633145239645015,12.0,0.0,,1.0,0.34921676335789986,0.0,,0.0,,0.0,,-0.161548135145369,12.0,,0.0,True
6.0,i035+i049+i010+i097,52-Week High/Low + TRIX + Adaptive MA + Standard Error,True,2,58,4,3,1,0.75,1.0499999999999954,0.40082500000000004,0.02149487005405852,0.0,0.6276801299459369,2.555822091570916,0.40343952778827513,0.15692003248648423,0.26249999999999885,0.3437065525780707,-0.40343952778827513,5.5,0.75,0.25,0.0,0.0,,,,0.3488247593515506,-0.028453088245405173,,0.33576154708519657,,,0.15692003248648423,2,-0.028453088245405173,0.0739970122488079,1.41371093400979,0.8732149191236036,2.6679593609199393e-14,0.5041181041181041,176786,True,-0.09385303317215338,19.0,0.0,,0.0,,0.0,,0.0,,0.0,,-0.12952548181219425,9.0,0.34653335129746476,1.0,True
7.0,i020+i035+i049,Parabolic SAR + 52-Week High/Low + TRIX,True,1,30,2,1,1,0.5,0.5037704458960124,0.19980188522294803,0.00247535998746105,0.0,0.30149320068560326,7.490577192244914,0.046450907485675395,0.15074660034280163,0.2518852229480062,0.34794410817127863,-0.046450907485675395,12.0,0.5,0.0,0.0,0.5,,,-0.046450907485675395,,0.34794410817127863,,,,,0.15074660034280163,1,-0.046450907485675395,0.1561046889790996,2.9823758953660446,0.8732149191236036,1.189768210020011e-10,0.5041181041181041,176786,True,-0.08921401376369374,27.0,0.0,,0.0,,0.0,,1.0,-0.40115897992128874,1.0,0.34185452160309965,-0.3481807982503784,4.0,-0.4003625019125064,1.0,True
8.0,i035+i101+i010+i049,52-Week High/Low + Median Price + Adaptive MA + TRIX,False,1,30,1,1,0,1.0,0.23090317207963285,0.1001154515860398,0.0001892648951472481,0.0,0.13059845559844582,inf,0.0,0.13059845559844582,0.23090317207963285,0.13059845559844582,0.0,15.0,0.0,0.0,0.0,1.0,,,0.13059845559844582,,,,,0.13059845559844582,,,1,0.13059845559844582,0.1825741858350553,3.4880749227427232,0.8732149191236036,7.237792665568446e-13,0.5041181041181041,176786,True,-0.0549982138475058,16.0,1.0,0.13059845559844582,0.0,,0.0,,0.0,,0.0,,-0.4000423076923079,1.0,,0.0,True
9.0,i030+i032+i049+i064,Keltner Channels + Price Channel + TRIX + ATR,True,1,31,6,3,3,0.6666666666666666,1.186029479410966,0.5992430147397054,0.005649148132841297,0.0,0.5811373165384192,1.860046019056674,0.6757049084138883,0.09685621942306985,0.19767157990182768,0.31421055623807687,-0.33785245420694415,7.166666666666667,0.5,0.16666666666666666,0.0,0.3333333333333333,,,-0.40002909383890356,0.27991678554937965,0.34850432692677413,-0.2756758145749847,,-0.2756758145749847,0.2101309566245063,0.1616705436222244,2,-0.40002909383890356,0.1289043164449902,2.462713507764314,0.8732149191236036,2.232142231948935e-05,0.5041181041181041,176786,True,-0.10081856338522051,161.0,0.0,,0.0,,0.0,,1.0,-0.2756758145749847,0.0,,-0.08739614656708382,27.0,-0.19294049596108215,3.0,True
10.0,i035+i049+i101+i010,52-Week High/Low + TRIX + Median Price + Adaptive MA,False,1,28,3,2,1,0.6666666666666666,0.6000000000000005,0.30060000000000003,0.018253221351528414,0.0,0.2811467786484721,1.696874647335047,0.40343952778827513,0.09371559288282402,0.20000000000000018,0.3422931532183736,-0.40343952778827513,2.3333333333333335,0.6666666666666666,0.3333333333333333,0.0,0.0,,,,0.3488247593515506,-0.40343952778827513,,0.33576154708519657,,,0.09371559288282402,2,-0.40343952778827513,0.06580670725567367,1.2572353768246365,0.8732149191236036,2.74401796294041e-06,0.5041181041181041,176786,True,-0.0549982138475058,16.0,0.0,,1.0,0.3488247593515506,0.0,,0.0,,0.0,,-0.214838250921632,4.0,,0.0,True
11.0,i030+i035+i032+i049,Keltner Channels + 52-Week High/Low + Price Channel + TRIX,False,1,31,3,0,3,0.6666666666666666,0.6000000000000005,0.29969999999999997,0.020902205882825375,0.0,0.2793977941171752,1.6804316385667624,0.4106184637529335,0.0931325980390584,0.20000000000000018,0.34500812893505434,-0.4106184637529335,8.666666666666666,0.6666666666666666,0.3333333333333333,0.0,0.0,,,,0.34955259322080084,,,-0.03507739955181284,,,0.0931325980390584,1,-0.03507739955181284,0.07764761388483994,1.483455580337124,0.8732149191236036,7.352316577170744e-06,0.5041181041181041,176786,True,,,,,,,,,,,,,,,,,
12.0,i035+i032+i049+i010,52-Week High/Low + Price Channel + TRIX + Adaptive MA,True,1,28,3,2,1,0.6666666666666666,0.6000000000000005,0.30060000000000003,0.020544629405614304,0.0,0.27885537059438625,1.6911949657563783,0.40343952778827513,0.09295179019812874,0.20000000000000018,0.34114744919133067,-0.40343952778827513,7.0,0.6666666666666666,0.3333333333333333,0.0,0.0,,,,,-0.028453088245405173,,0.33576154708519657,,,0.09295179019812874,1,-0.028453088245405173,0.06543119068744356,1.2500611428620039,0.8732149191236036,2.771278706774384e-06,0.5041181041181041,176786,True,,,,,,,,,,,,,,,,,
13.0,i027+i030+i035+i049,Zig Zag + Keltner Channels + 52-Week High/Low + TRIX,True,2,61,15,7,8,0.6,2.721726615521314,1.500465754001637,0.04286735357835567,0.0,1.1783935079413208,1.7150284296086717,0.9210082110841301,0.07855956719608806,0.18144844103475424,0.3140478652780778,-0.2746728799268966,7.333333333333333,0.4666666666666667,0.13333333333333333,0.0,0.4,-0.03818255382666157,0.21286432140429173,0.3497703860431667,-0.010481743507302091,0.31379271701844896,0.04184573026092595,-0.29399068110742743,,-0.021653858108936063,0.16624631433798415,3,-0.29399068110742743,0.14850024718237845,2.837093238832315,0.8732149191236036,4.564721305512608e-09,0.5041181041181041,176786,True,,,,,,,,,,,,,,,,,
14.0,i027+i049+i101+i097,Zig Zag + TRIX + Median Price + Standard Error,True,2,62,25,11,14,0.72,4.3252839918028645,2.500159858024547,0.05392130822088726,0.0,1.77120282555743,1.6279718535161358,1.1545529383049387,0.0708481130222972,0.17301135967211456,0.2550953279841949,-0.4029304397368683,9.64,0.44,0.28,0.0,0.28,-0.06634562518475488,0.1753506718164896,0.2348767007542512,0.20117870385929645,0.05761084076508383,-0.07479754287000726,0.004046310706704321,0.3490857883344674,-0.09049437908479993,0.1662186305764973,4,-0.07479754287000726,0.14175042839582547,2.7081381319821953,0.8732149191236036,1.1290783365045953e-09,0.5041181041181041,176786,True,,,,,,,,,,,,,,,,,
15.0,i027+i032+i049+i069,Zig Zag + Price Channel + TRIX + O-H-L-C Volatility,True,1,30,3,3,0,0.6666666666666666,0.5236580663986801,0.30026182903319937,0.01453937050035621,0.0,0.20885686686512453,2.0948616179688035,0.190760972379868,0.06961895562170818,0.17455268879956004,0.19980891962249628,-0.190760972379868,13.666666666666666,0.3333333333333333,0.0,0.0,0.6666666666666666,,,,,,-0.190760972379868,0.19980891962249628,,0.34313974022957483,-0.06714143668222516,1,-0.190760972379868,0.09496087889773172,1.8142250439721719,0.8732149191236036,1.053594341945042e-06,0.5041181041181041,176786,True,,,,,,,,,,,,,,,,,
16.0,i020+i035+i049+i010,Parabolic SAR + 52-Week High/Low + TRIX + Adaptive MA,True,5,150,6,3,3,0.6666666666666666,0.9478775279443186,0.600623938763972,0.029751070525309026,0.0,0.3175025186550375,1.3948559337261608,0.8040971188120246,0.05291708644250625,0.15797958799071976,0.28039990936676557,-0.4020485594060123,6.333333333333333,0.5,0.3333333333333333,0.0,0.16666666666666666,,,,-0.4006575910237495,0.012838909277683311,,0.3398216909228685,,,0.05291708644250625,2,-0.4006575910237495,0.027003422580173513,0.5158996640150583,0.8732149191236036,3.234676012258868e-27,0.5041181041181041,176786,True,,,,,,,,,,,,,,,,,
17.0,i027+i049+i101+i063,Zig Zag + TRIX + Median Price + BB Width,True,1,31,10,4,6,0.7,1.5115366205095238,0.999810182951216,0.016278271740741635,0.0,0.49544816581756623,1.4092089975870827,1.2107460215659882,0.04954481658175663,0.15115366205095238,0.2437420267690792,-0.40358200718866266,9.6,0.4,0.3,0.0,0.3,-0.08680215611164874,0.1918375877978984,0.17750991158189108,0.27970749339361656,0.013458762666577776,-0.02592504844206448,-0.4075128352490535,,0.05063405051272653,0.04907800203991237,3,-0.4075128352490535,0.1294287947904599,2.4727336524851413,0.8732149191236036,2.5620592215773144e-05,0.5041181041181041,176786,True,,,,,,,,,,,,,,,,,
18.0,i027+i035+i033+i049,Zig Zag + 52-Week High/Low + MA Channel + TRIX,True,2,62,3,0,3,0.6666666666666666,0.46369083779753684,0.29976815458110123,0.022438889510645134,0.0,0.14148379370579048,1.344562668742827,0.4106184637529335,0.047161264568596824,0.15456361259917895,0.276051128729362,-0.4106184637529335,9.0,0.3333333333333333,0.3333333333333333,0.0,0.3333333333333333,,,,,0.21163859280941616,,-0.03507739955181284,,,0.047161264568596824,1,-0.03507739955181284,0.04524328932301162,0.8643718288442157,0.8732149191236036,8.851508583935407e-13,0.5041181041181041,176786,True,,,,,,,,,,,,,,,,,
19.0,i027+i049+i101,Zig Zag + TRIX + Median Price,True,1,31,18,9,9,0.6666666666666666,2.692151991063707,1.8002960759955315,0.04596535134815744,0.0,0.8458905637200179,1.3498866331288666,0.9233382356659211,0.04699392020666766,0.1495639995035393,0.271958651969741,-0.402935543319479,9.555555555555555,0.4444444444444444,0.3333333333333333,0.0,0.2222222222222222,-0.16219210711480542,0.20549788607980446,0.3496102790989715,0.1465472062830196,0.12383895791284291,-0.10107480547625713,0.004248072952309613,-0.0287091178432798,-0.12002289048722196,0.2833592591130822,4,-0.10107480547625713,0.08553120532686072,1.6340713833559861,0.8732149191236036,3.725966272714338e-06,0.5041181041181041,176786,True,,,,,,,,,,,,,,,,,
20.0,i035+i049+i010+i097,52-Week High/Low + TRIX + Adaptive MA + Standard Error,False,1,28,5,4,1,0.6,0.7499999999999951,0.5006749999999999,0.02408850009866896,0.0,0.22523649990132616,1.2794902681761129,0.805883157832886,0.045047299980265236,0.14999999999999902,0.3437065525780707,-0.402941578916443,4.6,0.6,0.4,0.0,0.0,,,,0.3488247593515506,-0.1531166021784737,,0.33576154708519657,,,0.045047299980265236,2,-0.1531166021784737,0.03550276423776877,0.6782793583846898,0.8732149191236036,2.1716814863517184e-06,0.5041181041181041,176786,True,,,,,,,,,,,,,,,,,
21.0,i031+i035+i032+i049,Donchian Channels + 52-Week High/Low + Price Channel + TRIX,False,1,28,5,4,1,0.6,0.7500000000000062,0.5006750000000001,0.03641470337435871,0.0,0.21291029662564748,1.2642706412135736,0.8056524767485668,0.0425820593251295,0.15000000000000124,0.3395209244580714,-0.4028262383742834,4.8,0.6,0.4,0.0,0.0,,,,,-0.028453088245405173,-0.40221294896029164,0.3360147110383747,,-0.40221294896029164,0.15378081139648478,1,-0.40221294896029164,0.03387574228409374,0.6471951476053361,0.8732149191236036,2.2309350432972966e-06,0.5041181041181041,176786,True,,,,,,,,,,,,,,,,,
22.0,i035+i032+i049,52-Week High/Low + Price Channel + TRIX,False,2,58,5,4,1,0.6,0.7500000000000062,0.5006750000000001,0.03641470337435871,0.0,0.21291029662564748,1.2642706412135736,0.8056524767485668,0.0425820593251295,0.15000000000000124,0.3395209244580714,-0.4028262383742834,4.8,0.6,0.4,0.0,0.0,,,,,-0.028453088245405173,-0.40221294896029164,0.3360147110383747,,-0.40221294896029164,0.15378081139648478,1,-0.40221294896029164,0.02375422027151844,0.45382374106954054,0.8732149191236036,7.073276985214727e-12,0.5041181041181041,176786,True,,,,,,,,,,,,,,,,,
23.0,i035+i032+i049+i097,52-Week High/Low + Price Channel + TRIX + Standard Error,False,2,58,5,4,1,0.6,0.7500000000000062,0.5006750000000001,0.03641470337435871,0.0,0.21291029662564748,1.2642706412135736,0.8056524767485668,0.0425820593251295,0.15000000000000124,0.3395209244580714,-0.4028262383742834,4.8,0.6,0.4,0.0,0.0,,,,,-0.028453088245405173,-0.40221294896029164,0.3360147110383747,,-0.40221294896029164,0.15378081139648478,1,-0.40221294896029164,0.02375422027151844,0.45382374106954054,0.8732149191236036,7.073276985214727e-12,0.5041181041181041,176786,True,,,,,,,,,,,,,,,,,
24.0,i030+i032+i049+i063,Keltner Channels + Price Channel + TRIX + BB Width,True,2,61,17,7,10,0.47058823529411764,2.403634546013922,1.6990873697693702,0.018877810626221493,0.0,0.6856693656183298,1.4244493044740318,0.6757049084138883,0.04033349209519587,0.14139026741258365,0.2876377816676149,-0.17949254308028767,11.470588235294118,0.35294117647058826,0.058823529411764705,0.0,0.5882352941176471,-0.08763947872168289,0.1711932574545764,-0.11719227209407049,0.17841868081491533,0.10731641711339654,-0.2756758145749847,0.34313974022957483,-0.06517625050684432,0.08253682411289041,0.1616705436222244,3,-0.2756758145749847,0.07811417590573742,1.492369235230631,0.8732149191236036,2.4346778492609115e-10,0.5041181041181041,176786,True,,,,,,,,,,,,,,,,,
25.0,i027+i049+i101+i069,Zig Zag + TRIX + Median Price + O-H-L-C Volatility,True,1,31,11,5,6,0.6363636363636364,1.4712870733169292,1.0997900581776199,0.022986529606173978,0.0,0.3485104855331356,1.2566949025447847,1.2107460215659882,0.03168277141210324,0.13375337030153903,0.2437420267690792,-0.33942092546260466,10.090909090909092,0.36363636363636365,0.2727272727272727,0.0,0.36363636363636365,-0.09383901204240552,0.16857045420331118,0.17750991158189108,0.27970749339361656,0.013458762666577776,-0.02592504844206448,-0.277225257766742,-0.14693768028443058,0.05063405051272653,0.04907800203991237,3,-0.277225257766742,0.08859884551013114,1.6926785667665172,0.8732149191236036,8.40567942256755e-06,0.5041181041181041,176786,True,,,,,,,,,,,,,,,,,
26.0,i027+i018+i035+i049,Zig Zag + SuperTrend + 52-Week High/Low + TRIX,True,3,89,8,4,4,0.5,1.064452519673853,0.8008622811830655,0.04034700055670602,0.0,0.22324323793408168,1.1954646794954076,0.4576674373900975,0.02790540474176021,0.13305656495923163,0.341339681643934,-0.2855288721604136,9.75,0.5,0.25,0.0,0.25,,,,-0.24622532028445976,-0.028453088245405173,0.34734840451346244,0.3357384853824044,0.33571542367961227,-0.2810085234632817,0.02808938961962519,2,-0.24622532028445976,0.022392754834505965,0.42781298041735005,0.8732149191236036,1.8526534840736514e-16,0.5041181041181041,176786,True,,,,,,,,,,,,,,,,,
27.0,i027+i018+i033+i049,Zig Zag + SuperTrend + MA Channel + TRIX,True,1,31,8,2,6,0.5,1.0305673890338873,0.7992730638990305,0.04413774195736806,0.0,0.18715658317748882,1.1792123743957532,0.42179718515020503,0.023394572897186102,0.12882092362923592,0.3078712610898716,-0.2610821152954994,12.25,0.375,0.125,0.0,0.5,,,-0.2217556875876731,-0.40077558844411937,0.21163859280941616,-0.24298859995529437,0.21025946658878988,-0.288506625329029,0.16685806723528393,0.276051128729362,2,-0.40077558844411937,0.03977509374944534,0.7599020990980782,0.8732149191236036,2.339517640739625e-06,0.5041181041181041,176786,True,,,,,,,,,,,,,,,,,
28.0,i049+i010+i101+i069,TRIX + Adaptive MA + Median Price + O-H-L-C Volatility,True,1,31,24,7,17,0.5416666666666666,2.7706801929640257,2.3999937353556975,0.0694830310674521,0.0,0.3012034265408763,1.0917132643438392,1.6630414880023334,0.01255014277253651,0.11544500804016773,0.2757991931727338,-0.2985623713367876,9.75,0.375,0.25,0.0,0.375,-0.11168489200882913,0.15525039873405969,-0.383497040980967,0.11187238455987647,0.0977415549722248,-0.4012412231620859,0.0761427064061812,,-0.19856265527132805,0.11810654179446878,3,-0.4012412231620859,0.03218380944610257,0.6148708161223868,0.8732149191236036,2.346298551621266e-06,0.5041181041181041,176786,True,,,,,,,,,,,,,,,,,
29.0,i018+i049+i101+i063,SuperTrend + TRIX + Median Price + BB Width,True,1,31,11,4,7,0.5454545454545454,1.2043200733959702,1.0991898712026424,0.041741117706610105,0.0,0.0633890844867175,1.048178172085488,1.206332422740914,0.005762644044247044,0.1094836430359973,0.22985185970928376,-0.2631444147537971,9.0,0.2727272727272727,0.18181818181818182,0.0,0.5454545454545454,-0.1524615658004431,0.11812079320067986,-0.40002909383890356,0.2101309566245063,0.28479014918563067,-0.2756758145749847,-0.1525493901166058,-0.2756758145749847,0.02907751783067223,0.03511373292504471,2,-0.40002909383890356,0.014960202318891802,0.28581426398816084,0.8732149191236036,1.2789216163397002e-06,0.5041181041181041,176786,True,,,,,,,,,,,,,,,,,
30.0,i018+i035+i049+i068,SuperTrend + 52-Week High/Low + TRIX + Non-Directional Close-to-Close Volatility,False,1,31,7,2,5,0.5714285714285714,0.7636908377975371,0.6990181545811014,0.02516188361212778,0.0,0.03951079960430818,1.0326323654083214,0.4099204934541795,0.005644399943472597,0.10909869111393386,0.31257411119335393,-0.40359521505636914,7.857142857142857,0.42857142857142855,0.42857142857142855,0.0,0.14285714285714285,,,-0.400397801075198,-0.0254573787094645,0.21163859280941616,0.34864159409389084,-0.03472841440243586,,-0.03063944968014433,0.020157939792919376,2,-0.400397801075198,0.0073868541136238,0.14112564968504382,0.8732149191236036,1.0978388668913657e-06,0.5041181041181041,176786,True,,,,,,,,,,,,,,,,,
31.0,i035+i032+i049+i068,52-Week High/Low + Price Channel + TRIX + Non-Directional Close-to-Close Volatility,True,1,31,4,0,4,0.5,0.4428421496871504,0.39977857892515645,0.022664280733460135,0.0,0.020399290028533853,1.038365951063104,0.5317029674301901,0.005099822507133463,0.1107105374217876,0.276051128729362,-0.26585148371509504,10.5,0.25,0.25,0.0,0.5,,,-0.12108450367725665,,0.21163859280941616,,-0.03507739955181284,-0.12108450367725665,,0.047161264568596824,1,-0.12108450367725665,0.008737550053780496,0.16693065938870136,0.8732149191236036,8.61991201235793e-07,0.5041181041181041,176786,True,,,,,,,,,,,,,,,,,
32.0,i020+i049+i101+i069,Parabolic SAR + TRIX + Median Price + O-H-L-C Volatility,True,1,31,16,4,12,0.5,1.713825924454615,1.5998199566756073,0.04296403389082691,0.0006439999999996449,0.07168593388818074,1.0359188393747631,0.7156935389918506,0.0044803708680112965,0.10711412027841344,0.25843265931469867,-0.2494719175786761,10.3125,0.3125,0.25,0.0,0.4375,-0.11169630209100412,0.13638759596154787,-0.04854472240101648,0.09965019697766567,0.09255275708305116,-0.4012788337271322,0.052404667449056336,-0.07054749664362485,-0.19722853053860911,0.11283760832248513,3,-0.4012788337271322,0.013015962574891049,0.2486696158341465,0.8732149191236036,1.2238894476850074e-06,0.5041181041181041,176786,True,,,,,,,,,,,,,,,,,
33.0,i027+i024+i035+i049,Zig Zag + Williams Fractal + 52-Week High/Low + TRIX,True,1,31,7,4,3,0.5714285714285714,0.7376339857531389,0.7005188169928767,0.0254655702339096,0.0,0.011649598526352646,1.0095409273254103,0.6333516801352526,0.0016642283609075207,0.10537628367901983,0.3081657080633135,-0.4070044112423004,7.428571428571429,0.42857142857142855,0.42857142857142855,0.0,0.14285714285714285,,,0.34954891677876104,0.34918470387794526,-0.10858774854926424,0.3486861833499876,-0.40929735419090635,,0.041636228555632135,-0.028314771785135917,3,-0.40929735419090635,0.002621756341531649,0.05008858457514963,0.8732149191236036,9.438911270975657e-07,0.5041181041181041,176786,True,,,,,,,,,,,,,,,,,
34.0,i027+i031+i035+i049,Zig Zag + Donchian Channels + 52-Week High/Low + TRIX,True,1,31,7,4,3,0.5714285714285714,0.7376339857531389,0.7005188169928767,0.0254655702339096,0.0,0.011649598526352646,1.0095409273254103,0.6333516801352526,0.0016642283609075207,0.10537628367901983,0.3081657080633135,-0.4070044112423004,7.428571428571429,0.42857142857142855,0.42857142857142855,0.0,0.14285714285714285,,,0.34954891677876104,0.34918470387794526,-0.10858774854926424,0.3486861833499876,-0.40929735419090635,,0.041636228555632135,-0.028314771785135917,3,-0.40929735419090635,0.002621756341531649,0.05008858457514963,0.8732149191236036,9.438911270975657e-07,0.5041181041181041,176786,True,,,,,,,,,,,,,,,,,
,i027+i049+i099+i042,Zig Zag + TRIX + Average Price + Connors RSI,True,1,31,2,0,2,0.5,0.19221979548643686,0.19990389010225681,0.002433000162437086,0.0,-0.01011709477825697,0.9543772929194563,0.2217556875876731,-0.005058547389128485,0.09610989774321843,0.21163859280941616,-0.2217556875876731,15.0,0.0,0.0,0.0,1.0,,,-0.2217556875876731,,0.21163859280941616,,,-0.2217556875876731,,0.21163859280941616,1,-0.2217556875876731,-0.005831441262786782,-0.11140952889446344,0.8732149191236036,7.248039407497456e-07,0.5041181041181041,176786,False,,,,,,,,,,,,,,,,,
,i031+i049+i052+i097,Donchian Channels + TRIX + Williams %R + Standard Error,True,1,30,19,8,11,0.47368421052631576,1.8344751998627284,1.8996261694862213,0.04654532439011662,0.006285999999999488,-0.10541029401361009,0.9615022918066578,0.9267068478919166,-0.005547910211242636,0.09655132630856465,0.29252026803226655,-0.2738092706304009,11.105263157894736,0.3684210526315789,0.2631578947368421,0.0,0.3684210526315789,-0.13682099389035204,0.12379742195441298,0.23267436808123387,-0.3215235298054975,0.03198602077439222,-0.026504286449358126,0.09197551987236713,-0.23294839946873513,-0.1843007434718599,0.2092822342995128,3,-0.3215235298054975,-0.013904703970742298,-0.2656489963609904,0.8732149191236036,9.305982728691557e-07,0.5041181041181041,176786,False,,,,,,,,,,,,,,,,,
,i027+i049+i043+i052,Zig Zag + TRIX + Awesome Oscillator + Williams %R,False,1,30,17,8,9,0.47058823529411764,1.5938728331403973,1.6998141897891186,0.05375415007934709,0.006285999999999488,-0.15340950672806858,0.939530594613675,1.3761483264008656,-0.009024088631062858,0.09375722547884689,0.29794596985612243,-0.2818863628418942,10.529411764705882,0.35294117647058826,0.29411764705882354,0.0,0.35294117647058826,-0.18358033961009143,0.12962229260996241,-0.06450037609605141,-0.02585831065072869,-0.015782236512749126,-0.11478310337023392,0.15390854752108885,0.10454865054896842,-0.10573757415381572,0.037646728764585705,1,-0.11478310337023392,-0.02109031513989158,-0.4029299049902825,0.8732149191236036,8.271451529793812e-07,0.5041181041181041,176786,False,,,,,,,,,,,,,,,,,
,i027+i059+i049+i101,Zig Zag + Bollinger Bands + TRIX + Median Price,True,1,31,12,6,6,0.5833333333333334,1.1192314426055727,1.1991568317499484,0.03215733434024949,0.0,-0.11208272348462522,0.9265028094745632,0.6241162570017229,-0.009340226957052103,0.09326928688379774,0.2018443687821276,-0.30499866099190376,12.416666666666666,0.25,0.25,0.0,0.5,-0.12976055798988342,0.14002203260136833,0.17750991158189108,0.2101309566245063,0.013458762666577776,0.0015100773424568553,-0.24071334110000578,-0.2738727214754211,0.008053321660540305,0.0790792222327031,4,-0.24071334110000578,-0.024446680963511914,-0.46705318401450124,0.8732149191236036,4.0067498658773433e-07,0.5041181041181041,176786,False,,,,,,,,,,,,,,,,,
,i043+i049+i010+i063,Awesome Oscillator + TRIX + Adaptive MA + BB Width,True,2,61,17,5,12,0.5294117647058824,1.4805846947837709,1.7005041575485598,0.043585524155234805,0.0,-0.26350498692002416,0.8946222203185535,1.5313323703767474,-0.015500293348236716,0.08709321734022182,0.24856327731417566,-0.3125718103434506,9.705882352941176,0.35294117647058826,0.29411764705882354,0.0,0.35294117647058826,-0.16436317459431724,0.12601803375330856,-0.14402052318081845,0.028481969557757905,0.22153201235867126,-0.4011742662945822,0.04258574999337742,-0.0037323485382357376,-0.23099922599269623,0.1624885375984423,3,-0.4011742662945822,-0.02554195847723672,-0.48797843153289355,0.8732149191236036,1.592895954057475e-12,0.5041181041181041,176786,False,,,,,,,,,,,,,,,,,
,i018+i032+i049+i068,SuperTrend + Price Channel + TRIX + Non-Directional Close-to-Close Volatility,True,1,30,15,8,7,0.4,1.2844409549279345,1.4995346550981834,0.058378950175248995,0.0,-0.27347265034549795,0.7804230072442268,0.9261488311232666,-0.018231510023033196,0.08562939699519563,0.1619965928603046,-0.13838357861192505,14.533333333333333,0.13333333333333333,0.0,0.0,0.8666666666666667,-0.11451203722141741,0.0852375988354257,0.010933837802982908,-0.2618423680342535,-0.05259874039695844,0.03564450289921628,-0.01636246530462828,0.03669681855179052,-0.05901452400099512,-0.11724871220106577,2,-0.2618423680342535,-0.057802534215000374,-1.1043158655981744,0.8732149191236036,1.6267314265302913e-07,0.5041181041181041,176786,False,,,,,,,,,,,,,,,,,
,i061+i032+i049+i064,Standard Error Bands + Price Channel + TRIX + ATR,True,1,28,17,6,11,0.47058823529411764,1.390296668541613,1.700801747391599,0.0425333563272514,0.0,-0.3530384351772374,0.8678328541258752,1.4264346964456207,-0.02076696677513161,0.08178215697303606,0.28976410021347837,-0.29679458187611824,7.470588235294118,0.35294117647058826,0.35294117647058826,0.0,0.29411764705882354,-0.15000745645474986,0.12329453916950625,0.030246862453870572,-0.10110821558582124,0.04583976950247324,-0.11433964242620814,0.33576154708519657,,-0.008162082131072008,-0.02346801348457294,3,-0.11433964242620814,-0.05345457716788615,-1.021248262848993,0.8732149191236036,8.409580232332023e-07,0.5041181041181041,176786,False,,,,,,,,,,,,,,,,,
,i027+i018+i035+i049,Zig Zag + SuperTrend + 52-Week High/Low + TRIX,False,6,166,19,10,9,0.47368421052631576,1.5937551718173792,1.9005132416713397,0.09342986771000669,0.0,-0.40018793756396687,0.8810742742552327,0.8651162282237618,-0.021062523029682468,0.08388185114828312,0.3294262443094508,-0.33650241363490235,7.947368421052632,0.42105263157894735,0.3684210526315789,0.0,0.21052631578947367,-0.18716653554900706,0.13499416108445858,-0.02542444214821847,-0.0973728142438585,-0.061921527256620694,0.16984476746827495,-0.036949331611739675,0.33571542367961227,-0.18755272899115,0.015527714131705448,1,-0.0973728142438585,-0.019606820708064687,-0.3745877836656461,0.8732149191236036,1.5328677098727117e-30,0.5041181041181041,176786,False,,,,,,,,,,,,,,,,,
,i024+i049+i101+i063,Williams Fractal + TRIX + Median Price + BB Width,True,2,62,37,14,23,0.4864864864864865,2.995395469110007,3.6994619337470604,0.09660996397965385,0.0,-0.8006764286167067,0.855888070727411,2.879054850790098,-0.02163990347612721,0.08095663430027046,0.2641809996903466,-0.2924176012127866,9.108108108108109,0.32432432432432434,0.2972972972972973,0.0,0.3783783783783784,-0.12381047931289976,0.06978160664499032,0.0004258055138822313,0.1152125224122171,0.11341386912515403,-0.2258736825936599,-0.1275099200521063,-0.17731680769544061,-0.1488714442998793,0.08207111891234138,3,-0.2258736825936599,-0.05705866534231959,-1.0901042707402306,0.8732149191236036,7.055986849646522e-14,0.5041181041181041,176786,False,,,,,,,,,,,,,,,,,
,i049+i099+i042+i097,TRIX + Average Price + Connors RSI + Standard Error,True,1,31,4,1,3,0.5,0.32270306034913876,0.3998484808281165,0.0129412738965513,0.0,-0.09008669437552909,0.720019501079712,0.2217556875876731,-0.022521673593882272,0.08067576508728469,0.11583695469564856,-0.16088030188341312,15.0,0.0,0.0,0.0,1.0,,,-0.2217556875876731,0.020035316581880975,0.21163859280941616,,-0.10000491617915307,-0.10057509572831509,,0.21163859280941616,2,-0.2217556875876731,-0.05158135890682221,-0.9854604782213026,0.8732149191236036,2.601634943103568e-07,0.5041181041181041,176786,False,,,,,,,,,,,,,,,,,
,i027+i101+i049+i064,Zig Zag + Median Price + TRIX + ATR,True,1,15,2,0,2,0.5,0.15643234188025268,0.19992178382905987,0.005171414650302693,0.0,-0.048660856599109896,0.8018228438408905,0.24554220850783537,-0.024330428299554948,0.07821617094012634,0.19688135190872547,-0.24554220850783537,15.0,0.0,0.0,0.0,1.0,,,,,0.19688135190872547,-0.24554220850783537,,,-0.24554220850783537,0.19688135190872547,1,-0.24554220850783537,-0.03859797294156089,-0.7374132376402497,0.8732149191236036,0.0002707931271567246,0.5041181041181041,176786,False,,,,,,,,,,,,,,,,,
,i018+i032+i049+i097,SuperTrend + Price Channel + TRIX + Standard Error,True,1,30,15,9,6,0.4,1.1454040173001334,1.4993041735669974,0.06672716469060794,0.0,-0.42062732095747185,0.6979568839085984,0.8725413198959184,-0.028041821397164792,0.07636026782000889,0.1619965928603046,-0.15473409756881104,14.2,0.13333333333333333,0.06666666666666667,0.0,0.8,-0.14882147967220782,0.08199588180912291,0.010933837802982908,,-0.05259874039695844,0.03564450289921628,-0.08180156086156148,-0.01901491359796173,-0.02520988332878539,-0.11724871220106577,2,-0.08180156086156148,-0.08904413790176795,-1.7011858659635664,0.8732149191236036,6.875847261157727e-08,0.5041181041181041,176786,False,,,,,,,,,,,,,,,,,
,i020+i035+i010+i049,Parabolic SAR + 52-Week High/Low + Adaptive MA + TRIX,False,2,62,2,1,1,0.5,0.15000000000000568,0.20037500000000003,0.008714258337282298,0.0,-0.05908925833727663,0.8526245790717499,0.40094377994037633,-0.029544629168638314,0.07500000000000284,0.34185452160309965,-0.40094377994037633,1.5,0.5,0.5,0.0,0.0,,,,-0.40094377994037633,,,0.34185452160309965,,,-0.029544629168638314,1,-0.40094377994037633,-0.014128631868734651,-0.269927132845166,0.8732149191236036,1.3913351630830382e-12,0.5041181041181041,176786,False,,,,,,,,,,,,,,,,,
,i020+i035+i010+i049,Parabolic SAR + 52-Week High/Low + Adaptive MA + TRIX,True,2,62,2,1,1,0.5,0.15000000000000568,0.20037500000000003,0.008714258337282298,0.0,-0.05908925833727663,0.8526245790717499,0.40094377994037633,-0.029544629168638314,0.07500000000000284,0.34185452160309965,-0.40094377994037633,1.5,0.5,0.5,0.0,0.0,,,,-0.40094377994037633,,,0.34185452160309965,,,-0.029544629168638314,1,-0.40094377994037633,-0.014128631868734651,-0.269927132845166,0.8732149191236036,1.3913351630830382e-12,0.5041181041181041,176786,False,,,,,,,,,,,,,,,,,
,i027+i032+i049+i042,Zig Zag + Price Channel + TRIX + Connors RSI,False,2,59,20,12,8,0.45,1.5058455016606298,2.000716251842607,0.09931397014339574,0.0,-0.594184720325373,0.8288064885110783,2.476481126348746,-0.02970923601626865,0.07529227508303149,0.319627996344734,-0.31553060794799803,8.75,0.35,0.35,0.0,0.3,-0.16669216035439494,0.11534514494237326,0.3499336106995186,-0.160242351059163,0.17477908750140825,-0.08146558922991516,-0.1381879312632914,-0.1541576309148408,0.05358564191198013,-0.02977509228210875,2,-0.160242351059163,-0.05242670947226988,-1.0016108780972648,0.8732149191236036,3.501130495149654e-13,0.5041181041181041,176786,False,,,,,,,,,,,,,,,,,
,i031+i049+i052+i068,Donchian Channels + TRIX + Williams %R + Non-Directional Close-to-Close Volatility,True,1,30,23,8,15,0.43478260869565216,1.6734807150569075,2.2995364554862325,0.06494021438299888,0.00013399999999994146,-0.690861954812324,0.8023279249261377,1.5120515199735995,-0.030037476296187998,0.07276003108943076,0.280412819265376,-0.26884539595892953,11.695652173913043,0.30434782608695654,0.2608695652173913,0.0,0.43478260869565216,-0.16344643096740144,0.09576923267201765,0.042738793082183424,-0.3215235298054975,0.0243174441921648,-0.026504286449358126,0.007709699745542687,-0.1776003151431149,-0.18860002158115619,0.2092822342995128,3,-0.3215235298054975,-0.07921180508717382,-1.5133394112975687,0.8732149191236036,1.2384357725937598e-07,0.5041181041181041,176786,False,,,,,,,,,,,,,,,,,
,i020+i035+i049+i010,Parabolic SAR + 52-Week High/Low + TRIX + Adaptive MA,False,4,119,4,2,2,0.5,0.30000000000001137,0.40075000000000005,0.02105222042937464,0.0,-0.1218022204293632,0.848522998553565,0.8040971188120246,-0.0304505551073408,0.07500000000000284,0.34114744919133067,-0.4020485594060123,5.5,0.5,0.5,0.0,0.0,,,,-0.4006575910237495,-0.028453088245405173,,0.33576154708519657,,,-0.0304505551073408,1,-0.4006575910237495,-0.012519749392562387,-0.2391894762969029,0.8732149191236036,1.8810919703644758e-21,0.5041181041181041,176786,False,,,,,,,,,,,,,,,,,
,i020+i035+i101+i049,Parabolic SAR + 52-Week High/Low + Median Price + TRIX,False,2,61,4,3,1,0.5,0.2843120941231958,0.40044215604706157,0.0118755564003197,0.0,-0.12800561832418544,0.7868202415986563,0.6004585955257309,-0.03200140458104636,0.07107802353079895,0.23622648860077275,-0.3002292977628655,8.25,0.25,0.25,0.0,0.5,,,0.13059845559844582,-0.40094377994037633,-0.19951481558535467,,0.34185452160309965,-0.03445817999345442,,-0.029544629168638314,2,-0.40094377994037633,-0.03654748128742807,-0.6982386495934182,0.8732149191236036,4.253814670035726e-15,0.5041181041181041,176786,False,,,,,,,,,,,,,,,,,
,i027+i059+i049+i101,Zig Zag + Bollinger Bands + TRIX + Median Price,False,1,31,28,11,17,0.5357142857142857,1.931457345084131,2.799521411816714,0.07415197357931173,0.0,-0.9422160403118949,0.7763789371080619,1.501500084867407,-0.033650572868281964,0.0689806194672904,0.21808222607873975,-0.32411149473023004,10.928571428571429,0.25,0.32142857142857145,0.0,0.42857142857142855,-0.15396599073405176,0.08165433192536982,0.19302439649876935,0.2062737024192699,-0.07726471105100662,-0.11144057824053658,-0.1706654472120918,-0.07641875586193647,-0.08406219999481906,0.08951220339822982,2,-0.1706654472120918,-0.09859496393888746,-1.8836541411974597,0.8732149191236036,8.261875679443181e-08,0.5041181041181041,176786,False,,,,,,,,,,,,,,,,,
,i027+i035+i049+i101,Zig Zag + 52-Week High/Low + TRIX + Median Price,True,1,28,2,1,1,0.5,0.15000000000000568,0.20037500000000003,0.017302980703084198,0.0,-0.06767798070307852,0.8322475215205093,0.40343952778827513,-0.03383899035153926,0.07500000000000284,0.33576154708519657,-0.40343952778827513,3.0,0.5,0.5,0.0,0.0,,,,,-0.40343952778827513,,0.33576154708519657,,,-0.03383899035153926,1,-0.40343952778827513,-0.02393536147998303,-0.4572844389980608,0.8732149191236036,1.2338762396008403e-06,0.5041181041181041,176786,False,,,,,,,,,,,,,,,,,
,i035+i032+i049+i068,52-Week High/Low + Price Channel + TRIX + Non-Directional Close-to-Close Volatility,False,3,89,10,5,5,0.5,0.7310423412494105,1.0003844788293752,0.0714011609635185,0.0,-0.3407432985434834,0.7751536322017707,0.8056524767485668,-0.034074329854348336,0.07310423412494105,0.23494122506921233,-0.303089884777909,8.5,0.3,0.3,0.0,0.4,-0.3333692224826491,0.18413050296965316,0.12204521476148084,,-0.028453088245405173,-0.16503700315618164,0.022307168163597773,-0.16810514372163438,-0.16503700315618164,0.053745475774449325,2,-0.16503700315618164,-0.028009732163310947,-0.5351251816061843,0.8732149191236036,5.764936272772513e-16,0.5041181041181041,176786,False,,,,,,,,,,,,,,,,,
,i035+i032+i049+i052,52-Week High/Low + Price Channel + TRIX + Williams %R,True,1,31,4,0,4,0.5,0.28104234124941563,0.3998594788293753,0.020140851888447203,0.0,-0.13895798946840685,0.5291177302339032,0.29510134144025435,-0.03473949736710171,0.07026058531235391,0.07807167598592372,-0.14755067072012717,15.0,0.0,0.0,0.0,1.0,,,0.12204521476148084,,,-0.046449030254126646,-0.16810514372163438,-0.16810514372163438,-0.046449030254126646,0.12204521476148084,1,-0.16810514372163438,-0.07374438744455965,-1.4088845439014028,0.8732149191236036,3.225973000910668e-09,0.5041181041181041,176786,False,,,,,,,,,,,,,,,,,
,i031+i049+i033+i052,Donchian Channels + TRIX + MA Channel + Williams %R,True,1,30,36,17,19,0.3888888888888889,2.3534170779993757,3.599329103554523,0.07969456094270005,0.00013399999999994146,-1.3254725864978474,0.7322524628857896,2.0348791151204213,-0.03681868295827354,0.06537269661109377,0.25892743600706514,-0.225020758663489,12.916666666666666,0.2222222222222222,0.16666666666666666,0.0,0.6111111111111112,-0.12877329790748604,0.05352614270719324,-0.11301373809284186,-0.14937336146537375,0.04351728614691051,0.009855977345040665,0.0633568170071061,-0.04164141575201421,-0.13988734886135926,0.16322516685171135,3,-0.14937336146537375,-0.14292633695507403,-2.7306038334623546,0.8732149191236036,8.782577157243492e-09,0.5041181041181041,176786,False,,,,,,,,,,,,,,,,,
,i027+i010+i049+i042,Zig Zag + Adaptive MA + TRIX + Connors RSI,True,1,31,4,3,1,0.5,0.24741112052620862,0.4001477420957971,0.004476240744055505,0.0,-0.15721286231364406,0.7011811638266997,0.5063466681536353,-0.039303215578411016,0.061852780131552154,0.18445071799569707,-0.2630571491525191,8.5,0.25,0.25,0.0,0.5,,,,-0.025664751480495154,,-0.052941679676326875,,-0.052941679676326875,,-0.025664751480495154,0,-0.052941679676326875,-0.05091389375748282,-0.9727085744482313,0.8732149191236036,1.4818543428101648e-07,0.5041181041181041,176786,False,,,,,,,,,,,,,,,,,
,i020+i049+i101+i097,Parabolic SAR + TRIX + Median Price + Standard Error,True,2,62,40,16,24,0.475,2.3098271774221857,3.9998543920900977,0.110802347839836,0.0,-1.8008295625077486,0.6942244549609902,3.215083960891949,-0.045020739062693715,0.05774567943555465,0.21518706876624802,-0.28044685090792676,11.025,0.225,0.275,0.0,0.5,-0.1348436448326804,0.04089586383906128,-0.15262160401466712,0.05502838044325756,-0.014411431983487336,-0.245104175389258,0.020843032505867148,-0.11995827728940789,-0.1103731515176796,0.03911448761416829,2,-0.245104175389258,-0.12121590226240027,-2.315826561051159,0.8732149191236036,1.134362348694239e-16,0.5041181041181041,176786,False,,,,,,,,,,,,,,,,,
,i027+i059+i032+i049,Zig Zag + Bollinger Bands + Price Channel + TRIX,True,2,60,9,6,3,0.4444444444444444,0.5398068572651571,0.8994662732180336,0.04600307514363028,0.0,-0.40566249109650687,0.6963607143197668,0.8052803303414994,-0.0450736101218341,0.05997853969612857,0.2325847110329055,-0.26720026704562577,13.11111111111111,0.2222222222222222,0.1111111111111111,0.0,0.6666666666666666,,,,0.1818906077734628,,-0.04858956347004915,-0.08835688169196446,-0.038426035502972,-0.19091864677892859,0.09910953288054482,1,-0.08835688169196446,-0.06096458236183443,-1.1647267106200518,0.8732149191236036,1.2820291706397917e-13,0.5041181041181041,176786,False,,,,,,,,,,,,,,,,,
,i018+i049+i043+i042,SuperTrend + TRIX + Awesome Oscillator + Connors RSI,True,1,31,7,2,5,0.2857142857142857,0.39516268444758085,0.6997562901964945,0.017336011279061397,0.0,-0.32192961702797507,0.6350576439674954,0.41077247716166326,-0.045989945289710725,0.05645181206394012,0.2801043243318879,-0.17642765313835018,12.857142857142858,0.14285714285714285,0.14285714285714285,0.0,0.7142857142857143,,,-0.14647976731620502,,0.08985605311397175,0.34857005585435974,-0.41077247716166326,-0.22026236919861272,0.1737406334785299,0.21163859280941616,2,-0.41077247716166326,-0.08686331950968977,-1.6595213890843632,0.8732149191236036,4.6782568259006003e-08,0.5041181041181041,176786,False,,,,,,,,,,,,,,,,,
,i027+i030+i035+i049,Zig Zag + Keltner Channels + 52-Week High/Low + TRIX,False,1,31,9,6,3,0.4444444444444444,0.46616887048898104,0.9003830844352445,0.028451767309804622,0.0,-0.46266598125606817,0.727093660197781,0.6333516801352526,-0.051407331250674246,0.051796541165442335,0.3081657080633135,-0.3390657627018644,8.222222222222221,0.3333333333333333,0.4444444444444444,0.0,0.2222222222222222,,,0.34954891677876104,0.13851695605940573,-0.20644676170727183,0.3486861833499876,-0.40929735419090635,,0.013189473476940657,-0.10308477503276614,3,-0.40929735419090635,-0.11615938309763152,-2.2192218980516905,0.8732149191236036,5.773047783898928e-09,0.5041181041181041,176786,False,,,,,,,,,,,,,,,,,
,i020+i049+i042+i069,Parabolic SAR + TRIX + Connors RSI + O-H-L-C Volatility,True,4,107,45,20,25,0.3333333333333333,2.368428658995758,4.499780212950986,0.21248733546039997,0.0003909999999995861,-2.3434478894156276,0.6091547991625006,3.5023224147933103,-0.052076619764791734,0.05263174797768351,0.24349325092830973,-0.1998615551113425,12.222222222222221,0.2,0.17777777777777778,0.0,0.6222222222222222,-0.11554415894475627,0.0151828740514119,-0.028409959481867305,-0.03229557534161699,-0.08200462692117702,-0.05876021443590054,-0.037403875356485615,0.010050742327857763,-0.15691893953453329,-0.020492974211859076,0,-0.08200462692117702,-0.15029199765118792,-2.8713245834743946,0.8732149191236036,1.3571648181067854e-26,0.5041181041181041,176786,False,,,,,,,,,,,,,,,,,
,i024+i049+i052+i068,Williams Fractal + TRIX + Williams %R + Non-Directional Close-to-Close Volatility,True,1,30,27,9,18,0.4074074074074074,1.305389751075281,2.699378635149769,0.07482757614855852,0.00013399999999994146,-1.468682460223047,0.6582397142408927,1.77890338451717,-0.054395646674927675,0.04834776855834374,0.2571566209659407,-0.26858783067802466,11.555555555555555,0.2222222222222222,0.25925925925925924,0.0,0.5185185185185185,-0.1798548732102558,0.06945602238130341,-0.0664458789499172,-0.13650094098721527,0.0243174441921648,-0.026504286449358126,-0.09803473102040063,-0.18431953127396744,-0.15386065459950016,0.10966365000820237,1,-0.13650094098721527,-0.15191708843059012,-2.9023718992210705,0.8732149191236036,1.496065917557294e-08,0.5041181041181041,176786,False,,,,,,,,,,,,,,,,,
,i034+i049+i099+i097,Chande Kroll Stop + TRIX + Average Price + Standard Error,True,1,31,24,10,14,0.4166666666666667,1.1849284840104057,2.3989467744265034,0.10698725379272185,0.004058999999999313,-1.3169465442088202,0.6228395124843755,1.6549786526645853,-0.054872772675367505,0.04937202016710024,0.21747939424036936,-0.24941003475803664,12.75,0.16666666666666666,0.20833333333333334,0.0,0.625,-0.162173120238696,0.035832275343123186,-0.15216810074338916,-0.09894807776465908,-0.054211615549212236,-0.02759151536975472,0.006499526724932263,-0.06220089999180577,-0.31320956174046777,0.27418450522549237,1,-0.15216810074338916,-0.20606930462450093,-3.936948536947779,0.8732149191236036,2.2612963639893512e-10,0.5041181041181041,176786,False,,,,,,,,,,,,,,,,,
,i027+i061+i032+i049,Zig Zag + Standard Error Bands + Price Channel + TRIX,True,3,91,31,16,15,0.41935483870967744,1.4437380301978164,3.0984227783312597,0.08379769631531113,0.003216000000000026,-1.7352664444487549,0.6769757737218198,2.2933261822189808,-0.05597633691770176,0.046572194522510206,0.2797440440111512,-0.2984410564774289,11.064516129032258,0.2903225806451613,0.3225806451612903,0.0,0.3870967741935484,-0.15998793163247524,0.048206733829060454,-0.11280174902150214,-0.12844096542384617,0.01880613737774282,-0.12215185888796434,0.05191078631637588,-0.3140693248574203,-0.14240511259050662,0.07054719958667281,2,-0.12844096542384617,-0.1049746692581025,-2.005538240182551,0.8732149191236036,5.313152698893233e-22,0.5041181041181041,176786,False,,,,,,,,,,,,,,,,,
,i020+i049+i042+i052,Parabolic SAR + TRIX + Connors RSI + Williams %R,True,1,31,19,5,14,0.3684210526315789,0.8661211822609038,1.8993675076673262,0.0944641555769022,0.0,-1.1277104809833252,0.39669826182929757,1.1277104809833252,-0.0593531832096487,0.04558532538215283,0.10593154288627687,-0.15576927343227193,14.368421052631579,0.05263157894736842,0.05263157894736842,0.0,0.8947368421052632,-0.1306539022254592,0.00491437209053272,-0.1041774634733998,-0.1805298593743115,-0.03386813222829341,0.004465374617107797,-0.11193081156219685,-0.008061766421269346,-0.10994755787221201,-0.09517389269547229,1,-0.1805298593743115,-0.30866110318132,-5.8969620963039056,0.8732149191236036,3.7669245456531736e-10,0.5041181041181041,176786,False,,,,,,,,,,,,,,,,,
,i027+i034+i018+i049,Zig Zag + Chande Kroll Stop + SuperTrend + TRIX,True,2,61,42,21,21,0.40476190476190477,1.78487699907095,4.198948797662518,0.10718559664322241,0.0027840000000001197,-2.5184733952347904,0.6506803242299182,3.715287318238859,-0.05996365226749502,0.042497071406451196,0.2759516988293795,-0.28838609101336965,10.071428571428571,0.2857142857142857,0.2857142857142857,0.0,0.42857142857142855,-0.1479429563230938,0.03282271216372554,0.06415935789088184,0.008192974729664234,-0.04608452137845498,-0.10236060550636247,-0.1133097607295615,-0.22764673377841854,-0.003926225676780995,-0.06341145321796703,2,-0.1133097607295615,-0.15073658242065172,-2.879818363568811,0.8732149191236036,1.5330736151280025e-18,0.5041181041181041,176786,False,,,,,,,,,,,,,,,,,
,i020+i049+i042+i064,Parabolic SAR + TRIX + Connors RSI + ATR,True,4,107,49,22,27,0.30612244897959184,2.07601737292451,4.899971121214039,0.22027618146248418,0.0003909999999995861,-3.0438389297520128,0.5651002121479511,4.514127311619362,-0.062119161831673736,0.04236770148825531,0.26367362060463406,-0.20585127173004483,12.53061224489796,0.20408163265306123,0.1836734693877551,0.0,0.6122448979591837,-0.11966642933401977,0.003167874995786465,-0.028404684055685504,-0.09376046615210577,-0.06699171731589745,-0.08102028893503943,-0.03993705019294898,0.0006848225289203695,-0.10505993375812245,-0.07053150175209945,0,-0.09376046615210577,-0.18433928833348595,-3.5217971586255596,0.8732149191236036,1.4380187911214356e-28,0.5041181041181041,176786,False,,,,,,,,,,,,,,,,,
,i027+i034+i061+i049,Zig Zag + Chande Kroll Stop + Standard Error Bands + TRIX,True,3,91,118,59,59,0.3898305084745763,4.69327758100383,11.798065664841522,0.32241358590524644,-0.0014920000000001599,-7.428693669742939,0.6187700108077054,8.350610899772644,-0.06295503109951643,0.03977353882206636,0.26211798381594886,-0.27064056840661926,11.203389830508474,0.2542372881355932,0.2542372881355932,0.0,0.4915254237288136,-0.12347489774927178,-0.0031196162681878742,-0.18337900428118542,-0.007188872863376755,-0.0725085243110003,-0.03950612626979669,-0.10939355406061244,-0.09201745544651915,-0.0980313329496954,0.03332018907418139,0,-0.18337900428118542,-0.2153905369099335,-4.1150304297146505,0.8732149191236036,8.173651292899841e-20,0.5041181041181041,176786,False,,,,,,,,,,,,,,,,,
,i024+i049+i052+i069,Williams Fractal + TRIX + Williams %R + O-H-L-C Volatility,True,2,45,42,22,20,0.38095238095238093,1.7036557606908143,4.198925958245609,0.15522362337042173,0.006285999999999488,-2.6442078209252164,0.5936302798998595,3.736127554276024,-0.06295732906964802,0.04056323239740034,0.24141836719256868,-0.2502654498463967,12.238095238095237,0.21428571428571427,0.21428571428571427,0.0,0.5714285714285714,-0.13752679875963983,0.032049015718291704,-0.012574708759316596,-0.02342422699031869,0.03116090080047248,-0.050457196101433004,-0.195863783712715,-0.21233377987962035,-0.074306238765592,0.1379493715627474,1,-0.195863783712715,-0.1966036871447004,-3.756108168915706,0.8732149191236036,2.469903200621576e-14,0.5041181041181041,176786,False,,,,,,,,,,,,,,,,,
,i020+i049+i042+i068,Parabolic SAR + TRIX + Connors RSI + Non-Directional Close-to-Close Volatility,True,3,89,50,23,27,0.36,2.0195336098309036,4.99997724157317,0.18485722454842166,0.0003909999999995861,-3.1649098562906883,0.6209976270951564,4.156941335722429,-0.06329819712581376,0.04039067219661807,0.28809574985314923,-0.26095729230148046,10.9,0.28,0.28,0.0,0.44,-0.12544340815225652,0.001202627850479742,-0.03662172528153887,0.0022000541028937563,-0.14307878047683925,-0.12068844532190359,-0.0037759127905034663,-0.020630440693613788,-0.06267519341032834,-0.09145004021576267,1,-0.14307878047683925,-0.19689251539713618,-3.7616262249305414,0.8732149191236036,3.807545791548907e-24,0.5041181041181041,176786,False,,,,,,,,,,,,,,,,,
,i034+i035+i033+i049,Chande Kroll Stop + 52-Week High/Low + MA Channel + TRIX,False,1,31,7,1,6,0.42857142857142855,0.26812474275434983,0.699565937628623,0.0263894577361141,0.0,-0.45783065261038713,0.5240169604893518,0.8057200225741797,-0.06540437894434102,0.038303534679192834,0.16801090731188,-0.24046584363650678,11.0,0.14285714285714285,0.2857142857142857,0.0,0.5714285714285714,,,0.12204521476148084,-0.4011711584020805,-0.019000412724602754,0.08499710315184641,-0.41469560570072395,,-0.037299491077618686,-0.08648304484438277,2,-0.41469560570072395,-0.17954392604449756,-3.4301818907322223,0.8732149191236036,3.028273166089349e-17,0.5041181041181041,176786,False,,,,,,,,,,,,,,,,,
,i032+i049+i101+i063,Price Channel + TRIX + Median Price + BB Width,True,2,62,27,9,18,0.4074074074074074,0.9998573617459039,2.6997097028007415,0.06994627453283994,-0.0069460000000000355,-1.776744615587678,0.6182556210684251,3.5015739576812255,-0.06580535613287697,0.03703175413873718,0.261593980021293,-0.2908923997388688,9.777777777777779,0.25925925925925924,0.3333333333333333,0.0,0.4074074074074074,-0.1798463415167279,0.06167662662879131,-0.0681325120298768,-0.07118591616046245,0.042457691750044345,-0.36980340105482656,0.004817825043305327,-0.16335873524126143,-0.23930265092598862,0.034488055116205514,2,-0.36980340105482656,-0.12965904744796194,-2.477132623330085,0.8732149191236036,4.4089336907056644e-20,0.5041181041181041,176786,False,,,,,,,,,,,,,,,,,
,i020+i049+i042+i097,Parabolic SAR + TRIX + Connors RSI + Standard Error,True,6,166,75,29,46,0.3333333333333333,2.7416262691514204,7.4991012159938295,0.25892630453098187,-0.006800999999999335,-5.02320225137339,0.5322772831629639,6.252622940145167,-0.06697603001831187,0.036555016922018936,0.22865996034746322,-0.2147940252011994,12.493333333333334,0.17333333333333334,0.17333333333333334,0.0,0.6533333333333333,-0.11437793479367538,-0.019882545819383077,-0.04588908002228067,-0.0537072648589925,-0.09837486767107884,-0.07805841509553473,-0.045973367616073776,-0.04152333075628195,-0.11307286083277565,-0.05657563864686998,0,-0.09837486767107884,-0.19062441930380014,-3.6418744172119,0.8732149191236036,2.289127850378382e-49,0.5041181041181041,176786,False,,,,,,,,,,,,,,,,,
,i027+i030+i049+i068,Zig Zag + Keltner Channels + TRIX + Non-Directional Close-to-Close Volatility,True,1,30,74,33,41,0.35135135135135137,2.6161064361321262,7.3980325371898665,0.2156084637661198,0.0074190000000001755,-4.99011556482386,0.581693224291841,5.379167366631663,-0.06743399411924134,0.035352789677461166,0.2668924947557219,-0.24852750892651307,12.094594594594595,0.24324324324324326,0.21621621621621623,0.0,0.5405405405405406,-0.1421940436254127,0.002559199270120212,-0.18187725263154092,-0.07704533026753431,-0.008759801163409306,-0.00301867461029791,-0.07851135365896096,-0.10313487642465155,-0.01760808689701932,-0.1517014466906966,0,-0.18187725263154092,-0.3223249940819625,-6.1580103654205605,0.8732149191236036,8.86204364714835e-09,0.5041181041181041,176786,False,,,,,,,,,,,,,,,,,
,i020+i035+i032+i043,Parabolic SAR + 52-Week High/Low + Price Channel + Awesome Oscillator,True,1,31,34,29,5,0.35294117647058826,1.1647772013657076,3.4010890649204693,0.10435592583103143,0.0,-2.340667789385792,0.5656290046408063,3.0987698640848063,-0.06884317027605272,0.03425815298134434,0.2539974672284979,-0.24493806346035304,9.235294117647058,0.23529411764705882,0.29411764705882354,0.0,0.47058823529411764,-0.13045974477721498,0.027465588247073743,-0.09858426873069187,-0.21039669483173895,-0.012355623615842543,0.054330287786486624,-0.07386299930350716,-0.018339045393903776,-0.15102233988206565,-0.03551397916878934,1,-0.21039669483173895,-0.2629436799412849,-5.023531951693816,0.8732149191236036,7.141652160611113e-11,0.5041181041181041,176786,False,,,,,,,,,,,,,,,,,
,i034+i018+i035+i049,Chande Kroll Stop + SuperTrend + 52-Week High/Low + TRIX,False,4,122,15,4,11,0.4,0.4757871148541981,1.5002369813174476,0.050963732459911405,0.0,-1.075413598923161,0.6602045204542132,1.6169476979888304,-0.07169423992821074,0.03171914099027987,0.3482452249983189,-0.35165388321256386,6.0,0.4,0.4,0.0,0.2,-0.2083178520931359,0.0584939678798404,0.35005215200079687,-0.30053987953404576,0.09816978185352135,0.08283361585840465,-0.410841179058136,0.06391355796031126,-0.30803252013132615,-0.02791431544498052,3,-0.410841179058136,-0.09540984055373895,-1.8228024443665884,0.8732149191236036,2.4745306060817823e-28,0.5041181041181041,176786,False,,,,,,,,,,,,,,,,,
,i018+i049+i099+i063,SuperTrend + TRIX + Average Price + BB Width,True,1,30,15,7,8,0.4,0.43935742837725167,1.4998543681199392,0.018832777860132748,0.0,-1.0793297176028207,0.518395466770596,1.4281489687736078,-0.0719553145068547,0.02929049522515011,0.1936303869498574,-0.24901244881132945,13.4,0.2,0.06666666666666667,0.0,0.7333333333333333,-0.18149545200764836,-0.0012635099087082396,-0.037340796163394877,-0.04339507465921062,-0.2894626743030671,0.22780316635268846,-0.29415519095354803,-0.1132667360496584,0.01066752857875268,,1,-0.29415519095354803,-0.2957685384658782,-5.650649993264333,0.8732149191236036,1.4784810362138283e-17,0.5041181041181041,176786,False,,,,,,,,,,,,,,,,,
,i059+i032+i043+i049,Bollinger Bands + Price Channel + Awesome Oscillator + TRIX,True,1,30,23,13,10,0.34782608695652173,0.6907926931881692,2.2990760145460993,0.06884316436737617,0.0017290000000003136,-1.6753974857253064,0.43255300945400155,1.6753974857253064,-0.07284336894457855,0.030034464921224746,0.15964007135381114,-0.19683453710371968,13.608695652173912,0.08695652173913043,0.13043478260869565,0.0,0.782608695652174,-0.16098003267140967,0.010816137195744632,-0.014308788857103896,-0.0701799541365386,-0.04852331877365909,-0.053546189553081054,-0.1634098461116384,-0.02085625112590567,-0.17266859244098295,-0.07782218351370816,0,-0.1634098461116384,-0.29861840433466824,-5.705096604238612,0.8732149191236036,3.150195307362852e-11,0.5041181041181041,176786,False,,,,,,,,,,,,,,,,,
,i061+i032+i049+i063,Standard Error Bands + Price Channel + TRIX + BB Width,True,1,30,18,9,9,0.3888888888888889,0.5563282344214104,1.7993165607099748,0.0738871764216768,0.0,-1.3168755027102412,0.4669898746847808,1.3433488567005951,-0.07315975015056896,0.030907124134522804,0.16482332987641923,-0.2246035283495615,13.555555555555555,0.1111111111111111,0.16666666666666666,0.0,0.7222222222222222,-0.19035324196820574,0.028949086472849238,0.07502511280500725,0.1818906077734628,-0.16949365031847882,-0.11001867574293256,-0.08003722178011444,0.00909449743472691,-0.22537275485106173,-0.06796555134186875,2,-0.16949365031847882,-0.23005643206722481,-4.3952219632753575,0.8732149191236036,3.475234426938689e-11,0.5041181041181041,176786,False,,,,,,,,,,,,,,,,,
,i020+i035+i032+i049,Parabolic SAR + 52-Week High/Low + Price Channel + TRIX,True,7,212,9,6,3,0.4444444444444444,0.2843120941232069,0.9010421560470615,0.043067743397781556,0.0,-0.6597978053216362,0.6363840203834068,1.4726911593027434,-0.07331086725795959,0.03159023268035632,0.2886869688960517,-0.36290913618116866,6.333333333333333,0.3333333333333333,0.4444444444444444,0.0,0.2222222222222222,,,-0.13471531912022888,-0.40094377994037633,-0.08547366402538834,,0.08899920164512093,-0.03445817999345442,,-0.08441163504781818,1,-0.40094377994037633,-0.042102991865058746,-0.804376530149941,0.8732149191236036,1.5068016673248775e-38,0.5041181041181041,176786,False,,,,,,,,,,,,,,,,,
,i030+i033+i049+i042,Keltner Channels + MA Channel + TRIX + Connors RSI,True,1,31,31,8,23,0.2903225806451613,0.9694814125264628,3.0991431812928063,0.1434129620815954,0.0,-2.273074730847939,0.38626808767308357,2.273074730847939,-0.07332499131767545,0.031273593952466545,0.15895761140211362,-0.16834969243031642,13.225806451612904,0.0967741935483871,0.0967741935483871,0.0,0.8064516129032258,-0.1287592769337499,-0.026729211555859392,-0.06879325959132226,-0.205033578493732,-0.028176645897906014,-0.03271637222086042,-0.042976068713639515,-0.028273652607104346,-0.0988828396771327,-0.11722182157618805,0,-0.205033578493732,-0.47724247236994294,-9.117704632380242,0.8732149191236036,1.1841045844289158e-20,0.5041181041181041,176786,False,,,,,,,,,,,,,,,,,
,i043+i049+i101+i063,Awesome Oscillator + TRIX + Median Price + BB Width,True,1,31,16,6,10,0.4375,0.45728038812389293,1.6003329895032274,0.03727480688936946,0.0,-1.1803274082687036,0.6248741098119938,2.0078246813661718,-0.07377046301679398,0.02858002425774331,0.2808794357233569,-0.3496092731480225,7.625,0.3125,0.4375,0.0,0.25,-0.24705992052172732,0.09582529192985946,0.06498045303970656,-0.02555868602931279,0.02839100306332248,-0.40101005627767694,-0.031696465141046536,-0.16416467934882822,-0.4033506792925375,0.1294172607657378,2,-0.40101005627767694,-0.1406719236791537,-2.6875333283015634,0.8732149191236036,3.912629705626306e-09,0.5041181041181041,176786,False,,,,,,,,,,,,,,,,,
,i032+i049+i033+i063,Price Channel + TRIX + MA Channel + BB Width,True,1,31,24,8,16,0.4166666666666667,0.6901739274245866,2.3999067186529515,0.07342483497402924,-0.0069460000000000355,-1.7901036262023935,0.5726211069074147,2.991919905508037,-0.0745876510917664,0.028757246976024442,0.23984598595816228,-0.2991831061274297,10.458333333333334,0.25,0.3333333333333333,0.0,0.4166666666666667,-0.20556020446988918,0.0722364880245239,-0.014653786557504274,-0.1005407858602023,-0.011677717768611531,-0.4012605374778434,-0.04635636945768916,-0.005666896133653952,-0.21227906758183823,0.03178979436517737,0,-0.4012605374778434,-0.16563303094479656,-3.1644146130185558,0.8732149191236036,5.516292904502188e-10,0.5041181041181041,176786,False,,,,,,,,,,,,,,,,,
,i027+i020+i049+i033,Zig Zag + Parabolic SAR + TRIX + MA Channel,True,3,89,38,16,22,0.4473684210526316,1.1359252805845044,3.802162244185085,0.16938299506906,0.0,-2.8356199586696387,0.624060161750699,3.3696556265606503,-0.07462157785972734,0.02989277054169748,0.27688996233008867,-0.3591785389657689,8.5,0.3157894736842105,0.4473684210526316,0.0,0.23684210526315788,-0.17665220919517122,0.017338171052327333,,0.06794673897218935,-0.08850638161978847,-0.23151117747114155,-0.005835120922893763,-0.4051744854721689,0.017273399176389655,-0.07171321976068118,1,-0.23151117747114155,-0.1601961298147392,-3.0605427627761688,0.8732149191236036,4.58207915058417e-22,0.5041181041181041,176786,False,,,,,,,,,,,,,,,,,
,i020+i049+i052+i068,Parabolic SAR + TRIX + Williams %R + Non-Directional Close-to-Close Volatility,True,1,30,27,8,19,0.4074074074074074,0.7295460909687912,2.6988524166140757,0.06655645178894377,0.00340300000000013,-2.032459777434228,0.5223782248886124,3.306400246522011,-0.07527628805311955,0.02702022559143671,0.2020832051291082,-0.26596093961590117,12.703703703703704,0.14814814814814814,0.2222222222222222,0.0,0.6296296296296297,-0.1885931753648444,0.04448934307372495,0.016928856403790184,-0.12737422054413877,-0.029663287568803355,-0.15580075480298522,-0.14258158498306084,-0.2183124003958165,-0.13848274897166593,0.13983624647747386,1,-0.15580075480298522,-0.20287076053606382,-3.875840437940595,0.8732149191236036,8.235222631029759e-11,0.5041181041181041,176786,False,,,,,,,,,,,,,,,,,
,i032+i101+i049+i063,Price Channel + Median Price + TRIX + BB Width,True,2,61,32,14,18,0.34375,0.8437609203011953,3.1990903476884465,0.10573725881981214,0.0,-2.4610666862070634,0.4964589817824792,2.4610666862070634,-0.07690833394397073,0.026367528759412354,0.22058664482303222,-0.2327390371076389,12.28125,0.15625,0.1875,0.0,0.65625,-0.14495157983446655,-0.005597699232220225,-0.03518319163120151,-0.0010327730144046258,-0.14565635092866913,-0.058447671025556584,-0.12304313550284328,0.015596511718040017,-0.15393142711586585,-0.06856892420718486,0,-0.14565635092866913,-0.2441132326837109,-4.663776761973222,0.8732149191236036,5.511658865025576e-20,0.5041181041181041,176786,False,,,,,,,,,,,,,,,,,
,i027+i049+i042+i068,Zig Zag + TRIX + Connors RSI + Non-Directional Close-to-Close Volatility,True,3,90,85,24,61,0.3411764705882353,2.2371549765723198,8.50006085682528,0.30449977855156335,0.0,-6.567405658804523,0.5643290917622209,7.657421778087922,-0.07726359598593556,0.026319470312615525,0.29333894322446086,-0.2691827680770337,10.070588235294117,0.24705882352941178,0.2823529411764706,0.0,0.47058823529411764,-0.13375682151313856,-0.019945776223278228,0.056635225586773724,-0.11297546580593619,-0.09683995503450732,-0.10563171387679073,-0.06037410795758846,-0.018732438702252194,-0.10575210460467334,-0.08939434387114284,1,-0.11297546580593619,-0.2732354206690864,-5.220155382217813,0.8732149191236036,6.241142226779005e-29,0.5041181041181041,176786,False,,,,,,,,,,,,,,,,,
,i034+i020+i049+i042,Chande Kroll Stop + Parabolic SAR + TRIX + Connors RSI,True,1,28,27,7,20,0.4444444444444444,0.6802529886438147,2.700219910712491,0.08073229993272955,0.0,-2.1006992220014054,0.5987885646901989,2.6232328297742717,-0.07780367488894094,0.025194555134956102,0.26126595631900706,-0.34905937985529945,9.666666666666666,0.25925925925925924,0.4074074074074074,0.0,0.3333333333333333,-0.1727199263547298,0.0025325088960090163,0.051908286553925445,0.06780880454204331,-0.22567961244137516,-0.4025355802854046,-0.11470377251983162,0.2588792792110028,-0.05439093884776378,-0.12843119233184125,2,-0.4025355802854046,-0.32440220378513385,-6.1976954010775485,0.8732149191236036,6.278296823718726e-12,0.5041181041181041,176786,False,,,,,,,,,,,,,,,,,
,i020+i035+i032+i043,Parabolic SAR + 52-Week High/Low + Price Channel + Awesome Oscillator,False,1,31,35,29,6,0.34285714285714286,0.8647772013657185,3.5012390649204685,0.10568970375700674,0.0,-2.742151567311757,0.526408604434794,3.5002536420107715,-0.07834718763747878,0.024707920039020528,0.2539974672284979,-0.2517443988719013,9.028571428571428,0.22857142857142856,0.3142857142857143,0.0,0.45714285714285713,-0.14332376254113283,0.02147113750143707,-0.09858426873069187,-0.21039669483173895,-0.012355623615842543,-0.010786007315292102,-0.07386299930350716,-0.018339045393903776,-0.15102233988206565,-0.05838709159111278,0,-0.21039669483173895,-0.2801504584615338,-5.35226699374347,0.8732149191236036,3.9828575111392015e-12,0.5041181041181041,176786,False,,,,,,,,,,,,,,,,,
,i032+i049+i043+i063,Price Channel + TRIX + Awesome Oscillator + BB Width,True,1,31,10,6,4,0.3,0.22477092960850875,0.9990623854648044,0.009266694069837924,0.0,-0.7835581499261335,0.5718876848581925,1.4614014809972522,-0.07835581499261335,0.022477092960850875,0.3489016320126138,-0.26146614942342505,9.0,0.3,0.2,0.0,0.5,-0.24338217161550293,0.11683401400690292,-0.22012831295218174,0.34969624218429335,0.09838131560375239,-0.2560044666883796,,-0.25860366174393506,-0.04036641985265426,-0.0262212867569116,2,-0.2560044666883796,-0.1358065142610506,-2.5945798118855357,0.8732149191236036,9.089451176652383e-09,0.5041181041181041,176786,False,,,,,,,,,,,,,,,,,
,i027+i034+i033+i049,Zig Zag + Chande Kroll Stop + MA Channel + TRIX,True,1,30,26,11,15,0.38461538461538464,0.639906480913266,2.59927795046365,0.08665077252703576,-0.00013099999999974243,-2.046153242077419,0.5005184669040945,3.1873599913045787,-0.07869820161836227,0.024611787727433304,0.20504010977694903,-0.2560346462404319,11.807692307692308,0.15384615384615385,0.2692307692307692,0.0,0.5769230769230769,-0.1849170798304232,0.058595346065040355,-0.13003540056430324,-0.121256748445479,-0.06335792737882691,0.005184338407803718,-0.13151233144598093,0.10831126042251313,-0.10930467690458232,-0.138535809823958,1,-0.13151233144598093,-0.20151752573745207,-3.84998692341426,0.8732149191236036,1.2210419660220564e-12,0.5041181041181041,176786,False,,,,,,,,,,,,,,,,,
,i027+i049+i042+i064,Zig Zag + TRIX + Connors RSI + ATR,True,1,31,25,6,19,0.32,0.6272038537931235,2.4993688258751283,0.10261163192708071,0.0,-1.9747766040090862,0.5638960742087197,3.3049666976039194,-0.07899106416036344,0.02508815415172494,0.3191810221667512,-0.26636616360841736,9.88,0.28,0.28,0.0,0.44,-0.17529328191679294,0.020209334854104397,0.2798992969313442,-0.3856025591127565,-0.17846621492137932,-0.09744745576862565,0.07253939349526446,0.013631767080616876,-0.13285330288645908,-0.10073725504817313,2,-0.3856025591127565,-0.26387093949855606,-5.04124722066132,0.8732149191236036,2.338374458588846e-12,0.5041181041181041,176786,False,,,,,,,,,,,,,,,,,
,i027+i049+i042+i069,Zig Zag + TRIX + Connors RSI + O-H-L-C Volatility,True,3,93,61,27,34,0.32786885245901637,1.4257267418101849,6.099171186698813,0.2003370668688202,0.0,-4.873781511757448,0.525350244766088,5.942741914322223,-0.07989805756979423,0.023372569537871882,0.26971912256400504,-0.25044302348872066,11.049180327868852,0.21311475409836064,0.2459016393442623,0.0,0.5409836065573771,-0.14520054801081086,-0.017937156774063975,0.09588876127319716,-0.15567947752493302,-0.13683882880176343,-0.13082761852190714,0.07917742491228645,-0.025921178291935198,-0.1383704036964094,-0.06746573427114083,2,-0.15567947752493302,-0.25199232041962544,-4.814306521807738,0.8732149191236036,7.603435235173264e-28,0.5041181041181041,176786,False,,,,,,,,,,,,,,,,,
,i027+i035+i049+i033,Zig Zag + 52-Week High/Low + TRIX + MA Channel,True,3,88,5,2,3,0.4,0.11994507677162147,0.5008400274616143,0.02244327564323104,0.0,-0.40333822633322364,0.6284764925178761,0.68219359692761,-0.08066764526664473,0.023989015354324295,0.34114744919133067,-0.36187770823862836,9.4,0.4,0.4,0.0,0.2,,,,-0.341096798463805,-0.028453088245405173,,0.33576154708519657,,-0.2810085234632817,-0.030582425717485498,1,-0.341096798463805,-0.04593016967015453,-0.8774946594505015,0.8732149191236036,2.1032728174457568e-16,0.5041181041181041,176786,False,,,,,,,,,,,,,,,,,
,i034+i035+i032+i049,Chande Kroll Stop + 52-Week High/Low + Price Channel + TRIX,False,1,31,5,1,4,0.4,0.11812474275434415,0.4996409376286228,0.023032669297820496,0.0,-0.40454886417209923,0.2784831811036962,0.541691803419344,-0.08090977283441984,0.02362494855086883,0.07807167598592372,-0.18689740538131552,12.2,0.0,0.2,0.0,0.8,,,0.12204521476148084,,-0.019000412724602754,-0.046449030254126646,-0.41469560570072395,,-0.037299491077618686,-0.14632519546962156,1,-0.41469560570072395,-0.15918167841540826,-3.0411616960050734,0.8732149191236036,1.041852663340058e-15,0.5041181041181041,176786,False,,,,,,,,,,,,,,,,,
,i032+i043+i049+i068,Price Channel + Awesome Oscillator + TRIX + Non-Directional Close-to-Close Volatility,True,1,30,23,12,11,0.30434782608695654,0.4978959618306078,2.29921149412288,0.07380428241960019,0.0,-1.875119814711873,0.3809203795455823,1.875119814711873,-0.08152694846573362,0.021647650514374252,0.16482332987641923,-0.18930519524042547,13.304347826086957,0.08695652173913043,0.17391304347826086,0.0,0.7391304347826086,-0.1620989101630892,-0.007091779356021143,0.0009214876056572185,-0.045215694666941864,-0.05259874039695844,-0.1263201575503604,-0.13160147761728558,0.0075789422257821525,-0.1272214921068418,-0.13179298725942565,1,-0.13160147761728558,-0.3571267869969131,-6.8228976854866845,0.8732149191236036,1.458042737824086e-12,0.5041181041181041,176786,False,,,,,,,,,,,,,,,,,
,i027+i059+i049+i099,Zig Zag + Bollinger Bands + TRIX + Average Price,True,1,30,3,2,1,0.3333333333333333,0.06013999243285051,0.3003300699962164,0.009026942017573411,0.0,-0.24921701958093936,0.5832744069725475,0.5980362707517265,-0.08307233986031312,0.0200466641442835,0.3488192511707871,-0.29901813537586325,10.666666666666666,0.3333333333333333,0.3333333333333333,0.0,0.3333333333333333,,,,,,0.07902913939545955,-0.4072752983718585,,-0.029228023600535676,-0.190760972379868,1,-0.4072752983718585,-0.10296067314875838,-1.967060898539898,0.8732149191236036,3.594960479322172e-11,0.5041181041181041,176786,False,,,,,,,,,,,,,,,,,
,i027+i049+i010+i042,Zig Zag + TRIX + Adaptive MA + Connors RSI,False,1,28,30,14,16,0.36666666666666664,0.6392464508294338,2.9989810080575667,0.14031439275801671,0.0,-2.5000489499861493,0.5792985595156287,3.966159927627272,-0.08333496499953831,0.021308215027647792,0.3129567164128378,-0.31276699108038775,8.533333333333333,0.3,0.4,0.0,0.3,-0.1716778196291514,0.026404164581491762,0.04139154712079821,-0.06626998368548202,-0.02693909661099608,-0.11461450810859983,-0.17220160092466097,-0.3197035630794175,-0.10569667894716511,-0.04464861301975907,1,-0.17220160092466097,-0.3044166814497313,-5.815872532980457,0.8732149191236036,4.058595499299511e-11,0.5041181041181041,176786,False,,,,,,,,,,,,,,,,,
,i059+i035+i032+i049,Bollinger Bands + 52-Week High/Low + Price Channel + TRIX,False,2,59,7,6,1,0.42857142857142855,0.15000000000000568,0.7003750000000001,0.03837596307943918,0.0,-0.5887509630794336,0.6337050136966759,1.6073137364536478,-0.08410728043991908,0.02142857142857224,0.3395209244580714,-0.40182843411341196,3.7142857142857144,0.42857142857142855,0.5714285714285714,0.0,0.0,,,-0.40002909383890356,,-0.1528461141189959,-0.40221294896029164,0.3360147110383747,,-0.40221294896029164,-0.031089669019856984,1,-0.40221294896029164,-0.0586768542353963,-1.1210197261338044,0.8732149191236036,4.371037528063438e-11,0.5041181041181041,176786,False,,,,,,,,,,,,,,,,,
,i059+i020+i035+i049,Bollinger Bands + Parabolic SAR + 52-Week High/Low + TRIX,False,3,92,10,6,4,0.4,0.17555682416989793,1.000537778412085,0.03172271228618792,0.0,-0.8567036665283748,0.567528115704454,0.9794501172274905,-0.08567036665283748,0.017555682416989793,0.28106070893713864,-0.3301577503794882,6.0,0.3,0.4,0.0,0.3,-0.28193484194857854,0.11767392031708354,,-0.4008006854820629,-0.09390848584798225,-0.4010983847224982,0.34293997714156477,-0.19951481558535467,0.08272501438930087,-0.11751983996023169,1,-0.4010983847224982,-0.07934482422812107,-1.5158807384170667,0.8732149191236036,6.54433738771547e-26,0.5041181041181041,176786,False,,,,,,,,,,,,,,,,,
,i020+i035+i101+i049,Parabolic SAR + 52-Week High/Low + Median Price + TRIX,True,1,31,3,2,1,0.3333333333333333,0.053408922043562956,0.3003267044610218,0.011686291505172452,0.0,-0.2586040739226313,0.5693223881719759,0.600458595525731,-0.08620135797421043,0.017802974014520988,0.34185452160309965,-0.3002292977628655,6.0,0.3333333333333333,0.3333333333333333,0.0,0.3333333333333333,,,,-0.40094377994037633,-0.19951481558535467,,0.34185452160309965,-0.19951481558535467,,-0.029544629168638314,1,-0.40094377994037633,-0.10803852260764839,-2.064073076236358,0.8732149191236036,3.186047974133171e-12,0.5041181041181041,176786,False,,,,,,,,,,,,,,,,,
,i024+i035+i032+i049,Williams Fractal + 52-Week High/Low + Price Channel + TRIX,False,3,92,3,2,1,0.3333333333333333,0.053408922043562956,0.3003267044610218,0.011686291505172452,0.0,-0.2586040739226313,0.5693223881719759,0.600458595525731,-0.08620135797421043,0.017802974014520988,0.34185452160309965,-0.3002292977628655,6.0,0.3333333333333333,0.3333333333333333,0.0,0.3333333333333333,,,,-0.40094377994037633,-0.19951481558535467,,0.34185452160309965,-0.19951481558535467,,-0.029544629168638314,1,-0.40094377994037633,-0.06315138826491372,-1.2065055787363135,0.8732149191236036,2.9225006702718716e-31,0.5041181041181041,176786,False,,,,,,,,,,,,,,,,,
,i027+i032+i049+i042,Zig Zag + Price Channel + TRIX + Connors RSI,True,4,120,18,8,10,0.3888888888888889,0.2614409721046873,1.80050147161422,0.041261148499184185,0.0,-1.580321648008717,0.577205992589321,2.3396668203583184,-0.08779564711159539,0.014524498450260406,0.3082119388979182,-0.339800474572195,8.277777777777779,0.2777777777777778,0.4444444444444444,0.0,0.2777777777777778,-0.22856445884155385,0.0706557212387779,-0.0023408735497184793,-0.2135460565169972,-0.0892290724425664,-0.10235140416573706,0.2762163669315274,0.13664839551992988,-0.3541537472482379,-0.05215016777959592,1,-0.2135460565169972,-0.09792093232594215,-1.8707767853133457,0.8732149191236036,1.366208542510124e-28,0.5041181041181041,176786,False,,,,,,,,,,,,,,,,,
,i032+i101+i043+i049,Price Channel + Median Price + Awesome Oscillator + TRIX,True,1,30,19,8,11,0.3157894736842105,0.2841829321435396,1.899266721836474,0.06320693067291112,0.0,-1.6782907203658457,0.4032961060513991,1.6782907203658461,-0.08833109054557084,0.01495699642860735,0.1890519231872277,-0.21635401996070863,12.947368421052632,0.10526315789473684,0.21052631578947367,0.0,0.6842105263157895,-0.180256655155817,-0.001669924051513579,0.0038154079249205566,-0.03534609904550584,-0.05259874039695844,-0.1263201575503604,-0.14411604418160218,0.011783483516438204,-0.15532369908934646,-0.13470184227109763,1,-0.14411604418160218,-0.3257331661568889,-6.223123401486255,0.8732149191236036,4.536905541532897e-12,0.5041181041181041,176786,False,,,,,,,,,,,,,,,,,
,i027+i049+i097+i063,Zig Zag + TRIX + Standard Error + BB Width,True,2,61,194,112,82,0.35051546391752575,2.722434135536078,19.40015436213708,0.47990731484387866,-0.010000000000000286,-17.16762754144488,0.47979273903829994,17.515858185472283,-0.08849292547136536,0.014033165647093187,0.23285128094543303,-0.26191678290265347,11.628865979381443,0.17525773195876287,0.27835051546391754,0.0,0.5463917525773195,-0.12058728682659571,-0.05428525673476227,-0.05302482030815319,-0.060593050492322505,-0.1274987391249335,-0.06571931031671369,-0.12777229634677256,-0.09572969741106951,-0.07590904210880908,-0.10381321274938507,0,-0.12777229634677256,-0.5762439322237908,-11.009124867128582,0.8732149191236036,8.526343872438309e-35,0.5041181041181041,176786,False,,,,,,,,,,,,,,,,,
,i027+i035+i049,Zig Zag + 52-Week High/Low + TRIX,True,2,61,14,3,11,0.42857142857142855,0.20589832944700737,1.399789258326926,0.04996032639159046,0.0,-1.243851255271509,0.5668034451199082,2.264601194058708,-0.08884651823367923,0.014707023531929098,0.27124683886269685,-0.35891653605596135,7.142857142857143,0.2857142857142857,0.5,0.0,0.21428571428571427,-0.253379183540471,0.22439181418450935,-0.31189903998652585,-0.40078878987644717,0.05239143985422265,0.19281252543345268,-0.034566418969632924,0.03698345677301449,0.09351023910632826,-0.15613654293635082,2,-0.40078878987644717,-0.07841147050261138,-1.4980490405288445,0.8732149191236036,1.5242666896853854e-20,0.5041181041181041,176786,False,,,,,,,,,,,,,,,,,
,i027+i035+i049+i068,Zig Zag + 52-Week High/Low + TRIX + Non-Directional Close-to-Close Volatility,True,2,61,14,3,11,0.42857142857142855,0.20589832944700737,1.399789258326926,0.04996032639159046,0.0,-1.243851255271509,0.5668034451199082,2.264601194058708,-0.08884651823367923,0.014707023531929098,0.27124683886269685,-0.35891653605596135,7.142857142857143,0.2857142857142857,0.5,0.0,0.21428571428571427,-0.253379183540471,0.22439181418450935,-0.31189903998652585,-0.40078878987644717,0.05239143985422265,0.19281252543345268,-0.034566418969632924,0.03698345677301449,0.09351023910632826,-0.15613654293635082,2,-0.40078878987644717,-0.07841147050261138,-1.4980490405288445,0.8732149191236036,1.5242666896853854e-20,0.5041181041181041,176786,False,,,,,,,,,,,,,,,,,
,i032+i043+i049+i063,Price Channel + Awesome Oscillator + TRIX + BB Width,True,3,91,49,23,26,0.30612244897959184,0.6519406824468832,4.899346981856333,0.11888583282423856,0.0003759999999998487,-4.365916132233689,0.3921843102274194,4.3950918539845265,-0.08910032922925895,0.013304911886671085,0.18780296238283262,-0.2112635461169463,12.714285714285714,0.12244897959183673,0.20408163265306123,0.0,0.673469387755102,-0.14496076483837614,-0.0331631022295791,-0.049939812443530456,-0.09841395281933991,-0.16792700889892015,-0.16363887589029744,-0.017058393574400314,-0.014498720540447244,-0.15586013919332997,-0.07694317818055962,0,-0.16792700889892015,-0.2904905602925623,-5.549814361847311,0.8732149191236036,2.1488295060242454e-32,0.5041181041181041,176786,False,,,,,,,,,,,,,,,,,
,i061+i018+i035+i101,Standard Error Bands + SuperTrend + 52-Week High/Low + Median Price,True,1,30,24,18,6,0.3333333333333333,0.3335042568271551,2.400338921339629,0.07789926654230653,0.0,-2.1447339310547804,0.4753055897618013,2.1447339310547804,-0.08936391379394919,0.013896010701131464,0.2428566052188725,-0.25547417330036004,10.166666666666666,0.20833333333333334,0.2916666666666667,0.0,0.5,-0.18378660473195263,0.02616507384840846,-0.0620130611493312,-0.025849435210825614,-0.10574122937643064,-0.026336282848527265,-0.1663389576961838,-0.11056944780027697,-0.04664745589627433,-0.11087483768529621,0,-0.1663389576961838,-0.2838637306930367,-5.423208960116108,0.8732149191236036,2.4370903468354225e-09,0.5041181041181041,176786,False,,,,,,,,,,,,,,,,,
,i018+i049+i042+i097,SuperTrend + TRIX + Connors RSI + Standard Error,False,2,59,96,49,47,0.34375,1.2600375552303422,9.600924408606963,0.419163920593571,0.012453999999999937,-8.747596773970193,0.5008793877194029,10.304117627442693,-0.09112079972885617,0.013125391200316064,0.2660127607198063,-0.2781907599638699,10.395833333333334,0.23958333333333334,0.3333333333333333,0.0,0.4270833333333333,-0.15681595830885306,-0.02831653359553935,-0.013716353608938381,-0.1364750871634419,-0.08571283103299104,-0.06949116957905864,-0.12548044071272893,0.005721167570848038,-0.09943027637977514,-0.10620303345465502,0,-0.1364750871634419,-0.3540504554640487,-6.76412445407531,0.8732149191236036,7.059032666539868e-23,0.5041181041181041,176786,False,,,,,,,,,,,,,,,,,
,i027+i031+i035+i049,Zig Zag + Donchian Channels + 52-Week High/Low + TRIX,False,2,61,20,8,12,0.4,0.23329720801474885,2.0005578484600863,0.06703737187623623,0.0,-1.8342980123215735,0.5486543060185746,2.916714961226331,-0.09171490061607868,0.011664860400737442,0.2787208110107063,-0.33867204170060194,8.1,0.25,0.4,0.0,0.35,-0.23786693949815071,0.125273169420905,-0.21291415809372294,-0.14566887002632972,0.018514029140993947,0.04080406009041304,-0.16488207192910254,-0.18268093224979426,-0.0499096620847409,-0.09745651460946166,2,-0.21291415809372294,-0.10727826867040964,-2.0495484451595716,0.8732149191236036,2.7317970584168592e-21,0.5041181041181041,176786,False,,,,,,,,,,,,,,,,,
,i049+i042+i052+i069,TRIX + Connors RSI + Williams %R + O-H-L-C Volatility,True,2,45,28,13,15,0.21428571428571427,0.3739181454066598,2.8009146166979764,0.14554965487037283,0.0,-2.572546126161689,0.39679138402561315,2.9194957666909938,-0.09187664736291747,0.013354219478809277,0.2820373446369919,-0.19385319063562,14.035714285714286,0.14285714285714285,0.10714285714285714,0.0,0.75,-0.17840643107633306,-0.001968673729546793,-0.1390743870713815,-0.030740590927506427,-0.03372760277893676,-0.2289927872192358,-0.06247346079053014,-0.10614605297409256,-0.09591850739588705,-0.040555945360999844,0,-0.2289927872192358,-0.2785608076016637,-5.321896756708763,0.8732149191236036,2.6171053566960736e-12,0.5041181041181041,176786,False,,,,,,,,,,,,,,,,,
,i010+i101+i049+i063,Adaptive MA + Median Price + TRIX + BB Width,True,1,31,12,7,5,0.3333333333333333,0.14677026095949453,1.2002203957724702,0.03933576309469459,-0.010000000000000286,-1.1027858979076706,0.5044428681456004,1.307242160519091,-0.09189882482563923,0.012230855079957878,0.28063993308369534,-0.2781682037803065,10.166666666666666,0.25,0.25,0.0,0.5,-0.21864349874371247,0.07302879239072833,-0.1819630978760199,0.0006841579990750628,,0.3487872481232663,-0.21807671645503948,-0.028237550671738602,-0.2192075904981808,0.0035816008758286777,2,-0.21807671645503948,-0.1891212764780754,-3.6131569138489223,0.8732149191236036,9.010021297521626e-11,0.5041181041181041,176786,False,,,,,,,,,,,,,,,,,
,i061+i049+i042+i097,Standard Error Bands + TRIX + Connors RSI + Standard Error,True,3,92,114,48,66,0.2982456140350877,1.3518884766513084,11.398683432830476,0.4690655520889241,-0.023818999999999577,-10.53967950826809,0.42757630895611637,11.229470525819162,-0.09245332901989553,0.011858670847818496,0.23154985969075112,-0.23015468422192034,12.06140350877193,0.16666666666666666,0.21929824561403508,0.0,0.6140350877192983,-0.14186898103924228,-0.0445728490534963,-0.13010145697517966,-0.07548679638572944,-0.060388726759680454,-0.10865741927689886,-0.07751924293185337,-0.06871412448851512,-0.1195001460443174,-0.09548655543530411,0,-0.13010145697517966,-0.3788902359891763,-7.238687794669404,0.8732149191236036,2.5160832751768143e-44,0.5041181041181041,176786,False,,,,,,,,,,,,,,,,,
,i030+i049+i052+i069,Keltner Channels + TRIX + Williams %R + O-H-L-C Volatility,True,1,30,12,6,6,0.3333333333333333,0.12080936667656639,1.2000099667891662,0.03319830723670269,0.0,-1.1123989073493026,0.5078543909358403,1.1432582448612363,-0.09269990894577522,0.010067447223047199,0.2869763842066123,-0.2825380555219689,12.75,0.25,0.25,0.0,0.5,-0.2717154157437455,0.09787816192483027,-0.02696821685535005,-0.31249095966356844,-0.21612241266486132,0.3486879572701958,0.0916860776917327,-0.24481146786949595,-0.3186129063211255,0.09631236920376031,2,-0.31249095966356844,-0.17585818324469615,-3.359765873413752,0.8732149191236036,1.3768279555869796e-07,0.5041181041181041,176786,False,,,,,,,,,,,,,,,,,
,i031+i018+i049+i052,Donchian Channels + SuperTrend + TRIX + Williams %R,True,1,30,17,9,8,0.23529411764705882,0.1365810754793917,1.7003601318812098,0.03018076377818151,-0.006151999999999547,-1.6001118201799989,0.3793208519415578,1.630157521792798,-0.09412422471647051,0.008034180910552451,0.24447243826825152,-0.1983078133271542,14.058823529411764,0.11764705882352941,0.11764705882352941,0.0,0.7647058823529411,-0.19293300862500581,0.015234620769901454,-0.1338166883379917,-0.08661377961018144,-0.1406196445447849,-0.4016256880395376,0.2566738472536771,-0.08257388149151992,-0.16901205172512132,-0.002005584847157929,1,-0.4016256880395376,-0.2602150065586596,-4.97140071991667,0.8732149191236036,6.29345553525987e-14,0.5041181041181041,176786,False,,,,,,,,,,,,,,,,,
,i027+i059+i035+i049,Zig Zag + Bollinger Bands + 52-Week High/Low + TRIX,False,2,62,17,5,12,0.47058823529411764,0.15204553180542257,1.7009500482656041,0.054469085183153826,0.0,-1.603373601643335,0.5590250237812894,1.9924703215920099,-0.09431609421431383,0.008943854812083681,0.2540750649489252,-0.4039971245816374,7.0588235294117645,0.29411764705882354,0.5294117647058824,0.0,0.17647058823529413,-0.25040399708658984,0.15192000544894366,-0.2128990839204168,-0.025802042999250957,-0.1364337266736552,0.24477041140563097,-0.2221873768713596,0.03698345677301449,0.11838756994019682,-0.17615894484809475,1,-0.2221873768713596,-0.09252280979976624,-1.7676457992578596,0.8732149191236036,4.8002479728736705e-23,0.5041181041181041,176786,False,,,,,,,,,,,,,,,,,
,i027+i059+i035+i049,Zig Zag + Bollinger Bands + 52-Week High/Low + TRIX,True,2,62,17,5,12,0.47058823529411764,0.15204553180542257,1.7009500482656041,0.054469085183153826,0.0,-1.603373601643335,0.5590250237812894,1.9924703215920099,-0.09431609421431383,0.008943854812083681,0.2540750649489252,-0.4039971245816374,7.0588235294117645,0.29411764705882354,0.5294117647058824,0.0,0.17647058823529413,-0.25040399708658984,0.15192000544894366,-0.2128990839204168,-0.025802042999250957,-0.1364337266736552,0.24477041140563097,-0.2221873768713596,0.03698345677301449,0.11838756994019682,-0.17615894484809475,1,-0.2221873768713596,-0.09252280979976624,-1.7676457992578596,0.8732149191236036,4.8002479728736705e-23,0.5041181041181041,176786,False,,,,,,,,,,,,,,,,,
,i024+i032+i049+i063,Williams Fractal + Price Channel + TRIX + BB Width,True,1,30,18,7,11,0.2777777777777778,0.1287457075079712,1.7999107232121458,0.032277651086352596,0.0,-1.7034426667905271,0.3433166684610265,2.3731193880332713,-0.09463570371058484,0.0071525393059984005,0.17811332591808957,-0.19953917664469037,14.38888888888889,0.1111111111111111,0.05555555555555555,0.0,0.8333333333333334,-0.19865715137000411,0.023886080697862123,-0.0030876018071570492,-0.06751835564310757,-0.2575255782039765,-0.190760972379868,-0.08504202102278291,-0.11653025379688273,-0.07434107275059036,-0.06714143668222516,0,-0.2575255782039765,-0.27816945462109355,-5.314419968513192,0.8732149191236036,4.809379472869334e-10,0.5041181041181041,176786,False,,,,,,,,,,,,,,,,,
,i027+i032+i049+i068,Zig Zag + Price Channel + TRIX + Non-Directional Close-to-Close Volatility,True,1,30,7,3,4,0.2857142857142857,0.07670403588230235,0.6991741665623263,0.04077989618417215,0.0,-0.6632500268641962,0.44450073810282165,0.6632500268641962,-0.09475000383774232,0.010957719411757478,0.2653605024433148,-0.23879420635016516,13.142857142857142,0.14285714285714285,0.14285714285714285,0.0,0.7142857142857143,,,,0.1818906077734628,,0.022496140984860285,-0.22253322915184492,-0.038426035502972,-0.2888862490619635,0.2653605024433148,2,-0.22253322915184492,-0.15406704038893748,-2.9434466737118528,0.8732149191236036,1.2416826612651635e-09,0.5041181041181041,176786,False,,,,,,,,,,,,,,,,,
,i031+i010+i049+i069,Donchian Channels + Adaptive MA + TRIX + O-H-L-C Volatility,True,1,31,28,17,11,0.2857142857142857,0.20701482244342984,2.7994246326946746,0.0653400377539754,-0.003010999999999986,-2.6607608480052196,0.470322603361454,3.0104546874725675,-0.09502717314304356,0.00739338651583678,0.29532503579013775,-0.2511680567163161,10.392857142857142,0.21428571428571427,0.2857142857142857,0.0,0.5,-0.18713112367765172,-0.0032290204563909038,-0.06940492726857884,0.016977716046230315,-0.04977068591595393,-0.13829201085405207,-0.2077228344457065,-0.21174326042119382,-0.12486979679405658,0.02588956364940869,1,-0.2077228344457065,-0.35626763182861726,-6.806483549043623,0.8732149191236036,7.925446037115309e-13,0.5041181041181041,176786,False,,,,,,,,,,,,,,,,,
,i018+i049+i043+i042,SuperTrend + TRIX + Awesome Oscillator + Connors RSI,False,1,31,19,11,8,0.3157894736842105,0.10402289844144708,1.8995688091146004,0.051320530143655216,0.0,-1.8468664408168085,0.30894744398892116,2.0447814081243183,-0.09720349688509518,0.005474889391655109,0.13761246312263636,-0.20558009381174053,13.578947368421053,0.05263157894736842,0.15789473684210525,0.0,0.7894736842105263,-0.18931529374633757,0.020532939314604964,-0.2097666784729278,-0.12167354755662241,0.07688191600245702,-0.05902893800097497,-0.20496221681033486,-0.11182452008828632,0.06558362960916402,-0.19663285616552612,1,-0.2097666784729278,-0.2889441863373497,-5.520270928915162,0.8732149191236036,3.936628026077489e-15,0.5041181041181041,176786,False,,,,,,,,,,,,,,,,,
,i031+i033+i049+i052,Donchian Channels + MA Channel + TRIX + Williams %R,True,1,31,43,16,27,0.27906976744186046,0.2204290575128609,4.299416835982408,0.16995602767336243,0.0,-4.2489438061429095,0.2772473905429939,4.248943806142909,-0.09881264665448626,0.005126257151461882,0.13582432026798671,-0.18963985965673386,13.186046511627907,0.046511627906976744,0.16279069767441862,0.0,0.7906976744186046,-0.1569155890735392,-0.042290727483910294,-0.11345341323208437,-0.18588877956021532,-0.03745870385255922,0.031760196855938914,-0.16662957904224157,-0.06509468635214251,-0.12826926871350947,-0.0962890898689936,1,-0.18588877956021532,-0.563153570477436,-10.759033857119412,0.8732149191236036,4.690673865972101e-16,0.5041181041181041,176786,False,,,,,,,,,,,,,,,,,
,i032+i049+i099+i063,Price Channel + TRIX + Average Price + BB Width,True,1,30,12,5,7,0.25,0.024841694360033806,1.2000002441943058,0.016885994136535847,0.0,-1.1920445439708078,0.2301747721988901,1.5077649684294856,-0.09933704533090065,0.002070141196669484,0.11880557276752791,-0.1720512513637102,15.0,0.08333333333333333,0.0,0.0,0.9166666666666666,-0.20889442556590287,0.008750994614477153,-0.037340796163394877,-0.028227193012230065,-0.19615458815214973,-0.190760972379868,-0.18788864659538565,-0.0887501390377329,-0.12245840357078684,-0.1185633122636854,0,-0.19615458815214973,-0.2806806466473966,-5.362396224811839,0.8732149191236036,2.6704487510515395e-12,0.5041181041181041,176786,False,,,,,,,,,,,,,,,,,
,i027+i024+i032+i049,Zig Zag + Williams Fractal + Price Channel + TRIX,True,2,61,25,12,13,0.32,0.06829548323673551,2.498886841538342,0.06577562512340729,0.006000000000000146,-2.4903669834250133,0.4852994569868658,2.4903669834250133,-0.09961467933700052,0.0027318193294694204,0.29351381137054133,-0.2846163220229026,11.36,0.24,0.36,0.0,0.4,-0.20535296745156278,0.016626461436415944,-0.11280174902150214,-0.06036136111358761,-0.0799916592528501,-0.18839071879752461,-0.0072484670060722805,-0.3140693248574203,-0.15420162481278699,0.030226048890069093,0,-0.18839071879752461,-0.2082231285068329,-3.9780972844424203,0.8732149191236036,4.3144475779565947e-19,0.5041181041181041,176786,False,,,,,,,,,,,,,,,,,
,i027+i030+i049+i064,Zig Zag + Keltner Channels + TRIX + ATR,False,1,30,128,63,65,0.34375,0.42587803077853703,12.796883659308294,0.4412883612300906,-0.0030000000000002247,-12.815293989759846,0.44716017514802353,13.16843879778208,-0.1001194842949988,0.0033271721154573206,0.2355806924467749,-0.27596243401688025,11.8125,0.1953125,0.28125,0.0,0.5234375,-0.14231711427777716,-0.05712501814236937,-0.1329383093401151,-0.20747736479752904,-0.023532305757656677,-0.06675322254286459,-0.05349898263678628,-0.12866323895596915,-0.07173628755907951,-0.14725830767332987,0,-0.20747736479752904,-0.7596907510603488,-14.513871419956235,0.8732149191236036,1.4071246010474614e-23,0.5041181041181041,176786,False,,,,,,,,,,,,,,,,,
,i030+i049+i101+i042,Keltner Channels + TRIX + Median Price + Connors RSI,True,2,59,20,4,16,0.4,0.06285320121975912,2.000007670941959,0.0748553135012173,0.0,-2.012009783223417,0.2917872055537913,2.0120097832234167,-0.10060048916117086,0.003142660060987956,0.10361975891947842,-0.236747321214937,13.0,0.0,0.2,0.0,0.8,-0.18170193263776577,-0.019947092151589792,0.051982212082936234,-0.24418672602779368,-0.12084365902268021,-0.09655993122603589,-0.04282509730470491,0.003886674807801854,-0.12459664585453942,-0.22158890922343144,1,-0.24418672602779368,-0.26454960080468515,-5.054213026709516,0.8732149191236036,1.0720816918715322e-37,0.5041181041181041,176786,False,,,,,,,,,,,,,,,,,
,i030+i101+i010+i049,Keltner Channels + Median Price + Adaptive MA + TRIX,False,1,30,32,20,12,0.28125,0.061030540658790766,3.1998159652686176,0.09287759263399666,0.0,-3.2316630172438234,0.3406777758813261,3.287662723829185,-0.10098946928886948,0.0019072043955872114,0.18553662278532002,-0.2131083748831176,12.84375,0.09375,0.21875,0.0,0.6875,-0.17724835703688366,-0.016959320363762707,0.04023111163931829,-0.24045172661508302,-0.04256571848031985,-0.07713220715497209,-0.17918175485798354,-0.10984139724920818,-0.13122731503773274,-0.023248773399106148,1,-0.24045172661508302,-0.3705406669376115,-7.079169501920266,0.8732149191236036,1.5421568920964206e-13,0.5041181041181041,176786,False,,,,,,,,,,,,,,,,,
,i027+i101+i049+i063,Zig Zag + Median Price + TRIX + BB Width,True,1,30,7,3,4,0.42857142857142855,0.0134642864025869,0.6995135526047462,0.023784218209590056,0.0,-0.7098334844117495,0.42975786821613154,0.7140721186786222,-0.10140478348739279,0.001923469486083843,0.17831987971783406,-0.3111982808913129,11.142857142857142,0.14285714285714285,0.2857142857142857,0.0,0.5714285714285714,,,,-0.07151365597780607,,-0.026354101242064238,-0.22129215699710145,,-0.14611522657577677,-0.06787195117110481,0,-0.22129215699710145,-0.15736258283052384,-3.0064079236539274,0.8732149191236036,6.749492996966806e-10,0.5041181041181041,176786,False,,,,,,,,,,,,,,,,,
,i027+i059+i033+i049,Zig Zag + Bollinger Bands + MA Channel + TRIX,True,1,30,17,7,10,0.29411764705882354,0.018050569715588605,1.6994983038083382,0.05313392419500704,0.0,-1.7345816582877573,0.41536242976718657,2.372856048661298,-0.10203421519339748,0.0010617982185640354,0.24647066452779962,-0.2472445817438962,12.294117647058824,0.17647058823529413,0.23529411764705882,0.0,0.5882352941176471,-0.2082052734511225,0.02866368773105223,-0.4003430092065283,-0.09913205536342148,-0.06335792737882691,0.00029722716877138885,-0.21910827260752888,0.10831126042251313,-0.22918664819540743,-0.1343662846064941,1,-0.4003430092065283,-0.2582995539935346,-4.934806050042848,0.8732149191236036,7.60911739730251e-14,0.5041181041181041,176786,False,,,,,,,,,,,,,,,,,
,i027+i020+i049+i042,Zig Zag + Parabolic SAR + TRIX + Connors RSI,False,4,105,45,20,25,0.35555555555555557,0.08956515464177972,4.499503260604993,0.20633815772885616,0.0,-4.61627626369207,0.49569495301760774,5.844788787312946,-0.1025839169709349,0.001990336769817327,0.28359135747047065,-0.31564613735239994,9.066666666666666,0.26666666666666666,0.4,0.0,0.3333333333333333,-0.18941343211926445,-0.01494580716727667,-0.15249902896437903,-0.04965266636873273,-0.21590750230096162,-0.0149272193685691,-0.16305384121149563,-0.06617772265352846,0.08489803063178279,-0.16785217874516342,0,-0.21590750230096162,-0.2139730111423751,-4.087948637951224,0.8732149191236036,6.279240532934971e-31,0.5041181041181041,176786,False,,,,,,,,,,,,,,,,,
,i032+i043+i049+i097,Price Channel + Awesome Oscillator + TRIX + Standard Error,True,3,92,69,33,36,0.3188405797101449,-0.08865870698112621,6.89979587590969,0.17398854085859258,0.0,-7.162443123749405,0.3924642650565097,7.162443123749405,-0.10380352353260007,-0.0012849087968279161,0.21031332845517364,-0.25083694361198355,11.478260869565217,0.14492753623188406,0.2898550724637681,0.0,0.5652173913043478,-0.15413925207370527,-0.04945438749786688,-0.026566650132131157,-0.08384556277426625,-0.03691090366507846,-0.21244915357021926,-0.0821242487522525,-0.033540127570306506,-0.21244165024857628,-0.02587020787538769,0,-0.21244915357021926,-0.3480094242241769,-6.648710714290985,0.8732149191236036,3.692905181022982e-41,0.5041181041181041,176786,False,,,,,,,,,,,,,,,,,
,i027+i049+i042+i097,Zig Zag + TRIX + Connors RSI + Standard Error,True,5,151,101,42,59,0.3069306930693069,-0.323844986492694,10.09909470148344,0.30647365398080795,0.0,-10.729413341956938,0.4471469714194314,11.005629708888465,-0.1062318152669004,-0.0032063860048781585,0.27993350579996473,-0.27724788602508355,10.504950495049505,0.19801980198019803,0.32673267326732675,0.0,0.4752475247524752,-0.16132923424234225,-0.05003175488421025,-0.03957771899517615,-0.13799276472370325,-0.10816132624348798,-0.13157533395302307,-0.0718799450553139,-0.11109788136443295,-0.12878117367011566,-0.07878016515702377,0,-0.13799276472370325,-0.2709810461640339,-5.177085617773412,0.8732149191236036,1.2017277509093194e-68,0.5041181041181041,176786,False,,,,,,,,,,,,,,,,,
,i034+i032+i049+i097,Chande Kroll Stop + Price Channel + TRIX + Standard Error,True,1,30,33,13,20,0.36363636363636365,-0.15560087487400676,3.2997330608187347,0.06073617447212686,0.005937,-3.510133110164868,0.43766295884103995,3.510133110164868,-0.106367670004996,-0.004715178026485053,0.2276593232761978,-0.2972402375942496,10.666666666666666,0.18181818181818182,0.3939393939393939,0.0,0.42424242424242425,-0.20534949515511042,0.007958628163412994,-0.08705188153528755,-0.24844377892474265,0.039096629981811494,-0.15137988608215194,0.04123812039461392,-0.21878819897028193,-0.1658134854267588,-0.0029877575568079975,2,-0.24844377892474265,-0.3345749790811939,-6.392046000219427,0.8732149191236036,2.780271634864829e-10,0.5041181041181041,176786,False,,,,,,,,,,,,,,,,,
,i020+i101+i049+i097,Parabolic SAR + Median Price + TRIX + Standard Error,True,2,61,49,30,19,0.3469387755102041,-0.1922316319066697,4.899705654406827,0.1454386179358051,0.0,-5.237375904249302,0.33694338972212756,5.565040660463037,-0.10688522253570006,-0.003923094528707545,0.15655651888830838,-0.2468386476672045,12.306122448979592,0.08163265306122448,0.22448979591836735,0.0,0.6938775510204082,-0.16244434934941965,-0.049573691899843265,-0.050854688276393,0.05418387728510671,-0.061267288454084606,-0.24538569322855888,-0.20096156428811027,-0.06376427202400858,-0.129384634723912,-0.13969289858646763,1,-0.24538569322855888,-0.4045724197958018,-7.729345227358661,0.8732149191236036,9.739280217886698e-30,0.5041181041181041,176786,False,,,,,,,,,,,,,,,,,
,i027+i030+i018+i032,Zig Zag + Keltner Channels + SuperTrend + Price Channel,True,2,62,225,109,116,0.3511111111111111,-1.1672399103797804,22.495167676103375,0.5492147147572704,-0.011180000000000564,-24.222802301240424,0.4669481014997431,24.6149157875956,-0.1076568991166241,-0.005187732935021246,0.2685940655202872,-0.31124474984481587,9.115555555555556,0.24888888888888888,0.40444444444444444,0.0,0.3466666666666667,-0.15097681823395326,-0.06353785050731406,-0.030594012866850488,-0.11500191501216575,-0.05797503156438412,-0.1506641902903608,-0.11526971872772057,-0.24938601154720247,-0.11355161750953087,-0.0839947367205517,0,-0.1506641902903608,-0.5284651527638505,-10.096312567234026,0.8732149191236036,8.432283911144755e-27,0.5041181041181041,176786,False,,,,,,,,,,,,,,,,,
,i020+i049+i042+i097,Parabolic SAR + TRIX + Connors RSI + Standard Error,False,6,166,181,78,103,0.27624309392265195,-1.052132477224521,18.098279680984657,0.7662190200272244,-0.0031999999999993405,-19.919831178236404,0.3779825573534574,20.535821132411318,-0.11005431590185857,-0.005812886614500116,0.24209445634718105,-0.24446224424118662,11.447513812154696,0.16022099447513813,0.2596685082872928,0.0,0.580110497237569,-0.14469783558310595,-0.07466019920385829,-0.14830076954390436,-0.13311877925254947,-0.08556480951106357,-0.09817561243280724,-0.09868321812450713,-0.06906179700774774,-0.09502397040042843,-0.1538179738616816,0,-0.14830076954390436,-0.41565743075277567,-7.94112406433116,0.8732149191236036,8.682386568725935e-72,0.5041181041181041,176786,False,,,,,,,,,,,,,,,,,
,i035+i049+i042+i097,52-Week High/Low + TRIX + Connors RSI + Standard Error,True,1,31,8,2,6,0.375,-0.05745743986288465,0.7994287287199314,0.031340387193843994,0.0,-0.8882265557766602,0.3735099454131938,1.3836842350293317,-0.11102831947208253,-0.0071821799828605815,0.1765186054876794,-0.28355647444793963,11.125,0.125,0.25,0.0,0.625,,,,-0.40081957004416424,-0.08613532763413442,-0.03675779668564817,-0.16810514372163438,-0.16810514372163438,0.018223416260208566,-0.19369791520891289,0,-0.40081957004416424,-0.2144022574089976,-4.096149376360319,0.8732149191236036,5.3607321044568576e-11,0.5041181041181041,176786,False,,,,,,,,,,,,,,,,,
,i034+i020+i049+i097,Chande Kroll Stop + Parabolic SAR + TRIX + Standard Error,True,1,30,48,20,28,0.3125,-0.43259874548573496,4.799132616192633,0.1375054436496561,0.009554999999999677,-5.359681805328025,0.3932118794689236,5.359681805328025,-0.1116600376110005,-0.009012473864286146,0.23154601358860893,-0.26766278815627753,11.3125,0.16666666666666666,0.3541666666666667,0.0,0.4791666666666667,-0.19210479088878427,-0.027123952864654136,-0.04350531735365876,-0.11554916040524309,0.026484217290312237,-0.2142587691655738,-0.16746163525454577,-0.167819047281169,-0.14364281088545217,-0.05358722500912397,1,-0.2142587691655738,-0.3965014023952483,-7.5751486564298185,0.8732149191236036,3.840420863241243e-18,0.5041181041181041,176786,False,,,,,,,,,,,,,,,,,
,i034+i032+i049+i063,Chande Kroll Stop + Price Channel + TRIX + BB Width,True,1,31,26,15,11,0.23076923076923078,-0.24678404733226023,2.5997764332348914,0.056159307131819505,-0.010000000000000286,-2.912719787698971,0.4005193127047256,2.9127197876989714,-0.11202768414226812,-0.009491694128163855,0.3243364221161964,-0.24293691601980744,10.76923076923077,0.19230769230769232,0.3076923076923077,0.0,0.5,-0.20798258813809445,-0.029402767415181757,0.03518693204917154,-0.137180351402739,-0.17850133851360517,-0.2538660413125204,-0.16796961282835973,-0.02244166062035524,-0.15683146726939637,-0.11699152044594222,1,-0.2538660413125204,-0.43184364094665534,-8.250361175882743,0.8732149191236036,3.55731262853918e-13,0.5041181041181041,176786,False,,,,,,,,,,,,,,,,,
,i027+i101+i049+i068,Zig Zag + Median Price + TRIX + Non-Directional Close-to-Close Volatility,True,1,30,8,3,5,0.375,-0.0676874315076681,0.7995541284637013,0.03303218042359284,0.0,-0.9002737403949624,0.3727335545399624,0.9045123746618351,-0.1125342175493703,-0.008460928938458512,0.17831987971783406,-0.2870466759096929,12.0,0.125,0.25,0.0,0.625,,,,0.0013804477311912216,,-0.026354101242064238,-0.2839022937014692,,-0.20589122913685934,0.04306080176311143,1,-0.2839022937014692,-0.17721986394079337,-3.385780746584982,0.8732149191236036,3.716108306244376e-11,0.5041181041181041,176786,False,,,,,,,,,,,,,,,,,
,i020+i049+i101+i042,Parabolic SAR + TRIX + Median Price + Connors RSI,True,1,28,9,3,6,0.4444444444444444,-0.07664704404704015,0.9009029033451339,0.041423353646881586,0.0,-1.0189733010390556,0.4039964697634242,1.0474870161955732,-0.11321925567100617,-0.008516338227448905,0.17267582972182965,-0.34193532398527476,10.444444444444445,0.1111111111111111,0.4444444444444444,0.0,0.4444444444444444,,,0.14482397065956484,-0.02617496400762092,-0.18746290631587886,-0.4025355802854046,0.03427481475959412,0.1685427419925022,0.0038847534211980048,-0.40231327004584927,2,-0.4025355802854046,-0.201213058489681,-3.8441700848130664,0.8732149191236036,2.0511919937489682e-11,0.5041181041181041,176786,False,,,,,,,,,,,,,,,,,
,i020+i035+i043+i101,Parabolic SAR + 52-Week High/Low + Awesome Oscillator + Median Price,False,1,31,31,26,5,0.2903225806451613,-0.3424132257687784,3.100729056696775,0.08278566327479639,0.0,-3.5259279457403494,0.3951629836826688,3.5259279457403516,-0.1137396111529145,-0.01104558792802511,0.2559580643122558,-0.26497956929775685,8.96774193548387,0.1935483870967742,0.3548387096774194,0.0,0.45161290322580644,-0.1762601272141982,-0.03627717670745599,-0.10877363402151585,-0.21037590987964092,-0.012939819833332276,-0.15452425749884371,-0.08311708270637669,-0.06849114496701322,-0.19654937976312328,-0.08412729112938507,0,-0.21037590987964092,-0.40902519252147634,-7.8144153308350095,0.8732149191236036,2.90519595452385e-17,0.5041181041181041,176786,False,,,,,,,,,,,,,,,,,
,i030+i020+i035+i043,Keltner Channels + Parabolic SAR + 52-Week High/Low + Awesome Oscillator,False,1,31,39,32,7,0.28205128205128205,-0.4388096154164689,3.9008872715120777,0.10814297199908751,0.0,-4.447839858927632,0.37817001821293617,4.447839858927633,-0.11404717586993929,-0.011251528600422278,0.24590756750596468,-0.2554579679104731,9.538461538461538,0.1794871794871795,0.3333333333333333,0.0,0.48717948717948717,-0.17293388046972952,-0.028831296963652702,-0.1451791673257237,-0.21037590987964092,-0.012355623615842543,-0.089324421433945,-0.11460975264434384,-0.061750270820371024,-0.18275381550707945,-0.08334587527782386,0,-0.21037590987964092,-0.4225098168718114,-8.072038717316946,0.8732149191236036,6.809366279402709e-16,0.5041181041181041,176786,False,,,,,,,,,,,,,,,,,
,i031+i032+i049+i097,Donchian Channels + Price Channel + TRIX + Standard Error,True,2,61,46,25,21,0.30434782608695654,-0.6748156750059353,4.5987657401662965,0.14483304719649764,0.0,-5.418414462368729,0.34088723408728455,5.418414462368729,-0.11779161874714628,-0.014669905978389897,0.2001682537430953,-0.256899062961627,11.956521739130435,0.13043478260869565,0.2826086956521739,0.0,0.5869565217391305,-0.18703511385345678,-0.05215919134171303,0.08008831280494878,-0.08625965307088741,-0.17574300599262294,-0.1420286877542733,-0.1683962552092198,-0.057873033981509114,-0.16628666815670404,-0.11667125555305027,1,-0.17574300599262294,-0.41053701674356363,-7.8432986920426115,0.8732149191236036,8.72896324915281e-25,0.5041181041181041,176786,False,,,,,,,,,,,,,,,,,
,i059+i032+i049+i097,Bollinger Bands + Price Channel + TRIX + Standard Error,True,2,61,59,28,31,0.2711864406779661,-0.8339044894219105,5.9003633309804755,0.2301822317903211,0.0018449999999999717,-6.962605052192707,0.22937165013170333,6.962605052192708,-0.11801025512191028,-0.014133974396981535,0.12952289277231632,-0.21011561247790156,13.694915254237289,0.05084745762711865,0.1694915254237288,0.0,0.7796610169491526,-0.16853649333732598,-0.0696717723978432,-0.1239079043692712,-0.16613183545245191,-0.09751602459398521,-0.1280169768602097,-0.06300469852006854,-0.09338178344145265,-0.14665048284994983,-0.12107505779695676,0,-0.16613183545245191,-0.4905997991758778,-9.37289600269123,0.8732149191236036,2.934196499494487e-41,0.5041181041181041,176786,False,,,,,,,,,,,,,,,,,
,i027+i020+i049+i042,Zig Zag + Parabolic SAR + TRIX + Connors RSI,True,5,151,21,8,13,0.2857142857142857,-0.31660998010730745,2.1012965314290586,0.07958938491055108,0.0,-2.4974958964469165,0.4202536961666456,2.7737122633784446,-0.11892837602128173,-0.015076665719395593,0.3017359704589407,-0.2871941146133707,10.571428571428571,0.19047619047619047,0.38095238095238093,0.0,0.42857142857142855,-0.23366757431685087,-0.020160656356157918,-0.06095008326995646,0.06102836589736492,-0.16920357995495613,-0.34935325350870117,-0.16275869501767737,-0.06284264020381336,-0.23738921847755654,-0.08630937564982262,1,-0.34935325350870117,-0.1661400467487294,-3.1741011363517617,0.8732149191236036,7.841295020479922e-47,0.5041181041181041,176786,False,,,,,,,,,,,,,,,,,
,i027+i024+i030+i032,Zig Zag + Williams Fractal + Keltner Channels + Price Channel,True,1,31,115,62,53,0.2956521739130435,-1.8493154276307822,11.498262790383555,0.32528921481090234,-0.017088000000000172,-13.689955432825238,0.4280530931378609,13.970946643608393,-0.11904309072021946,-0.01608100371852854,0.3013457294946802,-0.29550259550178226,9.956521739130435,0.23478260869565218,0.41739130434782606,0.0,0.34782608695652173,-0.16132783273758425,-0.07576693313403651,-0.09784876068421287,-0.10234443592156994,-0.00010480556850539078,-0.16532223077717687,-0.11861828999518555,-0.09511856232116325,-0.10346094244116832,-0.1368012581192551,0,-0.16532223077717687,-0.8005221676130216,-15.293954537873633,0.8732149191236036,2.0800299937780764e-25,0.5041181041181041,176786,False,,,,,,,,,,,,,,,,,
,i034+i032+i049+i068,Chande Kroll Stop + Price Channel + TRIX + Non-Directional Close-to-Close Volatility,True,1,30,41,22,19,0.2682926829268293,-0.679535905863593,4.098696611318954,0.15829827794214268,0.0,-4.936530795124691,0.24756776719254292,4.936530795124691,-0.12040319012499244,-0.01657404648447788,0.14765762324309034,-0.21869215502662281,13.195121951219512,0.07317073170731707,0.1951219512195122,0.0,0.7317073170731707,-0.18539288303372978,-0.058966675655038936,-0.03393927421600554,-0.09610122336688873,-0.16949365031847882,-0.10218978453589778,-0.17340128610072314,-0.04969221147825611,-0.17638198840976138,-0.13690358083946658,0,-0.17340128610072314,-0.5655885398485694,-10.805553881635749,0.8732149191236036,7.860315882451752e-15,0.5041181041181041,176786,False,,,,,,,,,,,,,,,,,
,i018+i099+i010+i035,SuperTrend + Average Price + Adaptive MA + 52-Week High/Low,True,1,31,11,3,8,0.36363636363636365,-0.19315981743688315,1.1002298971153517,0.03471870402575871,0.0,-1.3281084185779934,0.4759132564907424,2.1873957334314573,-0.12073712896163577,-0.017559983403353015,0.30150753204801206,-0.3620197923957203,7.454545454545454,0.2727272727272727,0.5454545454545454,0.0,0.18181818181818182,-0.30027133902485,0.10084658209910588,-0.4003397705411457,-0.40096044173125484,0.06827194757946527,-0.401307005669317,-0.03326058399622839,0.025345860814576793,0.3451091319730957,-0.4023545893544058,1,-0.401307005669317,-0.18068112480285278,-3.451908042504722,0.8732149191236036,1.8964129796677613e-12,0.5041181041181041,176786,False,,,,,,,,,,,,,,,,,
,i027+i020+i018+i049,Zig Zag + Parabolic SAR + SuperTrend + TRIX,True,9,258,90,43,47,0.3333333333333333,-1.7005368476224803,9.001247298682415,0.2981306194306521,0.0026890000000001635,-10.997225765735546,0.4096614264091341,12.371904078720238,-0.12219139739706163,-0.018894853862472003,0.2543816602468757,-0.3104779262190302,10.877777777777778,0.2111111111111111,0.37777777777777777,0.0,0.4111111111111111,-0.18229511916561614,-0.05410763412469086,0.002358730637290105,-0.09873609847458754,-0.1430487645593145,-0.21085980927384565,-0.0881206485885799,-0.28627206622357704,-0.07796912445439351,-0.054117268694067314,1,-0.21085980927384565,-0.22820601558790463,-4.3598698060762135,0.8732149191236036,2.972583309144415e-76,0.5041181041181041,176786,False,,,,,,,,,,,,,,,,,
,i027+i061+i049+i042,Zig Zag + Standard Error Bands + TRIX + Connors RSI,True,1,28,28,7,21,0.32142857142857145,-0.5938162038058414,2.800515548063003,0.08989277250615918,0.0,-3.484224524375004,0.4433898286572319,4.421454361429188,-0.12443659015625014,-0.021207721564494336,0.30838852643775405,-0.3294590138060416,9.607142857142858,0.25,0.42857142857142855,0.0,0.32142857142857145,-0.23554534932899573,0.009317875602352055,-0.04499021434666542,-0.1253802700762596,-0.02549742411865432,-0.19960033153071893,-0.2609558065765291,0.11558921644490969,-0.15242765011658313,-0.18846737353616402,0,-0.2609558065765291,-0.34089138374985617,-6.512720741973777,0.8732149191236036,1.0684905788590761e-11,0.5041181041181041,176786,False,,,,,,,,,,,,,,,,,
,i027+i034+i049+i069,Zig Zag + Chande Kroll Stop + TRIX + O-H-L-C Volatility,True,3,92,125,76,49,0.296,-2.779278707247246,12.497316723535572,0.33525951165763707,-0.020000000000000573,-15.631854942440453,0.36452654161495557,15.687274261109943,-0.12505483953952362,-0.022234229657977965,0.24234860897623303,-0.27953128948364864,10.952,0.176,0.328,0.0,0.496,-0.17047406187739508,-0.07551054602752486,-0.10464456808210654,-0.048430631319203145,-0.23086706966913517,-0.1230706390780873,-0.15316575142930947,-0.13844918941658207,-0.0902265080681725,-0.15551577668042088,0,-0.23086706966913517,-0.4700790058860676,-8.980846797369068,0.8732149191236036,9.754176224881661e-45,0.5041181041181041,176786,False,,,,,,,,,,,,,,,,,
,i027+i031+i010+i049,Zig Zag + Donchian Channels + Adaptive MA + TRIX,True,1,31,7,5,2,0.42857142857142855,-0.17127463995421088,0.7002383992155569,0.010625236538058984,0.0,-0.8821382757078269,0.336714977731651,1.231272081547818,-0.1260197536725467,-0.024467805707744414,0.14927176095197436,-0.3324883896409375,8.285714285714286,0.14285714285714285,0.42857142857142855,0.0,0.42857142857142855,,,,-0.025676554218858196,-0.16161137796485,-0.1691874704468035,,-0.16933998738229422,-0.16078653370658935,-0.02627262307388276,0,-0.1691874704468035,-0.20077223750691547,-3.8357482117625556,0.8732149191236036,3.768160050675305e-11,0.5041181041181041,176786,False,,,,,,,,,,,,,,,,,
,i020+i101+i049+i069,Parabolic SAR + Median Price + TRIX + O-H-L-C Volatility,True,1,31,20,12,8,0.2,-0.5236651801458825,1.9996337734801024,0.05351233952129596,0.0,-2.576811293147281,0.30361084761918716,2.576811293147281,-0.12884056465736404,-0.026183259007294124,0.28085871893339065,-0.23126538555505266,10.9,0.15,0.25,0.0,0.6,-0.22156846595125576,-0.029784113549490437,-0.1571708256448216,-0.008096218915821449,-0.11020259468900914,-0.31782390985280545,-0.14714076396357545,-0.12263166033596296,-0.22373920683044912,-0.04968481795679028,0,-0.31782390985280545,-0.38965531292790695,-7.444354300805742,0.8732149191236036,3.3637546210234583e-13,0.5041181041181041,176786,False,,,,,,,,,,,,,,,,,
,i020+i033+i049+i068,Parabolic SAR + MA Channel + TRIX + Non-Directional Close-to-Close Volatility,True,1,30,38,22,16,0.34210526315789475,-0.9798286644691956,3.799929783580259,0.11779036043804898,0.0,-4.897548808487503,0.2647499924765412,4.9282607967447305,-0.12888286338125007,-0.025784964854452516,0.13565516668143343,-0.2664426390138456,12.68421052631579,0.07894736842105263,0.2631578947368421,0.0,0.6578947368421053,-0.19589413307911407,-0.06808475191128152,-0.03277091471547159,-0.10725283782592053,-0.15216713625873343,-0.1628262431627207,-0.13049180094344123,-0.06078496103859673,-0.1581091665094543,-0.19303552282856462,0,-0.1628262431627207,-0.5542339932481005,-10.588625573424695,0.8732149191236036,7.471942036153253e-32,0.5041181041181041,176786,False,,,,,,,,,,,,,,,,,
,i031+i032+i049+i064,Donchian Channels + Price Channel + TRIX + ATR,True,3,93,62,30,32,0.24193548387096775,-1.732046240105689,6.200783222853565,0.17335507010661816,0.0003909999999995861,-8.105793533065873,0.2714637468554641,8.105793533065873,-0.13073860537203022,-0.02793622967912402,0.20135617358095553,-0.23672630078255755,11.435483870967742,0.0967741935483871,0.2903225806451613,0.0,0.6129032258064516,-0.19007631103071793,-0.07200518050325258,0.025721950169870868,-0.13680990913960026,-0.0720395815005723,-0.23025356847511486,-0.21551177518464573,-0.11275836017385932,-0.1517679498859776,-0.11178760138769259,1,-0.23025356847511486,-0.3595220051171421,-6.868658263420839,0.8732149191236036,3.0483973512243157e-66,0.5041181041181041,176786,False,,,,,,,,,,,,,,,,,
,i027+i049+i101+i068,Zig Zag + TRIX + Median Price + Non-Directional Close-to-Close Volatility,True,1,28,14,3,11,0.2857142857142857,-0.3701176023209185,1.4007850588011608,0.06182146633413206,0.0,-1.832724127456211,0.3815353812158763,2.1311043738506776,-0.1309088662468722,-0.02643697159435132,0.28265525520572016,-0.2963345148279091,7.785714285714286,0.21428571428571427,0.5,0.0,0.2857142857142857,-0.275390681363637,0.0005242195235780961,-0.037381300690730035,-0.15121331459834925,-0.1524930523824884,-0.17194719879378373,-0.05899359474551264,,-0.25103812613393267,-0.11088732293236216,0,-0.17194719879378373,-0.3337076481335494,-6.375475665731229,0.8732149191236036,6.084806426974322e-11,0.5041181041181041,176786,False,,,,,,,,,,,,,,,,,
,i027+i020+i049+i099,Zig Zag + Parabolic SAR + TRIX + Average Price,False,1,31,12,4,8,0.25,-0.34387737138545926,1.2007018554618645,0.0448345122901178,0.0,-1.5894137391374414,0.3967102221822735,2.10755566772501,-0.13245114492812013,-0.02865644761545494,0.3483879559358721,-0.29273084521611753,9.416666666666666,0.25,0.4166666666666667,0.0,0.3333333333333333,-0.2755254446892464,0.06576400038433532,-0.27029348729014496,-0.4008037676329478,,0.3483879559358721,-0.2555224024521819,-0.09128918542720085,-0.2038237153519313,-0.11734583946667414,1,-0.4008037676329478,-0.23731855589821507,-4.533964644256635,0.8732149191236036,7.692182271243396e-11,0.5041181041181041,176786,False,,,,,,,,,,,,,,,,,
,i031+i010+i033+i049,Donchian Channels + Adaptive MA + MA Channel + TRIX,True,1,31,37,21,16,0.24324324324324326,-1.1900051993941951,3.6996154417415252,0.11675574858351914,0.0,-5.006376389719238,0.3219352400418943,5.0063763897192395,-0.13530746999241183,-0.0321623026863296,0.2641060395443836,-0.26369038377209614,10.891891891891891,0.13513513513513514,0.32432432432432434,0.0,0.5405405405405406,-0.21154159755222868,-0.06811320696800997,-0.14989058886011772,-0.09349607755394201,-0.06095739212801808,-0.14358199123660292,-0.17114718480437732,-0.15380068868186147,-0.20131794818728102,0.020825309329504587,0,-0.17114718480437732,-0.5896151076355028,-11.264580814681446,0.8732149191236036,1.939572199372865e-17,0.5041181041181041,176786,False,,,,,,,,,,,,,,,,,
,i031+i101+i049+i097,Donchian Channels + Median Price + TRIX + Standard Error,True,1,31,23,11,12,0.2608695652173913,-0.7574952814137115,2.299855216311444,0.06548777252420762,0.0,-3.1228382702493636,0.3463101090965657,3.122838270249363,-0.13577557696736361,-0.032934577452770064,0.2757348392845058,-0.2810145474091999,9.73913043478261,0.17391304347826086,0.34782608695652173,0.0,0.4782608695652174,-0.23373710021058108,-0.027811434386679358,0.14137092546562732,0.012410186674244785,-0.22489771550154156,-0.401083451545135,-0.23710566222333068,-0.11687563309577605,-0.18892488895776077,-0.1091371795416229,2,-0.401083451545135,-0.39623595112792825,-7.570077217088521,0.8732149191236036,2.977138011886313e-13,0.5041181041181041,176786,False,,,,,,,,,,,,,,,,,
,i027+i035+i033+i049,Zig Zag + 52-Week High/Low + MA Channel + TRIX,False,4,124,8,2,6,0.375,-0.23861842636415664,0.799519309213182,0.051231407693072724,0.0,-1.0893691432704113,0.382274522563914,1.0893691432704113,-0.13617114290880142,-0.02982730329551958,0.22471582407340157,-0.3527033230981232,9.0,0.125,0.5,0.0,0.375,,,0.12204521476148084,,-0.09499678652838063,-0.12699619771861992,-0.22360614681412777,,-0.12699619771861992,-0.13748184936454164,1,-0.22360614681412777,-0.11832957861685293,-2.2606834252299284,0.8732149191236036,7.895074726401581e-39,0.5041181041181041,176786,False,,,,,,,,,,,,,,,,,
,i027+i049+i101+i042,Zig Zag + TRIX + Median Price + Connors RSI,False,1,28,14,6,8,0.2857142857142857,-0.4469019679275821,1.3996127739626578,0.07879571374540233,0.0,-1.925310455635642,0.39338886567026043,2.4897290022635343,-0.13752217540254585,-0.03192156913768444,0.31214218357633,-0.3173879189940962,7.714285714285714,0.21428571428571427,0.5,0.0,0.2857142857142857,-0.2705769695598818,0.015281942252788302,,-0.2347369552089996,-0.40343952778827513,-0.15573521678196559,0.00943737501109777,,-0.06816384069081997,-0.1895409264363403,1,-0.40343952778827513,-0.3229952015395961,-6.170814660920028,0.8732149191236036,7.612904483146249e-11,0.5041181041181041,176786,False,,,,,,,,,,,,,,,,,
,i027+i024+i033+i049,Zig Zag + Williams Fractal + MA Channel + TRIX,True,2,61,38,19,19,0.2894736842105263,-1.403505239676317,3.7992692623861575,0.11042790333585575,-0.00013099999999974243,-5.313333405398329,0.27921364545529687,6.078958409030436,-0.13982456329995605,-0.03693434841253466,0.18711321704874628,-0.2730214367753533,11.473684210526315,0.10526315789473684,0.3157894736842105,0.0,0.5789473684210527,-0.2220206342651621,-0.05674653159607881,-0.13003540056430324,-0.16069814847104544,-0.12886022776950898,-0.10831874128727871,-0.1662700628217535,-0.08442158794776149,-0.15985207903649398,-0.1419265282390084,0,-0.1662700628217535,-0.3471657746509685,-6.6325928118261235,0.8732149191236036,7.5004353410664815e-31,0.5041181041181041,176786,False,,,,,,,,,,,,,,,,,
,i030+i049+i099+i042,Keltner Channels + TRIX + Average Price + Connors RSI,False,1,31,9,3,6,0.1111111111111111,-0.3605524632544377,0.899846006430257,0.00905521363727736,0.0,-1.2694536833219723,0.21547492109547556,1.5110711138297788,-0.1410504092579969,-0.040061384806048636,0.34866371975018995,-0.2022646753840203,13.444444444444445,0.1111111111111111,0.1111111111111111,0.0,0.7777777777777778,,,-0.1658766403758206,-0.15822491974629405,-0.1412080023536352,-0.10472197344942906,,-0.09978444523023056,-0.13464380652553695,-0.401459398889515,0,-0.1658766403758206,-0.309956926025938,-5.921718756989292,0.8732149191236036,1.7039112045196672e-11,0.5041181041181041,176786,False,,,,,,,,,,,,,,,,,
,i018+i010+i035+i064,SuperTrend + Adaptive MA + 52-Week High/Low + ATR,True,1,31,15,5,10,0.3333333333333333,-0.5843349078873961,1.5006343095701262,0.044543269431894565,0.0,-2.1295124868894173,0.4208877703802322,2.187509887267573,-0.14196749912596116,-0.0389556605258264,0.3095378466423448,-0.36772017201011414,5.866666666666666,0.26666666666666666,0.6,0.0,0.13333333333333333,-0.28688749757747195,0.026709008865035615,-0.40034084177761203,-0.4008569951116923,0.08005001848411869,-0.401307005669317,0.0917126456757397,0.17070273227276112,0.2435516849497366,-0.32744219589611256,2,-0.401307005669317,-0.2694684996824431,-5.14818845781737,0.8732149191236036,7.711976688677279e-15,0.5041181041181041,176786,False,,,,,,,,,,,,,,,,,
,i018+i010+i035,SuperTrend + Adaptive MA + 52-Week High/Low,True,1,31,17,7,10,0.29411764705882354,-0.6736404188260381,1.700589656814657,0.050844020659227135,0.0,-2.4250740962999227,0.38957498970923443,2.483071496678079,-0.1426514174294072,-0.039625906989766944,0.3095378466423448,-0.3310636107926373,6.9411764705882355,0.23529411764705882,0.5294117647058824,0.0,0.23529411764705882,-0.27463585371553656,-0.012186044415148254,-0.40034084177761203,-0.4008569951116923,0.014955497572869734,-0.401307005669317,0.0917126456757397,0.025345860814576793,0.15973122820640978,-0.32744219589611256,2,-0.401307005669317,-0.3167679048472217,-6.051842324662297,0.8732149191236036,3.8772776467648824e-18,0.5041181041181041,176786,False,,,,,,,,,,,,,,,,,
,i024+i018+i049+i010,Williams Fractal + SuperTrend + TRIX + Adaptive MA,True,1,30,16,8,8,0.3125,-0.6556538929441857,1.5994091516682636,0.03391328055689888,0.0,-2.2889763251693482,0.18489129437352173,2.2889763251693487,-0.14306102032308426,-0.04097836830901161,0.10384180481194465,-0.2552895772026429,13.5,0.0625,0.1875,0.0,0.75,-0.24466214645833634,-0.0432622021038467,0.053292132245192365,-0.0889157677154901,-0.18056979834031542,-0.22650064176241183,-0.10413092757319153,-0.10893755823031294,-0.3460679084736702,0.05647809901541767,1,-0.22650064176241183,-0.4478431638570827,-8.55603163189194,0.8732149191236036,4.564671359057961e-14,0.5041181041181041,176786,False,,,,,,,,,,,,,,,,,
,i018+i010+i035+i097,SuperTrend + Adaptive MA + 52-Week High/Low + Standard Error,True,1,31,16,6,10,0.3125,-0.6569576254591314,1.6005979982113405,0.04750746198584287,0.0,-2.305063085656315,0.4017100257476307,2.3630604860344713,-0.1440664428535197,-0.04105985159119571,0.3095378466423448,-0.3502502108061854,6.4375,0.25,0.5625,0.0,0.1875,-0.285227544380031,0.002330680611137943,-0.40034084177761203,-0.4008569951116923,0.03744991560894928,-0.401307005669317,0.0917126456757397,0.17070273227276112,0.15973122820640978,-0.32744219589611256,2,-0.401307005669317,-0.3007706877491682,-5.746215921136647,0.8732149191236036,1.4730158483321195e-17,0.5041181041181041,176786,False,,,,,,,,,,,,,,,,,
,i018+i099+i010+i035,SuperTrend + Average Price + Adaptive MA + 52-Week High/Low,False,1,31,12,4,8,0.3333333333333333,-0.4931598174368945,1.2000798971153517,0.038069461296901995,0.0,-1.7313091758491483,0.4105859090002949,2.5905964907026124,-0.1442757646540957,-0.04109665145307455,0.30150753204801206,-0.36716741300514955,6.916666666666667,0.25,0.5833333333333334,0.0,0.16666666666666666,-0.30237399093784034,0.05747637979139611,-0.4003397705411457,-0.40096044173125484,-0.01030683656230471,-0.401307005669317,-0.03326058399622839,0.025345860814576793,0.3451091319730957,-0.4024754704853699,0,-0.401307005669317,-0.22155539098038024,-4.232809801355506,0.8732149191236036,1.4429202423789177e-13,0.5041181041181041,176786,False,,,,,,,,,,,,,,,,,
,i030+i101+i049+i042,Keltner Channels + Median Price + TRIX + Connors RSI,True,1,30,9,4,5,0.2222222222222222,-0.38488506067798633,0.9003845955460327,0.02829174626699368,0.0,-1.3135614024910127,0.21341455508720414,1.3135614024910127,-0.14595126694344585,-0.04276500674199848,0.17819623036847715,-0.23856483760399527,14.555555555555555,0.0,0.2222222222222222,0.0,0.7777777777777778,,,-0.3449323570321993,-0.16028619343188086,-0.13865503502945303,-0.16337556340602064,0.2762163669315274,-0.05026470416373284,-0.2107810408368889,-0.40059606833586336,1,-0.3449323570321993,-0.35183812975604767,-6.7218580307705995,0.8732149191236036,1.4291668876106404e-20,0.5041181041181041,176786,False,,,,,,,,,,,,,,,,,
,i027+i020+i033+i049,Zig Zag + Parabolic SAR + MA Channel + TRIX,True,4,123,35,15,20,0.2571428571428571,-1.4957507343480336,3.4995672990203888,0.12225049235124502,0.0,-5.1175685257196655,0.28526829682431193,5.466505861542478,-0.14621624359199045,-0.042735735267086676,0.2269507488267946,-0.27538943327541615,11.057142857142857,0.14285714285714285,0.34285714285714286,0.0,0.5142857142857142,-0.22383364200622377,-0.06899869650553801,-0.08866991369284635,-0.04523715517700601,-0.24199708081482785,-0.22258634503274072,-0.11150374811432359,-0.1577555971265641,-0.17437614243398822,-0.10609355856768161,0,-0.24199708081482785,-0.29959131841547004,-5.723684101653466,0.8732149191236036,2.6187342437202932e-49,0.5041181041181041,176786,False,,,,,,,,,,,,,,,,,
,i020+i010+i049+i097,Parabolic SAR + Adaptive MA + TRIX + Standard Error,True,1,31,24,13,11,0.25,-1.0676649987177766,2.3998179044293084,0.05758902590441729,0.0,-3.525071929051502,0.2674570691291116,3.525071929051503,-0.14687799704381257,-0.0444860416132407,0.2145051543242109,-0.2673390474998204,10.125,0.125,0.3333333333333333,0.0,0.5416666666666666,-0.22303844951932408,-0.04974292534862853,-0.1259641029980179,0.011880362383754825,-0.18747019762626316,-0.366732626469842,-0.2193009130765635,-0.1422296796377532,-0.22917985695979537,-0.07513048182245778,1,-0.366732626469842,-0.43821428038501203,-8.372072071457232,0.8732149191236036,1.7152485657863748e-22,0.5041181041181041,176786,False,,,,,,,,,,,,,,,,,
,i027+i049+i042+i052,Zig Zag + TRIX + Connors RSI + Williams %R,False,2,61,31,16,15,0.1935483870967742,-1.3322034405949035,3.101113761817417,0.13599724664241478,0.0,-4.569314449054735,0.25050222380279236,4.569314449054735,-0.14739724029208823,-0.04297430453531947,0.2545312045598538,-0.24386006705655433,11.483870967741936,0.0967741935483871,0.3225806451612903,0.0,0.5806451612903226,-0.23219601585849386,-0.06384120296517085,-0.19416255406381952,-0.18658501841529126,-0.1202998639998517,-0.06862319485332657,-0.15291386019666384,-0.06788217409008886,-0.23020318373024423,-0.16728490705149207,0,-0.19416255406381952,-0.3718492392889772,-7.104169741590055,0.8732149191236036,1.5183318375302195e-26,0.5041181041181041,176786,False,,,,,,,,,,,,,,,,,
,i020+i032+i049+i069,Parabolic SAR + Price Channel + TRIX + O-H-L-C Volatility,True,1,31,19,11,8,0.15789473684210525,-0.8939372074798002,1.8996983300321142,0.044558935755694445,0.0,-2.8381944732676088,0.2684646070005099,2.8381944732676088,-0.14937865648776888,-0.047049326709463164,0.34719430353765474,-0.24248608649253578,10.210526315789474,0.15789473684210525,0.3157894736842105,0.0,0.5263157894736842,-0.23934305007459566,-0.05222488607215201,-0.043590144748491454,-0.17620037043218426,-0.10378755876511625,-0.3265527903490266,-0.12295274869257335,-0.13894995088170978,-0.19670271510719467,-0.10459596037116464,0,-0.3265527903490266,-0.5106033649806735,-9.755063590787053,0.8732149191236036,4.595155190299592e-15,0.5041181041181041,176786,False,,,,,,,,,,,,,,,,,
,i027+i018+i049+i052,Zig Zag + SuperTrend + TRIX + Williams %R,True,1,30,6,5,1,0.16666666666666666,-0.2888737943111952,0.6001555631028446,0.01415063695242063,0.0,-0.9031799943664605,0.274601945307378,0.9031799943664603,-0.15052999906107675,-0.0481456323851992,0.34190191414399357,-0.2490163817020908,13.166666666666666,0.16666666666666666,0.3333333333333333,0.0,0.5,,,-0.06450037609605141,-0.40075938266488054,-0.18928239462706536,-0.4012573604953912,0.34190191414399357,-0.4012573604953912,-0.18928239462706536,-0.041119281538979466,1,-0.4012573604953912,-0.22012063591448044,-4.205398844309451,0.8732149191236036,2.756397221672209e-11,0.5041181041181041,176786,False,,,,,,,,,,,,,,,,,
,i027+i034+i049+i042,Zig Zag + Chande Kroll Stop + TRIX + Connors RSI,True,3,90,57,21,36,0.24561403508771928,-2.769434748966948,5.699668851019927,0.1626508260372257,-0.002067000000000041,-8.6338214260241,0.30074054375046566,8.6338214260241,-0.15147055133375614,-0.04858657454327979,0.2652336724741635,-0.2871416939688928,10.649122807017545,0.15789473684210525,0.3508771929824561,0.0,0.49122807017543857,-0.21579378975411426,-0.09417705247904598,-0.11006571317085836,-0.10392187191807527,-0.09863549723999726,-0.170565701007106,-0.30222365327510375,-0.14479457941108978,-0.2672422882648205,-0.07083455111015764,0,-0.30222365327510375,-0.45565770241982506,-8.705328181504564,0.8732149191236036,3.194808562739939e-51,0.5041181041181041,176786,False,,,,,,,,,,,,,,,,,
,i031+i020+i101+i049,Donchian Channels + Parabolic SAR + Median Price + TRIX,True,1,31,22,8,14,0.22727272727272727,-1.0674451062950285,2.1995745835956093,0.07441286721199146,0.0,-3.3414325571026295,0.2814889751298349,3.341432557102629,-0.15188329805011952,-0.04852023210431948,0.26181266352433347,-0.2735585808661351,10.090909090909092,0.13636363636363635,0.36363636363636365,0.0,0.5,-0.25127529938852183,-0.04770014100901331,-0.14809521695134928,-0.026073483174729316,-0.08976729929971211,-0.31782390985280545,-0.2077483662310958,-0.15437005144341476,-0.2723755660017623,-0.027246441109651357,0,-0.31782390985280545,-0.4717481794475934,-9.012736313485675,0.8732149191236036,1.170752982723506e-12,0.5041181041181041,176786,False,,,,,,,,,,,,,,,,,
,i020+i049+i099+i042,Parabolic SAR + TRIX + Average Price + Connors RSI,True,1,31,6,3,3,0.0,-0.29945876418090434,0.6001704138682885,0.014710532166024474,0.0,-0.9143397102152173,0.0,0.9143397102152171,-0.15238995170253622,-0.04990979403015072,0.0,-0.15238995170253622,15.0,0.0,0.0,0.0,1.0,,,-0.16440098841502832,-0.08295457364341023,-0.1412080023536352,-0.26137024120896213,-0.10000491617915307,-0.1546263415723164,-0.1412080023536352,,0,-0.26137024120896213,-0.4336181828445489,-8.2842637512391,0.8732149191236036,1.966737990122017e-39,0.5041181041181041,176786,False,,,,,,,,,,,,,,,,,
,i027+i049+i042+i052,Zig Zag + TRIX + Connors RSI + Williams %R,True,2,45,6,2,4,0.16666666666666666,-0.292956610971995,0.6005384220171893,0.022473704817907284,0.0,-0.9159687378070916,0.23168916121635874,0.9466428962307837,-0.15266145630118194,-0.04882610182866583,0.2762163669315274,-0.2384370209477238,14.5,0.0,0.16666666666666666,0.0,0.8333333333333334,,,-0.2495713620551747,,-0.2107810408368889,-0.24113066989569035,0.2762163669315274,0.019748617823991045,-0.22816162467236215,-0.2495713620551747,1,-0.2495713620551747,-0.2166192961113259,-4.138505841295225,0.8732149191236036,7.002152427315248e-17,0.5041181041181041,176786,False,,,,,,,,,,,,,,,,,
,i059+i101+i049+i042,Bollinger Bands + Median Price + TRIX + Connors RSI,False,1,30,33,14,19,0.09090909090909091,-1.7057892967219157,3.301088557398022,0.11277639024814706,0.0,-5.119654244368084,0.12117381762767787,5.119654244368085,-0.15514103770812376,-0.05169058474914896,0.23530176280106965,-0.19418531775904313,13.696969696969697,0.030303030303030304,0.21212121212121213,0.0,0.7575757575757576,-0.23094522872270498,-0.06901725282211095,-0.14288490211659038,-0.13594839202481043,-0.13380213297051927,-0.3317648498119299,0.005673648029847828,-0.139570295542982,-0.12180494899309295,-0.23581638274279343,1,-0.3317648498119299,-0.5808346142945985,-11.096829724944218,0.8732149191236036,8.447062186681799e-20,0.5041181041181041,176786,False,,,,,,,,,,,,,,,,,
,i018+i032+i049+i069,SuperTrend + Price Channel + TRIX + O-H-L-C Volatility,True,1,31,17,9,8,0.17647058823529413,-0.963472565137169,1.6995348831659227,0.025596582329728987,0.0,-2.6886040306328214,0.20952504922296214,2.688604030632821,-0.1581531782725189,-0.056674856772774646,0.2375491221261522,-0.24294652835794842,11.882352941176471,0.058823529411764705,0.29411764705882354,0.0,0.6470588235294118,-0.246457796759863,-0.055711986629866726,-0.0863323833196793,-0.06655403924521326,-0.17850133851360517,-0.3265728662664233,-0.316780348274347,-0.13871011644049036,-0.18053142360194394,-0.15130441677859355,0,-0.3265728662664233,-0.4993784404147943,-9.540611708069665,0.8732149191236036,3.233952995185122e-14,0.5041181041181041,176786,False,,,,,,,,,,,,,,,,,
,i020+i035+i032+i049,Parabolic SAR + 52-Week High/Low + Price Channel + TRIX,False,4,124,7,4,3,0.2857142857142857,-0.3965910779564208,0.6999517044610217,0.02478842174240232,0.0,-1.121331204159845,0.381415843413911,1.470883797380646,-0.160190172022835,-0.05665586827948868,0.34570355741195025,-0.36254766379674913,5.142857142857143,0.2857142857142857,0.5714285714285714,0.0,0.14285714285714285,,,-0.40002909383890356,-0.02569559335978773,-0.30057349072576606,,-0.03438197107491689,-0.19951481558535467,,-0.15363606476241504,0,-0.40002909383890356,-0.11333999695587753,-2.1653576014448026,0.8732149191236036,1.2628413313646693e-38,0.5041181041181041,176786,False,,,,,,,,,,,,,,,,,
,i027+i031+i033+i049,Zig Zag + Donchian Channels + MA Channel + TRIX,True,2,61,31,16,15,0.25806451612903225,-1.8204794696362936,3.099627749501137,0.0790731004956925,0.0,-4.999180319633123,0.21734735756374896,5.464464724411756,-0.16126388127848784,-0.05872514418181592,0.17353781446944075,-0.2777166450168978,11.806451612903226,0.0967741935483871,0.3225806451612903,0.0,0.5806451612903226,-0.24196742735905458,-0.07027852941877313,-0.13003540056430324,-0.2072972406973862,-0.12886022776950898,-0.10831874128727871,-0.2572014545764554,-0.08442158794776149,-0.18887894619767598,-0.17500500122596144,0,-0.2572014545764554,-0.3427329124402043,-6.5479030982030295,0.8732149191236036,3.1771279045984666e-41,0.5041181041181041,176786,False,,,,,,,,,,,,,,,,,
,i027+i049+i099+i063,Zig Zag + TRIX + Average Price + BB Width,True,1,30,4,3,1,0.25,-0.23986000756714976,0.40018006999621647,0.015505724006559482,0.0,-0.6555458015699256,0.3473032541494038,1.0043650527407129,-0.1638864503924814,-0.05996500189178744,0.3488192511707871,-0.3347883509135709,10.0,0.25,0.5,0.0,0.25,,,,,,0.07902913939545955,-0.4068020401804224,-0.4063287819889863,-0.029228023600535676,-0.190760972379868,1,-0.4068020401804224,-0.20132617736163977,-3.8463312178273736,0.8732149191236036,2.8063598847392703e-16,0.5041181041181041,176786,False,,,,,,,,,,,,,,,,,
,i020+i035+i049+i063,Parabolic SAR + 52-Week High/Low + TRIX + BB Width,True,1,31,4,3,1,0.25,-0.2465910779564484,0.4001767044610218,0.012874081028868854,0.0,-0.6596418634463391,0.34134373993394296,0.6596418634463391,-0.16491046586158478,-0.0616477694891121,0.34185452160309965,-0.33383212834981296,4.75,0.25,0.5,0.0,0.25,,,,-0.40094377994037633,-0.19951481558535467,-0.4010377895237078,0.34185452160309965,-0.19951481558535467,,-0.1533756826203281,1,-0.4010377895237078,-0.20356123891566835,-3.8890320088605415,0.8732149191236036,1.0618572947925647e-17,0.5041181041181041,176786,False,,,,,,,,,,,,,,,,,
,i020+i035+i049+i097,Parabolic SAR + 52-Week High/Low + TRIX + Standard Error,False,1,31,4,3,1,0.25,-0.2465910779564484,0.4001767044610218,0.012874081028868854,0.0,-0.6596418634463391,0.34134373993394296,0.6596418634463391,-0.16491046586158478,-0.0616477694891121,0.34185452160309965,-0.33383212834981296,4.75,0.25,0.5,0.0,0.25,,,,-0.40094377994037633,-0.19951481558535467,-0.4010377895237078,0.34185452160309965,-0.19951481558535467,,-0.1533756826203281,1,-0.4010377895237078,-0.20356123891566835,-3.8890320088605415,0.8732149191236036,1.0618572947925647e-17,0.5041181041181041,176786,False,,,,,,,,,,,,,,,,,
,i020+i035+i049+i097,Parabolic SAR + 52-Week High/Low + TRIX + Standard Error,True,1,31,4,3,1,0.25,-0.2465910779564484,0.4001767044610218,0.012874081028868854,0.0,-0.6596418634463391,0.34134373993394296,0.6596418634463391,-0.16491046586158478,-0.0616477694891121,0.34185452160309965,-0.33383212834981296,4.75,0.25,0.5,0.0,0.25,,,,-0.40094377994037633,-0.19951481558535467,-0.4010377895237078,0.34185452160309965,-0.19951481558535467,,-0.1533756826203281,1,-0.4010377895237078,-0.20356123891566835,-3.8890320088605415,0.8732149191236036,1.0618572947925647e-17,0.5041181041181041,176786,False,,,,,,,,,,,,,,,,,
,i030+i020+i035+i049,Keltner Channels + Parabolic SAR + 52-Week High/Low + TRIX,True,1,31,4,3,1,0.25,-0.2465910779564484,0.4001767044610218,0.012874081028868854,0.0,-0.6596418634463391,0.34134373993394296,0.6596418634463391,-0.16491046586158478,-0.0616477694891121,0.34185452160309965,-0.33383212834981296,4.75,0.25,0.5,0.0,0.25,,,,-0.40094377994037633,-0.19951481558535467,-0.4010377895237078,0.34185452160309965,-0.19951481558535467,,-0.1533756826203281,1,-0.4010377895237078,-0.20356123891566835,-3.8890320088605415,0.8732149191236036,1.0618572947925647e-17,0.5041181041181041,176786,False,,,,,,,,,,,,,,,,,
,i027+i049+i033+i042,Zig Zag + TRIX + MA Channel + Connors RSI,True,2,58,23,7,16,0.21739130434782608,-1.4926381397405986,2.300817813344123,0.08105722205388678,0.0,-3.8745131751386075,0.301183782819223,4.445600624378213,-0.1684570945712438,-0.06489731042350429,0.333976374898377,-0.30802194720169396,10.434782608695652,0.17391304347826086,0.43478260869565216,0.0,0.391304347826087,-0.28759240434256256,-0.055779096840031475,-0.04973637113694359,-0.21844376814321348,-0.16149292842229274,-0.25605873974481563,-0.011069800228845496,-0.06624777175041861,-0.28856600569084806,-0.12736983231164734,0,-0.25605873974481563,-0.38996912744820683,-7.450349718797853,0.8732149191236036,7.530027327731889e-25,0.5041181041181041,176786,False,,,,,,,,,,,,,,,,,
,i027+i035+i049+i064,Zig Zag + 52-Week High/Low + TRIX + ATR,True,1,31,11,2,9,0.36363636363636365,-0.7478721164489888,1.100212373103978,0.039069583083419145,0.0,-1.8871540726363858,0.3319528085835185,2.264601194058708,-0.17155946114876233,-0.06798837422263534,0.2344318270814073,-0.40355448299457364,6.636363636363637,0.18181818181818182,0.6363636363636364,0.0,0.18181818181818182,-0.3423561082681977,0.1502542328510326,-0.40038175082014277,-0.40078878987644717,-0.09538489430430536,0.19281252543345268,-0.16002509751926838,0.03698345677301449,-0.03063944968014433,-0.23285732875613896,1,-0.40078878987644717,-0.1726898795914456,-3.299235517109594,0.8732149191236036,7.526285991983172e-18,0.5041181041181041,176786,False,,,,,,,,,,,,,,,,,
,i027+i035+i049+i068,Zig Zag + 52-Week High/Low + TRIX + Non-Directional Close-to-Close Volatility,False,1,31,11,2,9,0.36363636363636365,-0.7478721164489888,1.100212373103978,0.039069583083419145,0.0,-1.8871540726363858,0.3319528085835185,2.264601194058708,-0.17155946114876233,-0.06798837422263534,0.2344318270814073,-0.40355448299457364,6.636363636363637,0.18181818181818182,0.6363636363636364,0.0,0.18181818181818182,-0.3423561082681977,0.1502542328510326,-0.40038175082014277,-0.40078878987644717,-0.09538489430430536,0.19281252543345268,-0.16002509751926838,0.03698345677301449,-0.03063944968014433,-0.23285732875613896,1,-0.40078878987644717,-0.1726898795914456,-3.299235517109594,0.8732149191236036,7.526285991983172e-18,0.5041181041181041,176786,False,,,,,,,,,,,,,,,,,
,i027+i035+i049+i097,Zig Zag + 52-Week High/Low + TRIX + Standard Error,False,1,31,11,2,9,0.36363636363636365,-0.7478721164489888,1.100212373103978,0.039069583083419145,0.0,-1.8871540726363858,0.3319528085835185,2.264601194058708,-0.17155946114876233,-0.06798837422263534,0.2344318270814073,-0.40355448299457364,6.636363636363637,0.18181818181818182,0.6363636363636364,0.0,0.18181818181818182,-0.3423561082681977,0.1502542328510326,-0.40038175082014277,-0.40078878987644717,-0.09538489430430536,0.19281252543345268,-0.16002509751926838,0.03698345677301449,-0.03063944968014433,-0.23285732875613896,1,-0.40078878987644717,-0.1726898795914456,-3.299235517109594,0.8732149191236036,7.526285991983172e-18,0.5041181041181041,176786,False,,,,,,,,,,,,,,,,,
,i020+i032+i043+i035,Parabolic SAR + Price Channel + Awesome Oscillator + 52-Week High/Low,True,1,31,12,8,4,0.3333333333333333,-0.8522731020558005,1.1995107795027757,0.021257342294567813,-0.007853000000000027,-2.0808942238531443,0.29009066484599205,2.0808942238531443,-0.173407851987762,-0.07102275850465004,0.21257925448352769,-0.36640140522340686,6.583333333333333,0.16666666666666666,0.5833333333333334,0.0,0.25,-0.34945355083128954,-0.029086447164336882,-0.4003414636670443,-0.2506163846440041,-0.004890010863472518,0.19534097299085112,-0.4080312975537923,0.09022364511269824,0.1102309889166625,-0.3077245185134877,1,-0.4080312975537923,-0.4003821215654816,-7.64928969207506,0.8732149191236036,1.3277791282972983e-17,0.5041181041181041,176786,False,,,,,,,,,,,,,,,,,
,i020+i033+i049+i097,Parabolic SAR + MA Channel + TRIX + Standard Error,True,1,31,49,29,20,0.20408163265306123,-3.4803496324350647,4.899185317710268,0.12558703948553473,0.0,-8.505121989630867,0.21830213582112318,8.505121989630867,-0.17357391815573195,-0.07102754351908296,0.23751968386224878,-0.27898253405777834,10.428571428571429,0.12244897959183673,0.3877551020408163,0.0,0.4897959183673469,-0.2269067500200568,-0.12226294804394959,-0.06059152926398031,-0.09747384127492921,-0.11133084877049554,-0.38632509048426955,-0.261004488258911,-0.15824916143869272,-0.18944985816458493,-0.1661803579772602,0,-0.38632509048426955,-0.7402375390672613,-14.142218326669605,0.8732149191236036,1.8476517279796028e-33,0.5041181041181041,176786,False,,,,,,,,,,,,,,,,,
,i061+i018+i099+i035,Standard Error Bands + SuperTrend + Average Price + 52-Week High/Low,False,1,31,11,5,6,0.2727272727272727,-0.771922359242927,1.1006692783862546,0.03876356509888224,0.0,-1.9113552027280636,0.30987525744716304,2.082057935000825,-0.17375956388436942,-0.07017475993117518,0.28607469973588984,-0.34619741274196664,8.272727272727273,0.18181818181818182,0.5454545454545454,0.0,0.2727272727272727,-0.3380985614751184,0.04655732140577564,-0.4003448719447624,-0.40078834941675034,-0.10686667998497279,,-0.034116776019982024,-0.060493227684375775,0.09283642043287332,-0.4016769561947113,0,-0.40078834941675034,-0.2663324698802426,-5.088274692571763,0.8732149191236036,1.3484220507257375e-13,0.5041181041181041,176786,False,,,,,,,,,,,,,,,,,
,i020+i035+i049+i033,Parabolic SAR + 52-Week High/Low + TRIX + MA Channel,False,1,30,1,1,0,0.0,-0.07572962581797738,0.099962135187091,0.001941785277384027,0.0,-0.1776335462824524,0.0,0.1776335462824524,-0.1776335462824524,-0.07572962581797738,0.0,-0.1776335462824524,15.0,0.0,0.0,0.0,1.0,,,,,-0.1776335462824524,,,,-0.1776335462824524,,0,-0.1776335462824524,-0.18257418583505536,-3.4880749227427246,0.8732149191236036,1.3483820391549716e-27,0.5041181041181041,176786,False,,,,,,,,,,,,,,,,,
,i020+i018+i010+i035,Parabolic SAR + SuperTrend + Adaptive MA + 52-Week High/Low,True,1,31,13,4,9,0.23076923076923078,-0.9736404188260384,1.300139656814657,0.038071883907173275,0.0,-2.3118519595478686,0.27097116856076453,2.369849359926025,-0.17783476611906682,-0.07489541683277218,0.2864291049511547,-0.3171139274401333,8.153846153846153,0.15384615384615385,0.5384615384615384,0.0,0.3076923076923077,-0.2995024030060962,-0.06928887107331419,-0.40034084177761203,-0.4009469302247633,-0.04034238838808265,-0.401307005669317,-0.03326058399622839,0.025345860814576793,0.11297833192336622,-0.40206528698149824,0,-0.401307005669317,-0.39135439835896263,-7.476815282387317,0.8732149191236036,6.616826302454019e-32,0.5041181041181041,176786,False,,,,,,,,,,,,,,,,,
,i027+i061+i035+i049,Zig Zag + Standard Error Bands + 52-Week High/Low + TRIX,False,1,31,8,1,7,0.375,-0.5978721164489942,0.800437373103978,0.027195107003244033,0.0,-1.4255045965562163,0.29240968303939324,1.8029517179785386,-0.17818807456952704,-0.07473401455612427,0.19636190474391282,-0.4029180621575909,6.25,0.125,0.625,0.0,0.25,,,-0.4003873378702736,-0.40078878987644717,-0.09538489430430536,0.03698345677301449,-0.03507739955181284,0.03698345677301449,,-0.20892686476131866,1,-0.40078878987644717,-0.16963800773052806,-3.2409295870746226,0.8732149191236036,3.573115809090457e-18,0.5041181041181041,176786,False,,,,,,,,,,,,,,,,,
,i027+i061+i035+i049,Zig Zag + Standard Error Bands + 52-Week High/Low + TRIX,True,1,31,8,1,7,0.375,-0.5978721164489942,0.800437373103978,0.027195107003244033,0.0,-1.4255045965562163,0.29240968303939324,1.8029517179785386,-0.17818807456952704,-0.07473401455612427,0.19636190474391282,-0.4029180621575909,6.25,0.125,0.625,0.0,0.25,,,-0.4003873378702736,-0.40078878987644717,-0.09538489430430536,0.03698345677301449,-0.03507739955181284,0.03698345677301449,,-0.20892686476131866,1,-0.40078878987644717,-0.16963800773052806,-3.2409295870746226,0.8732149191236036,3.573115809090457e-18,0.5041181041181041,176786,False,,,,,,,,,,,,,,,,,
,i101+i049+i042+i069,Median Price + TRIX + Connors RSI + O-H-L-C Volatility,True,2,45,12,6,6,0.08333333333333333,-0.8796409034088848,1.2003154962485516,0.05832687199768733,0.0,-2.1382832716551237,0.11439900943336365,2.1382832716551237,-0.17819027263792697,-0.07330340861740706,0.2762163669315274,-0.219499967144241,13.333333333333334,0.0,0.25,0.0,0.75,-0.26372072305073235,-0.05925312835377243,-0.27131473812161655,,-0.11679700396848612,-0.28864650518711005,0.01550306810988161,-0.09339728039367418,-0.17415097445885452,-0.40027099869624017,1,-0.28864650518711005,-0.35698500315632886,-6.820188909015739,0.8732149191236036,2.054432096386806e-27,0.5041181041181041,176786,False,,,,,,,,,,,,,,,,,
,i030+i049+i042+i052,Keltner Channels + TRIX + Connors RSI + Williams %R,True,1,15,3,1,2,0.0,-0.24154411150250077,0.3001456513724984,0.004581307640718088,0.0,-0.5462710705157173,0.0,0.5462710705157173,-0.18209035683857244,-0.08051470383416692,0.0,-0.18209035683857244,15.0,0.0,0.0,0.0,1.0,,,-0.0753806783017638,,,-0.23544519610697673,,-0.08328811741748457,-0.37969483568074813,,0,-0.23544519610697673,-0.366448050834472,-7.000980181056084,0.8732149191236036,9.126420450121985e-23,0.5041181041181041,176786,False,,,,,,,,,,,,,,,,,
,i027+i018+i049+i010,Zig Zag + SuperTrend + TRIX + Adaptive MA,True,3,91,14,10,4,0.21428571428571427,-1.1839867241113078,1.3997935634664636,0.02807349482854546,0.0,-2.611853782406317,0.10999658820553525,2.668331881421735,-0.18656098445759406,-0.08457048029366485,0.10760071296699125,-0.2667869019370264,12.714285714285714,0.0,0.42857142857142855,0.0,0.5714285714285714,-0.2924010111081686,-0.08772340550602174,-0.06450037609605141,-0.19716525090244696,-0.0957058138566607,-0.2755391028564146,-0.05560570437555785,-0.40103256158090134,-0.12501745910400416,-0.2024122466031202,0,-0.2755391028564146,-0.26701334787280584,-5.1012828483548205,0.8732149191236036,4.62156801367464e-66,0.5041181041181041,176786,False,,,,,,,,,,,,,,,,,
,i061+i020+i035+i049,Standard Error Bands + Parabolic SAR + 52-Week High/Low + TRIX,False,5,154,16,10,6,0.25,-1.3646128335609742,1.6003676935832198,0.04892482757729255,0.0,-3.0139053547214862,0.27167776116322573,3.136651805420602,-0.1883690846700929,-0.08528830209756089,0.28106070893713864,-0.3448456825391701,5.375,0.1875,0.5625,0.0,0.25,-0.3292690685722211,-0.0455980465429623,-0.40002909383890356,-0.4008006854820629,-0.1651740234710268,-0.4013393688354095,0.15473817569457876,-0.19951481558535467,0.007645844944530651,-0.2364440061641436,1,-0.4013393688354095,-0.16971467600688236,-3.24239433243771,0.8732149191236036,1.4628869652449825e-64,0.5041181041181041,176786,False,,,,,,,,,,,,,,,,,
,i027+i024+i049+i010,Zig Zag + Williams Fractal + TRIX + Adaptive MA,True,3,91,34,20,14,0.20588235294117646,-2.9883856072838277,3.398314918674182,0.08844265268224477,0.006285999999999488,-6.468857178640255,0.21037795510387705,6.468857178640255,-0.19026050525412516,-0.08789369433187728,0.2462127209010669,-0.30342023055361933,11.235294117647058,0.11764705882352941,0.4411764705882353,0.0,0.4411764705882353,-0.25797953000697255,-0.12000817581510519,-0.1825407493502099,-0.247984465595243,-0.11758394408801286,-0.177136236109594,-0.27464899631585765,-0.35786939466505796,-0.18939098603437352,-0.12686572528961457,0,-0.27464899631585765,-0.4277693692010458,-8.172522323477075,0.8732149191236036,5.567956041981626e-63,0.5041181041181041,176786,False,,,,,,,,,,,,,,,,,
,i030+i049+i033+i042,Keltner Channels + TRIX + MA Channel + Connors RSI,True,1,28,25,9,16,0.24,-2.2168843548712402,2.5002954078896593,0.07300955738264182,0.0009479999999999211,-4.789241320143541,0.23611500420619336,4.78924132014354,-0.19156965280574162,-0.08867537419484961,0.24672381765073184,-0.3299781171604175,10.96,0.12,0.48,0.0,0.4,-0.2859367933769194,-0.09439340652267225,0.11114532871199578,-0.33749405893484186,-0.1995626941961121,-0.2774930917734638,-0.10348091926514183,-0.10320647112457965,-0.21862593158256596,-0.18861242357832514,1,-0.33749405893484186,-0.6048933238639764,-11.556470725881299,0.8732149191236036,2.0291672758604043e-17,0.5041181041181041,176786,False,,,,,,,,,,,,,,,,,
,i020+i049+i099+i097,Parabolic SAR + TRIX + Average Price + Standard Error,True,1,31,19,6,13,0.15789473684210525,-1.6577147850480478,1.9003395026914904,0.10182025091215302,0.0,-3.659874538651691,0.16063536504256148,3.997906647107457,-0.19262497571851006,-0.0872481465814762,0.23347234246853932,-0.2725182228785818,11.0,0.05263157894736842,0.42105263157894735,0.0,0.5263157894736842,-0.29862330315693364,-0.08318255876574927,-0.17401988121495945,-0.3262091340396786,-0.14282835166875504,-0.4016502625459347,-0.1307625469456509,-0.13619370411824908,-0.2847417264572623,-0.21855721629572233,0,-0.4016502625459347,-0.48380857306127817,-9.24314980994955,0.8732149191236036,4.266002581054282e-25,0.5041181041181041,176786,False,,,,,,,,,,,,,,,,,
,i018+i035+i005+i097,SuperTrend + 52-Week High/Low + Hull MA + Standard Error,False,1,15,9,5,4,0.1111111111111111,-0.8226326134001982,0.8998927178912871,0.05220460767166066,0.0,-1.7747299389631463,0.03264579473903321,1.8346226535339978,-0.19719221544034962,-0.09140362371113313,0.05989271457085132,-0.22932783169174967,12.555555555555555,0.0,0.3333333333333333,0.0,0.6666666666666666,,,-0.16502803983687056,,-0.1336308835221415,,-0.29291772296203666,-0.4139762191975626,-0.016157548897098802,-0.2245762134691811,0,-0.29291772296203666,-0.5445081266211493,-10.402813152417611,0.8732149191236036,1.003502002898526e-16,0.5041181041181041,176786,False,,,,,,,,,,,,,,,,,
,i031+i033+i049+i042,Donchian Channels + MA Channel + TRIX + Connors RSI,True,1,15,16,9,7,0.0,-1.5626933975643187,1.6000181787361998,0.04531197484606315,0.0,-3.208023551146581,0.0,3.208023551146581,-0.20050147194666132,-0.09766833734776992,0.0,-0.20050147194666132,14.25,0.0,0.1875,0.0,0.8125,-0.26514409169662195,-0.1531131997929101,-0.16264440452410076,-0.1302513082213384,-0.165968043958741,-0.27641920216222504,-0.21179522639471673,-0.18151296769118053,-0.20282064128841334,-0.4000983413899422,0,-0.27641920216222504,-0.7112681010898909,-13.588757991230361,0.8732149191236036,2.8129802652792975e-19,0.5041181041181041,176786,False,,,,,,,,,,,,,,,,,
,i018+i032+i035+i063,SuperTrend + Price Channel + 52-Week High/Low + BB Width,True,1,31,17,4,13,0.23529411764705882,-1.705884410619618,1.7011529422053098,0.04931794186928946,0.0,-3.4563552946942173,0.2847629561777526,3.797133848290542,-0.20331501733495397,-0.100346141801154,0.34402648737890285,-0.37172778801614065,6.176470588235294,0.23529411764705882,0.6470588235294118,0.0,0.11764705882352941,-0.3466001947843727,-0.054763660189656935,-0.3940478328897883,-0.40087089379920865,0.09688933875605758,-0.401307005669317,0.057001608588175746,,0.26597099965288934,-0.3988508577465554,2,-0.401307005669317,-0.388251173334624,-7.417528251542758,0.8732149191236036,1.828660870819808e-18,0.5041181041181041,176786,False,,,,,,,,,,,,,,,,,
,i030+i020+i049+i042,Keltner Channels + Parabolic SAR + TRIX + Connors RSI,True,1,28,14,3,11,0.21428571428571427,-1.5610247244487008,1.4008169971934301,0.03937733266207138,0.0,-3.0012190543042023,0.2187883192854982,3.3477524056016663,-0.2143727895931573,-0.11150176603205006,0.2801765893115631,-0.34924989293080827,9.714285714285714,0.14285714285714285,0.5714285714285714,0.0,0.2857142857142857,-0.32329862860915975,-0.11937222453608212,-0.12780100756357818,-0.16683360203651093,-0.23467864357155738,-0.4024481503499507,-0.09999311247331395,,-0.14310680134945933,-0.24287918489063648,0,-0.4024481503499507,-0.5186970412201807,-9.909693058226273,0.8732149191236036,5.967303544820853e-26,0.5041181041181041,176786,False,,,,,,,,,,,,,,,,,
,i049+i101+i042+i097,TRIX + Median Price + Connors RSI + Standard Error,True,2,59,17,1,16,0.17647058823529413,-1.8963523943055782,1.7006481761971528,0.052414486340848,0.0,-3.6494150568435795,0.0676605730107246,3.6494150568435786,-0.21467147393197528,-0.1115501408415046,0.08828026458753165,-0.2795897036147267,10.941176470588236,0.0,0.4117647058823529,0.0,0.5882352941176471,-0.2804626808038903,-0.147930026254636,-0.06857023520344167,-0.28111988898505347,-0.4033396903556325,-0.23972673863016558,0.004300658954496975,-0.07985701236529841,-0.16243360827992956,-0.3364836225289726,1,-0.4033396903556325,-0.41648736466858427,-7.956979929529327,0.8732149191236036,5.6025558693199854e-70,0.5041181041181041,176786,False,,,,,,,,,,,,,,,,,
,i027+i018+i032+i049,Zig Zag + SuperTrend + Price Channel + TRIX,True,1,30,8,4,4,0.125,-1.113650616085482,0.7997822394174511,0.01868794786647871,0.0,-1.9321208033694117,0.08985099126822148,1.9321208033694117,-0.24151510042117647,-0.13920632701068525,0.190741260790468,-0.3032660091656971,13.125,0.0,0.5,0.0,0.5,,,,-0.4008133546659236,-0.06260784282122092,-0.40126385708172185,-0.1401428514104581,-0.2707001059529246,-0.25994504764072773,-0.20362848284712637,0,-0.40126385708172185,-0.430114734646024,-8.217330467387884,0.8732149191236036,2.720333937273972e-22,0.5041181041181041,176786,False,,,,,,,,,,,,,,,,,
,i020+i035+i049+i063,Parabolic SAR + 52-Week High/Low + TRIX + BB Width,False,2,61,6,3,3,0.16666666666666666,-0.8465910779564267,0.6004767044610217,0.014390651973928756,0.0,-1.4614584343913772,0.1895702686917016,1.4614584343913772,-0.2435764057318962,-0.1410985129927378,0.34185452160309965,-0.3606625911988954,3.5,0.16666666666666666,0.6666666666666666,0.0,0.16666666666666666,,,,-0.4008006854820629,-0.19951481558535467,-0.4010983847224982,0.34185452160309965,-0.19951481558535467,,-0.25238872376120447,1,-0.4010983847224982,-0.19042724711321804,-3.6381074478000635,0.8732149191236036,3.0381640854545044e-48,0.5041181041181041,176786,False,,,,,,,,,,,,,,,,,
,i027+i101+i049+i042,Zig Zag + Median Price + TRIX + Connors RSI,True,1,15,1,0,1,0.0,-0.14326647564470996,0.10007163323782235,0.002204099625303064,0.0,-0.24554220850783537,0.0,0.24554220850783537,-0.24554220850783537,-0.14326647564470996,0.0,-0.24554220850783537,15.0,0.0,0.0,0.0,1.0,,,,,,-0.24554220850783537,,,-0.24554220850783537,,0,-0.24554220850783537,-0.25819888974716115,-4.932882862316248,0.8732149191236036,8.163120142790209e-15,0.5041181041181041,176786,False,,,,,,,,,,,,,,,,,
,i027+i031+i049+i010,Zig Zag + Donchian Channels + TRIX + Adaptive MA,True,1,30,17,11,6,0.11764705882352941,-2.470145254817835,1.699457682813426,0.04411621221871652,0.006285999999999488,-4.207433149849979,0.14157541522462896,4.207433149849979,-0.24749606763823404,-0.14530266204810793,0.3469548203676805,-0.32675618603902257,11.0,0.11764705882352941,0.5882352941176471,0.0,0.29411764705882354,-0.3389277723456522,-0.148175044247467,-0.1891751545558115,-0.4007070504175897,-0.03602077008368042,-0.4013445391780535,-0.15893113400702025,-0.4013227335430835,-0.24917944806763714,-0.18259864041748786,0,-0.4013445391780535,-0.6576000460574172,-12.563431239505064,0.8732149191236036,2.1415195448997858e-16,0.5041181041181041,176786,False,,,,,,,,,,,,,,,,,
,i027+i035+i049+i042,Zig Zag + 52-Week High/Low + TRIX + Connors RSI,True,1,30,1,1,0,0.0,-0.14890638096621833,0.09992554680951689,0.0009365181192843128,0.0,-0.24976844589501956,0.0,0.24976844589501956,-0.24976844589501956,-0.14890638096621833,0.0,-0.24976844589501956,15.0,0.0,0.0,0.0,1.0,,,,-0.24976844589501956,,,,,,-0.24976844589501956,0,-0.24976844589501956,-0.18257418583505536,-3.4880749227427246,0.8732149191236036,1.3483820391550972e-27,0.5041181041181041,176786,False,,,,,,,,,,,,,,,,,
,i049+i101+i042+i069,TRIX + Median Price + Connors RSI + O-H-L-C Volatility,True,2,59,18,3,15,0.16666666666666666,-2.6377491080518234,1.8009978954710533,0.059544991721248455,0.0,-4.498291995244125,0.03196389300186088,4.4982919952441245,-0.24990511084689587,-0.1465416171139902,0.04951017941984916,-0.3097881689002448,10.38888888888889,0.0,0.5,0.0,0.5,-0.33636321528901253,-0.17229709265200732,-0.1752673381349449,-0.30943048993089006,-0.2584543882527885,-0.3150777268435249,0.004300658954496975,0.004300658954496975,-0.21864756152437675,-0.3447141026197631,1,-0.3150777268435249,-0.44412297619775143,-8.484957546456151,0.8732149191236036,2.407155095128571e-67,0.5041181041181041,176786,False,,,,,,,,,,,,,,,,,
,i031+i020+i035+i049,Donchian Channels + Parabolic SAR + 52-Week High/Low + TRIX,False,2,62,8,5,3,0.125,-1.18676073568732,0.8003066196321563,0.028114936614893025,0.0,-2.0151822919343694,0.1450357158783788,2.0151822919343694,-0.25189778649179617,-0.148345091960915,0.34185452160309965,-0.336719544791067,5.375,0.125,0.625,0.0,0.25,,,,-0.40094377994037633,-0.1710136547651822,-0.4013994984734498,-0.03400635352163977,-0.19951481558535467,-0.14251249394500978,-0.2788591637340008,0,-0.4013994984734498,-0.28612097606505194,-5.466333572396819,0.8732149191236036,5.688724743243905e-50,0.5041181041181041,176786,False,,,,,,,,,,,,,,,,,
,i061+i020+i035+i049,Standard Error Bands + Parabolic SAR + 52-Week High/Low + TRIX,True,2,62,8,5,3,0.125,-1.18676073568732,0.8003066196321563,0.028114936614893025,0.0,-2.0151822919343694,0.1450357158783788,2.0151822919343694,-0.25189778649179617,-0.148345091960915,0.34185452160309965,-0.336719544791067,5.375,0.125,0.625,0.0,0.25,,,,-0.40094377994037633,-0.1710136547651822,-0.4013994984734498,-0.03400635352163977,-0.19951481558535467,-0.14251249394500978,-0.2788591637340008,0,-0.4013994984734498,-0.28612097606505194,-5.466333572396819,0.8732149191236036,5.688724743243905e-50,0.5041181041181041,176786,False,,,,,,,,,,,,,,,,,
,i027+i049+i101+i042,Zig Zag + TRIX + Median Price + Connors RSI,True,1,28,7,1,6,0.14285714285714285,-1.0362249466216333,0.7002181124733108,0.02855985122677107,0.0,-1.765002910321715,0.16471171554539243,1.765002910321715,-0.2521432729031021,-0.1480321352316619,0.3480434991273945,-0.3521744015748516,7.142857142857143,0.14285714285714285,0.7142857142857143,0.0,0.14285714285714285,,,,,-0.40343952778827513,-0.2523140540120252,-0.09999311247331395,,-0.30160664986112595,-0.21504574018458433,0,-0.40343952778827513,-0.44154050812008666,-8.435619563108252,0.8732149191236036,3.353433324000022e-33,0.5041181041181041,176786,False,,,,,,,,,,,,,,,,,
,i027+i018+i049+i042,Zig Zag + SuperTrend + TRIX + Connors RSI,True,1,31,8,5,3,0.0,-1.2130149163477322,0.7997954631970429,0.024975787457761214,0.0,-2.037786167002537,0.0,2.0377861670025363,-0.2547232708753171,-0.15162686454346652,0.0,-0.2547232708753171,13.25,0.0,0.5,0.0,0.5,,,,-0.2314697972240776,-0.40240298802535784,,-0.2390170964283952,-0.15166671864442843,-0.2664099483376643,-0.40240298802535784,0,-0.40240298802535784,-0.47382630129051045,-9.052438775548037,0.8732149191236036,9.138327815372989e-40,0.5041181041181041,176786,False,,,,,,,,,,,,,,,,,
,i020+i049+i005+i097,Parabolic SAR + TRIX + Hull MA + Standard Error,True,1,15,6,2,4,0.0,-0.9257943581028494,0.600257862509169,0.023139156873832348,0.0,-1.5491913774858506,0.0,1.5491913774858506,-0.2581985629143085,-0.15429905968380825,0.0,-0.2581985629143085,12.833333333333334,0.0,0.5,0.0,0.5,,,-0.4000947150721128,-0.40103948187679594,-0.008096924932174725,-0.3127775925099607,-0.11440507058484586,-0.2466534185349224,-0.20456820340448534,-0.4000947150721128,0,-0.40103948187679594,-0.37462055367821884,-7.157115628654742,0.8732149191236036,8.301192919020335e-21,0.5041181041181041,176786,False,,,,,,,,,,,,,,,,,
,i030+i020+i049+i005,Keltner Channels + Parabolic SAR + TRIX + Hull MA,True,1,15,6,2,4,0.0,-0.9944607411583206,0.6002921957006967,0.02419335242369068,0.0,-1.6189462892827082,0.0,1.6189462892827082,-0.269824381547118,-0.16574345685972008,0.0,-0.269824381547118,12.833333333333334,0.0,0.5,0.0,0.5,,,-0.4000947150721128,-0.40103948187679594,-0.11076625834876441,-0.4025394862604431,-0.19374008937582732,-0.2699050558005415,-0.20456820340448534,-0.4000947150721128,0,-0.4025394862604431,-0.4784986404638032,-9.14170369011616,0.8732149191236036,5.587256116054999e-22,0.5041181041181041,176786,False,,,,,,,,,,,,,,,,,
,i035+i049+i033+i052,52-Week High/Low + TRIX + MA Channel + Williams %R,False,1,30,4,1,3,0.0,-0.724212885145803,0.4002369813174478,0.01959639848524094,0.0,-1.1440462649484915,0.0,1.1440462649484915,-0.28601156623712287,-0.18105322128645074,0.0,-0.28601156623712287,13.75,0.0,0.25,0.0,0.75,,,,-0.2504786140088974,,-0.22756506506507612,-0.4155239718656206,-0.21994870455451318,-0.30803252013132615,,0,-0.4155239718656206,-0.36994090938305674,-7.067711149929267,0.8732149191236036,8.30634798357689e-34,0.5041181041181041,176786,False,,,,,,,,,,,,,,,,,
,i027+i030+i032+i049,Zig Zag + Keltner Channels + Price Channel + TRIX,True,1,30,4,3,1,0.0,-0.7164755025727665,0.39957075633155387,0.029194103943940626,0.0,-1.145240362848261,0.0,1.145240362848261,-0.28631009071206526,-0.17911887564319162,0.0,-0.28631009071206526,13.25,0.0,0.25,0.0,0.75,,,,,,-0.3038381151434463,-0.2804674159016049,-0.038426035502972,-0.3689381091150964,,0,-0.3038381151434463,-0.3367955935575493,-6.434470780221199,0.8732149191236036,3.18292952825554e-33,0.5041181041181041,176786,False,,,,,,,,,,,,,,,,,
,i027+i033+i049+i042,Zig Zag + MA Channel + TRIX + Connors RSI,True,1,15,3,0,3,0.0,-0.5819035663986893,0.3002909517831993,0.00672646420504895,0.0,-0.8889209823869376,0.0,0.8889209823869376,-0.2963069941289792,-0.1939678554662298,0.0,-0.2963069941289792,13.0,0.0,0.3333333333333333,0.0,0.6666666666666666,,,,,,-0.2963069941289792,,-0.4025394862604431,-0.24319074806324723,,0,-0.2963069941289792,-0.4647275210986249,-8.878606824061002,0.8732149191236036,6.366436477998842e-17,0.5041181041181041,176786,False,,,,,,,,,,,,,,,,,
,i027+i030+i049+i010,Zig Zag + Keltner Channels + TRIX + Adaptive MA,True,1,30,3,2,1,0.0,-0.5888725244205806,0.2999217568131898,0.015541159775668258,0.0,-0.9043354410094385,0.0,0.9043354410094385,-0.3014451470031462,-0.19629084147352685,0.0,-0.3014451470031462,12.666666666666666,0.0,0.3333333333333333,0.0,0.6666666666666666,,,,,-0.3184416974367274,,-0.29294687178635553,-0.29294687178635553,,-0.3184416974367274,0,-0.3184416974367274,-0.3115512972502637,-5.952179176460298,0.8732149191236036,2.7116478629849296e-33,0.5041181041181041,176786,False,,,,,,,,,,,,,,,,,
,i020+i035+i049,Parabolic SAR + 52-Week High/Low + TRIX,False,1,30,3,1,2,0.0,-0.6757296258179557,0.30026213518709094,0.003458356222443929,0.0,-0.9794501172274906,0.0,0.9794501172274905,-0.3264833724091636,-0.22524320860598523,0.0,-0.3264833724091636,5.666666666666667,0.0,0.6666666666666666,0.0,0.3333333333333333,,,,-0.4006575910237495,-0.1776335462824524,-0.40115897992128874,,,-0.1776335462824524,-0.40090828547251905,0,-0.40115897992128874,-0.21934523682362128,-4.190584865479022,0.8732149191236036,3.3685301362844137e-35,0.5041181041181041,176786,False,,,,,,,,,,,,,,,,,
,i059+i020+i035+i049,Bollinger Bands + Parabolic SAR + 52-Week High/Low + TRIX,True,1,30,3,1,2,0.0,-0.6757296258179557,0.30026213518709094,0.003458356222443929,0.0,-0.9794501172274906,0.0,0.9794501172274905,-0.3264833724091636,-0.22524320860598523,0.0,-0.3264833724091636,5.666666666666667,0.0,0.6666666666666666,0.0,0.3333333333333333,,,,-0.4006575910237495,-0.1776335462824524,-0.40115897992128874,,,-0.1776335462824524,-0.40090828547251905,0,-0.40115897992128874,-0.21934523682362128,-4.190584865479022,0.8732149191236036,3.3685301362844137e-35,0.5041181041181041,176786,False,,,,,,,,,,,,,,,,,
,i049+i101+i042+i064,TRIX + Median Price + Connors RSI + ATR,True,1,28,9,2,7,0.1111111111111111,-2.0897245168493783,0.9008766166555292,0.018020821935485792,0.0,-3.0086219554403937,0.009388357402852989,3.0371356705969106,-0.334291328382266,-0.23219161298326427,0.02851371515651738,-0.3796419588246138,7.666666666666667,0.0,0.7777777777777778,0.0,0.2222222222222222,,,-0.22181172264717688,-0.4011988243667337,-0.18746290631587886,-0.4023716928569978,,,-0.29435273845837717,-0.36624220032137694,0,-0.4023716928569978,-0.5133916743562473,-9.808334166609718,0.8732149191236036,8.17479260532507e-33,0.5041181041181041,176786,False,,,,,,,,,,,,,,,,,
,i020+i035+i033+i049,Parabolic SAR + 52-Week High/Low + MA Channel + TRIX,True,1,31,1,1,0,0.0,-0.30000000000000027,0.09985000000000001,0.00017909383890330098,0.0,-0.40002909383890356,0.0,0.40002909383890356,-0.40002909383890356,-0.30000000000000027,0.0,-0.40002909383890356,1.0,0.0,1.0,0.0,0.0,,,-0.40002909383890356,,,,,,,-0.40002909383890356,0,-0.40002909383890356,-0.1796053020267749,-3.4313544772271922,0.8732149191236036,2.0467408280848365e-28,0.5041181041181041,176786,False,,,,,,,,,,,,,,,,,
,i024+i020+i035+i049,Williams Fractal + Parabolic SAR + 52-Week High/Low + TRIX,True,1,31,1,1,0,0.0,-0.30000000000000027,0.09985000000000001,0.00017909383890330098,0.0,-0.40002909383890356,0.0,0.40002909383890356,-0.40002909383890356,-0.30000000000000027,0.0,-0.40002909383890356,1.0,0.0,1.0,0.0,0.0,,,-0.40002909383890356,,,,,,,-0.40002909383890356,0,-0.40002909383890356,-0.1796053020267749,-3.4313544772271922,0.8732149191236036,2.0467408280848365e-28,0.5041181041181041,176786,False,,,,,,,,,,,,,,,,,
,i024+i035+i032+i049,Williams Fractal + 52-Week High/Low + Price Channel + TRIX,True,1,31,1,1,0,0.0,-0.30000000000000027,0.09985000000000001,0.00017909383890330098,0.0,-0.40002909383890356,0.0,0.40002909383890356,-0.40002909383890356,-0.30000000000000027,0.0,-0.40002909383890356,1.0,0.0,1.0,0.0,0.0,,,-0.40002909383890356,,,,,,,-0.40002909383890356,0,-0.40002909383890356,-0.1796053020267749,-3.4313544772271922,0.8732149191236036,2.0467408280848365e-28,0.5041181041181041,176786,False,,,,,,,,,,,,,,,,,
,i035+i032+i049,52-Week High/Low + Price Channel + TRIX,True,1,31,1,1,0,0.0,-0.30000000000000027,0.09985000000000001,0.00017909383890330098,0.0,-0.40002909383890356,0.0,0.40002909383890356,-0.40002909383890356,-0.30000000000000027,0.0,-0.40002909383890356,1.0,0.0,1.0,0.0,0.0,,,-0.40002909383890356,,,,,,,-0.40002909383890356,0,-0.40002909383890356,-0.1796053020267749,-3.4313544772271922,0.8732149191236036,2.0467408280848365e-28,0.5041181041181041,176786,False,,,,,,,,,,,,,,,,,
,i061+i035+i032+i049,Standard Error Bands + 52-Week High/Low + Price Channel + TRIX,True,1,31,1,1,0,0.0,-0.30000000000000027,0.09985000000000001,0.00017909383890330098,0.0,-0.40002909383890356,0.0,0.40002909383890356,-0.40002909383890356,-0.30000000000000027,0.0,-0.40002909383890356,1.0,0.0,1.0,0.0,0.0,,,-0.40002909383890356,,,,,,,-0.40002909383890356,0,-0.40002909383890356,-0.1796053020267749,-3.4313544772271922,0.8732149191236036,2.0467408280848365e-28,0.5041181041181041,176786,False,,,,,,,,,,,,,,,,,
,i020+i035+i033+i049,Parabolic SAR + 52-Week High/Low + MA Channel + TRIX,False,1,31,2,2,0,0.0,-0.6000000000000005,0.19970000000000002,0.001961259705080466,0.0,-0.8016612597050811,0.0,0.8016612597050811,-0.40083062985254053,-0.30000000000000027,0.0,-0.40083062985254053,1.0,0.0,1.0,0.0,0.0,,,-0.40002909383890356,,-0.40163216586617745,,,,,-0.40083062985254053,0,-0.40163216586617745,-0.25834190107810046,-4.935615089957499,0.8732149191236036,1.41457450611429e-30,0.5041181041181041,176786,False,,,,,,,,,,,,,,,,,
,i020+i035+i049+i101,Parabolic SAR + 52-Week High/Low + TRIX + Median Price,False,1,31,2,2,0,0.0,-0.6000000000000005,0.19970000000000002,0.001961259705080466,0.0,-0.8016612597050811,0.0,0.8016612597050811,-0.40083062985254053,-0.30000000000000027,0.0,-0.40083062985254053,1.0,0.0,1.0,0.0,0.0,,,-0.40002909383890356,,-0.40163216586617745,,,,,-0.40083062985254053,0,-0.40163216586617745,-0.25834190107810046,-4.935615089957499,0.8732149191236036,1.41457450611429e-30,0.5041181041181041,176786,False,,,,,,,,,,,,,,,,,
,i034+i020+i035+i049,Chande Kroll Stop + Parabolic SAR + 52-Week High/Low + TRIX,False,1,31,1,1,0,0.0,-0.30000000000000027,0.09985000000000001,0.001782165866177165,0.0,-0.40163216586617745,0.0,0.40163216586617745,-0.40163216586617745,-0.30000000000000027,0.0,-0.40163216586617745,1.0,0.0,1.0,0.0,0.0,,,,,-0.40163216586617745,,,,,-0.40163216586617745,0,-0.40163216586617745,-0.1796053020267749,-3.4313544772271922,0.8732149191236036,2.046740828084558e-28,0.5041181041181041,176786,False,,,,,,,,,,,,,,,,,
,i035+i033+i049+i052,52-Week High/Low + MA Channel + TRIX + Williams %R,True,1,15,1,1,0,0.0,-0.29999999999998916,0.09985000000000001,0.014332807797047441,0.0,-0.41418280779703665,0.0,0.41418280779703665,-0.41418280779703665,-0.29999999999998916,0.0,-0.41418280779703665,4.0,0.0,1.0,0.0,0.0,,,,,,,-0.41418280779703665,-0.41418280779703665,,,0,-0.41418280779703665,-0.2581988897471612,-4.932882862316249,0.8732149191236036,8.163120142790032e-15,0.5041181041181041,176786,False,,,,,,,,,,,,,,,,,
