indicator,key,symbol,htf,n_trades,n_long,n_short,win_rate,gross_pct,fees_pct,slippage_pct,funding_pct,net_pct,profit_factor,max_drawdown_pct,expectancy_net_pct,expectancy_gross_pct,avg_win_pct,avg_loss_pct,avg_hold_min,tp_share,sl_share,opposite_exit_share,time_exit_share
SMA,i001,BTCUSDT,False,62242,30677,31565,0.12438546319205682,-36.23131589015328,6224.189938263394,12.904167438985365,0.011055999999997464,-6273.314365592533,0.1676834727912645,6273.314365592566,-0.10078908720144811,-0.0005821039794697034,0.1632471566210979,-0.1382967679294142,4.902622023713891,0.03682400951126249,0.009607660422222936,0.9077793130040809,0.045789017062433726
SMA,i001,BTCUSDT,True,24129,12839,11290,0.26503377678312406,23.696461341522646,2412.871522342021,5.0200403230066275,-0.712579000000008,-2394.9076803235052,0.3052236308383478,2394.9076803235025,-0.09925432800047682,0.0009820739086378485,0.1645210010867958,-0.19437349059848674,13.355961705831158,0.07231961540055534,0.14584110406564715,0.014795474325500435,0.767043806208297
EMA,i002,BTCUSDT,False,66165,32189,33976,0.11014887024862087,-46.26977960988816,6616.490229956528,13.725791485562521,0.06387800000000379,-6676.421923051981,0.15507622520712663,6676.421923051963,-0.10090564381549129,-0.0006993089943306607,0.16813692520524517,-0.13420866949654034,4.4778206000151135,0.03397566689337263,0.0068011788710043075,0.9089095443210157,0.05031360991460742
EMA,i002,BTCUSDT,True,24079,12825,11254,0.2641305702064039,10.192678594773563,2407.8663341921642,5.0124294368251725,-0.6799750000000042,-2403.366060034216,0.3030805071305961,2403.3660600342278,-0.09981170563703708,0.00042330157376857687,0.1643380772847852,-0.19462476615866864,13.322314049586776,0.07188836745712031,0.14714066198762407,0.01594750612566967,0.7650234644295859
DEMA,i003,BTCUSDT,False,90480,46980,43500,0.11674403183023872,12.094381819468214,9047.984087145573,18.77830856367556,0.014292000000000537,-9054.653721889781,0.13773691627022636,9054.653721889794,-0.10007353804033797,0.00013366911825230123,0.1369289030486172,-0.13139924827999455,3.5479885057471265,0.02640362511052166,0.010455349248452697,0.9582780725022104,0.004862953138815208
DEMA,i003,BTCUSDT,True,29290,15520,13770,0.2691020826220553,41.05608617118527,2928.9704067766743,6.107512069910238,-0.6071509999999964,-2894.628983675399,0.31765384489271375,2894.6289836753904,-0.09882652726785249,0.00140171000925863,0.17096446182651684,-0.19815820589461908,13.074906111300786,0.08071013997951519,0.15913280983270742,0.018163195629907817,0.7419938545578696
TEMA,i004,BTCUSDT,False,102754,50259,52495,0.11504175019950562,50.80369892615483,10275.384347086472,21.31979494518809,0.2021329999999987,-10245.698310105505,0.12327853619367185,10245.698310105565,-0.0997109437112473,0.0004944206447063358,0.12187459240703936,-0.12851635673461906,3.0957918913132336,0.01950289039842731,0.01217470852716196,0.96778714210639,0.0005352589680207096
TEMA,i004,BTCUSDT,True,31142,16283,14859,0.26970008348853636,38.482274143548736,3114.1715703074065,6.494988178683152,-0.792159000000003,-3082.976443342541,0.3200430922547883,3082.9764433425494,-0.0989973811361679,0.0012357033634175305,0.1727705408622078,-0.199361395420315,12.9807976366322,0.0827178729689808,0.16331642155288678,0.020807912144370947,0.7331577933337615
Hull MA,i005,BTCUSDT,False,109840,51245,58595,0.11483976693372178,75.19948885586567,10983.986866169224,22.77331913310186,0.6583280000000051,-10930.902368446461,0.11431286661718573,10930.90236844659,-0.09951659111841278,0.0006846275387460458,0.11184535922723311,-0.12693847046817494,2.8842134013109977,0.016041514930808447,0.012008375819373635,0.9719227967953387,2.7312454479242535e-05
Hull MA,i005,BTCUSDT,True,32256,17026,15230,0.27142237103174605,51.521406424711415,3225.575757736489,6.725494006070121,-0.7827019999999972,-3181.562547317848,0.3225192706532274,3181.562547317829,-0.0986347515909551,0.0015972658241788014,0.172998778930838,-0.19982838419034657,12.959666418650794,0.08404637896825397,0.16356646825396826,0.021856398809523808,0.730530753968254
Hamming MA,i006,BTCUSDT,False,59733,29254,30479,0.12981099224884068,-47.93114605412929,5973.287943352569,12.383629359090765,0.2167350000000007,-6033.385983765788,0.17077854411822013,6033.385983765755,-0.10100590935941253,-0.0008024232175536018,0.16025001891096408,-0.13997892668965167,5.130363450688899,0.03744998577000988,0.011635109570923945,0.9064671119816516,0.04444779267741449
Hamming MA,i006,BTCUSDT,True,24207,12843,11364,0.26372536869500557,9.185642095915892,2420.675237936365,5.036307430933889,-0.8094810000000098,-2417.335384271383,0.30296420367508,2417.335384271393,-0.09986100649693821,0.00037946222563373783,0.16458121608644563,-0.19458126397167994,13.337175197256991,0.07241706944272318,0.14797372660800595,0.014541248399223366,0.7650679555500475
Arnaud Legoux MA,i007,BTCUSDT,False,99070,48071,50999,0.1035732310487534,-2.4045468526313063,9906.95422151296,20.553105464213246,0.3396820000000118,-9929.572191829804,0.12001093168226251,9929.572191829951,-0.10022784083809229,-2.427119059888267e-05,0.13197278456533665,-0.12705632238010478,3.1591198142727364,0.022902997880286664,0.007247400827697588,0.9671949126879984,0.0026546886040173614
Arnaud Legoux MA,i007,BTCUSDT,True,30089,15948,14141,0.26514673136362127,38.82455451452851,3008.870466665031,6.274209192525379,-0.46002399999999943,-2976.7801453430275,0.31542030755844874,2976.7801453430343,-0.09893250507969781,0.0012903238563770317,0.1719168192111601,-0.1966592433182426,13.08335272026322,0.08019542025324869,0.15683472365316228,0.01977466848349895,0.7431951876100901
Least Squares MA,i008,BTCUSDT,False,59297,30028,29269,0.15219994266151746,36.617056697625216,5929.699162696013,12.306539138617186,0.19277700000000314,-5905.195868137005,0.1982521634618702,5905.195868136987,-0.09958675595961018,0.00061751954900965,0.16179579685042422,-0.14651103864401824,5.757019748047962,0.0437121608175793,0.019815505000252965,0.8489130984704116,0.08755923571175607
Least Squares MA,i008,BTCUSDT,True,23667,12464,11203,0.26796805678793256,31.04023969934738,2366.6839831474467,4.924795780492258,-0.6080790000000005,-2341.176618228592,0.31134646258403753,2341.1766182285855,-0.09892156243835686,0.001311540951508319,0.1668979850480077,-0.19622762709397154,13.273207419613808,0.07668906071745468,0.15198377487641018,0.012760383656568217,0.758566780749567
Smoothed MA,i009,BTCUSDT,False,56399,27857,28542,0.11714746715367294,-26.193342732869063,5639.888296743544,11.702167934303995,-0.14531799999999404,-5677.9291254107175,0.17126257242711662,5677.9291254106965,-0.100674287228687,-0.00046442920500131316,0.17759517823933688,-0.1375984187828972,4.968439156722637,0.03684462490469689,0.007358286494441391,0.8708487739144312,0.0849483146864306
Smoothed MA,i009,BTCUSDT,True,21521,11485,10036,0.26629803447795175,31.256745424790665,2152.069069653712,4.481042734639977,-0.5064819999999985,-2125.799848963561,0.3043280880607256,2125.799848963564,-0.09877793081007208,0.0014523835056359214,0.16226674783618902,-0.1935244193041647,13.387481994331118,0.0712327494075554,0.14385948608336044,0.014590400074345988,0.7703173644347382
Adaptive MA,i010,BTCUSDT,False,51487,25542,25945,0.13242177637073435,-69.23047500185884,5148.680254475377,10.673994863556377,0.032233000000002926,-5228.552491340793,0.17927767310522147,5228.552491340768,-0.10155092530815142,-0.0013446204867609073,0.16751528252752318,-0.14261952780705736,5.3618000660360865,0.03905840309204265,0.00982772350302018,0.8536718006487074,0.09744207275622972
Adaptive MA,i010,BTCUSDT,True,20876,11202,9674,0.2631251197547423,23.539996115081518,2087.58296372891,4.34028098288904,-0.417842000000003,-2068.8010905967176,0.3023005093016045,2068.8010905967167,-0.09909949657964733,0.0011276104672869093,0.1631847649887302,-0.19275661474873645,13.405824870664878,0.07108641502203487,0.1415022034872581,0.014226863383789997,0.773184518106917
Multi-Timeframe MA,i011,BTCUSDT,False,11501,5764,5737,0.1525084775236936,-12.708483197819787,1150.092660363579,2.3785933018386625,-0.03930899999999885,-1165.2190458632372,0.20089998173522733,1165.307410225945,-0.10131458532851381,-0.0011049894094269878,0.16701548626532572,-0.14960133464374872,6.35475176071646,0.04434397008955743,0.013042344143987479,0.7088079297452395,0.23380575602121553
Multi-Timeframe MA,i011,BTCUSDT,True,4670,2487,2183,0.25331905781584585,9.944678487906277,466.9860495945793,0.9667730169481961,-0.014769999999999974,-458.02291412362115,0.2866833944184014,458.02291412362183,-0.09807771180377325,0.002129481474926398,0.1556046835535411,-0.18414202889803852,13.656959314775161,0.061670235546038545,0.12226980728051391,0.009850107066381156,0.8062098501070664
WMA,i012,BTCUSDT,False,74665,36345,38320,0.11416326257282529,-21.820799807572,7466.482929730803,15.486207129603551,0.3671290000000038,-7503.422807667978,0.14806797247534811,7503.422807667984,-0.10049451292664538,-0.0002922493779893122,0.15299321187880194,-0.13316304479404434,4.131065425567535,0.03203642938458448,0.008317149936382509,0.9396906180941539,0.019955802584879126
WMA,i012,BTCUSDT,True,26474,14089,12385,0.2637682254287225,7.315948479766465,2647.362494655585,5.514389103267023,-0.664853000000002,-2646.225788279086,0.3053915537932446,2646.225788279096,-0.09995564660720276,0.0002763446581463498,0.1666102887850217,-0.19545766943024437,13.231434615094054,0.0750925436277102,0.15233814308378033,0.016960036261992897,0.7556092770265166
McGinley Dynamic,i013,BTCUSDT,False,41519,20474,21045,0.13591367807509816,-16.653682721689268,4151.898105538685,8.602901030427311,-0.08490799999999904,-4177.239597290802,0.18901428042161578,4177.239597290819,-0.10061031328526221,-0.0004011099188730284,0.1725284601780358,-0.14357279791714397,5.615091885642718,0.03863291505094053,0.007803656157421904,0.8034153038367976,0.15014812495483995
McGinley Dynamic,i013,BTCUSDT,True,16382,8823,7559,0.2619338298132096,8.3514053329089,1638.1819187422827,3.403862948229393,-0.437937999999999,-1633.672314357603,0.2902160393253365,1633.6723143575998,-0.09972361826136021,0.0005097915598161947,0.15566883108988946,-0.19036037288597457,13.582651690880235,0.06525454767427664,0.13368331095104383,0.010133072884873641,0.7909290684898059
Guppy MMA,i014,BTCUSDT,False,18878,9452,9426,0.250397287848289,-28.709781232650577,1887.8029160582482,3.912906549970621,-0.015861999999998464,-1920.4414658408696,0.27544702874635235,1920.5493225386042,-0.10172907436385578,-0.001520806294769074,0.1544484031782906,-0.1873025982379089,12.749602712151711,0.0638309142917682,0.10901578557050536,0.16246424409365398,0.6646890560440725
Guppy MMA,i014,BTCUSDT,True,8888,4757,4131,0.2604635463546355,3.671558759909921,888.8020370052326,1.8438391567456531,-0.2066699999999994,-887.1809874020685,0.2967911216746764,887.2869781337606,-0.09981784286701939,0.00041309166965683176,0.16174385530741622,-0.19193945115453168,13.572907290729074,0.07301980198019802,0.14007650765076507,0.0012376237623762376,0.7856660666066607
MA Cross,i015,BTCUSDT,False,24418,12172,12246,0.2311819149807519,-31.754438086787328,2441.798241724548,5.05971423109621,0.1868850000000033,-2478.4255090424317,0.265044314724055,2478.4255090424185,-0.10149993894022571,-0.001300452047128648,0.1583322062117177,-0.17963089613314753,11.116020968138258,0.05905479564255877,0.08956507494471291,0.39728888524858713,0.4540912441641412
MA Cross,i015,BTCUSDT,True,12135,6549,5586,0.25817882159044087,16.83880537245288,1213.500862104334,2.514061144555108,-0.14988099999999513,-1199.3259988764362,0.29208793407997785,1199.325998876432,-0.09883197353740718,0.0013876230220397925,0.15794691793614707,-0.18819969926353974,13.665677791512154,0.06716110424392253,0.130696332921302,0.004532344458178822,0.7976102183765966
EMA Cross,i016,BTCUSDT,False,20505,10225,10280,0.23140697390880274,-32.42898660236433,2050.500322347654,4.248229342071127,-0.11838600000000457,-2087.2959242920897,0.2607916201079554,2087.2959242920965,-0.1017944854568198,-0.0015815160498592697,0.15519386858320006,-0.17916819991874203,10.412289685442575,0.056815410875396245,0.05613265057303097,0.4325286515484028,0.45452328700316996
EMA Cross,i016,BTCUSDT,True,9516,5144,4372,0.25798654897015555,-10.265359873572145,951.598923604274,1.9715027325960346,-0.174895000000003,-964.0106812104423,0.2811464756199379,964.0305985404403,-0.10130419096368666,-0.0010787473595599143,0.15357572944615222,-0.18992197946477068,13.697562000840689,0.06315678856662463,0.13114754098360656,0.003888188314417823,0.801807482135351
MA-EMA Cross,i017,BTCUSDT,False,45565,22681,22884,0.18090639745418632,-55.325855590324466,4556.500809786129,9.448485421600683,-0.031880999999997064,-4621.307031798055,0.21605577524980596,4621.307031798121,-0.10142229851416779,-0.0012142182725847573,0.15451129697294236,-0.1579482249811376,7.186371118182816,0.047843739712498626,0.048853286513771535,0.836672884889718,0.06663008888401185
MA-EMA Cross,i017,BTCUSDT,True,23307,12365,10942,0.2667438966833998,-7.456960433005455,2330.694273901826,4.84114674326783,-0.8675350000000013,-2343.8599160780986,0.30326960669650493,2343.859916078094,-0.1005646336327326,-0.0003199450994553334,0.16410239390355746,-0.19684520181255213,13.348650619985412,0.07323979920195649,0.1526579997425666,0.010640580083236796,0.7634616209722401
SuperTrend,i018,BTCUSDT,False,18948,9462,9486,0.23480050664977833,-69.36484659816648,1894.8046063210925,3.904060079613223,-0.0701639999999994,-1968.1436769988723,0.25488788785659844,1968.1436769988757,-0.10387078725980958,-0.003660800432666587,0.15132893265673997,-0.18217850185452156,11.894236858771375,0.056575891914713954,0.08723875870804307,0.3133839983111674,0.5428013510660755
SuperTrend,i018,BTCUSDT,True,8882,4840,4042,0.2356451249718532,-35.8182173138324,888.2067903364149,1.82847627986713,-0.15459400000000012,-926.0080779301145,0.25047147604298825,926.0080779301163,-0.10425670771561747,-0.004032674770753479,0.14784806911072623,-0.18197880197066793,13.837649178113038,0.055618104030623734,0.11889214140959244,0.0028146813780680026,0.8226750731817158
Ichimoku Cloud,i019,BTCUSDT,False,19138,9727,9411,0.23424600271710733,23.50963426761957,1913.8099463870599,3.9682288218263126,0.07928500000000574,-1894.1892559412665,0.2704280000020256,1894.191326634698,-0.09897529814720799,0.0012284269133461998,0.15661672142649896,-0.17716151607616934,10.589246525237748,0.06045563799770091,0.0600376214860487,0.3802905214755983,0.4992162190406521
Ichimoku Cloud,i019,BTCUSDT,True,8518,4676,3842,0.2646161070673867,36.422256681301604,851.8063522877696,1.767741280801472,-0.23962899999999862,-817.3914658872693,0.30230609766339156,817.3935365806985,-0.09596049141667871,0.00427591649228711,0.15712965870412332,-0.18703092538415764,13.639821554355482,0.06973467950223057,0.12878610002347968,0.0029349612585113875,0.7985442592157783
Parabolic SAR,i020,BTCUSDT,False,33196,16544,16652,0.21921315821183274,-42.492771433840936,3319.6085339429956,6.894396483972326,-0.11837999999999976,-3369.1140818608083,0.26323458994335186,3369.1140818607946,-0.10149156771480927,-0.0012800569777636141,0.1654158306991103,-0.17642829900297985,9.55344017351488,0.06175442824436679,0.061272442462947344,0.6039884323412459,0.27298469695143995
Parabolic SAR,i020,BTCUSDT,True,18368,9749,8619,0.2643728222996516,-5.2860513600862085,1836.7853634423088,3.815282045576244,-0.35738200000000164,-1846.2440788479719,0.29933371657171015,1846.2440788479646,-0.1005141593449462,-0.00028778589721723696,0.1624257407127213,-0.19501061839468223,13.473432055749129,0.07121080139372822,0.1446537456445993,0.007567508710801394,0.7765679442508711
Directional Movement,i021,BTCUSDT,False,31952,15732,16220,0.162399849774662,-55.82215000179037,3195.2097015000036,6.616946713165363,-0.2317060000000059,-3257.8805042149597,0.2077598407163817,3257.8805042149647,-0.10196170831919629,-0.001747062781728542,0.16464791308207155,-0.15365387008922127,6.950644717075614,0.043878317476214325,0.01880946419629444,0.7268402603905859,0.21047195793690535
Directional Movement,i021,BTCUSDT,True,14073,7570,6503,0.25758544731045263,-10.81662629476794,1407.2854073694127,2.9212422703044814,-0.30736700000000217,-1421.3306429344855,0.28611325327985276,1421.3306429344889,-0.10099699018933314,-0.0007686084200076699,0.1571432621750332,-0.19056039130158695,13.63234562637675,0.06452071342286649,0.13522347758118383,0.007247921551907909,0.7930078874440418
Vortex,i022,BTCUSDT,False,37202,18407,18795,0.17125423364335252,-35.064096760757955,3720.196634422493,7.708430870100175,0.016469000000005757,-3762.9526930533507,0.21368477806255,3762.9996477212835,-0.10114920415712464,-0.0009425325724627158,0.16050850750156917,-0.15521885097291194,7.494005698618354,0.04521262297725929,0.03706789957529165,0.6688350088704909,0.24888446857695823
Vortex,i022,BTCUSDT,True,16181,8668,7513,0.26049069896792537,17.68891685801708,1618.0899577691441,3.3580421270508705,-0.24267600000000433,-1604.001759038178,0.29504900594832,1604.0487137060925,-0.09912871633633137,0.0010931905851317642,0.1592731208234364,-0.1901502560010833,13.578270811445522,0.06773376181941784,0.13552932451640815,0.007972313206847537,0.7887646004573265
Williams Alligator,i023,BTCUSDT,False,23408,11705,11703,0.22757177033492823,-16.760885578000472,2340.805249752674,4.84923244484638,0.04031599999999823,-2362.375051775521,0.2572252611371948,2362.375051775529,-0.10092169565001372,-0.0007160323640635882,0.15357574905012733,-0.17590139190119733,11.257817840054683,0.056818181818181816,0.10522043745727956,0.3353554340396446,0.502605946684894
Williams Alligator,i023,BTCUSDT,True,11301,6034,5267,0.26767542695336694,34.63636559633477,1130.1050226844295,2.341328142110155,-0.06855800000000194,-1097.878543230205,0.3050753990254169,1097.8785432302047,-0.09714879596763161,0.003064893867474982,0.15933031692395974,-0.19089569259608302,13.63905849039908,0.06902044066896734,0.1332625431377754,0.0030970710556587912,0.7946199451375985
Williams Fractal,i024,BTCUSDT,False,34043,16972,17071,0.23496754105102372,-158.86421220853154,3404.306764234778,7.073071562319427,-0.19736200000000326,-3570.441410005629,0.2778185893644822,3570.4414100056297,-0.10488033986445462,-0.004666574984828939,0.17171222297848637,-0.1898313424055653,11.071585935434598,0.07355403460329583,0.08427576888053344,0.39241547454689657,0.44975472196927413
Williams Fractal,i024,BTCUSDT,True,16428,8708,7720,0.26527879230581936,-31.87514713662033,1642.7984444633335,3.41443664843689,-0.34206399999999926,-1678.4300922483908,0.3081082464998268,1678.4300922483933,-0.10216886366255118,-0.0019402938359277045,0.17150674292621151,-0.20098230968689482,13.28427075724373,0.08205502800097395,0.1556488921353786,0.004747991234477721,0.7575480886291697
Aroon,i025,BTCUSDT,False,28552,14084,14468,0.21896889885121884,-28.913509127091586,2855.199820203433,5.917701842756023,-0.04304699999999849,-2890.07407817328,0.25772833351108687,2890.0740781732998,-0.10122142330391147,-0.001012661429220075,0.1605052667338851,-0.17459878949746768,10.041958531801624,0.05810451106752592,0.07011768002241524,0.5324670776127767,0.3393107312972822
Aroon,i025,BTCUSDT,True,15063,8119,6944,0.257983137489212,20.61893736575223,1506.3063185852611,3.123310444909498,-0.2058850000000021,-1489.0165766644184,0.2958636060019006,1489.0165766644238,-0.09885259089586526,0.0013688466683763017,0.1610020814469417,-0.18919841327433426,13.617406891057557,0.06877779990705703,0.1333731660359822,0.005974905397331209,0.7918741286596296
Trend Strength Index,i026,BTCUSDT,False,29225,14622,14603,0.21775876817792986,-14.097818567351862,2922.4761968100174,6.055958590145469,-0.29505499999999685,-2942.9250289675147,0.261398829030723,2942.938551342332,-0.10069888892959844,-0.00048238900144916545,0.16366004774663828,-0.1742906072712095,9.801539777587681,0.05881950384944397,0.0621043627031651,0.5783746792130026,0.3007014542343884
Trend Strength Index,i026,BTCUSDT,True,15479,8332,7147,0.2634537114800698,32.337488523004765,1547.8839788639966,3.2099024274152637,-0.28349099999999716,-1519.0398837684072,0.2979738091266734,1519.0534061432154,-0.09813553096249157,0.002089120002778265,0.1581054109099722,-0.1897898210208994,13.642418760901867,0.06654176626397054,0.13243749596227147,0.006460365656696169,0.7945603721170619
Zig Zag,i027,BTCUSDT,False,9275,4627,4648,0.32161725067385444,-32.08780685211045,927.500591719045,1.9879043368650238,0.1982699999999957,-961.3780329080205,0.4211345902715245,961.4529660709316,-0.10365261810329061,-0.003459601816939132,0.2344683656413477,-0.2639537774342277,10.546199460916442,0.17326145552560646,0.28474393530997305,0.057789757412398925,0.48420485175202155
Zig Zag,i027,BTCUSDT,True,3811,1697,2114,0.33823143531881394,-10.50109208132477,381.0951254514489,0.8197260608419462,-0.09430000000000165,-392.51024359361566,0.445116879984116,392.58517675653144,-0.1029940287571807,-0.002755468927138486,0.24427027912562038,-0.28048161514137204,10.415901338231436,0.19706113880871162,0.332983468905799,0.0013119916032537393,0.46864340068223564
Linear Regression Curve,i028,BTCUSDT,False,98214,44878,53336,0.12180544525220437,86.43023857868897,9821.385598945039,20.37381711543465,0.3690300000000103,-9754.960147481783,0.1278717210984736,9754.960147481992,-0.09932351953368954,0.0008800195346762069,0.11955824698401488,-0.12968238578279156,3.2280122996721445,0.019559329627140732,0.01365385790213208,0.9667053576883132,8.145478241391248e-05
Linear Regression Curve,i028,BTCUSDT,True,31067,16364,14703,0.27031898799369103,45.3084649632981,3106.6900083623377,6.477550730452999,-0.6864080000000031,-3068.545502129493,0.32020644246071484,3068.545502129503,-0.09877186410433877,0.001458411335606853,0.17211143216997077,-0.19912379502814007,12.99896996813339,0.08240254932886987,0.16258409244536004,0.020375317861396337,0.7346380403643737
Linear Regression Slope,i029,BTCUSDT,False,29225,14622,14603,0.21775876817792986,-14.097818567351862,2922.4761968100174,6.055958590145469,-0.29505499999999685,-2942.9250289675147,0.261398829030723,2942.938551342332,-0.10069888892959844,-0.00048238900144916545,0.16366004774663828,-0.1742906072712095,9.801539777587681,0.05881950384944397,0.0621043627031651,0.5783746792130026,0.3007014542343884
Linear Regression Slope,i029,BTCUSDT,True,15479,8332,7147,0.2634537114800698,32.337488523004765,1547.8839788639966,3.2099024274152637,-0.28349099999999716,-1519.0398837684072,0.2979738091266734,1519.0534061432154,-0.09813553096249157,0.002089120002778265,0.1581054109099722,-0.1897898210208994,13.642418760901867,0.06654176626397054,0.13243749596227147,0.006460365656696169,0.7945603721170619
Keltner Channels,i030,BTCUSDT,False,23511,11759,11752,0.2346135851303645,-104.7456654971107,2351.1165126867477,4.8457745687051395,0.12646600000000316,-2460.5814867525633,0.27229812066562525,2460.5814867525582,-0.1046566069819473,-0.00445517695959809,0.16691856484493753,-0.1879024334780349,12.984305218833738,0.07251924631023776,0.12151758751222833,0.10399387520734975,0.7019692909701841
Keltner Channels,i030,BTCUSDT,True,10447,5575,4872,0.2507897003924572,-27.003053202703043,1044.719961570772,2.1540337566407555,-0.27062500000000084,-1074.1476735301158,0.3032502766519175,1074.147673530117,-0.10281876840529489,-0.002584766268086823,0.17843789924311132,-0.19696626671100897,13.264860725567148,0.08624485498229156,0.14798506748348808,0.0008614913372259979,0.7649085861969943
Donchian Channels,i031,BTCUSDT,False,28452,14178,14274,0.24694221847321804,-139.21251531579586,2845.2213318446175,5.9006240124876435,0.16516699999998774,-2990.1693041729013,0.28866573031750986,2990.169304172884,-0.1050952236810383,-0.004892890317580341,0.172706677733057,-0.19619184271097542,12.696893012793478,0.07999437649374384,0.13102769576831155,0.12252214255588359,0.6664557851820611
Donchian Channels,i031,BTCUSDT,True,12465,6583,5882,0.26089049338146814,-37.8046758418083,1246.5103849704049,2.587264467436564,-0.1787360000000038,-1287.0810612796497,0.3171696413162159,1287.0810612796486,-0.10325560058400719,-0.0030328660924033935,0.1838375198999454,-0.2045935825457801,13.042679502607301,0.09362214199759326,0.1659045326915363,0.001444043321299639,0.7390292819895709
Price Channel,i032,BTCUSDT,False,40703,20383,20320,0.15922659263444955,-24.47286868204951,4070.2864316210325,8.43855764340444,-0.05193699999999435,-4103.249794946485,0.2104003178080283,4103.249794946508,-0.10080951760181031,-0.0006012546662911704,0.168703992901473,-0.1518502826527068,6.492273296808589,0.04449303491143159,0.014544382477950028,0.7358425668869617,0.20512001572365673
Price Channel,i032,BTCUSDT,True,16414,8787,7627,0.2656878274643597,29.70024824742643,1641.3867067230847,3.412355453459849,-0.4022609999999996,-1615.5010749291182,0.30094794640229694,1615.5010749291168,-0.09842214420184711,0.0018094460976865133,0.15947882709289526,-0.19173552143708908,13.495735347873767,0.069270135250396,0.138540270500792,0.010478859510174241,0.7817107347386377
MA Channel,i033,BTCUSDT,False,36236,18008,18228,0.2163042278397174,-60.149087851106046,3623.6168744559577,7.509618374494136,0.014011000000001706,-3691.2615696815587,0.26094702413665805,3691.2615696815415,-0.10186724720392866,-0.0016599262570677238,0.16628242156206646,-0.17587799105165983,9.16585715862678,0.061485815211391986,0.0399878573794017,0.5746771166795452,0.3238492107296611
MA Channel,i033,BTCUSDT,True,16895,9025,7870,0.2640426161586268,28.87163459431744,1689.4638102397757,3.5094350652314104,-0.31777700000000164,-1664.4193877106893,0.30507114221539716,1664.4193877106818,-0.09851550090030714,0.0017088863328983393,0.16379148640373237,-0.1926245141191684,13.491032849955609,0.07321692808523232,0.13939035217519977,0.006865936667653152,0.7805267830719148
Chande Kroll Stop,i034,BTCUSDT,False,38121,18975,19146,0.241913905721256,-71.50690806427194,3812.1055839645223,7.916010397840516,0.14397799999999855,-3891.3845244266354,0.2901397360903119,3891.4044417566515,-0.10207981229313594,-0.0018757878351636091,0.17246992520352167,-0.1896917600835154,10.973452952440912,0.07570630361218227,0.07783111670732668,0.39382492589386425,0.4526376537866268
Chande Kroll Stop,i034,BTCUSDT,True,17847,9405,8442,0.2685045105619992,12.38315640737916,1784.6919921195838,3.7090218269541326,-0.2721299999999987,-1776.289987539159,0.31968567136826487,1776.309904869156,-0.09952877164448697,0.0006938508661051807,0.17418494332164114,-0.19999879248843075,13.262004818737042,0.0855045665938253,0.1541435535384098,0.0050988961730262785,0.7552529836947386
52-Week High/Low,i035,BTCUSDT,False,2245,1142,1103,0.31447661469933186,-31.677095475999007,224.5152847090906,0.468112266456495,-0.07584199999999723,-256.7363344515461,0.4077584464437662,257.4706463361613,-0.11435916902073323,-0.014110064799999558,0.2503725574807389,-0.28167599742231825,10.40445434298441,0.18530066815144766,0.3398663697104677,0.0,0.4748329621380846
52-Week High/Low,i035,BTCUSDT,True,2100,1074,1026,0.31142857142857144,-34.25187737391592,210.01431803578305,0.4374418567287774,-0.06218799999999679,-244.76582526642775,0.3980280828183124,245.50013715104308,-0.11655515488877512,-0.01631041779710282,0.24746313795658234,-0.28119413381053426,10.476666666666667,0.18142857142857144,0.3414285714285714,0.0,0.47714285714285715
Majority Rule,i036,BTCUSDT,False,33770,16673,17097,0.21412496298489783,-73.45115526663994,3376.9868867667205,7.014533258603958,0.24650100000000041,-3457.206074291965,0.2569744854592715,3457.2060742919616,-0.10237506882712362,-0.0021750416128705936,0.16535342076817677,-0.17532222992074498,9.83115190997927,0.06183002665087356,0.07367485934261178,0.4999407758365413,0.36455433816997335
Majority Rule,i036,BTCUSDT,True,16305,8592,7713,0.26494940202391903,21.07869208666716,1630.4837468261887,3.386931546142896,-0.154699000000006,-1612.9466852856644,0.3066968504085377,1612.9466852856674,-0.09892343975993036,0.0012927747369927728,0.16516666832188834,-0.19411486795462846,13.486108555657774,0.07568230604109169,0.14167433302667892,0.006501073290401717,0.7761422876418277
MACD,i038,BTCUSDT,False,33079,16931,16148,0.219535052450195,7.059376056017507,3307.883233044133,6.860166835221058,-0.018014000000005657,-3307.7020378233356,0.2613690163712835,3307.7020378233287,-0.0999940154727572,0.0002134095969049097,0.16117464358065164,-0.17345750085238518,9.553251307476042,0.05840563499501194,0.050515432751896974,0.5503793947821881,0.340699537470903
MACD,i038,BTCUSDT,True,16106,8522,7584,0.2646218800447038,22.734411394494856,1610.58268529437,3.3442988160605687,-0.3458470000000013,-1591.5384197159358,0.30175942547891405,1591.5384197159322,-0.09881649197292536,0.0014115491987144455,0.16138361663543646,-0.19244810822493805,13.507202284862784,0.07202284862784056,0.1398857568607972,0.0071401962001738485,0.7809511983111884
RSI,i039,BTCUSDT,False,41550,20593,20957,0.13610108303249097,-11.895775640091111,4154.9969569453215,8.609832228184919,-0.09198299999999952,-4175.594547813598,0.1893069161820832,4175.594547813621,-0.1004956569870902,-0.0002863002560792085,0.17242320975501263,-0.1434920685047554,5.616919374247894,0.03872442839951865,0.007870036101083033,0.803008423586041,0.1503971119133574
RSI,i039,BTCUSDT,True,16386,8830,7556,0.261869888929574,9.088412015365233,1638.5790035476425,3.405094715944602,-0.4596459999999981,-1633.3553322482223,0.29075601744097124,1633.3553322482178,-0.09967992995534129,0.0005546449417408295,0.15604692387465322,-0.19040534787882257,13.578115464420847,0.0654827291590382,0.13395581594043696,0.010252654705236177,0.7903088001952887
Stochastic,i040,BTCUSDT,False,128599,59197,69402,0.10299458005116681,98.86913691316819,12859.902203736521,26.65926657948756,0.5968870000000022,-12787.095446402842,0.10334771933378502,12787.095446403127,-0.09943386376568124,0.0007688173073909454,0.11127479013958973,-0.123627529533451,2.4695759687089325,0.014214729508005506,0.008942526769259482,0.9767572065101595,8.553721257552546e-05
Stochastic,i040,BTCUSDT,True,33543,17600,15943,0.272456250186328,72.7269539701517,3354.258061276327,7.0029171307633655,-0.8758759999999964,-3289.4099004369396,0.32674868464838147,3289.4099004369396,-0.0980654652367689,0.002168170824617706,0.17468513718864018,-0.20020723525667602,12.863637718749068,0.08606862832781803,0.16528038636973438,0.02358167128760099,0.7250693140148466
Stochastic RSI,i041,BTCUSDT,False,78388,39074,39314,0.13666632647854263,-2.8393558002794417,7838.803098950937,16.25597773081141,0.37446800000000785,-7857.5239644820285,0.1493150648881132,7857.523964482128,-0.10023886263818478,-3.6221817118429374e-05,0.12873881129275253,-0.13648618913721886,4.064742052354952,0.02622850436291269,0.021406337704750728,0.9503750574067459,0.0019901005255906516
Stochastic RSI,i041,BTCUSDT,True,29486,15556,13930,0.2682289900291664,19.153757996438813,2948.574755701286,6.140923100462881,-0.6830380000000004,-2936.2449588053105,0.31573738626897324,2936.2449588053137,-0.09958098619023639,0.0006495882112337656,0.1713065252906332,-0.19887418396111264,13.079834497727735,0.08068235772909177,0.1627891202604626,0.015804110425286576,0.740724411585159
Connors RSI,i042,BTCUSDT,False,153006,72490,80516,0.08312092336248252,80.14321066888245,15300.584702248443,31.72221919604416,0.06631200000000154,-15252.097398775606,0.083579861053348,15252.097398775297,-0.09968300196577654,0.000523791293602097,0.10937492535049327,-0.11863543353232764,2.0599518973112168,0.012535456125903559,0.005588016156229167,0.9817654209638838,0.00011110675398350392
Connors RSI,i042,BTCUSDT,True,34100,17978,16122,0.2680058651026393,49.19121428339379,3409.983893956801,7.118146678274363,-0.8242989999999992,-3368.735125351681,0.3207174608515584,3368.735125351711,-0.09878988637394959,0.0014425576036185862,0.17403650019843403,-0.1986801290278903,12.86782991202346,0.08357771260997067,0.16372434017595308,0.026011730205278593,0.7266862170087977
Awesome Oscillator,i043,BTCUSDT,False,20380,10176,10204,0.23076545632973502,-18.972471347873398,2037.9918655155755,4.220866741738474,-0.17282800000000226,-2061.3580316051875,0.2630239179158523,2061.3580316051944,-0.10114612520143215,-0.0009309357874324534,0.1564300917913132,-0.17841734727943695,10.896074582924436,0.05942100098135427,0.07693817468105986,0.36864573110893034,0.49499509322865554
Awesome Oscillator,i043,BTCUSDT,True,9268,4965,4303,0.26122140699179974,11.921698722393081,926.8021995811578,1.9207411462928938,-0.11883100000000027,-916.9200730050577,0.29208313793736723,916.9200730050578,-0.09893397421288926,0.0012863291672845362,0.15626471332840977,-0.18916853278415915,13.675010789814415,0.06678895123003885,0.12958567112645664,0.0032369443245576176,0.8003884333189469
Accelerator Oscillator,i044,BTCUSDT,False,43135,22285,20850,0.18103628144198447,-16.49155606438769,4313.501186690364,8.948110283425878,-0.09397199999999198,-4339.034825038178,0.2235823187986745,4339.038018468436,-0.1005919746154672,-0.0003823242393505898,0.16000728345660542,-0.15819882527177742,7.650585371508056,0.0491248406166686,0.04847571577605193,0.7693984003709284,0.13300104323635098
Accelerator Oscillator,i044,BTCUSDT,True,21387,11375,10012,0.26394538738485995,4.035187375499083,2138.6940369070644,4.447341436143362,-0.8158430000000029,-2139.9220339677086,0.3041142136557891,2139.9252273980073,-0.10005713910168368,0.00018867477325006235,0.1656657598878457,-0.19534400003395996,13.38761864684154,0.07401692617010333,0.1493898162435124,0.009211203067283864,0.7673820545191004
Momentum,i045,BTCUSDT,False,50047,24552,25495,0.13721102163965873,-25.608493961098322,5004.705312425375,10.366164154901226,-0.04689499999999626,-5040.726865541374,0.1832986500704337,5040.726865541409,-0.10071986064182416,-0.0005116888916638024,0.1647487436140517,-0.1429378528934476,5.8690031370511715,0.03812416328651068,0.01906208164325534,0.8281215657282155,0.1146921893420185
Momentum,i045,BTCUSDT,True,20325,10863,9462,0.26317343173431734,18.62742769273321,2032.4750777028776,4.223714688611093,-0.594344000000004,-2018.6657086987555,0.29717511665494195,2018.665708698747,-0.0993193460614394,0.0009164786072685466,0.15957215877933903,-0.19178800654443376,13.48049200492005,0.06745387453874539,0.13992619926199262,0.012841328413284133,0.7797785977859779
Chande Momentum Oscillator,i046,BTCUSDT,False,52685,26112,26573,0.13146056752396318,-57.5334454541479,5268.4914058536215,10.91892160958943,-0.13321099999999847,-5337.076983917359,0.1786450047627958,5337.07698391738,-0.10130164152827863,-0.0010920270561668008,0.16760267828842906,-0.1420025160895784,5.652956249406852,0.03826516086172535,0.017936794153933757,0.847489797855177,0.0963082471291639
Chande Momentum Oscillator,i046,BTCUSDT,True,21207,11351,9856,0.26321497618710804,24.75226156601964,2120.674584045829,4.408674492946563,-0.5981180000000067,-2100.929114972756,0.2975578937952368,2100.929114972758,-0.09906771891228161,0.0011671741201499336,0.1594345744891978,-0.1914171462253733,13.457160371575423,0.06870372990050455,0.1385391615975857,0.01325034186825105,0.7795067666336587
Price Oscillator,i047,BTCUSDT,False,19772,9830,9942,0.23477645154764312,-28.665902104682417,1977.1968830726764,4.0988082774254755,-0.09395200000000647,-2010.0555454547841,0.26245936975814926,2010.0555454547905,-0.10166172089089542,-0.0014498230884423637,0.15409163177675889,-0.18012881032138128,10.60449119967631,0.05740441027715962,0.05978150920493627,0.4092656281610358,0.4735484523568683
Price Oscillator,i047,BTCUSDT,True,9079,4894,4185,0.2580680691706135,-5.4403800271403675,907.8953059738488,1.8821498194466264,-0.16528800000000177,-915.3831238204358,0.2839919731045226,915.3948881231255,-0.10082422335284016,-0.0005992267900804458,0.15495970712155777,-0.18979419798192482,13.710320519881044,0.06454455336490802,0.13041083819803942,0.0038550501156515036,0.801189558321401
Detrended Price Oscillator,i048,BTCUSDT,False,29475,14748,14727,0.18120441051738762,-11.669291979567387,2947.4881741571076,6.104180660652178,-0.040064000000002,-2965.3017107973274,0.22196835635524775,2965.301710797303,-0.10060395965385334,-0.00039590473213120905,0.1583945066737399,-0.15792188493170514,7.5377777777777775,0.044206955046649704,0.01974554707379135,0.6235453774385072,0.31250212044105175
Detrended Price Oscillator,i048,BTCUSDT,True,11730,6281,5449,0.26308610400682014,17.176724103867436,1172.9901362818716,2.4359803474032957,-0.2653050000000002,-1158.5146975254072,0.29598418190535164,1158.5146975254063,-0.09876510635340216,0.0014643413558284258,0.15783078295285136,-0.19037256984242326,13.595566922421142,0.06777493606138107,0.1320545609548167,0.006990622335890878,0.7931798806479113
TRIX,i049,BTCUSDT,False,11722,5816,5906,0.24364442927828014,-18.59369809378324,1172.205125865504,2.426068956761776,0.01595799999999745,-1193.2089349160487,0.2635537214062557,1193.3375565314545,-0.10179226539123434,-0.0015862223250113665,0.14951555407941827,-0.18274592345667356,12.922368196553489,0.058607746118409826,0.1114144343968606,0.12634362736734345,0.7036341921173861
TRIX,i049,BTCUSDT,True,4636,2540,2096,0.25625539257981017,2.821825333681105,463.60186615588674,0.9585846038093503,-0.18167300000000072,-461.92029842601494,0.2806744955808331,462.0489200414214,-0.09963768300819995,0.0006086767328906612,0.15171485220741454,-0.18624058667297663,13.77890422778257,0.0638481449525453,0.1227351164797239,0.0008628127696289905,0.8125539257981018
Fisher Transform,i050,BTCUSDT,False,62160,29810,32350,0.1453828828828829,-109.80414695017815,6215.994454481238,12.881207217236511,0.2737299999999997,-6338.4060786486525,0.17415817988251533,6338.406078648629,-0.10196920975946996,-0.0017664759805369715,0.14791178661410248,-0.1444776254029384,5.155148005148005,0.03748391248391248,0.025884813384813386,0.9245495495495496,0.012081724581724582
Fisher Transform,i050,BTCUSDT,True,26462,14047,12415,0.2652482805532462,10.326720605981954,2646.1737497528347,5.506492037758845,-0.8662910000000051,-2642.2198121846113,0.30994442250929316,2642.2198121846213,-0.09984958854903679,0.0003902471697521712,0.16908047428335382,-0.19693440627369607,13.207240571385382,0.07735620890333308,0.1567530798881415,0.014662534955785655,0.7512281762527397
Ultimate Oscillator,i051,BTCUSDT,False,53675,26563,27112,0.1302654867256637,-5.472597546761493,5367.498513033198,11.114048457517653,0.11114400000000195,-5383.974015037477,0.17514347863192697,5384.060599657678,-0.10030692156567261,-0.0001019580353378946,0.16349975057754926,-0.13981886920454345,5.342971588262692,0.03742897065673032,0.01712156497438286,0.8496693060083838,0.09578015836050303
Ultimate Oscillator,i051,BTCUSDT,True,21180,11334,9846,0.26015108593012276,33.27580520878535,2117.9849303196333,4.402336421779109,-0.5413699999999997,-2089.6528315326273,0.30264674395947505,2089.739416152821,-0.09866160677680015,0.001571095618922821,0.16459085974036808,-0.1912283643077253,13.40967894239849,0.07077431539187913,0.13994334277620396,0.013739376770538244,0.7755429650613787
Williams %R,i052,BTCUSDT,False,48155,23570,24585,0.14600768352196034,-21.787129823895278,4815.499356630083,9.98537487827284,-0.044278999999996516,-4847.316140332251,0.20195015155678459,4847.3161403322665,-0.10066070273766485,-0.0004524375417691886,0.1744610215833518,-0.1476984627731932,6.023548956494652,0.04373377634721213,0.012418232789949123,0.80627141522168,0.13757657564115877
Williams %R,i052,BTCUSDT,True,19885,10611,9274,0.26497359818959015,32.773270911785445,1988.4686939181279,4.135812040900467,-0.4986090000000022,-1960.329844047243,0.3029102625011348,1960.3298440472347,-0.09858334644441753,0.001648140352616819,0.1616688136065017,-0.19240303933633693,13.46663314055821,0.07000251445813427,0.14045763138043751,0.012270555695247674,0.7772692984661805
SMI Ergodic,i053,BTCUSDT,False,51163,25676,25487,0.1657252311240545,22.683250406482646,5116.294187471789,10.610971463620455,-0.12100199999999567,-5104.342910528926,0.21357632572725221,5104.477126771458,-0.09976629420731635,0.00044335262604778153,0.16349020535293837,-0.1520611086523402,6.492308895099975,0.048804800343998596,0.02540898696323515,0.8410961046068448,0.08469010808592146
SMI Ergodic,i053,BTCUSDT,True,23110,12235,10875,0.2672436174816097,26.04999573277944,2310.9750293157767,4.802824563496172,-0.7522600000000026,-2290.480118146493,0.3111763306655434,2290.614334389046,-0.09911207780815634,0.0011272174700467088,0.16753969963032073,-0.19636266109976105,13.336780614452618,0.07572479446127217,0.15140631761142362,0.011337083513630462,0.7615318044136737
Relative Vigor Index,i054,BTCUSDT,False,58755,29167,29588,0.15006382435537402,-6.885163387157956,5875.50407019026,12.180903872384183,0.1309820000000011,-5894.4391554498025,0.17863007671914388,5894.439155449752,-0.10032234117010982,-0.0001171842972880258,0.1453909710452497,-0.14370522141767328,5.481814313675432,0.0351289251978555,0.038498851161603266,0.9061356480299549,0.020236575610586335
Relative Vigor Index,i054,BTCUSDT,True,25853,13663,12190,0.2664294279193904,26.617179998627428,2585.2830964000163,5.375478649686698,-0.574484999999995,-2564.6158800510752,0.3104782094934162,2564.6158800510666,-0.09919993347197908,0.0010295586585165135,0.16765338187884343,-0.19611981937424466,13.230108691447802,0.07623873438285692,0.15429543960082,0.014195644606041852,0.7552701814102812
True Strength Index,i055,BTCUSDT,False,29692,14988,14704,0.22908527549508284,8.047477101615307,2969.210288473755,6.159560916717304,0.03988799999999873,-2967.282484288857,0.2705523955240908,2967.2824842888517,-0.0999354197860992,0.00027103183017699407,0.16180038348280712,-0.17771291798772001,10.237336656338409,0.06082446450222282,0.061228613768018324,0.4714737976559343,0.4064731240738246
True Strength Index,i055,BTCUSDT,True,14413,7673,6740,0.2648303614792201,24.460751093570998,1441.2980264563557,2.9923107061811427,-0.20955600000000335,-1420.0391420689662,0.30505344513776284,1420.0391420689639,-0.09852488323520198,0.0016971311381094151,0.16330620378692767,-0.19284436786746595,13.51356414348158,0.0733365711510442,0.14035939776590578,0.005064871990564074,0.781239159092486
Coppock Curve,i056,BTCUSDT,False,23259,11586,11673,0.2421428264327787,-15.23804255678346,2325.8923185197473,4.819743884550539,0.1361460000000044,-2345.8139589610814,0.27351752335875146,2345.81395896107,-0.10085618293826397,-0.0006551460749294235,0.1568162023591756,-0.18318504627264756,11.467088008942774,0.06062169482780859,0.08775097811599811,0.36807257405735416,0.48355475299883915
Coppock Curve,i056,BTCUSDT,True,11508,6216,5292,0.25825512686826557,11.509488777331722,1150.8051177763334,2.3837761496112297,-0.12355399999999762,-1141.8029591486131,0.28931826034543434,1141.8029591486115,-0.09921819248771403,0.0010001293689026523,0.15640226832151916,-0.18821819360358108,13.70246784845325,0.06517205422314912,0.12851929092805006,0.004171011470281543,0.8021376433785193
Rate of Change,i057,BTCUSDT,False,52685,26112,26573,0.13146056752396318,-57.5334454541479,5268.4914058536215,10.91892160958943,-0.13321099999999847,-5337.076983917359,0.1786450047627958,5337.07698391738,-0.10130164152827863,-0.0010920270561668008,0.16760267828842906,-0.1420025160895784,5.652956249406852,0.03826516086172535,0.017936794153933757,0.847489797855177,0.0963082471291639
Rate of Change,i057,BTCUSDT,True,21207,11351,9856,0.26321497618710804,24.75226156601964,2120.674584045829,4.408674492946563,-0.5981180000000067,-2100.929114972756,0.2975578937952368,2100.929114972758,-0.09906771891228161,0.0011671741201499336,0.1594345744891978,-0.1914171462253733,13.457160371575423,0.06870372990050455,0.1385391615975857,0.01325034186825105,0.7795067666336587
Klinger Oscillator,i058,BTCUSDT,False,52598,26709,25889,0.15177383170462755,-21.34945989168647,5259.788572482223,10.895274436167844,-0.040386999999995316,-5292.073693810076,0.1944647874159122,5292.073693810083,-0.10061359165386662,-0.000405898701313481,0.16003545080804765,-0.147251747116681,6.034754173162478,0.041826685425301345,0.029487813224837445,0.7911327426898361,0.1375527586600251
Klinger Oscillator,i058,BTCUSDT,True,21359,11297,10062,0.26443185542394304,31.22354748954469,2135.8882701414786,4.439182172840224,-0.5786980000000015,-2109.682602824774,0.31115818663499106,2109.682602824785,-0.09877253629967572,0.0014618450062992036,0.16872683654335424,-0.1949367815938921,13.28264431855424,0.07659534622407416,0.15164567629570672,0.01193876117795777,0.7598202163022614
Bollinger Bands,i059,BTCUSDT,False,24104,11940,12164,0.24722037836043811,-128.17161871357797,2410.411212021968,5.000213624282228,-0.06914500000000418,-2543.652189359828,0.288288297567161,2543.6521893598183,-0.10552821894124742,-0.00531744186498415,0.17290487899500032,-0.19696844107418213,12.850066379024229,0.07948888151344176,0.1355376700962496,0.08915532691669432,0.6958181214736143
Bollinger Bands,i059,BTCUSDT,True,10592,5578,5014,0.2593466767371601,-38.7906625365673,1059.2205314780979,2.1984986922798413,-0.19678300000000398,-1100.4064757069448,0.31444598404013996,1100.4064757069475,-0.10389033947384298,-0.0036622604358541636,0.18373794353384082,-0.20460606839954182,13.068070241691842,0.09299471299093656,0.16606873111782477,0.0006608761329305136,0.7402756797583081
BB %B,i060,BTCUSDT,False,43518,21513,22005,0.15299416333471208,17.68988765011762,4351.797208760447,9.01842231137132,-0.15422199999999806,-4343.279965421701,0.20793323927437518,4343.279965421677,-0.09980421814931066,0.0004064958787195556,0.17125220208539554,-0.14876497902621444,6.268371708258652,0.04313157773794751,0.01089204467117055,0.7677512753343444,0.17822510225653754
BB %B,i060,BTCUSDT,True,17509,9382,8127,0.2618082129190702,0.8911386557805545,1750.875341430293,3.6401184421631068,-0.46850899999999934,-1754.0928302166756,0.2938698616672375,1754.092830216669,-0.10018235365907106,5.089603379864952e-05,0.15924956876156607,-0.1921928706707694,13.51322177166029,0.06767947912502142,0.1386715403506768,0.011822491290193615,0.7818264892341081
Standard Error Bands,i061,BTCUSDT,False,29690,14851,14839,0.23374873694846748,-151.21398495823888,2968.9958578853402,6.166268540095856,-0.06665799999999741,-3126.4427693836747,0.28035821117571696,3126.442769383668,-0.10530288883070646,-0.005093094811661801,0.17550436348881682,-0.1909645297580687,11.231121589760862,0.07571572920175143,0.1019535197036039,0.3940383967665881,0.42829235432805657
Standard Error Bands,i061,BTCUSDT,True,14837,7903,6934,0.2637999595605581,-33.89611359932151,1483.714826887991,3.083512936689435,-0.23199699999999812,-1520.926450424002,0.30350427647954253,1520.926450424002,-0.10250902813398947,-0.0022845665295761616,0.16932993905321886,-0.19991612486297727,13.258071038619667,0.07885691177461751,0.15872480959762755,0.003909146053784457,0.7585091325739705
Envelopes,i062,BTCUSDT,False,0,0,0,,,,,,,,,,,,,,,,,
Envelopes,i062,BTCUSDT,True,0,0,0,,,,,,,,,,,,,,,,,
Net Volume,i074,BTCUSDT,False,42243,21049,21194,0.14920815283005467,-56.75163670182021,4224.303524546957,8.749424837382666,0.34884399999999605,-4289.45574208616,0.18654201901075074,4289.457283129395,-0.10154240328779111,-0.0013434565893004808,0.1560617356356094,-0.14671989042285494,6.459176668323746,0.038231186232038444,0.035745567312927586,0.7224628932604218,0.20356035319461213
Net Volume,i074,BTCUSDT,True,17232,9216,8016,0.26375348189415043,5.2230231637154905,1723.1700195998415,3.5794796676820977,-0.31808200000000314,-1721.8445581038081,0.2945134089686111,1721.8460991470517,-0.09992134157984031,0.00030310023002062965,0.1581526101100306,-0.19237393954866377,13.4544452181987,0.06876740947075209,0.14095868152274837,0.010329619312906222,0.7799442896935933
OBV,i075,BTCUSDT,False,43792,22114,21678,0.12968122031421264,-46.36312835052766,4379.20623245884,9.072404576941913,0.22550800000000118,-4434.41625738631,0.17260388890179615,4434.416257386344,-0.10126087544269068,-0.0010587122842192103,0.16289272563749746,-0.14062089172412714,5.352073438070881,0.0356457800511509,0.014523200584581659,0.8005800146145414,0.14925100474972597
OBV,i075,BTCUSDT,True,16416,8783,7633,0.26346247563352826,34.227532148411754,1641.5635987830028,3.4110773085207886,-0.42196100000000386,-1611.1691049431122,0.3043888784478819,1611.1691049431145,-0.09814626613932215,0.002085010486623523,0.16301113718654353,-0.19156333415556304,13.483248050682262,0.07072368421052631,0.13821881091617932,0.011025828460038986,0.7800316764132553
Accumulation/Distribution,i076,BTCUSDT,False,44700,22846,21854,0.1334228187919463,-30.068403879206706,4469.981031674468,9.251678961506268,-0.17748799999999748,-4509.478602515182,0.1727322762417451,4509.478602515175,-0.1008831902128676,-0.0006726712277227451,0.15787599891142454,-0.14072312732401168,5.383221476510067,0.03557046979865772,0.01574944071588367,0.8067114093959732,0.14196868008948546
Accumulation/Distribution,i076,BTCUSDT,True,17412,9273,8139,0.260912014702504,19.170627747436477,1741.1821545034204,3.619332813478299,-0.3926900000000034,-1726.0235495694624,0.303035388968275,1726.0235495694694,-0.09912839131457973,0.0011010009044013596,0.16519108364699212,-0.19243815701124778,13.379565816678152,0.0728233402251321,0.14421088904203996,0.011371467953135768,0.7715943027796922
MFI,i077,BTCUSDT,False,35939,18025,17914,0.1683129747627925,-41.242708283367755,3593.886822238582,7.439310421157902,-0.16425899999999446,-3642.7330999431083,0.20759678123013872,3642.7330999431556,-0.10135877737118752,-0.0011475752882208119,0.15776772098985678,-0.15379960000705092,7.435181835888589,0.04387990762124711,0.04571635270875651,0.6517154066612871,0.2586883330087092
MFI,i077,BTCUSDT,True,15613,8356,7257,0.2600397104976622,-10.71035350960573,1561.2875947491448,3.2381204251341376,-0.3451670000000041,-1575.5812356838846,0.2859313188090863,1575.5812356838826,-0.10091470157457788,-0.0006859894645235208,0.15539480945675074,-0.1909879825221408,13.535707423301096,0.06456158329597131,0.13776980721193877,0.008198296291551912,0.7894703132005381
Chaikin Money Flow,i078,BTCUSDT,False,36892,18705,18187,0.15309552206440422,30.89510818219653,3689.192276967035,7.637707134805746,0.16677400000000478,-3665.7681019196443,0.19124055031751275,3665.7681019196443,-0.09936485151034492,0.0008374473647998626,0.1534726232724398,-0.14507046082967562,6.590886913151903,0.038599154288192564,0.036511980917272036,0.6882250894502874,0.23666377534424807
Chaikin Money Flow,i078,BTCUSDT,True,14680,7806,6874,0.26369209809264305,32.10313986605171,1467.984215941905,3.0494772769053524,-0.3795509999999999,-1439.3101043527586,0.3025471977878151,1439.3101043527683,-0.09804564743547402,0.0021868623886956207,0.1612907696393242,-0.19092114660251477,13.467370572207084,0.07050408719346049,0.13739782016348773,0.01103542234332425,0.7810626702997275
Chaikin Oscillator,i079,BTCUSDT,False,38935,19661,19274,0.16730448182868884,-3.6357570360514124,3893.4880584324155,8.060649502825559,-0.19326199999999502,-3905.377726971293,0.21224822864349072,3905.377726971273,-0.10030506554440204,-9.3380173007613e-05,0.16153624263394534,-0.15291400053942852,7.0237832284576855,0.046641838962373186,0.03107743675356363,0.7391293180942596,0.18315140618980352
Chaikin Oscillator,i079,BTCUSDT,True,17872,9582,8290,0.2628692927484333,24.4936881194307,1787.1881375425453,3.7116681551914033,-0.47062100000000195,-1766.876738578306,0.30153746188614905,1766.8767385782996,-0.09886284347461426,0.0013705062734685933,0.16236461904790644,-0.19201956268903678,13.455517009847807,0.07139659803043867,0.1411145926589078,0.010183527305282006,0.7773052820053715
Ease of Movement,i080,BTCUSDT,False,41080,20122,20958,0.16046738072054528,-33.86139761259327,4107.98976311643,8.529412980040757,-0.14681999999999587,-4150.527393709064,0.20325878951755894,4150.52739370905,-0.10103523353722163,-0.0008242793966064574,0.16062684889171097,-0.15104904841113498,6.968330087633885,0.04272151898734177,0.029211295034079845,0.7274829600778968,0.2005842259006816
Ease of Movement,i080,BTCUSDT,True,18059,9653,8406,0.26042416523617035,-1.6923259375208333,1805.8828696519022,3.7550612214533348,-0.46064600000000805,-1811.7909028108766,0.29575607293614664,1811.790902810881,-0.10032620315692323,-9.371094399030031e-05,0.1617870127984013,-0.19262318239006873,13.481200509441276,0.06866382413201173,0.1439725344703472,0.010133451464643667,0.7772301899329974
Elder Force Index,i081,BTCUSDT,False,39221,19807,19414,0.15144947859565028,-47.96057313995814,3922.088616269336,8.134213837627954,-0.05739800000000364,-3978.240801246922,0.20182855093178,3978.2408012469396,-0.10143139647757381,-0.0012228289217500355,0.16935227516435641,-0.14976092412256842,6.388592845669412,0.04382856122995334,0.017975064378776676,0.7598225440452818,0.1783738303459881
Elder Force Index,i081,BTCUSDT,True,16483,8739,7744,0.25838742947279014,-28.606228288146152,1648.2879884037693,3.42353286551218,-0.29976100000000117,-1680.6175105574275,0.289410511452482,1680.617510557426,-0.10196065707440562,-0.0017354988951129135,0.16071513076884625,-0.19348030534210928,13.498452951525815,0.06631074440332464,0.1437845052478311,0.008978948007037553,0.7809258023418068
Price & Volume Trend,i082,BTCUSDT,False,30231,15101,15130,0.1630114782838808,-55.84559613118996,3023.0953568850937,6.265484499433245,-0.11698899999999968,-3085.3234265157166,0.21056712088919965,3085.3757636472624,-0.10205826557228397,-0.0018472956941943683,0.16699572216082229,-0.1544590896464549,7.046144685918428,0.04535079884886375,0.02365121894743806,0.6905494360093943,0.24044854619430386
Price & Volume Trend,i082,BTCUSDT,True,12892,6837,6055,0.2633416071982625,16.525808440160837,1289.1992257391796,2.678348632752591,-0.36417799999999756,-1275.7159439317713,0.29900636715097456,1275.768281063318,-0.09895407570057178,0.0012818653769904465,0.1602804554866851,-0.19162557547742104,13.56453614644741,0.06895749301892647,0.1370617437170338,0.006748371082842073,0.7872323921811977
VWAP,i086,BTCUSDT,False,10505,5147,5358,0.15164207520228462,-4.464111111660474,1050.4952818383838,2.1894854682948415,-0.06308000000000132,-1057.211958418339,0.2108415579986385,1057.2119584183379,-0.10063892988275479,-0.0004249510815478794,0.1773120704862673,-0.15032204743076336,6.001713469776297,0.04845311756306521,0.013422179914326511,0.7346977629700143,0.203426939552594
VWAP,i086,BTCUSDT,True,4203,2235,1968,0.25910064239828695,-5.115532728104921,420.29789697799913,0.8785662253681711,-0.019091000000003175,-426.31108693147223,0.28795101545924084,426.31108693147104,-0.10143018961015281,-0.0012171146152997671,0.15830968712327187,-0.19226407713831578,13.348560551986676,0.0675707827742089,0.13847251962883655,0.018558172733761598,0.7753985248631929
VWMA,i087,BTCUSDT,False,46477,22998,23479,0.15259160444951267,-18.409008487393606,4647.680485678155,9.645211975872787,-0.19113399999999547,-4675.92584014142,0.20572528225139627,4675.925840141418,-0.10060730770362587,-0.00039608857041964,0.17077166614588352,-0.14947412711560304,6.192181078813176,0.043505389762678315,0.012285646663941304,0.773350259268025,0.17085870430535532
VWMA,i087,BTCUSDT,True,18637,9939,8698,0.2664591940762998,34.26211566222748,1863.6700921335623,3.8805669828965503,-0.46037099999999814,-1833.7489144542317,0.3036484804612819,1833.7489144542283,-0.0983929234562554,0.0018383922123854416,0.1610184860906662,-0.192624293495756,13.445296989858884,0.07050490958845308,0.13854161077426624,0.012019101786768257,0.7789343778505124
Pivot Points Standard,i088,BTCUSDT,False,4327,2138,2189,0.15345504968800555,-8.777780090403741,432.69720218119227,0.8929225404501147,-0.09323399999999846,-442.4611388120463,0.22010844643067726,443.51022433760915,-0.1022558675322501,-0.002028606445667609,0.18806567845247196,-0.15488308744321255,6.079963022879594,0.058007857638086434,0.020568523226253757,0.7078807487866883,0.21354287034897157
Pivot Points Standard,i088,BTCUSDT,True,1284,610,674,0.2562305295950156,5.971619969030984,128.40259345599682,0.26598515222480473,-0.03945000000000237,-122.73640863919067,0.31283992977236696,123.08595467525234,-0.09558910330155036,0.004650794368404192,0.16984070258540893,-0.18703036627203162,13.037383177570094,0.07320872274143302,0.13707165109034267,0.027258566978193146,0.7624610591900312
Balance of Power,i089,BTCUSDT,False,44599,22267,22332,0.14392699387878652,-19.26430908457435,4459.876448580097,9.253544506557787,-0.1393649999999953,-4488.533667171228,0.1883124505869691,4488.53366717123,-0.10064202486986767,-0.0004319448661309524,0.16222854089745745,-0.1448370526765848,6.056413820937689,0.03953003430570192,0.02336375255050562,0.758492342877643,0.17861387026614947
Balance of Power,i089,BTCUSDT,True,17689,9481,8208,0.26389281474362597,9.70481611481302,1768.8743864219482,3.676433545067084,-0.37096200000000157,-1763.2169658522023,0.2991297609863875,1763.2169658522134,-0.0996787249619652,0.0005486356557642049,0.16121183212504986,-0.19320741864771793,13.45791169653457,0.07049578834303805,0.14246141669964385,0.010345412403188422,0.7766973825541297
Accumulative Swing Index,i090,BTCUSDT,False,36354,24143,12211,0.1559388237883039,-26.10492479299741,3635.4059489341353,7.539667602606396,-0.7941899999999995,-3669.8447313297393,0.2062700756139951,3669.8447313297243,-0.10094748119408427,-0.0007180757218737253,0.1682304888020727,-0.15067763963984648,6.744979919678715,0.04409418495901414,0.016394344501292842,0.7459151675193927,0.19359630302030037
Accumulative Swing Index,i090,BTCUSDT,True,15910,8475,7435,0.25663104965430544,-18.80453420901157,1590.9887852022193,3.3041285636888587,-0.044779999999998626,-1613.1422279749202,0.28765742581933124,1613.1422279749181,-0.10139171766027154,-0.0011819317541804885,0.15954381348291188,-0.1914737142492305,13.526587052168448,0.06675047140163419,0.13947203016970458,0.01005656819610308,0.7837209302325582
Up/Down,i091,BTCUSDT,False,33651,17412,16239,0.17687438709102254,-37.700598282185105,3365.1061061143346,6.974015266974194,0.03619800000000202,-3409.7445216634937,0.2187918361215635,3409.79601153089,-0.10132669227254744,-0.001120341097803486,0.1604439175300572,-0.15757632834406998,7.829187839885887,0.04793319663605836,0.05458975959109685,0.6181985676502927,0.2792784761225521
Up/Down,i091,BTCUSDT,True,14973,7955,7018,0.2606692045682228,-1.8399951340035026,1497.3006539109615,3.1123769240658774,-0.25502900000000533,-1502.5080549690313,0.29960279572364734,1502.5595448364036,-0.10034782975816678,-0.00012288753983860965,0.1646719830236628,-0.19378706456281725,13.438789821679022,0.0725305549989982,0.1441928805182662,0.007680491551459293,0.7755960729312763
Average Price,i099,BTCUSDT,False,34794,17329,17465,0.18572167615106053,-34.092503909164805,3479.393266010479,7.208993830307309,-0.08926799999999335,-3520.7840317499504,0.23179546096037745,3520.784031749953,-0.10118940138385786,-0.0009798385902501812,0.16439949932089498,-0.161765268825412,7.7801919871242164,0.04960625395183078,0.025291716962694718,0.6710639765476807,0.2540380525377939
Average Price,i099,BTCUSDT,True,15628,8370,7258,0.2647171743025339,12.980346482754124,1562.7864273388261,3.245990679347418,-0.3393710000000017,-1553.3914425354196,0.29722242581712655,1553.3914425354178,-0.09939796791242769,0.0008305827030172846,0.15880313335242455,-0.1923557571329214,13.5553493729204,0.06821090350652674,0.13693370872792424,0.008190427437931917,0.7866649603276171
Typical Price,i100,BTCUSDT,False,36509,18165,18344,0.17875044509572982,-13.962081159534922,3650.8872134134685,7.564024630643325,-0.09403999999999565,-3672.5073592036465,0.22879642231647626,3672.507359203646,-0.10059183651164498,-0.0003824284740621469,0.16695360409030321,-0.15882488675239184,7.4247719740338,0.048535977430222685,0.01936508806047824,0.6966227505546577,0.23547618395464132
Typical Price,i100,BTCUSDT,True,16042,8619,7423,0.2642438598678469,21.22004123491552,1604.1808775106265,3.3323643729503556,-0.3924860000000021,-1586.6856866486614,0.30027702391368893,1586.6856866486537,-0.09890822133453818,0.0013227802789499764,0.1606288150820029,-0.1921199045819937,13.550367784565516,0.06944271287869343,0.13707767111332753,0.008727091385114075,0.7847525246228649
Median Price,i101,BTCUSDT,False,36694,18273,18421,0.17512399847386495,-45.45550926283449,3669.397769493974,7.606402969709788,-0.044592999999999154,-3722.504274726518,0.2217315971763848,3722.516039029218,-0.10144721956522912,-0.0012387722587571398,0.1650413131754293,-0.15802364719148365,7.4008012209080505,0.04706491524499918,0.023927617594157083,0.6936283861121709,0.2353790810486728
Median Price,i101,BTCUSDT,True,16009,8593,7416,0.2652882753451184,12.425798070576889,1600.8854897748988,3.3261912741585866,-0.35678700000000374,-1592.1426699784806,0.2980655035590227,1592.142669978477,-0.09945297457545635,0.0007761757805345048,0.159189658331469,-0.19284315158240348,13.537572615403835,0.0690236741832719,0.13773502404897245,0.008870010619026798,0.7843712911487288
SMA,i001,ETHUSDT,False,65652,31685,33967,0.17498324498872844,7.1813206174411786,6565.216148263966,46.13896416547723,0.3413700000000042,-6603.8324218120015,0.28143767008179704,6603.832421812072,-0.10058844242082497,0.00010938464353623923,0.22514867634397157,-0.1696761763468641,4.564933284591483,0.09285322610126119,0.034545786876256625,0.8465088649241455,0.026092122098336685
SMA,i001,ETHUSDT,True,25980,13276,12704,0.3390300230946882,91.35906026209707,2597.9660363493304,18.23066890913671,-1.3066890000000175,-2526.14433399637,0.44338836979978064,2526.1443339963707,-0.09723419299447152,0.0035165150216357613,0.2284614219847507,-0.2642926006777343,11.304387990762125,0.1712471131639723,0.29438029253271747,0.011816782140107776,0.5225558121632025
EMA,i002,ETHUSDT,False,69832,33050,36782,0.15395520678199107,8.266340604823819,6983.215370564577,49.06116462610816,0.22902800000000118,-7023.78116658586,0.26059391543011706,7023.78116658594,-0.10058112565279327,0.00011837467929922984,0.23025197363471633,-0.16078299512758243,4.134479894604193,0.0843309657463627,0.026062550120288693,0.8616107228777637,0.027995761255584832
EMA,i002,ETHUSDT,True,25932,13279,12653,0.33965756594169366,83.70755429236114,2593.175280387036,18.184412035636928,-1.284280000000016,-2528.9364181303113,0.4414580679672722,2528.9364181303085,-0.09752184243908342,0.0032279636854990416,0.22693123671643448,-0.26440941083442343,11.297354619774795,0.1699830325466605,0.29507943853154406,0.012532778034860404,0.522404750886935
DEMA,i003,ETHUSDT,False,95117,46232,48885,0.171840995826193,22.80261491204165,9511.67806868219,66.9077064428922,0.4073270000000052,-9555.37583321304,0.24561578828466082,9555.375833213076,-0.10045918009622928,0.00023973227616558187,0.1903384541923901,-0.16079898780007684,3.4118716948600145,0.07051315747973548,0.03582955728208417,0.890713542268995,0.0029437429691853193
DEMA,i003,ETHUSDT,True,33006,16718,16288,0.33975640792583167,98.58647550833338,3300.551736248485,23.234773311590057,-1.6220900000000205,-3226.822124051742,0.4490126892305165,3226.822124051763,-0.09776471320522759,0.002986925877365733,0.23449386856173862,-0.26874249110238063,10.88271829364358,0.17960370841665152,0.31106465491122826,0.014118645094831243,0.495212991577289
TEMA,i004,ETHUSDT,False,107826,53291,54535,0.1745590117411385,12.228322754685516,10782.546236819788,75.81533920720099,0.47258499999999887,-10845.660668272301,0.2233238940161517,10845.763094815862,-0.10058483731449097,0.00011340792345710234,0.16568587690955622,-0.15689407491195867,2.9796431287444585,0.054152059800048225,0.03991616122271066,0.9056257303433309,0.0003060486339101886
TEMA,i004,ETHUSDT,True,35740,17907,17833,0.3398712926692781,85.66903009949831,3573.9581013765223,25.16019376890583,-1.5648160000000195,-3515.0140810459307,0.4502403198510489,3515.1165075895988,-0.09834958256983578,0.0023970069977475744,0.2369897357862844,-0.271001076660108,10.748992725237828,0.1826804700615557,0.3174034695019586,0.015137101287073308,0.48477895914941244
Hull MA,i005,ETHUSDT,False,114548,55610,58938,0.17854523867723573,41.92169330480156,11454.754277681826,80.59318928753602,0.5137650000000028,-11492.91200866456,0.21465140642921265,11492.912008664578,-0.10033271649146698,0.00036597490401230537,0.15359092845494476,-0.15552365326289203,2.793064916017739,0.04767433739567692,0.04039354681007089,0.9119233858295213,8.729964730942487e-06
Hull MA,i005,ETHUSDT,True,37041,18505,18536,0.3409195216111876,88.93543186168516,3704.046641046624,26.10212398455657,-1.7183390000000183,-3642.931672169496,0.4514826818021414,3642.9316721695286,-0.09834863184496898,0.002400999753291897,0.23744728295888706,-0.2720442371430926,10.7157744121379,0.1836073540131206,0.31878189033773385,0.015550336114035798,0.48206041953510975
Hamming MA,i006,ETHUSDT,False,63120,30463,32657,0.18501267427122942,24.959064959800404,6312.005704588499,44.412991486955434,0.3718640000000052,-6331.087767115653,0.2910870236507598,6331.08776711564,-0.10030240442198436,0.00039542244866603936,0.2226074950744218,-0.17360713219926813,4.777740811153358,0.09686311787072244,0.039876425855513306,0.8379752851711026,0.025285171102661597
Hamming MA,i006,ETHUSDT,True,26050,13312,12738,0.33915547024952014,89.5174557610381,2604.9719901000126,18.271383990752888,-1.2286470000000191,-2534.9545653297273,0.44339145701721444,2534.9545653297328,-0.097311115751621,0.003436370662611827,0.22856044837658746,-0.2645533619945906,11.298234165067178,0.17174664107485604,0.2947792706333973,0.01128598848368522,0.5221880998080615
Arnaud Legoux MA,i007,ETHUSDT,False,104143,50022,54121,0.1562274948868383,-24.257757576016413,10414.27166192428,73.26015217542863,0.9832420000000138,-10510.806329675726,0.21602137765153934,10510.80632967585,-0.10092667130460738,-0.00023292739383363656,0.17800860303165691,-0.152572534236919,2.994555563023919,0.05963915001488338,0.02632918199014816,0.9134075261899504,0.0006241418050181001
Arnaud Legoux MA,i007,ETHUSDT,True,33830,17015,16815,0.3396689328997931,88.90829306813373,3382.9477306444387,23.826501745129892,-1.5485920000000204,-3319.414531321435,0.44674777311718816,3319.4145313214512,-0.09812044136332944,0.0026280902473583725,0.23326140754549976,-0.26858057054598555,10.921578480638486,0.1784806384865504,0.3086905113804316,0.015518770322199232,0.4973100798108188
Least Squares MA,i008,ETHUSDT,False,62510,31791,30719,0.20577507598784195,22.0552892164934,6250.995435964561,43.990964124567874,0.066100000000014,-6272.865010872635,0.31304975226173803,6272.896291067395,-0.10034978420848881,0.00035282817495590145,0.22223463908221716,-0.18392791454442753,5.30516717325228,0.10310350343944968,0.06119020956646937,0.7725163973764198,0.06318988961766117
Least Squares MA,i008,ETHUSDT,True,25631,13026,12605,0.34165658772580076,129.02569721456686,2563.066519188041,18.014924707943074,-1.2411490000000143,-2453.2968956814175,0.4505093338129919,2453.3281758761354,-0.09571600388909592,0.0050339704738233725,0.22968796135641045,-0.26458897554103966,11.19203308493621,0.17478834224181655,0.29764738012562914,0.009207600171667121,0.5183566774608872
Smoothed MA,i009,ETHUSDT,False,59827,28253,31574,0.15531449011315962,-38.55100259807798,5982.715253388281,42.01838844240654,0.10120400000000689,-6063.183440428766,0.2722461433095646,6063.183440428774,-0.10134526953430334,-0.0006443746568953479,0.24410053278969926,-0.16486327478204513,4.547896434720109,0.08820432246310195,0.027178364283684624,0.8319822153877012,0.05263509786551223
Smoothed MA,i009,ETHUSDT,True,22898,11788,11110,0.3382828194602149,85.72840257107805,2289.7690963679947,16.05522870268526,-1.3658140000000183,-2221.4617364996025,0.44007805310736076,2221.4617364995906,-0.09701553570179065,0.003743925345928817,0.22540500990791112,-0.26184325127021396,11.438859289020876,0.16599703030832388,0.28867149969429645,0.01122368765831077,0.5341077823390689
Adaptive MA,i010,ETHUSDT,False,54003,26137,27866,0.17711978964131622,-96.64918833957137,5400.289585554637,37.931817391777585,0.20623300000001313,-5534.664358285985,0.2898534601054018,5534.664358286039,-0.10248809062989067,-0.001789700356268566,0.2361765793573084,-0.17538353075832935,4.9395589133937,0.0959946669629465,0.03629427994741033,0.8001407329222451,0.06757032016739811
Adaptive MA,i010,ETHUSDT,True,22075,11407,10668,0.3358550396375991,22.75284121939499,2207.4601470958814,15.466450090873602,-1.1946840000000145,-2201.3684399673602,0.4326550691014669,2201.3684399673602,-0.09972223963612051,0.0010307062840043033,0.226430419782507,-0.264656133431203,11.34867497168743,0.1669762174405436,0.29594563986409966,0.010826727066817667,0.526251415628539
Multi-Timeframe MA,i011,ETHUSDT,False,11799,5932,5867,0.2004407153148572,6.333081547200203,1179.874643096676,8.245012416034417,0.14632200000000387,-1181.6402519655103,0.32059060383861154,1181.6402519655053,-0.10014749147940591,0.0005367473130943473,0.23576176393558163,-0.1843562458843715,5.741842529027884,0.10848376981100093,0.03924061361132299,0.6824307144673277,0.16984490211034833
Multi-Timeframe MA,i011,ETHUSDT,True,4812,2528,2284,0.32980049875311723,7.32508048331324,481.18520694892595,3.3480545421245402,-0.23911900000000585,-477.4473000077372,0.40753935019850457,477.4473000077371,-0.09922013715871512,0.0015222528020185453,0.20694672267706887,-0.2498827128360451,11.906899418121363,0.13881961762261014,0.26205320033250207,0.015170407315045719,0.5839567747298421
WMA,i012,ETHUSDT,False,78768,38044,40724,0.16271836278691854,11.93123159560654,7876.811432085217,55.427425602517985,0.7399580000000067,-7919.567668092128,0.2545064953005579,7919.567668092185,-0.10054295739503515,0.00015147308038297963,0.2109454179252685,-0.1610779986602219,3.8671287832622383,0.08019754214909608,0.02847603087548243,0.8821348771074548,0.009191549867966687
WMA,i012,ETHUSDT,True,28928,14655,14273,0.3369399889380531,74.47502113516443,2892.7639916880316,20.32793490075776,-1.2357650000000182,-2839.852670453625,0.44247103894837725,2839.8526704536202,-0.09816968578725195,0.002574496029285275,0.23122897917499602,-0.2655566201174241,11.158911780973451,0.1739836836283186,0.30019358407079644,0.013239767699115045,0.5125829646017699
McGinley Dynamic,i013,ETHUSDT,False,43487,20472,23015,0.17366109412008188,1.3570496785848762,4348.7270430064655,30.529682516873102,0.25649700000001113,-4377.6431788447535,0.2952624459509337,4377.643178844722,-0.1006655593360028,3.120587022753642e-05,0.24286178149243898,-0.17286031313971487,5.1806056982546504,0.09326925288017109,0.028767217789224368,0.7725757122818313,0.1053878170487732
McGinley Dynamic,i013,ETHUSDT,True,17213,8947,8266,0.33608319293557193,46.5833062404685,1721.2882948864205,12.037996600782325,-0.764611000000012,-1687.5075962467345,0.4303104877959752,1687.5075962467267,-0.09803680917020476,0.0027062863092121364,0.22033631405969675,-0.25920136271281763,11.68134549468425,0.1572648579561959,0.2808342531807355,0.00743624005112415,0.5544646488119445
Guppy MMA,i014,ETHUSDT,False,20451,10438,10013,0.3283458021612635,59.970217090604535,2045.0881602921977,14.363143151300717,0.05235400000000753,-1999.428732352894,0.42482297613357034,1999.7776881172172,-0.09776679538178543,0.00293238556014887,0.21992083690365702,-0.2530720116599411,11.25788470001467,0.15930761331964208,0.2357830912913794,0.10816097012371033,0.4967483252652682
Guppy MMA,i014,ETHUSDT,True,9145,4843,4302,0.3430289775833789,69.95334020711134,914.49203126461,6.387466825439178,-0.5963740000000041,-851.5225318829376,0.45355528723799843,851.8714876472854,-0.09311345345904185,0.00764935376786346,0.22530230313856933,-0.2593701492724084,11.664406779661016,0.17594313832695463,0.27315472936030616,0.001202843083652269,0.549699289229087
MA Cross,i015,ETHUSDT,False,26612,13090,13522,0.3064782804749737,50.012112650863095,2661.198576965879,18.682886643789672,-0.071482999999986,-2629.9408339588053,0.4020914038510924,2630.077276817992,-0.09882537328869705,0.0018793068033542424,0.21684966341665315,-0.23832719380066256,10.03058770479483,0.14151510596723282,0.2070494513753194,0.29757252367353076,0.35386291898391703
MA Cross,i015,ETHUSDT,True,12285,6502,5783,0.33357753357753356,54.02883507027978,1228.5025930306738,8.587467421604646,-0.7562780000000067,-1183.8175033819987,0.43122211672476174,1183.9539462411685,-0.09636284113813583,0.004397951572672347,0.2190136228930188,-0.2542244204223268,11.799592999593,0.1575905575905576,0.2692714692714693,0.0030118030118030117,0.5701261701261702
EMA Cross,i016,ETHUSDT,False,21981,10650,11331,0.3047632045857786,83.30712461421747,2198.1071508781806,15.466987218436955,0.08667700000000675,-2130.1803364824004,0.40646330593052954,2130.180336482395,-0.09691007399492291,0.0037899606302814917,0.21776103166146552,-0.2348489391167751,9.57654337837223,0.14162231017697102,0.1405759519585096,0.3547154360584141,0.3630863018061053
EMA Cross,i016,ETHUSDT,True,9677,5094,4583,0.3398780613826599,93.36443895765187,967.6915182807843,6.7806999626589395,-0.553615000000006,-881.6613942857915,0.44932220772475445,881.6613942857928,-0.09110895879774634,0.009648076775617636,0.21872492312556413,-0.2506336359495573,11.906892632014054,0.16120698563604424,0.26041128448899453,0.002583445282628914,0.5757982845923323
MA-EMA Cross,i017,ETHUSDT,False,48992,24914,24078,0.2546742325277596,73.40079795118018,4899.159975276164,34.46655304161806,0.08052099999999994,-4860.145209366603,0.352660129159788,4860.145209366642,-0.09920283330679708,0.0014982200757507383,0.21220864653395538,-0.20561063924882278,6.581360222077074,0.11885613977792292,0.12875571521881124,0.7073603853690399,0.045027759634226
MA-EMA Cross,i017,ETHUSDT,True,24856,12852,12004,0.3381074991953653,68.25268454874748,2485.5584488597196,17.412823035564678,-1.3266060000000077,-2436.045193346537,0.439484161473542,2436.045193346527,-0.09800632416102902,0.0027459239036348357,0.22727655430522567,-0.2641671137690039,11.288542001931123,0.1684502735757966,0.29646765368522693,0.008207273897650467,0.526874798841326
SuperTrend,i018,ETHUSDT,False,17256,8569,8687,0.3218011126564673,27.71641879123632,1725.6081827471726,12.047086308324838,-0.019425999999997348,-1709.9582762642608,0.41000459954776103,1709.958276264253,-0.0990935486940346,0.001606190240567705,0.21399219964766705,-0.24765076996562896,11.256084840055633,0.14516689847009737,0.22021325915623552,0.14731108020398703,0.4873087621696801
SuperTrend,i018,ETHUSDT,True,7134,3747,3387,0.3249229044014578,13.687319916132811,713.3869914183533,4.953195570922425,-0.33625400000000555,-704.9891210731429,0.412547419025435,704.9891210731474,-0.09882101500885097,0.0019186038570413251,0.21358465220438125,-0.24918570284113345,11.982618446874124,0.14900476590972805,0.2579198205775161,0.001682085786375105,0.5913933277263808
Ichimoku Cloud,i019,ETHUSDT,False,20841,10542,10299,0.29581114149992804,47.58327772524624,2084.1093345334166,14.67985051495094,0.17364799999999947,-2051.0322593231213,0.4041042661877314,2051.0322593231317,-0.09841333234120826,0.0022831571289883518,0.22561219425417875,-0.2345278983987553,9.501271532076196,0.1469699150712538,0.15095244949858452,0.3267597524111127,0.375317883019049
Ichimoku Cloud,i019,ETHUSDT,True,9077,4754,4323,0.33810730417538837,55.80364424593921,907.6888700938781,6.374280948921737,-0.39992900000001413,-858.6594357968604,0.4466205880764577,858.6594357968611,-0.09459727176345273,0.006147807011781338,0.22580824733304852,-0.2582664691847514,11.573317175278175,0.1708714332929382,0.28026881128126035,0.0022033711578715435,0.54665638426793
Parabolic SAR,i020,ETHUSDT,False,36390,17647,18743,0.28812860676009894,-7.34969800026869,3639.0093036701073,25.578061009132274,-0.12384399999999045,-3672.0609066795078,0.3961573639842274,3672.060906679512,-0.1009085162593984,-0.00020197026656412997,0.22976580764818788,-0.23474832657289163,8.736466062104974,0.1467985710359989,0.1656224237427865,0.4877164056059357,0.1998625996152789
Parabolic SAR,i020,ETHUSDT,True,18936,9855,9081,0.3394592310942121,54.81685064597097,1893.5702809749084,13.233832419464415,-1.0739120000000095,-1853.0611747484024,0.43586472700977047,1853.0611747483977,-0.09785916638933262,0.002894848470953262,0.2227318673287175,-0.2626144561830347,11.50559780312632,0.16508238276299111,0.289765525982256,0.005122517955217575,0.5400295732995353
Directional Movement,i021,ETHUSDT,False,32776,16185,16591,0.20981815962899683,-3.0611585718494205,3277.614298247018,22.971949924871023,0.06011600000000723,-3303.587290743738,0.3259884251473057,3303.587290743728,-0.10079287560238401,-9.33963440276245e-05,0.2323387173309902,-0.18924980307459582,6.387814254332438,0.10760922626311936,0.05986087381010496,0.678362216255797,0.15416768367097877
Directional Movement,i021,ETHUSDT,True,14278,7417,6861,0.3340103655974226,51.05260663762417,1427.7903269980595,9.98237228256453,-0.6523300000000078,-1387.372422643,0.43059325339025467,1387.372422642999,-0.09716854059693233,0.003575613295813432,0.21999375243107913,-0.25623331874927086,11.75255638044544,0.15877573889900545,0.27419806695615634,0.00581313909511136,0.5612130550497268
Vortex,i022,ETHUSDT,False,39750,19331,20419,0.22905660377358492,5.707202289096647,3975.026892152688,27.91576187479743,-0.04481299999998991,-3997.2802647383887,0.33296026555277125,3997.2802647384187,-0.10056050980473935,0.00014357741607790305,0.2191418651173223,-0.19554795061613992,6.871622641509434,0.1080503144654088,0.10337106918238993,0.6007798742138365,0.18779874213836478
Vortex,i022,ETHUSDT,True,16830,8791,8039,0.3360071301247772,66.2224604320215,1682.9821546057112,11.781893312900692,-1.0355840000000167,-1629.5771714865903,0.4370209737307727,1629.5771714865896,-0.09682573805624423,0.003934786716103476,0.22369299671432516,-0.2590211246448411,11.567557932263815,0.1659536541889483,0.2816399286987522,0.0071301247771836,0.5452762923351159
Williams Alligator,i023,ETHUSDT,False,25463,12762,12701,0.30668028119231827,65.80114588030288,2546.292740723134,17.896315666902108,0.12832799999999622,-2498.2595825097333,0.39606896368904976,2498.25958250972,-0.09811332453009201,0.0025841866975730623,0.20980971910096813,-0.23431877642286122,9.93343282409771,0.13745434552095198,0.22770294152299414,0.2602992577465342,0.3745434552095197
Williams Alligator,i023,ETHUSDT,True,11619,6132,5487,0.33806695929081676,58.28812793489967,1161.9020036845634,8.129530527565079,-0.6841990000000112,-1112.4276052772288,0.4425470064769699,1112.4276052772263,-0.09574211251202588,0.005016621734650114,0.22482853666576427,-0.2594661418931674,11.60581805663138,0.16800068852741198,0.28134951372751527,0.002237714088992168,0.5484120836560805
Williams Fractal,i024,ETHUSDT,False,37701,18781,18920,0.3119811145592955,26.818684106128444,3770.096908472784,26.54709722489003,0.26452199999999987,-3769.560799591545,0.4272849356815057,3770.358081467807,-0.09998569798126164,0.000711352062442069,0.23910494192525,-0.25374583162482495,9.744250815628233,0.1715604360627039,0.20333678151773163,0.29964722421155937,0.3254555582080051
Williams Fractal,i024,ETHUSDT,True,17535,8991,8544,0.3347020245223838,48.126386298495035,1753.4816565403055,12.289767660974332,-0.7576920000000116,-1718.4027299027846,0.4529099160168855,1719.2000117790913,-0.09799844481909238,0.0027445900369828936,0.24238951540208817,-0.26924282494408025,10.990248075278016,0.1896777872825777,0.30573139435414887,0.0031936127744510976,0.5013972055888224
Aroon,i025,ETHUSDT,False,31167,15262,15905,0.2910450155613309,36.42217941866755,3116.712240911239,21.911059402447663,-0.018955999999986022,-3102.2200768950183,0.3920150814488258,3102.2200768950247,-0.09953540850563154,0.0011686135790633537,0.2205095515976477,-0.23092243933007245,9.162254949144929,0.13876856932011422,0.18192318798729426,0.4186158436808162,0.26069239901177527
Aroon,i025,ETHUSDT,True,15293,8053,7240,0.33322435101026615,58.41178582333284,1529.2899669058647,10.689089962598784,-0.9048590000000116,-1482.4721300451308,0.43354385393568545,1482.4721300451374,-0.09693795396881782,0.0038195112681182787,0.22265059437452497,-0.25665387456876626,11.657424965670568,0.1626234224808736,0.2782972601843981,0.0044464787811416984,0.5546328385535866
Trend Strength Index,i026,ETHUSDT,False,31773,15591,16182,0.2816857079910616,9.884996892883391,3177.275222339482,22.341541713679565,0.07497600000000143,-3189.656791160278,0.3901621707168042,3189.656791160282,-0.10038890854374084,0.00031111311153757563,0.22800885720322245,-0.2291695247394786,8.899820602398263,0.13996160261857551,0.16186699398860668,0.4773864602020583,0.22078494319075945
Trend Strength Index,i026,ETHUSDT,True,15856,8352,7504,0.33627648839556,57.45985006972539,1585.5829777122653,11.085993540380324,-1.057823000000017,-1540.2669441829203,0.4347592468377146,1540.2669441829273,-0.09714095258469477,0.0036238553273035693,0.2221883151190826,-0.25892959334833415,11.65590312815338,0.16384964682139253,0.2800832492431887,0.005360746720484359,0.5507063572149344
Zig Zag,i027,ETHUSDT,False,20547,10241,10306,0.35839781963303646,84.2631795302957,2054.64998178088,14.883483292843936,-0.1378110000000057,-1985.4080965434284,0.5032790663229895,1987.9125186668819,-0.09662763890316974,0.004100996716323341,0.27316962853014953,-0.3031957248759349,8.522801382196914,0.2451452766827274,0.36530880420499345,0.08536526013529956,0.3041806589769796
Zig Zag,i027,ETHUSDT,True,8782,3699,5083,0.3844226827601913,99.80397516598447,878.1665750885765,6.346264758293563,-0.31713500000000644,-785.0259996808853,0.5530724727002089,785.3545321086494,-0.08939034384888242,0.011364606600544804,0.287757426924873,-0.32491584775790905,8.389774538829425,0.2859257572306992,0.42370758369391937,0.0009109542245502164,0.2894557048508312
Linear Regression Curve,i028,ETHUSDT,False,102956,51221,51735,0.1863805897665022,63.544248433163645,10295.55559263886,72.48397417729645,0.36681500000001266,-10304.128503382992,0.23282053325863972,10304.128503382866,-0.10008283639013746,0.0006171981082517157,0.16296083163687766,-0.1603397985085181,3.103587940479428,0.05568398150666304,0.04564085628812308,0.8986654493181553,9.712887058549283e-06
Linear Regression Curve,i028,ETHUSDT,True,35452,17770,17682,0.33995261198239873,78.59807524906502,3545.161354682447,24.972738399948884,-1.81891000000002,-3493.3549278333303,0.4484228421953393,3493.3549278333417,-0.09853759809977801,0.002217027960314369,0.23564869765480564,-0.27065782187901916,10.79473654518786,0.18072323141148594,0.3166817104817782,0.014836962653728986,0.48775809545300686
Linear Regression Slope,i029,ETHUSDT,False,31773,15591,16182,0.2816857079910616,9.884996892883391,3177.275222339482,22.341541713679565,0.07497600000000143,-3189.656791160278,0.3901621707168042,3189.656791160282,-0.10038890854374084,0.00031111311153757563,0.22800885720322245,-0.2291695247394786,8.899820602398263,0.13996160261857551,0.16186699398860668,0.4773864602020583,0.22078494319075945
Linear Regression Slope,i029,ETHUSDT,True,15856,8352,7504,0.33627648839556,57.45985006972539,1585.5829777122653,11.085993540380324,-1.057823000000017,-1540.2669441829203,0.4347592468377146,1540.2669441829273,-0.09714095258469477,0.0036238553273035693,0.2221883151190826,-0.25892959334833415,11.65590312815338,0.16384964682139253,0.2800832492431887,0.005360746720484359,0.5507063572149344
Keltner Channels,i030,ETHUSDT,False,21280,10531,10749,0.3180451127819549,-23.786242433967352,2127.981336580399,14.886012398220883,-0.07976500000000371,-2166.7333564125875,0.4316079381922538,2166.980259174883,-0.10182017652314791,-0.0011177745504683907,0.24310088450118492,-0.26268192824673425,10.968092105263159,0.18350563909774437,0.29078947368421054,0.022086466165413533,0.5036184210526315
Keltner Channels,i030,ETHUSDT,True,9272,4721,4551,0.33067299396031063,4.905834017073307,927.182989342015,6.470775597037291,-0.36932600000001037,-929.1172569219789,0.4634799456908212,929.3641596842773,-0.10020677921936787,0.000529102029451392,0.261784159235417,-0.2790440685043132,10.347282139775668,0.21451682484900778,0.33088869715271785,0.0006471095772217428,0.45394736842105265
Donchian Channels,i031,ETHUSDT,False,29956,15031,14925,0.3245092802777407,-48.808260843315445,2995.607217461973,21.0267840600662,0.2557679999999937,-3065.186494365355,0.4314016174111793,3065.602123586485,-0.1023229568155079,-0.0016293317146252985,0.23923356344265367,-0.26640849837367886,10.777507010281747,0.18086526906128989,0.28762184537321406,0.050373881693149956,0.4811390038723461
Donchian Channels,i031,ETHUSDT,True,12647,6479,6168,0.33051316517751245,-16.702750726056735,1264.7098264549875,8.84721218959613,-0.41827600000001275,-1290.6780653706403,0.45240346724895875,1291.0936945917617,-0.10205408914134896,-0.0013206887582870828,0.2550978995929125,-0.2783733654976987,10.401280936190402,0.20526607100498143,0.3314620068000316,0.0008697714873092433,0.4624021507076777
Price Channel,i032,ETHUSDT,False,43280,20656,22624,0.20780961182994453,-32.58810815945541,4328.008795359754,30.444667164499293,0.18739000000001266,-4390.854180683707,0.325566090750545,4390.944273832956,-0.10145226850008568,-0.0007529599851999864,0.23566543991377828,-0.18988593441253662,6.004990757855823,0.10709334565619223,0.04951478743068392,0.688724584103512,0.15466728280961184
Price Channel,i032,ETHUSDT,True,17497,9095,8402,0.34068697490998456,90.85913570946721,1749.6801456458663,12.269427025312543,-1.0023370000000162,-1672.0927739617114,0.44477035694208417,1672.1828671109593,-0.09556454100484148,0.005192840813251827,0.2247007067283031,-0.2610552779792932,11.51265931302509,0.1682002629022118,0.2840486940618392,0.007887066354232154,0.5398639766817168
MA Channel,i033,ETHUSDT,False,38294,19061,19233,0.2901760066851204,35.71438398283436,3829.3962359649236,26.90709096536853,0.19168300000001276,-3820.397259947458,0.40520995912696284,3820.720227376388,-0.09976490468343495,0.0009326365483583424,0.23422471266177566,-0.23629984059469908,8.61440434532825,0.1522692850054839,0.12158562699117355,0.4711965320938006,0.25494855590954196
MA Channel,i033,ETHUSDT,True,17473,9052,8421,0.3393807588851371,94.94937407370261,1747.2627476174916,12.226892487631034,-0.980349000000013,-1665.52061503142,0.45057676073219344,1665.8435824603596,-0.0953196712088033,0.005434062500641139,0.23033348710895057,-0.262617880411288,11.429348137125851,0.17650088708292794,0.28667086361815375,0.005036341784467464,0.5317919075144508
Chande Kroll Stop,i034,ETHUSDT,False,42241,21115,21126,0.3196657276106153,160.95559185300593,4224.083112020433,29.75384847791255,-0.09157699999999694,-4092.972945645339,0.43975230782592695,4092.9729456453138,-0.09689573981783905,0.003810411492460073,0.2379231260805345,-0.2542156349471361,9.566511209488413,0.17511422551549444,0.19142539239127862,0.30579294997751,0.327667432115717
Chande Kroll Stop,i034,ETHUSDT,True,18989,9682,9307,0.3437253146558534,138.29731823528587,1898.8879386120673,13.327465700056468,-1.0026670000000153,-1774.920753076838,0.47312767138156026,1774.9207530768335,-0.09347099652835,0.007283022709741738,0.2441958694770654,-0.2703247627309937,10.876876086155143,0.19732476697035126,0.3055453157090947,0.0036336826583811682,0.49349623466217285
52-Week High/Low,i035,ETHUSDT,False,2227,1216,1011,0.3749438706780422,-17.229675333422623,222.72235564793377,1.5299337819918775,-0.06432300000000475,-241.54628776334826,0.524614366528924,242.543827446554,-0.10846263482862516,-0.007736719952143073,0.31923317592005573,-0.36501867073031236,6.004490345756623,0.3268971710821733,0.5271665918275708,0.0,0.14593623709025594
52-Week High/Low,i035,ETHUSDT,True,2049,1110,939,0.3728648121034651,-20.416945155836764,204.91517914985752,1.4067894340663027,-0.07094200000000482,-226.80985573976065,0.5174748000303542,227.8073954229667,-0.11069295058065429,-0.009964346098505009,0.318374128958032,-0.3657958679094918,5.962908735968766,0.3235724743777452,0.5314787701317716,0.0,0.14494875549048317
Majority Rule,i036,ETHUSDT,False,37518,18771,18747,0.2831174369635908,22.48503433778759,3751.7491548054045,26.469789397400735,0.03457500000000474,-3755.699334865018,0.39136293913724846,3755.6993348650294,-0.1001039323755269,0.0005993132453165839,0.2273556877343397,-0.22942710626037977,8.678101178101178,0.14307798923183537,0.1737299429607122,0.41841249533557223,0.26477957247188016
Majority Rule,i036,ETHUSDT,True,17401,8979,8422,0.34107235216366877,91.12261771896463,1740.066509791201,12.232608846202725,-1.031128000000015,-1662.2076289184392,0.4501038139054993,1662.207628918441,-0.09552368420886381,0.005236631097003887,0.22924323755302978,-0.26362866246255634,11.355784150336188,0.17366817998965578,0.29130509740819494,0.0041951611976323196,0.5308315614045169
MACD,i038,ETHUSDT,False,34773,17687,17086,0.2886434877634947,127.09390925238905,3477.2839191976695,24.4441216641016,-0.0775159999999857,-3374.7116476093825,0.404546699017495,3374.7116476094006,-0.09704976986769569,0.0036549595735883896,0.2284302951583207,-0.22911814845219305,8.544991803985852,0.14436488079832055,0.13286170304546632,0.4717453196445518,0.25102809651166136
MACD,i038,ETHUSDT,True,16601,8597,8004,0.33889524727426057,101.53748338603461,1660.0764115387672,11.618576794827815,-1.0355880000000144,-1571.1930929475604,0.44662536797387015,1571.1930929475634,-0.0946444848471514,0.00611634741196522,0.22540003246522478,-0.2587055740862793,11.529064514185892,0.1680621649298235,0.2809469309077766,0.004337088127221252,0.5466538160351786
RSI,i039,ETHUSDT,False,43503,20569,22934,0.17382709238443325,-2.4886881191184984,4350.322558642587,30.546709961977857,0.2499320000000116,-4383.108024723683,0.29505984277191444,4383.108024723666,-0.10075415545419128,-5.7207275799795385e-05,0.24260701638709015,-0.17299747593675358,5.18635496402547,0.09323494931384042,0.029239362802565342,0.7717398800082753,0.10578580787531894
RSI,i039,ETHUSDT,True,17219,8972,8247,0.3361983855043847,49.43014588828585,1721.886270279823,12.044149507399046,-0.770801000000012,-1685.271074898936,0.430992158747175,1685.2710748989296,-0.09787276118816053,0.002870674597147677,0.2205044380831738,-0.25912259553477074,11.683779545850514,0.15750043556536383,0.2808525466054939,0.007433648876241361,0.5542133689529009
Stochastic,i040,ETHUSDT,False,132666,66208,66458,0.16169930502163327,47.38756266000114,13266.56254308025,93.21275111440734,0.3444120000000087,-13312.043319534656,0.19632798257765233,13312.043319534561,-0.10034253930573513,0.00035719447831396994,0.1515933989742976,-0.1489383073563696,2.414469419444319,0.04264091779355675,0.031658450544977616,0.9256704807561847,3.015090528093106e-05
Stochastic,i040,ETHUSDT,True,39058,19483,19575,0.3412105074504583,81.41612421097942,3905.7581285847673,27.510082012514363,-1.7096990000000207,-3853.561785386303,0.45287137222387613,3853.5617853863387,-0.0986625476313765,0.0020844929133846946,0.2393400391211024,-0.27372610807015796,10.55535357673204,0.18646628091556147,0.3239285165651083,0.017819652824005324,0.4717855496953249
Stochastic RSI,i041,ETHUSDT,False,82869,40066,42803,0.2011850028358011,-42.867368887333555,8286.898055680802,58.33729307251671,0.5226489999999991,-8387.580068640651,0.2599242790355206,8387.580068640673,-0.10121493041596558,-0.0005172907708230286,0.17669313181388682,-0.17120727468377378,3.8716287152011004,0.07011065657845515,0.0651751559690596,0.863471261871146,0.0012429255813392222
Stochastic RSI,i041,ETHUSDT,True,33052,16713,16339,0.3400096817136633,35.62787403063822,3305.1577015072453,23.241680695118212,-1.7523560000000216,-3294.5238641717247,0.44110842628997005,3294.5238641717337,-0.09967698971837483,0.0010779339837419285,0.2313776586558916,-0.27022765160661205,10.948626406874016,0.17539029408205253,0.31353624591552703,0.01297954737988624,0.49809391262253416
Connors RSI,i042,ETHUSDT,False,158650,78123,80527,0.13599117554364953,33.171582908543314,15864.95932896495,111.53376188646016,0.3746190000000031,-15942.946888942864,0.16185473186150579,15942.946888943092,-0.10049131351366446,0.00020908656103714666,0.14269997534408702,-0.13876854902054744,1.9941884651749133,0.03454144342893161,0.021103057043807123,0.9443365899779389,1.8909549322407818e-05
Connors RSI,i042,ETHUSDT,True,39749,19767,19982,0.34066265818008,84.39273837337159,3974.8578075992946,28.043318824228646,-1.7427340000000215,-3920.2511220501515,0.4517713074044434,3920.251122050179,-0.09862515087298174,0.0021231411701771513,0.23857230859122597,-0.27284641150350813,10.558529774333946,0.18601725829580618,0.32239804774962894,0.019799240232458677,0.47178545372210623
Awesome Oscillator,i043,ETHUSDT,False,22105,10839,11266,0.30011309658448315,65.99006766685535,2210.4986184255176,15.530127913085792,-0.05699699999999754,-2160.095675671748,0.4024850931770127,2160.095675671742,-0.09771977723011752,0.00298530050517328,0.21933027129538385,-0.23367155939792672,9.906084596245194,0.1410992988011762,0.18620221669305587,0.2825152680389052,0.3901832164668627
Awesome Oscillator,i043,ETHUSDT,True,9487,5001,4486,0.3368820491198482,74.13084100000899,948.6883499859168,6.62909861602663,-0.5748630000000038,-881.7614706019343,0.4434090145879942,881.7614706019327,-0.09294418368313843,0.007813939179931378,0.2197924131818054,-0.2518229253109179,11.884157267840202,0.15958680299357014,0.26541583219141984,0.0023189627911879415,0.572678402023822
Accelerator Oscillator,i044,ETHUSDT,False,46145,23437,22708,0.2503413154187886,69.80371397094979,4614.474786346971,32.46455940462531,0.00031200000000497757,-4577.135319780647,0.3568510867321908,4577.2063578676925,-0.09919027673162088,0.0015127037375869496,0.21984270320017266,-0.20572827529121615,6.927099360710803,0.12289522158413696,0.1319969660851663,0.6523567017011593,0.09275111062953732
Accelerator Oscillator,i044,ETHUSDT,True,22715,11642,11073,0.33937926480299363,90.34921932533531,2271.4900577209837,15.916973031826466,-1.3821290000000124,-2198.439940427475,0.4450921417466513,2198.510978514586,-0.0967836205338972,0.003977513507608862,0.22874184068377842,-0.2640151133052594,11.314329738058552,0.17151661897424608,0.2952674444199868,0.007263922518159807,0.5259520140876073
Momentum,i045,ETHUSDT,False,52525,25176,27349,0.18859590671108994,32.806629896304315,5252.4974930983535,36.88421241127784,0.030647000000006905,-5256.544428613328,0.3020306120872559,5256.544428613307,-0.10007700006879254,0.0006245907643275453,0.22962364320278378,-0.1767098298453766,5.455306996668253,0.09684911946692051,0.06075202284626369,0.7624178962398858,0.07998096144693004
Momentum,i045,ETHUSDT,True,21354,11050,10304,0.3392806968249508,110.61862035490857,2135.36831903032,14.955976427475164,-1.2359740000000194,-2040.9416491028865,0.4455147965951268,2040.941649102877,-0.09557655001886703,0.00518022948182582,0.2263415938190314,-0.26088216715017143,11.411819799569168,0.16994474103212512,0.28729980331553806,0.010536667603259343,0.5322187880490774
Chande Momentum Oscillator,i046,ETHUSDT,False,54902,26386,28516,0.186295581217442,42.56616298350898,5490.186732770438,38.55497626612811,0.06412200000000894,-5486.111424053057,0.2980013728654875,5486.1114240530715,-0.09992552956273099,0.0007753117005484132,0.22769626494504352,-0.17493371585062814,5.30414192561291,0.095351717605916,0.05852245819824414,0.7788240865542239,0.06730173764161597
Chande Momentum Oscillator,i046,ETHUSDT,True,22297,11518,10779,0.3393730098219491,64.51710471613842,2229.673990889794,15.633887717955439,-1.3230040000000185,-2182.113777891611,0.4383672991155409,2182.113777891611,-0.09786580158279638,0.0028935329737694946,0.22508130297889903,-0.26376809216109565,11.38224873301341,0.16778041889043369,0.2942548324886756,0.010629232632192672,0.527335515988698
Price Oscillator,i047,ETHUSDT,False,21210,10295,10915,0.304997642621405,67.83451461731717,2121.0012550746433,14.925206888984913,0.01547300000000612,-2068.076474346311,0.40482712566944057,2068.076474346307,-0.0975047842690387,0.0031982326552247604,0.2174482508477729,-0.23572004674584862,9.735454974068835,0.14125412541254126,0.1471004243281471,0.33437057991513436,0.3772748703441773
Price Oscillator,i047,ETHUSDT,True,9257,4859,4398,0.33855460732418713,81.27236479730222,925.7000228590613,6.482514870801731,-0.5198060000000067,-851.4299789325609,0.4445333295210584,851.4299789325662,-0.09197688008345695,0.00877955761016552,0.2174183866305422,-0.2503379393487964,11.940909581937992,0.15923085232796802,0.2595873393107918,0.0024846062439235175,0.5786972021173167
Detrended Price Oscillator,i048,ETHUSDT,False,30854,15001,15853,0.23676022557853116,82.5620062625466,3085.398372165393,21.665747826663083,0.07564600000000761,-3024.42646772951,0.3519046047315478,3024.8465437334507,-0.0980238046194824,0.002675893117992695,0.22480647904685558,-0.19816713224199708,6.9013742140403185,0.11372917611978998,0.057302132624619175,0.5889025734102548,0.2400661178453361
Detrended Price Oscillator,i048,ETHUSDT,True,12158,6353,5805,0.3413390360256621,92.9426230396951,1215.782472566902,8.5187466696498,-0.6885620000000089,-1132.0471581968566,0.44741028647294523,1132.4672342007932,-0.09311129776253138,0.007644565145558077,0.2208612829893862,-0.2558218634618893,11.750287876295443,0.16425398914295114,0.27002796512584304,0.004441519986839941,0.5612765257443658
TRIX,i049,ETHUSDT,False,12393,6151,6242,0.32131041717098363,58.60687112470638,1239.29618334182,8.675070161648454,0.2303680000000098,-1189.1340143787622,0.41857960473702344,1189.4829701431113,-0.09595207087700817,0.0047290301883891215,0.21498954858711491,-0.24316043239242113,11.50310659243121,0.14734124102315824,0.23480997337206488,0.08383765028645203,0.5340111353183249
TRIX,i049,ETHUSDT,True,4707,2472,2235,0.3299341406415976,43.74455952806644,470.7002060907672,3.2852002904593656,-0.05681800000000078,-430.2976648531601,0.44548250294735453,430.64662061750784,-0.0914165423524878,0.00929351169068758,0.2225937317039124,-0.24603225434030948,11.969832164860845,0.16231145103038028,0.24877841512640747,0.0010622477161674102,0.5878478861270449
Fisher Transform,i050,ETHUSDT,False,66672,32197,34475,0.21184305255579552,-6.202863610570885,6667.1547303566185,46.939366521422855,0.679379000000001,-6719.617581488612,0.30040679881735977,6719.617581488581,-0.10078620082626308,-9.303551131765787e-05,0.2042918428163739,-0.18278593989166242,4.843952483801296,0.09599232061435085,0.07868370530357571,0.8190094792416607,0.006314494840412767
Fisher Transform,i050,ETHUSDT,True,29191,14884,14307,0.33924839847898325,82.98572350038495,2919.0401151079327,20.5020847692375,-1.4362450000000138,-2857.992721376785,0.44540991342664904,2857.992721376765,-0.09790663976488594,0.0028428530540366877,0.23178328622567335,-0.2671786916668202,11.08327909287109,0.17560206913089652,0.30523106436915487,0.011613168442328115,0.5075536980576205
Ultimate Oscillator,i051,ETHUSDT,False,57821,28086,29735,0.18422372494422443,27.955572526614493,5782.080611762015,40.811896601162886,0.4625920000000135,-5794.474343836563,0.28658764638365064,5794.823748592985,-0.10021401123876383,0.00048348476378157575,0.21852429455685218,-0.1721934984726442,4.859653067224711,0.09038238702201622,0.05558534096608499,0.7898687328133377,0.06416353919856108
Ultimate Oscillator,i051,ETHUSDT,True,23325,12046,11279,0.3423365487674169,116.31187472521378,2332.463831426806,16.420741475885787,-1.3603870000000133,-2233.9330851774776,0.44885067294066006,2234.2824899338816,-0.09577419443418982,0.004986575550920205,0.227838880942423,-0.2642259810627592,11.230610932475884,0.17191854233654877,0.29517684887459805,0.011489817792068596,0.5214147909967846
Williams %R,i052,ETHUSDT,False,51264,24470,26794,0.1949516229712859,42.480834612632215,5126.4004384254185,36.03053320219457,0.05699200000001238,-5119.893145014981,0.3214611396191129,5119.893145015004,-0.09987307164901259,0.000828667966070385,0.24270309073702465,-0.18283178662080946,5.611969413233458,0.10566869538077403,0.0453144506866417,0.750916822721598,0.09810003121098626
Williams %R,i052,ETHUSDT,True,21304,11044,10260,0.340123920390537,120.89638828326206,2130.3656729302857,14.914995818539534,-1.2109060000000176,-2025.5951864655633,0.44871409671024043,2025.5951864655635,-0.09508051006691529,0.005674821079762583,0.22753444580704052,-0.26136788880234596,11.403633120540743,0.17001502065339844,0.28942921517085995,0.008824633871573414,0.5317311303041682
SMI Ergodic,i053,ETHUSDT,False,54681,27145,27536,0.22821455350121614,83.6611874682117,5468.079403664903,38.47607559327578,0.2955870000000095,-5422.598704789968,0.34204076545504825,5423.018663333759,-0.09916787741244615,0.0015299864206618696,0.2258949719115365,-0.19528794984299394,5.942996653316508,0.11872496845339332,0.0777235237102467,0.7452314332217772,0.05832007461458276
SMI Ergodic,i053,ETHUSDT,True,24967,12741,12226,0.3391677013658029,74.05556613772238,2496.6753169369977,17.506368924389413,-1.3431720000000136,-2441.469291723665,0.44161758085293545,2441.889250267425,-0.0977878516331023,0.0029661379475997268,0.22802634984911288,-0.2650097837593765,11.237873993671647,0.17146633556294308,0.2991548844474707,0.008931789962750831,0.5204469900268355
Relative Vigor Index,i054,ETHUSDT,False,62748,30782,31966,0.22093134442532034,12.998140619650023,6274.799715014762,44.12262780981446,-0.5073470000000053,-6306.431549204927,0.29858655342793783,6306.43154920492,-0.10050410450062038,0.00020714828551746705,0.19365228303272694,-0.18392212639639197,5.103620832536495,0.08946898705934851,0.10487983680754766,0.7929336393191815,0.012717536813922356
Relative Vigor Index,i054,ETHUSDT,True,28270,14486,13784,0.3403961796957906,51.57381614373734,2826.957336978721,19.839214327002434,-1.56936300000002,-2796.7920981619855,0.43883203912224245,2796.792098161987,-0.09893145023565565,0.001824330249159439,0.22727682743459024,-0.2672750044814205,11.116766890696852,0.1713477184294305,0.30534135125574813,0.010505836575875487,0.5128050937389459
True Strength Index,i055,ETHUSDT,False,31421,15820,15601,0.2994175869641323,102.94475516733752,3142.0807549056294,22.09708139416327,-0.14068699999999237,-3061.373768132455,0.41048309025317503,3061.462643067639,-0.09743081913791589,0.003276304228615815,0.22657816334208689,-0.2359070153479675,9.034244613475064,0.14735368065943158,0.15098182744024696,0.4038063715349607,0.29785812036536075
True Strength Index,i055,ETHUSDT,True,14823,7754,7069,0.33812318693921606,70.28456287410442,1482.2734796084542,10.371064341937181,-0.910217000000011,-1423.270198076287,0.44068210226557414,1423.3590730114665,-0.09601768859719942,0.004741588266484816,0.223739668015503,-0.25936738499337353,11.543682115631114,0.1652836807663766,0.2828712136544559,0.0035080617958577888,0.5483370437833097
Coppock Curve,i056,ETHUSDT,False,25357,12447,12910,0.3169538983318216,85.33748332222628,2535.7057660944292,17.797496324721152,-0.21810799999998823,-2468.383887096924,0.41480463396922385,2468.520329956101,-0.09734526509827361,0.0033654408377263192,0.2177015170791662,-0.24353643070797823,10.36826122964073,0.1468233623851402,0.2038490357692156,0.26864376700713805,0.38068383483850615
Coppock Curve,i056,ETHUSDT,True,11586,6155,5431,0.33419644398411874,76.51913902994087,1158.5902014034361,8.099965540785254,-0.7178270000000035,-1090.8888549142805,0.4391341693704956,1091.0252977734522,-0.0941557789499638,0.006604448388567312,0.22058877294671067,-0.2521400808612839,11.83937510788883,0.1599344035905403,0.26644225789746245,0.0031071983428275505,0.5705161401691697
Rate of Change,i057,ETHUSDT,False,54902,26386,28516,0.186295581217442,42.56616298350898,5490.186732770438,38.55497626612811,0.06412200000000894,-5486.111424053057,0.2980013728654875,5486.1114240530715,-0.09992552956273099,0.0007753117005484132,0.22769626494504352,-0.17493371585062814,5.30414192561291,0.095351717605916,0.05852245819824414,0.7788240865542239,0.06730173764161597
Rate of Change,i057,ETHUSDT,True,22297,11518,10779,0.3393730098219491,64.51710471613842,2229.673990889794,15.633887717955439,-1.3230040000000185,-2182.113777891611,0.4383672991155409,2182.113777891611,-0.09786580158279638,0.0028935329737694946,0.22508130297889903,-0.26376809216109565,11.38224873301341,0.16778041889043369,0.2942548324886756,0.010629232632192672,0.527335515988698
Klinger Oscillator,i058,ETHUSDT,False,54088,27252,26836,0.21012054429818075,-28.536893503737303,5408.774309238244,38.04263479153548,-0.05912699999998817,-5475.412964533515,0.3141126781396215,5475.441362916674,-0.10123156642015817,-0.0005276011962678839,0.22063790757757243,-0.1868539846020323,5.565485874870581,0.10336858452891584,0.08489868362668244,0.7060161218754623,0.1057166099689395
Klinger Oscillator,i058,ETHUSDT,True,22743,11652,11091,0.33491623796332937,33.35269944223681,2274.289124076622,15.965928150857184,-1.2395340000000201,-2258.141886785242,0.4359267800100305,2258.141886785244,-0.09928953466056553,0.0014665039547217523,0.22911068249413877,-0.26466203592113563,11.157059314954052,0.17068988260123993,0.3039176889592402,0.008310249307479225,0.5170821791320406
Bollinger Bands,i059,ETHUSDT,False,26246,12870,13376,0.3239731768650461,-15.132126890273645,2624.5857432005578,18.46952541591233,0.08140699999999407,-2658.105988506744,0.433657963260906,2658.352891269053,-0.10127661314130701,-0.0005765498319848223,0.239369406074051,-0.26452482941748295,10.907300160024384,0.18067515049912367,0.28575782976453556,0.03802484188066753,0.4955421778556732
Bollinger Bands,i059,ETHUSDT,True,11260,5669,5591,0.3370337477797513,24.168839167307254,1125.994558892339,7.897697270177844,-0.4980780000000128,-1110.2214949952095,0.4635106058675374,1110.4683977575094,-0.09859871181129747,0.0021464333185885662,0.252753039164461,-0.27721624629930863,10.505328596802842,0.20683836589698046,0.32229129662522205,0.0006216696269982238,0.4702486678507993
BB %B,i060,ETHUSDT,False,45290,21692,23598,0.19909472289688673,18.905382938523697,4529.013913837131,31.76982702282664,0.14440200000000997,-4541.733955921435,0.3214572538060525,4541.824049070662,-0.10028116484701777,0.0004174295195081408,0.23861933942510025,-0.18452745952961055,5.804813424597041,0.10408478692868182,0.039258114374034,0.7262971958489732,0.1303599028483109
BB %B,i060,ETHUSDT,True,18325,9502,8823,0.34122783083219643,88.45547286147622,1832.483623857434,12.826732950132696,-0.9945470000000194,-1757.8494309460907,0.4417527555665714,1757.9395240953413,-0.09592629909664888,0.00482703808248165,0.2224569216856426,-0.26084100084877515,11.572660300136425,0.16583901773533424,0.28338335607094134,0.008021828103683492,0.5427557980900409
Standard Error Bands,i061,ETHUSDT,False,32874,16169,16705,0.30726409928819126,-126.15690046509754,3287.4239201544383,23.14054197961682,0.2537350000000056,-3436.467627599152,0.41309998085040356,3436.817556782987,-0.10453451443691525,-0.0038375889902384115,0.23946328566987835,-0.2571152802068499,9.776875342215734,0.16986068017278091,0.2327979558313561,0.2903510372939101,0.3069903267019529
Standard Error Bands,i061,ETHUSDT,True,15737,8098,7639,0.32655525195399376,-28.47793578606732,1573.707325157478,11.045079318948982,-0.6569640000000101,-1613.8873042624944,0.4317593612255031,1614.2372334463253,-0.1025536826753825,-0.0018096165588147245,0.23861847190224258,-0.2679890197554367,11.013407892228505,0.18002160513439663,0.30965241151426576,0.0029230475948401856,0.5074029357564974
Envelopes,i062,ETHUSDT,False,2,0,2,0.0,-0.5999999999999783,0.2003,0.0017705418883192253,0.0,-0.8020705418882976,0.0,0.8020705418882976,-0.4010352709441488,-0.29999999999998916,0.0,-0.4010352709441488,1.0,0.0,1.0,0.0,0.0
Envelopes,i062,ETHUSDT,True,2,0,2,0.0,-0.5999999999999783,0.2003,0.0017705418883192253,0.0,-0.8020705418882976,0.0,0.8020705418882976,-0.4010352709441488,-0.29999999999998916,0.0,-0.4010352709441488,1.0,0.0,1.0,0.0,0.0
Net Volume,i074,ETHUSDT,False,44132,22046,22086,0.21116196863953593,27.533318136479735,4413.180137582115,30.99016161275084,-0.23760199999999873,-4416.874583058386,0.3069568824850322,4416.874583058374,-0.10008326346094412,0.0006238855736535787,0.20992437863883132,-0.18306839018739132,5.94525514365993,0.0954862684673253,0.09535031269826882,0.6518399347412308,0.157323484093175
Net Volume,i074,ETHUSDT,True,18025,9348,8677,0.3356449375866852,76.37199220422019,1802.4813920024799,12.639788799370647,-1.016772000000014,-1739.7659605976305,0.44018536874213865,1739.7659605976085,-0.096519609464501,0.004237003728389469,0.22611366677890662,-0.2595201373369533,11.434341192787794,0.16748959778085992,0.2855478502080444,0.008377253814147018,0.5385852981969487
OBV,i075,ETHUSDT,False,45112,22793,22319,0.1804397942897677,7.6796455611635395,4511.185640703667,31.64260101620753,0.1225369999999996,-4535.026059158711,0.2860415441486536,4535.107442702154,-0.1005281534660115,0.00017023509401408804,0.22320892420756988,-0.17180424922125745,4.97415321865579,0.08995389253413726,0.04952119170065614,0.7477832949104452,0.11274162085476148
OBV,i075,ETHUSDT,True,17278,8895,8383,0.3345873364972798,31.069009649680822,1727.7759321780466,12.109050472708654,-0.9424090000000135,-1709.7583820010748,0.4315189657257418,1709.8397655444903,-0.09895580402830623,0.0017981832185253398,0.22449965608610495,-0.2615978858689091,11.39344831577729,0.16599143419377244,0.29042713276999654,0.008565806227572637,0.5350156268086584
Accumulation/Distribution,i076,ETHUSDT,False,47502,22950,24552,0.1904551387310008,31.080974891814407,4750.204402486864,33.59122019878982,0.1413270000000132,-4752.573320793839,0.2938682580536297,4752.573320793867,-0.10004996254460527,0.0006543087636692014,0.21862064926194716,-0.17502104627920104,4.9512231063955205,0.09302766199317923,0.056439728853521956,0.7480948170603343,0.10243779209296451
Accumulation/Distribution,i076,ETHUSDT,True,19194,9894,9300,0.335573616755236,69.10812898711451,1919.3794456295657,13.549217201738276,-1.0347690000000174,-1864.8553028441895,0.4458077843619546,1864.8553028441925,-0.0971582423071892,0.0036005068764777804,0.232905136702574,-0.26385927141421384,11.165780973220798,0.17541940189642596,0.29800979472751904,0.009065332916536417,0.5175054704595186
MFI,i077,ETHUSDT,False,37387,18570,18817,0.23497472383448792,91.93432667917676,3738.6999171241782,26.336958710353098,0.009007000000004753,-3673.0935421553545,0.3417798319565087,3673.093542155386,-0.09824520668027267,0.0024589918067557375,0.2171028224873343,-0.19510320389156655,6.9748308235482925,0.11017198491454248,0.11712627383850001,0.5645277770347982,0.2081739642121593
MFI,i077,ETHUSDT,True,15881,8231,7650,0.3370694540646055,90.37915952759008,1588.0996406963513,11.134453195189167,-0.8831230000000176,-1509.7380573639502,0.4444616852838622,1509.7380573639507,-0.09506567957710159,0.005691024464932314,0.22564445786643073,-0.25813191872368485,11.521314778666332,0.16598450979157484,0.28172029469177,0.007367294250991751,0.5449279012656634
Chaikin Money Flow,i078,ETHUSDT,False,39839,19503,20336,0.2115514947664349,10.91523982782131,3983.8953013326745,28.043094981953807,0.048489000000007436,-4000.974667486806,0.30237662561259304,4001.018459300446,-0.10042859176904054,0.0002739837804116898,0.20576356100960558,-0.18258412529609888,5.838750972664976,0.09312482743040738,0.09864705439393559,0.6393985792816085,0.16882953889404856
Chaikin Money Flow,i078,ETHUSDT,True,16058,8308,7750,0.33484867355835096,40.41570089422064,1605.7983870584778,11.302065100455808,-0.6907970000000152,-1577.375548264713,0.4376643553310581,1577.4193400783145,-0.09822988842101837,0.002516857696738114,0.22831825300451283,-0.2626198665546277,11.28982438659858,0.1700709926516378,0.295429069622618,0.0074106364428945075,0.5270893012828497
Chaikin Oscillator,i079,ETHUSDT,False,41958,20600,21358,0.23194623194623196,-0.2795789673647686,4195.798136553948,29.634243565196915,0.1715250000000081,-4225.54043408651,0.3385984826685232,4225.540434086501,-0.10070881438787621,-6.663305385499038e-06,0.2222797922800761,-0.19824884790405917,6.375375375375375,0.11504361504361504,0.0960960960960961,0.6591114924448258,0.12974879641546308
Chaikin Oscillator,i079,ETHUSDT,True,19352,10014,9338,0.3364510128152129,78.15723315732127,1935.1650208946178,13.622381114816081,-1.0213570000000176,-1871.6515258521126,0.44401471034031353,1871.651525852117,-0.09671618054217201,0.004038716058150127,0.22956800221562912,-0.2621578372617455,11.304361306324928,0.17176519222819348,0.2929412980570484,0.007854485324514262,0.5274390243902439
Ease of Movement,i080,ETHUSDT,False,44504,21409,23095,0.20856552220025165,-43.491123412670795,4450.411458104131,31.210330570360757,0.03665100000001392,-4525.076261087163,0.31046654799576084,4525.076261087202,-0.10167796739814765,-0.000977240774147735,0.2195046936634742,-0.18631874475247093,6.195532985799029,0.09857540895200431,0.0844193780334352,0.6788378572712566,0.13816735574330397
Ease of Movement,i080,ETHUSDT,True,19053,9910,9143,0.3425707237705348,104.59270361901444,1905.286051158317,13.332485983137198,-1.1861770000000138,-1815.2120105224399,0.44461749564425346,1815.2120105224394,-0.09527171629257543,0.005489566137564396,0.2226425140645119,-0.26092924315994803,11.521492678318374,0.16690284994489057,0.2842072114627618,0.007767805594919435,0.5411221329974282
Elder Force Index,i081,ETHUSDT,False,39741,19791,19950,0.2051533680581767,71.37839158629163,3974.1117065206126,27.884851555524577,0.22779400000000968,-3930.3903724898455,0.3275757664255076,3930.3903724898746,-0.09890013770387876,0.0017960894689688638,0.23484788543944946,-0.1850419520855286,6.018293450089328,0.10764701441835887,0.05477969854809894,0.7002843411086787,0.1372889459248635
Elder Force Index,i081,ETHUSDT,True,16637,8577,8060,0.33972470998377113,106.1680497956379,1663.6652087103912,11.637447508724817,-0.835566000000011,-1569.9701724234778,0.44670559854800446,1569.970172423481,-0.09436618214963502,0.0063814419544171355,0.22426131682986233,-0.25830633911204914,11.552142814209292,0.16727775440283704,0.27829536575103686,0.007573480795816554,0.5468533990503095
Price & Volume Trend,i082,ETHUSDT,False,30754,15187,15567,0.2191584834493074,42.212445837344525,3075.4384200217673,21.542893999037922,0.20902300000000418,-3054.5598451834608,0.3394109951060481,3054.5598451834485,-0.099322359536433,0.0013725839187534801,0.23285378833823064,-0.19255410921059113,6.5384665409377645,0.1139689146127333,0.06721076933081875,0.6328607660792092,0.18595954997723874
Price & Volume Trend,i082,ETHUSDT,True,12976,6668,6308,0.33916461159062883,95.09302997721983,1297.5674688314837,9.05708067197504,-0.577872000000011,-1212.1093915262388,0.45045626978982817,1212.1093915262365,-0.09341163621503074,0.00732837777259709,0.2257567926749106,-0.25722041237183907,11.608045622688039,0.16715474722564735,0.27435265104808876,0.005779901356350185,0.5527127003699137
VWAP,i086,ETHUSDT,False,10796,5252,5544,0.19868469803630975,9.468330593041008,1079.595356788181,7.529001021426845,-0.0019269999999979017,-1077.6579542165668,0.3312398307434867,1077.657954216569,-0.09982011432165311,0.0008770221001334761,0.2488432113445185,-0.18627056323552874,5.324564653575398,0.1152278621711745,0.045294553538347535,0.7021118932938125,0.13736569099666543
VWAP,i086,ETHUSDT,True,4333,2261,2072,0.32702515578121394,-11.04567600179751,433.29408673016746,3.0086016013584524,-0.14558099999999952,-447.4939453333234,0.41485722965069993,447.4939453333244,-0.1032757778290615,-0.002549198246433767,0.22390002017249774,-0.2622634684217259,11.220170782367875,0.15970459266097392,0.2979459958458343,0.018693745672744056,0.5236556658204478
VWMA,i087,ETHUSDT,False,49198,23586,25612,0.19931704540834994,-5.800520482606142,4919.782057595401,34.524241845387145,0.0317650000000104,-4960.075054923395,0.32099611734025857,4960.200651028957,-0.10081863195502652,-0.00011790155052250379,0.23912439321019696,-0.18544193883891616,5.70254888410098,0.10577665758770682,0.04270498800764259,0.7266758811333794,0.1248424732712712
VWMA,i087,ETHUSDT,True,19914,10340,9574,0.33845535803957016,64.82597537046134,1991.3605794995178,13.951926439148671,-1.1453490000000186,-1941.6318795682052,0.4397535490260615,1941.75747567377,-0.09750084762318999,0.003255296543660808,0.22611909393180965,-0.2630692707354336,11.433614542532892,0.16892638344882996,0.29275886311137894,0.00833584412975796,0.5299789093100331
Pivot Points Standard,i088,ETHUSDT,False,4354,2095,2259,0.19223702342673404,-22.5105021385533,435.4003327949384,3.0891063683890523,0.05357600000000298,-460.9463653018806,0.3173956885707454,461.8860783797456,-0.10586733240741401,-0.005170073986805995,0.25606895719501055,-0.19200343544899187,5.38768948093707,0.11736334405144695,0.059715204409738175,0.6722553973357832,0.1506660542030317
Pivot Points Standard,i088,ETHUSDT,True,1381,648,733,0.32078204199855176,0.3562849297822135,138.10236985314455,0.9853181403886083,-0.066653999999999,-138.79805706375092,0.4101584275834755,138.7980570637506,-0.10050547216781384,0.00025799053568588957,0.21786924147865475,-0.250867943538161,11.519188993482983,0.15061549601737872,0.2671976828385228,0.01448225923244026,0.5677045619116582
Balance of Power,i089,ETHUSDT,False,48082,23178,24904,0.19408510461295286,57.00880706032191,4808.18718382197,33.844579084160124,0.07227700000000979,-4784.950678845808,0.30321919064471997,4784.950678845861,-0.09951646518126966,0.0011856579813718628,0.22313270934466975,-0.17721871283742627,5.487396530926334,0.09475479389376482,0.06542989060355227,0.710723347614492,0.129091967888191
Balance of Power,i089,ETHUSDT,True,19014,9851,9163,0.339118544230567,90.12069996205831,1901.377287134509,13.348199846281311,-1.0343940000000158,-1825.639181018732,0.44393806525441076,1825.6391810187292,-0.0960155244040566,0.004739702322607463,0.22604199808144423,-0.2612731167155726,11.456821289576101,0.16771852319343641,0.28889239507731146,0.007731145471757652,0.5356579362574945
Accumulative Swing Index,i090,ETHUSDT,False,37228,24698,12530,0.2120984205436768,53.754479271002666,3722.8276392840016,26.143691759487098,-0.525667,-3695.7425187724866,0.3323466067577791,3695.742518772474,-0.09927319541131639,0.0014439260575642707,0.23298864476763614,-0.18871610725002527,6.263188997528742,0.11002471258192759,0.05415278822391748,0.68937358977114,0.14644890942301494
Accumulative Swing Index,i090,ETHUSDT,True,16213,8342,7871,0.3365200764818356,58.195727047188164,1621.2969809464023,11.359634047699544,-0.7562260000000144,-1575.2171139469137,0.4340663582053848,1575.2171139469112,-0.09715765829562165,0.003589448408510958,0.22144030774262521,-0.2587520157098333,11.635416024178129,0.16277061617220748,0.28002220440387343,0.007339789058163203,0.5498673903657558
Up/Down,i091,ETHUSDT,False,36152,19046,17106,0.2459061739322859,101.60151581107155,3615.2049340069916,25.45055386768687,-0.18234800000000195,-3539.236320063607,0.34933510722764644,3539.2363200636355,-0.09789876964106017,0.0028103982023420988,0.2137433736024656,-0.19952369273675907,7.130061960610755,0.11329940252268202,0.13268975437043593,0.5438979862801505,0.2101128568267316
Up/Down,i091,ETHUSDT,True,15836,8208,7628,0.3343015913109371,77.14420518782924,1583.5801506811374,11.112426152802465,-0.8628530000000144,-1518.4112246461104,0.4426726212544166,1518.4112246461036,-0.09588350749217671,0.004871445136892475,0.2278126062275721,-0.25843778808716344,11.427001768123263,0.16879262440010104,0.28416266734023743,0.006441020459712048,0.5406036877999495
Average Price,i099,ETHUSDT,False,36566,17620,18946,0.24205546135754527,-0.8154815018716177,3656.6172440540854,25.67542528271291,0.19367000000000775,-3682.91448083867,0.35688580364096156,3683.004573987925,-0.10071964340750067,-2.230163271540824e-05,0.23090879235994746,-0.20662775399662875,7.245747415632008,0.12134223048733797,0.07917190833014276,0.6060821528195591,0.19340370836296011
Average Price,i099,ETHUSDT,True,16325,8456,7869,0.3375803981623277,43.7589300568693,1632.486296493846,11.423423162695457,-0.9233730000000175,-1601.0741625996723,0.4334998740227744,1601.1642557489263,-0.09807498698926016,0.0026804857615233876,0.2223156330180421,-0.2613515457889867,11.601286370597244,0.16490045941807044,0.2836753445635528,0.006186830015313936,0.5452373660030628
Typical Price,i100,ETHUSDT,False,38370,18379,19991,0.23148292937190512,-13.136949560006151,3837.0104649639134,26.933251016880682,0.1696790000000099,-3876.910986540799,0.3479675777785729,3877.0010796900187,-0.10104016123379722,-0.0003423755423509552,0.23294031018429215,-0.20163750751484275,6.878160020849622,0.11738337242637477,0.06452958040135523,0.6408913213448006,0.17719572582746937
Typical Price,i100,ETHUSDT,True,16804,8715,8089,0.3358129016900738,41.451361745731965,1680.3802603292497,11.767323772100767,-0.9357280000000165,-1651.6319503556183,0.4326629967403187,1651.722043504872,-0.09828802370599966,0.0024667556382844537,0.2232090859200981,-0.26083691624430894,11.587181623422994,0.16484170435610568,0.2865389193049274,0.006665079742918353,0.5419542965960485
Median Price,i101,ETHUSDT,False,38856,18765,20091,0.22912806259007618,-6.123773807791033,3885.614732329669,27.29080162899658,0.19195100000001009,-3918.837356766456,0.3453616584324373,3918.8373567664576,-0.10085539831085177,-0.00015760175539919274,0.23221675352903423,-0.19985521027728265,6.848569075561046,0.11612106238418778,0.07553530986205477,0.6318715256331069,0.17647210212065062
Median Price,i101,ETHUSDT,True,16825,8701,8124,0.3362258543833581,50.080905634589925,1682.4795167444777,11.789830896652923,-0.9841110000000165,-1645.1725530065403,0.43429536530420226,1645.1725530065441,-0.09778142959920003,0.0029765768579251067,0.22326504525676463,-0.26040319788897365,11.57890044576523,0.16511144130757802,0.28451708766716194,0.006953937592867756,0.5434175334323923
SMA,i001,BNBUSDT,False,63439,29732,33707,0.14744873027632843,119.80091465377707,6343.900374994131,177.21290478868053,0.1997390000000004,-6401.112626129035,0.22071405537161787,6401.175545585905,-0.10090185258483006,0.0018884426717599122,0.19381672472535885,-0.1518734264437467,4.737558914863097,0.06008921956525166,0.01901038793171393,0.8817131417582245,0.03918725074480998
SMA,i001,BNBUSDT,True,24709,13233,11476,0.29102756080780284,29.362453778455876,2470.865235412041,69.03281685581857,-0.910779999999998,-2511.4463784894033,0.35310591394612567,2511.4463784893887,-0.1016409558658547,0.0011883303160166692,0.19063666498587825,-0.2216186000914976,12.573556194099316,0.10635800720385284,0.20490509530940143,0.014407705694281436,0.6743291917924643
EMA,i002,BNBUSDT,False,67089,30803,36286,0.1297232035057908,54.933056008095804,6708.9011872393,187.31617233075247,0.10283800000000058,-6841.181465561958,0.1998344076878201,6841.181465562002,-0.10197173106711918,0.00081880868708873,0.19631456499786645,-0.1464341986904119,4.30060069459971,0.05380911922967998,0.014965195486592437,0.8893410246091014,0.04188466067462624
EMA,i002,BNBUSDT,True,24414,13079,11335,0.29167690669288115,12.948884906030944,2441.3667552231414,68.255127775248,-0.7771259999999981,-2497.4501240923587,0.34995467241728406,2497.4501240923582,-0.10229581896011955,0.0005303876835434973,0.18880956575562097,-0.22216868338854656,12.57168018350127,0.10534938969443762,0.20541492586221022,0.014827557958548374,0.6744081264848037
DEMA,i003,BNBUSDT,False,91557,46703,44854,0.13912644582063632,146.13619160114092,9155.685280359507,255.9864814449056,0.07794899999999985,-9265.45762120327,0.18402691888052486,9265.789544631938,-0.10119879005650327,0.0015961225422539062,0.16404808032871088,-0.14406554344041905,3.5222320521642256,0.043568487390368844,0.019769105584499274,0.9322389331236279,0.0044234739015039815
DEMA,i003,BNBUSDT,True,30564,16172,14392,0.2960018322209135,58.59976850522307,3056.3810195293436,85.34973534100713,-1.144862999999999,-3084.275849365127,0.36579539835366176,3084.6077727936668,-0.10091204846764583,0.0019172807389485366,0.1966334829538877,-0.22601751961932193,12.304443135715221,0.11523360816647035,0.21623478602277188,0.019565501897657375,0.6489661039131004
TEMA,i004,BNBUSDT,False,103519,51113,52406,0.138931017494373,174.3109090158797,10351.897332405184,289.37950878371106,-0.41243400000000163,-10467.378366173018,0.16334782437460468,10467.662474840094,-0.10111552822354368,0.0016838542587919096,0.14209769994896662,-0.1403572869497409,3.0818497087491186,0.031810585496382306,0.022546585650943304,0.9451115254204542,0.0005313034322201721
TEMA,i004,BNBUSDT,True,32757,17225,15532,0.29844002808560005,46.07097584142591,3275.675356356942,91.37839507824341,-1.4025579999999989,-3322.3853335937597,0.36812804547981476,3322.6694422607375,-0.10142520174600116,0.0014064467393664227,0.19799701063661174,-0.22879788127484774,12.15767622187624,0.1180816314070275,0.22340263149861098,0.020301004365479134,0.6382147327288824
Hull MA,i005,BNBUSDT,False,111127,55669,55458,0.13979500931366814,175.33982869245108,11112.668626775227,310.61869672780375,-0.1036480000000013,-11248.051142810578,0.15483756478758337,11248.051142810662,-0.101217986113281,0.001577832828137636,0.13264844745316656,-0.1392244620260641,2.867053011419367,0.02734708936622063,0.022289812556804376,0.9503361019374229,2.6996139552044058e-05
Hull MA,i005,BNBUSDT,True,34000,17840,16160,0.30005882352941177,57.17744427820817,3399.9695011335107,94.85652637875057,-1.5821749999999988,-3439.2307582340536,0.3710925603746915,3439.2307582340586,-0.10115384583041333,0.0016816895375943578,0.19891682218473877,-0.2297915866107555,12.105294117647059,0.12002941176470588,0.2257941176470588,0.021294117647058824,0.6328823529411765
Hamming MA,i006,BNBUSDT,False,61106,28357,32749,0.1535201125912349,68.95220564010982,6110.609761940549,170.62792055963675,0.16178100000000123,-6212.123695860076,0.22369055585533976,6212.186615316919,-0.10166143579779525,0.0011284031951053878,0.19081114516268455,-0.15470513385463935,4.936520145321245,0.06107419893300167,0.022354596929925048,0.8787189474028737,0.03785225673419959
Hamming MA,i006,BNBUSDT,True,24810,13307,11503,0.29068923821039905,35.7587174387049,2480.965509146908,69.33721232073243,-0.939199999999998,-2515.4832040289357,0.35461736452899895,2515.4832040289193,-0.10138989133530575,0.0014413025972875816,0.19164982432288022,-0.2214832217891549,12.576622329705764,0.10729544538492543,0.2041515517936316,0.0135832325675131,0.6749697702539299
Arnaud Legoux MA,i007,BNBUSDT,False,100339,47278,53061,0.12456771544464267,79.62499117560019,10033.9102586594,280.2019342833209,-0.03273200000000113,-10234.51993376712,0.1585320192865968,10234.519933767298,-0.10199942129946601,0.0007935597442230856,0.1542664922762336,-0.13846421699371317,3.097977855071308,0.03662583840779757,0.01471013265031543,0.9464415631010873,0.002222465840799689
Arnaud Legoux MA,i007,BNBUSDT,True,31333,16632,14701,0.29406695815912937,46.31866914754701,3133.269149186054,87.49655455853853,-1.1672309999999988,-3175.6142655970452,0.3616675671394422,3175.614265597051,-0.1013504696517105,0.001478271124614528,0.19527299627198222,-0.224913407172435,12.297577633804615,0.11310758625091756,0.21440653623974723,0.02023425781125331,0.6522516196980819
Least Squares MA,i008,BNBUSDT,False,59984,30316,29668,0.17611363030141372,108.45661026495983,5998.402517828719,167.67792405271237,0.5660940000000012,-6057.057737616471,0.2503354546089266,6057.210089693925,-0.10097788973086942,0.0018080923290370735,0.19146469821088882,-0.16349030371340148,5.648989730594825,0.06781808482261936,0.03592624699919979,0.8123666311016271,0.08388903707655375
Least Squares MA,i008,BNBUSDT,True,24279,13020,11259,0.29688207916306275,61.1406278614243,2427.8453329941476,67.8959141702596,-0.7628429999999983,-2435.3634623029825,0.3622101063739864,2435.5158143803733,-0.10030740402417655,0.00251825148735221,0.19188098478890428,-0.2236800187839848,12.546974751843157,0.10972445323118744,0.2052802833724618,0.012727048066230075,0.6722682153301207
Smoothed MA,i009,BNBUSDT,False,57550,26774,30776,0.13702867072111208,78.73928426494842,5755.026665804497,160.73837152964595,0.05677700000000049,-5836.9689760691945,0.21780932751751358,5836.968976069184,-0.10142430888043778,0.0013681891271059674,0.20610781235034578,-0.15025642687387283,4.753171155516942,0.05843614248479583,0.016072980017376195,0.8530842745438749,0.07240660295395308
Smoothed MA,i009,BNBUSDT,True,21791,11773,10018,0.290303336239732,4.816809184437343,2179.0648910261502,60.918245870812804,-0.6393329999999983,-2235.805660712526,0.34507374111945316,2235.805660712535,-0.10260225142088597,0.0002210458071881668,0.1862191639618734,-0.22074543109830824,12.643614336193842,0.1021522646964343,0.2015969895828553,0.013216465513285302,0.6830342802074251
Adaptive MA,i010,BNBUSDT,False,52748,24975,27773,0.15746568590278304,69.04368698448003,5274.8339857673345,147.3989865748301,-0.23883799999999916,-5353.428123357685,0.23359389090578794,5353.4281233576785,-0.10149063705463116,0.0013089346891726709,0.19644572039882063,-0.1571735357767492,5.153238037461136,0.062258284674300446,0.019811177674982937,0.8313300978236141,0.08660043982710244
Adaptive MA,i010,BNBUSDT,True,21306,11445,9861,0.29146719234018587,42.931142130790164,2130.560803175239,59.62999018175652,-0.8536289999999981,-2148.1132802262055,0.3558651551945502,2148.113280226191,-0.10082198818296281,0.002014978979197886,0.19110596921760528,-0.220911589100923,12.647798742138365,0.10757533089270628,0.20177414812728808,0.011592978503707876,0.6790575424762978
Multi-Timeframe MA,i011,BNBUSDT,False,11270,5451,5819,0.17763975155279504,19.425713189125847,1126.988216281442,31.405316071186505,0.17085200000000006,-1138.7969671635026,0.2587570744679125,1138.8235220470413,-0.10104675839960095,0.0017236657665595252,0.19857012060560583,-0.16576762501250816,6.130789707187223,0.06965394853593611,0.021029281277728483,0.70301685891748,0.20629991126885536
Multi-Timeframe MA,i011,BNBUSDT,True,4591,2460,2131,0.29035068612502724,16.83033790529338,459.09856109363494,12.875503076269744,-0.30815900000000007,-455.4518852646112,0.33220590209450335,455.4518852646112,-0.09920537688185825,0.003665941604289562,0.1699718973515958,-0.20933837459615975,13.063167065998693,0.08494881289479417,0.1731648878240035,0.013504683075582662,0.7283816162056197
WMA,i012,BNBUSDT,False,75902,34723,41179,0.13521382835761903,102.5813610077145,7590.206012380571,211.97498876543204,-0.15441099999999983,-7699.754051138288,0.19479056416043913,7699.816970595131,-0.10144336184999456,0.0013514974705240246,0.18149371234288636,-0.14568204910058552,4.011923269479065,0.05105267318384232,0.0164422544860478,0.9149693025216726,0.017535769808437195
WMA,i012,BNBUSDT,True,27192,14492,12700,0.2917769932333039,50.690342114049145,2719.1679303340047,75.96523792375118,-1.0571639999999982,-2745.499990143707,0.3584552594319867,2745.4999901436872,-0.10096719587171621,0.001864163802370151,0.19334692007169557,-0.2222200879630564,12.46528390703148,0.10962783171521036,0.2077817005001471,0.01643865842894969,0.6661518093556928
McGinley Dynamic,i013,BNBUSDT,False,41770,19534,22236,0.15377064879099833,65.26773028378625,4177.047702569419,116.7619832917834,0.024082000000001005,-4228.517873577417,0.23763940544288953,4228.517873577455,-0.10123337020774278,0.0015625504018143706,0.205214604845135,-0.15691886950795594,5.40675125688293,0.06226957146277232,0.016830260952836965,0.7895618865214269,0.13133828106296386
McGinley Dynamic,i013,BNBUSDT,True,16331,8906,7425,0.2906129447063866,40.5560131345315,1633.063566895214,45.7827772813708,-0.5588259999999994,-1638.8491570420533,0.3501259069387877,1638.8491570420595,-0.10035203949801319,0.002483375980315443,0.1860399742090943,-0.21767758952424815,12.821443879737922,0.09981017696405609,0.19466046169861,0.008817586185781642,0.6967117751515522
Guppy MMA,i014,BNBUSDT,False,19056,9864,9192,0.2883606213266163,49.9012659805838,1905.5794272430187,53.2462257201156,-0.14504000000000056,-1909.0694269825508,0.3470646349237449,1909.2881452372878,-0.10018206480806838,0.002618664251709897,0.18466908450435746,-0.21560548973777707,12.198939966414777,0.1015952980688497,0.15785054575986565,0.13880142737195633,0.6017527287993283
Guppy MMA,i014,BNBUSDT,True,8921,4969,3952,0.2866270597466652,23.70894503180061,892.0884524918224,25.06932657471349,-0.3699970000000004,-893.8188310347351,0.3514844880825013,894.0375492894937,-0.10019267246213824,0.002657655535455735,0.18945434366468478,-0.21657033120448368,12.896872547920637,0.10738706423046744,0.18876807532787804,0.0012330456226880395,0.7026118148189665
MA Cross,i015,BNBUSDT,False,24773,12056,12717,0.2721914988091874,121.43133518474554,2477.316294798446,69.15045495177492,0.1905540000000008,-2424.8448605654753,0.3385149195218616,2424.844860565487,-0.09788256814134241,0.004901761400910085,0.18402997171554722,-0.2033144181832174,10.721511322811125,0.09167238525814395,0.13316917611916199,0.3555483792838978,0.41961005933879625
MA Cross,i015,BNBUSDT,True,11885,6502,5383,0.2927219183845183,53.26274598066786,1188.4964994146462,33.36890522397584,-0.3674709999999999,-1168.970129657954,0.35228573291483173,1168.9701296579576,-0.09835676311804409,0.004481509968924515,0.1827513429613147,-0.21469926859628455,12.98468657972234,0.09802271771140092,0.18855700462768196,0.004206983592763988,0.7092132940681531
EMA Cross,i016,BNBUSDT,False,20718,10039,10679,0.2672072593879718,83.96210484388317,2071.830212438773,57.913965263002986,-0.12541299999999914,-2045.9074858578927,0.3326088159957195,2045.947414475,-0.09875024065343627,0.004052616316434172,0.18418031048061184,-0.201918698766866,10.138333816005407,0.08857032532097693,0.09011487595327734,0.3928950670914181,0.4284197316343276
EMA Cross,i016,BNBUSDT,True,9330,5088,4242,0.29539121114683814,64.49375962231606,933.0032140876878,26.195736140610816,-0.5701950000000001,-895.2753856059825,0.36053043039176297,895.3153142230908,-0.09595663296955868,0.006912514428972783,0.18314685928855534,-0.2129644249779801,13.021436227224008,0.10021436227224008,0.18188638799571274,0.0030010718113612006,0.714898177920686
MA-EMA Cross,i017,BNBUSDT,False,46586,23566,23020,0.21399132786674108,64.15967243023238,4658.603676563899,130.16488874537293,0.13114000000000098,-4724.47775287904,0.2749166459337784,4724.477752879039,-0.10141411052417121,0.001377230765256351,0.1796864439705473,-0.17794390345526465,6.996350835014812,0.07367020134804447,0.07626754819044348,0.7883269651826729,0.06173528527883913
MA-EMA Cross,i017,BNBUSDT,True,23859,12838,11021,0.2916299928748062,17.028018886258877,2385.876129186047,66.774691597157,-0.757960999999999,-2436.3807628969453,0.352451410815656,2436.380762896958,-0.10211579541879147,0.0007136937376360651,0.19058452284054292,-0.222618062411777,12.627561926317114,0.10494991407854479,0.20579236346871202,0.010562052055827989,0.6786956703969153
SuperTrend,i018,BNBUSDT,False,18080,8949,9131,0.2827986725663717,63.41196137369586,1808.027231055244,50.82685336297013,-0.08212999999999977,-1795.5242530445182,0.3391845755873257,1795.550807928044,-0.09930996974803752,0.003507298748545125,0.18024839488102376,-0.2095422453976396,11.826548672566371,0.09214601769911504,0.13844026548672567,0.22931415929203539,0.5400995575221239
SuperTrend,i018,BNBUSDT,True,8147,4510,3637,0.28268074137719407,23.32956569574587,814.6992218628573,23.07132156065309,-0.48196000000000006,-814.9229377277645,0.3359172800743223,814.9229377277635,-0.10002736439520862,0.0028635774758494987,0.17899164924256597,-0.20998300922884908,13.156622069473427,0.09169019270897263,0.1734380753651651,0.0028231250767153555,0.732048606849147
Ichimoku Cloud,i019,BNBUSDT,False,19155,9724,9431,0.2622813886713652,67.33936379528629,1915.5178282876652,53.46471570763758,0.10299200000000004,-1901.5401882000167,0.33025461416773927,1901.6712211604442,-0.09927121838684504,0.003515497979393698,0.1866358382167456,-0.20091986691677494,10.201044113808406,0.09287392325763508,0.09433568258940224,0.3610545549464892,0.45173583920647353
Ichimoku Cloud,i019,BNBUSDT,True,8506,4702,3804,0.2869739007759229,22.18564477097571,850.5983266896565,23.866939368306316,-0.22636899999999963,-852.5059902869871,0.34965504460719504,852.6370232474237,-0.10022407598013014,0.0026082347485275933,0.18776977350475496,-0.2161338841569817,12.916529508582178,0.10322125558429344,0.18751469550905242,0.003291794027745121,0.705972254878909
Parabolic SAR,i020,BNBUSDT,False,34743,16448,18295,0.24738796304291513,41.67443807846675,3474.305722281046,96.99139932611153,0.3621010000000014,-3529.2605825286914,0.3215763573009472,3529.260582528699,-0.10158191815700117,0.0011995060322501439,0.19463501887001092,-0.19895015181721104,9.027919293095012,0.09466655153556112,0.09593299369657197,0.5774400598681749,0.23196039489969203
Parabolic SAR,i020,BNBUSDT,True,18752,10070,8682,0.2956484641638225,44.160897140821255,1875.1711170487752,52.53381170534544,-0.2700899999999987,-1883.8141216132997,0.35584862452891314,1883.8141216133129,-0.10045937081982187,0.0023549966478680277,0.18771206163075094,-0.2214180641500744,12.743654010238908,0.10334897610921502,0.20291168941979523,0.007625853242320819,0.6861134812286689
Directional Movement,i021,BNBUSDT,False,33168,16538,16630,0.18044500723589002,-6.423288973860708,3316.8542643109404,92.7111851803433,-0.09198599999999846,-3416.080724465145,0.2552144791618841,3416.0807244651537,-0.10299326834494528,-0.00019365921894177242,0.1955861305452034,-0.16873280049215272,6.703388808490111,0.06744452484322239,0.03551616015436565,0.7100217076700435,0.18701760733236855
Directional Movement,i021,BNBUSDT,True,14433,7849,6584,0.28760479456800386,24.9042866282444,1443.289292319526,40.43266132024961,-0.22362899999999855,-1459.0412960115314,0.34357937420149254,1459.0412960115418,-0.10109064615890885,0.001725510055306894,0.1839753832253958,-0.21617614391948545,12.863645811681563,0.09887064366382596,0.19122843483683227,0.008522136769902306,0.7013787847294395
Vortex,i022,BNBUSDT,False,37719,17934,19785,0.19812296190248946,73.72681176968366,3771.933841232534,105.50951143708916,0.31299100000000135,-3803.40354989994,0.26853192663131054,3803.403549899972,-0.10083521699673745,0.0019546332556452627,0.1868434930933814,-0.17191314467323873,7.230334844508073,0.06840054084148572,0.060712107956202445,0.6423553116466503,0.2285320395556616
Vortex,i022,BNBUSDT,True,16088,8789,7299,0.2945052212829438,70.96278511920686,1608.786412792345,45.058159053508824,-0.3719849999999988,-1583.253771726647,0.3581229520532839,1583.2537717266496,-0.0984120942147344,0.004410914042715494,0.18643857897871172,-0.2173215646632408,12.843299353555444,0.10256091496767777,0.19331178518150174,0.008577821979114868,0.6955494778717056
Williams Alligator,i023,BNBUSDT,False,23736,12004,11732,0.26407145264577014,38.462650425150734,2373.579899793259,66.32639271473096,0.1875939999999998,-2401.2560480828392,0.31777892838291594,2401.2560480828506,-0.10116515200888268,0.0016204352218213152,0.17844708207728027,-0.2014977306241831,10.861097067745197,0.0867458712504213,0.15647118301314458,0.2933518705763397,0.46343107516009435
Williams Alligator,i023,BNBUSDT,True,11276,6203,5073,0.2924796026959915,42.449621994532336,1127.5854341181628,31.649044941263238,-0.42826599999999937,-1117.2131230648936,0.35723478797831504,1117.2131230648888,-0.09907885092806791,0.0037645993255172347,0.18827244292788906,-0.21786608671861013,12.88958850656261,0.10402625044341965,0.19457254345512592,0.0027492018446257536,0.6986520042568287
Williams Fractal,i024,BNBUSDT,False,34776,17612,17164,0.2804232804232804,107.92919861559433,3477.592959782194,96.85784130071441,0.09402000000000044,-3466.4275824673146,0.3570061704024876,3466.4541373508264,-0.09967873195500675,0.0031035541354840794,0.19735919099097754,-0.2154361578089565,10.724838969404187,0.10993213710605015,0.12732919254658384,0.3440016103059581,0.41873706004140787
Williams Fractal,i024,BNBUSDT,True,16496,8816,7680,0.3006789524733269,66.76567081107501,1649.582141990192,46.094035820938664,-0.5896959999999991,-1629.5002030000553,0.37608728602503727,1629.5002030000526,-0.09878153509942139,0.004047385475938106,0.19803299636463803,-0.226399433509766,12.533887002909797,0.11899854510184286,0.20956595538312317,0.004000969932104753,0.6674345295829291
Aroon,i025,BNBUSDT,False,28848,13985,14863,0.25707154742096505,91.51596689676727,2884.847824117128,80.49848678760851,0.27634600000000065,-2873.553998007969,0.32312955430213813,2873.5785208964408,-0.09961016354714258,0.0031723504886566577,0.184978294586377,-0.1980847811991667,9.777384914032169,0.08714642262895175,0.10967831392124237,0.4836730449251248,0.3195022185246811
Aroon,i025,BNBUSDT,True,14778,8126,6652,0.2913790770063608,32.98732139366541,1477.7900523365893,41.40229085173755,-0.10798399999999933,-1486.3130057946616,0.3468457863325988,1486.3375286831135,-0.10057605939874555,0.002232191189177522,0.18329766916076984,-0.21730259446151035,12.905129246176749,0.0978481526593585,0.1925835701718771,0.005819461361483286,0.7037488158072811
Trend Strength Index,i026,BNBUSDT,False,29880,14186,15694,0.2502342704149933,78.33524929974048,2988.0185020051294,83.38789557360352,0.06159800000000114,-2993.0095502789927,0.3237791809051529,2993.009550278979,-0.10016765563182704,0.0026216616231506187,0.19166424582188862,-0.19756653645892308,9.425468540829987,0.08975903614457831,0.10103748326639893,0.539524765729585,0.26967871485943773
Trend Strength Index,i026,BNBUSDT,True,15428,8444,6984,0.29213119004407573,34.76497447549922,1542.776588084014,43.21514811013364,-0.5718219999999986,-1551.7985837186486,0.34765127426223535,1551.7985837186482,-0.10058326313965833,0.00225336884077646,0.18348974632770243,-0.2178176788222327,12.887801400051854,0.0968369198859217,0.19814622763806067,0.006740990407052113,0.6982758620689655
Zig Zag,i027,BNBUSDT,False,12859,6402,6457,0.35243798118049613,72.23411381566467,1285.8883787273685,34.872370676324785,0.11068700000000012,-1248.4159485880286,0.4766296721141363,1248.9838401024433,-0.09708499483537046,0.005617397450475517,0.250865757553043,-0.28645845584465235,9.561474453690023,0.20934753868885606,0.32148689633719574,0.06991212380433938,0.3992534411696088
Zig Zag,i027,BNBUSDT,True,5273,2255,3018,0.3673430684619761,29.47535547825201,527.3051079597452,14.29948084200496,-0.06368199999999999,-512.1929153234981,0.49533519307924345,512.6934911298429,-0.09713501144007171,0.005589864494263608,0.25953749674666027,-0.3042317285736748,9.401479233832733,0.23307415133699982,0.38137682533662054,0.00037929072634174094,0.38516973260003795
Linear Regression Curve,i028,BNBUSDT,False,99119,49549,49570,0.14602649340691493,159.59103776582597,9911.902349112694,277.0538522667001,0.15807199999999877,-10029.207091613569,0.16867067842769162,10029.343589993801,-0.10118349752936942,0.0016100953174045943,0.14058679293029813,-0.14252537459373504,3.2096772566309184,0.032355047972638946,0.025171763234092353,0.9423924777287906,8.071106447805163e-05
Linear Regression Curve,i028,BNBUSDT,True,32591,17166,15425,0.3001748949096376,68.41500643058586,3259.0634914862903,90.92673127803049,-1.4408779999999988,-3283.016094333736,0.37037861622330237,3283.0628443164883,-0.1007338251153305,0.0020991993627254724,0.19740920226686717,-0.22861585058358896,12.19646528182627,0.11785462244177841,0.2208585192230984,0.019422539965021017,0.6418643183701022
Linear Regression Slope,i029,BNBUSDT,False,29880,14186,15694,0.2502342704149933,78.33524929974048,2988.0185020051294,83.38789557360352,0.06159800000000114,-2993.0095502789927,0.3237791809051529,2993.009550278979,-0.10016765563182704,0.0026216616231506187,0.19166424582188862,-0.19756653645892308,9.425468540829987,0.08975903614457831,0.10103748326639893,0.539524765729585,0.26967871485943773
Linear Regression Slope,i029,BNBUSDT,True,15428,8444,6984,0.29213119004407573,34.76497447549922,1542.776588084014,43.21514811013364,-0.5718219999999986,-1551.7985837186486,0.34765127426223535,1551.7985837186482,-0.10058326313965833,0.00225336884077646,0.18348974632770243,-0.2178176788222327,12.887801400051854,0.0968369198859217,0.19814622763806067,0.006740990407052113,0.6982758620689655
Keltner Channels,i030,BNBUSDT,False,22412,11228,11184,0.286810637158665,92.73387338975618,2241.1987208826904,62.84621707812026,0.053622999999999824,-2211.257441571054,0.3593209924821746,2211.257441571045,-0.09866399435887267,0.004137688443233811,0.19293256393701622,-0.21593017783772492,12.481215420310548,0.10913796180617526,0.17767267535248973,0.06041406389434232,0.6527752989469927
Keltner Channels,i030,BNBUSDT,True,9932,5329,4603,0.29752315747080144,61.4387860592686,993.1979244378172,27.919276048791215,-0.3875720000000002,-960.0659864273398,0.3886767262265291,960.0659864273376,-0.09666391325285338,0.006185943018452336,0.2065671246340934,-0.2250927102939782,12.41200161095449,0.128372935964559,0.20610149013290374,0.0008054772452678212,0.6647200966572694
Donchian Channels,i031,BNBUSDT,False,29041,14797,14244,0.29713164147240106,112.57860743568511,2904.1006011390386,81.12591774607552,-0.18392699999999979,-2872.8318384494296,0.37087947114759046,2872.8621293574324,-0.09892330974998896,0.003876540320088327,0.19626762825239366,-0.22371277692726504,12.141351881822251,0.11635274267415034,0.1870114665472952,0.08343376605488792,0.6132020247236666
Donchian Channels,i031,BNBUSDT,True,12647,6771,5876,0.3062386336680636,82.67035299863112,1264.711159693292,35.42336117129772,-0.5450989999999999,-1218.0092668659586,0.39609547071065615,1218.0130028904236,-0.09630815741804054,0.0065367559894545044,0.206269342878855,-0.22987125961200866,12.234442950897446,0.13260061674705464,0.2181545030442002,0.001581402704198624,0.6476634775045466
Price Channel,i032,BNBUSDT,False,40612,18945,21667,0.18181818181818182,71.68542184445138,4061.250323464205,113.48176373361416,0.03966600000000148,-4103.006999353367,0.2641454283636459,4103.006999353399,-0.10102942478462935,0.0017651290713200873,0.199462691999706,-0.1678054507367039,6.292844479464198,0.06975770708165074,0.02698709740963262,0.7179405101940313,0.1853146853146853
Price Channel,i032,BNBUSDT,True,16407,8988,7419,0.2928018528676784,21.7972365213565,1640.6631762892212,45.96428665266511,-0.4879809999999991,-1665.3182074205297,0.3499089933550037,1665.3182074205372,-0.10150046976415736,0.001328532731234016,0.1865843347415339,-0.22077646742384374,12.756262570853904,0.1021515206923874,0.19985372097275553,0.009203388797464497,0.6887913695373926
MA Channel,i033,BNBUSDT,False,36515,18262,18253,0.25474462549637134,109.5661075320568,3651.516896269892,102.0622408567595,-0.07518199999999899,-3644.0882115945947,0.3297902001072209,3644.317025651535,-0.09979702072010392,0.003000578050994298,0.1927700315606537,-0.19980285323822422,9.037573599890456,0.09393399972613994,0.06934136656168698,0.5273723127481856,0.3093523209639874
MA Channel,i033,BNBUSDT,True,16770,9134,7636,0.29224806201550385,38.75093021792638,1676.983658252437,46.96670123116924,-0.551516999999999,-1685.75094626568,0.3553497815769645,1685.9797603226039,-0.10052182148274777,0.0023107292914684783,0.18960100206138408,-0.22032062156614063,12.739236732259988,0.10614192009540847,0.2001788908765653,0.0064400715563506265,0.6872391174716757
Chande Kroll Stop,i034,BNBUSDT,False,39422,19921,19501,0.2799705748059459,139.77961298627534,3942.211927446552,109.92689598795107,0.013838000000000695,-3912.3453724482283,0.3578656708963497,3912.345372448264,-0.0992426911990317,0.0035457260663151373,0.19755148338102715,-0.21464580216750484,10.472680229313582,0.10945664857186342,0.11950180102480848,0.35939323220536756,0.41164831819796055
Chande Kroll Stop,i034,BNBUSDT,True,18130,9752,8378,0.3006067291781577,108.20864244367714,1812.9807998793212,50.69474749284855,-0.7002289999999989,-1756.1671339284928,0.3847547051774402,1756.167133928493,-0.09686525835237136,0.0059684855181289095,0.20151388756605235,-0.22511181554917017,12.457363485934914,0.12211803640375068,0.21130722559293988,0.00441257584114727,0.6621621621621622
52-Week High/Low,i035,BNBUSDT,False,2519,1375,1144,0.3505359269551409,15.875583427123797,251.91165493532714,7.0734191603897,-0.005139999999999892,-243.114630668593,0.48089769057127146,243.1146306685934,-0.09651235834402262,0.006302335620136481,0.255064561602806,-0.28626933897547113,9.861055974593093,0.21953156014291386,0.34021437078205635,0.0,0.4402540690750298
52-Week High/Low,i035,BNBUSDT,True,2392,1322,1070,0.3524247491638796,18.33030367180346,239.20975246146406,6.719225442531653,-0.005139999999999892,-227.6038142321923,0.48492440663440617,227.60381423219314,-0.09515209625091652,0.007663170431355962,0.25418799337025483,-0.28527068601892647,9.893812709030101,0.21906354515050167,0.33695652173913043,0.0,0.4439799331103679
Majority Rule,i036,BNBUSDT,False,34390,16937,17453,0.24681593486478628,27.414652239851943,3439.0183584529395,95.88118674051628,-0.18387899999999993,-3507.668771953604,0.31426589437827235,3507.6687719535985,-0.10199676568635078,0.0007971693003737117,0.18938898097375795,-0.19748291415561972,9.50738586798488,0.08996801395754579,0.11230008723466124,0.4587961616749055,0.3389357371328875
Majority Rule,i036,BNBUSDT,True,16240,8640,7600,0.295320197044335,29.57566620516158,1624.005828972456,45.442836702320456,-0.5308679999999992,-1640.4038674696146,0.3566952998795391,1640.4038674696178,-0.10101009036142947,0.001821161712140491,0.1896497490551352,-0.22282104718088458,12.712684729064039,0.1061576354679803,0.20578817733990148,0.005788177339901478,0.6822660098522167
MACD,i038,BNBUSDT,False,33195,16596,16599,0.2503087814429884,98.58684252133376,3319.498470353144,92.84100207633573,0.6295560000000021,-3313.123073908146,0.32319935807160516,3313.1496287916943,-0.09980789498141725,0.002969930487161734,0.19041385154458917,-0.19670785849040173,9.212501882813676,0.08995330622081639,0.08148817593010996,0.5132399457749661,0.3153185720741076
MACD,i038,BNBUSDT,True,16184,8750,7434,0.2957241720217499,17.892418777501906,1618.378308461174,45.338446914531225,-0.2802279999999987,-1646.1045645982033,0.34996423393651543,1646.1045645981997,-0.10171184902361612,0.001105562208199574,0.18517021638809242,-0.22217311986590751,12.766559565002472,0.10152001977261493,0.20347256549678694,0.0058699950568462675,0.6891374196737519
RSI,i039,BNBUSDT,False,41783,19560,22223,0.15391427135437857,63.26963963837364,4178.34904513645,116.78435745955156,-0.013146999999998944,-4231.8769099576275,0.23726573736168718,4231.876909957666,-0.10128226575300069,0.001514243583236571,0.20469926808619715,-0.15694438512729017,5.407725630040925,0.06193906612737238,0.016753224995811694,0.7895316276954742,0.13177608118134168
RSI,i039,BNBUSDT,True,16335,8924,7411,0.2897459442913988,32.79707332284799,1633.4652371544369,45.78291408802691,-0.5311569999999994,-1646.9822349196156,0.34820071056321417,1646.98223491962,-0.10082535873398321,0.0020077792055615542,0.18589520196451662,-0.21779212427320052,12.822711968166514,0.09947964493419038,0.19528619528619529,0.008631772268135905,0.6966023875114784
Stochastic,i040,BNBUSDT,False,130316,63406,66910,0.12241781515700298,166.2553976053422,13031.576649004632,364.2793972519928,-0.4441059999999998,-13230.044754651282,0.13629737129054054,13230.044754651175,-0.10152279654571414,0.0012757865312420747,0.13087062804926455,-0.1339403818011175,2.4466450781178057,0.02407992878848338,0.015961202001289174,0.959897479971761,6.138923846649683e-05
Stochastic,i040,BNBUSDT,True,35489,18545,16944,0.30000845332356507,77.06566273811907,3548.884062398511,98.98320144758118,-1.3612509999999987,-3572.162852107973,0.3748248745181302,3572.162852107989,-0.10065549471971522,0.0021715366096006954,0.20115494349747265,-0.23000803218442817,12.025388148440362,0.12167150384626223,0.22702809321198117,0.023810194708219448,0.6274902082335372
Stochastic RSI,i041,BNBUSDT,False,79250,38164,41086,0.16353312302839118,96.37254516796516,7924.994044388142,221.50293097325653,-0.0823100000000001,-8050.206740193434,0.1958482568526076,8050.630154389963,-0.10157989577531147,0.0012160573522771627,0.15128077301902235,-0.15101531993543466,4.0291104100946376,0.042813880126182965,0.03675709779179811,0.9185993690851735,0.0018296529968454258
Stochastic RSI,i041,BNBUSDT,True,30623,16245,14378,0.2976520915651634,55.3956911870452,3062.2746201053137,85.51496995909483,-0.9961769999999991,-3093.3900758773634,0.36488375589583455,3093.813490073948,-0.1010152524532986,0.0018089570318729454,0.19497517727747804,-0.2264547524996083,12.34927995297652,0.1133461777095647,0.21650393495085393,0.016980700780459133,0.6531691865591223
Connors RSI,i042,BNBUSDT,False,153782,76227,77555,0.10380278576166262,219.3845498691865,15378.19983971396,429.5889878292966,0.369037999999999,-15588.03523967407,0.11527761637255676,15588.035239673949,-0.1013644980535698,0.0014265944640412173,0.12723741522593893,-0.12784250429132218,2.051293389343356,0.020737147390461824,0.011080620618798038,0.9681302102976942,5.202169304600018e-05
Connors RSI,i042,BNBUSDT,True,36036,18883,17153,0.2967310467310467,46.50007034371113,3603.5668837805306,100.52552677798734,-1.360350999999999,-3658.9526912148076,0.369442509845167,3658.952691214806,-0.10153603871724962,0.0012903782424162262,0.2004838550104847,-0.22896762628110012,11.992618492618492,0.12012987012987013,0.22541347541347542,0.026667776667776668,0.6277888777888778
Awesome Oscillator,i043,BNBUSDT,False,20766,10158,10608,0.26403736877588363,75.91032330344594,2076.615856447178,58.00946880387616,-0.015574999999999378,-2058.7305769476084,0.32892806141453934,2058.730576947614,-0.09913948651389813,0.0036555101272968283,0.18404037758738803,-0.20073440864092498,10.553741693152269,0.08908793219686026,0.11952229606086873,0.3303958393527882,0.46099393238948283
Awesome Oscillator,i043,BNBUSDT,True,9203,5044,4159,0.29446919482777356,50.26947098588229,920.2965411621161,25.799243386460734,-0.40166399999999985,-896.2279775626946,0.3539003348670279,896.2279775626968,-0.0973843287583065,0.005462291751155307,0.18114679891182522,-0.21363557717753592,13.021406063240248,0.09877213951972183,0.18015864392046071,0.0033684668043029446,0.7177007497555145
Accelerator Oscillator,i044,BNBUSDT,False,43920,22008,21912,0.2122950819672131,41.81745046195379,4392.003740531138,122.72358373397063,0.8298860000000019,-4472.079987803154,0.2770866901691231,4472.247020537416,-0.10182331484069113,0.0009521277427585107,0.1838386161185914,-0.1788123264103625,7.424704007285975,0.07554644808743169,0.07725409836065573,0.7247495446265938,0.12244990892531876
Accelerator Oscillator,i044,BNBUSDT,True,21828,11745,10083,0.292376763789628,14.633199672100773,2182.7710110186295,61.04044374319941,-0.35957699999999854,-2229.537832089728,0.35111160585177104,2229.704864823937,-0.1021411871032494,0.0006703866443146772,0.18903108401172092,-0.22244815552586633,12.646600696353307,0.10422393256367968,0.2076690489279824,0.009116730804471321,0.6789902877038666
Momentum,i045,BNBUSDT,False,50296,23849,26447,0.16136472085255288,78.07536123370356,5029.619688758909,140.60561264158616,0.30335300000000115,-5091.846587166792,0.23755564920511113,5091.846587166776,-0.1012376051210194,0.0015523175050442095,0.1954746677432018,-0.15832904197654382,5.724192778749801,0.061714649276284395,0.03497296007634802,0.7998648003817401,0.10344759026562748
Momentum,i045,BNBUSDT,True,20350,11030,9320,0.29287469287469287,75.14050557939557,2034.9770699296996,56.94633805340668,-0.5723479999999984,-2017.355250403711,0.35845222517998515,2017.3552504037054,-0.09913293613777448,0.003692408136579634,0.18912041009487984,-0.21852070149890163,12.703488943488944,0.10466830466830467,0.19572481572481573,0.01203931203931204,0.6875675675675675
Chande Momentum Oscillator,i046,BNBUSDT,False,52803,25022,27781,0.15771831145957615,59.665642613505184,5280.3044480799645,147.54024215474897,0.16256300000000146,-5368.016484621208,0.23378569997295817,5368.016484621246,-0.10166120267070447,0.0011299669074390695,0.19667122112809418,-0.15752432634459756,5.546427286328428,0.061644224759956824,0.03460030680074996,0.8165634528341192,0.08719201560517395
Chande Momentum Oscillator,i046,BNBUSDT,True,21336,11509,9827,0.28946381702287216,10.764597735031867,2133.5652396836745,59.63776724148302,-0.6871509999999985,-2183.125560190126,0.34700874775244794,2183.1255601901116,-0.102321220481352,0.0005045274528980065,0.18784709657042034,-0.22053227101642756,12.675806149231347,0.10254968128983877,0.2006936632920885,0.011764154480689914,0.6849925009373828
Price Oscillator,i047,BNBUSDT,False,19972,9702,10270,0.26922691768475865,92.92420161178,1997.2263095421163,55.862975223571034,-0.1140939999999992,-1960.2791771539078,0.3359951198778349,1960.2791771539178,-0.09815137077678288,0.004652723894040658,0.18447587907830293,-0.20227516128523074,10.322601642299219,0.08917484478269577,0.09343080312437413,0.3704185860204286,0.4469757660725015
Price Oscillator,i047,BNBUSDT,True,8917,4862,4055,0.2947179544689918,66.71152555475155,891.702314722072,25.054741747334592,-0.5450680000000001,-850.5905989146552,0.36198157462165964,850.5905989146561,-0.0953897722232427,0.007481386739346366,0.1836320410900619,-0.21198530814109362,13.023774812156555,0.09980935292138611,0.18156330604463383,0.002691488168666592,0.7159358528653135
Detrended Price Oscillator,i048,BNBUSDT,False,29643,14173,15470,0.20858212731504908,99.70216208830499,2964.3342993569036,82.93537660769793,-0.09240199999999939,-2947.6599158762965,0.2840932358553336,2947.6599158763024,-0.09943865046980051,0.0033634302225923484,0.18918319547987242,-0.17550637738825012,7.31768039672098,0.07347434470195324,0.035354046486522954,0.6038525115541612,0.2873190972573626
Detrended Price Oscillator,i048,BNBUSDT,True,11717,6388,5329,0.29700435264999575,73.05107267367484,1171.688656527079,32.84600396884733,-0.6224289999999997,-1132.1060168222511,0.36276197736576843,1132.1060168222505,-0.09662080880961434,0.0062346225717909735,0.18519443567345503,-0.2156832163367579,12.92131091576342,0.10258598617393531,0.18537168217120423,0.005974225484338995,0.7060681061705215
TRIX,i049,BNBUSDT,False,11913,5934,5979,0.28565432720557377,55.234154784657164,1191.3049259167,33.27680539435814,0.012282999999999631,-1169.3352935264008,0.3427038526902231,1169.6562602744723,-0.09815624053776556,0.0046364605711959345,0.17915750636406283,-0.2090491524892252,12.43397968605725,0.09401494166037103,0.1580626206664988,0.10761353143624612,0.6403089062368841
TRIX,i049,BNBUSDT,True,4674,2563,2111,0.28904578519469404,26.94347020200646,467.3924470690032,13.115266665020597,-0.13968199999999975,-453.70392553201737,0.3543885394326667,454.0248922800968,-0.09706973160719243,0.005764542191272242,0.1843425647421681,-0.21148080965955052,13.119383825417202,0.10119811724433034,0.1735130509199829,0.002139495079161318,0.7231493367565255
Fisher Transform,i050,BNBUSDT,False,63945,30845,33100,0.1713972945500039,34.13803990608544,6394.498516718801,178.53540619738152,-0.03662300000000048,-6538.932506010097,0.22599632103440565,6538.9325060101555,-0.10225869897584014,0.0005338656643378753,0.17420260493251172,-0.1594449949244206,5.026397685510986,0.05878489326765189,0.04294315427320353,0.8874032371569317,0.010868715302212839
Fisher Transform,i050,BNBUSDT,True,27447,14621,12826,0.2912886654279156,0.5814418144792111,2744.674891538493,76.61992789121122,-1.1043779999999992,-2821.817755615225,0.3538125430006983,2821.817755615235,-0.10280969707491619,2.1184166374438412e-05,0.19325253299022244,-0.224494743824391,12.432724887965898,0.10966590155572559,0.2130651801654097,0.014974314132692098,0.6622946041461726
Ultimate Oscillator,i051,BNBUSDT,False,53366,24747,28619,0.15275643668253194,88.29587356547442,5336.606699470394,148.91102644828908,0.08111399999999949,-5397.14073835321,0.22420707595497447,5397.293090430597,-0.10113444399717442,0.001654534227138523,0.19133881181749443,-0.15386682736076043,5.187759997001836,0.058445452160551664,0.03144324101487839,0.8263501105572837,0.08376119626728629
Ultimate Oscillator,i051,BNBUSDT,True,21437,11686,9751,0.2943975369687923,8.462024768992382,2143.6491933501,59.83882491805483,-0.5695809999999991,-2195.5955744991625,0.3491811126476758,2195.747926576555,-0.10242084127905784,0.0003947392251244289,0.18665720696235735,-0.22303247439102203,12.618416756075943,0.103232728460139,0.2052992489620749,0.012361804356952931,0.6791062182208332
Williams %R,i052,BNBUSDT,False,48647,22545,26102,0.16806791785721628,52.15202645381911,4864.7099751826645,135.7546043879467,0.1634690000000018,-4948.1490841167915,0.2523636220585518,4948.149084116768,-0.10171540041763708,0.0010720502076966537,0.20428581922512165,-0.1635341341232336,5.80124159763192,0.06812341973811335,0.0252225214298929,0.7849610459021111,0.12169301292988262
Williams %R,i052,BNBUSDT,True,20021,10886,9135,0.2906448229359173,20.048959186221726,2002.0666788930043,55.92643260375995,-0.45623299999999833,-2038.4003853105423,0.34859594195818416,2038.400385310528,-0.10181311549425813,0.0010013964929934433,0.18746189502657953,-0.22033806171456197,12.677139004045753,0.10324159632385994,0.19984016782378503,0.011437990110384096,0.685480245741971
SMI Ergodic,i053,BNBUSDT,False,52067,25347,26720,0.19449939501027522,93.70059146023722,5206.69154378732,145.6176132970433,0.4943580000000012,-5258.114207624127,0.2676901078184686,5258.266559701516,-0.100987462454609,0.0017996157155249432,0.18979581272941803,-0.1712011541043143,6.311521693202988,0.07511475598747767,0.04451956133443448,0.8028309677914994,0.07753471488658843
SMI Ergodic,i053,BNBUSDT,True,23659,12675,10984,0.2949406145652817,42.72077370123487,2365.866784786393,66.1708703778828,-0.7493089999999986,-2390.066190463041,0.3575443612203229,2390.2185425404323,-0.10102143752749655,0.0018056880553377096,0.19061880883898796,-0.223020456719711,12.577243332347098,0.10727418741282388,0.20567226002789635,0.011708018090367303,0.6753455344689124
Relative Vigor Index,i054,BNBUSDT,False,59945,30184,29761,0.1770122612394695,13.993448622517912,5994.4810403854435,167.41574834853492,0.12049100000000143,-6147.78284911146,0.2231480836091816,6147.78284911147,-0.10255705812180263,0.00023343812865990346,0.1664244477708324,-0.1604109268335785,5.352956877137376,0.053966135624322294,0.06097255817833014,0.8663608307615314,0.018700475435816166
Relative Vigor Index,i054,BNBUSDT,True,26740,14295,12445,0.2913986537023186,20.8534229017171,2673.9862227976046,74.7226614206362,-1.056879999999999,-2728.9123413165235,0.35594338849776486,2728.9123413165207,-0.10205356549426042,0.0007798587472594279,0.19355194024930344,-0.22361563540949422,12.487135377711294,0.10796559461480927,0.21039640987284966,0.013649962602842184,0.6679880329094989
True Strength Index,i055,BNBUSDT,False,29833,14866,14967,0.26101967619749944,105.13250903886839,2983.3196792695867,83.42873043858678,0.6926520000000017,-2960.923248669305,0.33408757392018545,2961.0804579092246,-0.09924993291553999,0.0035240340910692317,0.19076565105247228,-0.20168807826430676,9.800858110146482,0.09472731538899876,0.09559883350651963,0.4353568196292696,0.374317031475212
True Strength Index,i055,BNBUSDT,True,14293,7756,6537,0.2937801721122228,7.842580125206489,1429.2813452974367,40.0300687924682,-0.4079009999999986,-1461.8767349646985,0.34644958606702597,1462.033944204618,-0.10227920905091292,0.000548700771371055,0.1845550072164852,-0.2215992877220844,12.79045686699783,0.10095851115930875,0.20436577345553766,0.005527181137619814,0.6891485342475338
Coppock Curve,i056,BNBUSDT,False,23642,11581,12061,0.282674900600626,131.24371206523358,2364.2231172272845,66.01683968362988,0.1983480000000011,-2298.797896845681,0.34810211124327267,2298.797896845694,-0.09723364761211746,0.005551294817072734,0.18367769163495223,-0.20793183029907814,11.043820319769901,0.09487353015819304,0.13311056594196768,0.32095423399035616,0.4510616699094831
Coppock Curve,i056,BNBUSDT,True,11246,6159,5087,0.2945936332918371,58.38402323096316,1124.5977533215887,31.570589977573533,-0.4534489999999993,-1098.2377690681992,0.3542546574066653,1098.2377690681951,-0.09765585711081268,0.005191536833626459,0.18185666628152755,-0.21438660083939243,12.994664769695891,0.0988796016361373,0.18682198114885293,0.0034678996976702826,0.7108305175173395
Rate of Change,i057,BNBUSDT,False,52803,25022,27781,0.15771831145957615,59.665642613505184,5280.3044480799645,147.54024215474897,0.16256300000000146,-5368.016484621208,0.23378569997295817,5368.016484621246,-0.10166120267070447,0.0011299669074390695,0.19667122112809418,-0.15752432634459756,5.546427286328428,0.061644224759956824,0.03460030680074996,0.8165634528341192,0.08719201560517395
Rate of Change,i057,BNBUSDT,True,21336,11509,9827,0.28946381702287216,10.764597735031867,2133.5652396836745,59.63776724148302,-0.6871509999999985,-2183.125560190126,0.34700874775244794,2183.1255601901116,-0.102321220481352,0.0005045274528980065,0.18784709657042034,-0.22053227101642756,12.675806149231347,0.10254968128983877,0.2006936632920885,0.011764154480689914,0.6849925009373828
Klinger Oscillator,i058,BNBUSDT,False,53701,26364,27337,0.17414945717956834,50.17002171501337,5370.092453922824,150.12859680341526,0.42143400000000125,-5469.629595011226,0.2401501692793235,5469.6295950112235,-0.10185340300946398,0.0009342474388747579,0.1848453563031398,-0.1623103873178243,5.7783467719409325,0.06301558630193106,0.04651682464013705,0.7729651216923334,0.11750246736559841
Klinger Oscillator,i058,BNBUSDT,True,22207,11896,10311,0.29544738145629756,17.86003411720212,2220.6725642787997,62.06754071484375,-0.4048289999999987,-2265.284899876441,0.35587541980141346,2265.2848998764553,-0.10200769576603959,0.0008042524482011131,0.19075718824583196,-0.22477584123465072,12.534921421173504,0.10703832125005629,0.20813257081100553,0.010897464763362903,0.6739316431755753
Bollinger Bands,i059,BNBUSDT,False,24795,12065,12730,0.2967937084089534,115.22706706241257,2479.499589962294,69.0059980553305,0.08390800000000005,-2433.194612955212,0.3705127820183053,2433.2211678387534,-0.09813247077859295,0.004647189637524201,0.19461410901979254,-0.22168845155034786,12.283403912079049,0.11401492236337972,0.18531962089130874,0.06557773744706594,0.6350877192982456
Bollinger Bands,i059,BNBUSDT,True,10723,5635,5088,0.3076564394292642,79.6038919816273,1072.2935153613641,29.960429880350116,-0.48553000000000024,-1023.1355832600868,0.39889576670559873,1023.1355832600798,-0.0954150501967814,0.007423658675895486,0.20580717643587598,-0.22926905419208538,12.29814417607013,0.1307469924461438,0.21682365009792035,0.0006528023873915882,0.6517765550685443
BB %B,i060,BNBUSDT,False,44162,20929,23233,0.1720710112766632,51.87466631856661,4416.2341606261525,123.46004526133261,0.19527200000000183,-4487.624267568917,0.25365917401410837,4487.6242675689045,-0.1016173241150518,0.001174644860254667,0.20071203695371712,-0.16445135892514876,5.997146868348354,0.0661201938318011,0.022123092251256738,0.7531588243286083,0.15859788958833387
BB %B,i060,BNBUSDT,True,17620,9608,8012,0.2919409761634506,29.379980101336344,1761.958597980917,49.314976960484245,-0.3974389999999983,-1782.2910338400648,0.34856173199761337,1782.2910338400675,-0.10115159102384022,0.0016674222531972954,0.18538905906300365,-0.2192956359137669,12.746594778660613,0.10232690124858115,0.1989216799091941,0.011066969353007945,0.6876844494892168
Standard Error Bands,i061,BNBUSDT,False,30713,14858,15855,0.278155829778921,38.082491278424925,3071.2941602379415,85.55006456676453,0.3004350000000014,-3118.461298526281,0.3530995184718931,3118.4878534097907,-0.10153554841683592,0.0012399469696358196,0.1992459962249808,-0.21743887434714895,10.77713020545046,0.11115814150359782,0.14804805782567643,0.3542473870999251,0.38654641357080066
Standard Error Bands,i061,BNBUSDT,True,15016,7893,7123,0.2975492807671817,1.0345229988547588,1501.593731189218,41.9641539479807,-0.45889299999999894,-1542.982255138344,0.3605359870452721,1542.982255138342,-0.10275587740665583,6.889471223060462e-05,0.19470642323465823,-0.22875716288877482,12.461707511987214,0.11501065530101226,0.2203649440596697,0.003396377197655834,0.6612280234416622
Envelopes,i062,BNBUSDT,False,1,0,1,0.0,-0.29999999999998916,0.10015,0.0019666843668259683,0.0,-0.40211668436681514,0.0,0.40211668436681514,-0.40211668436681514,-0.29999999999998916,0.0,-0.40211668436681514,1.0,0.0,1.0,0.0,0.0
Envelopes,i062,BNBUSDT,True,1,0,1,0.0,-0.29999999999998916,0.10015,0.0019666843668259683,0.0,-0.40211668436681514,0.0,0.40211668436681514,-0.40211668436681514,-0.29999999999998916,0.0,-0.40211668436681514,1.0,0.0,1.0,0.0,0.0
Net Volume,i074,BNBUSDT,False,42365,21260,21105,0.1743656320075534,-8.56514514432435,4236.494666938992,118.4188716210596,-0.06447899999999936,-4363.543162704375,0.2311286041465615,4363.606082161243,-0.10299877641223594,-0.0002021750299616275,0.17757064386178031,-0.16225220163849696,6.282237696211495,0.05773633895904638,0.05898737165112711,0.6980054290097958,0.18527086038003068
Net Volume,i074,BNBUSDT,True,17385,9364,8021,0.2919183203911418,10.84092410612123,1738.488191948418,48.68778279534037,-0.574372999999999,-1776.9094236376372,0.34526011824227626,1776.9094236376407,-0.10220934274590952,0.0006235791835560098,0.18463195287981954,-0.2204643854185801,12.73264308311763,0.10140926085706069,0.20115041702617198,0.009893586425079091,0.6875467356916882
OBV,i075,BNBUSDT,False,43206,21990,21216,0.15236309771790954,3.8791715240192204,4320.607475668321,120.68954638325894,-0.12641999999999906,-4437.544270527562,0.21782390971226145,4437.544270527521,-0.10270666737322506,8.978316724573486e-05,0.187724024563477,-0.15491170915077768,5.273179650974401,0.05545526084340138,0.030875341387770216,0.7793593482386706,0.13431004953015785
OBV,i075,BNBUSDT,True,16686,8922,7764,0.28988373486755364,17.091275723662225,1668.5989778379358,46.67482770880304,-0.38339599999999907,-1698.565925823077,0.34872018411617645,1698.5659258230846,-0.10179587233747314,0.0010242883689117958,0.18802508193720557,-0.22010661213210736,12.671101522234208,0.10379959247273163,0.20034759678772623,0.010907347476926765,0.6849454632626154
Accumulation/Distribution,i076,BNBUSDT,False,43279,20875,22404,0.15931514129254373,95.17212377772123,4327.904771395141,120.70024987481023,0.13056200000000048,-4353.302335492229,0.22715228808957982,4353.302335492242,-0.10058694367920307,0.002199037033612635,0.18556999224920365,-0.15481550769707808,5.345941449663809,0.05677118232861203,0.032717946348113404,0.7753182836941703,0.1351925876291042
Accumulation/Distribution,i076,BNBUSDT,True,17246,9319,7927,0.2976922184854459,77.26610896922642,1724.5871657923758,48.1309338482623,-0.49047499999999905,-1695.942465671412,0.3638582889560207,1695.9424656714102,-0.09833830834230617,0.0044802336176056135,0.18894423732840976,-0.22011081407822555,12.64670068421663,0.1059376087208628,0.19998840310796706,0.011422938652441145,0.682651049518729
MFI,i077,BNBUSDT,False,37165,18564,18601,0.19136284138302165,65.17854423261895,3716.5250374017005,104.06253349173211,0.2137500000000003,-3755.1952766608138,0.25721704003023804,3755.2429497793596,-0.10104117520949318,0.0017537614484762264,0.18284310261813586,-0.1682219885695603,7.0665141934615905,0.06463070092829275,0.06880129153773712,0.641463742768734,0.22510426476523612
MFI,i077,BNBUSDT,True,15870,8611,7259,0.2942028985507246,56.607421690137095,1586.9927562315052,44.51300169983402,-0.8005269999999988,-1575.698863241202,0.35223714334082856,1575.705908001501,-0.09928789308388167,0.0035669452860829926,0.18351368521772604,-0.21717027582561954,12.815248897290486,0.09955891619407688,0.1948960302457467,0.007561436672967864,0.6979836168872086
Chaikin Money Flow,i078,BNBUSDT,False,36068,17665,18403,0.17941111234335144,56.709195936945974,3606.8010775023154,100.65272840910531,0.19387400000000057,-3650.5507359744747,0.23564832507869904,3650.5507359744515,-0.101213006986095,0.0015722855699497056,0.17392344317141611,-0.16136802164870456,6.459742708217811,0.05647665520683154,0.06149495397582345,0.6600033270489076,0.2220250637684374
Chaikin Money Flow,i078,BNBUSDT,True,14592,7868,6724,0.29605263157894735,57.026283924328716,1459.1994839451613,40.77134633833073,-0.4085079999999996,-1443.3530543591635,0.36020276587826994,1443.3530543591671,-0.09891399769456986,0.003908051255779105,0.18810204356178736,-0.21962167859677617,12.663925438596491,0.1034813596491228,0.19867050438596492,0.011650219298245614,0.6861979166666666
Chaikin Oscillator,i079,BNBUSDT,False,38666,18727,19939,0.1962189003258677,96.40004890121783,3866.608816695182,107.89594886237887,0.3715230000000009,-3877.733193656344,0.26768233426927324,3877.7331936563755,-0.10028793238649832,0.0024931476982676727,0.18682200997380122,-0.17037716089087723,6.8496870635700615,0.07013914033000569,0.053483680753116436,0.7067966689080846,0.16958051000879326
Chaikin Oscillator,i079,BNBUSDT,True,17930,9668,8262,0.30050195203569435,81.2477657430862,1792.9728564331513,50.09562915540289,-0.5087649999999994,-1762.329484845468,0.36348613275876107,1762.3294848454661,-0.09828943027582086,0.004531386823373464,0.186783925063322,-0.22075596181523258,12.70457334076966,0.10390407138873396,0.19832682654768544,0.00909090909090909,0.6886781929726715
Ease of Movement,i080,BNBUSDT,False,40371,18787,21584,0.1912016051125808,37.79422649976437,4037.1108349039055,112.59946030194865,0.3141820000000014,-4111.601886706088,0.2608900530269774,4111.601886706046,-0.10184543079700996,0.0009361726610627522,0.1880175935044152,-0.170369646299359,6.8963364791558295,0.06811820366104382,0.05607985930494662,0.6793242674196824,0.1964776696143271
Ease of Movement,i080,BNBUSDT,True,17484,9497,7987,0.2973575840768703,69.22234910633807,1748.3724349166166,48.86529748188958,-0.19839099999999876,-1728.2137742921684,0.361743175293831,1728.2137742921766,-0.09884544579570856,0.003959182630195498,0.1884007051377429,-0.2204077362884244,12.75268817204301,0.10592541752459392,0.19869595058339054,0.009608785175017159,0.6857698467169984
Elder Force Index,i081,BNBUSDT,False,39998,20382,19616,0.1728086404320216,40.817260057431234,3999.8178247462697,111.99594862463398,-0.06984899999999852,-4071.066362313472,0.24956027763321226,4071.0929171970283,-0.10178174814524407,0.001020482525562059,0.19586827493178358,-0.1639638481122517,6.16570828541427,0.06650332516625831,0.03225161258062903,0.7459872993649682,0.1552577628881444
Elder Force Index,i081,BNBUSDT,True,16765,9017,7748,0.289293170295258,38.57407667446563,1676.4935503083354,47.00714165029091,-0.4899899999999988,-1685.4166052841606,0.3509698913056588,1685.41660528416,-0.1005318583527683,0.0023008694705914483,0.18791893682310934,-0.21794573637232403,12.756934088875633,0.10337011631374889,0.19457202505219207,0.009782284521324187,0.6922755741127349
Price & Volume Trend,i082,BNBUSDT,False,31324,15936,15388,0.1820329459839101,-3.297079932415703,3132.417497423912,87.74783055551501,-0.20913199999999904,-3223.6715399118425,0.2569835837353285,3223.698094795355,-0.10291378942382334,-0.00010525730853070179,0.19553771874291012,-0.16933212130918412,6.704380028093475,0.0683182224492402,0.039235091303792616,0.6840441833737709,0.20840250287319628
Price & Volume Trend,i082,BNBUSDT,True,13341,7179,6162,0.29143242635484595,31.914807038156734,1334.0982950540617,37.43407853125697,-0.4637159999999991,-1340.0812825471621,0.3520646077807126,1340.0812825471617,-0.1004483383964592,0.002392234992740929,0.18728178956499542,-0.21879116474937738,12.770107188366689,0.10194138370436999,0.19278914624091148,0.008245258976088748,0.6970242110786298
VWAP,i086,BNBUSDT,False,9994,4765,5229,0.18000800480288173,31.473432182035175,999.4147545640661,27.87051671312607,-0.06211399999999994,-995.873953095157,0.27464065360366907,995.8739530951561,-0.09964718361968751,0.0031492327578582324,0.2095968844834029,-0.167533709369225,5.920952571542926,0.07694616770062038,0.02521512907744647,0.7117270362217331,0.18611166700020013
VWAP,i086,BNBUSDT,True,3982,2288,1694,0.30160723254645905,25.19506632829024,398.21114204553135,11.166682788441634,-0.0032429999999998927,-384.1860015056827,0.3697567980953967,384.1860015056831,-0.09648066336154765,0.006327239158284841,0.1876750441207384,-0.2191958754026212,12.650426921145153,0.10321446509291814,0.19136112506278252,0.019839276745354094,0.6855851330989452
VWMA,i087,BNBUSDT,False,46259,21772,24487,0.1745606260403381,86.3436936500114,4625.921273877928,129.19063186125527,0.10787400000000198,-4668.660338089172,0.25838799673775104,4668.660338089167,-0.10092436797356562,0.0018665274573598954,0.20143982342295663,-0.16486714100747818,5.9572623705657275,0.06870014483668042,0.023519747508592922,0.7521563371452041,0.15562377050952247
VWMA,i087,BNBUSDT,True,18556,10132,8424,0.29041819357620174,12.636902355815593,1855.5647781575815,51.850198400190116,-0.5871569999999986,-1895.3652312019558,0.3473409181001516,1895.3652312019542,-0.10214298508309741,0.0006810143541612197,0.1871777783356862,-0.22055641214042443,12.693198965294245,0.1028238844578573,0.20176762233239923,0.01099374865272688,0.6844147445570166
Pivot Points Standard,i088,BNBUSDT,False,4119,2009,2110,0.17965525613012867,1.4202676498870748,411.90186149371584,11.505207818646968,-0.11929499999999982,-422.10609666247575,0.27004357831953035,422.9050640651315,-0.10247780933781883,0.0003448088492078356,0.21102155828812802,-0.17113407806915965,6.1150764748725415,0.07744598203447439,0.03083272638990046,0.6860888565185724,0.20563243505705267
Pivot Points Standard,i088,BNBUSDT,True,1274,627,647,0.2684458398744113,-11.940664509056443,127.40136500650583,3.534607826871429,-0.02108099999999979,-142.8977183424337,0.3107351914561721,143.03015017513982,-0.11216461408354293,-0.009372578107579625,0.1883664372954864,-0.2224453217784228,12.486656200941916,0.09497645211930926,0.21271585557299844,0.025902668759811617,0.6664050235478807
Balance of Power,i089,BNBUSDT,False,44485,21003,23482,0.16843879959536923,92.99260920404284,4448.521886632311,124.04703048893646,0.04686100000000108,-4479.529446917205,0.23989242995881568,4479.52944691718,-0.10069752606310452,0.002090426193189678,0.18867664671321122,-0.15931237999403375,5.92433404518377,0.06028998538833315,0.04044059795436664,0.7312127683488816,0.16805664830841857
Balance of Power,i089,BNBUSDT,True,17608,9529,8079,0.29083371194911406,33.379478214849215,1760.7852425037563,49.15989393345978,-0.39820399999999956,-1776.963862222367,0.35094795330275713,1776.9638622223652,-0.10091798399718122,0.0018956995805798054,0.18762340363537738,-0.21925068569225067,12.733757383007724,0.10177192185370286,0.19939800090867787,0.010790549750113584,0.6880395274875056
Accumulative Swing Index,i090,BNBUSDT,False,36500,23777,12723,0.18443835616438356,71.4434155509638,3650.045848151509,102.0583615248392,-0.038381999999999736,-3680.699176125384,0.2608284258864334,3680.699176125408,-0.10084107331850367,0.001957353850711337,0.19292827442377036,-0.16727668367193652,6.595945205479452,0.06786301369863014,0.030794520547945205,0.7201643835616438,0.18117808219178083
Accumulative Swing Index,i090,BNBUSDT,True,15834,8528,7306,0.2914614121510673,49.898134207315294,1583.397223558524,44.322929938959646,-0.44449399999999895,-1578.2665132901682,0.35114943392873504,1578.2665132901711,-0.0996757934375501,0.003151328420318005,0.1850784788682325,-0.21681109664560666,12.820449665277252,0.10047997979032462,0.1924971580143994,0.009473285335354301,0.6975495768599217
Up/Down,i091,BNBUSDT,False,35803,18954,16849,0.19735776331592325,71.51866819475988,3580.3176616281,100.3720664340611,-0.08968799999999892,-3609.2607478674013,0.2539469282281573,3609.2607478674245,-0.10080889165342012,0.001997560768504312,0.17386728254450837,-0.1683476690791279,7.157277323129347,0.0625925201798732,0.08116638270535989,0.6343881797614725,0.2218529173532944
Up/Down,i091,BNBUSDT,True,15960,8485,7475,0.2905388471177945,8.0942828130236,1595.9740190821076,44.84565200570263,-0.6776579999999992,-1633.403046274787,0.34330691521141066,1633.4030462747862,-0.10234354926533752,0.0005071605772571179,0.18415197194838429,-0.21966932263529493,12.72312030075188,0.10106516290726818,0.19912280701754387,0.008771929824561403,0.6910401002506266
Average Price,i099,BNBUSDT,False,35246,16732,18514,0.21338591613232707,90.7712225277008,3524.636266486041,98.48623540960851,0.28873500000000185,-3532.062544367949,0.29295993230916073,3532.0625443679505,-0.10021172741213043,0.0025753623823327695,0.19458842254665837,-0.18018258143701954,7.520285989899563,0.07836350224138909,0.045537082222096126,0.6451512228337968,0.23094819270271805
Average Price,i099,BNBUSDT,True,15673,8558,7115,0.292158489121419,21.570930392757383,1567.2696374478185,43.90102311683184,-0.2944989999999989,-1589.894229171893,0.3474385027765258,1589.8942291719013,-0.10144160206545605,0.0013763115161588325,0.18486474181205173,-0.2196132938461581,12.815159829005296,0.10087411471958145,0.20034454156830217,0.00752887130734384,0.6912524724047725
Typical Price,i100,BNBUSDT,False,37094,17614,19480,0.20396829675958375,65.86966471935835,3709.439819893241,103.61293679686732,0.15529900000000157,-3747.027792970751,0.2819248212319686,3747.0277929707763,-0.10101439027796276,0.001775749844162354,0.19443926743296414,-0.17671888683177178,7.138836469509894,0.07429773009111985,0.036879279667870815,0.6757427077155335,0.2130802825254758
Typical Price,i100,BNBUSDT,True,16121,8795,7326,0.29086284969915016,18.98631282569684,1612.0668770007865,45.12563711094443,-0.30147799999999864,-1638.5076792860339,0.3469755062147537,1638.507679286036,-0.10163809188549308,0.0011777379086717226,0.18566822915467263,-0.21948093122745746,12.79275479188636,0.10086222939023634,0.20011165560449104,0.00831213944544383,0.6907139755598288
Median Price,i101,BNBUSDT,False,37483,17735,19748,0.20059760424725875,63.88405686727514,3748.3480734804316,104.65618926478079,0.29573900000000164,-3788.824466877938,0.27858740715891883,3788.8244668779444,-0.10108114256804253,0.0017043474873215897,0.19459073691487883,-0.17527540440998904,7.100205426459995,0.07355334418269616,0.043219592882106556,0.6716911666622202,0.2115358962729771
Median Price,i101,BNBUSDT,True,16183,8852,7331,0.2916022987085213,24.82710889678289,1618.269827164265,45.3065070433957,-0.3081149999999987,-1639.0573403108774,0.34833146999221215,1639.0573403108842,-0.10128266330784634,0.0015341474940853295,0.18565648914130733,-0.21939727081025004,12.804239016251621,0.10090836062534758,0.19866526601989742,0.008342087375641105,0.6920842859791139
SMA,i001,SOLUSDT,False,67743,32957,34786,0.20134921689325835,-153.07895851622752,6774.256163568347,80.08318239847793,0.015442000000005828,-7007.4028624830535,0.3325594922292012,7007.520071546782,-0.10344098818303075,-0.0022597014970731663,0.2559761503163236,-0.19405425859559927,4.286509307234696,0.13037509410566406,0.06623562582111805,0.787269533383523,0.016119746689694875
SMA,i001,SOLUSDT,True,28139,13669,14470,0.36834997690038734,118.39441429747856,2813.836154383948,33.11645468748851,-2.129656,-2730.6878507739584,0.4962270308702071,2730.838505756785,-0.09704281782486791,0.004207484782596345,0.259506540769669,-0.30496641981836264,9.823412345854509,0.22808202139379508,0.3832403425850243,0.010661359678737695,0.3780162763424429
EMA,i002,SOLUSDT,False,71596,34801,36795,0.1783060506173529,-166.66999206000014,7159.565802478948,84.66038030111245,0.07814600000000341,-7410.818028840064,0.3100096011551509,7410.843731299615,-0.10350882771160488,-0.002327923236773006,0.2608215106947857,-0.1825678299229933,3.856500363148779,0.1188194871221856,0.05237722777808816,0.8109251913514721,0.017878093748254092
EMA,i002,SOLUSDT,True,27946,13545,14401,0.36946253488871394,138.78604804601258,2794.513384488977,32.888401994297396,-2.2327519999999996,-2690.8484904372613,0.4983991339569667,2690.889834681306,-0.09628742898580338,0.004966222287483453,0.2589513540646108,-0.30443909092301047,9.822765333142488,0.22872683031560867,0.3810205396121091,0.011414871537966078,0.37883775853431617
DEMA,i003,SOLUSDT,False,97939,47587,50352,0.1994608889206547,-147.80995460259675,9793.844592818476,115.7247930020573,0.46034300000000317,-10056.91899742313,0.2985291275015567,10056.918997423083,-0.10268553893161184,-0.0015092042455262637,0.21909305237430193,-0.182859315539451,3.3135829444858533,0.10172658491510021,0.061017572162264264,0.8350299676329144,0.002225875289721153
DEMA,i003,SOLUSDT,True,36382,17535,18847,0.36688472321477655,94.26614158014479,3638.112732373483,42.82887142003069,-2.6495590000000004,-3589.3250212133694,0.4950725863358557,3589.406198666062,-0.09865661649203918,0.0025910104331852233,0.2636553067528763,-0.30861318293612755,9.521356714858996,0.232917376724754,0.3934638007806058,0.012781045571986147,0.36083777692265406
TEMA,i004,SOLUSDT,False,110606,55553,55053,0.20577545521942753,-108.9183274646182,11060.551256994317,130.62718502267634,-0.25945799999999536,-11300.356227481609,0.2770574801273094,11300.52974551405,-0.10216766023074345,-0.0009847415824152234,0.19027686522652848,-0.17793704528421783,2.920637216787516,0.08042059201128329,0.06435455581071552,0.8549807424552014,0.0002441097227998481
TEMA,i004,SOLUSDT,True,39909,19205,20704,0.3666842065699466,90.60557313058533,3990.8196789966696,46.958369192253826,-2.8618339999999987,-3950.0343090583383,0.4957589004579085,3950.207827090684,-0.09897602819059206,0.002270304270479975,0.26538116477902784,-0.30993559938415954,9.401488386078329,0.23460873487183342,0.3976797213661079,0.014006865619283871,0.3537046781427748
Hull MA,i005,SOLUSDT,False,117679,57444,60235,0.211456589535941,-128.36222688398001,11767.848352428868,138.9866057881364,0.5751540000000048,-12034.622031100986,0.2663514959959847,12034.713681730564,-0.10226652190366153,-0.0010907827809887916,0.17558174724561162,-0.17677459162197082,2.7397411602749853,0.0703184085520781,0.064939368961327,0.8647422224865949,0.0
Hull MA,i005,SOLUSDT,True,41650,19969,21681,0.36823529411764705,131.16691105146688,4164.91798068909,49.013098251233885,-3.067829,-4085.8319968888563,0.49963930318518185,4085.9236475184416,-0.0980992076083759,0.0031492655714637904,0.2660195122957701,-0.31033227898639776,9.349267707082833,0.23690276110444178,0.3975750300120048,0.014429771908763505,0.3510924369747899
Hamming MA,i006,SOLUSDT,False,65435,31914,33521,0.21318866050278903,-94.2323897939777,6543.464386002714,77.36721171090855,-0.18293199999999524,-6715.246919507601,0.3441972880121606,6715.246919507637,-0.10262469503335525,-0.0014400915380756126,0.2526515776680149,-0.19888776202731684,4.48411400626576,0.1356307786352869,0.07410407274394437,0.7746771605409949,0.015587988079773822
Hamming MA,i006,SOLUSDT,True,28243,13708,14535,0.3672060333533973,101.20672027617208,2824.2361659949115,33.248107228603004,-2.3319710000000002,-2758.6095239473425,0.49342961299219956,2758.62711138772,-0.09767409708413917,0.003583426699577668,0.25909259968196363,-0.3047033837986229,9.841553659313812,0.22702970647594095,0.38296214991325284,0.010551287044577418,0.3794568565662288
Arnaud Legoux MA,i007,SOLUSDT,False,106658,53529,53129,0.18482439198184852,-135.66533934364392,10665.753166412453,126.1200418417255,0.5789069999999998,-10926.959640597823,0.27164735877899576,10927.037328170329,-0.10244857057696397,-0.0012719659035763272,0.2067332844007215,-0.17254923084696355,2.8848656453336834,0.08827279716476964,0.04832267621744267,0.8630013688612199,0.00040315775656772114
Arnaud Legoux MA,i007,SOLUSDT,True,37409,18018,19391,0.36769226656686893,120.38866908286441,3740.8150073523466,44.06695591818699,-2.730219000000003,-3667.223513187669,0.4970792165603068,3667.318769509012,-0.09803051439994839,0.003218173944314588,0.2635134625072263,-0.3082713786241044,9.510438664492503,0.23328610762116067,0.39244566815472215,0.014140982116602956,0.36012724210751423
Least Squares MA,i008,SOLUSDT,False,65165,32036,33129,0.2302462978592803,-88.54660496677973,6516.484124497866,76.9345057526256,0.48605799999999705,-6681.479177217271,0.36449094890907563,6681.745761141764,-0.10253171452800232,-0.0013588061837916017,0.25540569204322683,-0.2095968218463318,4.958290493363002,0.1438655720095143,0.09793600859357017,0.7099209698457761,0.04827744955113941
Least Squares MA,i008,SOLUSDT,True,27982,13491,14491,0.3683081981273676,89.54727520134614,2798.1535050453376,32.92853462281066,-2.0258470000000033,-2743.5606114668017,0.4936737142341734,2743.844764140387,-0.09804733798394688,0.0032001742263364353,0.2595577199854818,-0.30654913292810465,9.764527196054607,0.2282896147523408,0.38471160031448787,0.009649060110070759,0.3773497248231006
Smoothed MA,i009,SOLUSDT,False,61114,29704,31410,0.18174231763589357,-147.1041787318641,6111.390224871355,72.2852003693296,0.0821500000000044,-6330.697453972548,0.3257479846962636,6330.697453972541,-0.10358833416193584,-0.0024070455007341052,0.275368507951128,-0.1877580233124508,4.232859901168308,0.1271721700428707,0.05511012206695683,0.7825375527702326,0.035180155119939785
Smoothed MA,i009,SOLUSDT,True,24548,11925,12623,0.36948020205312043,118.32435078480641,2454.731612242173,28.91142301323781,-2.056947999999999,-2367.3756324706046,0.49684690999137177,2367.377232692964,-0.09643863583471583,0.004820121834153756,0.2577403031802971,-0.3039850227623659,9.919708326543914,0.22616913801531693,0.3799494867198957,0.01002118298843083,0.38386019227635654
Adaptive MA,i010,SOLUSDT,False,55725,27241,28484,0.2034993270524899,-150.749135186935,5572.455911149281,65.72318729010316,0.44970900000000436,-5788.47852462632,0.3447017221724026,5788.478524626353,-0.10387579227682943,-0.0027052334712774338,0.26850711509395564,-0.19901654184503273,4.609403319874383,0.13624046657694033,0.06639748766262898,0.7466666666666667,0.05069537909376402
Adaptive MA,i010,SOLUSDT,True,23590,11571,12019,0.36672318779143703,73.81315651415593,2358.9331239904245,27.71109709084964,-1.6825660000000013,-2314.5136305671185,0.4896242354303631,2314.554974811175,-0.09811418527202705,0.0031290019717743083,0.25666478916516183,-0.3035625357543968,9.925307333615939,0.22339974565493853,0.380669775328529,0.009919457397202205,0.3860110216193302
Multi-Timeframe MA,i011,SOLUSDT,False,11793,5786,6007,0.23259560756380904,27.21375275067833,1179.3039374292548,13.922049816038784,0.04530099999999931,-1165.9669334946154,0.3901248394201186,1165.9669334946198,-0.0988694084197927,0.002307619159728511,0.27190868776096777,-0.21124999602463537,5.305520223861613,0.15449843127278895,0.07343339269057916,0.6398711099804969,0.132197066056135
Multi-Timeframe MA,i011,SOLUSDT,True,4944,2360,2584,0.369336569579288,38.048353076706945,494.4028861965443,5.817087967290828,-0.2452209999999998,-462.41684208712803,0.49367734592120155,462.41684208712906,-0.09353091466163593,0.007695864295450434,0.24691570257470608,-0.2929072851149908,10.365291262135923,0.20752427184466019,0.3561893203883495,0.009101941747572815,0.42718446601941745
WMA,i012,SOLUSDT,False,81414,39833,41581,0.1913675780578279,-127.93250886903778,8141.364431696607,96.3284322450144,-0.016178999999995423,-8365.64155181066,0.30883004652284224,8365.641551810717,-0.10275433649999581,-0.0015713821808170313,0.23992002357143835,-0.18385022205932602,3.6454172501044044,0.1145257572407694,0.05523620016213428,0.8247230206107058,0.005515021986390547
WMA,i012,SOLUSDT,True,31670,15293,16377,0.3670982001894537,101.62195821602069,3166.931411315086,37.31618577407848,-2.6849850000000006,-3105.3106238731434,0.4941671585626285,3105.3281926221475,-0.0980521194781542,0.0032087767040107577,0.2609405583943992,-0.30627646955529975,9.699968424376381,0.22964951057783392,0.38639090622039785,0.012377644458478054,0.3715819387432902
McGinley Dynamic,i013,SOLUSDT,False,44359,21692,22667,0.1984264748979914,-32.73336837460946,4435.9056411413885,52.4607290303142,0.0689120000000026,-4521.030826546311,0.3527876407154584,4521.030826546311,-0.10191913313073585,-0.000737919438549324,0.27997719875393673,-0.19645611637591648,4.777384521743051,0.1367028111544444,0.05818435943100611,0.728533104894159,0.07657972452039045
McGinley Dynamic,i013,SOLUSDT,True,18110,8772,9338,0.36697956929873,86.59027605527885,1810.9830068312804,21.345677776769527,-1.713762999999999,-1747.4521715527703,0.49203305244862483,1747.4521715527715,-0.09649100892063889,0.004781351521550461,0.2546852442805083,-0.30007766094216926,10.136057426836002,0.2191606847045831,0.37272225289895083,0.006847045831032579,0.4012700165654335
Guppy MMA,i014,SOLUSDT,False,21354,10934,10420,0.3647560176079423,101.1005649224701,2135.378284718954,25.19253442651761,0.08169900000000363,-2059.3885552230013,0.4834585030252114,2059.3885552230045,-0.09644041187707228,0.0047345024315102605,0.2474631729941764,-0.2939092672078615,10.211716774374825,0.20970310012175705,0.3372670225718835,0.055539945677624804,0.39748993162873464
Guppy MMA,i014,SOLUSDT,True,9436,4728,4708,0.37272149215769396,82.94118982487761,943.5800272598692,11.092597603011905,-0.6576079999999983,-872.3890430380035,0.5088066911985769,872.3890430380026,-0.09245326865599868,0.008789867510054854,0.25694383739620824,-0.30006090879548364,10.199342941924545,0.22859262399321748,0.3668927511657482,0.000317931326833404,0.40419669351420096
MA Cross,i015,SOLUSDT,False,27547,13590,13957,0.33317602642756017,14.1737902921795,2754.6679806103875,32.48672480072041,0.4608540000000005,-2772.5200611189284,0.45146349582370576,2772.520061118937,-0.1006468966173786,0.0005145311755247214,0.2486244008801325,-0.27515895325803175,9.180237412422406,0.19098268413983374,0.2900860347769267,0.23149526264203,0.2874360184412096
MA Cross,i015,SOLUSDT,True,12359,6109,6250,0.36103244599077594,35.783943919057734,1235.8930810217714,14.553367175587603,-0.8722970000000003,-1215.5348012783013,0.47962025850956724,1215.534801278303,-0.09835219688310554,0.002895375347443785,0.2510816472579213,-0.29579094736522055,10.476090298567845,0.2109393963912938,0.357715025487499,0.002831944332065701,0.42851363378914153
EMA Cross,i016,SOLUSDT,False,22834,11237,11597,0.33563983533327496,28.288399165193244,2283.403054753761,26.97435871355877,0.22409100000000187,-2281.864923302126,0.45605486651986815,2281.864923302132,-0.09993277232644855,0.0012388718211961657,0.24962980368456433,-0.27653445871724636,8.820443198738722,0.19418411141280548,0.22448979591836735,0.2882105631952352,0.293115529473592
EMA Cross,i016,SOLUSDT,True,10015,4927,5088,0.37174238642036944,78.21669046702497,1001.489935634499,11.802567954759557,-0.8120239999999979,-935.8878371222336,0.4977243229333335,935.8878371222346,-0.0934486107960293,0.007809954115529203,0.2491021544460603,-0.29613718342735473,10.503844233649525,0.217873190214678,0.3547678482276585,0.002196704942586121,0.4251622566150774
MA-EMA Cross,i017,SOLUSDT,False,51576,26171,25405,0.2819334574220568,-74.34909235151339,5157.565997103777,60.827308006600724,-0.06568499999999684,-5292.808082461891,0.39753823461393795,5292.8080824619055,-0.10262153099235868,-0.0014415443685340738,0.24018245908525104,-0.23721617983044493,6.146948192957965,0.15850395532805955,0.19152318908019234,0.6155770125639832,0.034395843027764855
MA-EMA Cross,i017,SOLUSDT,True,26513,12941,13572,0.36714064798400786,79.63590027989991,2651.263544069632,31.17745650516546,-1.9249010000000037,-2604.7300012948976,0.48803202836700926,2604.747570043901,-0.09824350323595586,0.0030036548214045907,0.25508029016440514,-0.3032172087582822,9.976728397389959,0.22091049673744956,0.37928563346282956,0.00720401312563648,0.3925998566740844
SuperTrend,i018,SOLUSDT,False,17681,8786,8895,0.35393925682936483,-25.04896959850137,1768.1286483884985,20.779021199581305,0.25464100000000045,-1813.7019981865812,0.45773396360098184,1813.7019981865808,-0.10257915266028966,-0.00141671679195189,0.2446420495240769,-0.2928015358582032,10.204117414173407,0.19783948871670154,0.3286578813415531,0.08093433629319609,0.3925682936485493
SuperTrend,i018,SOLUSDT,True,7103,3481,3622,0.3571730254821906,5.402101805530513,710.3029431028929,8.328282139841855,-0.41728099999999957,-713.6464044372043,0.4703562835734862,713.6464044372029,-0.10047112550150702,0.0007605380551218517,0.24980765394664595,-0.2950960189443375,10.517527805152753,0.20765873574545968,0.35942559481909053,0.0005631423342249754,0.43235252710122485
Ichimoku Cloud,i019,SOLUSDT,False,21450,10889,10561,0.3311888111888112,28.17624270051645,2145.0080788860237,25.337732957518426,-0.33018499999999384,-2142.4997541430257,0.459225832520673,2142.4997541430275,-0.09988343842158628,0.0013135777482758252,0.2561109816455954,-0.2761684210060878,8.666666666666666,0.1986013986013986,0.2392074592074592,0.2634965034965035,0.2986946386946387
Ichimoku Cloud,i019,SOLUSDT,True,9406,4596,4810,0.3617903465872847,25.07351469702066,940.6061167218617,11.06950738311946,-1.0744179999999979,-927.6765274079604,0.4860671607367233,927.6765274079592,-0.09862603948628114,0.00266569367393373,0.25782470552805636,-0.30069198739295955,10.160535828194769,0.21996597916223687,0.37539868169253665,0.001488411652136934,0.4031469274930895
Parabolic SAR,i020,SOLUSDT,False,39413,19315,20098,0.312384238702966,-68.62644294512121,3941.2856856387507,46.38737538890378,-0.014285000000001423,-4056.3137889727755,0.44244946447014616,4056.313788972787,-0.1029181688522258,-0.0017412133799792255,0.26144622382007554,-0.2684491235247978,7.88846319742217,0.19630578743054322,0.23563291299824932,0.42204348818917614,0.14601781138203132
Parabolic SAR,i020,SOLUSDT,True,20224,9911,10313,0.3677314082278481,67.53171239589444,2022.371659502228,23.751360932448833,-1.5979500000000015,-1980.189258038783,0.48685111177778156,1980.2068454791656,-0.09791283910397462,0.0033391867284362363,0.25261648770804385,-0.3017829105437949,10.104430379746836,0.21860166139240506,0.3747527689873418,0.0056863132911392405,0.40095925632911394
Directional Movement,i021,SOLUSDT,False,35060,17232,17828,0.2351968054763263,-105.90117488231283,3506.028459139702,41.31395918483902,-0.09194999999999821,-3653.3355432068533,0.3749491609391206,3653.33554320685,-0.10420238286385777,-0.0030205697342359623,0.2657683592406152,-0.21797797544211855,5.839047347404449,0.15059897318881918,0.11138049058756418,0.6226468910439247,0.11537364517969195
Directional Movement,i021,SOLUSDT,True,15527,7631,7896,0.3647839247761963,31.558617710140226,1552.6769517730522,18.220786361638822,-1.3915439999999977,-1540.7306644245507,0.47955634238064604,1540.7306644245507,-0.0992291276115509,0.0020324993694944434,0.2506509761426138,-0.3001538875896092,10.256585303020545,0.21382108585045403,0.37167514651896694,0.005667546853867457,0.40883622077671156
Vortex,i022,SOLUSDT,False,40562,19713,20849,0.26302943641832255,-26.864818303154657,4056.177376116741,47.91515826914801,0.47903400000000507,-4130.478318689044,0.39033493173665085,4130.4783186890645,-0.10183122919700811,-0.0006623149327734002,0.24786929889119325,-0.22664155048202542,6.477146097332478,0.15258123366697895,0.16495734924313396,0.5284256200384596,0.15403579705142745
Vortex,i022,SOLUSDT,True,17389,8518,8871,0.3671286445454023,84.31711876561555,1738.856779535883,20.51247445988737,-1.1371160000000036,-1676.189251230155,0.491750603915079,1676.1892512301565,-0.09639365410490282,0.0048488768051995835,0.25403771849195483,-0.29967887742687827,10.219736615101501,0.21858646270630858,0.36747369026396,0.005635746736442578,0.40830410029328884
Williams Alligator,i023,SOLUSDT,False,26370,13327,13043,0.334584755403868,-31.53706989032685,2636.9857512497447,31.09888277114667,0.1471619999999975,-2699.4745419112187,0.4365331719994385,2699.474541911239,-0.1023691521392195,-0.0011959450091136462,0.23703465985518815,-0.2730285146072573,8.978991277967387,0.1781190747061054,0.31755783086841105,0.20709139173302996,0.2972317026924535
Williams Alligator,i023,SOLUSDT,True,11993,5921,6072,0.362294671891937,17.95587897933523,1199.30526298268,14.11034410500518,-0.8838930000000009,-1196.3436211083497,0.48010777726557,1196.3436211083442,-0.09975349129561825,0.001497196612968834,0.2542679244342312,-0.30088098231891797,10.223797215042108,0.21395814224964563,0.37088301509213706,0.0015842574835320605,0.4135745851746852
Williams Fractal,i024,SOLUSDT,False,39292,19504,19788,0.3421561641046523,-135.30957306405375,3929.195021614415,46.322528400616235,0.48672700000000296,-4110.340396079086,0.4619347629911646,4110.340396079077,-0.10461010882823693,-0.003443692687164149,0.26247926275997857,-0.29553975567255636,8.980046828871018,0.21561641046523466,0.3062964471139163,0.20566527537412196,0.27242186704672705
Williams Fractal,i024,SOLUSDT,True,17994,8639,9355,0.36200955874180285,-14.939089230814051,1799.4156326374978,21.17726446802315,-1.1785739999999978,-1836.710560336335,0.48388640476765016,1836.7105603363382,-0.10207350007426558,-0.0008302261437598117,0.26435716753295246,-0.3099941767984309,9.661442703123264,0.2317994887184617,0.39668778481716127,0.0024452595309547628,0.36906746693342224
Aroon,i025,SOLUSDT,False,32149,15890,16259,0.32231173597934615,-64.73631827941226,3214.8891242589734,37.955899120911695,0.5466389999999998,-3317.034702659297,0.43682386561304076,3317.034702659324,-0.10317691693860764,-0.0020136339630909906,0.2482953249163609,-0.27033877355499286,8.490995054278516,0.18572894957852498,0.26744222215309965,0.3358424834364988,0.2109863448318766
Aroon,i025,SOLUSDT,True,15486,7668,7818,0.3600671574325197,9.997537672368463,1548.5763651044297,18.25309918961294,-0.8439160000000013,-1557.6758426216743,0.4729193368728974,1557.675842621678,-0.1005860675850235,0.0006455855399953805,0.2506480370889568,-0.29821284535112985,10.337853545137543,0.21096474234792717,0.36981790003874465,0.003809892806405786,0.41540746480692237
Trend Strength Index,i026,SOLUSDT,False,33262,16442,16820,0.314082135770549,-6.14818729199934,3326.1736642146084,39.256212002919824,0.18579299999999863,-3371.392270509527,0.44435338204488417,3371.3922705095492,-0.10135867568124368,-0.0001848411788827894,0.25807593342759877,-0.265943964366761,8.23792916842042,0.191780410077566,0.24150682460465395,0.3910769045757922,0.17563586074198786
Trend Strength Index,i026,SOLUSDT,True,16231,8010,8221,0.36726018113486536,79.42993263359882,1623.078872450564,19.11528532689842,-1.1752730000000007,-1563.9394981438634,0.48991164974238854,1563.939498143861,-0.09635509199333765,0.004893717739732537,0.2519841290967338,-0.2985410800087141,10.314583204978128,0.21594479699340768,0.3665208551537182,0.004744008379027787,0.41279033947384636
Zig Zag,i027,SOLUSDT,False,28579,14289,14290,0.3644634171944435,0.7283896941151835,2857.876813547749,33.709405582605925,0.3240099999999989,-2890.53381943624,0.5105486844337364,2890.5338194362466,-0.10114188108178172,2.548688526943502e-05,0.2894707891471768,-0.3251479138464589,7.337625529234753,0.2720529059799153,0.41317050981489906,0.09650442632702334,0.2182721578781623
Zig Zag,i027,SOLUSDT,True,12426,5375,7051,0.3828263318847578,17.013552367747977,1242.5841429048648,14.6253282577613,-0.9746039999999999,-1241.1705227948783,0.5374980045597741,1241.2443961232525,-0.0998849607914758,0.0013691897929943647,0.30322258568056537,-0.349928330013995,7.254707870593916,0.30758087880251084,0.4863190085305006,0.0006438113632705617,0.205456301303718
Linear Regression Curve,i028,SOLUSDT,False,105862,52542,53320,0.21645160680886438,-99.66351234578094,10586.166674421507,125.02070125357972,0.3253380000000031,-10810.525550020868,0.28476975180381126,10810.660515726126,-0.10211903752074274,-0.0009414474726132223,0.18784250982263717,-0.18221956912881293,3.0435000283387805,0.08134174680244091,0.07259450983355689,0.8460448508435511,1.8892520451153387e-05
Linear Regression Curve,i028,SOLUSDT,True,39577,19069,20508,0.36900219824645625,139.10310285455068,3957.642288108211,46.5685888524208,-3.0876049999999995,-3868.1953791060805,0.49953084919569973,3868.3303448112747,-0.09773846878505395,0.0035147460104240007,0.26437572692570555,-0.30949979958871915,9.441114788892538,0.23498496601561514,0.3949516133107613,0.013138944336356975,0.3569244763372666
Linear Regression Slope,i029,SOLUSDT,False,33262,16442,16820,0.314082135770549,-6.14818729199934,3326.1736642146084,39.256212002919824,0.18579299999999863,-3371.392270509527,0.44435338204488417,3371.3922705095492,-0.10135867568124368,-0.0001848411788827894,0.25807593342759877,-0.265943964366761,8.23792916842042,0.191780410077566,0.24150682460465395,0.3910769045757922,0.17563586074198786
Linear Regression Slope,i029,SOLUSDT,True,16231,8010,8221,0.36726018113486536,79.42993263359882,1623.078872450564,19.11528532689842,-1.1752730000000007,-1563.9394981438634,0.48991164974238854,1563.939498143861,-0.09635509199333765,0.004893717739732537,0.2519841290967338,-0.2985410800087141,10.314583204978128,0.21594479699340768,0.3665208551537182,0.004744008379027787,0.41279033947384636
Keltner Channels,i030,SOLUSDT,False,21635,10706,10929,0.35119020106309223,-110.55940814968889,2163.5043998937945,25.424879279951135,-0.13535199999999925,-2299.6240393234343,0.46102991325067577,2299.624039323463,-0.10629184374039446,-0.005110210684062348,0.2588940046754095,-0.30396100925035235,9.721932054541252,0.21964409521608505,0.3883984284723827,0.005176796856944765,0.3867806794545875
Keltner Channels,i030,SOLUSDT,True,9732,4618,5114,0.3568639539662968,-34.03174459659352,973.2296252877265,11.440249997498187,-0.5995340000000002,-1019.3011538818183,0.48295851601538625,1019.3011538818187,-0.10473706883290365,-0.003496891142272248,0.2741461628281181,-0.3149721644645906,9.171290587751747,0.2441430332922318,0.41163173037402384,0.0,0.34422523633374436
Donchian Channels,i031,SOLUSDT,False,32080,15934,16146,0.3509351620947631,-217.49725959882906,3208.0102380553863,37.733523481736626,0.2050089999999996,-3463.0360121359518,0.4582821345296783,3463.0360121359495,-0.10795000037830273,-0.006779839763055769,0.2602289037257145,-0.30701628135049686,9.61673940149626,0.22026184538653368,0.3896820448877805,0.01867206982543641,0.3713840399002494
Donchian Channels,i031,SOLUSDT,True,13790,6592,7198,0.3605511240029007,-20.81535540638111,1379.040559074335,16.19373180635299,-0.7877029999999997,-1416.8373492870692,0.49031517419762866,1416.8373492870737,-0.10274382518397891,-0.0015094528938637498,0.2741337497640711,-0.3152449935488808,9.168092820884699,0.24626540971718636,0.411530094271211,0.000145032632342277,0.34205946337926035
Price Channel,i032,SOLUSDT,False,43464,21220,22244,0.23695472114853672,-18.912085940930922,4346.38903784829,51.41612161832332,0.32059600000000216,-4416.396649407544,0.3874709343860937,4416.39664940754,-0.10161045116435542,-0.0004351206962297746,0.2712598030120697,-0.21740091544184678,5.59911651021535,0.15527793116142094,0.08692251058347138,0.6370099392600773,0.12078961899503037
Price Channel,i032,SOLUSDT,True,18255,8916,9339,0.3655436866611887,58.955005599749846,1825.4665080359787,21.50526580978804,-1.5064470000000003,-1789.5232152460167,0.48757864784756566,1789.523215246019,-0.0980292092712143,0.003229526463968767,0.255172384793208,-0.30152724391047264,10.037359627499315,0.22010408107367843,0.37513010134209807,0.007559572719802793,0.3972062448644207
MA Channel,i033,SOLUSDT,False,40349,20141,20208,0.3281370046345634,50.891691004236925,4034.853824979652,47.69279834176181,0.6524930000000044,-4031.0024393171757,0.4634387403763699,4031.0024393171857,-0.09990340378490609,0.0012612875413080108,0.2629650903789242,-0.27712789980944086,8.006939453270217,0.20627524845721085,0.19968276785050434,0.38256214528241095,0.21147983840987386
MA Channel,i033,SOLUSDT,True,18372,8875,9497,0.37241454387110823,125.6674620643893,1837.1636184313602,21.682107114442275,-1.0752480000000002,-1734.2535114814134,0.5038218961043743,1734.2535114814123,-0.0943965551644575,0.006840162315718991,0.25737653841489816,-0.30314169881319575,10.004789897670367,0.2297517962116264,0.3729588504245591,0.004082299150881777,0.3932070542129327
Chande Kroll Stop,i034,SOLUSDT,False,45770,22825,22945,0.3478042385842255,63.08957097412904,4576.95068805375,54.006134153575644,0.2594680000000067,-4567.607783233197,0.4784404222077463,4567.607783233239,-0.09979479535139169,0.0013784044346543377,0.2632067129000401,-0.29337695373317263,8.681363338431288,0.22038453135241423,0.2784575049158838,0.24013545990823684,0.26102250382346515
Chande Kroll Stop,i034,SOLUSDT,True,20526,9854,10672,0.3722108545259671,117.16409639526168,2052.581636041144,24.18760272097377,-1.310238999999997,-1960.9153813668559,0.5089952031729321,1960.9153813668406,-0.09553324473189398,0.005708082256419258,0.26606849258640086,-0.309923844849213,9.601481048426386,0.24154730585598752,0.3899444606840105,0.002387216213582773,0.36612101724641916
52-Week High/Low,i035,SOLUSDT,False,2913,1492,1421,0.35564709921043597,-66.298397831112,291.33186766813503,3.4073003641356294,-0.11760799999999934,-361.15517386338263,0.47570822321028605,361.50395542453373,-0.1239804922291049,-0.02275949118816066,0.3163018253327778,-0.3669919365520194,6.085135599038791,0.30484037075180226,0.5492619292825266,0.0,0.14589769996567112
52-Week High/Low,i035,SOLUSDT,True,2731,1391,1340,0.35335042109117537,-67.6919243138493,273.12639301783406,3.1924609650448716,-0.10501799999999882,-344.11579629672826,0.46993629574797996,344.46457785787953,-0.12600358707313375,-0.02478649736867422,0.3161463831197492,-0.36760875198600573,6.072500915415599,0.3035518125228854,0.55181252288539,0.0,0.14463566459172464
Majority Rule,i036,SOLUSDT,False,38980,19104,19876,0.31097998973832736,-58.619910466709435,3897.9524114453407,46.00410622867588,0.2397400000000031,-4002.3366881407255,0.43848723322054,4002.33668814073,-0.10267667234840239,-0.0015038458303414427,0.257831905608156,-0.265387409632988,7.924397126731657,0.19243201641867624,0.25328373524884557,0.3482042072857876,0.20608004104669062
Majority Rule,i036,SOLUSDT,True,18145,8560,9585,0.3668228162028107,57.82741098122847,1814.4796477561897,21.380344125661445,-0.8420400000000025,-1778.8746209006224,0.49212937024484305,1778.8762211229862,-0.09803662832188606,0.0031869612003983722,0.2589752208278916,-0.30486671518244135,9.985119867732157,0.22606778726922017,0.3819785064756131,0.0026453568476164234,0.38930834940755027
MACD,i038,SOLUSDT,False,36220,18045,18175,0.3107123136388735,8.508602285170374,3621.99653309575,42.77068606343845,0.08323199999999856,-3656.175384874018,0.4453278508802367,3656.175384874014,-0.10094355010695799,0.00023491447501850838,0.2608336426868871,-0.26402295921141733,7.7929044726670345,0.1916896742131419,0.20273329652125896,0.4151021535063501,0.19047487575924904
MACD,i038,SOLUSDT,True,17529,8555,8974,0.36356894289463176,21.386113763656056,1752.8983764966029,20.64492700839998,-1.2091180000000012,-1753.3663077413469,0.47854690840559116,1753.4076519854136,-0.10002660207321279,0.0012200418599838015,0.25248640966142466,-0.30140392582588793,10.16310114667123,0.21478692452507273,0.37611957327856693,0.004221575674596383,0.40487192652176396
RSI,i039,SOLUSDT,False,44417,21796,22621,0.19800977103361325,-41.29043461653008,4441.712554500382,52.540508478088135,0.0414430000000024,-4535.502054595,0.3521781285370443,4535.5020545950065,-0.10211185029594524,-0.0009296088123135303,0.2803472492285198,-0.196540231080788,4.775919130062814,0.1368169844879213,0.05842357655852489,0.7286849629646307,0.07607447598892315
RSI,i039,SOLUSDT,True,18115,8806,9309,0.36649185757659397,79.5882490285227,1811.4851367184062,21.353785672031982,-1.7253799999999992,-1754.9760533619153,0.4904053990912776,1754.976053361919,-0.09687971589080405,0.004393499808364488,0.25438936489922714,-0.30009298073613494,10.137123930444384,0.2186033673751035,0.37284018768975985,0.0067899530775600335,0.40176649185757657
Stochastic,i040,SOLUSDT,False,136354,66384,69970,0.19145019581383751,-33.753214502856764,13635.345205035861,161.03404174230542,0.5605750000000012,-13829.571886281024,0.24883713794139461,13829.571886281023,-0.10142402779735854,-0.00024754106592294147,0.17549555787628596,-0.16699365458771934,2.3641844023644336,0.06458189712072987,0.04961350602109216,0.8857605937486249,4.4003109553075086e-05
Stochastic,i040,SOLUSDT,True,44037,21098,22939,0.3664645638894566,137.16497648378532,4403.602758457694,51.796694229809845,-3.1484530000000004,-4321.382929203718,0.5013055100161489,4321.382929203694,-0.09813072936857002,0.0031147665936322936,0.2691788598125859,-0.3105986368278157,9.210572927311125,0.24032063946227036,0.40059495424302294,0.015873015873015872,0.34321139042169085
Stochastic RSI,i041,SOLUSDT,False,85502,42839,42663,0.23125774835676358,-210.44899733017442,8550.163380905578,100.91224579349137,-0.23911500000000038,-8861.763739029244,0.31358152306487985,8862.11257430069,-0.10364393510127534,-0.0024613342065703072,0.20474301803050815,-0.196414785475916,3.7599588313723658,0.10198591845804776,0.10361161142429418,0.7934200369581998,0.0009824331594582582
Stochastic RSI,i041,SOLUSDT,True,36294,17482,18812,0.36953766462776216,100.30632963339544,3629.354762796637,42.70542663443567,-2.898723000000002,-3574.6525827976766,0.49400460012771996,3575.001418069169,-0.09849155735927914,0.002763716582173236,0.260210441292831,-0.30874027713561436,9.626356973604452,0.2300655755772304,0.3921860362594368,0.010993552653331129,0.36675483551000165
Connors RSI,i042,SOLUSDT,False,160893,78930,81963,0.16479275046148684,-121.43563358831608,16089.229419218009,190.1828650520232,0.3091200000000011,-16400.53879785835,0.21068782310682138,16400.53879785873,-0.1019344458606549,-0.0007547602045354122,0.1651100454882142,-0.15462435755536846,1.957257307651669,0.052618821204154315,0.03624147725507014,0.9111272709191823,1.2430621593232769e-05
Connors RSI,i042,SOLUSDT,True,44740,21280,23460,0.3668752793920429,125.92684566730628,4473.897117796392,52.6647963837952,-3.2793989999999997,-4403.91446751288,0.4999677995861323,4403.91446751284,-0.09843349279197318,0.002814636693502599,0.2682677758356731,-0.3109250067104293,9.174430040232455,0.23983012963790792,0.4008270004470273,0.01790344210996871,0.3414394278050961
Awesome Oscillator,i043,SOLUSDT,False,22814,11227,11587,0.3322521258876129,68.65183138343927,2281.38214758347,26.95513710926798,0.3498450000000003,-2239.335608309299,0.45797488668087,2239.335608309303,-0.09815620269612077,0.0030091974832751503,0.24961589413637786,-0.2711975899870712,9.083939686157622,0.1922942053125274,0.26751117734724295,0.2241606031384238,0.31603401420180594
Awesome Oscillator,i043,SOLUSDT,True,9691,4765,4926,0.36693839645031473,69.41134187541583,969.0924514814391,11.417696904567856,-0.6051779999999994,-911.7039845105911,0.4957648317683438,911.7039845105893,-0.09407738979574772,0.007162454016656262,0.2520778487105356,-0.2947176551793408,10.471468372716954,0.2181405427716438,0.3540398307708183,0.002373336085027345,0.4254462903725106
Accelerator Oscillator,i044,SOLUSDT,False,48343,24237,24106,0.27807541939887886,-38.24094040070768,4834.257240097245,57.00871160457594,0.4730200000000004,-4929.033872102528,0.4020571458149507,4929.367205721374,-0.10195961922310424,-0.000791033663626744,0.24654358633326542,-0.2361982608361208,6.387977576898414,0.16364313344227707,0.1953954036778851,0.5751815154210537,0.0657799474587841
Accelerator Oscillator,i044,SOLUSDT,True,24063,11802,12261,0.36687029879898597,87.35291879739513,2406.2611501285223,28.292580638628973,-1.964729000000002,-2349.1655409697564,0.49029457212812816,2349.516462028993,-0.09762563026097147,0.0036301757385776975,0.25597003283271347,-0.30251847658791925,10.042845862943107,0.2218759090720193,0.37676100236878196,0.006649212483896438,0.39471387607530234
Momentum,i045,SOLUSDT,False,53454,26244,27210,0.222247165787406,-18.022137491307845,5345.37296651321,63.19130491881747,-0.039600999999998984,-5426.626009923334,0.36098647967131486,5426.626009923281,-0.10151954970485529,-0.00033715227094899996,0.25804434174090246,-0.20426691657779517,5.192240056871329,0.13985856998540802,0.10496875818460732,0.6957383918883526,0.05943427994163206
Momentum,i045,SOLUSDT,True,22506,10913,11593,0.3713676352972541,150.09309255094277,2250.556476520548,26.525787934236945,-1.7836970000000008,-2128.772868903842,0.5021035842153609,2128.7744691262037,-0.0945869043323488,0.006669025706520162,0.25685101208514965,-0.30220056742377177,10.000622056340532,0.2259841819959122,0.37367813027637076,0.008753221363192037,0.39158446636452504
Chande Momentum Oscillator,i046,SOLUSDT,False,56038,27540,28498,0.21469360077090546,-128.76704978885573,5603.762782422331,66.17518754653211,0.8156580000000022,-5797.889361757719,0.34878472883258343,5797.889361757642,-0.10346353120664048,-0.0022978523464230655,0.2581077720812376,-0.20231290403042895,5.0335486634069735,0.1358007066633356,0.10216281808772619,0.7133373782076449,0.04869909704129341
Chande Momentum Oscillator,i046,SOLUSDT,True,23624,11471,12153,0.36763460887233324,70.4074730734494,2362.3417820033246,27.806625279562315,-1.6334990000000014,-2321.374433209437,0.48849387466073313,2321.41577745351,-0.09826339456524878,0.0029803366522794354,0.25526052478015526,-0.30378955023261833,9.945987131730444,0.22201997968167964,0.3812648154419235,0.008804605485946495,0.3879105993904504
Price Oscillator,i047,SOLUSDT,False,21994,10869,11125,0.33831954169318906,34.61247564735994,2199.398562313561,25.97335829414613,0.22468200000000071,-2190.534762960347,0.4576186143718756,2190.534762960345,-0.09959692475040224,0.0015737235449377076,0.248380645058856,-0.27751907804873865,8.980949349822678,0.19441665908884243,0.231335818859689,0.26875511503137217,0.3054924070200964
Price Oscillator,i047,SOLUSDT,True,9522,4697,4825,0.37177063642091995,65.49354751849046,952.1828482871371,11.218621995254633,-0.7621219999999985,-898.6700447639015,0.49392508889813347,898.6700447639022,-0.09437828657465884,0.006878129334014961,0.24776689757424236,-0.29685136445615506,10.511342155009451,0.21550094517958412,0.35507246376811596,0.002100399075824407,0.42732619197647553
Detrended Price Oscillator,i048,SOLUSDT,False,31655,15417,16238,0.2648554730690254,45.256847902194686,3165.489591099453,37.479402217573416,0.310628000000002,-3157.4015174148317,0.4073374813306102,3157.4015174148158,-0.09974416418938024,0.001429690345986248,0.2588364621265827,-0.22893242301079025,6.368851682198705,0.1620281156215448,0.10191123045332491,0.5451271521086716,0.19093350181645868
Detrended Price Oscillator,i048,SOLUSDT,True,12856,6243,6613,0.36963285625388925,92.9709733004235,1285.5856697649265,15.174367752678675,-0.9211229999999975,-1208.7101872171816,0.5002036862991615,1208.7101872171888,-0.09401914959685606,0.0072317185205681,0.25456552596309845,-0.2984212199646873,10.23809894212819,0.2228531425015557,0.3640323584318606,0.0035003111387678903,0.4096141879278158
TRIX,i049,SOLUSDT,False,12500,6202,6298,0.35128,9.069253622494333,1250.007594664109,14.726110701222215,0.3274700000000034,-1255.3369817428368,0.46013843942756155,1255.5362999519728,-0.10042695853942694,0.0007255402897995467,0.24367052304223644,-0.28675474761638875,10.29088,0.1948,0.33536,0.05848,0.41136
TRIX,i049,SOLUSDT,True,4707,2307,2400,0.36350116847248776,40.30282265034326,470.70204066223306,5.525924045546848,-0.27869299999999997,-436.2038350574366,0.5019757446598794,436.37748349949766,-0.09267130551464554,0.00856231626308546,0.2569636590860073,-0.29234601326889026,10.509029105587423,0.21839813044401954,0.3496919481623115,0.0006373486297004461,0.4312725727639686
Fisher Transform,i050,SOLUSDT,False,69619,34471,35148,0.23654462143954955,-200.4953114162766,6961.857681772239,82.16919633812851,0.18805300000000158,-7244.334136526643,0.34592045325079246,7244.343927181775,-0.10405685425712297,-0.0028798935838819373,0.232650123598093,-0.2083802068058934,4.607678938220888,0.1306539881354228,0.1213892759160574,0.743446472945604,0.00451026300291587
Fisher Transform,i050,SOLUSDT,True,31491,15307,16184,0.36724778508145184,120.63248555546726,3149.047598779881,37.066573293461005,-2.295939000000003,-3067.777625517875,0.4952749225273237,3067.858802970582,-0.09741759948931045,0.0038306972009611398,0.260297318329755,-0.3050344330021827,9.765837858435743,0.22870026356736844,0.38531643961766854,0.010669715156711442,0.37531358165825157
Ultimate Oscillator,i051,SOLUSDT,False,57236,27740,29496,0.21116080788315048,-55.675168002501465,5723.547428089509,67.88137366879172,0.26505800000000085,-5846.838911760802,0.338829424922997,5846.840602735105,-0.10215317128661684,-0.0009727298903225498,0.24791690413645245,-0.1958618519413946,4.665682437626669,0.12710531833112027,0.09118387029142498,0.7297505066741212,0.051960304703333564
Ultimate Oscillator,i051,SOLUSDT,True,24048,11785,12263,0.36884564204923487,112.43557903974629,2404.7340046483414,28.42695874998118,-2.0569439999999997,-2322.7823283585763,0.49549802659536313,2322.7856195552254,-0.0965894181785835,0.004675464863595571,0.2571958479503273,-0.3033409869335867,9.935503992015969,0.22500831669993346,0.37699600798403193,0.010063206919494345,0.3879324683965403
Williams %R,i052,SOLUSDT,False,51957,25307,26650,0.22100968108243355,-66.50463141003712,5195.658534396039,61.47345247676614,0.13547799999999774,-5323.501140282842,0.3751913506882425,5323.501140282817,-0.10245974825880712,-0.0012799936757325696,0.2783862441141201,-0.21051070765047394,5.230440556614123,0.1518948361144793,0.08316492484169602,0.6938237388609811,0.0711165001828435
Williams %R,i052,SOLUSDT,True,22369,10905,11464,0.3709151057266753,105.65989000387069,2236.8499936376056,26.375852251090514,-1.8785130000000012,-2159.4444688848257,0.49526418124995364,2159.4460691072045,-0.09653737175934667,0.004723496356737927,0.2553840350561727,-0.3040339545015555,9.937145156243014,0.22490947293128885,0.3783360901247262,0.008359783629129598,0.3883946533148554
SMI Ergodic,i053,SOLUSDT,False,56809,27681,29128,0.25316411132038935,-86.70434997087202,5680.87595242954,67.0617357888258,-0.224702999999993,-5834.8667411892375,0.38692308213431326,5835.52652762034,-0.10271025262175426,-0.0015262432003885302,0.2560479662814338,-0.2243229215416791,5.561513140523509,0.16074917706701403,0.12235737295146895,0.6745938143604007,0.042299635621116376
SMI Ergodic,i053,SOLUSDT,True,26790,13015,13775,0.3700261291526689,109.60232973374175,2678.9617984735028,31.5156431302361,-1.9690140000000023,-2602.8441258699972,0.49496570028880943,2603.5214810501247,-0.09715730219746165,0.004091165723543925,0.2573340674893431,-0.30537398452875836,9.882754759238521,0.22631578947368422,0.38193355729749906,0.008809257185516985,0.38294139604329974
Relative Vigor Index,i054,SOLUSDT,False,65057,32716,32341,0.25980294203544585,39.65182606143537,6505.6372814296965,76.76476727419077,-0.07310800000000463,-6542.823330642452,0.35788162091391285,6542.823330642447,-0.10057062776707275,0.00060949361423729,0.2157502915280718,-0.21159661007268032,4.883563644188942,0.12449083111732788,0.15464900010759794,0.7107152189618334,0.010144949813240697
Relative Vigor Index,i054,SOLUSDT,True,30253,14693,15560,0.36931874524840513,122.47420251543674,3025.2363441491116,35.61031718096685,-2.1516910000000022,-2940.5241498146415,0.4951343380789546,2940.524149814658,-0.09719777046291746,0.004048332479933784,0.25810841531246564,-0.3052604546174434,9.828512874756223,0.22549829768948534,0.38442468515519124,0.009420553333553697,0.38065646382176976
True Strength Index,i055,SOLUSDT,False,32502,16172,16330,0.3254261276229155,4.029781194619586,3250.1793441397135,38.387402858629784,0.41894699999999885,-3284.1180188037233,0.45239836847809833,3284.143721263322,-0.1010435671282913,0.00012398563764136317,0.2565148711563337,-0.27353595489278293,8.255061227001415,0.19592640452895208,0.22697064796012553,0.3472094024983078,0.2298935450126146
True Strength Index,i055,SOLUSDT,True,15445,7564,7881,0.3658141793460667,30.012136056876482,1544.4795948723095,18.202930743662634,-1.0484130000000018,-1533.7188025590956,0.4818917649656688,1533.720402781449,-0.09930196196562613,0.0019431619331095164,0.2524796058331858,-0.30221833338607407,10.183166073162836,0.2163807057300097,0.3747491097442538,0.0034962771123340885,0.4053739074134024
Coppock Curve,i056,SOLUSDT,False,26384,13025,13359,0.34585354760460885,51.76271274213732,2638.3836004431437,31.13175080213718,0.4554870000000006,-2617.2971515031436,0.4649349577263506,2617.2971515031545,-0.09920016492962187,0.0019618978449870116,0.24923313643762185,-0.28342021678523915,9.449401152213463,0.19860521528198907,0.2927531837477259,0.19936325045482112,0.30927835051546393
Coppock Curve,i056,SOLUSDT,True,11739,5805,5934,0.36476701592980665,45.427230785384175,1173.8919526750067,13.835163078392398,-0.7663499999999986,-1143.066234968015,0.4830499060987541,1143.0662349680188,-0.09737339083124755,0.003869770064348256,0.2494411596208358,-0.2965231702379555,10.484368344833461,0.21117642047874605,0.35795212539398585,0.002300025555839509,0.42857142857142855
Rate of Change,i057,SOLUSDT,False,56038,27540,28498,0.21469360077090546,-128.76704978885573,5603.762782422331,66.17518754653211,0.8156580000000022,-5797.889361757719,0.34878472883258343,5797.889361757642,-0.10346353120664048,-0.0022978523464230655,0.2581077720812376,-0.20231290403042895,5.0335486634069735,0.1358007066633356,0.10216281808772619,0.7133373782076449,0.04869909704129341
Rate of Change,i057,SOLUSDT,True,23624,11471,12153,0.36763460887233324,70.4074730734494,2362.3417820033246,27.806625279562315,-1.6334990000000014,-2321.374433209437,0.48849387466073313,2321.41577745351,-0.09826339456524878,0.0029803366522794354,0.25526052478015526,-0.30378955023261833,9.945987131730444,0.22201997968167964,0.3812648154419235,0.008804605485946495,0.3879105993904504
Klinger Oscillator,i058,SOLUSDT,False,58891,29026,29865,0.22998420811329406,-204.49623750552166,5889.080415971691,69.45529548076247,0.4752059999999987,-6162.556742957975,0.349075614935801,6162.556742958029,-0.10464343860620427,-0.003472453133849343,0.24400737694430788,-0.20877660388320465,4.9899814912295595,0.13370464077702876,0.12027304681530285,0.6746701533341257,0.07135215907354264
Klinger Oscillator,i058,SOLUSDT,True,25472,12394,13078,0.3654601130653266,41.64202736827063,2547.18558538788,29.92335624940931,-2.1112930000000043,-2537.5782072690185,0.4866738345415549,2537.579896323935,-0.0996222600215538,0.0016348157729377604,0.25844075512035375,-0.30584688465534815,9.803548994974875,0.22491363065326633,0.3870917085427136,0.007969535175879398,0.3800251256281407
Bollinger Bands,i059,SOLUSDT,False,27697,13447,14250,0.3529624147019533,-130.9985228183634,2769.7162899645614,32.69066023627343,0.5019800000000013,-2932.903493019199,0.4618919177160995,2932.9034930192165,-0.10589246102535288,-0.0047297007913623635,0.2575179033120932,-0.30413473108633565,9.790229988807452,0.217857529696357,0.38054662959887353,0.017366501787197168,0.3842293389175723
Bollinger Bands,i059,SOLUSDT,True,11999,5672,6327,0.35561296774731227,-44.71181432827444,1199.9338368706458,14.148512347806689,-0.6485190000000005,-1259.442682546727,0.4796429006870414,1259.4426825467235,-0.1049623037375387,-0.003726295051943866,0.27206476572734795,-0.3130293634124833,9.343778648220685,0.23993666138844905,0.4087007250604217,0.0001666805567130594,0.3511959329944162
BB %B,i060,SOLUSDT,False,46603,22636,23967,0.2233332618071798,-45.9830714566029,4660.3036870079395,55.10203639573581,0.454626000000005,-4760.934168860278,0.37492420707564267,4760.934168860256,-0.10215939250392203,-0.0009866976687467094,0.2743694129333627,-0.21043157946320534,5.3410724631461495,0.14840246336072785,0.0727635559942493,0.6816943115250091,0.09713966912001373
BB %B,i060,SOLUSDT,True,19453,9494,9959,0.3681694340204596,79.15083177514377,1945.2661959433083,22.917925156924905,-1.3588599999999982,-1890.3921493250896,0.4904075616789429,1890.3937495474672,-0.09717740961934351,0.0040688239230526795,0.2540105596541202,-0.3018156193611503,10.0936102400658,0.2194520125430525,0.3738240888294865,0.00791651673263764,0.3988073818948234
Standard Error Bands,i061,SOLUSDT,False,35444,17435,18009,0.33486626791558516,-242.19080420485417,3544.4215923149472,41.79246204637027,0.4326489999999999,-3827.972209566172,0.4485789094364119,3827.9722095661796,-0.10800057018299773,-0.006833055078570539,0.26236755268886186,-0.2944650134646988,8.86307978783433,0.2123631644283941,0.32217018395214986,0.2283320167024038,0.23713463491705225
Standard Error Bands,i061,SOLUSDT,True,16655,8016,8639,0.3562293605523867,-84.66436329501136,1665.5553193953806,19.615977253222834,-0.8202040000000006,-1770.655863943615,0.4648389607291569,1770.6893098627147,-0.10631377147665055,-0.005083420191834965,0.25922557517424877,-0.3085843314169402,9.712758931251877,0.2214950465325728,0.39825878114680274,0.0025217652356649654,0.37772440708495947
Envelopes,i062,SOLUSDT,False,2,0,2,0.0,-0.5999999999999783,0.2003,0.0024463994156569565,0.0,-0.8027463994156353,0.0,0.8027463994156353,-0.40137319970781765,-0.29999999999998916,0.0,-0.40137319970781765,1.0,0.0,1.0,0.0,0.0
Envelopes,i062,SOLUSDT,True,2,0,2,0.0,-0.5999999999999783,0.2003,0.0024463994156569565,0.0,-0.8027463994156353,0.0,0.8027463994156353,-0.40137319970781765,-0.29999999999998916,0.0,-0.40137319970781765,1.0,0.0,1.0,0.0,0.0
Net Volume,i074,SOLUSDT,False,45478,23090,22388,0.23908263336118563,-89.04195461319301,4547.797488280179,53.66848006117066,0.2657930000000028,-4690.242129954542,0.35352507961036733,4690.260631144689,-0.10313211068988395,-0.0019579127185274862,0.23589265733985704,-0.20965476067651517,5.480891859800343,0.13017283081929723,0.14668630986411013,0.60486389023264,0.11827696908395267
Net Volume,i074,SOLUSDT,True,19029,9195,9834,0.36917336696620945,111.73657910490573,1902.876089062697,22.406657446419754,-1.2736060000000005,-1814.8197734042114,0.4971786485436144,1814.8382745943184,-0.09537126351380584,0.005871910195223382,0.2554382512990865,-0.3006725665428435,10.033790530243312,0.22276525303484157,0.37232644910399915,0.007567397130695255,0.397340900730464
OBV,i075,SOLUSDT,False,47360,24105,23255,0.20225929054054054,-103.15154019951858,4736.003484926212,55.82044600985105,0.25419400000000647,-4894.721277135582,0.33050214528740707,4894.99210741364,-0.10335137831789656,-0.0021780308319155105,0.25225099408963764,-0.19351085332628096,4.518771114864865,0.12244510135135135,0.08251689189189189,0.713893581081081,0.08114442567567567
OBV,i075,SOLUSDT,True,18975,9141,9834,0.3669038208168643,58.504655558057706,1897.487767250924,22.304117003397174,-1.4112399999999976,-1862.6984686962637,0.48850972792230907,1862.9692989742775,-0.09816592720401915,0.0030832493047724743,0.2555314601891153,-0.303147298304577,9.949565217391305,0.22144927536231884,0.3798155467720685,0.0074835309617918315,0.3912516469038208
Accumulation/Distribution,i076,SOLUSDT,False,46958,23255,23703,0.21553302951573747,30.848589587292853,4695.786117568136,55.56544714339662,0.19301699999999966,-4720.3099581242395,0.34932945282794137,4720.309958124247,-0.10052195489851017,0.0006569400227286693,0.2503924026638737,-0.19693600090901284,4.6865496826951745,0.12990331785851186,0.08818518676263895,0.6988585544529153,0.08305294092593381
Accumulation/Distribution,i076,SOLUSDT,True,19689,9595,10094,0.37046066331454114,118.94058149172109,1968.8822807018905,23.245330000638734,-1.8146580000000023,-1875.0016872108083,0.5025131912830437,1875.0016872108172,-0.09523092524814913,0.006040966097400634,0.25965805586123547,-0.3040699916629818,9.853725430443395,0.22926507186754025,0.38046625019046165,0.00919295037838387,0.3810757275636142
MFI,i077,SOLUSDT,False,39264,19783,19481,0.25835370823145887,-56.013265099259534,3926.388220433364,46.39000413065684,0.06280400000000175,-4028.7286856632804,0.37870921888497644,4028.7286856632763,-0.10260617068213326,-0.0014265807125932032,0.2420860409483166,-0.22268027077757568,6.297957416462918,0.14463630806845965,0.17468928280358598,0.5222595762021189,0.15841483292583536
MFI,i077,SOLUSDT,True,16907,8272,8635,0.36860471993848704,82.31308556461408,1690.6904015128034,19.937482720351195,-1.2150690000000002,-1629.5298676685406,0.49275960693533566,1629.5298676685345,-0.09638196413725324,0.0048685802072877555,0.2540131207106136,-0.3009404811182281,10.123144259774058,0.21902170698527237,0.3710888980895487,0.005618974389306204,0.4042704205358727
Chaikin Money Flow,i078,SOLUSDT,False,38948,19502,19446,0.24227174694464415,-0.17303960858398026,3894.7723243638948,46.173456843382525,0.4042250000000016,-3940.7145958158617,0.3589477933041731,3941.040918228809,-0.1011788691541507,-4.442836823045606e-06,0.23384330396025044,-0.20829696435296774,5.494043339837733,0.130173564753004,0.14717058642292288,0.5854215877580363,0.13723426106603676
Chaikin Money Flow,i078,SOLUSDT,True,16334,7964,8370,0.37180115097342964,94.31458880103872,1633.3810533808962,19.31146535948938,-1.5115500000000028,-1559.8894799393468,0.4999620852995498,1560.3042669379647,-0.09549953960691482,0.005774126901006411,0.2568175410682615,-0.30401933601470604,9.951695849149015,0.22572548059262887,0.37718868617607443,0.0071017509489408595,0.3899840822823558
Chaikin Oscillator,i079,SOLUSDT,False,42247,20889,21358,0.2576514308708311,7.224029213972393,4224.672376602837,49.98969072785894,0.6958699999999978,-4266.742168116723,0.3932354857616329,4266.920053891969,-0.10099515156382047,0.0001709950816382795,0.2540390586164651,-0.22421903326181192,5.969986034511326,0.15764432977489526,0.1413828200818993,0.5980542997135891,0.1029185504296163
Chaikin Oscillator,i079,SOLUSDT,True,19788,9770,10018,0.36784920153628464,94.13195116338248,1978.7790970561546,23.355270482091512,-1.4783120000000052,-1909.4807283748637,0.4939432358886549,1909.6586141501366,-0.09649690359687,0.004757021991276656,0.2560479886111452,-0.3016431399372763,10.044572468162523,0.22316555488174653,0.3755306246209824,0.008388922579341014,0.39291489791793005
Ease of Movement,i080,SOLUSDT,False,44600,21166,23434,0.2452914798206278,-75.4751110148877,4459.942803489888,52.69365299812115,0.2722610000000031,-4587.839306502898,0.37327396405659574,4587.839306502883,-0.1028663521637421,-0.001692267063114074,0.24977032438962113,-0.21747851025922024,5.888408071748879,0.14522421524663678,0.14233183856502243,0.5990358744394619,0.11340807174887893
Ease of Movement,i080,SOLUSDT,True,19528,9524,10004,0.3650143383859074,70.8350447356374,1952.749665107174,23.012323551044176,-1.8539849999999998,-1906.7809289225806,0.4864029722342218,1906.798460306676,-0.09764343142782572,0.0036273578828163355,0.2533417854088787,-0.2994033205900862,10.1543936911102,0.2173801720606309,0.3707496927488734,0.0077324866857845145,0.4041376485047112
Elder Force Index,i081,SOLUSDT,False,43717,22267,21450,0.22142415993778164,-122.91723302880469,4371.709150267483,51.452265495704566,0.3191220000000072,-4545.759526791992,0.3619107219927512,4546.237830336625,-0.10398150666312857,-0.002811657548066077,0.2663490198199121,-0.20930217230216355,5.343436191870439,0.1438799551661825,0.09332753848617242,0.6710204268362422,0.09177207951140288
Elder Force Index,i081,SOLUSDT,True,18912,9167,9745,0.3686548223350254,77.65405158613858,1891.166332605735,22.18183337029145,-1.433298999999997,-1837.1274133898878,0.4908695323940453,1837.605716934468,-0.09714083192628425,0.004106072947659612,0.2540498185628378,-0.30220793537772134,10.039710236886632,0.22118231810490693,0.37531725888324874,0.007614213197969543,0.3958862098138748
Price & Volume Trend,i082,SOLUSDT,False,34026,17452,16574,0.23905248927290895,-63.50756340360524,3402.6170694447587,40.01574983896808,0.3384730000000049,-3505.801909687332,0.38007874357353255,3505.8019096873295,-0.10303303090834458,-0.001866442232516465,0.26425320226681304,-0.2184164010862656,5.82131311350144,0.15220713571974373,0.10759419267618879,0.6072121318991359,0.13298653970493152
Price & Volume Trend,i082,SOLUSDT,True,14716,7138,7578,0.3646371296547975,50.54456590653308,1471.585719205801,17.23098364475415,-1.2082709999999994,-1439.480407944022,0.48774156260982654,1439.4804079440178,-0.09781736939005314,0.0034346674304520986,0.25542049068962885,-0.3005418995705423,10.128023919543354,0.2198967110627888,0.37224789344930687,0.005776026094047295,0.402079369393857
VWAP,i086,SOLUSDT,False,10391,5101,5290,0.2394379751708209,66.31438441895817,1039.100946165821,12.220444192949616,-0.0649909999999994,-985.0719969398124,0.4136424072809372,985.0719969398114,-0.09480050013856342,0.00638190592040787,0.2793058944412128,-0.21257561208522713,5.084496198633433,0.16793378885574053,0.07862573380810317,0.6426715426811664,0.1107689346549899
VWAP,i086,SOLUSDT,True,4413,2170,2243,0.35916610015862227,-1.9261041136092172,441.2903107791015,5.174444517933649,-0.20297399999999857,-448.5938334106445,0.4821513485155118,448.59383341064347,-0.10165280612069896,-0.00043646138989558513,0.2635145311738459,-0.3063169608632214,9.674597779288465,0.2256968048946295,0.3859052798549739,0.017675050985723997,0.37072286426467255
VWMA,i087,SOLUSDT,False,49569,23889,25680,0.22465653936936392,-35.87068572861416,4956.897616128138,58.64637628911778,0.12319400000000316,-5051.2914841458705,0.37826063050620795,5051.291484145854,-0.10190424426851198,-0.0007236515912891961,0.2759662559840659,-0.21139259778795383,5.275999112348444,0.15110250358086708,0.07508725211321592,0.6797393532247977,0.09407089108111925
VWMA,i087,SOLUSDT,True,20731,10149,10582,0.37050793497660506,110.34929781577469,2073.045667861516,24.435948334514077,-1.3948340000000004,-1988.5271523802555,0.49754127061708203,1988.5684966243286,-0.09592046463654698,0.00532291244106771,0.25635540319872474,-0.30326383175093174,10.008296753653948,0.22430177029569245,0.3766822632772177,0.008393227533645265,0.3906227388934446
Pivot Points Standard,i088,SOLUSDT,False,3967,2046,1921,0.23997983362742625,-2.016455041651166,396.6946768548216,4.730901946796495,0.0010039999999990681,-403.44102984326923,0.4038503968448543,404.43026799124834,-0.10169927649187527,-0.0005083072956015039,0.2870835911116285,-0.22445923999387715,4.9886564154272754,0.17469120241996472,0.09629442903957651,0.6130577262414924,0.11595664229896648
Pivot Points Standard,i088,SOLUSDT,True,1205,530,675,0.3883817427385892,18.17942291978406,120.50028927712755,1.426012838148617,-0.15108800000000042,-103.89796719549211,0.5491729546756668,105.22766967951537,-0.08622237941534615,0.015086658024717065,0.2704334302945861,-0.31270123822708057,9.23402489626556,0.25477178423236513,0.3825726141078838,0.022406639004149378,0.34024896265560167
Balance of Power,i089,SOLUSDT,False,48113,23399,24714,0.22208135015484382,-64.39176174656549,4811.273994859544,57.00412956738732,-0.14960399999999605,-4932.819490173496,0.35043114407383513,4932.819490173529,-0.10252571010274762,-0.001338344350727776,0.24905668268361122,-0.2028959641083649,5.170411323342964,0.13173154864589612,0.10849458566291854,0.6563922432606571,0.10338162243052813
Balance of Power,i089,SOLUSDT,True,19693,9530,10163,0.369014370588534,95.35474036238668,1969.267278825046,23.275494253890454,-1.594385999999999,-1898.7824187165504,0.49306869337305465,1898.7840189389224,-0.09641915496453311,0.004842062680261346,0.25414312005815465,-0.30143573733938195,10.07535672574011,0.22048443609404356,0.3727212715177982,0.007718478647235058,0.39907581374092316
Accumulative Swing Index,i090,SOLUSDT,False,38212,24816,13396,0.2374123312048571,-48.506635729097134,3821.202462663119,45.104233710949785,-0.2715700000000003,-3915.0849021031663,0.3816786829442101,3915.084902103189,-0.10245694813417687,-0.001269408450986526,0.26639239880234544,-0.21728883816190947,5.776326808332461,0.15338113681566,0.09777033392651523,0.6378886213754842,0.11095990788234063
Accumulative Swing Index,i090,SOLUSDT,True,17115,8239,8876,0.3643003213555361,45.53181552663869,1711.4817344318312,20.153184715968013,-1.6646279999999987,-1687.7677316211602,0.4819968510969268,1687.7677316211616,-0.09861336439504295,0.002660345634042576,0.25187671626587854,-0.29946866337673833,10.254572012854222,0.21343850423605024,0.37055214723926383,0.006018112766579024,0.4099912357581069
Up/Down,i091,SOLUSDT,False,36408,19326,17082,0.2720830586684245,25.162983813009753,3640.7939326521428,42.99582038641936,0.007668000000001125,-3658.6191012255526,0.387831602561084,3658.6191012255563,-0.10048942818132148,0.000691138865441929,0.23398669477515885,-0.2255109538777555,6.409195781147001,0.1457372006152494,0.19223796967699408,0.5011810591078883,0.16084377059986815
Up/Down,i091,SOLUSDT,True,16082,7862,8220,0.3644447208058699,47.540301874088044,1608.1955395179048,18.944973626765474,-1.0702750000000008,-1580.6704862705824,0.48476002433777754,1580.670486270584,-0.09828817847721566,0.0029561187584932246,0.2537387935231758,-0.30015003963505676,10.085126228081084,0.21813207312523317,0.37091157816192016,0.0064046760353189906,0.4045516726775277
Average Price,i099,SOLUSDT,False,37920,18362,19558,0.26751054852320677,-93.71496158206418,3791.9804185006,44.75372546893841,0.27159200000000455,-3930.1775135516023,0.4064952211120539,3930.177513551618,-0.10364392177087559,-0.002471386117670469,0.26535920047896366,-0.23840658277686524,6.653217299578059,0.1689873417721519,0.13523206751054853,0.5470727848101266,0.148707805907173
Average Price,i099,SOLUSDT,True,17055,8338,8717,0.36564057461155086,53.15885422206047,1705.469042912953,20.08092763483092,-1.1124699999999974,-1673.5035863257237,0.4842721381285606,1673.5035863257237,-0.0981239276649501,0.003116907312932306,0.2519935528214927,-0.29992932634444514,10.222867194371153,0.21635883905013192,0.36956904133685137,0.006097918498973908,0.4079742011140428
Typical Price,i100,SOLUSDT,False,39622,19213,20409,0.2579879864721619,-69.38492901565662,3962.180563489831,46.7857297718148,0.25713300000000505,-4078.0940892773024,0.4024274668175009,4078.0940892773224,-0.10292499341974919,-0.001751171798890935,0.26866949094855463,-0.23212359271270167,6.31888849628994,0.16564030084296602,0.11362374438443289,0.5859875826561002,0.13474837211650093
Typical Price,i100,SOLUSDT,True,17643,8623,9020,0.3679079521623307,72.05270284294983,1764.2577792936606,20.791957374138715,-1.1422039999999987,-1714.139237824849,0.48946752981523245,1714.1392378248493,-0.09715690289774126,0.004083925797367218,0.2531832704354603,-0.3010717222221505,10.167658561469137,0.21827353624667006,0.37142209374822877,0.006518165844810973,0.4037862041602902
Median Price,i101,SOLUSDT,False,40171,19508,20663,0.25396430260635783,-94.70038643047445,4017.0913616055586,47.42057615029408,0.21602900000000608,-4158.996295186327,0.3948459194309676,4158.996295186336,-0.10353230676822402,-0.0023574316404987293,0.265989750644152,-0.229324426282424,6.310323367603495,0.16148465310796345,0.12927236065818626,0.5740708471285255,0.13517213910532475
Median Price,i101,SOLUSDT,True,17627,8624,9003,0.3643274522040052,40.47825195770314,1762.6672129489054,20.76819094461328,-1.242028999999998,-1744.1991809358158,0.4816189048670963,1744.1991809358153,-0.09895042723865749,0.00229637782706661,0.2523365424352848,-0.30028598451184424,10.174561751857945,0.216429341351336,0.3727236625631134,0.00641062007148125,0.40443637601406934
SMA,i001,XRPUSDT,False,68464,33513,34951,0.20061638233232063,58.33539192837339,6846.360100784394,747.6275053472657,0.2759970000000095,-7535.376217203286,0.31912157292363835,7535.376217203148,-0.11006333572685333,0.0008520593586172791,0.2571359895201583,-0.2022170884405463,4.239337462023838,0.13478616499182053,0.08616207057723767,0.756572797382566,0.02247896704837579
SMA,i001,XRPUSDT,True,28091,14372,13719,0.34818981168345736,95.24023234382818,2808.9985763290824,306.55006955007224,-1.2844650000000257,-3021.592878535327,0.44942818338033447,3021.5928785353494,-0.10756444692375947,0.0033904180108870518,0.25217325034076465,-0.299732356096032,9.761845430920935,0.21579865437328682,0.36296322665622444,0.011427147484959595,0.4098109714855292
EMA,i002,XRPUSDT,False,72519,35318,37201,0.17913926005598532,2.9100756533574024,7251.865149284609,790.9039139688952,0.24364999999999998,-8039.615337600147,0.2965647325518538,8039.615337600092,-0.11086219249576176,4.012845810556409e-05,0.26090839455166026,-0.19199496524695547,3.8382079179249575,0.12322287952122891,0.07233966270908314,0.7799473241495333,0.024490133620154717
EMA,i002,XRPUSDT,True,28164,14392,13772,0.34554750745632723,61.195463724615074,2816.3037336206353,308.13512120466464,-1.255608000000023,-3064.4989991006846,0.44577652720235683,3064.4989991006896,-0.10880908248475658,0.002172825725202921,0.25327344917772354,-0.299986773356027,9.70916773185627,0.21612697060076694,0.3652180088055674,0.011468541400369266,0.4071864791932964
DEMA,i003,XRPUSDT,False,98924,48304,50620,0.1906008653107436,59.36537229239997,9892.294340794173,1081.066873125919,0.4263430000000082,-10913.569498627692,0.28150956337375,10913.587816399975,-0.11032276796963014,0.0006001109163842947,0.22678401665235468,-0.18970615509882524,3.2374853422829646,0.1073045974687639,0.07858558084994541,0.8114815413853059,0.0026282802959847963
DEMA,i003,XRPUSDT,True,36485,18534,17951,0.3504727970398794,115.1434010221335,3648.407108253744,397.0822490100803,-1.8672760000000257,-3932.2132322416905,0.45657199633282425,3932.231550014101,-0.1077761609494776,0.003155910676226764,0.25836617237238413,-0.3053397534968084,9.33986569823215,0.227216664382623,0.37475674934904757,0.013786487597642868,0.3842400986706866
TEMA,i004,XRPUSDT,False,112299,58010,54289,0.1951130464207161,224.29487845074524,11229.844960414674,1226.298572568812,0.26978200000001,-12231.578872532742,0.2678335990722022,12231.729243976359,-0.10891974881817952,0.0019973007635931328,0.20420933133823652,-0.18482552475422448,2.852055672802073,0.09173723719712554,0.08149671858164365,0.8264365666657761,0.0003294775554546345
TEMA,i004,XRPUSDT,True,39947,20326,19621,0.3499386687360753,105.49850125848685,3994.644456835634,434.761704370183,-2.18727000000003,-4326.094929947331,0.45809218179191524,4326.245301390868,-0.10829586527016624,0.002640961805854929,0.26160582106480906,-0.3074200054918475,9.184995118532054,0.23103111622900344,0.38203119132851027,0.01466943700403034,0.37226825543845593
Hull MA,i005,XRPUSDT,False,119657,60129,59528,0.19777363631045405,117.421701497703,11965.624327830239,1305.4744279548515,0.049914000000006536,-13153.627140287386,0.2563704754342226,13153.627140287377,-0.10992776971081832,0.000981319116288249,0.19162422108860788,-0.18426967176795248,2.683929899629775,0.08333820837894983,0.0850765103587755,0.831568566820161,1.671444211370835e-05
Hull MA,i005,XRPUSDT,True,41784,21185,20599,0.34929638139000574,111.55180394015136,4178.356768102643,454.43081552408364,-2.11322800000003,-4523.349007686575,0.45933998228056466,4523.349007686621,-0.10825552861589544,0.0026697253479837104,0.2633091757256804,-0.30771070754359786,9.113679877465058,0.23334290637564617,0.3836157380815623,0.015029676431169826,0.3680116791116217
Hamming MA,i006,XRPUSDT,False,66381,32125,34256,0.20999984935448396,55.76325388950141,6638.059677407505,723.7157917606171,0.35343700000000955,-7305.658778278621,0.3270330013555308,7305.658778278583,-0.11005647366382881,0.0008400484158042423,0.2546797546407786,-0.20701158555273685,4.416625239149757,0.13975384522679682,0.0963980657115741,0.742757716816559,0.021090372245070127
Hamming MA,i006,XRPUSDT,True,28038,14352,13686,0.34799201084242815,122.73849967538509,2803.6820566574825,305.3965352386434,-1.3043500000000259,-2987.6444422207414,0.4526216260018712,2987.644442220751,-0.10655697418577435,0.00437757684839807,0.25319800029504,-0.2985666720146298,9.795955488979242,0.21720522148512733,0.3605464013125045,0.011056423425351309,0.4111919537770169
Arnaud Legoux MA,i007,XRPUSDT,False,108125,53272,54853,0.1767121387283237,47.971304387142496,10812.390968052412,1181.5573712733542,0.46026700000000775,-11945.516767938623,0.25849783576567875,11945.516767938732,-0.11047876779596415,0.000443665242886867,0.21795002695998433,-0.18097337541916292,2.856286705202312,0.09610173410404624,0.06855953757225433,0.8345526011560693,0.0007861271676300578
Arnaud Legoux MA,i007,XRPUSDT,True,37637,19162,18475,0.34798203895103225,86.56428382247839,3763.5946341048916,410.30398368108115,-1.7602950000000277,-4089.094628963494,0.4535787011708838,4089.0946289634903,-0.10864560482938315,0.002299978314490485,0.25916739729080523,-0.3049474340375375,9.318277227196642,0.22610728804102345,0.3763849403512501,0.014878975476260064,0.3826287961314664
Least Squares MA,i008,XRPUSDT,False,65401,33018,32383,0.22479778596657543,15.550643757392269,6540.029783932808,712.0179112074045,0.3824880000000062,-7236.11456338282,0.33880677010829313,7236.11456338277,-0.11064226179084143,0.00023777379179817235,0.25220442230098605,-0.21586271879232166,4.880384091986361,0.14435559089310562,0.11244476384153147,0.6911973823030229,0.05200226296234003
Least Squares MA,i008,XRPUSDT,True,27525,13948,13577,0.35109900090826524,140.76269673075174,2752.406453988082,300.1733672350502,-1.1642950000000176,-2912.98141949238,0.45600543242107133,2912.9814194923947,-0.10583038762915097,0.005113994431634941,0.25267149320286203,-0.2998039712112893,9.757602179836512,0.21936421435059036,0.36079927338782924,0.009336966394187103,0.4104995458673933
Smoothed MA,i009,XRPUSDT,False,61832,30204,31628,0.18323845258118773,1.83114704010382,6183.1898758356965,673.3894495816953,-0.18817199999999504,-6854.936350377288,0.30933471623771186,6854.936350377291,-0.11086389491488692,2.9614876441063203e-05,0.27097832443460906,-0.19652926153858083,4.22027429162893,0.12983568378832966,0.07515525941260189,0.7515202484150602,0.04348880838400828
Smoothed MA,i009,XRPUSDT,True,24579,12551,12028,0.3437894137271655,21.10706123904188,2457.8295703376807,268.07333683414305,-1.1012190000000193,-2705.897064932782,0.4386088368962292,2705.8970649327707,-0.11008979474074543,0.0008587436933578208,0.25018793809812806,-0.2988396764747947,9.85666625981529,0.21058627283453354,0.3608771715692258,0.009886488465763456,0.41865006713047725
Adaptive MA,i010,XRPUSDT,False,56601,27589,29012,0.20045582233529444,-156.1831459525263,5660.081598637096,613.7145703363256,0.0766810000000045,-6429.902633925947,0.3172177187750143,6429.90263392591,-0.11360051295782665,-0.0027593707876632273,0.26329148421884563,-0.2080920962075565,4.528594901150156,0.13591632656666844,0.08960972420981961,0.7192099079521563,0.05526404127135563
Adaptive MA,i010,XRPUSDT,True,23691,12154,11537,0.3390316998016124,-51.81516123561437,2369.020150024678,257.44902448677965,-1.1169230000000199,-2679.4012587470716,0.42815119620544617,2679.4012587470643,-0.1130978539845119,-0.002187124276544442,0.24976409256758336,-0.2992213072514146,9.828795745219704,0.2071672787134355,0.3656662867755688,0.009834958423029843,0.4173314760879659
Multi-Timeframe MA,i011,XRPUSDT,False,12242,6023,6219,0.2142623754288515,-32.574624284052355,1224.2123096455039,131.36883277861105,0.030740999999999366,-1388.1250257081674,0.3266136339196112,1388.1250257081667,-0.11339037948931283,-0.002660890727336412,0.25668487797859973,-0.21430600484936427,5.339323639928116,0.13755922234928933,0.08364646299624244,0.6333115504002614,0.14548276425420684
Multi-Timeframe MA,i011,XRPUSDT,True,5022,2567,2455,0.33512544802867383,15.04523894223767,502.2060275353292,54.09243620342241,-0.15190200000000348,-541.405126796514,0.4241627315241699,541.4051267965133,-0.10780667598496894,0.002995865978143702,0.2369577874000516,-0.2815828340793054,10.567901234567902,0.18737554759060135,0.3255675029868578,0.01015531660692951,0.4769016328156113
WMA,i012,XRPUSDT,False,82194,40388,41806,0.18677762367082756,12.357643451337841,8219.347300463107,898.1996592634952,0.24179800000001156,-9104.947518275265,0.2916091444248574,9104.947518275165,-0.11077387057784344,0.00015034726928167313,0.24414097656270403,-0.1922892760609482,3.612416964741952,0.11886512397498601,0.07594228289169526,0.796955982188481,0.008236610944837823
WMA,i012,XRPUSDT,True,31611,16162,15449,0.34813830628578657,92.15693707455802,3160.979517296345,345.6232104203365,-1.485617000000023,-3415.9314076421238,0.45067600225588655,3415.931407642137,-0.10806147884097698,0.002915343933268736,0.25465661135847284,-0.30177751216355025,9.604916010249596,0.22017652083135617,0.3675619246464838,0.012242573787605581,0.40001898073455444
McGinley Dynamic,i013,XRPUSDT,False,44705,21893,22812,0.1995526227491332,20.76724232503915,4470.498358690885,484.72582308082804,-0.05574399999999499,-4934.512683446674,0.3273009497137525,4934.512683446681,-0.11037943593438483,0.00046453958897302647,0.2691269447799636,-0.20499089419373823,4.764478246281176,0.13521977407448832,0.07562912425903143,0.7032770383625992,0.085874063303881
McGinley Dynamic,i013,XRPUSDT,True,18235,9427,8808,0.344886207842062,42.72774078191117,1823.4249896416788,198.9436303346561,-0.7321950000000158,-1980.3730741944237,0.4395758389136035,1980.373074194419,-0.1086028557276898,0.002343171965007468,0.24699171255287805,-0.29580645860032434,10.080833561831643,0.2054839594187003,0.3526185906224294,0.007238826432684398,0.4346586235261859
Guppy MMA,i014,XRPUSDT,False,21244,10776,10468,0.3345885897194502,-43.535639492937946,2124.3151174695063,227.7910683491811,0.05494600000000018,-2395.5868793116256,0.41547664042548255,2395.5868793116365,-0.1127653398282633,-0.0020493146061446974,0.2395572098232707,-0.2899235658414992,10.049190359630954,0.19106571267181321,0.322255695725852,0.07347957070231595,0.4131990209000188
Guppy MMA,i014,XRPUSDT,True,9363,4862,4501,0.34134358645733204,10.494728262034059,936.2421277991791,102.10979059901244,-0.5463770000000102,-1028.4035671361576,0.43282844188975395,1028.403567136156,-0.10983697181845109,0.0011208723979530127,0.24556029745900573,-0.2940188548427339,10.284951404464381,0.20303321584962084,0.34903342945637084,0.0007476236249065471,0.4471857310691018
MA Cross,i015,XRPUSDT,False,27444,13582,13862,0.3194140795802361,-1.2049467065155084,2744.3458468047675,294.3693513666184,0.08329400000000367,-3039.8368508779013,0.4080712724512808,3039.83685087793,-0.11076507983085197,-4.3905651745937486e-05,0.23906467811192672,-0.2749479504875817,9.056660836612739,0.18084098527911383,0.28567264247194285,0.23389447602390323,0.29959189622504007
MA Cross,i015,XRPUSDT,True,12260,6292,5968,0.33384991843393147,-2.4869125911816004,1225.9699693000482,133.99220376221302,-0.5396120000000113,-1362.9886976534428,0.4187789805878649,1362.988697653451,-0.11117362949864949,-0.00020284768280437197,0.23993525915486932,-0.2871364899442051,10.558972267536705,0.19070146818923328,0.3363784665579119,0.0030179445350734095,0.4699021207177814
EMA Cross,i016,XRPUSDT,False,23102,11519,11583,0.3198857241797247,33.07876004646023,2310.180457939809,248.82853972707017,-0.006786999999996665,-2525.9370246204194,0.4149952167813702,2525.937024620414,-0.1093384566107012,0.001431856984090565,0.2424720891499268,-0.2748094299540719,8.638819149857156,0.18487576833174618,0.23062938273742534,0.282226647043546,0.3022682018872825
EMA Cross,i016,XRPUSDT,True,9964,5120,4844,0.33892011240465675,29.300381152072507,996.3560282412124,108.40754257080532,-0.5174440000000093,-1075.9806336599452,0.43197951513618965,1075.9806336599424,-0.1079868159032462,0.00294062436291374,0.24231067557537006,-0.2875761021827797,10.527900441589724,0.19550381372942593,0.3374146928944199,0.0022079486150140505,0.4648735447611401
MA-EMA Cross,i017,XRPUSDT,False,51987,25756,26231,0.27152942081674264,49.37530198778436,5198.6488087835805,563.2553091589198,0.018666000000004637,-5712.510149954717,0.37285459544673816,5712.510149954671,-0.10988343528102636,0.0009497624788463339,0.2405949962485564,-0.24052042768871537,6.0031546348125495,0.16138650047127168,0.19545270933117895,0.6039779175563121,0.03918287264123723
MA-EMA Cross,i017,XRPUSDT,True,26088,13234,12854,0.34667279975467646,89.89501351666127,2608.729648537311,283.4038643847284,-1.3974540000000215,-2803.635953405378,0.4452937789451127,2803.635953405408,-0.10746841281069372,0.0034458376846312967,0.2488540185664768,-0.2965425778761203,10.00145660840233,0.2101732597362772,0.3561024225697639,0.0077430236123888375,0.4259812940815701
SuperTrend,i018,XRPUSDT,False,17323,8632,8691,0.3265023379322288,-90.34566512621488,1732.2807902518732,184.24781301151074,0.02316700000000397,-2006.8511013895989,0.3932426161902026,2006.8511013896014,-0.11584893502220163,-0.005215359067494942,0.22995944774333388,-0.28349204918367144,10.264099751775097,0.17410379264561565,0.3039889164694337,0.10540899382324077,0.4164982970617099
SuperTrend,i018,XRPUSDT,True,6985,3502,3483,0.3239799570508232,-16.84869658924233,698.4691740344751,75.22667925908799,-0.37168600000000585,-790.9162358828055,0.40043541406775346,790.9162358828077,-0.11323067084936371,-0.002412125495954521,0.23342235326653293,-0.2793627745287949,10.893056549749463,0.1772369362920544,0.3206871868289191,0.0014316392269148174,0.5006442376521116
Ichimoku Cloud,i019,XRPUSDT,False,21958,10983,10975,0.30872574915748247,-57.25279292209423,2195.776807419267,237.80544788145005,0.06565200000000956,-2490.7693962228113,0.4041963699468243,2490.769396222818,-0.11343334530571142,-0.002607377398765563,0.2492626173549934,-0.27541476245288304,8.44211676837599,0.18740322433737133,0.24314600601147646,0.2646415884871118,0.30480918116404043
Ichimoku Cloud,i019,XRPUSDT,True,9381,4848,4533,0.3383434601854813,-4.843131621715157,938.0707637696055,103.0611987042404,-0.5324550000000029,-1046.5075490955612,0.4272237747996841,1046.507549095561,-0.11155607601487702,-0.0005162702933285533,0.24592680810506598,-0.2943578601612761,10.17503464449419,0.2025370429591728,0.35241445474896066,0.0025583626479053407,0.4424901396439612
Parabolic SAR,i020,XRPUSDT,False,39475,19368,20107,0.2994553514882837,-45.4156550157644,3947.471630269388,421.34263412729894,-0.24714099999999703,-4414.477060412451,0.40639773552317116,4414.47706041241,-0.1118296912074085,-0.0011504915773467867,0.25567059219938754,-0.26892164355252085,7.67521215959468,0.19034832172260924,0.24220392653578213,0.41223559214692845,0.15521215959468018
Parabolic SAR,i020,XRPUSDT,True,19714,9965,9749,0.3429035203408745,43.1901355117661,1971.336638727741,212.37350132387016,-1.082618000000015,-2141.602622539845,0.43532050134957107,2141.6026225398514,-0.10863359148523105,0.0021908357264769254,0.2442301601676058,-0.29277431722038444,10.212945115146596,0.20188698386933143,0.34701227554022523,0.0064421223495992695,0.4446586182408441
Directional Movement,i021,XRPUSDT,False,35205,17560,17645,0.23309189035648345,-82.99332645862263,3520.5071853611807,379.41783311769444,-0.05071899999999727,-3982.9690639374976,0.345246523257799,3982.9690639374667,-0.11313645970565253,-0.0023574300939816113,0.25593337347031975,-0.22531050507926006,5.830080954409885,0.14833120295412583,0.1296406760403352,0.594120153387303,0.12790796761823606
Directional Movement,i021,XRPUSDT,True,15393,7961,7432,0.3416488014032352,12.237194458119571,1539.2455763214073,167.17181987943846,-0.7991360000000152,-1694.9793377427263,0.4303033788833016,1694.979337742715,-0.11011364501674309,0.0007949843732943268,0.2434402303293436,-0.2935890575335252,10.236666017020724,0.20061066718638343,0.3482751900214383,0.006041707269538101,0.44507243552264014
Vortex,i022,XRPUSDT,False,40882,20291,20591,0.2514554082481288,-73.10066549066649,4088.1861964846976,440.21571892703486,-0.01506499999999588,-4601.517645902399,0.3514684414284654,4601.517645902378,-0.11255607959254436,-0.0017880892688876885,0.242584583910645,-0.23185697563897228,6.332297832787046,0.14681277823981215,0.17633677413042415,0.5167800009784257,0.160070446651338
Vortex,i022,XRPUSDT,True,17479,8956,8523,0.3406945477430059,26.15046294550708,1747.8580741187948,191.65380460954563,-0.8629930000000214,-1914.224408782833,0.4358417298308252,1914.2244087828285,-0.10951567073533,0.0014961074973114641,0.24833557282891378,-0.29443446242441984,10.10452543051662,0.20578980490874765,0.3524801189999428,0.0062932662051604785,0.4354368098861491
Williams Alligator,i023,XRPUSDT,False,26409,13364,13045,0.31387027149835284,-67.88206903120577,2640.811828645209,282.867600093873,0.004418000000001431,-2991.5570797702876,0.3922515872999092,2991.557079770305,-0.11327793857284592,-0.0025704142160326315,0.23293568735300135,-0.2716534763928983,8.87000643719944,0.17134310273012987,0.30444166761331365,0.2155704494679844,0.30864478018857205
Williams Alligator,i023,XRPUSDT,True,12056,6199,5857,0.3364299933642999,-12.415710251950118,1205.575356785135,131.03808120771072,-0.6860650000000125,-1349.715213244796,0.42523145400340623,1349.7152132447993,-0.11195381662614431,-0.0010298366167841837,0.2461935012103916,-0.29353450676926807,10.301924353019244,0.20089581950895818,0.34878898473788983,0.0017418712674187127,0.4485733244857332
Williams Fractal,i024,XRPUSDT,False,39233,19485,19748,0.3279637040246731,-115.80787725581618,3923.3074582425443,409.27147903326,-0.3300449999999995,-4448.716859531622,0.42461660234712806,4448.716859531631,-0.11339221725413864,-0.002951797651360237,0.25515090277867847,-0.29324673919384353,8.775316697677976,0.20882930186322737,0.2992633752198404,0.2095939642647771,0.28231335865215507
Williams Fractal,i024,XRPUSDT,True,17673,8801,8872,0.3503083800147117,52.059479638419106,1767.3045141501489,184.95813631321192,-0.8623360000000108,-1901.065506824942,0.45309458397825286,1901.065506824947,-0.10756891907570544,0.0029457069902347707,0.254397550124635,-0.30273826333796877,9.673909353250721,0.2225994454818084,0.3686414304306003,0.0024330900243309003,0.40632603406326034
Aroon,i025,XRPUSDT,False,32135,15958,16177,0.3099735490897775,25.413270194750513,3213.487628493531,345.3773188912509,-0.0728619999999962,-3533.5245391900316,0.4076353359496027,3533.5245391900385,-0.1099587533589554,0.0007908283863311192,0.24411128201610646,-0.26901402630794935,8.29509880192936,0.18117317566516258,0.2625797417146414,0.33517971059592344,0.2210673720242726
Aroon,i025,XRPUSDT,True,15252,7782,7470,0.34198793600839233,57.22596255071009,1525.173674803776,167.1529317102036,-0.8039410000000154,-1635.9045849632696,0.4361391031314451,1635.9045849632703,-0.10725836513003342,0.0037520300649560774,0.2425903020653658,-0.28908485457714406,10.438434303697875,0.19794125360608444,0.33648046157880934,0.004130605822187254,0.46144767899291894
Trend Strength Index,i026,XRPUSDT,False,33275,16425,16850,0.3015176558978212,50.57421430491287,3327.463138465105,358.2543328281359,-0.05533900000000066,-3635.1985959883286,0.41000032561290134,3635.198595988341,-0.10924714037530664,0.0015198862300499735,0.25178494537053625,-0.2650958158889475,8.043846731780617,0.18530428249436515,0.24123215627347858,0.3885199098422239,0.18494365138993238
Trend Strength Index,i026,XRPUSDT,True,16027,8176,7851,0.3424221626006115,69.90737112939308,1602.6537596384053,175.07149264630058,-0.847828000000018,-1708.6657091553125,0.43942539947053555,1708.6657091553097,-0.10661169957916718,0.004361850073587888,0.2440589514879581,-0.2892173104584142,10.422412179447182,0.19985025269857115,0.33537156049167033,0.0050539714232233105,0.45972421538653524
Zig Zag,i027,XRPUSDT,False,32168,15972,16196,0.3627828898284009,-11.942648041082983,3216.758898607115,340.3900376900533,0.01978800000000502,-3569.0717963382513,0.4891064020051227,3569.071796338245,-0.11095100088094538,-0.0003712586434059619,0.2927907251077964,-0.3408107892646227,6.084493906988311,0.2896667495647849,0.43325665257398654,0.1068142253170853,0.17026237254414325
Zig Zag,i027,XRPUSDT,True,14016,7228,6788,0.3838470319634703,19.935781474365978,1401.5653855780083,149.57834195690822,-0.44499100000000813,-1531.6529370605504,0.5175457300701755,1531.6529370605447,-0.10927889105740228,0.0014223588380683487,0.3054011497934296,-0.36761360849342306,6.093821347031963,0.3258418949771689,0.5100599315068494,0.0006421232876712328,0.1634560502283105
Linear Regression Curve,i028,XRPUSDT,False,107485,52738,54747,0.2039354328510955,123.47991125464573,10748.424114848436,1172.4228447964183,0.5395210000000145,-11796.827527390209,0.2722501966971737,11796.827527390218,-0.10975324489361502,0.0011488106364110873,0.20133106256873873,-0.1894466711727571,2.977020049309206,0.09268269991161557,0.09173373028794715,0.8155742661766758,9.303623761455087e-06
Linear Regression Curve,i028,XRPUSDT,True,39472,19961,19511,0.3505269558167815,117.50189965320128,3947.1341785298177,429.4689725452667,-1.8050540000000281,-4260.906305421884,0.45817167201738446,4260.906305421884,-0.10794756550014907,0.002976841803131366,0.26041018011132283,-0.30675384449376447,9.24541447101743,0.23054316984191325,0.3789775030401297,0.014111268747466559,0.3763680583704905
Linear Regression Slope,i029,XRPUSDT,False,33275,16425,16850,0.3015176558978212,50.57421430491287,3327.463138465105,358.2543328281359,-0.05533900000000066,-3635.1985959883286,0.41000032561290134,3635.198595988341,-0.10924714037530664,0.0015198862300499735,0.25178494537053625,-0.2650958158889475,8.043846731780617,0.18530428249436515,0.24123215627347858,0.3885199098422239,0.18494365138993238
Linear Regression Slope,i029,XRPUSDT,True,16027,8176,7851,0.3424221626006115,69.90737112939308,1602.6537596384053,175.07149264630058,-0.847828000000018,-1708.6657091553125,0.43942539947053555,1708.6657091553097,-0.10661169957916718,0.004361850073587888,0.2440589514879581,-0.2892173104584142,10.422412179447182,0.19985025269857115,0.33537156049167033,0.0050539714232233105,0.45972421538653524
Keltner Channels,i030,XRPUSDT,False,21446,10436,11010,0.3256551338244894,-144.1995793553061,2144.6171394889843,227.15439863299528,0.03775399999999789,-2515.9333634772856,0.40796595613117886,2515.933363477291,-0.11731480758543718,-0.006723844976000471,0.24824021944173455,-0.29384891827260134,9.793854331810127,0.2011097640585657,0.3577357082905903,0.012822904038049053,0.4283316236127949
Keltner Channels,i030,XRPUSDT,True,9586,4538,5048,0.3407051950761527,-7.448392786086455,958.600417652314,101.91774829626881,-0.6349700000000069,-1068.6015287346695,0.4464274682063915,1068.601528734669,-0.11147522728298241,-0.0007770073843194718,0.2638614756045943,-0.30543878292077126,9.284581681619027,0.23075318172334655,0.37972042562069686,0.00020863759649488838,0.3893177550594617
Donchian Channels,i031,XRPUSDT,False,31714,15774,15940,0.3337957999621618,-156.03220857239737,3171.420938442018,335.701637968001,-0.03821699999999656,-3663.1930019824163,0.4209459197764035,3663.193001982404,-0.11550712625283523,-0.0049199788286686435,0.25155623686694223,-0.29942102070502963,9.551743709402787,0.20956044649050892,0.3590212524437157,0.03351831998486473,0.3978999810809106
Donchian Channels,i031,XRPUSDT,True,13648,6703,6945,0.344299531066823,-16.16276637350872,1364.8184390976085,146.19094717439617,-0.6836070000000093,-1527.8557596455134,0.44709405275558683,1527.855759645507,-0.11194722740661732,-0.001184258966405973,0.26292055613027454,-0.30878527800890304,9.202813599062134,0.2326348182883939,0.38599062133645956,0.0005861664712778429,0.3807883939038687
Price Channel,i032,XRPUSDT,False,43840,21291,22549,0.2341697080291971,9.231444403097633,4383.997331623652,475.4001587346127,0.13306100000000173,-4850.032984955167,0.35631730537582856,4850.03298495517,-0.11063031443784598,0.0002105712683188329,0.26152217193607635,-0.22442424501253733,5.54495894160584,0.15262317518248175,0.10670620437956205,0.6124543795620438,0.1282162408759124
Price Channel,i032,XRPUSDT,True,18155,9366,8789,0.3445331864500138,51.920116401895356,1815.453847263253,198.12903449993888,-0.7887840000000238,-1962.4515493612964,0.44201678047323467,1962.4515493612844,-0.1080942742694187,0.0028598246434533383,0.24853596763617117,-0.2955499182290376,10.052161938859818,0.20881299917378132,0.35147342329936654,0.006609749380335995,0.4331038281465161
MA Channel,i033,XRPUSDT,False,41275,20732,20543,0.3127801332525742,-0.34841140177425123,4127.456367503139,446.00940143655,-0.09659199999999608,-4573.910772341464,0.42067373015414977,4573.9107723414945,-0.11081552446617719,-8.441221121120562e-06,0.25726672386890154,-0.278343880750537,7.757577225923683,0.19978195033313143,0.2188976377952756,0.3676801938219261,0.21364021804966687
MA Channel,i033,XRPUSDT,True,18491,9425,9066,0.3478448975177113,53.24944511877009,1849.0428703353118,200.93729586526604,-0.9536060000000176,-1997.6843270818076,0.4453780239119372,1997.6843270818051,-0.10803549440710657,0.0028797493439386775,0.24940923872741017,-0.2986884941186259,9.991238981125953,0.21296847114812612,0.3556324698501974,0.004218268346763291,0.4271807906549132
Chande Kroll Stop,i034,XRPUSDT,False,46471,23230,23241,0.3290439198640012,-29.991516188299162,4647.032966262521,500.478613116246,-0.14239299999999172,-5177.645488567066,0.4328799227864257,5177.645488567083,-0.11141670049207174,-0.0006453813386477407,0.2584573242227778,-0.29280681312564344,8.376923242452282,0.2128639366486626,0.2845860859460739,0.24260291364506897,0.25994706376019455
Chande Kroll Stop,i034,XRPUSDT,True,20693,10481,10212,0.34842700430097134,54.118525831238664,2069.233700744693,225.08906249299974,-0.944158000000014,-2241.1483954064543,0.4550094149868795,2241.1483954064497,-0.10830466319076279,0.0026153059407161196,0.2595175500076044,-0.30499665734341624,9.505194993476055,0.22727492388730489,0.3740395302759387,0.0028995312424491375,0.39578601459430723
52-Week High/Low,i035,XRPUSDT,False,2604,1322,1282,0.3717357910906298,-4.385615878004112,260.4462403177904,27.383536864803894,-0.028606999999999806,-292.24400006059847,0.5030014440771857,292.8176846889198,-0.11222887867150479,-0.0016841842849478158,0.3055514516303988,-0.35942408633179984,6.10752688172043,0.31797235023041476,0.4965437788018433,0.0,0.18548387096774194
52-Week High/Low,i035,XRPUSDT,True,2437,1234,1203,0.3717685679113664,-1.5353477607876198,243.74314421646858,25.74808912841834,-0.038862000000000486,-271.0654431056746,0.5065219271626252,271.63912773399585,-0.11122915186937815,-0.0006300154947835945,0.30709754721270094,-0.3587823781060624,6.095199015182602,0.3200656544932294,0.4956914238818219,0.0,0.1842429216249487
Majority Rule,i036,XRPUSDT,False,39073,18938,20135,0.3006679804468559,-11.287263759245537,3907.294864277327,407.4154514518062,0.546032000000003,-4325.451547488379,0.40722116423019183,4325.451547488437,-0.11070180297106388,-0.0002888763022866311,0.252932807976052,-0.26704139709390806,7.758784838635375,0.18908197476518313,0.25485629462800397,0.3407724003787782,0.2152893302280347
Majority Rule,i036,XRPUSDT,True,18013,8762,9251,0.3455837450730028,21.53011570255715,1801.287085229886,189.07086189480745,-0.5365200000000168,-1969.3643514221365,0.444104682410746,1969.3643514221235,-0.10933016995626138,0.0011952542998144202,0.2527429514547237,-0.3005335276745666,9.905845778049187,0.2139565869094543,0.3642924554488425,0.0041081441181369015,0.4176428135235663
MACD,i038,XRPUSDT,False,36335,18367,17968,0.300316499243154,51.46034592668954,3633.4615901892284,391.9359817262459,-0.041214000000001354,-3973.978439988784,0.4082477605954764,3973.978439988763,-0.10937053639710427,0.0014162748294121244,0.25124940982769084,-0.26415497777715247,7.724590615109399,0.18494564469519748,0.20712811338929407,0.4029172973716802,0.20500894454382826
MACD,i038,XRPUSDT,True,17108,8655,8453,0.34504325461772273,80.31127659929852,1710.7730483367704,185.34859852389025,-1.0013430000000163,-1816.8117132613615,0.44365186830381526,1816.8117132613665,-0.10619661639357972,0.004694369686655279,0.24543292248547371,-0.291441522060965,10.271627308861351,0.2047580079494973,0.3423544540565817,0.004909983633387889,0.4479775543605331
RSI,i039,XRPUSDT,False,44711,21972,22739,0.19901142895484333,5.635815697335344,4471.10208088706,484.7126934617613,-0.06104299999999423,-4950.240001651487,0.3257896862555024,4950.240001651506,-0.11071637855676426,0.0001260498691001173,0.26882879999363296,-0.2050171352300794,4.758873655252622,0.1347095792981593,0.07550714589250968,0.7035405157567489,0.08624275905258214
RSI,i039,XRPUSDT,True,18236,9434,8802,0.3463478833077429,56.226916566739064,1823.5302610850517,198.76556610285044,-0.7271440000000169,-1966.7960546211632,0.4425311901498747,1966.7960546211584,-0.1078523829031127,0.0030832922004134164,0.2471954763892494,-0.29598009089728716,10.079896907216495,0.20673393288001754,0.35188637859179644,0.007293266067119983,0.43408642246106605
Stochastic,i040,XRPUSDT,False,138158,66476,71682,0.17844786403972263,167.62039526227534,13815.761351396886,1505.534443869724,0.07143200000001554,-15153.603968004332,0.237566023615301,15153.603968004203,-0.10968314515268267,0.0012132514603734516,0.19151845444205573,-0.17510660367756886,2.331685461572982,0.07607956108223918,0.06853747159049783,0.8553540149683696,2.895235889344084e-05
Stochastic,i040,XRPUSDT,True,44279,22547,21732,0.35095643533051785,129.07056719380137,4427.813331490356,481.8024291469258,-2.288163000000032,-4782.8333564434815,0.46222320902511893,4782.833356443463,-0.10801583948245176,0.0029149386208767447,0.2645354796193218,-0.3094650026002206,8.95740644549335,0.23584543463041172,0.3870231938390659,0.016373450168251317,0.36075792136227103
Stochastic RSI,i041,XRPUSDT,False,86648,42204,44444,0.22088219001015602,-25.70137744936536,8664.771593009053,940.3139660416387,0.5501530000000068,-9630.236783500059,0.2979929536662702,9630.71382113245,-0.11114205502146685,-0.0002966182421909953,0.21359065451682074,-0.20320473300296985,3.663950697073216,0.11071230726618041,0.1207183085587665,0.767369125657834,0.0012002585172190933
Stochastic RSI,i041,XRPUSDT,True,36029,18251,17778,0.3497737933331483,117.01879284809581,3602.857598540143,389.8267154197308,-1.8123260000000283,-3877.477847111778,0.4553674118950967,3877.9548847442065,-0.10762102326214378,0.00324790565511382,0.2572575762079764,-0.3038988271005547,9.485136972993978,0.22348663576563324,0.3718393516334064,0.011823808598628882,0.39285020400233145
Connors RSI,i042,XRPUSDT,False,162301,78328,83973,0.1560680464076007,272.53293556458766,16230.01426296189,1759.474950716335,0.06759200000000513,-17716.888686113638,0.20734378266260534,17716.888686113653,-0.10916068715604732,0.0016791821095654843,0.18296095294372475,-0.16318264175758507,1.950419282690803,0.06386898417138527,0.051897400508930935,0.8841904855792633,4.312974042057658e-05
Connors RSI,i042,XRPUSDT,True,45658,23122,22536,0.35016864514433393,78.31636198745736,4565.70859456428,496.68548324743875,-2.2583750000000298,-4986.336090824263,0.4594959877862443,4986.33609082424,-0.10921056749801268,0.0017152823598812336,0.2651369215714821,-0.31093175574348225,8.834727758552718,0.2366069473038679,0.39160716632353587,0.018638573743922204,0.35314731262867405
Awesome Oscillator,i043,XRPUSDT,False,22835,11430,11405,0.3149989051894022,-1.3558239323684385,2283.479770480046,245.0284334452264,-0.15804699999999802,-2530.0220748576407,0.40370188652811434,2530.02207485765,-0.11079579920550212,-5.937481639450135e-05,0.2381286192176379,-0.27124927968866575,8.969126341142982,0.17827895774031094,0.2655572585942632,0.22728268009634334,0.32888110356908257
Awesome Oscillator,i043,XRPUSDT,True,9640,4918,4722,0.3347510373443983,-4.279883867145784,963.9677620201413,104.99147189903519,-0.49648900000000873,-1073.7356067863225,0.41810070694828827,1073.7356067863234,-0.11138336169982599,-0.0004439713555130481,0.23907351241674427,-0.28773208036100983,10.546991701244814,0.1896265560165975,0.33672199170124484,0.001970954356846473,0.4716804979253112
Accelerator Oscillator,i044,XRPUSDT,False,48848,24750,24098,0.26654110710776285,-19.92731893945453,4884.774795112323,527.0346112392422,-0.036078000000003885,-5431.77280329102,0.37085930628657787,5431.785956716185,-0.11119744520330453,-0.00040794544176741177,0.24591896183620254,-0.24097459211785127,6.270553553881428,0.1629749426793318,0.20309941041598428,0.5604937766131673,0.07343187029151654
Accelerator Oscillator,i044,XRPUSDT,True,23875,12110,11765,0.346848167539267,87.74789094045259,2387.4530639728696,258.8994684939621,-1.2036200000000208,-2559.8082615263793,0.447324423797708,2559.8214149515584,-0.10721709995922007,0.0036753043325844018,0.25019405745102535,-0.29701585553920223,10.019141361256544,0.21084816753926702,0.3557696335078534,0.006534031413612565,0.426848167539267
Momentum,i045,XRPUSDT,False,54100,26654,27446,0.21619223659889095,-21.261698638187475,5409.946159566062,584.0218969051983,-0.2621730000000043,-6015.491928109448,0.3307345462796955,6015.491928109437,-0.11119208739573841,-0.00039300736854320655,0.25416452944003315,-0.2119658585142929,5.119297597042514,0.13807763401109058,0.1244547134935305,0.6686321626617375,0.0688354898336414
Momentum,i045,XRPUSDT,True,22625,11526,11099,0.3445303867403315,43.90320608785642,2262.4089293648217,247.24463981949887,-1.19047100000002,-2466.940834096464,0.4409976438168708,2466.9408340964433,-0.10903605896558959,0.0019404731972533225,0.24966935819209116,-0.2975801403374116,9.913635359116022,0.21025414364640885,0.35911602209944754,0.008397790055248619,0.42223204419889504
Chande Momentum Oscillator,i046,XRPUSDT,False,56643,28052,28591,0.21086453754214995,-59.573913785766266,5664.250793102673,610.9580927950989,-0.2036050000000005,-6334.986404683538,0.3246286899387352,6334.986404683444,-0.11184058762218699,-0.0010517436185542126,0.2549412928498756,-0.2098482115144064,4.949879067139806,0.13675123139664214,0.12001482972300195,0.6871458079550872,0.05608813092526879
Chande Momentum Oscillator,i046,XRPUSDT,True,23663,12075,11588,0.34387017706968687,22.922901260889294,2366.21101690505,258.64544727700445,-1.1454430000000226,-2603.0790059211654,0.43771865259432374,2603.079005921165,-0.11000629700042958,0.0009687233766170517,0.24903730641801736,-0.29817696562183255,9.899040696445928,0.20855343785656932,0.3602670836326755,0.009508515403794954,0.42167096310696023
Price Oscillator,i047,XRPUSDT,False,22231,11071,11160,0.3200485808105798,10.922372849861429,2223.06329095088,238.8937292841795,0.011687000000004732,-2451.0229603851976,0.41125043717092935,2451.022960385201,-0.11025248348635677,0.0004913127097234235,0.2406291573096407,-0.2754101226940521,8.777967702757412,0.1831676487787324,0.23728127389681075,0.2635508973955288,0.3160001799289281
Price Oscillator,i047,XRPUSDT,True,9489,4862,4627,0.34028875540099063,31.254648417718922,948.8602493129381,103.16248890350086,-0.45717400000001096,-1021.2252637987199,0.4325399225417662,1021.2252637987228,-0.10762201114961745,0.003293776838204123,0.24107067852608227,-0.287482825041444,10.54062598798609,0.19496258826009064,0.33575719253872904,0.0021077036568658445,0.4671725155443145
Detrended Price Oscillator,i048,XRPUSDT,False,31863,15861,16002,0.2537739698082415,4.262940800183557,3186.2711781501566,346.7568994423334,-0.3967180000000018,-3529.1618547923063,0.3632891830298552,3529.1618547923044,-0.11076050135870152,0.00013378968710364865,0.24902794129213218,-0.23311611170797356,6.313529799453912,0.15293600728117251,0.11690675705363587,0.5282616200608856,0.20189561560430594
Detrended Price Oscillator,i048,XRPUSDT,True,12810,6531,6279,0.33871975019516004,6.505752156246913,1280.9648224746045,139.0879916090777,-0.5898480000000159,-1414.1369099274352,0.43002955272533516,1414.1369099274316,-0.11039320139948754,0.0005078651175836779,0.24589390944888848,-0.29288992834684957,10.242779078844652,0.20039032006245122,0.34988290398126465,0.004371584699453552,0.4453551912568306
TRIX,i049,XRPUSDT,False,12511,6238,6273,0.31851970266165774,-66.44209321327675,1251.059095671055,136.2552902885691,-0.002496999999997509,-1453.758976172901,0.385556299776866,1453.7589761728955,-0.11619846344599959,-0.005310694046301394,0.2289126491343903,-0.277501276445396,10.37415074734234,0.1690512349132763,0.3112461034289825,0.0701782431460315,0.4495244185117097
TRIX,i049,XRPUSDT,True,4703,2421,2282,0.3334042100786732,6.2860526224144735,470.2743830147771,51.94659955647791,-0.3094560000000038,-516.2443859488405,0.4135483603677234,516.2443859488407,-0.1097691656280758,0.001336604852735376,0.23216854620110391,-0.28079255706289363,10.964065490112693,0.1807357006166277,0.3176695726132256,0.0012757814161173718,0.5003189453540293
Fisher Transform,i050,XRPUSDT,False,70523,34426,36097,0.22928689930944515,-129.3736892580957,7052.228423684422,762.953445953955,0.3632910000000016,-7944.192267896471,0.3254929300621405,7944.19226789638,-0.11264682823896419,-0.0018344893050224144,0.23707992452921398,-0.21669042458620247,4.487344554258894,0.13690569034215788,0.1440097556825433,0.7134551848333168,0.005629369141982048
Fisher Transform,i050,XRPUSDT,True,31211,15910,15301,0.3460959277177918,54.11540390717112,3121.018217692204,337.8994471167976,-1.5171120000000249,-3406.319372901831,0.44557021828613913,3406.31937290186,-0.1091384246868678,0.0017338567782887802,0.25342578236550617,-0.3010350665889572,9.681939059946814,0.2165582647143635,0.3676908782160136,0.01147031495306142,0.40428054211656145
Ultimate Oscillator,i051,XRPUSDT,False,57932,28208,29724,0.20480908651522475,20.892812811859564,5793.2153645794815,619.2831631779723,0.14482000000000483,-6391.460894945594,0.3128401175830188,6391.460894945562,-0.11032695047548151,0.00036064373423771946,0.2452432355861729,-0.20190748008716733,4.511772422840572,0.12657943796174825,0.10550300352136988,0.713785127390734,0.0541324311261479
Ultimate Oscillator,i051,XRPUSDT,True,24183,12360,11823,0.3467725261547368,80.86406749185825,2418.2439162710566,261.0004958381484,-1.2727930000000198,-2599.653137617347,0.4473043482804097,2599.6531376173302,-0.10749919933909555,0.0033438393702955897,0.25088668872283854,-0.2977520357819251,9.872472397965513,0.21411735516685274,0.3590538808253732,0.010585948807013192,0.41624281520076084
Williams %R,i052,XRPUSDT,False,52395,25499,26896,0.2193339059070522,18.669650508844526,5239.471268997015,571.1848540945774,-0.0654840000000011,-5792.051956582747,0.34855469398693517,5792.051956582729,-0.11054589095491456,0.0003563250407261099,0.26966824469850154,-0.21736986100427663,5.171180456150396,0.15083500334001337,0.10077297452046952,0.6685179883576677,0.07987403378184942
Williams %R,i052,XRPUSDT,True,22347,11462,10885,0.3481451648990916,77.83961660591639,2234.6190175045635,245.13396546252855,-1.1488750000000243,-2403.0622413611754,0.44706635402742034,2403.06224136118,-0.10753399746548421,0.0034832244420242705,0.24973786311764654,-0.29834714192465617,9.917975567190227,0.2119747617129816,0.35790038931400187,0.008457511075312122,0.4216673378977044
SMI Ergodic,i053,XRPUSDT,False,57832,28775,29057,0.24809793885738,67.75147579610173,5783.105102408376,628.6931568220801,0.2899030000000106,-6343.756880434355,0.3652757265260288,6343.788816768803,-0.10969284964093157,0.0011715222678811339,0.25444321163596856,-0.22984334654096292,5.429606446258127,0.16228039839535205,0.13954212200857657,0.6509544888642966,0.04722299073177479
SMI Ergodic,i053,XRPUSDT,True,26502,13424,13078,0.3487661308580485,94.10904982340541,2650.0991530271167,287.7674185657446,-1.202307000000021,-2844.959828769456,0.4492266626500689,2844.991765104007,-0.10734887286881956,0.003551016897721131,0.2510474428596793,-0.29928682676409246,9.86427439438533,0.21424798128443137,0.36057656025960305,0.008640857293789148,0.41653460116217644
Relative Vigor Index,i054,XRPUSDT,False,66125,32582,33543,0.24261625708884688,3.537630727066343,6612.448197596481,715.0745520995595,0.12479999999999548,-7323.860318968974,0.328406945897688,7323.860318968887,-0.11075781200709223,5.349914143011483e-05,0.22323413687459437,-0.21774700644638978,4.744105860113422,0.12828733459357278,0.16907372400756143,0.6911455576559546,0.011493383742911154
Relative Vigor Index,i054,XRPUSDT,True,30101,15297,14804,0.34872595594830735,93.72683662789365,3010.002650475645,326.1261947861985,-1.7118530000000243,-3244.11386163395,0.4493328989500198,3244.1138616339676,-0.10777428861612405,0.0031137449462773216,0.25217961550119056,-0.30051230797541045,9.759941530181722,0.2154081259758812,0.3647387129995681,0.009434902494933723,0.41041825852961694
True Strength Index,i055,XRPUSDT,False,32723,16423,16300,0.3118295999755524,39.71882596850098,3272.255008147461,353.0088635556064,-0.2699960000000019,-3585.815041734567,0.41455467468008134,3585.8150417345596,-0.10958087711195694,0.0012137892604131952,0.2488358266270342,-0.27198968944610435,8.167252391284418,0.1891941447911255,0.2295021850074871,0.3346881398404792,0.24661553036090822
True Strength Index,i055,XRPUSDT,True,15069,7630,7439,0.3458756387285155,59.37199151995163,1506.8682859947141,164.11114349357044,-0.9575500000000163,-1612.564987968333,0.4404348570541768,1612.5649879683347,-0.10701207697712742,0.003940008727848671,0.2435251663947613,-0.29236260071196396,10.3067224102462,0.20260136704492668,0.3420266772844913,0.0035835158271949035,0.45178843984338707
Coppock Curve,i056,XRPUSDT,False,26281,13036,13245,0.3287546135991781,28.734788463529114,2628.0490265360695,282.3692762226045,0.07221700000000107,-2881.6112972951455,0.41819757858699075,2881.611297295168,-0.10964618154922359,0.0010933673933080596,0.2397329033745173,-0.2807609309251729,9.308511852669229,0.187207488299532,0.28442601118678895,0.208401506791979,0.31996499372170006
Coppock Curve,i056,XRPUSDT,True,11634,5949,5685,0.33522434244455906,-1.4677998437351514,1163.3875739571793,127.27740687365218,-0.579092000000011,-1292.7118726745664,0.41845993508869356,1292.7118726745725,-0.11111499679169387,-0.00012616467627085708,0.2385126256047535,-0.28742062484265646,10.583032490974729,0.18927282104177412,0.334708612686952,0.0033522434244455906,0.47266632284682825
Rate of Change,i057,XRPUSDT,False,56643,28052,28591,0.21086453754214995,-59.573913785766266,5664.250793102673,610.9580927950989,-0.2036050000000005,-6334.986404683538,0.3246286899387352,6334.986404683444,-0.11184058762218699,-0.0010517436185542126,0.2549412928498756,-0.2098482115144064,4.949879067139806,0.13675123139664214,0.12001482972300195,0.6871458079550872,0.05608813092526879
Rate of Change,i057,XRPUSDT,True,23663,12075,11588,0.34387017706968687,22.922901260889294,2366.21101690505,258.64544727700445,-1.1454430000000226,-2603.0790059211654,0.43771865259432374,2603.079005921165,-0.11000629700042958,0.0009687233766170517,0.24903730641801736,-0.29817696562183255,9.899040696445928,0.20855343785656932,0.3602670836326755,0.009508515403794954,0.42167096310696023
Klinger Oscillator,i058,XRPUSDT,False,60485,30019,30466,0.2202860213276019,-101.17667470380782,6048.4033009083305,655.3860654079288,0.07091399999999923,-6804.895127020066,0.3238691656571629,6804.895127020042,-0.11250549933074425,-0.0016727564636489678,0.24463898880345047,-0.21340652263177715,4.823592626270976,0.13524014218401256,0.13320658014383732,0.6619161775646855,0.06963710010746466
Klinger Oscillator,i058,XRPUSDT,True,25689,13037,12652,0.3466853517069563,56.91783037662247,2568.8481685412353,279.1967252662762,-1.268106000000019,-2792.3951694308885,0.44669524304104025,2792.3951694308807,-0.10870003384448162,0.002215649903718419,0.2531285380350909,-0.3007065440726574,9.718829070808518,0.21662968585776013,0.36560395500019466,0.008135777959437892,0.40963058118260737
Bollinger Bands,i059,XRPUSDT,False,27574,13431,14143,0.3324508595053311,-132.7386608878574,2757.398355630526,296.96139831751117,-0.007776000000000918,-3187.1061908358947,0.41614718449692784,3187.106190835908,-0.11558374522506326,-0.0048139066108601365,0.2478066087761424,-0.29655834049474616,9.769239138318706,0.2034162616958004,0.3525422499456009,0.03151519547399725,0.4125262928846014
Bollinger Bands,i059,XRPUSDT,True,11844,5817,6027,0.3411854103343465,-19.7956570084019,1184.4063269391854,128.7998330273468,-0.6887690000000118,-1333.690585974934,0.4398453938904575,1333.6905859749402,-0.11260474383442537,-0.0016713658399528793,0.25915427185676465,-0.30513046245650643,9.48032759202972,0.22357311719013848,0.379854778790949,0.000591016548463357,0.3959810874704492
BB %B,i060,XRPUSDT,False,47223,23176,24047,0.2223704550748576,39.14675992937979,4722.287974671984,516.1686368706189,-0.09391800000000206,-5199.403769613223,0.34894962789616113,5199.403769613213,-0.11010320753897937,0.0008289765565376996,0.2653817382087695,-0.2174766462214343,5.268280287148212,0.14738580776316626,0.09215848209558901,0.6554644982317939,0.1049912119094509
BB %B,i060,XRPUSDT,True,19428,9953,9475,0.34553222153592755,58.41215402518149,1942.7427854641471,212.45303709674297,-0.8004460000000216,-2097.5841145357085,0.44353469649131877,2097.584114535699,-0.10796706375003648,0.003006596357071314,0.2490532691277913,-0.29645919859933717,10.028412600370599,0.20923409512044472,0.35423100679431746,0.00761787111385629,0.4289170269713815
Standard Error Bands,i061,XRPUSDT,False,35333,17421,17912,0.3221068123284182,-148.92900033847698,3533.3190833213494,379.16831807957254,-0.15723899999999608,-4061.573640739399,0.41617130376316724,4061.573640739386,-0.1149512818254719,-0.0042150114719519145,0.25439033194828964,-0.29044714464941895,8.724365324201171,0.2041717374692214,0.30937084312116153,0.2352475023349277,0.25120991707468937
Standard Error Bands,i061,XRPUSDT,True,16344,8161,8183,0.34220509055310816,-24.514708219528746,1634.388662470686,177.9400410567514,-0.8315340000000091,-1837.6749457469664,0.43141407990067326,1837.6749457469568,-0.11243728253468957,-0.001499920963015709,0.24929989114586296,-0.3006240570110481,9.837677435144396,0.20863925599608418,0.3669236417033774,0.00324278022515908,0.4211943220753793
Envelopes,i062,XRPUSDT,False,6,3,3,0.0,-1.7999999999999794,0.6,0.05650169608512932,0.0,-2.456501696085109,0.0,2.456501696085109,-0.40941694934751816,-0.2999999999999966,0.0,-0.40941694934751816,1.0,0.0,1.0,0.0,0.0
Envelopes,i062,XRPUSDT,True,3,0,3,0.0,-0.8999999999999675,0.30045,0.030220134874288183,0.0,-1.2306701348742555,0.0,1.2306701348742555,-0.41022337829141853,-0.29999999999998916,0.0,-0.41022337829141853,1.0,0.0,1.0,0.0,0.0
Net Volume,i074,XRPUSDT,False,46348,24379,21969,0.22359109346681627,-54.62731624386035,4634.747286679953,503.3258524677052,-0.07293999999999864,-5192.773395391518,0.3208269421283169,5192.797596281126,-0.11203878043047202,-0.0011786337327146879,0.23670326873356734,-0.21246990049402464,5.319711745922154,0.12893760248554414,0.15010356433934582,0.5997454043324415,0.1212134288426685
Net Volume,i074,XRPUSDT,True,19152,9655,9497,0.3412698412698413,42.3419426617521,1915.17365446761,210.11009846296122,-0.9483370000000136,-2083.8901472688194,0.44100001725298255,2083.89014726881,-0.10880796508295841,0.0022108366051457862,0.25152988355199146,-0.2954890191950409,9.999321219715956,0.210421888053467,0.3545843776106934,0.006892230576441102,0.4281015037593985
OBV,i075,XRPUSDT,False,48611,25484,23127,0.19703359321964165,-36.45019780510719,4861.0606168361355,518.3827195398238,-0.16128699999999552,-5416.0548211810665,0.30726971370572725,5416.05482118106,-0.11141623955855808,-0.0007498343544693009,0.250820944665493,-0.20030276507537617,4.444487873115139,0.12427228405093498,0.09569850445372446,0.6964473061652713,0.08358190533006933
OBV,i075,XRPUSDT,True,19368,9916,9452,0.34701569599339116,74.69787732810252,1936.7524831461835,208.94931523357516,-0.8801510000000153,-2071.8840720516564,0.4499914770684829,2071.9897816787493,-0.106974600993993,0.0038567677265645664,0.25221239439741183,-0.2978574819954662,9.858890954151176,0.21483890954151177,0.3562577447335812,0.007486575795125981,0.4214167699297811
Accumulation/Distribution,i076,XRPUSDT,False,48642,24564,24078,0.20356893219851158,-57.223951530384454,4864.190581930648,510.71846126086837,-0.19727199999999262,-5432.3302667218995,0.3085169742022595,5432.330266721912,-0.11167982950376011,-0.001176430893680039,0.24477146280682038,-0.20278929508092502,4.519736030590847,0.12435755108753752,0.1013116236996834,0.69143949673122,0.08289132848155914
Accumulation/Distribution,i076,XRPUSDT,True,20282,10331,9951,0.3456266640370772,47.84240275584963,2028.1476955447215,216.2480274856335,-1.3672010000000208,-2197.920521274505,0.44597424897757454,2197.920521274498,-0.10836803674561211,0.0023588602088477286,0.2523909612151355,-0.2989135894659889,9.83049008973474,0.21413075633566708,0.36100976235085297,0.007740853959175623,0.4171186273543043
MFI,i077,XRPUSDT,False,40110,20704,19406,0.24482672650211917,-44.60089865361652,4010.970404522588,435.68895311735594,0.0071600000000020605,-4491.253096293561,0.3422908674299434,4491.277297183194,-0.11197340055581052,-0.0011119645637899904,0.2380222090851933,-0.22544176921459755,6.133283470456245,0.14088755921216653,0.17853403141361257,0.5218150087260035,0.1587634006482174
MFI,i077,XRPUSDT,True,17177,8698,8479,0.3403388251731967,25.20408646710588,1717.6797494866357,188.94425767442263,-0.7336450000000143,-1882.1535656939525,0.4335396765141157,1882.1535656939436,-0.10957405633661013,0.0014673159729350807,0.2464084500684271,-0.29323602195693027,10.145776328811783,0.20346975606916226,0.3474995633696222,0.006112825289631484,0.4429178552715841
Chaikin Money Flow,i078,XRPUSDT,False,39919,20031,19888,0.22708484681479996,-11.544404617140302,3991.896623266084,422.07138033910894,0.17206300000000324,-4425.340345222334,0.31815500317530376,4425.340345222329,-0.11085799607260538,-0.0002891957367955185,0.22778859074116764,-0.21035340378203854,5.329016257922293,0.1232996818557579,0.14812495302988551,0.5892432175154688,0.13933214759888773
Chaikin Money Flow,i078,XRPUSDT,True,16477,8346,8131,0.342356011409844,-3.1843323446493654,1647.6874718653428,176.50254189108117,-1.0387300000000141,-1828.4130761010733,0.4329014547733335,1828.4130761010704,-0.11096759580634055,-0.00019325923072460797,0.24742793516955974,-0.29754097991810263,9.975966498755842,0.20701584026218364,0.36056320932208535,0.006311828609576986,0.426109121806154
Chaikin Oscillator,i079,XRPUSDT,False,43078,21655,21423,0.24532243836761225,6.311320972085421,4307.767368276793,457.79807948307143,-0.1855029999999898,-4759.439629787777,0.35484287646942686,4759.439629787789,-0.11048422930005519,0.00014650914555191562,0.2477043378215376,-0.226920303656899,5.766191559496727,0.15165513719299875,0.148706996610799,0.5967547239890432,0.1028831422071591
Chaikin Oscillator,i079,XRPUSDT,True,20037,10194,9843,0.34685831212257323,73.62195969532316,2003.6234728310899,215.11436868592403,-1.3408400000000253,-2146.456721821691,0.44546283023278516,2146.456721821677,-0.10712465547844943,0.0036743005287879003,0.24809507454470206,-0.29576812790611834,10.089085192394071,0.2103109247891401,0.3523481559115636,0.006587812546788441,0.4307531067525079
Ease of Movement,i080,XRPUSDT,False,44055,20685,23370,0.2404040404040404,-17.193579941430905,4405.488775977692,474.5651555983809,-0.020522999999995885,-4897.268034517504,0.3475971990564476,4897.268034517465,-0.11116259299778697,-0.0003902753363166702,0.24636406283900336,-0.22431597609506904,5.845125411417547,0.14443309499489274,0.15519237316990125,0.5735557825445466,0.1268187492906594
Ease of Movement,i080,XRPUSDT,True,19128,9845,9283,0.34425972396486826,42.43191151081498,1912.7312727374233,207.82536112821205,-0.9576030000000217,-2079.0823253548206,0.4415682759590171,2079.0823253548187,-0.10869313704280742,0.0022183140689468308,0.24965696652056693,-0.2968247986839475,10.053952321204516,0.20979715600167295,0.3558657465495609,0.007005437055625261,0.42733166039314097
Elder Force Index,i081,XRPUSDT,False,44713,23313,21400,0.2198689419184577,7.384768719417966,4471.249419057747,481.6414583612833,-0.21193099999999576,-4945.718039699612,0.3422066639520051,4945.718039699622,-0.11061029319660082,0.00016515932098982324,0.2617162266551775,-0.215545274466678,5.212824010914052,0.14568470019904725,0.10842484288685617,0.6497886520698678,0.09610180484422874
Elder Force Index,i081,XRPUSDT,True,18997,9700,9297,0.3445807232720956,20.739939008246377,1899.6234965174153,206.2751244629494,-1.0386810000000193,-2086.1973629721183,0.4365619121134389,2086.197362972116,-0.10981720076707471,0.0010917481185580028,0.24693294305511782,-0.2973753440053747,9.986576827920198,0.20676948991946098,0.35742485655629835,0.006474706532610413,0.42933094699163027
Price & Volume Trend,i082,XRPUSDT,False,35004,18209,16795,0.23114501199862872,-19.61352172583326,3500.3576871148057,377.4958937296477,-0.1935659999999938,-3897.660668570287,0.3496911702031585,3897.660668570272,-0.11134900778683257,-0.0005603222981897286,0.2590400057299446,-0.22270104986182399,5.629499485773055,0.15003999542909383,0.1211290138269912,0.5957604845160553,0.13307050622785968
Price & Volume Trend,i082,XRPUSDT,True,15063,7738,7325,0.33831242116444266,-11.399438636613535,1506.2314930995499,164.2982228573205,-0.8027780000000141,-1682.731932593484,0.42814623376558003,1682.7319325934886,-0.11171293451460428,-0.0007567840826272013,0.24722515580582194,-0.2952334028875241,10.097258182301003,0.20221735378078737,0.35504215627697006,0.0063068445860718315,0.43643364535617074
VWAP,i086,XRPUSDT,False,11032,5510,5522,0.2257070340826686,28.374389024425817,1103.2013102507058,121.60426978971073,0.11932099999999916,-1196.3118700159907,0.35485079475143183,1196.3311926217532,-0.10844016225670691,0.002572007707072681,0.26425954351213476,-0.2170824319083594,5.128263234227701,0.1520123277737491,0.0912799129804206,0.6296229151559101,0.12708484408992024
VWAP,i086,XRPUSDT,True,4455,2241,2214,0.33265993265993266,-16.42797971672454,445.4990379045423,49.5234312655633,-0.13573000000000077,-511.5861788868301,0.4150761049418871,511.58617888682903,-0.11483415912162291,-0.003687537534618303,0.2449621407289125,-0.2941877132348061,10.040628507295175,0.19708193041526376,0.3571268237934905,0.016610549943883276,0.4291806958473625
VWMA,i087,XRPUSDT,False,49953,24112,25841,0.22264929033291295,-18.32353019786741,4995.303389426163,543.3674294683461,0.04261800000000199,-5556.9517310923775,0.34653629920661366,5556.951731092381,-0.11124360360924024,-0.0003668154104431648,0.26496041710347906,-0.21899620123399527,5.221348067183152,0.14819930734890796,0.09560987328088404,0.6538346045282566,0.10235621484195144
VWMA,i087,XRPUSDT,True,20675,10627,10048,0.3437001209189843,32.21663849225609,2067.4430888013603,225.2819035577494,-0.9874050000000247,-2261.495758866854,0.4409373947530064,2261.4957588668444,-0.1093831080467644,0.001558241281366679,0.25100771039198655,-0.2981175141065893,9.936203143893591,0.21030229746070134,0.35951632406287787,0.007980652962515114,0.4222007255139057
Pivot Points Standard,i088,XRPUSDT,False,4446,2258,2188,0.2156995051731894,-16.63427530413407,444.59728638073744,48.713591532070375,0.06112399999999942,-509.8840292169418,0.3333830231895001,509.8840292169408,-0.11468376725527257,-0.0037414024525717665,0.2659009645483772,-0.2193527542927547,5.254385964912281,0.14260008996851103,0.09491677912730544,0.6203328834907782,0.14215024741340532
Pivot Points Standard,i088,XRPUSDT,True,1410,656,754,0.3333333333333333,-0.407192798215783,140.98852954897188,16.52831115613814,-0.012854000000000467,-157.9368875033258,0.41511986443608023,158.89981378729172,-0.11201197695271334,-0.0002887892185927539,0.2385021846040078,-0.2872690577310739,10.28368794326241,0.18723404255319148,0.3326241134751773,0.02269503546099291,0.4574468085106383
Balance of Power,i089,XRPUSDT,False,49069,24186,24883,0.2164910636043123,-48.12286824861707,4906.884474904364,529.6297231671502,0.12344400000000202,-5484.5136223201325,0.3224646399209634,5484.513622320163,-0.1117714569752824,-0.0009807183404719286,0.24572031936692776,-0.21054987709917822,5.115062463062219,0.13126413825429498,0.12372373596364303,0.6351668059263487,0.10984531985571339
Balance of Power,i089,XRPUSDT,True,19999,10213,9786,0.3400670033501675,-1.0309082206218734,1999.8611002138837,217.49217807530277,-0.8912090000000185,-2219.2753955098087,0.4341674895348228,2219.2753955098033,-0.11096931824140249,-5.15479884305152e-05,0.2503847229317648,-0.297176988647427,9.982249112455623,0.20751037551877594,0.360118005900295,0.0077503875193759685,0.4246212310615531
Accumulative Swing Index,i090,XRPUSDT,False,38489,25006,13483,0.2297019927771571,-41.54623649804158,3848.877571490526,417.9079079203981,-0.3059230000000033,-4308.6376389089655,0.3487964284560315,4308.637638908987,-0.11194465013143927,-0.0010794314349045593,0.26103205108593186,-0.22316587974095017,5.66886642936943,0.15090025721634753,0.11569539348904882,0.6183325105874405,0.11507183870716309
Accumulative Swing Index,i090,XRPUSDT,True,17067,8576,8491,0.3412433350911115,36.85845148763129,1706.6706401278495,185.09687992445535,-0.7548780000000191,-1855.663946564674,0.4365376622735133,1855.663946564671,-0.10872818577164552,0.002159632711526999,0.2468509422621369,-0.292922159058913,10.171149000996074,0.2047811566180348,0.3471025956524287,0.007206890490420109,0.44090935723911645
Up/Down,i091,XRPUSDT,False,37977,20542,17435,0.24994075361402954,5.351105473955831,3797.68042988611,412.43468977869514,0.0904890000000083,-4204.6735251908485,0.33859425288933703,4204.697726080475,-0.11071631580142846,0.00014090384901271376,0.22677029701341578,-0.2231763097925993,5.939621349764331,0.13347552465966242,0.18634963267240698,0.5349553677225689,0.14521947494536167
Up/Down,i091,XRPUSDT,True,16828,8619,8209,0.3395531257428096,32.98187722300373,1682.783663959292,184.530088221942,-0.6903180000000118,-1835.0221929582303,0.43570568704388213,1835.0221929582262,-0.10904576853804555,0.0019599404102093967,0.2479640038058933,-0.292593891551656,10.07190396957452,0.2051937247444735,0.3484074162110768,0.0071309721892084624,0.43926788685524126
Average Price,i099,XRPUSDT,False,38412,18869,19543,0.2646568780589399,-19.937556210831666,3841.2117633117546,416.7109649485324,0.11693099999999941,-4277.743353471119,0.37834466547226553,4277.743353471134,-0.11136476500757887,-0.0005190449914305858,0.2560958672000224,-0.2436172887993538,6.536681245444132,0.16661459960429031,0.15466520878892012,0.5207487243569717,0.15797146724981775
Average Price,i099,XRPUSDT,True,16962,8693,8269,0.34718783162362926,71.33074238733376,1696.1649119788042,184.9949116946957,-0.6944520000000218,-1810.5235332861664,0.4443516813095352,1810.5235332861707,-0.1067399795593778,0.004205326163620667,0.2458608863977061,-0.294265175948908,10.176689069685178,0.20716896592382975,0.3473646975592501,0.0061313524348543804,0.4393349840820658
Typical Price,i100,XRPUSDT,False,40165,19643,20522,0.25694012199676336,34.30128165909701,4016.489915001327,435.57545237128943,-0.013451999999997761,-4417.777537713519,0.37751091029616357,4417.777537713521,-0.10999072669522018,0.0008540092533075316,0.25961029394728957,-0.23779379364213593,6.218996638864684,0.16464583592680193,0.13514253703473172,0.555956678700361,0.14425494833810532
Typical Price,i100,XRPUSDT,True,17543,9004,8539,0.3466339850652682,62.1195994101282,1754.2554665012397,191.3800707512243,-0.7305100000000201,-1884.246447842336,0.4435286281736551,1884.2464478423294,-0.10740731048522692,0.003540990674920378,0.2469684820608897,-0.29541631366730114,10.138231773356894,0.20806019494955252,0.35051017499857495,0.005985293279370689,0.4354443367725018
Median Price,i101,XRPUSDT,False,40630,19854,20776,0.2539256706866847,22.83411134532499,4063.0056269244365,439.3902699796235,0.007944000000003346,-4479.553841558734,0.37119648240471353,4479.5538415587625,-0.11025237119268358,0.000562001263729387,0.25631275569458833,-0.23501245479034746,6.20489785872508,0.16010337189269014,0.1471572729510214,0.5479940930347034,0.14474526212158503
Median Price,i101,XRPUSDT,True,17551,9012,8539,0.3481852885875449,96.36342168701695,1755.070632507585,191.20900394213132,-0.7632520000000184,-1850.6794667626991,0.45017194675442673,1850.679466762698,-0.10544581315951793,0.005490480410632838,0.24795362156437417,-0.29422413008239423,10.126431542362258,0.2101874537063415,0.3474445900518489,0.0067232636317018975,0.4356446926101077
