indicator,key,kind,htf,n_long_median,n_short_median,precision_long_median,precision_short_median,n_fast_up_waves_median,n_fast_down_waves_median,n_slow_waves_median,recall_fast_up_median,recall_fast_down_median,recall_slow_median,recall_fast_median,latency_min_median_median,travelled_pct_median_median,repeat_signals_per_caught_wave_median,false_in_flat_share_median,false_in_pullback_share_median,false_counter_wave_share_median,false_late_share_median,false_other_share_median,bar_macro_f1_median,bar_balanced_accuracy_median,random_precision_long_median,random_precision_short_median,lift_long_median,lift_short_median,filter_on_share_median,fast_wave_share_when_on_median,fast_wave_share_all_median,filter_lift_median,n_long_worst,n_short_worst,precision_long_worst,precision_short_worst,n_fast_up_waves_worst,n_fast_down_waves_worst,n_slow_waves_worst,recall_fast_up_worst,recall_fast_down_worst,recall_slow_worst,recall_fast_worst,latency_min_median_worst,travelled_pct_median_worst,repeat_signals_per_caught_wave_worst,false_in_flat_share_worst,false_in_pullback_share_worst,false_counter_wave_share_worst,false_late_share_worst,false_other_share_worst,bar_macro_f1_worst,bar_balanced_accuracy_worst,random_precision_long_worst,random_precision_short_worst,lift_long_worst,lift_short_worst,filter_on_share_worst,fast_wave_share_when_on_worst,fast_wave_share_all_worst,filter_lift_worst
SMA,i001,D,False,60253.0,60234.0,0.4591970524289247,0.4460903992081821,9069.0,8870.0,3726.0,0.6451648472819494,0.6555806087936866,0.9726837510560405,0.6503149562405931,2.0,28.969359331477097,3.0859694358845355,0.6862932459692709,0.12538866390620498,0.1121778829382233,0.07614020718630082,1.3877787807814457e-17,0.34843540602987044,0.35161891617773167,0.3981861052631579,0.38845667991645894,1.140248969350792,1.1497668960503071,,,,,59375.0,59372.0,0.42933894736842104,0.42491410092299403,3132.0,2959.0,3551.0,0.5471043666769898,0.55926879829135,0.9630029705644072,0.5531437125748503,2.0,32.71028037383253,6.748378243512974,0.8922927661075749,0.1850036451627914,0.1788766694070018,0.12618467790721122,-5.551115123125783e-17,0.3394661213486518,0.3492429166297177,0.388808855990573,0.3796885204722431,1.0782368889659635,1.093851960569646,,,,
SMA,i001,D,True,25249.0,22745.0,0.4531664620381005,0.45,9069.0,8870.0,3726.0,0.23149259703881553,0.3205186020293123,0.4439347604485219,0.272478956463571,3.0,29.352137505510328,2.6568185125891426,0.6878415300546448,0.12739071038251365,0.11118700667880996,0.07358075288403157,5.551115123125783e-17,0.32019840829506435,0.3424799314251488,0.3989927493631197,0.3887749299321662,1.111467288357861,1.1864479323986377,,,,,24088.0,21560.0,0.4406483031502054,0.4410272669625872,3132.0,2959.0,3551.0,0.22549343918844414,0.22520258810226773,0.4261409667836889,0.2274513473053892,3.0,33.49514563106759,6.047447280799112,0.8861159137036758,0.1880385200202737,0.18371086592069866,0.12390590809628009,-1.3877787807814457e-17,0.29235184990631885,0.34069625669597303,0.3890477169888935,0.37928339517625237,1.093874698362777,1.131327918946867,,,,
EMA,i002,D,False,64539.0,64536.0,0.4598459845984598,0.44859841841287423,9069.0,8870.0,3726.0,0.6400926232219649,0.655467869222097,0.9695860321036328,0.6476949662745972,2.0,29.16183854769966,3.3520211893800846,0.6876651606853635,0.12688602847157104,0.11226664393487341,0.07318216690819197,1.3877787807814457e-17,0.34620090344586885,0.34981923075845484,0.3986627078384798,0.3895438699327451,1.1480044784727959,1.1575366121867272,,,,,63150.0,63147.0,0.43227236737925573,0.42877729741713777,3132.0,2959.0,3551.0,0.5524930318984206,0.5649224197499843,0.9581420469889279,0.5586639221556886,2.0,32.63315474314538,7.247238955823293,0.8907720756920595,0.187597327938758,0.180771637729039,0.11971882231374889,-5.551115123125783e-17,0.3400188547849308,0.34695495420200584,0.38886642185345294,0.379084023668639,1.084306003245212,1.0995374600505992,,,,
EMA,i002,D,True,27150.0,24310.0,0.45535911602209944,0.45692834562697576,9069.0,8870.0,3726.0,0.2322081139671725,0.32029312288613304,0.4439347604485219,0.2711196296832056,2.0,29.326546593577884,2.9053124542660616,0.6864786130453319,0.1296006821088532,0.11574534602813699,0.06817535881767799,-1.3877787807814457e-17,0.3202000943088448,0.3418406851409353,0.39927922627146695,0.3892369117772654,1.1154398762157383,1.198731870491026,,,,,25694.0,22776.0,0.44176706827309237,0.4467930651635494,3132.0,2959.0,3551.0,0.2216341382732385,0.22721276462089326,0.42344045368620037,0.22972804391217566,3.0,33.33333333333387,6.527801061749092,0.8837250775760602,0.1917326297273527,0.1847332160656699,0.1183533447684391,-4.163336342344337e-17,0.2937962025595456,0.3396080265260439,0.3895967741935484,0.37950693712680017,1.0929058699335563,1.147869206760174,,,,
DEMA,i003,D,False,89600.0,89598.0,0.42818080357142857,0.41659808261227393,9069.0,8870.0,3726.0,0.7444040136729518,0.761217587373168,0.9884539566319347,0.7527175427838787,1.0,23.66742770167477,4.299550814149354,0.6517899507122038,0.12552410647713297,0.15066185085842104,0.07202409195224216,1.3877787807814457e-17,0.35695111753854963,0.3608692335044612,0.3979941076205849,0.3890790015468678,1.0647811535832648,1.07520986513232,,,,,88455.0,88453.0,0.4059081827314904,0.3969000486133879,3132.0,2959.0,3551.0,0.6568597088882007,0.6730950436585212,0.9840073109435686,0.6649201596806387,1.0,27.689230378460827,9.583120204603581,0.8713937866542867,0.18530886442868894,0.22385326491441107,0.11302832073328371,-6.938893903907228e-17,0.33582557911952277,0.35758720856074205,0.38849832589285715,0.3791618147490758,1.0198849052269139,1.0330351725466176,,,,
DEMA,i003,D,True,37678.0,34212.0,0.42242157227029037,0.42036914567426203,9069.0,8870.0,3726.0,0.27522349936143037,0.38083427282976323,0.46184173472261336,0.31975026478622,1.0,24.78179551122285,3.7326910725754656,0.6528745017050094,0.12314490178185486,0.15018490946640412,0.07379568704673166,-1.3877787807814457e-17,0.3365230560068952,0.34790868131765124,0.3981843575418994,0.3892262369987375,1.0579662161497687,1.0970577136109656,,,,,35862.0,32528.0,0.41892826939340355,0.41558042302016723,3132.0,2959.0,3551.0,0.2600066159444261,0.27306991645203843,0.4434242506076154,0.27675898203592814,1.0,29.134753815145203,8.723987698616094,0.8658898458420786,0.18627880914096379,0.22569799736880572,0.1141402329094187,-2.7755575615628914e-17,0.3099919923345151,0.34606294834578905,0.38814034409433595,0.3788136374815544,1.0341477994470596,1.0784494467415884,,,,
TEMA,i004,D,False,102552.0,102550.0,0.41511623371557843,0.40507918585070035,9069.0,8870.0,3726.0,0.7586282941889955,0.7741826381059752,0.9876627827278959,0.7663191928201126,1.0,21.67662522480891,4.840730492529054,0.6368269039240422,0.11870061748887856,0.17414182325210809,0.07033065533497111,1.3877787807814457e-17,0.3593792866869167,0.36077870540211804,0.39779864882241806,0.3887380098260938,1.0332392580882273,1.0450030572899731,,,,,100677.0,100676.0,0.40225723809806424,0.38817593070841117,3132.0,2959.0,3551.0,0.6817590585320533,0.6906212701802877,0.9827167161760735,0.6861589321357285,1.0,25.7018729122101,10.938737479617982,0.8628801674343488,0.17161573144204886,0.25949878738884397,0.1080099009075832,-5.898059818321144e-17,0.328031921931002,0.3573556532538917,0.3894950854200796,0.3794235964877429,1.011208155907127,1.0204423847924515,,,,
TEMA,i004,D,True,43101.0,38949.0,0.4186787714892795,0.41337129600337447,9069.0,8870.0,3726.0,0.2777777777777778,0.3847801578354002,0.46534148827726807,0.3253247115223814,1.0,22.729862538782314,4.1786707101339395,0.635093486747483,0.11699198685021574,0.17633038832956646,0.07158413807273474,3.469446951953614e-17,0.33923618449434056,0.3481387246312238,0.3980530127066539,0.38931945499430304,1.0521678937763514,1.0652590579375203,,,,,40952.0,37054.0,0.40975847428133916,0.4035790392564636,3132.0,2959.0,3551.0,0.26717388907266515,0.2780325397323953,0.4474750202538482,0.28642714570858285,1.0,26.87500000000118,9.92549119673386,0.8541884707162892,0.1723180235450174,0.2634927872657934,0.10870916929199138,-2.7755575615628914e-17,0.3145012791168962,0.3460934391349446,0.3898022503380336,0.3797808603659524,1.004950495049505,1.0418627463976562,,,,
Hull MA,i005,D,False,109501.0,109498.0,0.4131486247239409,0.40209866846883047,9069.0,8870.0,3726.0,0.7761605469180726,0.7887260428410372,0.989262051633539,0.7823735994202575,1.0,21.23809523809541,5.103729921045467,0.6308122596433982,0.11694829662432506,0.18254282717631978,0.06969661655595696,-6.938893903907228e-18,0.3592141422053909,0.3604587758007522,0.39868964179848737,0.38931989281612867,1.0352796351733204,1.0353467361616522,,,,,108291.0,108290.0,0.40262810390521836,0.3878466294467771,3132.0,2959.0,3551.0,0.7031279033756581,0.7084615867830893,0.9878476910613017,0.7057759481037924,1.0,25.213737668981075,11.637495676236597,0.8623213475717109,0.1692525011059972,0.2708955861009135,0.10554706115194462,-2.0816681711721685e-17,0.32312764464521704,0.3579500821149244,0.3890712551789593,0.3797997508420615,1.0098785162538073,1.0174905267550995,,,,
Hull MA,i005,D,True,45872.0,41472.0,0.41579571904522844,0.410999802605606,9069.0,8870.0,3726.0,0.2822477650063857,0.3941375422773393,0.46712538226299694,0.3322370254752216,1.0,22.207922031169282,4.385141861622698,0.6278395452887071,0.11667338748391805,0.18486087908289647,0.07062618814447837,6.938893903907228e-18,0.3406838767098441,0.34841993692907375,0.39780625265844327,0.38888768325617284,1.0496663085400242,1.057654121317118,,,,,43822.0,39910.0,0.40977066620160446,0.3971354166666667,3132.0,2959.0,3551.0,0.27169478443047745,0.28638733588793264,0.4493653794220902,0.29556511976047906,1.0,26.42857142857225,10.478806119889642,0.8542223957824856,0.1696574538880234,0.2754024580231954,0.10486026965168388,0.0,0.3169420861320516,0.3465777873805795,0.3894384483381502,0.3803821097469306,1.0042661409456033,1.0212085230918995,,,,
Hamming MA,i006,D,False,57843.0,57840.0,0.45903566550835884,0.4461339539694854,9069.0,8870.0,3726.0,0.6457161759841218,0.6579481397970688,0.9740918051253168,0.6517643123919951,2.0,28.80591629232347,2.9167712779312076,0.6847412480974124,0.12569761542364283,0.11093670725520041,0.0786244292237443,2.7755575615628914e-17,0.34747132339569403,0.35236912629482614,0.39753859393385904,0.3894257763386783,1.143068345019853,1.1511565836298936,,,,,56939.0,56937.0,0.4289327174695727,0.4240043207080386,3132.0,2959.0,3551.0,0.5432641684732116,0.5550599912054778,0.9651633810423981,0.5491205089820359,2.0,32.624113475176856,6.4626156539134785,0.8921909724883132,0.18494972429451834,0.1760136230943886,0.12988971780733052,-5.551115123125783e-17,0.33838246438474745,0.3496379743116404,0.3889710077278149,0.3792057214537092,1.0789712596833727,1.0917044352747525,,,,
Hamming MA,i006,D,True,24085.0,21805.0,0.45368486609923186,0.4479342022990717,9069.0,8870.0,3726.0,0.2344937975190076,0.322435174746336,0.44522669670515347,0.27381682368024973,3.0,29.30843947613576,2.4904347826086957,0.6861406572471821,0.12744086362914747,0.11069217336085092,0.0757263057628195,-2.42861286636753e-17,0.3195684309378595,0.342741905026485,0.3975993140897399,0.3882004836041234,1.1124003943152878,1.179921194998036,,,,,23087.0,20791.0,0.4408619187197972,0.44320975978815963,3132.0,2959.0,3551.0,0.2262652993714853,0.22444877190778315,0.42641101809343773,0.22642215568862276,3.0,33.488372093023585,5.8149693934335005,0.885983880479654,0.18865623094124823,0.17979264078064647,0.1288573641514818,-5.551115123125783e-17,0.2911708439191456,0.3408997282376747,0.3890062564278368,0.3796306093982974,1.0926333150082463,1.1353024182559246,,,,
Arnaud Legoux MA,i007,D,False,99179.0,99179.0,0.4386916585164198,0.42546272132332275,9069.0,8870.0,3726.0,0.7601720145550778,0.7896279594137542,0.9907068431427767,0.7747366073917163,1.0,24.058246280466662,4.7612669484547405,0.6552640230303785,0.13225585755284458,0.14470399033292758,0.06777612908384942,-1.3877787807814457e-17,0.35929325938856277,0.35947035976354885,0.3983795322297596,0.38913649585811916,1.0908894010974608,1.0975887641380453,,,,,97441.0,97438.0,0.415441138740366,0.40783221366541045,3132.0,2959.0,3551.0,0.6859708888200682,0.7070795904265343,0.986748914781814,0.6964508483033932,1.0,28.282828282828476,10.555593882948143,0.8758368997295665,0.1965311134385496,0.21476037415580193,0.10698291740402326,-2.7755575615628914e-17,0.3288152254809174,0.35656725346233614,0.389531554058823,0.37890279370801244,1.042827517807231,1.0572467910135208,,,,
Arnaud Legoux MA,i007,D,True,41760.0,37609.0,0.43249521072796937,0.42754658897256886,9069.0,8870.0,3726.0,0.2780970625798212,0.3956031567080045,0.463302752293578,0.32989575784603375,1.0,24.65252377468817,4.104675943337094,0.6544916526808586,0.13278420634219593,0.14669640491122693,0.06602773606571857,-4.163336342344337e-17,0.3380030105764425,0.34734777292128594,0.3988246468004274,0.38845223217846786,1.0746881790849285,1.124798747433568,,,,,39607.0,35714.0,0.4262759485440951,0.4260682283495972,3132.0,2959.0,3551.0,0.26563016870658285,0.2857591557258622,0.4466648663246017,0.2903255988023952,1.0,29.268292682926738,9.49103308916393,0.869706622708338,0.19889192947826478,0.21809250370104527,0.10524426898748374,-5.551115123125783e-17,0.3134822586397785,0.3446421915533879,0.3888024340366103,0.3791286330290643,1.0564569731742337,1.0968355773377234,,,,
Least Squares MA,i008,D,False,55304.0,55302.0,0.4371835671922465,0.42936568107151885,9069.0,8870.0,3726.0,0.6286249862167824,0.6379932356257046,0.9670515347789355,0.6332571492279391,2.0,27.21047681211027,2.778591621691082,0.6658314058082755,0.1176272166538165,0.13486250321254176,0.08167887432536623,2.7755575615628914e-17,0.3461677594717667,0.3535977090459527,0.3978801809690601,0.38872277155471224,1.0961979577196606,1.1062072429461034,,,,,54356.0,54355.0,0.4127262113251605,0.4087276973036086,3132.0,2959.0,3551.0,0.5219572623103128,0.5291789685281739,0.955981636510937,0.5255426646706587,2.0,30.851063829788316,6.2195276790248855,0.8812111080152317,0.17484305222962915,0.2020419390330723,0.13206264966668824,-5.551115123125783e-17,0.3360768720722839,0.35196983868464266,0.3891445465065818,0.37973415509152797,1.0373128169388635,1.0514632206106318,,,,
Least Squares MA,i008,D,True,22999.0,21057.0,0.4360624374972825,0.4359363921806948,9069.0,8870.0,3726.0,0.2257739380849532,0.310597519729425,0.44578991833286397,0.26272367467528845,2.0,28.219352361314293,2.4215803651601315,0.669050297284268,0.11369114574963844,0.13192993732926242,0.08532861963683111,3.469446951953614e-17,0.32061790272296325,0.34396202228889633,0.399148185912142,0.3885281290885303,1.0701266078774687,1.1455652103811447,,,,,22155.0,19746.0,0.42155474087652056,0.4244236941931719,3132.0,2959.0,3551.0,0.21590031977064725,0.21471197939569067,0.4242506076154469,0.21650449101796407,2.0,32.18390804597801,5.609797297297297,0.8777992811722422,0.1724651087962032,0.204359892209307,0.13461770502352893,0.0,0.29042921518606285,0.34311817141742074,0.38885186510421316,0.37822850197508356,1.0468707162772413,1.0898192376135618,,,,
Smoothed MA,i009,D,False,54147.0,54146.0,0.4687979020074981,0.45524390021351535,9069.0,8870.0,3726.0,0.5834160326386592,0.6002254791431793,0.9497372629655015,0.5917275210435364,3.0,30.569836339432,2.9279041429731927,0.6976728315020815,0.11676789735890261,0.10584863167951955,0.07971063945949634,0.0,0.34101216598736356,0.3464890029777343,0.3987091026272889,0.38948484459050103,1.1644345654055241,1.1732668610666919,,,,,52754.0,52753.0,0.4390188421731054,0.437624400508028,3132.0,2959.0,3551.0,0.4978011768349334,0.5051196683208744,0.9354577369700243,0.5014346307385229,3.0,34.21052631578898,6.257222002374357,0.8975042608123386,0.17654199359628445,0.17122902079448296,0.13046690827205235,-5.551115123125783e-17,0.33046371607360364,0.3440189471949336,0.3897159584095148,0.3792567656270513,1.1011006251931443,1.123026519011818,,,,
Smoothed MA,i009,D,True,22628.0,20316.0,0.464691184850743,0.4697113358617783,9069.0,8870.0,3726.0,0.21040868454661557,0.2897406989853439,0.43119266055045874,0.24616756786888902,3.0,30.64902330174769,2.545770202020202,0.6976102148218445,0.11970494349063929,0.10883444051419204,0.07385040117332413,2.7755575615628914e-17,0.31395033979461995,0.33955152097745683,0.3981659890401273,0.3883782307972333,1.1374036382753867,1.2164090511193986,,,,,21498.0,18984.0,0.4479064407358402,0.4564152791380999,3132.0,2959.0,3551.0,0.2035505568419892,0.20177146805703877,0.40723737510126923,0.20455963073852296,4.0,34.48275862068952,5.579817055178519,0.8896383654641195,0.181591707816184,0.1771431113483696,0.12530002666903725,-5.551115123125783e-17,0.285847402730088,0.337862502275792,0.38938178818569275,0.38007532659081333,1.1089623688298513,1.172358089588602,,,,
Adaptive MA,i010,D,False,48604.0,48602.0,0.46784370953486937,0.45862310192996175,9069.0,8870.0,3726.0,0.5708457382291322,0.574859075535513,0.9290340749084764,0.5728301466079492,3.0,31.43845773603619,2.5873979485032446,0.681268590412176,0.12007957662147023,0.10800788040329122,0.09064395256306254,0.0,0.3460730042739104,0.35065226983532116,0.3976340660952661,0.38905110238970964,1.166849023592112,1.1799550568935262,,,,,47719.0,47718.0,0.4416689369014439,0.43719351188230854,3132.0,2959.0,3551.0,0.4758748838649737,0.48300772661599345,0.9108830677828788,0.47941616766467066,3.0,35.00000000000025,5.665419061622778,0.8913624553729976,0.1781434165249377,0.1717952774591623,0.1429418977178341,-2.7755575615628914e-17,0.32999952684772665,0.34893645425427183,0.3893326208044724,0.38009793163419536,1.1107421988226427,1.120065286136897,,,,
Adaptive MA,i010,D,True,20265.0,18055.0,0.4620398187280411,0.46558843771507225,9069.0,8870.0,3726.0,0.20813534917206625,0.2760992108229989,0.4276901987662783,0.23769440882992363,3.0,31.359907077232425,2.2465775749674055,0.6770594826326302,0.12544453646416914,0.11263214303112973,0.08486383787207093,6.938893903907228e-18,0.3135388522930106,0.34123337722084357,0.39826082743920166,0.38895991000204544,1.143427118685302,1.2025514310229004,,,,,19400.0,17431.0,0.4498643696759149,0.46032929837645575,3132.0,2959.0,3551.0,0.19677918860328275,0.19216031157736038,0.3988657844990548,0.19448602794411177,4.0,35.32261794634571,5.108100059559262,0.8846917526272459,0.18192213990951125,0.17883955650574254,0.13869292572996278,-4.85722573273506e-17,0.28419008174536026,0.34026623969484837,0.38909313101481746,0.37929571002523516,1.115773445937572,1.1831928807885985,,,,
Multi-Timeframe MA,i011,D,False,9828.0,9825.0,0.465242796695547,0.4773613193403298,9069.0,8870.0,3726.0,0.14433785422869114,0.14825253664036075,0.4069276260208392,0.14627348235687607,11.0,41.13088459373972,1.280978509373571,0.709934665641814,0.0839738662567256,0.10386241352805534,0.10222905457340507,4.163336342344337e-17,0.2954031418779381,0.337561641807165,0.39805657305657305,0.38920511787225465,1.1497661102732548,1.2245122892097433,,,,,9597.0,9602.0,0.4557674273210378,0.45994910941475825,3132.0,2959.0,3551.0,0.11743573861876742,0.11030843645957661,0.35970834458547124,0.11389720558882235,17.0,41.66666666666673,2.2273498473023414,0.8936630312147423,0.14246851385390427,0.1707808564231738,0.1814609571788413,0.0,0.2640484447514613,0.33666213386776533,0.3887850934159257,0.3779629243907519,1.1277410372432997,1.184457112902169,,,,
Multi-Timeframe MA,i011,D,True,4073.0,3669.0,0.4397250184139455,0.46086054950751687,9069.0,8870.0,3726.0,0.051420568227290915,0.058930388024996366,0.1601553575508339,0.05529437292058441,7.0,36.58022682674164,1.234282325029656,0.7212690951821387,0.0935370152761457,0.09964747356051704,0.0855464159811986,-1.3877787807814457e-17,0.2825194516499265,0.3345772069461565,0.40029462312791547,0.38873974645786724,1.0985034347399414,1.1698341788445523,,,,,3710.0,3481.0,0.43185710790310744,0.4278236914600551,3132.0,2959.0,3551.0,0.04787860018581604,0.04102016458320246,0.14042668106940318,0.04447355289421158,12.0,38.192699609157074,1.991482112436116,0.894930029823354,0.15826984517080364,0.16539690341607274,0.1597444089456869,-5.551115123125783e-17,0.24833857873299645,0.3344770234517931,0.38527912312006113,0.3794024705544384,1.067946780454559,1.0988077970778647,,,,
WMA,i012,D,False,73882.0,73885.0,0.4522887848190358,0.43942746134959393,9069.0,8870.0,3726.0,0.691917521226155,0.7119503945885005,0.9819769079132639,0.7018228440827248,2.0,27.167630057802604,3.678522734009129,0.6757713026444662,0.13173359451518118,0.12136385896180216,0.07113124387855044,5.551115123125783e-17,0.3480545126112036,0.3545045521592709,0.39767096613820907,0.38930647896422704,1.1239413153144813,1.1319640042883479,,,,,72412.0,72408.0,0.42376954096006186,0.4195008530075395,3132.0,2959.0,3551.0,0.603716320842366,0.6187574596394246,0.9735349716446124,0.611183882235529,2.0,31.09756097560935,8.080689904715957,0.8852653105155527,0.1951747295112548,0.18733988309911703,0.1158189279940306,-2.7755575615628914e-17,0.3392932473287418,0.35120860419355115,0.38906837930754445,0.37959936162016394,1.065628564929687,1.0821842993729962,,,,
WMA,i012,D,True,30940.0,27979.0,0.4453135100193924,0.44183843588966354,9069.0,8870.0,3726.0,0.25255427841634737,0.35377677564825255,0.45311179949310054,0.2964490774290652,2.0,27.667040533886496,3.16839378238342,0.6767261088248743,0.13202255753696082,0.12217649748513947,0.06907483615302545,0.0,0.3271782854571612,0.3439961473940368,0.3976217948717949,0.3882522671063479,1.0988408647568073,1.166817592819584,,,,,29585.0,26392.0,0.4354424834146952,0.4379348630643967,3132.0,2959.0,3551.0,0.24037931414709449,0.25133488284439975,0.43505266000540105,0.25399201596806387,2.0,31.914893617020624,7.262469991997866,0.8795298427720959,0.19768739537479074,0.1922313844627689,0.11370189294220885,-2.7755575615628914e-17,0.30043832369426776,0.34201918726437647,0.3893779165407728,0.3786696726280691,1.0796111382662603,1.1268557933129542,,,,
McGinley Dynamic,i013,D,False,38069.0,38070.0,0.4752423231500696,0.4641531954643348,9069.0,8870.0,3726.0,0.4725989635020399,0.47598647125140925,0.8822866798085046,0.47427392831261495,5.0,33.74455732946428,2.262484823957912,0.7173085479804222,0.09675186631729867,0.09497206703910614,0.09096751866317299,-2.0816681711721685e-17,0.3299722367943054,0.3412490450090355,0.3978510564414884,0.38959360409004357,1.188149576091161,1.208612663271145,,,,,37376.0,37373.0,0.4516120415631594,0.44928542807533056,3132.0,2959.0,3551.0,0.3935583772065655,0.3955650480557824,0.857412908452606,0.3945546407185629,5.0,36.713805379747114,4.805746782400479,0.9065522772565985,0.14946266609080053,0.16145423134574832,0.1526892101318564,-3.122502256758253e-17,0.31130798296646983,0.33951446681390424,0.3889069846857023,0.37877344607069274,1.1351284211798434,1.1524520182813602,,,,
McGinley Dynamic,i013,D,True,15928.0,13982.0,0.46681967213114756,0.4809119424680591,9069.0,8870.0,3726.0,0.1695464362850972,0.2209695603156708,0.39136394790952705,0.19187245665867664,4.0,32.743902439024,1.971290009699321,0.716109957853683,0.1051770774359942,0.09832043781845631,0.08039252689186639,2.7755575615628914e-17,0.3023170061363652,0.33674553980743743,0.39798179535467665,0.3897419690660321,1.1541282522457157,1.2436499485013006,,,,,14950.0,13071.0,0.45548474911835674,0.4660992704906308,3132.0,2959.0,3551.0,0.16004955094456488,0.15428104780451032,0.3588981906562247,0.15718562874251496,6.0,36.28241619228197,4.271511827219746,0.8988657246055383,0.16168399302640923,0.1662684832440111,0.14393890363083295,-5.551115123125783e-17,0.27233522768270857,0.33588522912474916,0.3905901639344262,0.3790872924795349,1.128760234276778,1.198187455282614,,,,
Guppy MMA,i014,D,False,13244.0,12813.0,0.5048323769254002,0.5105987931301254,9069.0,8870.0,3726.0,0.2532804057779248,0.26110484780157833,0.6429061000685401,0.25714922793912703,14.0,41.87986651835353,0.976033391679009,0.6952822892498066,0.07432327919566899,0.11616395978344934,0.11423047177107502,2.0816681711721685e-17,0.3005322705701182,0.3370719868425485,0.3982001656751261,0.38962099587694266,1.2646178950231168,1.3220801933601234,,,,,12978.0,12287.0,0.4948094263847844,0.49969088098918085,3132.0,2959.0,3551.0,0.19033756580984826,0.1914064953828758,0.6011342155009451,0.19086826347305388,18.0,43.820224719099244,2.387312932767478,0.8922886725390202,0.11473053892215569,0.18538922155688622,0.1901796407185629,0.0,0.26995887425760695,0.336590906428693,0.38910358414791235,0.380642142101408,1.248657683652221,1.280091859360152,,,,
Guppy MMA,i014,D,True,5867.0,5136.0,0.5034739874597526,0.5177865612648221,9069.0,8870.0,3726.0,0.10353953026794575,0.1266065388951522,0.286726068083162,0.11494509169964881,12.0,41.019884541372775,0.8130841121495327,0.6797938903202061,0.08943687891056312,0.11428045638571954,0.11648877438351123,1.3877787807814457e-17,0.2875372372998035,0.3359402381431096,0.3971808224097684,0.38755985267035,1.2483082197960844,1.3433516575845594,,,,,5569.0,4807.0,0.48458844133099827,0.5097260817784836,3132.0,2959.0,3551.0,0.0836172189532363,0.08254287329606132,0.25438833378341885,0.08308383233532934,19.0,42.73023072372385,2.055582406959884,0.8803052866716307,0.12375399661463231,0.19108519842016175,0.195975173970284,-2.7755575615628914e-17,0.2532737298919991,0.33529193418677633,0.3881961471103327,0.3798210942375702,1.2312457262378829,1.3073359466476608,,,,
MA Cross,i015,D,False,16968.0,16966.0,0.471737447138007,0.47330012741804706,9069.0,8870.0,3726.0,0.34678575366633585,0.34092446448703495,0.8549234635595157,0.343887619153799,10.0,36.53995345228859,0.8784179194834023,0.6899519391974964,0.05046384262881413,0.1628478819716106,0.09673633620207892,0.0,0.3033404869990475,0.336216973490709,0.39819157043203,0.3898326063892491,1.1991245934526882,1.2197014925373135,,,,,16789.0,16790.0,0.4521953221173574,0.442757488715634,3132.0,2959.0,3551.0,0.24707339733663672,0.24593253345059363,0.8298676748582231,0.2465069860279441,10.0,39.53488372093088,2.171463457177743,0.8978834014110657,0.07756105931476291,0.25184464908768517,0.15866842075158727,-8.326672684688674e-17,0.2725469363869905,0.33548624286304146,0.3886244167503397,0.37821917808219174,1.1356225387361525,1.1347230046948356,,,,
MA Cross,i015,D,True,6941.0,6173.0,0.4756772089065381,0.47383768022031425,9069.0,8870.0,3726.0,0.12294630058440842,0.14464487034949267,0.3682466870540265,0.13367523273315124,10.0,36.86006825938592,0.725378318035227,0.6963866039952996,0.0486192714453584,0.1618683901292597,0.09312573443008225,-2.7755575615628914e-17,0.2866501202575607,0.3346092464509763,0.39863888034450934,0.3882181028724115,1.1916407292129836,1.2243104097777406,,,,,6502.0,5761.0,0.4627202255109232,0.4619238476953908,3132.0,2959.0,3551.0,0.09798699287705172,0.08895031094918023,0.3372940858763165,0.093500499001996,11.0,40.0,1.8628966639544344,0.8955075348308217,0.07247459653317394,0.25523012552301255,0.16049013747758517,-5.551115123125783e-17,0.2530316742886755,0.3344804472119858,0.3892760385310054,0.3792657524735289,1.1628854293962418,1.1898565375432861,,,,
EMA Cross,i016,D,False,14707.0,14708.0,0.5017555705604322,0.5020150456743686,9069.0,8870.0,3726.0,0.32351968243466755,0.31679819616685456,0.7793008910212474,0.3201962205251129,10.0,39.04218928164179,0.7997815401419989,0.7211604564828819,0.051629313900728724,0.09425271552316788,0.1329575140932215,2.7755575615628914e-17,0.3054154403948343,0.3387418957581793,0.3980661854827728,0.38924734838183306,1.2728630392148816,1.296118062239333,,,,,14430.0,14428.0,0.4778019882881656,0.4690181124880839,3132.0,2959.0,3551.0,0.2387736141220192,0.23405992838746154,0.7369700243046179,0.23643338323353294,10.0,41.87327823691463,1.9487321858226911,0.9102605547294239,0.07778566359119943,0.1603974449964514,0.22292405961674946,-5.551115123125783e-17,0.2759901266953035,0.3378668177676456,0.3887069547602971,0.37875311893540337,1.2003079028395482,1.2031335970864883,,,,
EMA Cross,i016,D,True,5867.0,5200.0,0.5005279831045406,0.5088461538461538,9069.0,8870.0,3726.0,0.11169919506009483,0.133032694475761,0.3299063285355266,0.1222476169240203,9.0,39.183673469387706,0.6739070662634039,0.7252135165243223,0.054771630152246564,0.09209060527292982,0.1279242480505013,2.7755575615628914e-17,0.2870525918164495,0.3355931987260656,0.39805429864253394,0.3906467129877072,1.2685475444096128,1.3238061472168432,,,,,5525.0,4846.0,0.478369384359401,0.48546974522292996,3132.0,2959.0,3551.0,0.09303189842056364,0.08750549657641812,0.29273561976775586,0.0902881736526946,11.0,41.704035874437885,1.689748201438849,0.9085664335664335,0.07997731140102099,0.15882019285309132,0.21648704859141615,-2.7755575615628914e-17,0.25367934444424745,0.3350171953461029,0.3889211545230552,0.3783223276929427,1.2090500021026958,1.2404322949777495,,,,
MA-EMA Cross,i017,D,False,41691.0,41687.0,0.42949317598522463,0.4209028740854096,9069.0,8870.0,3726.0,0.5647811225052376,0.5683201803833146,0.9408270504912041,0.5665310217960867,3.0,28.397790055248656,2.0323506757229888,0.6491969391187353,0.09659855364951228,0.17352001345442314,0.0806844937773293,-5.551115123125783e-17,0.33635672818092166,0.3456827032764069,0.3977975621414914,0.3888297999474175,1.0807917107903653,1.0849440362901237,,,,,41655.0,41654.0,0.4116395793499044,0.40219426705718536,3132.0,2959.0,3551.0,0.4458346237225147,0.4541114391607513,0.9297866594652984,0.4499438622754491,3.0,31.987054813141803,4.790911549905329,0.8730851622812336,0.1398062809353132,0.2601126472094214,0.12834954770438642,-8.326672684688674e-17,0.31413487730239403,0.3454509919067735,0.38927706219567776,0.3796154030825371,1.0347966365954993,1.0433820478539486,,,,
MA-EMA Cross,i017,D,True,17542.0,15706.0,0.4296545433815985,0.4237210218690484,9069.0,8870.0,3726.0,0.2046796256299496,0.27125140924464486,0.4347604485219164,0.23535314120073583,4.0,29.053055839656594,1.7296549479166667,0.6489701797599706,0.09569729049840155,0.1743095225617106,0.0810230071799172,0.0,0.30765612592634145,0.33959809994856016,0.39860704217566745,0.38795364828727874,1.0756878189483028,1.114835677506307,,,,,16672.0,15227.0,0.4236080904741192,0.4221316694256972,3132.0,2959.0,3551.0,0.18922266955713843,0.18468496764872167,0.4075074264110181,0.1869698103792415,4.0,33.121019108279334,4.298413648608201,0.8683557394002068,0.14023425134536247,0.2639548380289121,0.12762477577292392,-1.1102230246251565e-16,0.27596340588139373,0.33927379651686046,0.387846299249808,0.38007486701254345,1.0474871601817741,1.0849569775492038,,,,
SuperTrend,i018,D,False,9898.0,9897.0,0.512116147900564,0.5150045468323734,9069.0,8870.0,3726.0,0.26386591685963173,0.2545659526493799,0.6748914781814028,0.2592675176988684,9.0,41.97296656390749,0.4715318869165023,0.6879183933694613,0.03038996918499628,0.07884390606736798,0.20284773137817447,2.7755575615628914e-17,0.3044383252476655,0.3420799498569354,0.3979866580935541,0.3898400450124588,1.3068518884714255,1.326145128285849,,,,,9556.0,9555.0,0.473476932968976,0.46258339361787637,3132.0,2959.0,3551.0,0.17627748528956333,0.17425717695835166,0.6111261139616527,0.1752744510978044,10.0,45.3464833819789,1.7148514851485148,0.9116113923094357,0.05340349305866547,0.1278549037169727,0.35266457680250785,0.0,0.2733095882645043,0.3398564371042417,0.3889649049509087,0.3793924392439244,1.1896804160145402,1.18659793814433,,,,
SuperTrend,i018,D,True,3783.0,3637.0,0.505541346973572,0.5162328166130448,9069.0,8870.0,3726.0,0.08898445253059874,0.09898534385569335,0.2778158556088645,0.09392942750432019,10.0,42.43081931633228,0.3771113409169252,0.6911040278180237,0.03274413213561286,0.07418139669660968,0.2019704433497537,-2.7755575615628914e-17,0.28543249121742337,0.3364934488414071,0.3994445546518548,0.3885482540555403,1.282324455205811,1.335552949188453,,,,,3492.0,3419.0,0.4846260662566951,0.4817102137767221,3132.0,2959.0,3551.0,0.06336327036234128,0.06507946479050192,0.2371050499594923,0.06421531936127745,11.0,45.48022598870107,1.4920328343795268,0.9073221757322176,0.052886068298579635,0.13055303717135086,0.3535811423390752,-6.245004513516506e-17,0.25168516242657263,0.33551439542698813,0.38820687695368,0.38097225962833287,1.2132499006754072,1.2354930092296446,,,,
Ichimoku Cloud,i019,D,False,17786.0,17311.0,0.49471810770467334,0.4921564036525404,9069.0,8870.0,3726.0,0.27764913441393757,0.270913190529876,0.6609549920036555,0.27431852388650424,13.0,40.319413831631536,1.4964166879959049,0.70052212146194,0.08150590821654301,0.10431437208024183,0.11365759824127508,-1.3877787807814457e-17,0.309384914119432,0.33908970478167966,0.397093983036375,0.3894755326621401,1.2275453366953004,1.271481076785537,,,,,17418.0,16674.0,0.4864234075254739,0.487345567950102,3132.0,2959.0,3551.0,0.2126354908640446,0.20748790753188015,0.6235484742101,0.21007984031936128,17.0,42.18749999999934,3.1065817409766456,0.895863939428184,0.12819337839385955,0.17436132432122808,0.19412303814869974,-5.551115123125783e-17,0.281919743230496,0.33851193535242907,0.3886062930842784,0.37942005517572264,1.2235676727556264,1.2602815106580167,,,,
Ichimoku Cloud,i019,D,True,7492.0,6599.0,0.4963943883571522,0.4997486173956762,9069.0,8870.0,3726.0,0.09901863491013342,0.12051860202931229,0.2828421293123144,0.10964936730029544,12.0,38.80569758948122,1.3684867394695788,0.6919384441620782,0.08710998164619511,0.1108287448821121,0.11012282930961458,2.0816681711721685e-17,0.290665749568984,0.3363680726608891,0.40019184311496386,0.38983936960145477,1.2448419287487464,1.2837726599228056,,,,,7037.0,5967.0,0.48462354188759277,0.4967419305955448,3132.0,2959.0,3551.0,0.08751935583772065,0.07852252025881022,0.2535781798541723,0.08305264471057884,19.0,40.800912510019806,2.8249506903353057,0.8850877192982456,0.1386392811296534,0.18199971473398943,0.19355298816146055,-2.7755575615628914e-17,0.25798687207180154,0.3356486082369357,0.39040577716643743,0.3803921568627451,1.2038591985248113,1.2643080124869925,,,,
Parabolic SAR,i020,D,False,27401.0,27400.0,0.46631027554535015,0.46309022389714033,9069.0,8870.0,3726.0,0.493328922703716,0.49887260428410374,0.9111263422435458,0.4960700150510062,4.0,32.77936962750811,1.3221075502444324,0.6657962537427756,0.07819789708237587,0.13926606782257503,0.11673978135227352,-2.7755575615628914e-17,0.32980662394990773,0.34781779464799517,0.3989557116562113,0.3885911069873671,1.163906865757981,1.1938848406915274,,,,,26621.0,26620.0,0.4384132827467037,0.4346731780616078,3132.0,2959.0,3551.0,0.37794982966862806,0.3863936176895534,0.8914393734809614,0.38214196606786427,4.0,36.3636363636378,3.061536285188853,0.8827627587586253,0.11202590512935341,0.2169210100244583,0.18040580109545626,-6.938893903907228e-17,0.3035576830672024,0.34732706366956556,0.389433840413318,0.3789489051094891,1.0989021335894393,1.1159009373915056,,,,
Parabolic SAR,i020,D,True,11074.0,10136.0,0.46315694419360665,0.4690213101815312,9069.0,8870.0,3726.0,0.17724982001439885,0.23111612175873733,0.41768603465851173,0.20162773844695914,4.0,33.47398030942322,1.0993219717793659,0.6699920543833319,0.07407080427297608,0.14257967687825548,0.11335746446543657,1.3877787807814457e-17,0.30063385320291425,0.3395825485484299,0.3986174090868676,0.3881817267055746,1.1356012885941702,1.2161370529960815,,,,,10986.0,9938.0,0.44950749464668094,0.452304286576776,3132.0,2959.0,3551.0,0.1544750696810158,0.15748476663106978,0.38131244936537945,0.1559693113772455,5.0,37.24489795918286,2.6990105330354295,0.8798279569892473,0.10899653979238755,0.22136678200692042,0.17681660899653978,-6.938893903907228e-18,0.26807948513228375,0.3394392199218384,0.38831445400996834,0.38062134575364187,1.1141540878500307,1.1651869613116452,,,,
Directional Movement,i021,D,False,28058.0,28058.0,0.47120250908831707,0.45989674229203026,9069.0,8870.0,3726.0,0.39783879148748486,0.4029312288613303,0.8442692199380456,0.40035676459111436,6.0,35.17921868707179,1.6770708283313325,0.7183636927103061,0.07117523501256844,0.11769567163665164,0.09276540064047381,1.3877787807814457e-17,0.31645621161538934,0.3381974172085099,0.39876576772509786,0.3891791175953595,1.1834803279052717,1.1889778212256372,,,,,27504.0,27504.0,0.4502682325648833,0.44345311563282436,3132.0,2959.0,3551.0,0.32424899349643854,0.32627677617940826,0.8268971104509857,0.3252557385229541,7.0,37.83783783783705,3.6569354838709676,0.9066177193614999,0.10728256063131399,0.20092520153746726,0.15827068947923398,-4.85722573273506e-17,0.2942661886650942,0.3375564805903699,0.38964644664623277,0.37980392848326694,1.1291546792835294,1.1401246007282342,,,,
Directional Movement,i021,D,True,11252.0,10058.0,0.4647538956220628,0.4598329687810698,9069.0,8870.0,3726.0,0.1470842332613391,0.18139797068771138,0.36394790952707334,0.1620859250687111,6.0,34.49582134093902,1.4376118067978534,0.7197256177996658,0.07906076862193298,0.11995426963327764,0.08125934394512356,0.0,0.29387578874464015,0.33533616578085707,0.397644880737105,0.38882806891600863,1.1553256545420671,1.2050954407134673,,,,,11104.0,9920.0,0.4521656763971411,0.4534274193548387,3132.0,2959.0,3551.0,0.13230102198823165,0.12500785225202588,0.34323521469079127,0.1286801397205589,8.0,37.32556630103202,3.263436790310371,0.8994399185336049,0.11421649216924808,0.2087912087912088,0.14362907442914416,-4.85722573273506e-17,0.2631132463348785,0.3350598761461254,0.389592961251333,0.380315631262525,1.1371092608031874,1.1631455095549639,,,,
Vortex,i022,D,False,31142.0,31138.0,0.4573785813271456,0.4550853049297766,9069.0,8870.0,3726.0,0.4397397728525747,0.44126268320180384,0.9129540781357094,0.44049278109147666,7.0,34.054616046002764,1.8442595394183896,0.7029743469876701,0.06223338982060422,0.14886343715304154,0.08592882603868404,3.8163916471489756e-17,0.3181421773378536,0.33653407528992973,0.3982348204219681,0.3887340227374912,1.15045235374024,1.1743149018971948,,,,,31029.0,31046.0,0.44100499275245614,0.43244548938774197,3132.0,2959.0,3551.0,0.3405388665221431,0.34531063509014387,0.8941398865784499,0.34290793413173654,7.0,36.89320388349548,3.994041252864782,0.9046203110704483,0.09401865184240105,0.23515295118320725,0.13557519973267718,0.0,0.2921791208013206,0.3349782398486137,0.38945251145943516,0.3792018295432584,1.1073993788016048,1.1099308514815474,,,,
Vortex,i022,D,True,13098.0,11583.0,0.4578787204037705,0.4672375279225614,9069.0,8870.0,3726.0,0.15690814863821811,0.19988726042841037,0.4036697247706422,0.1781593176877195,7.0,34.111187371311246,1.5791374122367101,0.7086943531520765,0.06378846728413505,0.14729608604720645,0.08022109351658202,-2.0816681711721685e-17,0.2959510009386486,0.33513182642865175,0.3974413821472645,0.38974993910854916,1.1376334142488342,1.198694575258587,,,,,12155.0,10744.0,0.45064446401409014,0.44735435595938,3132.0,2959.0,3551.0,0.1411582533292041,0.13373955650480557,0.37564137186065355,0.1374750499001996,8.0,37.38317757009373,3.519371727748691,0.9012465477345675,0.09408476944573824,0.23932619158515758,0.13406303369042075,-6.245004513516506e-17,0.2635410555412753,0.3345302899398011,0.3891882155151709,0.3790161950856292,1.125722125264818,1.146928847932582,,,,
Williams Alligator,i023,D,False,17861.0,17582.0,0.4641472868217054,0.4537893328680277,9069.0,8870.0,3726.0,0.2786415260778476,0.27655016910935737,0.7246972812428604,0.2776074474608395,14.0,38.468315942792344,1.314524043179588,0.6619609856262834,0.06047227926078029,0.20826488706365504,0.06930184804928131,-1.3877787807814457e-17,0.29731101432891954,0.332607163616038,0.3985607615139079,0.3886663213031715,1.1542142897359382,1.1624187313952283,,,,,17544.0,17193.0,0.4392811152790997,0.4498827994195781,3132.0,2959.0,3551.0,0.2065035614741406,0.20177146805703877,0.6986227383202809,0.20415419161676646,16.0,40.86021505376328,2.935282258064516,0.8825574046766379,0.09376297218762972,0.32596513075965133,0.11083437110834371,-5.551115123125783e-17,0.2659976915134963,0.3313895825045418,0.38939029169699346,0.3789071133600884,1.1281254942558483,1.1576877816365776,,,,
Williams Alligator,i023,D,True,7449.0,6631.0,0.46851926433078267,0.45852297753633825,9069.0,8870.0,3726.0,0.10519351637446245,0.12401352874859076,0.3212245830477496,0.1144991359607559,14.0,38.30052143913967,1.0878612716763005,0.6428010471204189,0.06426701570680628,0.21714659685863874,0.07578534031413613,1.3877787807814457e-17,0.28557213251741115,0.33359328680962425,0.3954674020647716,0.3899744753261486,1.1467963276926523,1.158963130647765,,,,,7071.0,6168.0,0.43564356435643564,0.4438457175269427,3132.0,2959.0,3551.0,0.08597088882006813,0.08009297066398643,0.29462597893599785,0.08305264471057884,17.0,40.65040650406538,2.5358114233907525,0.8720520466251016,0.0945928338762215,0.3468403908794788,0.10853420195439739,-2.7755575615628914e-17,0.2509319429339945,0.333382024898409,0.3902640264026403,0.38070687418936455,1.1162790697674418,1.1381404312570451,,,,
Williams Fractal,i024,D,False,33312.0,32362.0,0.5084262623731362,0.5083777268533675,9069.0,8870.0,3726.0,0.4140478553313485,0.4298759864712514,0.8277358921635823,0.4218741289926975,7.0,38.500960922485774,2.9736395317665982,0.6643529089414558,0.05199866045605383,0.0929156391755716,0.19073279142691874,0.0,0.36027322672138196,0.36666488405490716,0.39718390115163144,0.389625177677523,1.2726706229303888,1.3128537776633478,,,,,31924.0,32245.0,0.4851247600767754,0.4809346628962643,3132.0,2959.0,3551.0,0.3268504180860948,0.32847540674665493,0.7742371050499595,0.3276571856287425,7.0,43.277310924369566,5.9998372130880675,0.8839218632607062,0.07845368533992261,0.1396755210196053,0.308580160613844,-5.551115123125783e-17,0.336083226271817,0.36554322819608936,0.38799649166771083,0.37919212280973796,1.2214109350106088,1.2332928774798293,,,,
Williams Fractal,i024,D,True,13908.0,12595.0,0.5077653149266609,0.5195705469608589,9069.0,8870.0,3726.0,0.1527180505017091,0.20653889515219842,0.3830275229357798,0.1793299515023134,7.0,39.823829392674114,2.4807653165072256,0.6345443349753694,0.05765086206896552,0.10606527093596059,0.20173953201970443,-2.7755575615628914e-17,0.3194211381857425,0.3487833151692876,0.39826795541131654,0.38861475102957693,1.2532559740044777,1.3293140936944061,,,,,12700.0,11829.0,0.4941442077042472,0.5037930208416513,3132.0,2959.0,3551.0,0.13998141839578818,0.138199635655506,0.34053470159330274,0.13909680638722555,9.0,44.148936170213126,5.202070689039629,0.8675283921099821,0.0788891619562546,0.15106086671581878,0.31826001474563775,-5.551115123125783e-17,0.2856063649754235,0.3485239575258771,0.3870344287949922,0.38034068813931865,1.2407330315940512,1.293755767456167,,,,
Aroon,i025,D,False,21482.0,21490.0,0.4603782395517161,0.45564242780313646,9069.0,8870.0,3726.0,0.40004410629617376,0.3980834272829763,0.8871373086588988,0.3990746418417972,8.0,35.22924608685152,1.14535410251766,0.6818124073681981,0.048994283294516196,0.1672242218928647,0.10196908744442092,2.7755575615628914e-17,0.31194684033914993,0.3383309674286356,0.39806892453951276,0.38924616100511866,1.1668270666710914,1.1739568353700782,,,,,21415.0,21454.0,0.4441702088760912,0.43153091489847134,3132.0,2959.0,3551.0,0.29160730876432334,0.29210377536277404,0.8730758844180394,0.2918537924151697,8.0,38.43137254901941,2.73046686988609,0.8959746537227344,0.07526691179727994,0.2510521419394852,0.1651973596774908,-2.7755575615628914e-17,0.28253211238086706,0.33771351248203324,0.38971670860124863,0.37950265684720796,1.1158123166482,1.1067290813341135,,,,
Aroon,i025,D,True,9055.0,8007.0,0.45758298980256024,0.46797297297297297,9069.0,8870.0,3726.0,0.14521998015216672,0.1765501691093574,0.39067278287461776,0.1607112994035342,9.0,35.861769180613095,0.9476428416250272,0.6857833443199297,0.04965941551307405,0.16600747088551968,0.0985497692814766,-4.163336342344337e-17,0.2913718279814799,0.3356562644330859,0.3977706660880885,0.38849150593945586,1.1600921783923004,1.206639776605647,,,,,8350.0,7400.0,0.45358277444405226,0.4519095669945076,3132.0,2959.0,3551.0,0.11811706410653453,0.11326088322130787,0.3626789089927086,0.1157060878243513,9.0,38.96103896103735,2.391544117647059,0.8931223764933807,0.0755338482507951,0.2546569741026806,0.15958655156746934,-8.326672684688674e-17,0.25776952267346687,0.33549779143927516,0.3871749617602071,0.3797702702702702,1.128378107055375,1.1632418214696696,,,,
Trend Strength Index,i026,D,False,23101.0,23103.0,0.47019609540712526,0.4650161922618033,9069.0,8870.0,3726.0,0.4251846951152277,0.42322435174746337,0.9010737948366461,0.4242153966218853,7.0,34.25864794726289,1.2055565172234723,0.6906889827754306,0.05837666558336042,0.1444995125121872,0.10643483912902177,-2.7755575615628914e-17,0.315934871561904,0.3399493663412894,0.39814630127482437,0.3890836395072401,1.1924212727035148,1.1981511165762717,,,,,23000.0,22999.0,0.44813979706877116,0.43714496335805036,3132.0,2959.0,3551.0,0.3158872716011149,0.3195552484452541,0.8798271671617607,0.3177083333333333,7.0,37.45019920318825,2.8597206966891573,0.90169992609017,0.09350463954318344,0.22227820464374187,0.16815719863962716,-4.163336342344337e-17,0.2875308249240412,0.33871193428103674,0.3891000389593524,0.3805382842732293,1.1255656416595423,1.1222683602925623,,,,
Trend Strength Index,i026,D,True,9582.0,8570.0,0.46636135644967835,0.4720366245978718,9069.0,8870.0,3726.0,0.15348991068475024,0.1918827508455468,0.3965341488277268,0.17247338201683482,7.0,34.698868916112716,0.9903292181069959,0.6975594361455922,0.05754260467073427,0.14264674942141806,0.10225120976225542,-2.7755575615628914e-17,0.2935140753463927,0.3363838566592981,0.397175987572126,0.3883783193093651,1.1836321461983057,1.2236847746859323,,,,,9012.0,8082.0,0.45845390657296403,0.45746737554374095,3132.0,2959.0,3551.0,0.12765562093527408,0.1245053081223695,0.36753983256818795,0.12609156686626746,8.0,38.09523809523752,2.47741935483871,0.8982528263103803,0.09178378378378378,0.22205405405405407,0.16713513513513514,-5.551115123125783e-17,0.2604803013038193,0.3361519599726191,0.39062261476392984,0.3785820341499629,1.1347961597676837,1.1737897037622655,,,,
Zig Zag,i027,D,False,11150.0,11151.0,0.5288363562257998,0.535889070146819,9069.0,8870.0,3726.0,0.5312899106002554,0.5348059875018166,0.5436132865244396,0.5311114759481201,5.0,43.464183533253866,0.0,0.2194170971829613,0.059627621965590384,0.33326834974169023,0.3805679943436248,-5.551115123125783e-17,0.3464839350259748,0.3678902875780616,0.39679029957203993,0.3894236292844834,1.3305351521511013,1.3759813804068117,,,,,4907.0,4904.0,0.5176675467670355,0.5289557939673089,3132.0,2959.0,3551.0,0.517745432022298,0.5250957974747158,0.5335480407944176,0.5213947105788423,10.0,43.825006383521725,0.0,0.4335222319093287,0.0722547285344945,0.45816639170398304,0.4167914001905021,-1.1102230246251565e-16,0.31573138986621707,0.36570247709018444,0.38945003089714064,0.3813272277947376,1.3171359720067344,1.334514277616382,,,,
Zig Zag,i027,D,True,3751.0,5177.0,0.5359019264448336,0.5360757427358799,9069.0,8870.0,3726.0,0.16694233101775277,0.25396018020636535,0.20285423037716616,0.21213822355289422,5.0,43.13275700197214,0.0,0.21101819970486965,0.05946263397445309,0.34677816035415643,0.3792424987702902,-5.551115123125783e-17,0.305167679138259,0.3476086133244802,0.3990367775831874,0.3896120150187735,1.3425861670136479,1.3784487989434986,,,,,1713.0,2129.0,0.5179466341595558,0.5318168730204434,3132.0,2959.0,3551.0,0.16283524904214558,0.2074250895156731,0.20163334272036046,0.20702676079461502,10.0,44.089456869009695,0.0,0.41390914189568145,0.07151370679380215,0.4648362942299222,0.4195470798569726,-1.1102230246251565e-16,0.27170545734964074,0.3465602756030575,0.3914668833807395,0.378305582761998,1.3230918275551868,1.3403726482701066,,,,
Linear Regression Curve,i028,D,False,97600.0,97595.0,0.4160040983606557,0.4036425026858341,9069.0,8870.0,3726.0,0.7531150071672731,0.76967305524239,0.987609124190369,0.7613021907575673,1.0,22.048973467021067,4.587070212529209,0.6357624571947725,0.11810748479977637,0.17498602278286393,0.07114403522258718,0.0,0.35793301342803724,0.35949917888474986,0.39885788247476056,0.3887231125028141,1.040373992778554,1.0406582130223405,,,,,96269.0,96270.0,0.4027232720683407,0.3881790796717565,3132.0,2959.0,3551.0,0.6707959120470735,0.677994848922671,0.9856872805833108,0.6743700099800399,1.0,26.08695652173899,10.455130455130455,0.8630414889759837,0.17074409845399202,0.26173520781325277,0.10929794595541541,-3.469446951953614e-17,0.3299985903965971,0.3563476517487636,0.388811475409836,0.37981094837436374,1.0096911450504547,1.021323429719879,,,,
Linear Regression Curve,i028,D,True,40900.0,37032.0,0.4192551304788447,0.41235778628687914,9069.0,8870.0,3726.0,0.27618135376756064,0.3846674182638106,0.46508664627930685,0.3241540777077875,1.0,23.075258075258112,3.930111618467783,0.6332474951851291,0.1172231719720413,0.1781394040379996,0.07138992880483001,0.0,0.33682911918140873,0.3472114669065092,0.39737043778139663,0.38817374162886153,1.0572785458577922,1.0649545704641097,,,,,39023.0,35416.0,0.4121515892420538,0.40138258803197235,3132.0,2959.0,3551.0,0.2649685742639762,0.276399271311012,0.44828517418309477,0.2832148203592814,1.0,27.241379310344204,9.45817344589409,0.8545614227686903,0.17151624627304185,0.2657293956342902,0.10946919410650939,-4.163336342344337e-17,0.3120187583121174,0.34539320021089637,0.389317202938941,0.37975491303365716,1.008257097485189,1.0340281811636296,,,,
Linear Regression Slope,i029,D,False,23101.0,23103.0,0.47019609540712526,0.4650161922618033,9069.0,8870.0,3726.0,0.4251846951152277,0.42322435174746337,0.9010737948366461,0.4242153966218853,7.0,34.25864794726289,1.2055565172234723,0.6906889827754306,0.05837666558336042,0.1444995125121872,0.10643483912902177,-2.7755575615628914e-17,0.315934871561904,0.3399493663412894,0.3990048564738531,0.38826453425545704,1.190392953858837,1.1993625673150894,,,,,23000.0,22999.0,0.44813979706877116,0.43714496335805036,3132.0,2959.0,3551.0,0.3158872716011149,0.3195552484452541,0.8798271671617607,0.3177083333333333,7.0,37.45019920318825,2.8597206966891573,0.90169992609017,0.09350463954318344,0.22227820464374187,0.16815719863962716,-4.163336342344337e-17,0.2875308249240412,0.33871193428103674,0.3895783732305961,0.38009478672985775,1.1231437156658717,1.125790096710071,,,,
Linear Regression Slope,i029,D,True,9582.0,8570.0,0.46636135644967835,0.4720366245978718,9069.0,8870.0,3726.0,0.15348991068475024,0.1918827508455468,0.3965341488277268,0.17247338201683482,7.0,34.698868916112716,0.9903292181069959,0.6975594361455922,0.05754260467073427,0.14264674942141806,0.10225120976225542,-2.7755575615628914e-17,0.2935140753463927,0.3363838566592981,0.3982301375943187,0.38939705171580474,1.1785573009047177,1.226928808896022,,,,,9012.0,8082.0,0.45845390657296403,0.45746737554374095,3132.0,2959.0,3551.0,0.12765562093527408,0.1245053081223695,0.36753983256818795,0.12609156686626746,8.0,38.09523809523752,2.47741935483871,0.8982528263103803,0.09178378378378378,0.22205405405405407,0.16713513513513514,-5.551115123125783e-17,0.2604803013038193,0.3361519599726191,0.38893795660233343,0.380475129918337,1.1347393453908257,1.174809551145796,,,,
Keltner Channels,i030,D,False,16964.0,17080.0,0.531971809249447,0.5380021715526602,9069.0,8870.0,3726.0,0.2220752012349763,0.24250281848928973,0.5567740461503313,0.2321757065611238,16.0,47.81943083334136,2.5671008785216602,0.5824372759856631,0.04518689196108551,0.1228878648233487,0.2494879672299027,0.0,0.33689079436056724,0.3575818677296736,0.39964717025811036,0.3881529738207262,1.3267439925327238,1.386057064710636,,,,,15898.0,16578.0,0.5144210277054226,0.5163930570581872,3132.0,2959.0,3551.0,0.16314648497986992,0.16822664740247503,0.4871725627869295,0.1656686626746507,17.0,52.07373271889409,5.9583137070183705,0.8773254115126132,0.0655306270149352,0.16935324692413975,0.3949601947496546,-1.1102230246251565e-16,0.3064176129213952,0.35486485323185896,0.3883098502956347,0.3790739279137069,1.2871879647569782,1.32737638217993,,,,
Keltner Channels,i030,D,True,7401.0,7497.0,0.5356280193236715,0.5367480325463518,9069.0,8870.0,3726.0,0.09328481640754217,0.12243517474633596,0.2670779072424035,0.10769831094263894,16.0,48.86271324126737,2.0764269590454694,0.5266485998193315,0.053297199638663056,0.14634146341463414,0.27371273712737126,0.0,0.306529940145763,0.3459877702538215,0.3976709241172051,0.3895424836601308,1.337345820625624,1.376730830987778,,,,,6624.0,6812.0,0.5306039724361573,0.5288390436282968,3132.0,2959.0,3551.0,0.07383090740167235,0.08078396884226396,0.22333243316230084,0.07728293413173652,21.0,52.559423544825165,4.947342759629449,0.8426389737324373,0.07605375687232743,0.1893708002443494,0.4129505192425168,-5.551115123125783e-17,0.2716457704082115,0.3446337610095835,0.3900588768115942,0.37792312879298723,1.3000728332119447,1.3560661125683406,,,,
Donchian Channels,i031,D,False,25968.0,25840.0,0.529451279875548,0.5312246881581079,9069.0,8870.0,3726.0,0.29374793251736686,0.30225479143179257,0.6920265021704364,0.29795417804782875,13.0,45.06802451314817,3.251970384523525,0.6045958458989933,0.03087966699231194,0.11557575500148665,0.24894873210720808,0.0,0.35756247428781135,0.37020897370166445,0.3976281726805987,0.38953366873065015,1.3138380206224844,1.3647193466160328,,,,,25584.0,24692.0,0.5103405886181214,0.5086773741511265,3132.0,2959.0,3551.0,0.2314648497986993,0.2301023933664175,0.6338104239805563,0.2307884231536926,14.0,49.16666666666553,6.853365384615385,0.8594628357276702,0.05002285097012755,0.16028916864015955,0.38879886991565915,-2.7755575615628914e-17,0.33387055430196283,0.36690065727921345,0.38869410569105683,0.37882326007326006,1.283461846220994,1.305616910215205,,,,
Donchian Channels,i031,D,True,10540.0,10620.0,0.5340543700672318,0.5334788937409025,9069.0,8870.0,3726.0,0.11368397838791487,0.1471251409244645,0.32282385195339275,0.13021907575673114,14.0,46.63787785317801,2.6735129367831423,0.5492019871049572,0.036359792833738504,0.1418454708804566,0.2725927491808477,-1.3877787807814457e-17,0.31696636989860455,0.3506357006458187,0.3971606706546466,0.38889830508474577,1.325451904454487,1.3692690439521384,,,,,10263.0,9473.0,0.5201786165641588,0.5268361581920904,3132.0,2959.0,3551.0,0.10102198823165066,0.10006909981782776,0.28112341344855524,0.10054890219560879,17.0,50.344827586206854,5.913987836663771,0.8233208955223881,0.05249237029501526,0.18402848423194304,0.4056968463886063,-1.6653345369377348e-16,0.2846470551603532,0.34953533017231503,0.3893257332164085,0.3782125937623372,1.2781363499664564,1.3546887484564538,,,,
Price Channel,i032,D,False,35619.0,35585.0,0.47895785956933096,0.46930124435936005,9069.0,8870.0,3726.0,0.49917300694674166,0.49887260428410374,0.9108978752570254,0.49902447182117177,4.0,34.107468123861224,2.0313007187572456,0.7026311651554065,0.09573352901095446,0.10011006866187955,0.10152523717175953,-2.7755575615628914e-17,0.3336439187973152,0.3449383146802369,0.3980472066564782,0.38888982009163037,1.1928300346048555,1.2134220505115545,,,,,34985.0,34969.0,0.44781230542819944,0.44686872117044457,3132.0,2959.0,3551.0,0.3979560235366987,0.3980149506878573,0.8900891169322172,0.3979852794411178,5.0,36.90476190476231,4.381584644248809,0.9052666615459457,0.1436159964770319,0.159386783364985,0.16164368480444774,-2.7755575615628914e-17,0.31060257326011714,0.34189283773193835,0.3896628204048401,0.3797120306557237,1.1250231076603672,1.1450096619933798,,,,
Price Channel,i032,D,True,15038.0,13402.0,0.47967194728725643,0.49153517422748194,9069.0,8870.0,3726.0,0.17510199580990185,0.23280721533258172,0.40468909276248727,0.20363453927197725,5.0,34.17393929264831,1.8099340175953078,0.7063192006481231,0.09775857412908452,0.09775857412908452,0.09816365109370781,0.0,0.3047491550058263,0.33879660675792783,0.3980615773374119,0.3878656002509213,1.1777382857418561,1.245648043669049,,,,,14041.0,12168.0,0.45695886450256273,0.4678114953344311,3132.0,2959.0,3551.0,0.16562403220811397,0.15415541177209624,0.37780178233864437,0.1599301397205589,6.0,37.22627737226341,3.914332784184514,0.8976182489097618,0.1465293829235834,0.1589269454367164,0.16039784268403726,-5.551115123125783e-17,0.27263084573963603,0.3370902614798765,0.3881010794896958,0.38068293885601573,1.135587961526528,1.2061175186244681,,,,
MA Channel,i033,D,False,37526.0,37378.0,0.49592282684005756,0.49115965323706884,9069.0,8870.0,3726.0,0.46234424964163634,0.4688838782412627,0.8745716244002741,0.46557779140420313,6.0,36.43136552922309,2.6357142857142857,0.7137235222650679,0.07844276583381755,0.08863768422164703,0.11919602767946753,1.3877787807814457e-17,0.3405811813662935,0.3494108920514963,0.39765397867987506,0.38801725750006677,1.2437433050929985,1.2684759234559164,,,,,37130.0,36775.0,0.4669968773554431,0.4649258922360747,3132.0,2959.0,3551.0,0.37268504180860945,0.3806143601985049,0.8439103429651634,0.37662175648702595,6.0,39.753592390204695,5.455164070769696,0.9079899497487437,0.12134406835359843,0.1420473217219849,0.2013637857377588,-2.7755575615628914e-17,0.32146344282312456,0.3466440568114652,0.38915685124980015,0.37962474507138,1.1743799946520626,1.1947543012323611,,,,
MA Channel,i033,D,True,15547.0,13898.0,0.4967276612795512,0.503752417794971,9069.0,8870.0,3726.0,0.1662807365751461,0.223337091319053,0.39576962283384304,0.1944924466246725,6.0,36.457311089302245,2.2592168099331422,0.70529982242863,0.08455129080726677,0.09274689250102446,0.11740199426307882,-1.3877787807814457e-17,0.3096904938104755,0.3415530179660961,0.3991593706382439,0.3892284241852363,1.2303049829866486,1.294465022014117,,,,,14532.0,12925.0,0.47557416571501077,0.489584089424403,3132.0,2959.0,3551.0,0.1562712914214927,0.1523965073182989,0.36375911423170404,0.15434755489021956,8.0,40.079365079365246,4.818825910931174,0.8958033729899333,0.12648778082963588,0.1469821818437918,0.20226776533558702,-5.551115123125783e-17,0.2787039354391055,0.33966582779744453,0.3875851475891546,0.380742746615087,1.1914393114574309,1.2578323138893033,,,,
Chande Kroll Stop,i034,D,False,44091.0,44223.0,0.5088566827697263,0.5178300884155304,9069.0,8870.0,3726.0,0.4453633256147315,0.46595264937993236,0.8517249257482293,0.45554378727911254,7.0,38.313807408703624,3.9035294117647057,0.6829567721982199,0.06171353023113063,0.0980711570696697,0.15725854050097976,-2.7755575615628914e-17,0.3642481485859495,0.3664591808639766,0.3983024691358025,0.3896345447581281,1.2832891467595742,1.3349728328920376,,,,,43092.0,42990.0,0.4919706674092639,0.4895181050912061,3132.0,2959.0,3551.0,0.3747909569526169,0.3847603492681701,0.8258169052119902,0.37974051896207583,8.0,41.26745075540238,7.898469228366135,0.8926608397909533,0.0981228262423174,0.151341178712659,0.24562866263280766,-2.7755575615628914e-17,0.3460273509210838,0.365401246542475,0.3890850740513937,0.3801174691788789,1.2351685101945098,1.2552797849687574,,,,
Chande Kroll Stop,i034,D,True,18236.0,16638.0,0.5168020474018026,0.5220579396562087,9069.0,8870.0,3726.0,0.16826730692276912,0.23393461104847801,0.39882772680937817,0.1983945593399855,8.0,39.43661971830941,3.277537186970439,0.6563190257298072,0.06710047161363501,0.10560563548444869,0.17097486717210914,0.0,0.3274873903646719,0.34965952523946386,0.39938527905095716,0.38904845912123054,1.2672812607011206,1.345435957806038,,,,,17601.0,15798.0,0.502992720409814,0.51268454353721,3132.0,2959.0,3551.0,0.16339423970269434,0.1601231233117658,0.3645692681609506,0.16177020958083832,10.0,42.03065903537837,6.954312990112513,0.8711280628756357,0.10196693616507783,0.16151804030409075,0.2548570049475081,-2.7755575615628914e-17,0.2940747060761362,0.3491873558385466,0.389014687882497,0.3798455500696291,1.2583207237162541,1.3126388546038017,,,,
52-Week High/Low,i035,D,False,1798.0,1705.0,0.5290102389078498,0.49630238290879214,9069.0,8870.0,3726.0,0.033520785092071896,0.03664036076662908,0.054350887074063645,0.03506326997045543,17.0,60.39300522805099,1.2287822878228782,0.16709844559585493,0.06874095513748191,0.3536269430051813,0.40803108808290156,0.0,0.28494020077456467,0.33857935134731676,0.4035974499089253,0.3879888268156425,1.3282732447817838,1.2738584836022357,,,,,1602.0,1217.0,0.5150166852057843,0.4659217877094972,3132.0,2959.0,3551.0,0.02719108082997832,0.024059300207299454,0.04779908182554685,0.02563622754491018,44.0,62.51595679693551,2.756160830090791,0.4997070884592853,0.0712799167533819,0.3907380607814761,0.4760665972944849,-5.551115123125783e-17,0.2492271325815937,0.33791156665789085,0.3958476517754869,0.38292611983711455,1.2724149776709035,1.2008639308855291,,,,
52-Week High/Low,i035,D,True,1692.0,1584.0,0.5196232339089482,0.49559082892416223,9069.0,8870.0,3726.0,0.030543610100341824,0.034498308906426155,0.04984511405237961,0.032499024471821174,17.0,61.13034623217952,1.2249752229930624,0.16805555555555557,0.06736111111111111,0.35208333333333336,0.4125,-5.551115123125783e-17,0.2840410332830607,0.3381681545226809,0.40049712192569337,0.3892581602373887,1.2977844536237324,1.2607964105440268,,,,,1464.0,1134.0,0.5106382978723404,0.4658753709198813,3132.0,2959.0,3551.0,0.025394859089501395,0.0224260317859162,0.044828517418309476,0.023920908183632735,45.0,62.56160867282055,2.7849315068493152,0.5009345794392523,0.07150715071507151,0.390625,0.4768976897689769,-5.551115123125783e-17,0.24843090690009476,0.3376462853495621,0.3901912399753239,0.3756188118811881,1.2561269419290522,1.1968287848757433,,,,
Majority Rule,i036,D,False,32803.0,34565.0,0.4735650015513497,0.46433300708158215,9069.0,8870.0,3726.0,0.43985003859300914,0.45411499436302144,0.8779986291980809,0.4469033948380623,6.5,33.9051820936542,2.269392917369309,0.6672738147020444,0.09080034797738147,0.14155611135276208,0.10036972596781209,0.0,0.3337506600746302,0.3461770455097835,0.39976526537206963,0.3888919427166208,1.165158570106253,1.1750377197287813,,,,,32230.0,33157.0,0.4484955644300826,0.4380738685010776,3132.0,2959.0,3551.0,0.33830907401672344,0.35454488347257995,0.8501215230893869,0.34636976047904194,8.0,36.6733466933867,4.7683863885839735,0.8921452429695076,0.13587033121916842,0.21541930937279774,0.16056377730796337,-1.3877787807814457e-17,0.30732388785307824,0.3445251162282427,0.39024045919950356,0.3792924570980486,1.1218972814275365,1.1235631748724084,,,,
Majority Rule,i036,D,True,13990.0,12719.0,0.4676445816956766,0.465210355987055,9069.0,8870.0,3726.0,0.15988532362994817,0.21285231116121758,0.3937308868501529,0.18607503205306875,7.0,34.519786792807984,1.899567610062893,0.6573694094734646,0.09146553522988106,0.14850107811087154,0.10266397718578285,2.7755575615628914e-17,0.3052554367381339,0.3398514123688394,0.398924350718279,0.3880377114998566,1.1461363797630029,1.1965029421288285,,,,,12888.0,11803.0,0.45722171113155474,0.45395238498686774,3132.0,2959.0,3551.0,0.1423970269433261,0.139518813995854,0.36402916554145287,0.1409680638722555,9.0,37.391304347826335,4.2343096234309625,0.8835173994582205,0.13719903120102578,0.2205442370708078,0.16070665336942586,-3.469446951953614e-17,0.2716214266543345,0.3388335893574255,0.38876862197392925,0.3793993052613742,1.1456398681252278,1.1714373026382805,,,,
ADX,i037,F,False,,,,,,,,,,,,,,,,,,,,,,,,,,0.4974403068776186,0.5570041715036549,0.5178290121821404,1.0504290235613145,,,,,,,,,,,,,,,,,,,,,,,,,,0.4973698237242535,0.2646235116819229,0.25211501090620664,1.0414332268389737
ADX,i037,F,True,,,,,,,,,,,,,,,,,,,,,,,,,,,,,,,,,,,,,,,,,,,,,,,,,,,,,,,,,,
MACD,i038,D,False,25588.0,25588.0,0.4711029152116765,0.4600594028450836,9069.0,8870.0,3726.0,0.467195942220752,0.4685456595264938,0.9113548092300663,0.4678633145660293,4.0,32.90082569364353,1.274188337909869,0.6855041395623891,0.08452838557066825,0.11819929036073329,0.11176818450620934,2.7755575615628914e-17,0.3260247873882614,0.34562487750617144,0.39938772326651584,0.3877458248790385,1.180530990372573,1.1880828388034395,,,,,25115.0,25115.0,0.4321815771000702,0.427189766788862,3132.0,2959.0,3551.0,0.35137813564571074,0.35379106727809534,0.8771266540642723,0.3525760978043912,5.0,36.25899280575518,3.0671330753200357,0.8951723194748359,0.12573629361123698,0.18237426370638876,0.18316719528772088,-2.7755575615628914e-17,0.29978018155592806,0.3441859885711441,0.38976929414995876,0.3799203663149513,1.0821103201804494,1.0955698133210647,,,,
MACD,i038,D,True,10588.0,9574.0,0.47279939554212314,0.4688740338416545,9069.0,8870.0,3726.0,0.16308303010254713,0.21431792559188276,0.4064729867482161,0.18841629968225654,5.0,34.596200863519655,1.103235747303544,0.6934470797787569,0.07724758601293709,0.11615262023061779,0.1131527139776882,2.7755575615628914e-17,0.29915307492872606,0.33916798685518684,0.3974583002382844,0.38969055888853804,1.1619162566149845,1.214172089660159,,,,,10072.0,9086.0,0.4494091580502216,0.4486896116198295,3132.0,2959.0,3551.0,0.14351192319603592,0.14058672027137384,0.3724007561436673,0.14205963073852296,6.0,37.77777777777837,2.7525354969574036,0.8950187466523835,0.11624143183549124,0.17945544554455445,0.19611576542269613,-6.938893903907228e-17,0.2671846445998908,0.3388599795675528,0.3896424349881797,0.38053048646268983,1.1148094006521985,1.1513997488149739,,,,
RSI,i039,D,False,38082.0,38083.0,0.47599915970799855,0.4635146356653519,9069.0,8870.0,3726.0,0.4718271033189988,0.47598647125140925,0.8814418473669389,0.4738837170410837,5.0,33.796815429468744,2.2641081693789977,0.7171205456432561,0.09711856867493698,0.09467207038007217,0.0910888153017348,-4.163336342344337e-17,0.3300088395687264,0.3412754017361586,0.39797217920649325,0.38981141413352094,1.1924043385603869,1.2039954603449856,,,,,37387.0,37384.0,0.45242163720830886,0.4487076791626615,3132.0,2959.0,3551.0,0.3943016413750387,0.39619322821785286,0.8566027545233594,0.3952407684630739,5.0,36.723163841807526,4.807329842931937,0.9063806006414618,0.15000507202272267,0.16068167985392576,0.15231284236153378,-5.551115123125783e-17,0.311179430470582,0.33970512840044353,0.38927839924373725,0.3794698266638134,1.136817247151248,1.1476904479783097,,,,
RSI,i039,D,True,15923.0,13968.0,0.46856993190151913,0.47911397256074195,9069.0,8870.0,3726.0,0.17026810724289715,0.2201803833145434,0.39113548092300665,0.19221032836684507,4.0,32.747497071040236,1.9720713731574864,0.7147075453917195,0.1061757868945153,0.0981968964000754,0.08091977131368977,0.0,0.3023047603816971,0.33673409347399935,0.3993594171952522,0.38970861970217646,1.1543308538759454,1.2441880790071669,,,,,15011.0,13047.0,0.4565284557869369,0.46470504009163804,3132.0,2959.0,3551.0,0.161350263239393,0.15453231986933852,0.358358088036727,0.15796531936127745,6.0,36.29629629629705,4.269336071184121,0.8983158161327086,0.16193731458790145,0.16548432864697538,0.1435884144365969,-2.7755575615628914e-17,0.27228281529084736,0.3359028724956681,0.38849201152435825,0.3780026059630567,1.1304587324417785,1.1924422930310739,,,,
Stochastic,i040,D,False,127742.0,127747.0,0.41436911972187795,0.4037124604640967,9069.0,8870.0,3726.0,0.81155584959753,0.830890642615558,0.9936289500509684,0.8211160042365795,1.0,19.97735986128951,5.8987096097356275,0.6287360845233887,0.1217024739366208,0.1825937314488104,0.06696771009118013,-1.3877787807814457e-17,0.36023645285896366,0.36871216378451427,0.39871065917991794,0.3892531632628988,1.0343017217923811,1.0385966749680016,,,,,127158.0,127163.0,0.40133534657669984,0.3866940123838525,3132.0,2959.0,3551.0,0.7465469185506348,0.7577109114894152,0.9901759195796207,0.7520895708582834,1.0,24.418604651162852,13.555944055944057,0.8599917696010869,0.17563129130486815,0.26687100248660295,0.10416472747097855,-5.551115123125783e-17,0.31413413952867697,0.36532496978445983,0.3892169242881307,0.3795208498046921,1.0065829376174202,1.0141094899653726,,,,
Stochastic,i040,D,True,53403.0,48600.0,0.41662807748707265,0.4108619893353487,9069.0,8870.0,3726.0,0.28991060025542786,0.4180383314543405,0.46992864424057085,0.3486258988795362,1.0,20.864120793647217,5.126198465963567,0.6269051039447829,0.12101847723782633,0.18272485593038423,0.06935156288700649,1.3877787807814457e-17,0.3487573444428527,0.3519483844522138,0.3973178201852154,0.3888731913602488,1.0500556477950702,1.066875348040791,,,,,51522.0,46980.0,0.4112128532104938,0.4008641975308642,3132.0,2959.0,3551.0,0.2807365751461021,0.30969281990074754,0.4509856872805833,0.3155563872255489,1.0,25.673086879983376,12.297390448055145,0.8530412978861195,0.17723711340206186,0.269080412371134,0.10431340206185567,-5.551115123125783e-17,0.3276696963107178,0.35078371655564516,0.3890098016516169,0.3790974882928905,1.006582204213344,1.0337664129387947,,,,
Stochastic RSI,i041,D,False,76955.0,76901.0,0.4215710480150737,0.40783677254811035,9069.0,8870.0,3726.0,0.707685522108281,0.7264937993235626,0.9805688538439876,0.7169853392050839,1.0,23.652570974786077,3.655425904317386,0.6361156089878668,0.11729476742896436,0.17608632965862964,0.07050329392453919,1.3877787807814457e-17,0.3476902214466637,0.3537476375091648,0.39788699418581963,0.3891218941069338,1.0545490770916646,1.0513976795000364,,,,,76413.0,76485.0,0.4082673222252572,0.39398574883964177,3132.0,2959.0,3551.0,0.6150510994115825,0.6215214523525348,0.9751552795031055,0.6182634730538922,1.0,27.777777777777775,8.37672300131847,0.8660289690676672,0.16923595884634846,0.25997638724911454,0.10883229324787766,-3.469446951953614e-17,0.33758703295674847,0.3517744377733838,0.38919823273341564,0.37958553964829705,1.0260886336852462,1.0256487406307877,,,,
Stochastic RSI,i041,D,True,32499.0,29352.0,0.42191985645933017,0.4138930604547201,9069.0,8870.0,3726.0,0.2611749680715198,0.3591882750845547,0.4599898063200816,0.30486649200066895,1.0,24.584895554365975,3.0887408394403733,0.634689178818112,0.11764060958228265,0.1792566604538976,0.06841355114570771,0.0,0.32696889725489264,0.3437103655230626,0.3968974282296651,0.38927894936229324,1.0630450752509935,1.0768611603916156,,,,,30815.0,28181.0,0.4164435828794732,0.4031411828836195,3132.0,2959.0,3551.0,0.2517366854118425,0.2535963314278535,0.4409937888198758,0.25948103792415167,2.0,28.869609409031572,7.534828496042216,0.8571705480021045,0.17092184759306178,0.2659186457666286,0.1057437982014088,-3.469446951953614e-17,0.2980215874422268,0.3424607640128452,0.38956770850098177,0.38064476065434155,1.0184286370032585,1.0385928572055505,,,,
Connors RSI,i042,D,False,152905.0,152903.0,0.42020862627121414,0.4110495876342134,9069.0,8870.0,3726.0,0.8339397949057228,0.8561443066516348,0.9959492303537673,0.8449188917999888,1.0,20.515437870839573,7.15200451143238,0.6365537174835496,0.12031575828390292,0.1830369372340961,0.060093586998451395,-1.3877787807814457e-17,0.3420515608904577,0.3613878939450544,0.39844966097670365,0.3891174117509317,1.0513059538537035,1.059581729539829,,,,,151331.0,151329.0,0.4070851911458196,0.39549590627044384,3132.0,2959.0,3551.0,0.7781356457107463,0.797914441861926,0.9936029243774275,0.7879553393213573,1.0,24.46808510638245,16.019086496028244,0.8668531391065939,0.1759753396712332,0.26909400341502726,0.09414429898958022,-1.3877787807814457e-17,0.29094088384583566,0.35731384365260865,0.3888172394624113,0.37931361470702907,1.021672825992493,1.0320360011377334,,,,
Connors RSI,i042,D,True,64620.0,58375.0,0.42193152454780364,0.41866577294856416,9069.0,8870.0,3726.0,0.30236270753512134,0.43122886133032695,0.47298674821610603,0.3609865470852018,1.0,21.185468451242986,6.212671272982785,0.6347114067967745,0.12016763717340488,0.1838476327473409,0.061273323282479704,-1.3877787807814457e-17,0.34683932176287496,0.3496504790414637,0.3979177460152988,0.3891411296081761,1.0617777990522235,1.0807534617787358,,,,,61347.0,55177.0,0.41610939066169983,0.4076573875802998,3132.0,2959.0,3551.0,0.28856544271694784,0.3222564231421572,0.4555765595463138,0.32962200598802394,1.0,25.35211267605656,14.488450433108758,0.8595178954499266,0.17766767439256523,0.2720719964169746,0.09342458851192476,-1.1102230246251565e-16,0.3311132236255637,0.34749942389485916,0.3892603359173127,0.3792214147199014,1.0199311046947013,1.049893894406184,,,,
Awesome Oscillator,i043,D,False,13963.0,13964.0,0.4855837853268627,0.4963668430335097,9069.0,8870.0,3726.0,0.3105083250634028,0.30090191657271703,0.7838702307516564,0.3057584034784548,10.0,38.7604871521735,0.7421489457155676,0.7019162526614621,0.042725337118523776,0.1466997870830376,0.10865862313697658,-2.7755575615628914e-17,0.29916889012383163,0.33589865356425325,0.39840097519001866,0.3881194500143226,1.2453327476389193,1.2717430530494405,,,,,13814.0,13813.0,0.46701563172235766,0.46382734638273465,3132.0,2959.0,3551.0,0.2193868070610096,0.21427225328224134,0.7434512557385903,0.21684755489021956,11.0,41.4045706900872,1.8476208459214503,0.9028234189524512,0.07002029573789505,0.24079300126993086,0.17925485648013917,-2.7755575615628914e-17,0.2679067104317206,0.33512846541512836,0.3899229232086783,0.37866140592195763,1.17222512193805,1.1861563144625258,,,,
Awesome Oscillator,i043,D,True,5578.0,4992.0,0.4863157894736842,0.5042067307692307,9069.0,8870.0,3726.0,0.10861175432793031,0.12559188275084554,0.334704135252456,0.11700763699202854,11.0,39.131145129474206,0.6251402918069585,0.7071346375143843,0.045454545454545456,0.1401994629842731,0.10721135404679709,0.0,0.2845624398524677,0.33447095387330306,0.3976768930661465,0.39010416666666664,1.2269091601599693,1.2924925541747971,,,,,5249.0,4639.0,0.4747295619790743,0.4837709323961133,3132.0,2959.0,3551.0,0.08355528027253019,0.07902506438846661,0.2975965433432352,0.08130613772455089,13.0,41.50943396226444,1.5919487648673376,0.9018135189595164,0.06793848549737201,0.2433326844461748,0.1744208682110181,-4.85722573273506e-17,0.25026470147037017,0.33422964081624656,0.3915004659832247,0.3771071351584393,1.193756967670011,1.2363943781041953,,,,
Accelerator Oscillator,i044,D,False,38116.0,38113.0,0.433859796410956,0.4280467971250197,9069.0,8870.0,3726.0,0.5405226596096593,0.542728297632469,0.9371715787068768,0.5416132448854452,4.0,29.685714285713683,1.8748009842234765,0.6556162975422858,0.08020278478646856,0.1865713484721054,0.07760956919914026,0.0,0.3285988345924545,0.3421060623311932,0.3991129919815523,0.38866549351263324,1.099298975425622,1.1042388479861411,,,,,37877.0,37874.0,0.4157276872281327,0.4085388393092887,3132.0,2959.0,3551.0,0.4182719108082998,0.4245241535272316,0.9246556845800702,0.421375998003992,4.0,32.89473684210434,4.433471645919779,0.8774686817350987,0.11456315267211643,0.27975712328119834,0.12699050229173559,-5.551115123125783e-17,0.30454509357253073,0.34140570661400255,0.3884392381152272,0.37939615567407714,1.04162905137237,1.0491829746584234,,,,
Accelerator Oscillator,i044,D,True,15890.0,14444.0,0.43868504497508576,0.43526769542853005,9069.0,8870.0,3726.0,0.19384717168375787,0.25749718151071027,0.4288990825688073,0.22531913707564524,4.0,30.80987964708879,1.5987196765498652,0.6607849988353133,0.07768460284183555,0.18273934311670162,0.07879105520614954,2.7755575615628914e-17,0.3033682032112402,0.33794045865788847,0.3982628075960188,0.3888787793952968,1.087951428549526,1.1251223680499098,,,,,15224.0,13803.0,0.43035467802916644,0.426511758118701,3132.0,2959.0,3551.0,0.17695881077733044,0.17161882027765563,0.4031866054550365,0.17430763473053892,4.0,33.86881720430112,4.031308121512709,0.8741058655221745,0.11243160557745485,0.28052009178090254,0.12872859916455845,-2.7755575615628914e-17,0.27119000505110197,0.33775568566351805,0.3875752281110464,0.37915308266318914,1.0665020784223325,1.0967730324136564,,,,
Momentum,i045,D,False,45842.0,45866.0,0.4547140177130143,0.445594737409684,9069.0,8870.0,3726.0,0.5362222957327158,0.5452085682074408,0.9469956591272561,0.5406655889402977,4.0,31.402334538304995,2.55980930366946,0.6956011846786857,0.08928819893060884,0.1359200143115546,0.07919060207915085,2.7755575615628914e-17,0.334101101264801,0.3416945311574057,0.39783682209500504,0.3892050400417827,1.1480164621228532,1.149284617609755,,,,,45560.0,45535.0,0.4338591967836385,0.4237872767759682,3132.0,2959.0,3551.0,0.42681944874574174,0.4440605565676236,0.9330272751822847,0.43537924151696605,5.0,34.26573426573442,5.6165236645447,0.8995870296726828,0.13289314990085652,0.2085692675647499,0.13107381589975264,0.0,0.315570275426903,0.3391641602746987,0.38841128223026916,0.37906225980015373,1.090545602337511,1.0854516377950998,,,,
Momentum,i045,D,True,19363.0,17213.0,0.4501522070015221,0.4595114087301587,9069.0,8870.0,3726.0,0.19301655867530598,0.2608793686583991,0.42252803261977573,0.22465020346730588,5.0,31.561682630733408,2.203067071115605,0.6984849242462123,0.08975448772438623,0.13540677033851692,0.07635381769088455,-2.7755575615628914e-17,0.30749025884910247,0.3377995545778803,0.3984911151960783,0.38946928879310344,1.1257735884985243,1.1906586876876666,,,,,18080.0,16128.0,0.4447938504542278,0.4397822098597384,3132.0,2959.0,3551.0,0.17633942397026944,0.17827752999560273,0.3988657844990548,0.17730164670658682,6.0,34.969325153374506,5.008986674930275,0.8962106299212599,0.13361913124322092,0.2153297866845721,0.12736945405712516,-8.326672684688674e-17,0.27714285844339054,0.3362904865963985,0.38882637529897807,0.3798952132936508,1.104363667910124,1.1288766682111309,,,,
Chande Momentum Oscillator,i046,D,False,48633.0,48650.0,0.4542831825581635,0.44324246947915175,9069.0,8870.0,3726.0,0.5572830521556952,0.561217587373168,0.9527073337902673,0.5592284965717153,4.0,30.814875436778376,2.665188001689903,0.6921677823404774,0.09262905252104779,0.13581219178339052,0.07939097335508428,1.3877787807814457e-17,0.3368558149596808,0.3429938276489067,0.39837067000677606,0.3894461323698473,1.142020864710172,1.1411137902351194,,,,,48278.0,48255.0,0.4299706371532412,0.42365330924618166,3132.0,2959.0,3551.0,0.44886961907711365,0.46196369118663233,0.943289224952741,0.4553705089820359,4.0,34.12747963788072,5.898899306971056,0.8983093344795472,0.1367979850416258,0.21441618119244005,0.13101074772644247,-5.551115123125783e-17,0.32002338242493517,0.3403191408749191,0.3889824221567375,0.38018547300797845,1.079323026331049,1.0878354515120685,,,,
Chande Momentum Oscillator,i046,D,True,20304.0,18256.0,0.4528922223363814,0.4566947429567238,9069.0,8870.0,3726.0,0.20028797696184306,0.26832018038331457,0.4278797145769623,0.2325101733652935,4.0,31.200514156534208,2.290259101344703,0.6941965339755395,0.09415875714218255,0.13684657883552911,0.07479813004674883,-2.7755575615628914e-17,0.3093480674163012,0.3383208977080023,0.3987777512532824,0.3885997458703939,1.1140510511948662,1.19498326194883,,,,,19163.0,17215.0,0.44208339235963545,0.4426789011357914,3132.0,2959.0,3551.0,0.1869928770517188,0.1849990577297569,0.4048069133135296,0.18600299401197604,5.0,34.54915003695432,5.263269639065817,0.892829035692792,0.13976770180298392,0.21524031685862857,0.12868736939301162,-5.551115123125783e-17,0.28003038249406864,0.3367415539063294,0.3894046028973595,0.37928841126924195,1.09752523417076,1.1343531806907625,,,,
Price Oscillator,i047,D,False,13952.0,13953.0,0.5062660210766163,0.5028268551236749,9069.0,8870.0,3726.0,0.31513948616164955,0.30620067643742954,0.7722184144391135,0.31071966107363846,10.0,39.455174574570194,0.7557516193879831,0.7194464675892207,0.0493809176984705,0.09825200291332847,0.13292061179898035,-6.938893903907228e-18,0.30388624464829095,0.3383691774206144,0.39748779787539484,0.3885974342435318,1.2883212940241247,1.2978839839474643,,,,,13686.0,13684.0,0.4775337352856733,0.47318929007250016,3132.0,2959.0,3551.0,0.23028801486528336,0.22545386016709593,0.7267080745341615,0.2278879740518962,10.0,42.15246636771237,1.854174537211938,0.9088794636749213,0.07664562669071236,0.16283438533213104,0.22392545837090472,-2.7755575615628914e-17,0.27416995120452503,0.33773647051685934,0.3902912275704927,0.3805064308681672,1.2013796092311024,1.211998639443275,,,,
Price Oscillator,i047,D,True,5519.0,4951.0,0.501680358476475,0.5101999596041203,9069.0,8870.0,3726.0,0.10850148858749586,0.12795941375422773,0.326022389764679,0.11812252633926083,10.0,39.634656730833626,0.6356457980823463,0.7259215219976218,0.05212049147839873,0.09314308363059849,0.1288149028933809,2.7755575615628914e-17,0.28637520795956295,0.33548219614357816,0.39739255014326647,0.3882315921963499,1.287742451509698,1.3275871130498766,,,,,5235.0,4565.0,0.47924796026959915,0.4921334172435494,3132.0,2959.0,3551.0,0.08882006813254878,0.08411332370123752,0.2878746961922765,0.08648328343313373,12.0,41.99999999999978,1.5912007332722273,0.9085308941571775,0.07614826752618856,0.16337630942788073,0.22038678485092666,-1.3877787807814457e-17,0.25277181975436985,0.33505494332130303,0.38819081404032857,0.3816867469879518,1.216596501497107,1.267628464905171,,,,
Detrended Price Oscillator,i048,D,False,24373.0,24360.0,0.4852500718007631,0.4804193522069022,9069.0,8870.0,3726.0,0.3777704267284155,0.37316798196166856,0.8327621658670322,0.37549473214783435,8.0,36.90818728747089,1.5342452557557076,0.7295349577958273,0.07895365504061157,0.08580187928014014,0.10570950788342093,-4.85722573273506e-17,0.31605033749763306,0.3388729524544359,0.39905546035859074,0.38938811334949425,1.212502747966505,1.2369304128177794,,,,,23779.0,23774.0,0.46027500313453423,0.4557803226615397,3132.0,2959.0,3551.0,0.2980489315577578,0.29172686726553176,0.8109640831758034,0.2949101796407186,9.0,39.59731543624077,3.2568269391857934,0.9130518604202815,0.12593587239583334,0.14750162760416666,0.17777506510416666,-5.551115123125783e-17,0.29103502398876563,0.3377854879453854,0.38857342140893614,0.3789013207705897,1.1534111141366958,1.1705039446143939,,,,
Detrended Price Oscillator,i048,D,True,9979.0,8816.0,0.48198770926043655,0.4887640449438202,9069.0,8870.0,3726.0,0.13239740820734341,0.16505073280721533,0.36120630568882794,0.14733262723674675,8.0,36.29869303951604,1.3714488636363635,0.7339487605020226,0.08360128617363344,0.0833938388134011,0.09905611451094284,6.938893903907228e-18,0.2935536507339927,0.335899201293576,0.39979479479479474,0.38971161801205534,1.1911802598804895,1.2607434095628376,,,,,9325.0,8188.0,0.46526526526526524,0.4722845999290864,3132.0,2959.0,3551.0,0.11848869619077114,0.10804698787612287,0.3302727518228463,0.11330464071856287,11.0,39.726027397260665,2.920558882235529,0.9061894565106556,0.12986318939717828,0.1513467293715263,0.16626226395189367,-5.551115123125783e-17,0.26139069403443155,0.33491420598822197,0.38827611782157234,0.3813812896922325,1.1637601872832661,1.2118822690948792,,,,
TRIX,i049,D,False,6616.0,6616.0,0.4969770253929867,0.5004466944609887,9069.0,8870.0,3726.0,0.17058110045208955,0.1629086809470124,0.5787068768562943,0.16678744634595016,21.0,43.306169965075135,0.2908597285067873,0.6382113821138211,0.05540499849442939,0.19497139415838602,0.11141222523336344,0.0,0.2877393749900669,0.3352870639591941,0.39793970610513557,0.38889056831922614,1.2416391898257184,1.2930155615827035,,,,,6599.0,6596.0,0.4751232631107127,0.4835680751173709,3132.0,2959.0,3551.0,0.11192319603592443,0.1106853445568189,0.5230893869835269,0.11130863273453094,22.0,46.15384615384577,0.8889182058047493,0.8664403778040142,0.0892451973982756,0.3140220844047799,0.1716835577068522,-8.326672684688674e-17,0.2533651458437055,0.3348942884811655,0.3903705363812938,0.38010915706488785,1.2171084106784043,1.2380527713693026,,,,
TRIX,i049,D,True,2500.0,2257.0,0.5042834890965732,0.5004115226337449,9069.0,8870.0,3726.0,0.05656632484287132,0.0588500563697858,0.23052318939913183,0.057695523719270864,20.0,42.629089512942485,0.22847358121330724,0.6364023870417732,0.054987212276214836,0.20119352088661552,0.10741687979539642,2.7755575615628914e-17,0.27909323513178325,0.3342038828305513,0.3991822429906542,0.3893442622950819,1.2632913862062238,1.2851756734604665,,,,,2324.0,2121.0,0.47217675941080195,0.4893917963224894,3132.0,2959.0,3551.0,0.04063177454320223,0.038256171870092344,0.19821766135565758,0.039452345309381236,23.0,45.60669456066899,0.7392491467576792,0.8696943972835314,0.08577494692144373,0.3205944798301486,0.18471337579617833,1.3877787807814457e-17,0.24383717929074467,0.33395061540346554,0.39024140752864156,0.3798311444652908,1.2099606815203146,1.2508284629752364,,,,
Fisher Transform,i050,D,False,60417.0,60415.0,0.43322243739344884,0.423042037040091,9069.0,8870.0,3726.0,0.6724004851692579,0.6900789177001128,0.9792095042266392,0.6811416466915658,2.0,26.008968609865068,2.887306876704029,0.6456426350507076,0.10536715776014878,0.17228954174294597,0.07670066544619766,-2.7755575615628914e-17,0.34407372846444284,0.35178333082221713,0.39804724725394147,0.3893016626295583,1.0815719480645278,1.0917579763407044,,,,,59813.0,59810.0,0.410546202330597,0.40440481911737897,3132.0,2959.0,3551.0,0.5596779188603282,0.5690055908034424,0.9721847150958682,0.564308882235529,2.0,30.348258706467625,6.5710268948655255,0.8711287016750301,0.1524982727446455,0.2543254884090141,0.12208387846002322,-4.85722573273506e-17,0.33385112018067414,0.3506253647719748,0.389190128606187,0.37909533831596043,1.0314006821121957,1.042638790947107,,,,
Fisher Transform,i050,D,True,25388.0,23008.0,0.4307546872538207,0.42452530928535825,9069.0,8870.0,3726.0,0.2462985194077631,0.33664036076662907,0.45423824274852154,0.2876971960532917,2.0,27.01014832162413,2.4692939701991365,0.6477457022380798,0.10375896493314593,0.17234295599524274,0.07615237683353156,-4.163336342344337e-17,0.3202895215488398,0.3421619159605238,0.39743653942452134,0.3890377979295402,1.0711533895142886,1.121077038145101,,,,,24279.0,22067.0,0.4232388542214871,0.4221575104311544,3132.0,2959.0,3551.0,0.2393310622483741,0.23123311765814436,0.4374831217931407,0.23531062874251496,2.0,31.458036609167557,5.95421295041994,0.8653963908799481,0.15237399561723886,0.25701241782322864,0.12253469685902119,-6.245004513516506e-17,0.28985880396647934,0.341950057894476,0.38918374816983897,0.3786763039833235,1.0517023959646907,1.085814159393793,,,,
Ultimate Oscillator,i051,D,False,49639.0,49639.0,0.450505620240925,0.4413867738569165,9069.0,8870.0,3726.0,0.5895909141029883,0.5908680947012401,0.9483664610463788,0.5902224204247728,3.0,29.88842143771744,2.7294253341475,0.6715934684684685,0.11326365427927929,0.1317039695945946,0.08343890765765766,-6.938893903907228e-18,0.341337849884217,0.35023984046412227,0.3976470114224703,0.3890830488272964,1.1278134972113594,1.1355783046869952,,,,,48732.0,48731.0,0.430125506154435,0.42442434376196136,3132.0,2959.0,3551.0,0.4712914214927222,0.470695395439412,0.9308668647042938,0.4709955089820359,4.0,33.33333333333103,5.965851035224523,0.895777273606641,0.16651325305731407,0.19401499070125675,0.13760261491931697,-5.551115123125783e-17,0.3274741388323559,0.344226910377631,0.38926513839087873,0.3800691551579077,1.0816766976715908,1.0887377040285051,,,,
Ultimate Oscillator,i051,D,True,21402.0,19209.0,0.44738537794299876,0.4541753896254943,9069.0,8870.0,3726.0,0.20828331332533012,0.2829763246899662,0.43119266055045874,0.24561012319527287,3.0,30.392863015669704,2.379228580461587,0.6710136598735688,0.11365545289774988,0.13266433844657619,0.08266654878210512,-2.7755575615628914e-17,0.3161056943053235,0.3414377731421148,0.39735538734697684,0.3885793450881612,1.1127442910561842,1.1734963842671526,,,,,19680.0,17196.0,0.4337315791920413,0.44474956063268895,3132.0,2959.0,3551.0,0.19752245277175595,0.18713487028079653,0.4069673237915204,0.19236526946107785,5.0,33.73493975903521,5.358411074330425,0.8906979908385868,0.1695608734954089,0.1940149388648366,0.13630524763309387,-8.326672684688674e-17,0.2839175922317876,0.3389954938232023,0.39085006195786864,0.37920446615491976,1.0727097130242824,1.1422767954749027,,,,
Williams %R,i052,D,False,43904.0,43902.0,0.47152879008746357,0.4597171177191224,9069.0,8870.0,3726.0,0.566104311390451,0.5768883878241262,0.9467671921407357,0.5714365349239088,3.0,31.84610410604555,2.362000694685655,0.6992177643199596,0.10909243838842628,0.10211119522247455,0.08957860206913953,0.0,0.34238240056993546,0.34830988473923613,0.3977622583420111,0.3895932491779908,1.178441349393646,1.1836053540091984,,,,,43501.0,43491.0,0.43996689731270544,0.43565335356740476,3132.0,2959.0,3551.0,0.45655001548467017,0.46604686224009045,0.9300567107750473,0.46126497005988026,3.0,35.42435424354247,5.1456128600133955,0.9008506113769271,0.15961935739088393,0.16647619884840226,0.146762779658037,-2.7755575615628914e-17,0.3232643493596809,0.3450274205953014,0.38869806851311955,0.3793771546770857,1.1071037081813686,1.11822613581369,,,,
Williams %R,i052,D,True,18675.0,16599.0,0.4686546933242968,0.4778737889499869,9069.0,8870.0,3726.0,0.19964002879769618,0.27452085682074406,0.4258409785932722,0.2356876080049055,4.0,32.111000991079635,2.072045639771801,0.7021685717337891,0.10997756649930562,0.10137805789979704,0.08647580386710821,-2.42861286636753e-17,0.3112433982210504,0.340431114776429,0.39749933065595716,0.38849208584464595,1.1569245220250093,1.2431810591160424,,,,,17443.0,15276.0,0.447235395278545,0.45711224554106006,3132.0,2959.0,3551.0,0.1881697119851347,0.18386833343803002,0.4031866054550365,0.18603418163672655,4.0,35.92814371257502,4.635184067592034,0.8959220613287905,0.16185486567829674,0.16692676401738937,0.14513432170326607,-5.551115123125783e-17,0.2806201852880522,0.3383757373499881,0.38953744493392073,0.37858405341712487,1.107647829425848,1.1702256391226131,,,,
SMI Ergodic,i053,D,False,47568.0,47566.0,0.449487861586477,0.4388229869639938,9069.0,8870.0,3726.0,0.6270812658507002,0.6374295377677565,0.966488313151225,0.6321980043480685,2.0,28.073386166743674,2.3132228218966846,0.6714399969531935,0.11989183836691168,0.12171992230643257,0.08694824237346231,-2.0816681711721685e-17,0.34893707635440463,0.353035182860471,0.40002229346695256,0.3886158180212757,1.1292659617103924,1.133459465750718,,,,,46933.0,46933.0,0.41945688868128833,0.41473979234346137,3132.0,2959.0,3551.0,0.506162898730257,0.5203216282429801,0.9600324061571699,0.5131923652694611,2.0,32.03883495145645,5.259085728757756,0.8839856484601235,0.17741778271633818,0.186502134627756,0.1417236875450806,-2.7755575615628914e-17,0.33047163485465875,0.3516621687660149,0.38928384407532307,0.37948991114993713,1.048583780283589,1.0642975652415552,,,,
SMI Ergodic,i053,D,True,19811.0,18125.0,0.44752915047196,0.4449769154345158,9069.0,8870.0,3726.0,0.22491000719942406,0.3064261555806088,0.4418960244648318,0.26093985171971684,3.0,29.121041728319756,2.017580766341097,0.6772368546163354,0.11205667015308549,0.11994865455928497,0.09075782067129409,0.0,0.3165158908941248,0.34317639682785334,0.3969677578144229,0.38877243808225403,1.0941917563612915,1.1750634679342247,,,,,18883.0,17111.0,0.433183074014832,0.4346739377414224,3132.0,2959.0,3551.0,0.21145865593062868,0.21106853445568188,0.42344045368620037,0.21126497005988024,3.0,33.489827856025364,4.779378531073446,0.8817796017348318,0.1727835453526344,0.18789296680801287,0.14597650728664036,-5.551115123125783e-17,0.2857899438450414,0.34245915633351925,0.38799313893653525,0.3786833031383321,1.0741521986045757,1.1180677824940275,,,,
Relative Vigor Index,i054,D,False,55938.0,55938.0,0.41612142014373055,0.4088888888888889,9069.0,8870.0,3726.0,0.6081155584959753,0.6210822998872604,0.9583215995494226,0.6145270081944367,3.0,26.922248546198674,2.757902346060327,0.6412617194681046,0.08935902935228875,0.2025246645015013,0.06685458667810527,0.0,0.3377112017284001,0.342766919354715,0.3980900421458675,0.3888017323485543,1.0534716332876686,1.052930350946264,,,,,55647.0,55647.0,0.40524323165940423,0.3925953734491759,3132.0,2959.0,3551.0,0.49290802105915144,0.49601105597085243,0.9535511747231974,0.49444860279441116,3.0,30.120481927710298,6.370688533125081,0.8683184730498679,0.12977289742949838,0.2973234339905166,0.10804529573246818,-5.204170427930421e-17,0.3195982371602863,0.34189641275669524,0.3889612247817999,0.3800243126318424,1.0179687727805953,1.025136326201013,,,,
Relative Vigor Index,i054,D,True,23777.0,21266.0,0.4198174706649283,0.41793756274800403,9069.0,8870.0,3726.0,0.2226061915046796,0.3011273957158963,0.4434250764525994,0.2586543285578906,3.0,28.141943489881506,2.3746977025392986,0.6424725066363292,0.08771331058020478,0.20227531285551764,0.06753886992794843,0.0,0.3127807348986154,0.33887442525083356,0.39886316914727404,0.38866472247454226,1.0593589419811054,1.0783026002308538,,,,,22339.0,20392.0,0.4146491497868975,0.4086805229004044,3132.0,2959.0,3551.0,0.20904304738309074,0.20466109680256298,0.422360248447205,0.20686751497005987,3.0,31.543624161075005,5.733029092983457,0.862280701754386,0.125197670382227,0.30204034404288965,0.11073398387781078,-2.7755575615628914e-17,0.281908188329368,0.3386304960108156,0.38898238059668705,0.3787343075715967,1.0296719223052602,1.0517017092724248,,,,
True Strength Index,i055,D,False,21845.0,21846.0,0.477354948023996,0.4702094858075633,9069.0,8870.0,3726.0,0.43345462564781123,0.43370913190529875,0.8857665067397761,0.4335804671386365,5.0,34.006092916984834,1.0872586872586874,0.6857329842931937,0.0780977312390925,0.11601221640488656,0.12015706806282722,-1.3877787807814457e-17,0.3214686039464005,0.34459356846736666,0.39896086060883507,0.38976242790442195,1.20318313007791,1.214925897721282,,,,,21410.0,21409.0,0.4393224994277867,0.4325734688272453,3132.0,2959.0,3551.0,0.317807370703004,0.31804761605628495,0.8587631650013503,0.3179266467065868,5.0,37.19512195121955,2.6104436229205175,0.8937266677487421,0.1142317889722734,0.1832561901766054,0.19399631510358153,-4.163336342344337e-17,0.29302860327342234,0.3438540175585254,0.3887072400054953,0.3800644588724368,1.1011669133592645,1.109838809125341,,,,
True Strength Index,i055,D,True,9117.0,8139.0,0.47811780190852254,0.47892861530900604,9069.0,8870.0,3726.0,0.1512845958760613,0.19470124013528747,0.3873598369011213,0.1727521043536429,6.0,35.67144014579646,0.9286600496277916,0.6949661073452605,0.07167463051450161,0.11390154461606845,0.11945771752416935,-2.7755575615628914e-17,0.29617617545397196,0.3386971173390705,0.3976601520086862,0.3881435065732891,1.1745052339445214,1.233895729796461,,,,,8599.0,7677.0,0.45635179153094463,0.4554640718562874,3132.0,2959.0,3551.0,0.1291421492722205,0.12419121804133426,0.3594382932757224,0.12668413173652696,7.0,38.86010362694384,2.340500528727529,0.8943661971830986,0.10200136456675006,0.18035023879918127,0.20570843757107118,-3.469446951953614e-17,0.26337572432414286,0.3382820637758948,0.38787199816155343,0.37797316660153707,1.136157740474287,1.1717696899672632,,,,
Coppock Curve,i056,D,False,15878.0,15879.0,0.48091699206449173,0.48327530465058444,9069.0,8870.0,3726.0,0.34579336200242583,0.33494926719278467,0.8533241946538725,0.3404314621773789,10.0,36.88648304884371,0.7950619792725055,0.6969399644324523,0.05169559085055497,0.14417121481572331,0.1071932299012694,0.0,0.30381542644686016,0.3374513616080086,0.3991954239738513,0.3896536468208823,1.2349317107804592,1.2470853227162413,,,,,15616.0,15615.0,0.4587969074108995,0.4536082474226804,3132.0,2959.0,3551.0,0.245401052957572,0.24021609397575225,0.8236564947339995,0.24282684630738524,10.0,39.90820859386476,1.9895760945100764,0.9033637729742227,0.0778401564372674,0.22765407178452027,0.17977669841670346,-8.326672684688674e-17,0.2735626737395645,0.3365303094669622,0.38876747701221814,0.3797694524495678,1.1493040246898028,1.1601472692487018,,,,
Coppock Curve,i056,D,True,6452.0,5707.0,0.4824467269661199,0.4900998773436131,9069.0,8870.0,3726.0,0.12107178299702283,0.14137542277339346,0.36493374108053006,0.13111098723451697,10.0,37.131609843891205,0.6562657272269753,0.7041612483745123,0.050227568270481145,0.14190507152145643,0.10370611183355007,2.7755575615628914e-17,0.28669527183416105,0.3349894117274896,0.39615129396151294,0.3873766373586937,1.223020212218772,1.2608470259427051,,,,,6028.0,5337.0,0.4699711114489889,0.4713798672169388,3132.0,2959.0,3551.0,0.0973056673892846,0.08769395062503926,0.33513367539832567,0.09253368263473054,11.0,40.29304029303928,1.720949263502455,0.900497512437811,0.07241322039528318,0.22803521009799035,0.18236173393124067,-2.7755575615628914e-17,0.2532891324719156,0.3346707979010659,0.38965907254806914,0.37858347386172003,1.1890062123747427,1.2168515644903537,,,,
Rate of Change,i057,D,False,48633.0,48650.0,0.4542831825581635,0.44324246947915175,9069.0,8870.0,3726.0,0.5572830521556952,0.561217587373168,0.9527073337902673,0.5592284965717153,4.0,30.814875436778376,2.665188001689903,0.6921677823404774,0.09262905252104779,0.13581219178339052,0.07939097335508428,1.3877787807814457e-17,0.3368558149596808,0.3429938276489067,0.39830496293710604,0.3885601233299075,1.1411315160833138,1.1459795547730642,,,,,48278.0,48255.0,0.4299706371532412,0.42365330924618166,3132.0,2959.0,3551.0,0.44886961907711365,0.46196369118663233,0.943289224952741,0.4553705089820359,4.0,34.12747963788072,5.898899306971056,0.8983093344795472,0.1367979850416258,0.21441618119244005,0.13101074772644247,-5.551115123125783e-17,0.32002338242493517,0.3403191408749191,0.38885156716879266,0.37927261423686665,1.079501078727797,1.0884522374795291,,,,
Rate of Change,i057,D,True,20304.0,18256.0,0.4528922223363814,0.4566947429567238,9069.0,8870.0,3726.0,0.20028797696184306,0.26832018038331457,0.4278797145769623,0.2325101733652935,4.0,31.200514156534208,2.290259101344703,0.6941965339755395,0.09415875714218255,0.13684657883552911,0.07479813004674883,-2.7755575615628914e-17,0.3093480674163012,0.3383208977080023,0.3983194079732633,0.38901695294578414,1.1153329817327515,1.1868152287160973,,,,,19163.0,17215.0,0.44208339235963545,0.4426789011357914,3132.0,2959.0,3551.0,0.1869928770517188,0.1849990577297569,0.4048069133135296,0.18600299401197604,5.0,34.54915003695432,5.263269639065817,0.892829035692792,0.13976770180298392,0.21524031685862857,0.12868736939301162,-5.551115123125783e-17,0.28003038249406864,0.3367415539063294,0.38961522654885444,0.3795207667731629,1.0989165776530934,1.137942441283493,,,,
Klinger Oscillator,i058,D,False,47604.0,47604.0,0.4343725751576769,0.4254101736058432,9069.0,8870.0,3726.0,0.5723894585952145,0.5696730552423901,0.9394536750211208,0.5710463236523775,3.0,28.324270884824582,2.3708946377519,0.6614879397756952,0.09993854662774619,0.1569941619296359,0.08157935166692272,1.3877787807814457e-17,0.3392471918350781,0.34613163817819986,0.3981201570958497,0.3887824217720184,1.0921945536237962,1.0974252886416371,,,,,46138.0,46139.0,0.41076318862116545,0.40605831442735907,3132.0,2959.0,3551.0,0.47395478476308456,0.48263081851875117,0.9360292437742747,0.4782622255489022,3.0,31.54761904761968,5.494186823466524,0.8807271679008342,0.15018481764052513,0.24113694714033396,0.1246198947540924,-1.3877787807814457e-17,0.3222129257021041,0.345387032383124,0.38938441336224916,0.3789639526090245,1.031756823411159,1.0561232562072747,,,,
Klinger Oscillator,i058,D,True,20305.0,17552.0,0.4339260718544248,0.4322029035404832,9069.0,8870.0,3726.0,0.20943124550035996,0.2706877113866967,0.43119266055045874,0.23479569652711968,3.0,29.682620742931544,2.0683006535947714,0.6636879023734025,0.09488805611607572,0.15816277505525128,0.08326126645527049,0.0,0.3104553768577022,0.34043871184854835,0.3995173602560945,0.3881352552415679,1.0803481176499594,1.1301325586170705,,,,,19289.0,17348.0,0.4241735341479587,0.4282914456997925,3132.0,2959.0,3551.0,0.19851347166305358,0.19486148627426345,0.40993788819875776,0.1967003493013972,3.0,33.333333333333115,4.9907683144729,0.876130408570236,0.14582299047705014,0.24461795369409217,0.1280859322110394,-4.163336342344337e-17,0.2819261020668236,0.3398845851013231,0.3888518971848225,0.37897452155868117,1.0518588986957467,1.1053129885285247,,,,
Bollinger Bands,i059,D,False,18458.0,19349.0,0.522568093385214,0.527262390821231,9069.0,8870.0,3726.0,0.26816628073657517,0.28883878241262684,0.6707790724240347,0.27838787000390214,13.0,44.88815962982972,2.2195460277427492,0.6062300766176388,0.03629550919970919,0.11677199261786253,0.24070242156478944,0.0,0.33984265499008887,0.3582863295600988,0.39831671841804217,0.38877642944200097,1.2967965011713642,1.356937646307725,,,,,17990.0,18871.0,0.5004630386228687,0.5034179428753113,3132.0,2959.0,3551.0,0.20390213688448436,0.21370689113637792,0.6286794490953281,0.20876996007984033,15.0,48.806206018533224,4.363345423511841,0.857990399654819,0.052525252525252523,0.15673400673400673,0.3663860830527497,-5.551115123125783e-17,0.30826973943524755,0.35621739264905844,0.3901594163739529,0.37933413161182844,1.2564449732627634,1.294877736281111,,,,
Bollinger Bands,i059,D,True,7985.0,7694.0,0.5228766593633201,0.5331357439241257,9069.0,8870.0,3726.0,0.10651670525967581,0.14374295377677565,0.3155129083847384,0.12492335135737778,14.0,46.419392584905005,1.8658199889563778,0.5597796883396023,0.04271896829661472,0.14105319720580334,0.25644814615797956,0.0,0.3079196779777557,0.34607257318808315,0.39910725280137915,0.3892578632700806,1.291273495312334,1.3586203442461477,,,,,7759.0,7248.0,0.51212904814678,0.5213186214412205,3132.0,2959.0,3551.0,0.0901207804273769,0.09146303159746215,0.272481771536592,0.09078717564870259,18.0,49.818377195295824,3.892143189214319,0.8246388443017657,0.05700586041555674,0.1795418220564731,0.3782631859350027,-5.551115123125783e-17,0.27209583050993624,0.3448710671541595,0.38805258409588866,0.37961506622516555,1.2795429764884743,1.3393763343016132,,,,
BB %B,i060,D,False,39093.0,39092.0,0.4754651400531589,0.46462191752788295,9069.0,8870.0,3726.0,0.5015988532362995,0.5085682074408118,0.9273474982864977,0.5050448742962261,4.0,33.42165695106877,2.1907919810961203,0.7136835436869549,0.0985575751669022,0.09407436284781444,0.09368451829832854,-2.7755575615628914e-17,0.3335354023257428,0.3436775401576544,0.39760939084314795,0.3892401673213284,1.1889288052142484,1.1968988570054135,,,,,38463.0,38462.0,0.443959129553077,0.4418906973116323,3132.0,2959.0,3551.0,0.4127593682254568,0.421069162635844,0.9081825546853902,0.41688498003992014,5.0,36.3636363636367,4.783466819221968,0.9076144027255968,0.15151213193164267,0.15639479846544765,0.15153704349559066,-3.469446951953614e-17,0.3140328973253862,0.34107739149122485,0.38869351870783075,0.37919561007101354,1.1165710362414791,1.1348104921228956,,,,
BB %B,i060,D,True,16237.0,14372.0,0.47240010245901637,0.4809502794939688,9069.0,8870.0,3726.0,0.18087234893957582,0.23799323562570462,0.41309887869520895,0.2068119739115893,5.0,33.26785192019,1.9176279740447009,0.7171673286991063,0.09961519364448858,0.09502234359483615,0.08819513406156902,0.0,0.30507830803866537,0.3382098396084315,0.3987156019281225,0.3892989401098199,1.1698978780744453,1.2431753475129794,,,,,15400.0,13596.0,0.453718957837574,0.4604440612200905,3132.0,2959.0,3551.0,0.16989780117683492,0.16408065833280985,0.38698352687010534,0.16700973053892215,6.0,36.70886075949338,4.236611489776047,0.9018345280038877,0.15497666204112526,0.16059038728396619,0.1481014255077583,-2.0816681711721685e-17,0.27465616213462346,0.3366517201497832,0.3901767418032787,0.37920344218887914,1.1259688645895087,1.1823532667859844,,,,
Standard Error Bands,i061,D,False,26416.0,27183.0,0.49941670116283443,0.49170982525429413,9069.0,8870.0,3726.0,0.40092623221964935,0.4069898534385569,0.8138552520416784,0.40392441050225764,5.0,36.68313048579995,2.069179477681052,0.6325316976474549,0.0669858248868609,0.10547181807981448,0.19501065938586976,0.0,0.35215979632345545,0.3627829270007506,0.39744662325863117,0.3894029342811768,1.2291901247894585,1.2683081536155,,,,,25709.0,26446.0,0.46263628104179283,0.46199803372910836,3132.0,2959.0,3551.0,0.3096314648497987,0.30686600917143037,0.7815284904131785,0.30825848303393216,5.0,41.17647058823452,4.162324975577987,0.8673257573092215,0.10043470043470043,0.14847854847854847,0.298998298998299,-5.551115123125783e-17,0.3248112444712267,0.36151544784865824,0.3877902382117187,0.3786189898098076,1.164021164021164,1.1864266882886731,,,,
Standard Error Bands,i061,D,True,11008.0,10205.0,0.4878270348837209,0.49179164977705714,9069.0,8870.0,3726.0,0.1437865255265189,0.18342728297632468,0.3744573909070139,0.16338703383689168,6.0,38.0988426048049,1.8144420131291028,0.6194160449479599,0.06502717141015013,0.11734364925854288,0.19821313438334714,0.0,0.31191357590217544,0.3462192611962856,0.39670812681193307,0.38867479758122375,1.1953156548660655,1.291357853663042,,,,,10659.0,9757.0,0.47200566973777464,0.4823203853643538,3132.0,2959.0,3551.0,0.12647878600185816,0.12274640366857215,0.339994598973805,0.12462574850299402,7.0,42.53246753246767,3.7977653631284918,0.8531468531468531,0.09534450651769087,0.1590316573556797,0.30232774674115453,-5.551115123125783e-17,0.2783730040227586,0.34582383565036884,0.3893048128342246,0.3794031211998378,1.1915195757569035,1.2409355799910344,,,,
Envelopes,i062,D,False,0.0,2.0,1.0,1.0,9069.0,8870.0,3726.0,0.0,0.00012563603241409635,0.0,0.00010167768174885612,2.25,49.555538813802606,0.125,0.0,0.0,1.0,0.0,0.0,0.2733458795974392,0.3333390176383986,0.39999999999999997,0.3875,2.5,2.5384615384615383,,,,,0.0,0.0,1.0,0.6666666666666666,3132.0,2959.0,3551.0,0.0,0.0,0.0,0.0,4.5,91.52473549692847,1.0,0.0,0.0,1.0,0.0,0.0,0.23769876940943213,0.3333333333333333,0.39999999999999997,0.2,2.5,1.4814814814814814,,,,
Envelopes,i062,D,True,0.0,2.0,,1.0,9069.0,8870.0,3726.0,0.0,0.00012563603241409635,0.0,6.2375249500998e-05,1.5,42.305896603017445,0.0,0.0,0.0,1.0,0.0,0.0,0.2733458795974392,0.3333385802809216,,0.4,,2.5396825396825395,,,,,0.0,0.0,,0.6666666666666666,3132.0,2959.0,3551.0,0.0,0.0,0.0,0.0,4.5,91.52473549692847,1.0,0.0,0.0,1.0,0.0,0.0,0.23769876940943213,0.3333333333333333,,0.325,,1.4814814814814814,,,,
BB Width,i063,F,False,,,,,,,,,,,,,,,,,,,,,,,,,,0.4929629300607891,0.657177947247264,0.5178290121821404,1.261615736276906,,,,,,,,,,,,,,,,,,,,,,,,,,0.4913547891723474,0.3568633013740143,0.25211501090620664,1.184100458822899
BB Width,i063,F,True,,,,,,,,,,,,,,,,,,,,,,,,,,,,,,,,,,,,,,,,,,,,,,,,,,,,,,,,,,
ATR,i064,F,False,,,,,,,,,,,,,,,,,,,,,,,,,,0.48424340586733844,0.6923795769263444,0.5178290121821404,1.3370814702108809,,,,,,,,,,,,,,,,,,,,,,,,,,0.4784555857152149,0.38422495808508483,0.25211501090620664,1.2311137360489248
ATR,i064,F,True,,,,,,,,,,,,,,,,,,,,,,,,,,,,,,,,,,,,,,,,,,,,,,,,,,,,,,,,,,
Historical Volatility,i065,F,False,,,,,,,,,,,,,,,,,,,,,,,,,,0.4915105548954505,0.6538146576738068,0.5178290121821404,1.2625882186143542,,,,,,,,,,,,,,,,,,,,,,,,,,0.4872570591846739,0.3586612436277683,0.25211501090620664,1.1770498263229305
Historical Volatility,i065,F,True,,,,,,,,,,,,,,,,,,,,,,,,,,,,,,,,,,,,,,,,,,,,,,,,,,,,,,,,,,
Chaikin Volatility,i066,F,False,,,,,,,,,,,,,,,,,,,,,,,,,,0.4992821437013464,0.5134227015628324,0.5178290121821404,0.9914908000215367,,,,,,,,,,,,,,,,,,,,,,,,,,0.4990426333531628,0.24691020522340615,0.25211501090620664,0.9793554312212818
Chaikin Volatility,i066,F,True,,,,,,,,,,,,,,,,,,,,,,,,,,,,,,,,,,,,,,,,,,,,,,,,,,,,,,,,,,
Close-to-Close Volatility,i067,F,False,,,,,,,,,,,,,,,,,,,,,,,,,,0.4915105548954505,0.6538146576738068,0.5178290121821404,1.2625882186143542,,,,,,,,,,,,,,,,,,,,,,,,,,0.4872570591846739,0.3586612436277683,0.25211501090620664,1.1770498263229305
Close-to-Close Volatility,i067,F,True,,,,,,,,,,,,,,,,,,,,,,,,,,,,,,,,,,,,,,,,,,,,,,,,,,,,,,,,,,
Non-Directional Close-to-Close Volatility,i068,F,False,,,,,,,,,,,,,,,,,,,,,,,,,,0.49168664167609233,0.6581662436343582,0.5178290121821404,1.271010754806561,,,,,,,,,,,,,,,,,,,,,,,,,,0.4870508242259447,0.36107397253212803,0.25211501090620664,1.184787601929228
Non-Directional Close-to-Close Volatility,i068,F,True,,,,,,,,,,,,,,,,,,,,,,,,,,,,,,,,,,,,,,,,,,,,,,,,,,,,,,,,,,
O-H-L-C Volatility,i069,F,False,,,,,,,,,,,,,,,,,,,,,,,,,,0.48785715078897984,0.6759044647019216,0.5178290121821404,1.3052657321258392,,,,,,,,,,,,,,,,,,,,,,,,,,0.48306097098591416,0.372352350218208,0.25211501090620664,1.2091936939820824
O-H-L-C Volatility,i069,F,True,,,,,,,,,,,,,,,,,,,,,,,,,,,,,,,,,,,,,,,,,,,,,,,,,,,,,,,,,,
Relative Volatility Index,i070,F,False,,,,,,,,,,,,,,,,,,,,,,,,,,0.4988498927624148,0.5268230044053424,0.5178290121821404,1.0242224518020455,,,,,,,,,,,,,,,,,,,,,,,,,,0.4984794765020821,0.26385215877592455,0.25211501090620664,1.011155489258231
Relative Volatility Index,i070,F,True,,,,,,,,,,,,,,,,,,,,,,,,,,,,,,,,,,,,,,,,,,,,,,,,,,,,,,,,,,
Standard Deviation,i071,F,False,,,,,,,,,,,,,,,,,,,,,,,,,,0.49298831173775653,0.6571706928095329,0.5178290121821404,1.2614974484146007,,,,,,,,,,,,,,,,,,,,,,,,,,0.4913547891723474,0.3568608110678103,0.25211501090620664,1.1840896067662345
Standard Deviation,i071,F,True,,,,,,,,,,,,,,,,,,,,,,,,,,,,,,,,,,,,,,,,,,,,,,,,,,,,,,,,,,
Mass Index,i073,F,False,,,,,,,,,,,,,,,,,,,,,,,,,,0.49976204677843067,0.5290680513281133,0.5178290121821404,1.0106228612996713,,,,,,,,,,,,,,,,,,,,,,,,,,0.49928534602419194,0.2532145886883334,0.25211501090620664,1.000945241176074
Mass Index,i073,F,True,,,,,,,,,,,,,,,,,,,,,,,,,,,,,,,,,,,,,,,,,,,,,,,,,,,,,,,,,,
Net Volume,i074,D,False,36447.0,36446.0,0.4398467846353043,0.43557592053997696,9069.0,8870.0,3726.0,0.45109714411732277,0.45231116121758735,0.9001599268905643,0.4516974190311612,7.0,32.35724743777318,2.138835838246284,0.6741987889528873,0.07992418648156353,0.1679958647171762,0.07788115984837296,-1.3877787807814457e-17,0.3246801193790309,0.339139994956839,0.39853349459853205,0.38836934410907686,1.1017054524069563,1.1227174358901824,,,,,35968.0,35967.0,0.4232386816569999,0.41376817638390745,3132.0,2959.0,3551.0,0.3500774233508826,0.36032414096362836,0.8930596813394545,0.3551646706586826,8.0,34.51552041687294,4.756901840490798,0.8935456233042982,0.12171648269874737,0.25578568770928933,0.1272479226094506,-5.551115123125783e-17,0.3015305329563395,0.33582555007786485,0.3892614372032801,0.378933466789001,1.0619902402014039,1.0859209660180775,,,,
Net Volume,i074,D,True,15048.0,13444.0,0.43846358320042533,0.4371413667188315,9069.0,8870.0,3726.0,0.15944426066821038,0.2072153325817362,0.3978083588175331,0.18306483081554156,7.0,32.76436303080723,1.8605664488017428,0.6794520547945205,0.07440846824408469,0.16899128268991281,0.07714819427148194,1.3877787807814457e-17,0.3005016172726666,0.3366084840389345,0.39962094213697924,0.38855726954318504,1.077286030466894,1.1250371592140467,,,,,14303.0,12855.0,0.4305060584461867,0.4339482296935436,3132.0,2959.0,3551.0,0.14580365438216167,0.1392675419310258,0.3759114231704024,0.14255863273453093,9.0,35.08771929824606,4.222607489597781,0.8883857544976135,0.12205366098294884,0.25915245737211634,0.12719408224674023,-5.551115123125783e-17,0.2693106159975162,0.33559608238385724,0.38881798949020674,0.379801633605601,1.071843398448605,1.1095861853306,,,,
OBV,i075,D,False,39424.0,39423.0,0.45292491268917345,0.439678352189133,9069.0,8870.0,3726.0,0.45958760613077515,0.4632468996617813,0.8780625176006759,0.46139695635208205,4.0,32.38559436772296,2.3908751555371217,0.6821584026162456,0.09525344879205914,0.13645471085419497,0.08613343773750029,4.85722573273506e-17,0.33147692605339024,0.34248909801010535,0.39800121753246753,0.38962229285239114,1.122037903668487,1.1337502125822527,,,,,38439.0,38438.0,0.4284953327922078,0.4180758624278058,3132.0,2959.0,3551.0,0.3831526788479405,0.39669577234750925,0.8631482750742517,0.38987649700598803,6.0,34.40860215053674,5.211394531846647,0.8945534446022727,0.1490684639299249,0.21780470646969388,0.1372228651825629,-2.7755575615628914e-17,0.31292415160470066,0.33931046110429436,0.38966458090803263,0.37995603309225245,1.0766181456649757,1.0982711555959965,,,,
OBV,i075,D,True,16412.0,14482.0,0.44605732562430805,0.444068498826129,9069.0,8870.0,3726.0,0.16616270698344132,0.21668545659526495,0.39256547451422136,0.18787067843193983,5.0,32.734912146677395,2.104929716887745,0.6837277242185218,0.09664037394098744,0.13561203622553317,0.08401986561495764,-2.7755575615628914e-17,0.3040420368001536,0.33777665033493487,0.39753082516598165,0.38887100692335724,1.105633696651742,1.1534463190622883,,,,,15815.0,13864.0,0.43774620986033186,0.4361656087709175,3132.0,2959.0,3551.0,0.15790054030212813,0.15610277027451472,0.36402916554145287,0.1593999500998004,7.0,34.59119496855333,4.61033185083818,0.8887871329631961,0.15124179274907223,0.21935483870967742,0.13594062232372253,-5.551115123125783e-17,0.2750375911704325,0.3370019953679637,0.3901056125528063,0.3781412290825159,1.086376584424784,1.1318542728742205,,,,
Accumulation/Distribution,i076,D,False,40377.0,40377.0,0.4492063106206092,0.4427690528952693,9069.0,8870.0,3726.0,0.5143896791266953,0.5144306651634724,0.8827964359150103,0.5144099448129773,3.0,30.450841959626594,2.3458600672166208,0.6642374105442846,0.12176919878318342,0.11960256494430219,0.09439082572822971,6.938893903907228e-18,0.34414365147641574,0.3511064510034485,0.3985127671694281,0.3892411251504212,1.1163883596917665,1.1411366669770617,,,,,38417.0,38414.0,0.424325729994799,0.4220967382420685,3132.0,2959.0,3551.0,0.40452152369154537,0.410704189961681,0.86119362678909,0.40759106786427146,4.0,33.89121338912066,5.198931116389549,0.8917085319249431,0.1763103994041523,0.17908016013406572,0.15296527325202494,-3.8163916471489756e-17,0.32159172183829815,0.34526258837342017,0.39000413253275645,0.3786731400010413,1.0647732392834395,1.0842568676599695,,,,
Accumulation/Distribution,i076,D,True,16736.0,15352.0,0.44711625384198156,0.4571637426900585,9069.0,8870.0,3726.0,0.180849532037437,0.2411499436302142,0.4023955147808359,0.21071408662690227,3.0,31.57241263945696,2.0591204037490987,0.6662770635053153,0.11738186675571882,0.12038737685757221,0.09595369288139366,-2.7755575615628914e-17,0.311853674198787,0.3416954643297642,0.3977884781731158,0.3883926318445622,1.0977047212875848,1.1651735677776807,,,,,15824.0,13680.0,0.43526901562770315,0.4389253569736753,3132.0,2959.0,3551.0,0.16587178693093838,0.16313838808970413,0.36699972994869023,0.16451472055888225,5.0,34.10852713178257,4.704377104377104,0.8861424463614245,0.17470164244357791,0.18108235850171334,0.15189649060616803,-4.163336342344337e-17,0.2787663979603663,0.3395553072418866,0.39008618091966496,0.3788377192982456,1.0930211830416827,1.1266675931072818,,,,
MFI,i077,D,False,29884.0,29885.0,0.4475625348326394,0.4439846795704808,9069.0,8870.0,3726.0,0.41382732385047966,0.4131905298759865,0.8923920493488691,0.41351245888845534,8.0,33.81595025567438,1.7097315436241611,0.6866476471141487,0.06721635263504405,0.16346364861899237,0.08267235163181491,-3.469446951953614e-17,0.31614970887700544,0.33676184981461815,0.39706029982599383,0.38894763259160114,1.1416534841663133,1.1463663374641844,,,,,29242.0,29242.0,0.43347147814953335,0.4185955019342994,3132.0,2959.0,3551.0,0.317807370703004,0.3248947798228532,0.8800972184715096,0.3213260978043912,9.0,36.15819209039516,3.9016836086404068,0.8969919035517996,0.10686316828019979,0.2541468829006598,0.13270025282111364,-5.551115123125783e-17,0.29093560891103143,0.3348888040764561,0.3891035092892952,0.37874073831224175,1.0918272086904863,1.0951574992316582,,,,
MFI,i077,D,True,12074.0,10832.0,0.44935459377372816,0.4481114435302917,9069.0,8870.0,3726.0,0.14764582644172455,0.18534385569334835,0.39639022161297693,0.16628574613969563,9.0,33.94032165880137,1.4690546841882153,0.6898014729426833,0.06524175472302274,0.16474543707973102,0.08021133525456292,-6.938893903907228e-18,0.29489546773319947,0.3354021635211541,0.39883636947275497,0.3896741137370753,1.123765065695487,1.1389055923030669,,,,,11748.0,10642.0,0.4425211197614709,0.44045420974889216,3132.0,2959.0,3551.0,0.13019510684422422,0.12557321439788932,0.36943019173642994,0.1279004491017964,10.0,36.54822335025349,3.466666666666667,0.8919378526706346,0.10714566464900559,0.25894190708277653,0.1310431569845138,-2.7755575615628914e-17,0.2630343779987148,0.33461832061228486,0.3897796918999503,0.37874439042632757,1.112566109368497,1.130314265745863,,,,
Chaikin Money Flow,i078,D,False,31140.0,31140.0,0.44012863358345417,0.4391536011758942,9069.0,8870.0,3726.0,0.42970559047304,0.4198883605540624,0.8654329449394562,0.4268911310552428,5.0,32.33032428565984,1.9684605975886773,0.6591668277061535,0.09761753581978301,0.1560058526350661,0.08720978383899733,-1.3877787807814457e-17,0.3275436362227652,0.3429969568703835,0.3974185398717367,0.3886206114781708,1.1060274219195345,1.1343444599568473,,,,,29937.0,29936.0,0.4234104046242775,0.41982896846606094,3132.0,2959.0,3551.0,0.31873645091359554,0.31792198002387084,0.8374291115311909,0.3183320858283433,8.0,35.01683501683557,4.239824161510908,0.8889074600256281,0.14198423709301297,0.23369837943147267,0.14092156920624613,-5.551115123125783e-17,0.2996367165882214,0.33873679860758604,0.3885017970868277,0.3799622528059861,1.0666224431599853,1.0870988867059592,,,,
Chaikin Money Flow,i078,D,True,13053.0,11946.0,0.44074159197119434,0.4435186809331696,9069.0,8870.0,3726.0,0.14965986394557823,0.1906426155580609,0.3853211009174312,0.1716372150064106,6.0,33.14724354501063,1.728735632183908,0.6623303958595608,0.09343964190795916,0.15722478668345224,0.08700517554902784,-6.938893903907228e-18,0.30083396291465875,0.33791177882660633,0.39813600983203606,0.38775026558797093,1.1061385345000334,1.137388527152705,,,,,12205.0,10637.0,0.4355488816881372,0.43830570902394106,3132.0,2959.0,3551.0,0.13087643233199134,0.12519630630064701,0.35187685660275453,0.1280563872255489,11.0,35.384615384615174,3.7730444362835107,0.884038993161647,0.1422999024829345,0.22999024829345135,0.14290000750131274,-5.551115123125783e-17,0.2670696864859298,0.33642334818963526,0.38952817513633137,0.3793691830403309,1.0812464018422565,1.1306291229850682,,,,
Chaikin Oscillator,i079,D,False,33853.0,33854.0,0.45548383344963944,0.45124123663946675,9069.0,8870.0,3726.0,0.5137280846840887,0.5189402480270575,0.9040438656614119,0.5163052567032722,3.0,31.06145251396681,1.8277479385732658,0.6689831941655217,0.11444350491491385,0.11454920198710496,0.10202409893245958,0.0,0.33983856021661124,0.3504941193203628,0.39883171358520664,0.38936337243749264,1.1278427846998835,1.1624593361287625,,,,,32997.0,32995.0,0.4284701503559507,0.4247947066816329,3132.0,2959.0,3551.0,0.39417776401362653,0.40008794522268987,0.8871185525249797,0.3971120259481038,4.0,34.782608695651476,4.1800934033858725,0.8933566883903042,0.1661457751981248,0.16999665141198794,0.1672061614019422,-2.7755575615628914e-17,0.3144101403576384,0.34574053195235027,0.3896763782274948,0.3798605849371116,1.0743131395051715,1.0894201778707027,,,,
Chaikin Oscillator,i079,D,True,14377.0,12968.0,0.45215138868902,0.4595167443832132,9069.0,8870.0,3726.0,0.18116661153379646,0.24205186020293123,0.41146904272332646,0.21127153130051843,4.0,32.2200813530297,1.5914863172956537,0.675290639069955,0.10953564948592165,0.11155164303474228,0.1036220684093811,-2.7755575615628914e-17,0.30805517270849275,0.34131845689324547,0.39778895164623224,0.38936740928395797,1.1161232998427995,1.1862252158239257,,,,,13448.0,11795.0,0.43993663038986086,0.44375453592452224,3132.0,2959.0,3551.0,0.16190771136574791,0.16163075570073496,0.3796921415068863,0.16177020958083832,5.0,35.76642335766504,3.725986842105263,0.8884157295894604,0.16460352267100517,0.1669378227346679,0.16891844097050293,-8.326672684688674e-17,0.2746855336354177,0.33969877102168144,0.3874802129802849,0.3805510809665113,1.1009253728759272,1.1375710594315247,,,,
Ease of Movement,i080,D,False,35480.0,35479.0,0.45049047893825733,0.4470591384895457,9069.0,8870.0,3726.0,0.4846179292093946,0.48703494926719276,0.9239204934886909,0.48581303305646917,5.0,32.17195841528583,2.0967160435770826,0.6821524310764615,0.07914217554905191,0.15521015223432774,0.08349524114015887,0.0,0.32696277770394583,0.34064372488240524,0.39800310033821873,0.3886550379988222,1.1376573976915005,1.1520564058516933,,,,,33899.0,33897.0,0.4323844419391206,0.4272386482144367,3132.0,2959.0,3551.0,0.37361412201920097,0.3730761982536592,0.9044018363489063,0.37334705588822353,5.0,35.646606282036174,4.386834855734377,0.8919920909540286,0.11383840767838879,0.2376157134240684,0.13513230010751842,-4.85722573273506e-17,0.3012834686804904,0.34022397438630897,0.3894258511252164,0.3792857775024338,1.0863846074859342,1.096657502532195,,,,
Ease of Movement,i080,D,True,14658.0,13257.0,0.4532033825426401,0.4624634655532359,9069.0,8870.0,3726.0,0.17433013562686073,0.22683201803833145,0.41284403669724773,0.2002898712302804,5.0,32.39556692242264,1.813712807244502,0.685038387116909,0.07895886648773484,0.1556706822295737,0.08033206416578241,0.0,0.30183341321395313,0.33704985922461755,0.39846874377200553,0.38971280106734085,1.1178202661850734,1.2082230507252565,,,,,13954.0,11975.0,0.4434996346243274,0.4437797208160761,3132.0,2959.0,3551.0,0.15534221121090122,0.1466800678434575,0.38482311639211453,0.15104166666666666,6.0,36.20689655172416,3.9041817583141256,0.8860451724358565,0.11570962805243197,0.241333422050702,0.13375576830360217,-5.551115123125783e-17,0.2680806863312749,0.3367916688963704,0.3894295542496774,0.37932359081419625,1.1130098447021166,1.1387073919546566,,,,
Elder Force Index,i081,D,False,34918.0,34916.0,0.47159938182902694,0.4557321729864133,9069.0,8870.0,3726.0,0.45961123110151186,0.47137044034297343,0.885947620388623,0.4654636192680457,4.0,33.376000000000936,1.9850028999917144,0.7139157314322315,0.09607619259795594,0.09641037065916623,0.09359770531064636,-2.7755575615628914e-17,0.32917822238839284,0.3429645912056251,0.3974600828769307,0.38845721220732327,1.180420453555562,1.1731849960947172,,,,,33783.0,33783.0,0.4384363499376974,0.4339557795852904,3132.0,2959.0,3551.0,0.38934654691855064,0.4037942081789057,0.868859949737263,0.3965194610778443,5.0,35.79182856470054,4.385878489326765,0.9000464061049809,0.15262826235362076,0.1617392217612771,0.15541143727353884,-5.551115123125783e-17,0.3113008273719167,0.3426459368572654,0.3898015345823279,0.3800607171497308,1.1030953014556046,1.1242614564989966,,,,
Elder Force Index,i081,D,True,14448.0,12777.0,0.466000951022349,0.4604420243433696,9069.0,8870.0,3726.0,0.16922094508301405,0.21733759627961052,0.3891861447479583,0.19394618834080718,5.0,33.2084584084139,1.755374203821656,0.7173217712701685,0.09467623853863104,0.09837230791101002,0.08962968228019048,-2.7755575615628914e-17,0.301701511209545,0.3379411265232019,0.3967296511627907,0.3897624897624898,1.153951567984298,1.1977113569019675,,,,,13846.0,12481.0,0.45037375415282394,0.45104484620803004,3132.0,2959.0,3551.0,0.15823133752343146,0.1586783089390037,0.37537132055090466,0.15877619760479042,6.0,35.833333333334906,3.901667233752977,0.8950852557673019,0.15775043466631003,0.1673799652266952,0.14604788016584191,-5.551115123125783e-17,0.27293381581416903,0.33732915488432336,0.3872698865566198,0.37971252402306216,1.1169781338453644,1.155523474390207,,,,
Price & Volume Trend,i082,D,False,26376.0,26374.0,0.4738255514179318,0.461225952921496,9069.0,8870.0,3726.0,0.37840172786177106,0.38628106379886645,0.8130104196001127,0.3823231592651526,6.0,35.56893092576771,1.5932054901197312,0.7140801333030372,0.0869120654396728,0.09535711580701356,0.10365068545027645,2.0816681711721685e-17,0.31958827324486205,0.34152326805136446,0.39738582553907564,0.38919912232583653,1.1935315393589137,1.1886188208244373,,,,,25105.0,25107.0,0.4489883770985794,0.43702130886479107,3132.0,2959.0,3551.0,0.32065655001548465,0.32847540674665493,0.7955711585201188,0.32453842315369263,7.0,37.428571428571594,3.4549241793034495,0.8998195903640029,0.13717862573823247,0.16200445591823745,0.17042119036672915,-6.245004513516506e-17,0.29816944630716957,0.34101917971309686,0.38900744772271556,0.3799916584515053,1.129855038210037,1.1411097777130605,,,,
Price & Volume Trend,i082,D,True,10649.0,9420.0,0.4638667502462613,0.4660574412532637,9069.0,8870.0,3726.0,0.1392368610511159,0.17475657607905828,0.34891579836665726,0.15691450889628236,6.0,34.95830117654463,1.419131679389313,0.7141033195835789,0.08829306619524652,0.09742683166372029,0.10017678255745432,-6.938893903907228e-18,0.2951715966936503,0.33688559905851084,0.3987601357722044,0.3878698868581375,1.169635754405419,1.2071995061024838,,,,,10126.0,9192.0,0.4604284305816976,0.45640750670241287,3132.0,2959.0,3551.0,0.12658507001874517,0.12896538727306991,0.3264920334863624,0.12945983033932135,8.0,37.087647296582546,3.072804314329738,0.8974382773343234,0.1419697515304285,0.16537630536550235,0.1598847677349658,-5.551115123125783e-17,0.26512425237616555,0.33649546464474706,0.38901674576878303,0.38022823779193204,1.1375110717449073,1.1788657295201164,,,,
Volume,i083,F,False,,,,,,,,,,,,,,,,,,,,,,,,,,0.4950798815300831,0.6272396613772877,0.5178290121821404,1.2021782367598317,,,,,,,,,,,,,,,,,,,,,,,,,,0.49290631063109486,0.3432503956786129,0.25211501090620664,1.1416181468779805
Volume,i083,F,True,,,,,,,,,,,,,,,,,,,,,,,,,,,,,,,,,,,,,,,,,,,,,,,,,,,,,,,,,,
Volume Oscillator,i084,F,False,,,,,,,,,,,,,,,,,,,,,,,,,,0.3791816312803787,0.5101958193944302,0.5178290121821404,0.9908629279565125,,,,,,,,,,,,,,,,,,,,,,,,,,0.3722620326200248,0.24537021448533622,0.25211501090620664,0.973247144639953
Volume Oscillator,i084,F,True,,,,,,,,,,,,,,,,,,,,,,,,,,,,,,,,,,,,,,,,,,,,,,,,,,,,,,,,,,
Volume Profile Fixed Range,i085,F,False,,,,,,,,,,,,,,,,,,,,,,,,,,0.5646169904945619,0.5774711023400056,0.5178290121821404,1.0873897832164132,,,,,,,,,,,,,,,,,,,,,,,,,,0.5507547094983145,0.29573249765252807,0.25211501090620664,1.0478025262777566
Volume Profile Fixed Range,i085,F,True,,,,,,,,,,,,,,,,,,,,,,,,,,,,,,,,,,,,,,,,,,,,,,,,,,,,,,,,,,
VWAP,i086,D,False,8987.0,8986.0,0.4802993101835613,0.469838850174216,9069.0,8870.0,3726.0,0.14312493108391222,0.13641488162344984,0.3534215713883413,0.1398071241429288,8.0,38.67914826334679,1.2728407388916625,0.6632547559966915,0.09822167080231596,0.1183829611248966,0.12014061207609594,0.0,0.29703848679974515,0.33841408379970345,0.399901185770751,0.388719512195122,1.1939083933968844,1.2086834733893554,,,,,8532.0,8534.0,0.4645366710584102,0.44235266604303086,3132.0,2959.0,3551.0,0.109817280891917,0.10383818079025064,0.30029705644072374,0.10684880239520958,13.0,41.4965986394553,2.3033536585365852,0.8825422365245374,0.15550954681389464,0.18276972624798712,0.18691051299746952,-2.7755575615628914e-17,0.26268677147294567,0.33794106437152244,0.38984644486480474,0.3805951824134705,1.160353485167667,1.1345027597151807,,,,
VWAP,i086,D,True,3680.0,3308.0,0.4588757396449704,0.4507255139056832,9069.0,8870.0,3726.0,0.04895798875289448,0.05828635851183765,0.13658124471979724,0.0535704331345114,5.0,34.909909909909345,1.0830629461388708,0.6699228791773779,0.11079691516709511,0.11619537275064268,0.10308483290488432,0.0,0.28286741098174095,0.33519852686427304,0.39840510366826154,0.3895096582466568,1.1520463492535096,1.170559371933268,,,,,3380.0,2775.0,0.43668478260869564,0.4250381679389313,3132.0,2959.0,3551.0,0.04422421802415608,0.039638168226647404,0.11639211450175534,0.04194735528942116,11.0,39.03212172442886,1.9293478260869565,0.8833841463414634,0.17059791552386178,0.18129456939111355,0.16977509599561164,-2.7755575615628914e-17,0.24771289344876288,0.334789419451683,0.3920548349056604,0.3815315315315315,1.0741619598275458,1.0888610763454318,,,,
VWMA,i087,D,False,41306.0,41307.0,0.47194112235510577,0.46365926588656325,9069.0,8870.0,3726.0,0.5404123938692248,0.5454340473506201,0.9408270504912041,0.5428953676347622,4.0,32.68792710706166,2.2975391498881432,0.70108040537524,0.10621009866511898,0.10031697843653735,0.0923925175231037,2.0816681711721685e-17,0.339540752085652,0.34695423462721986,0.3984348079303065,0.39029088900098485,1.180598841101646,1.1914247426485047,,,,,40526.0,40525.0,0.4409230993229634,0.4397689768976898,3132.0,2959.0,3551.0,0.4368535150201301,0.4405427476600289,0.9200648123143397,0.438685129740519,4.0,35.93749999999973,4.955872276277923,0.9011382113821138,0.15876505671851246,0.15986434335165478,0.15132733013682612,-2.7755575615628914e-17,0.3192495263858551,0.3446443299619318,0.3886905050113785,0.37991610117211605,1.1066380008648464,1.1255865665013463,,,,
VWMA,i087,D,True,17612.0,15636.0,0.47058823529411764,0.48082865168539324,9069.0,8870.0,3726.0,0.1925845932325414,0.2560315670800451,0.4192150866462793,0.2216400022297787,4.0,33.01115241635604,2.0295777055906994,0.7017971540336754,0.10748908668291854,0.10238675661885595,0.08832700266455014,0.0,0.3088129372722612,0.33958831036093357,0.3978348377653086,0.3894792104157917,1.1527599840200573,1.243925833736296,,,,,16396.0,14240.0,0.45137408861469436,0.46174282678002126,3132.0,2959.0,3551.0,0.1801796221740477,0.17331490671524594,0.3953551174723197,0.17677145708582834,5.0,36.4313399778521,4.486292834890966,0.8968984803118468,0.16096866096866097,0.1607312440645774,0.14957264957264957,-3.469446951953614e-17,0.277893214538218,0.33816006282482647,0.38816591251885374,0.37892907303370793,1.119924299351535,1.182101835556576,,,,
Pivot Points Standard,i088,D,False,3626.0,3627.0,0.454004329004329,0.466355396868992,9069.0,8870.0,3726.0,0.0591024368728636,0.057271702367531006,0.15995494226978316,0.05819722392552539,9.0,40.910267878160454,1.1494597839135654,0.6400417645523362,0.0997128687026886,0.1370399373531715,0.1232054293918037,2.7755575615628914e-17,0.2840525817284121,0.33576358122131394,0.4008270911360799,0.3913419913419914,1.1533262184276059,1.2001696352841391,,,,,3204.0,3220.0,0.44704908990623277,0.43587662337662336,3132.0,2959.0,3551.0,0.041065345308144936,0.04064325648596017,0.11963273021874156,0.04085578842315369,16.0,42.26916376306755,1.7849550286181521,0.8754569826955886,0.1568568867642665,0.19510008963250672,0.2073498655512399,6.938893903907228e-18,0.24830705694993319,0.3350602488887993,0.38761720904578045,0.3788013797068123,1.119744544970729,1.1137997787610618,,,,
Pivot Points Standard,i088,D,True,987.0,1108.0,0.43026706231454004,0.46631205673758863,9069.0,8870.0,3726.0,0.015437203660822582,0.019729425028184894,0.05071355759429154,0.017559507218908522,6.0,38.81527956218004,0.9651162790697675,0.653355989804588,0.10620220900594732,0.1308411214953271,0.10960067969413764,-2.7755575615628914e-17,0.2764083794617067,0.3339896409648337,0.39736842105263154,0.3896209386281589,1.0712506228201295,1.1775240653682562,,,,,779.0,1000.0,0.41033434650455924,0.4165853658536585,3132.0,2959.0,3551.0,0.01164447197274698,0.01174696903071801,0.035646772886848505,0.011695359281437126,14.0,41.39072847682147,1.413265306122449,0.8692927484333035,0.18632855567805953,0.2160970231532525,0.1874310915104741,-5.551115123125783e-17,0.24073823409969008,0.33375261220732383,0.3949341438703141,0.37956097560975616,1.038994356080041,1.0975453026603261,,,,
Balance of Power,i089,D,False,39847.0,39847.0,0.450892412005185,0.44618975830374946,9069.0,8870.0,3726.0,0.49222626529937147,0.49819616685456597,0.9246058944482523,0.49517810357322034,5.0,31.894892035324546,2.3532095901005414,0.6851438768681687,0.09239348650457282,0.1383671648449699,0.08409547178228864,-2.7755575615628914e-17,0.3324085364139125,0.3424732962906949,0.39909721513822294,0.3884972519888574,1.134967043104346,1.1522147954426296,,,,,38506.0,38506.0,0.4332092216668367,0.4276169832972077,3132.0,2959.0,3551.0,0.3884174667079591,0.3970726804447516,0.9087226573048879,0.39271457085828343,6.0,34.651960636791955,4.991626267078008,0.8987710147523001,0.14109269203829092,0.21351856175577866,0.1352089656782629,-4.85722573273506e-17,0.3097687586717075,0.3387980237798219,0.38965500049855417,0.3796109697190048,1.0854729254795712,1.0962925190081132,,,,
Balance of Power,i089,D,True,16701.0,15182.0,0.45024196550440504,0.4535307849430989,9069.0,8870.0,3726.0,0.17326930772308924,0.23438556933483654,0.40953109072375127,0.20452645074976308,5.0,31.948117699204833,2.0297748729121277,0.6868944416114228,0.09207320528075245,0.1428976145957278,0.078134738512097,-1.3877787807814457e-17,0.30472008599137734,0.3376696575837277,0.39741534698081626,0.38919922606416174,1.1185318459877651,1.1675325948436426,,,,,15534.0,13708.0,0.4388424821002387,0.4473757677275265,3132.0,2959.0,3551.0,0.1614122019200991,0.15434386582071738,0.3856332703213611,0.15790294411177644,7.0,35.11904761904787,4.429139072847682,0.8910764954542822,0.1443036475603979,0.2153600189483657,0.13494789199431548,-5.551115123125783e-17,0.27312993455405904,0.3361024455076138,0.3899522273234893,0.37735993580391014,1.0888472727003562,1.1465059292779336,,,,
Accumulative Swing Index,i090,D,False,31393.0,31391.0,0.4994059660276788,0.4300480234074357,9069.0,8870.0,3726.0,0.4222075201234976,0.48286358511837657,0.8893269501548859,0.4521991192374157,5.0,33.4728033472806,1.811099075077077,0.7173743083954776,0.09336661053644456,0.09156242482559539,0.09769665624248255,-6.938893903907228e-18,0.3271282639506184,0.34263410541388456,0.39913499716392514,0.388842552647557,1.2528240843356158,1.1090924749527353,,,,,31143.0,31143.0,0.47056784521333583,0.4076327609824472,3132.0,2959.0,3551.0,0.334344998451533,0.38520007538161943,0.8757763975155279,0.3595933133732535,5.0,36.538461538460744,4.030544688534457,0.9042385743999101,0.14056324110671936,0.15192687747035574,0.1644021739130435,-6.938893903907228e-17,0.3045864857590068,0.3417706672971567,0.38899913303149986,0.37972030199738777,1.1789691421623776,1.045560182047061,,,,
Accumulative Swing Index,i090,D,True,13011.0,11523.0,0.49876029752859313,0.43094826802436587,9069.0,8870.0,3726.0,0.15371044216561913,0.21071025930101467,0.4000456933973041,0.18189419700094767,5.0,33.22064000390942,1.5935380933386518,0.7204715309345866,0.10108637029046921,0.09060790507743277,0.08783419369751136,-2.7755575615628914e-17,0.29962825815465643,0.33724372762291516,0.3979297224709042,0.38956001041395466,1.2353129171131538,1.1217461122379986,,,,,12297.0,10999.0,0.4810504327066547,0.4199427232491539,3132.0,2959.0,3551.0,0.14016723443790646,0.14699415792449275,0.3707804482851742,0.1435566367265469,6.0,36.480686695279914,3.5477249401300033,0.8958211143695015,0.1472169512966477,0.15377925363693865,0.15741619228336495,-5.551115123125783e-17,0.2687420043801846,0.33617969122146957,0.38909461729184996,0.3808118919901809,1.2037475848492583,1.0779923812069774,,,,
Up/Down,i091,D,False,27907.0,27906.0,0.4361296963458569,0.4291645222165037,9069.0,8870.0,3726.0,0.40555739331789614,0.4107102593010147,0.8718144750254841,0.4081052455543787,8.0,33.39070567986304,1.5979538723862514,0.6553783574380165,0.07515495867768596,0.18414256198347106,0.08532412190082644,0.0,0.31902256416162517,0.33916221581204237,0.39897704315886134,0.3892231404958678,1.1190740879071626,1.0800542272189555,,,,,27225.0,27225.0,0.425307621671258,0.4009501674755622,3132.0,2959.0,3551.0,0.3017033137194178,0.30146365977762424,0.8352687010532001,0.3015843313373254,9.0,35.789473684211316,3.5348837209302326,0.8770735722426238,0.11599986806952736,0.279890497707708,0.13282100333124444,-5.898059818321144e-17,0.29033497529453683,0.338828877944965,0.38905301080802884,0.38054549183129405,1.0659952219404076,1.0536195437398956,,,,
Up/Down,i091,D,True,11595.0,10735.0,0.44941785252263905,0.43433559650824444,9069.0,8870.0,3726.0,0.1451097144117323,0.18196166854565954,0.3827726809378186,0.16333128936953006,8.0,34.88072211476522,1.4055687459529462,0.6554518664047151,0.07072691552062868,0.185494433529797,0.0883267845448592,0.0,0.29660590050084457,0.3368999144712957,0.3977756015668719,0.3878473793790169,1.1233039623763448,1.1229338320780469,,,,,10722.0,10137.0,0.43562214566140534,0.4197484862598975,3132.0,2959.0,3551.0,0.12753174357386188,0.11514542370751932,0.34998649743451254,0.12138223552894212,11.0,37.172774869110434,3.2398090341535073,0.8711981179633675,0.11389027847256962,0.2773886943471736,0.13815240953810237,-4.163336342344337e-17,0.26290716282952903,0.33620587287393217,0.3892559548859523,0.3778761061946903,1.0758667088807978,1.066046074493438,,,,
Spread,i092,F,False,,,,,,,,,,,,,,,,,,,,,,,,,,0.519659744046552,0.5199677090362318,0.5178290121821404,1.0041301217270135,,,,,,,,,,,,,,,,,,,,,,,,,,0.5148617886178862,0.25277301913999434,0.25211501090620664,1.0008493146917339
Spread,i092,F,True,,,,,,,,,,,,,,,,,,,,,,,,,,,,,,,,,,,,,,,,,,,,,,,,,,,,,,,,,,
Correlation Coefficient,i093,F,False,,,,,,,,,,,,,,,,,,,,,,,,,,0.4976862831570615,0.5580992088536985,0.5178290121821404,1.0777673628247648,,,,,,,,,,,,,,,,,,,,,,,,,,0.4975688071211345,0.28397816116499286,0.25211501090620664,1.0552404296466418
Correlation Coefficient,i093,F,True,,,,,,,,,,,,,,,,,,,,,,,,,,,,,,,,,,,,,,,,,,,,,,,,,,,,,,,,,,
Correlation-Log,i094,F,False,,,,,,,,,,,,,,,,,,,,,,,,,,0.4964584347947478,0.5711458406604298,0.5178290121821404,1.1029622273452995,,,,,,,,,,,,,,,,,,,,,,,,,,0.49617910078385147,0.29740297524466003,0.25211501090620664,1.0641964354468478
Correlation-Log,i094,F,True,,,,,,,,,,,,,,,,,,,,,,,,,,,,,,,,,,,,,,,,,,,,,,,,,,,,,,,,,,
Rank Correlation,i095,F,False,,,,,,,,,,,,,,,,,,,,,,,,,,0.4965201816771344,0.5554806706423102,0.5178290121821404,1.0727106005542353,,,,,,,,,,,,,,,,,,,,,,,,,,0.4962299978901314,0.2824205375849558,0.25211501090620664,1.0531572709052746
Rank Correlation,i095,F,True,,,,,,,,,,,,,,,,,,,,,,,,,,,,,,,,,,,,,,,,,,,,,,,,,,,,,,,,,,
Ratio,i096,F,False,,,,,,,,,,,,,,,,,,,,,,,,,,0.5196613304693114,0.5199626566755814,0.5178290121821404,1.0041203649143755,,,,,,,,,,,,,,,,,,,,,,,,,,0.51488082490581,0.2527821596707007,0.25211501090620664,1.0008154764991577
Ratio,i096,F,True,,,,,,,,,,,,,,,,,,,,,,,,,,,,,,,,,,,,,,,,,,,,,,,,,,,,,,,,,,
Standard Error,i097,F,False,,,,,,,,,,,,,,,,,,,,,,,,,,0.49277017648225263,0.6624718812262999,0.5178290121821404,1.2793255411368936,,,,,,,,,,,,,,,,,,,,,,,,,,0.49020780551726106,0.36182918584811513,0.25211501090620664,1.193734675859423
Standard Error,i097,F,True,,,,,,,,,,,,,,,,,,,,,,,,,,,,,,,,,,,,,,,,,,,,,,,,,,,,,,,,,,
Average Price,i099,D,False,29210.0,29218.0,0.4818555289284492,0.47081261494448606,9069.0,8870.0,3726.0,0.45771308854338955,0.4616685456595265,0.9024445967557688,0.459668877863872,5.0,34.6674769149668,1.610118071498852,0.7117731985824911,0.07409108806930044,0.10985693660585379,0.10427877674235464,2.7755575615628914e-17,0.32363559224335026,0.34143652457768287,0.3965239078087376,0.38911702562704475,1.2046582904291256,1.2102959201540884,,,,,28996.0,28994.0,0.4519779841761266,0.44437564499484006,3132.0,2959.0,3551.0,0.3633323010219882,0.3648470381305358,0.8790170132325141,0.3640843313373254,6.0,37.676056338027955,3.639808297139434,0.9091419131627342,0.1091332052189744,0.18219210410977377,0.16509895148511514,-2.7755575615628914e-17,0.2982250431842581,0.33960085241084426,0.3888377268058884,0.3789008070635304,1.1398505242063164,1.13913334861819,,,,
Average Price,i099,D,True,12046.0,10755.0,0.4809278350515464,0.4885034687809713,9069.0,8870.0,3726.0,0.16263498920086394,0.21228861330326945,0.4001019367991845,0.18601928758570713,6.0,34.64973091893364,1.3827329678935003,0.7181473684210526,0.07545263157894737,0.10635789473684211,0.10004210526315789,6.938893903907228e-18,0.29826493409221744,0.3371502609024181,0.3972905801825294,0.3874329244921425,1.1860213074862485,1.251236621998381,,,,,11456.0,10090.0,0.45999022164276404,0.46377922575699504,3132.0,2959.0,3551.0,0.14970579126664602,0.14046108423895973,0.36699972994869023,0.14511601796407186,7.0,38.028169014085364,3.2232173613503274,0.9023153072077231,0.11125473974491555,0.17959324370906585,0.16313340227507755,-2.7755575615628914e-17,0.2658653276620334,0.3363282290930627,0.38943728522336774,0.37824578790882063,1.1387781879424637,1.197056823100229,,,,
Typical Price,i100,D,False,31250.0,31256.0,0.480608,0.46951936211442546,9069.0,8870.0,3726.0,0.470393648693351,0.4740698985343856,0.9113548092300663,0.47221138302023524,5.0,34.487769857021064,1.7341091492776886,0.7114096013217881,0.08307070954318758,0.10305051555854726,0.10246917357647707,0.0,0.3269245983050794,0.34256292321801124,0.3975622356397921,0.389985469809493,1.2091440789396675,1.2112768398623175,,,,,30971.0,30970.0,0.4503890736495431,0.4450113012592832,3132.0,2959.0,3551.0,0.3768349334159182,0.38117972234436837,0.8873886038347286,0.37899201596806387,5.0,37.46898263027288,3.8687361419068735,0.9091201403098509,0.12190745986779981,0.169845766446333,0.16399118665407617,-2.7755575615628914e-17,0.3027063881708509,0.3402630626424847,0.3886672,0.3797197735023487,1.1328769014610691,1.1410971323538546,,,,
Typical Price,i100,D,True,12973.0,11571.0,0.4790880629365016,0.4859778597785978,9069.0,8870.0,3726.0,0.1681785457163427,0.21939120631341602,0.40392456676860344,0.19164947878923017,5.0,34.4242050015441,1.5012425922385777,0.7175936791050614,0.08511304075725573,0.10122819369475083,0.09606508644293202,-2.7755575615628914e-17,0.30026515920661406,0.3376407014494071,0.3985796969004646,0.38930948059804693,1.1830059802171016,1.2489948515513225,,,,,12339.0,10840.0,0.46045343770770253,0.46274298056155505,3132.0,2959.0,3551.0,0.154598947042428,0.1466800678434575,0.37321091007291385,0.15066741516966067,6.0,37.850467289718814,3.4462219196732473,0.9017097293567431,0.1251303441084463,0.16820405871500763,0.1613058474372343,-3.469446951953614e-17,0.26821678976877145,0.3365435964619783,0.389616280003211,0.37922047970479705,1.1422238099163715,1.1860497301287078,,,,
Median Price,i101,D,False,31459.0,31463.0,0.47528529196732255,0.4652703299476374,9069.0,8870.0,3726.0,0.4663138162972764,0.4688838782412627,0.9098845395663193,0.4675845922292213,5.0,34.39482636744358,1.7633198380566801,0.7098048677503996,0.07184003377868926,0.12169375999034894,0.09666133848056217,0.0,0.32344745916360435,0.3401258649010275,0.39841019534644223,0.3891168937932779,1.1956521739130437,1.203310531618514,,,,,31073.0,31071.0,0.44884626524635535,0.443661291879888,3132.0,2959.0,3551.0,0.37218953236296065,0.37489792072366357,0.8887388603834728,0.3735341816367265,6.0,37.42069613037297,3.896454531968551,0.9080553295362083,0.10494228329155449,0.19889827623557083,0.15275585677591064,-5.551115123125783e-17,0.2984712377098602,0.33854796917150304,0.3891795670555326,0.3792174634582243,1.1265933213783745,1.1380804953560373,,,,
Median Price,i101,D,True,13087.0,11612.0,0.47450918302723244,0.4825245390331162,9069.0,8870.0,3726.0,0.16594672426205903,0.21724915445321308,0.40341488277268095,0.19003288923574335,5.0,34.2554443790479,1.5247925911634188,0.7155411655874191,0.07323465926611163,0.11995066296638915,0.09127351218008017,0.0,0.2987612850059534,0.33673201520211743,0.3991549829480864,0.3890664160401003,1.1753025364355025,1.247500157884765,,,,,12438.0,10901.0,0.4568397120121258,0.46142141066953096,3132.0,2959.0,3551.0,0.153979560235367,0.14504679942207424,0.3707804482851742,0.14954466067864272,7.0,37.90613718411658,3.4580074804488268,0.9009405339805825,0.10518448587837306,0.19998426559672725,0.15057823932027378,-2.7755575615628914e-17,0.2664286518126687,0.33586835499210616,0.3915729892336922,0.3798917530501789,1.137992426638711,1.1859708051027802,,,,
