indicator,key,symbol,htf,scenario,n_trades,expectancy_net_pct,net_pct,profit_factor
SMA,i001,BTCUSDT,False,baseline,62242,-0.10078908720144811,-6273.314365592533,0.1676834727912645
SMA,i001,BTCUSDT,False,delay+1,79300,-0.10030180758172103,-7953.933341230477,0.1855918392614982
SMA,i001,BTCUSDT,False,tp0.30,63336,-0.10069541074843005,-6377.644535162566,0.16342545809335343
SMA,i001,BTCUSDT,False,tp0.60,61880,-0.1006010269563051,-6225.191548056159,0.1690569690731271
SMA,i001,BTCUSDT,False,sl0.20,63180,-0.10021136252638685,-6331.353884417121,0.17326534465038904
SMA,i001,BTCUSDT,False,sl0.40,62044,-0.10080236190434637,-6254.181741993266,0.1670133006655738
SMA,i001,BTCUSDT,False,fee0.02,62242,-0.04078918419450687,-2538.8004026344965,0.42217173340956093
SMA,i001,BTCUSDT,False,fee0.07,62242,-0.14078902253940892,-8762.99034089789,0.10193582918953951
SMA,i001,BTCUSDT,False,slip3,62242,-0.10120373221410789,-6299.122700470504,0.1667539951341063
SMA,i001,BTCUSDT,True,baseline,24129,-0.09925432800047682,-2394.9076803235052,0.3052236308383478
SMA,i001,BTCUSDT,True,delay+1,24109,-0.10019769418858476,-2415.66620919259,0.30189039330545314
SMA,i001,BTCUSDT,True,tp0.30,24512,-0.09990844760624645,-2448.955867724313,0.2836790433627252
SMA,i001,BTCUSDT,True,tp0.60,23989,-0.09930626548062234,-2382.2580026146493,0.3096118307356989
SMA,i001,BTCUSDT,True,sl0.20,25598,-0.09833327487954102,-2517.135170366491,0.3002453679427883
SMA,i001,BTCUSDT,True,sl0.40,23598,-0.09987120871274009,-2356.7607832032404,0.305126947141454
SMA,i001,BTCUSDT,True,fee0.02,24129,-0.03925503613569947,-947.1847669182924,0.6153094818519861
SMA,i001,BTCUSDT,True,fee0.07,24129,-0.13925385591032838,-3360.056289260314,0.19724724646386996
SMA,i001,BTCUSDT,True,slip3,24129,-0.09967042815572623,-2404.947760969518,0.3037963247370431
EMA,i002,BTCUSDT,False,baseline,66165,-0.10090564381549129,-6676.421923051981,0.15507622520712663
EMA,i002,BTCUSDT,False,delay+1,79830,-0.10112916614264848,-8073.141333167629,0.17447452597633364
EMA,i002,BTCUSDT,False,tp0.30,67110,-0.10097586425853965,-6776.490250390596,0.14970742197029407
EMA,i002,BTCUSDT,False,tp0.60,65831,-0.10098055392949218,-6647.6508457324,0.15470720548966874
EMA,i002,BTCUSDT,False,sl0.20,66972,-0.10067649758712062,-6742.506396404641,0.1589748836696392
EMA,i002,BTCUSDT,False,sl0.40,66001,-0.10086868653138416,-6657.434179757885,0.15433866480381814
EMA,i002,BTCUSDT,False,fee0.02,66165,-0.04090573241257557,-2706.5277850780626,0.39760804725950893
EMA,i002,BTCUSDT,False,fee0.07,66165,-0.1409055847507684,-9323.018015034591,0.09431397504400194
EMA,i002,BTCUSDT,False,slip3,66165,-0.10132053965122201,-6703.873506023105,0.15421395110554717
EMA,i002,BTCUSDT,True,baseline,24079,-0.09981170563703708,-2403.366060034216,0.3030805071305961
EMA,i002,BTCUSDT,True,delay+1,24042,-0.09969335917805922,-2396.8277413589,0.3033498544670159
EMA,i002,BTCUSDT,True,tp0.30,24512,-0.10093880861620108,-2474.212076800321,0.28024869035297645
EMA,i002,BTCUSDT,True,tp0.60,23933,-0.09981511693351025,-2388.8751935697005,0.30719641864852043
EMA,i002,BTCUSDT,True,sl0.20,25450,-0.09861460650655203,-2509.741735591749,0.29816876603767917
EMA,i002,BTCUSDT,True,sl0.40,23567,-0.10024711327300266,-2362.5237185048536,0.3032038304342253
EMA,i002,BTCUSDT,True,fee0.02,24079,-0.03981254452090691,-958.6462595189175,0.6114317057173592
EMA,i002,BTCUSDT,True,fee0.07,24079,-0.13981114638112385,-3366.5125937110815,0.19575777822724588
EMA,i002,BTCUSDT,True,slip3,24079,-0.10022803766385094,-2413.3909189078663,0.3016631895642276
DEMA,i003,BTCUSDT,False,baseline,90480,-0.10007353804033797,-9054.653721889781,0.13773691627022636
DEMA,i003,BTCUSDT,False,delay+1,109959,-0.1001408245076941,-11011.384922041534,0.14806029009613234
DEMA,i003,BTCUSDT,False,tp0.30,92329,-0.10028113013012127,-9258.856463783965,0.1384813282472264
DEMA,i003,BTCUSDT,False,tp0.60,89861,-0.09973944259733529,-8962.686051239147,0.13777356599747773
DEMA,i003,BTCUSDT,False,sl0.20,91585,-0.10002587730009803,-9160.869972529477,0.13754514612657495
DEMA,i003,BTCUSDT,False,sl0.40,90212,-0.09994204852682763,-9015.972081702173,0.13892397400163564
DEMA,i003,BTCUSDT,False,fee0.02,90480,-0.040073643563245324,-3625.863269602437,0.38793216880245485
DEMA,i003,BTCUSDT,False,fee0.07,90480,-0.1400734676917331,-12673.84735674801,0.07917332893735769
DEMA,i003,BTCUSDT,False,slip3,90480,-0.10048862001566236,-9092.210339017132,0.1368827821081188
DEMA,i003,BTCUSDT,True,baseline,29290,-0.09882652726785249,-2894.628983675399,0.31765384489271375
DEMA,i003,BTCUSDT,True,delay+1,29256,-0.0990774083536005,-2898.6086587929362,0.3154073188232097
DEMA,i003,BTCUSDT,True,tp0.30,30232,-0.09937237550742362,-3004.2256563404308,0.2969866909086048
DEMA,i003,BTCUSDT,True,tp0.60,28940,-0.09860356317162543,-2853.58711818684,0.3221395113894745
DEMA,i003,BTCUSDT,True,sl0.20,31604,-0.097398889346077,-3078.194498893418,0.3110746988708668
DEMA,i003,BTCUSDT,True,sl0.40,28312,-0.09914432245108008,-2806.974057234979,0.3182313675559004
DEMA,i003,BTCUSDT,True,fee0.02,29290,-0.03882713347932382,-1137.2467396093946,0.62766022486318
DEMA,i003,BTCUSDT,True,fee0.07,29290,-0.13882612312687156,-4066.2171463860686,0.20776213341103156
DEMA,i003,BTCUSDT,True,slip3,29290,-0.09924356462325774,-2906.84400781522,0.3162087457060919
TEMA,i004,BTCUSDT,False,baseline,102754,-0.0997109437112473,-10245.698310105505,0.12327853619367185
TEMA,i004,BTCUSDT,False,delay+1,124042,-0.10005017574033767,-12410.423899182968,0.13260761440786026
TEMA,i004,BTCUSDT,False,tp0.30,104560,-0.09993184322228857,-10448.873527322494,0.12330148770603096
TEMA,i004,BTCUSDT,False,tp0.60,102153,-0.09916014790322042,-10129.506588757675,0.12352160544340948
TEMA,i004,BTCUSDT,False,sl0.20,103968,-0.09947516684633198,-10342.234146679444,0.12259301651657717
TEMA,i004,BTCUSDT,False,sl0.40,102418,-0.09976521520310935,-10217.753810672053,0.12431405088279332
TEMA,i004,BTCUSDT,False,fee0.02,102754,-0.03971103511156374,-4080.4677018536213,0.37419977887702177
TEMA,i004,BTCUSDT,False,fee0.07,102754,-0.139710882777703,-14355.852048940093,0.06804480641919483
TEMA,i004,BTCUSDT,False,slip3,102754,-0.10012591140000274,-10288.33789999588,0.1224583417861651
TEMA,i004,BTCUSDT,True,baseline,31142,-0.0989973811361679,-3082.976443342541,0.3200430922547883
TEMA,i004,BTCUSDT,True,delay+1,31191,-0.09905883536917995,-3089.744134000092,0.3181346822132206
TEMA,i004,BTCUSDT,True,tp0.30,32368,-0.09963664179088079,-3225.0388214872296,0.2994242851960365
TEMA,i004,BTCUSDT,True,tp0.60,30695,-0.09890210865508005,-3035.8002251676817,0.32396904128082304
TEMA,i004,BTCUSDT,True,sl0.20,34009,-0.09794692156358917,-3331.0768554561046,0.31280001598477686
TEMA,i004,BTCUSDT,True,sl0.40,29981,-0.09950512792994114,-2983.263240467565,0.3195872536271691
TEMA,i004,BTCUSDT,True,fee0.02,31142,-0.03899792887926585,-1214.4735011580972,0.6286204025724772
TEMA,i004,BTCUSDT,True,fee0.07,31142,-0.1389970159741026,-4328.645071465503,0.2101496333763045
TEMA,i004,BTCUSDT,True,slip3,31142,-0.09941450194913323,-3095.966419699907,0.3185991707277758
Hull MA,i005,BTCUSDT,False,baseline,109840,-0.09951659111841278,-10930.902368446461,0.11431286661718573
Hull MA,i005,BTCUSDT,False,delay+1,146690,-0.10013267837968692,-14688.462591516276,0.11325367399148756
Hull MA,i005,BTCUSDT,False,tp0.30,111533,-0.09973389716088385,-11123.620752044857,0.11433468001165592
Hull MA,i005,BTCUSDT,False,tp0.60,109265,-0.0993683794048414,-10857.485975669995,0.11338575689166666
Hull MA,i005,BTCUSDT,False,sl0.20,111147,-0.09934083685060127,-11041.435993433779,0.11531703642279233
Hull MA,i005,BTCUSDT,False,sl0.40,109465,-0.09962472960104295,-10905.421025778167,0.11396797853989289
Hull MA,i005,BTCUSDT,False,fee0.02,109840,-0.039516662861843826,-4340.510248744926,0.36580381770522025
Hull MA,i005,BTCUSDT,False,fee0.07,109840,-0.13951654328945873,-15324.497114914146,0.061179363337480766
Hull MA,i005,BTCUSDT,False,slip3,109840,-0.09993125461318887,-10976.449006712664,0.11351234833700491
Hull MA,i005,BTCUSDT,True,baseline,32256,-0.0986347515909551,-3181.562547317848,0.3225192706532274
Hull MA,i005,BTCUSDT,True,delay+1,32319,-0.09897811459795264,-3198.873685691231,0.31853804269962177
Hull MA,i005,BTCUSDT,True,tp0.30,33647,-0.09908605683561214,-3333.9485543478418,0.30235388707306177
Hull MA,i005,BTCUSDT,True,tp0.60,31726,-0.09848049122046756,-3124.3920644605537,0.3262754683094113
Hull MA,i005,BTCUSDT,True,sl0.20,35253,-0.09776599711205335,-3446.5446961912166,0.3153145976555167
Hull MA,i005,BTCUSDT,True,sl0.40,31072,-0.09899939888557512,-3076.10932217259,0.32215035598344116
Hull MA,i005,BTCUSDT,True,fee0.02,32256,-0.03863520252591625,-1246.2170926759545,0.6321963558320892
Hull MA,i005,BTCUSDT,True,fee0.07,32256,-0.13863445096764768,-4471.792850412443,0.21178690410965648
Hull MA,i005,BTCUSDT,True,slip3,32256,-0.09905175890779973,-3195.013535329988,0.3210675980879126
Hamming MA,i006,BTCUSDT,False,baseline,59733,-0.10100590935941253,-6033.385983765788,0.17077854411822013
Hamming MA,i006,BTCUSDT,False,delay+1,80703,-0.10058485582065985,-8117.499619294712,0.18375253322573956
Hamming MA,i006,BTCUSDT,False,tp0.30,60878,-0.10052633632195104,-6119.842302607735,0.16857414737336698
Hamming MA,i006,BTCUSDT,False,tp0.60,59368,-0.10078155791946504,-5983.1995305628,0.17169106569854117
Hamming MA,i006,BTCUSDT,False,sl0.20,60747,-0.10025487697592722,-6090.183011656651,0.17674457172368785
Hamming MA,i006,BTCUSDT,False,sl0.40,59505,-0.10090265013307109,-6004.212196168396,0.17059687231753412
Hamming MA,i006,BTCUSDT,False,fee0.02,59733,-0.041006030464805845,-2449.4132177542474,0.42902281447062796
Hamming MA,i006,BTCUSDT,False,fee0.07,59733,-0.14100582862248365,-8422.701161106816,0.10362683801572856
Hamming MA,i006,BTCUSDT,False,slip3,59733,-0.1014205421205024,-6058.15324248397,0.16982998158762627
Hamming MA,i006,BTCUSDT,True,baseline,24207,-0.09986100649693821,-2417.335384271383,0.30296420367508
Hamming MA,i006,BTCUSDT,True,delay+1,24152,-0.100921104713726,-2437.4465210459107,0.2993366415520202
Hamming MA,i006,BTCUSDT,True,tp0.30,24582,-0.10053819602545307,-2471.4299346976873,0.2816413746303508
Hamming MA,i006,BTCUSDT,True,tp0.60,24059,-0.09981371071138626,-2401.418066005242,0.30767132242755935
Hamming MA,i006,BTCUSDT,True,sl0.20,25625,-0.09853619820934847,-2524.9900791145546,0.2982176409476634
Hamming MA,i006,BTCUSDT,True,sl0.40,23648,-0.10023227146886392,-2370.292755695694,0.3038722532001364
Hamming MA,i006,BTCUSDT,True,fee0.02,24207,-0.03986162025486694,-964.930241509564,0.6109429940963812
Hamming MA,i006,BTCUSDT,True,fee0.07,24207,-0.1398605973249857,-3385.605479445929,0.19582192507751067
Hamming MA,i006,BTCUSDT,True,slip3,24207,-0.10027710989107491,-2427.4079991332505,0.3015483532431416
Arnaud Legoux MA,i007,BTCUSDT,False,baseline,99070,-0.10022784083809229,-9929.572191829804,0.12001093168226251
Arnaud Legoux MA,i007,BTCUSDT,False,delay+1,122816,-0.10020423014334415,-12306.682729284956,0.129833081378485
Arnaud Legoux MA,i007,BTCUSDT,False,tp0.30,100684,-0.10039755848162366,-10108.427778163796,0.11791553929980625
Arnaud Legoux MA,i007,BTCUSDT,False,tp0.60,98530,-0.09992676413057112,-9845.784069785173,0.12180454018165816
Arnaud Legoux MA,i007,BTCUSDT,False,sl0.20,100146,-0.10020758447102424,-10035.388754435193,0.12255766136937699
Arnaud Legoux MA,i007,BTCUSDT,False,sl0.40,98818,-0.10016227207705923,-9897.835402110839,0.11933607373029981
Arnaud Legoux MA,i007,BTCUSDT,False,fee0.02,99070,-0.040228118087433415,-3985.3996589220287,0.35775707305072457
Arnaud Legoux MA,i007,BTCUSDT,False,fee0.07,99070,-0.14022765600519818,-13892.353880434985,0.06782567843680341
Arnaud Legoux MA,i007,BTCUSDT,False,slip3,99070,-0.10064276171149925,-9970.67840275823,0.11924010456898995
Arnaud Legoux MA,i007,BTCUSDT,True,baseline,30089,-0.09893250507969781,-2976.7801453430275,0.31542030755844874
Arnaud Legoux MA,i007,BTCUSDT,True,delay+1,30022,-0.099578732489557,-2989.55270680148,0.30929321026820644
Arnaud Legoux MA,i007,BTCUSDT,True,tp0.30,31073,-0.10018263734060653,-3112.9750900846666,0.292329786104581
Arnaud Legoux MA,i007,BTCUSDT,True,tp0.60,29683,-0.09871440010868317,-2930.1395384260422,0.3187619416545144
Arnaud Legoux MA,i007,BTCUSDT,True,sl0.20,32432,-0.09763877009333248,-3166.620591666959,0.30989195505377376
Arnaud Legoux MA,i007,BTCUSDT,True,sl0.40,29176,-0.09958574747965508,-2905.5137684664164,0.3146050839656814
Arnaud Legoux MA,i007,BTCUSDT,True,fee0.02,30089,-0.03893309399926914,-1171.4578653440092,0.6248218439896914
Arnaud Legoux MA,i007,BTCUSDT,True,fee0.07,30089,-0.13893211246665027,-4180.32833200904,0.2064154092966813
Arnaud Legoux MA,i007,BTCUSDT,True,slip3,30089,-0.0993495484638266,-2989.3285637280783,0.31398481590838206
Least Squares MA,i008,BTCUSDT,False,baseline,59297,-0.09958675595961018,-5905.195868137005,0.1982521634618702
Least Squares MA,i008,BTCUSDT,False,delay+1,72505,-0.10040151769348032,-7279.612040365791,0.2017835961053976
Least Squares MA,i008,BTCUSDT,False,tp0.30,60580,-0.09995078975911383,-6055.018843607115,0.19038787407788896
Least Squares MA,i008,BTCUSDT,False,tp0.60,58764,-0.09952880408163638,-5848.7106430532795,0.19618058904290026
Least Squares MA,i008,BTCUSDT,False,sl0.20,60237,-0.0994350541626308,-5989.669357594392,0.19357459640997676
Least Squares MA,i008,BTCUSDT,False,sl0.40,59021,-0.0997032027787171,-5884.582731202661,0.1995704782418926
Least Squares MA,i008,BTCUSDT,False,fee0.02,59297,-0.039586764431917255,-2347.3763705193974,0.4759174527498356
Least Squares MA,i008,BTCUSDT,False,fee0.07,59297,-0.1395867503114055,-8277.075533215411,0.12146185817975762
Least Squares MA,i008,BTCUSDT,False,slip3,59297,-0.10000183730060946,-5929.8089464142395,0.19718094610439435
Least Squares MA,i008,BTCUSDT,True,baseline,23667,-0.09892156243835686,-2341.176618228592,0.31134646258403753
Least Squares MA,i008,BTCUSDT,True,delay+1,23579,-0.09898454570119361,-2333.9566030884444,0.3107862918857688
Least Squares MA,i008,BTCUSDT,True,tp0.30,24049,-0.09921872599739806,-2386.111141511426,0.29001945553077974
Least Squares MA,i008,BTCUSDT,True,tp0.60,23524,-0.09880573187150059,-2324.3060365451797,0.3159810520990449
Least Squares MA,i008,BTCUSDT,True,sl0.20,25238,-0.0984059149858907,-2483.56848241391,0.3012698613228885
Least Squares MA,i008,BTCUSDT,True,sl0.40,23024,-0.0996918731795646,-2295.3056880862955,0.31057492575835316
Least Squares MA,i008,BTCUSDT,True,fee0.02,23667,-0.038921968493688425,-921.1662283401239,0.6222246515864294
Least Squares MA,i008,BTCUSDT,True,fee0.07,23667,-0.13892129173480247,-3287.85021148757,0.2022048652530191
Least Squares MA,i008,BTCUSDT,True,slip3,23667,-0.09933773650186235,-2351.026209789576,0.3099078783668734
Smoothed MA,i009,BTCUSDT,False,baseline,56399,-0.100674287228687,-5677.9291254107175,0.17126257242711662
Smoothed MA,i009,BTCUSDT,False,delay+1,68083,-0.10052578606840477,-6844.097092895203,0.19126239259508246
Smoothed MA,i009,BTCUSDT,False,tp0.30,57056,-0.1010371327397241,-5764.7746455976985,0.1623332541422461
Smoothed MA,i009,BTCUSDT,False,tp0.60,56192,-0.10068219669583521,-5657.5339967323725,0.172153512682894
Smoothed MA,i009,BTCUSDT,False,sl0.20,57152,-0.10057149229613968,-5747.861927708975,0.17456015248888151
Smoothed MA,i009,BTCUSDT,False,sl0.40,56250,-0.10063656886499252,-5660.80699865583,0.17038706168394807
Smoothed MA,i009,BTCUSDT,False,fee0.02,56399,-0.040674411733622774,-2293.996147364591,0.4201915231835866
Smoothed MA,i009,BTCUSDT,False,fee0.07,56399,-0.14067420422539645,-7933.884444108135,0.10561213928884584
Smoothed MA,i009,BTCUSDT,False,slip3,56399,-0.10108926508057459,-5701.333461279326,0.17034651743715298
Smoothed MA,i009,BTCUSDT,True,baseline,21521,-0.09877793081007208,-2125.799848963561,0.3043280880607256
Smoothed MA,i009,BTCUSDT,True,delay+1,21504,-0.09900325307388451,-2128.9659541008123,0.3026622008103838
Smoothed MA,i009,BTCUSDT,True,tp0.30,21795,-0.09971322606520869,-2173.2497620912236,0.2815792657694966
Smoothed MA,i009,BTCUSDT,True,tp0.60,21428,-0.09856064493312088,-2111.957499626914,0.30920475457431995
Smoothed MA,i009,BTCUSDT,True,sl0.20,22664,-0.09826710296935721,-2227.1256216975116,0.29816674729962256
Smoothed MA,i009,BTCUSDT,True,sl0.40,21134,-0.0992009537735888,-2096.5129570510258,0.3042689024471381
Smoothed MA,i009,BTCUSDT,True,fee0.02,21521,-0.038778793140250636,-834.558407171334,0.617117824217401
Smoothed MA,i009,BTCUSDT,True,fee0.07,21521,-0.13877735592328638,-2986.627476825046,0.19573567837419031
Smoothed MA,i009,BTCUSDT,True,slip3,21521,-0.0991943652447768,-2134.7619344328414,0.30289104115766385
Adaptive MA,i010,BTCUSDT,False,baseline,51487,-0.10155092530815142,-5228.552491340793,0.17927767310522147
Adaptive MA,i010,BTCUSDT,False,delay+1,63222,-0.10123059751856452,-6400.000836318685,0.1980872130680258
Adaptive MA,i010,BTCUSDT,False,tp0.30,52206,-0.10144215275149772,-5295.88902654469,0.17147628105456608
Adaptive MA,i010,BTCUSDT,False,tp0.60,51240,-0.10173186259651917,-5212.740639445642,0.17940913723654944
Adaptive MA,i010,BTCUSDT,False,sl0.20,52363,-0.10079017711537493,-5277.676044292377,0.18652343757415588
Adaptive MA,i010,BTCUSDT,False,sl0.40,51319,-0.1013597609481598,-5201.681572098612,0.17929246176079527
Adaptive MA,i010,BTCUSDT,False,fee0.02,51487,-0.041551155411182754,-2139.3443386555664,0.43457217164983664
Adaptive MA,i010,BTCUSDT,False,fee0.07,51487,-0.14155077190613055,-7288.024593130945,0.11001768366616427
Adaptive MA,i010,BTCUSDT,False,slip3,51487,-0.10196555404408696,-5249.900481067905,0.1783131349691034
Adaptive MA,i010,BTCUSDT,True,baseline,20876,-0.09909949657964733,-2068.8010905967176,0.3023005093016045
Adaptive MA,i010,BTCUSDT,True,delay+1,20918,-0.09915714960677996,-2074.169255474623,0.3027725752331024
Adaptive MA,i010,BTCUSDT,True,tp0.30,21138,-0.09942707319471195,-2101.689473189821,0.2816045113320352
Adaptive MA,i010,BTCUSDT,True,tp0.60,20782,-0.09851523531511099,-2047.3436203186366,0.310295079447536
Adaptive MA,i010,BTCUSDT,True,sl0.20,21835,-0.09811264191558768,-2142.289536226857,0.2964189611343171
Adaptive MA,i010,BTCUSDT,True,sl0.40,20546,-0.0997180723766333,-2048.8075150503078,0.3019031343880181
Adaptive MA,i010,BTCUSDT,True,fee0.02,20876,-0.03909998622146827,-816.2513123593716,0.6134659973020865
Adaptive MA,i010,BTCUSDT,True,fee0.07,20876,-0.1390991701517667,-2903.8342760882815,0.19462036027086385
Adaptive MA,i010,BTCUSDT,True,slip3,20876,-0.09951531196409732,-2077.4816525624956,0.3008757181030991
Multi-Timeframe MA,i011,BTCUSDT,False,baseline,11501,-0.10131458532851381,-1165.2190458632372,0.20089998173522733
Multi-Timeframe MA,i011,BTCUSDT,False,delay+1,13281,-0.0989782074372881,-1314.529572974623,0.22385258645238482
Multi-Timeframe MA,i011,BTCUSDT,False,tp0.30,11544,-0.1008866198464142,-1164.6351395070055,0.18847361971914683
Multi-Timeframe MA,i011,BTCUSDT,False,tp0.60,11490,-0.1012224516340183,-1163.0459692748702,0.20532504199112891
Multi-Timeframe MA,i011,BTCUSDT,False,sl0.20,11691,-0.10091319688615673,-1179.7761847960583,0.2040534357163254
Multi-Timeframe MA,i011,BTCUSDT,False,sl0.40,11449,-0.10104220824594709,-1156.8322422078484,0.20193703044754457
Multi-Timeframe MA,i011,BTCUSDT,False,fee0.02,11501,-0.0413149682327702,-475.16344964509,0.46753856909127695
Multi-Timeframe MA,i011,BTCUSDT,False,fee0.07,11501,-0.14131433005900956,-1625.2561100086687,0.12431564328391403
Multi-Timeframe MA,i011,BTCUSDT,False,slip3,11501,-0.10172821776079598,-1169.9762324669146,0.1998454010400594
Multi-Timeframe MA,i011,BTCUSDT,True,baseline,4670,-0.09807771180377325,-458.02291412362115,0.2866833944184014
Multi-Timeframe MA,i011,BTCUSDT,True,delay+1,4684,-0.09754022599906266,-456.8784185796095,0.2954379788095028
Multi-Timeframe MA,i011,BTCUSDT,True,tp0.30,4694,-0.09893717431721412,-464.41109624500314,0.26465565042008216
Multi-Timeframe MA,i011,BTCUSDT,True,tp0.60,4667,-0.09774426279829967,-456.1724744796646,0.2916707430358204
Multi-Timeframe MA,i011,BTCUSDT,True,sl0.20,4824,-0.09761309651695295,-470.885577597781,0.28208746230069925
Multi-Timeframe MA,i011,BTCUSDT,True,sl0.40,4626,-0.09916312218683873,-458.72860323631596,0.28490885229717905
Multi-Timeframe MA,i011,BTCUSDT,True,fee0.02,4670,-0.038079504147082145,-177.83128436687363,0.604071675076081
Multi-Timeframe MA,i011,BTCUSDT,True,fee0.07,4670,-0.13807651690823403,-644.817333961453,0.18097245427352043
Multi-Timeframe MA,i011,BTCUSDT,True,slip3,4670,-0.09849174735707014,-459.95646015751754,0.2852729631178241
WMA,i012,BTCUSDT,False,baseline,74665,-0.10049451292664538,-7503.422807667978,0.14806797247534811
WMA,i012,BTCUSDT,False,delay+1,93166,-0.10012917465913627,-9328.63468629309,0.16482316615852155
WMA,i012,BTCUSDT,False,tp0.30,76013,-0.10065475371112471,-7651.069793843723,0.14465231172078066
WMA,i012,BTCUSDT,False,tp0.60,74197,-0.10021823093553123,-7435.89208072361,0.14979769704870055
WMA,i012,BTCUSDT,False,sl0.20,75593,-0.10009402543250012,-7566.4076645189825,0.1524532849501825
WMA,i012,BTCUSDT,False,sl0.40,74433,-0.10070468845950996,-7495.752076106704,0.14602898926863786
WMA,i012,BTCUSDT,False,fee0.02,74665,-0.04049465010151338,-3023.5330498294966,0.39544769268478314
WMA,i012,BTCUSDT,False,fee0.07,74665,-0.14049442147673338,-10490.0159795603,0.08801387536124385
WMA,i012,BTCUSDT,False,slip3,74665,-0.10090933130552714,-7534.395221927184,0.1472033969004702
WMA,i012,BTCUSDT,True,baseline,26474,-0.09995564660720276,-2646.225788279086,0.3053915537932446
WMA,i012,BTCUSDT,True,delay+1,26408,-0.09965836944988925,-2631.7782204326754,0.30739963655406044
WMA,i012,BTCUSDT,True,tp0.30,27020,-0.10042503000223223,-2713.484310660315,0.28491358122461913
WMA,i012,BTCUSDT,True,tp0.60,26250,-0.1001389348477814,-2628.647039754262,0.3084894828282557
WMA,i012,BTCUSDT,True,sl0.20,28244,-0.09867798828534478,-2787.061101131278,0.301048126100064
WMA,i012,BTCUSDT,True,sl0.40,25805,-0.10063570170933281,-2596.904282609333,0.30585562041708036
WMA,i012,BTCUSDT,True,fee0.02,26474,-0.03995649661878578,-1057.8082914857348,0.6123504510908845
WMA,i012,BTCUSDT,True,fee0.07,26474,-0.1399550799328141,-3705.1707861413206,0.19800995431584426
WMA,i012,BTCUSDT,True,slip3,26474,-0.10037223564575132,-2657.25456648562,0.30397630816789334
McGinley Dynamic,i013,BTCUSDT,False,baseline,41519,-0.10061031328526221,-4177.239597290802,0.18901428042161578
McGinley Dynamic,i013,BTCUSDT,False,delay+1,49325,-0.10000964473991811,-4932.975726796461,0.20998141334388917
McGinley Dynamic,i013,BTCUSDT,False,tp0.30,41827,-0.10074719772901275,-4213.953039411417,0.1774079677620682
McGinley Dynamic,i013,BTCUSDT,False,tp0.60,41441,-0.10058885551718348,-4168.502761487601,0.1912827700481637
McGinley Dynamic,i013,BTCUSDT,False,sl0.20,42114,-0.10068170270978592,-4240.109227919924,0.19112055165979464
McGinley Dynamic,i013,BTCUSDT,False,sl0.40,41405,-0.10038095065315153,-4156.273261793739,0.18915367785612958
McGinley Dynamic,i013,BTCUSDT,False,fee0.02,41519,-0.040610340662530185,-1686.1007339675907,0.4477681113590631
McGinley Dynamic,i013,BTCUSDT,False,fee0.07,41519,-0.14061029503375022,-5837.9988395062755,0.11655331201955628
McGinley Dynamic,i013,BTCUSDT,False,slip3,41519,-0.10102472119635963,-4194.445399351656,0.18801526190751924
McGinley Dynamic,i013,BTCUSDT,True,baseline,16382,-0.09972361826136021,-1633.672314357603,0.2902160393253365
McGinley Dynamic,i013,BTCUSDT,True,delay+1,16403,-0.09978165076899227,-1636.7184175637803,0.2905723860724434
McGinley Dynamic,i013,BTCUSDT,True,tp0.30,16524,-0.10024835787418955,-1656.5038655131084,0.271520424964888
McGinley Dynamic,i013,BTCUSDT,True,tp0.60,16358,-0.09935950099802858,-1625.3227173257515,0.297131595583656
McGinley Dynamic,i013,BTCUSDT,True,sl0.20,17092,-0.0985682315090303,-1684.7282129523458,0.2877554266907158
McGinley Dynamic,i013,BTCUSDT,True,sl0.40,16179,-0.10005435376098,-1618.7793894988954,0.2905930127421936
McGinley Dynamic,i013,BTCUSDT,True,fee0.02,16382,-0.039724280497633595,-650.7631631122334,0.6010687035535517
McGinley Dynamic,i013,BTCUSDT,True,fee0.07,16382,-0.1397231767705113,-2288.945081854516,0.1844099008958803
McGinley Dynamic,i013,BTCUSDT,True,slip3,16382,-0.10013917960286056,-1640.4800402540616,0.28880534944671155
Guppy MMA,i014,BTCUSDT,False,baseline,18878,-0.10172907436385578,-1920.4414658408696,0.27544702874635235
Guppy MMA,i014,BTCUSDT,False,delay+1,21531,-0.1014335225381609,-2183.9651737691424,0.2668467992860991
Guppy MMA,i014,BTCUSDT,False,tp0.30,18903,-0.10174106652793867,-1923.2113805776248,0.25658348765476285
Guppy MMA,i014,BTCUSDT,False,tp0.60,18874,-0.10156994773269803,-1917.0311935069428,0.2807778012006359
Guppy MMA,i014,BTCUSDT,False,sl0.20,20122,-0.10044525817029286,-2021.1594849026326,0.26972071311100904
Guppy MMA,i014,BTCUSDT,False,sl0.40,18352,-0.10230292247078812,-1877.4632331839034,0.2747948262807346
Guppy MMA,i014,BTCUSDT,False,fee0.02,18878,-0.041728981682695225,-787.7597162059205,0.5780393538878439
Guppy MMA,i014,BTCUSDT,False,fee0.07,18878,-0.14172913615129615,-2675.5626322641683,0.17458839685066366
Guppy MMA,i014,BTCUSDT,False,slip3,18878,-0.10214362109020078,-1928.2672789408102,0.2740936259392223
Guppy MMA,i014,BTCUSDT,True,baseline,8888,-0.09981784286701939,-887.1809874020685,0.2967911216746764
Guppy MMA,i014,BTCUSDT,True,delay+1,8884,-0.09905610050195185,-880.0143968593403,0.3010177856081594
Guppy MMA,i014,BTCUSDT,True,tp0.30,8904,-0.10080682345510719,-897.5839560442745,0.2716102339754998
Guppy MMA,i014,BTCUSDT,True,tp0.60,8885,-0.10032747752926703,-891.4096378475376,0.2985330217553751
Guppy MMA,i014,BTCUSDT,True,sl0.20,9096,-0.0971476824288025,-883.6553193723877,0.2945300733506528
Guppy MMA,i014,BTCUSDT,True,sl0.40,8797,-0.10023021363432087,-881.7251893411207,0.2969767031565998
Guppy MMA,i014,BTCUSDT,True,fee0.02,8888,-0.039817705355415026,-353.8997651989288,0.6051757885419115
Guppy MMA,i014,BTCUSDT,True,fee0.07,8888,-0.13981793454142227,-1242.7018022041611,0.1909604799929046
Guppy MMA,i014,BTCUSDT,True,slip3,8888,-0.10023274816781723,-890.8686657155595,0.29538460294067304
MA Cross,i015,BTCUSDT,False,baseline,24418,-0.10149993894022571,-2478.4255090424317,0.265044314724055
MA Cross,i015,BTCUSDT,False,delay+1,32715,-0.10122905240650493,-3311.7084494788087,0.2524519038264879
MA Cross,i015,BTCUSDT,False,tp0.30,24472,-0.10135250446051386,-2480.298489157695,0.24811999325320394
MA Cross,i015,BTCUSDT,False,tp0.60,24408,-0.10152575815164655,-2478.040704965389,0.26921423026956676
MA Cross,i015,BTCUSDT,False,sl0.20,26021,-0.10058678822861844,-2617.3688164968803,0.26121808595625545
MA Cross,i015,BTCUSDT,False,sl0.40,23728,-0.10176710128478786,-2414.7297792854465,0.26331434122865244
MA Cross,i015,BTCUSDT,False,fee0.02,24418,-0.04149998214463522,-1013.3465640077027,0.5634687460140634
MA Cross,i015,BTCUSDT,False,fee0.07,24418,-0.14149991013728602,-3455.1448057322505,0.1673145159920114
MA Cross,i015,BTCUSDT,False,slip3,24418,-0.10191436389158096,-2488.5449375046237,0.2637360766274064
MA Cross,i015,BTCUSDT,True,baseline,12135,-0.09883197353740718,-1199.3259988764362,0.29208793407997785
MA Cross,i015,BTCUSDT,True,delay+1,12177,-0.09766165467154991,-1189.2259689354632,0.2953898563591573
MA Cross,i015,BTCUSDT,True,tp0.30,12162,-0.09876083663836605,-1201.129295195808,0.27452872060333017
MA Cross,i015,BTCUSDT,True,tp0.60,12129,-0.09893653708639388,-1200.0012583208716,0.29531062219558485
MA Cross,i015,BTCUSDT,True,sl0.20,12226,-0.09816702757074466,-1200.1900790799243,0.281920160543952
MA Cross,i015,BTCUSDT,True,sl0.40,12102,-0.09852723111067951,-1192.3765509014436,0.29683299811077163
MA Cross,i015,BTCUSDT,True,fee0.02,12135,-0.038831930911729366,-471.2254816138358,0.606322647641663
MA Cross,i015,BTCUSDT,True,fee0.07,12135,-0.13883200195452572,-1684.7263437181696,0.18553650039032715
MA Cross,i015,BTCUSDT,True,slip3,12135,-0.09924632230453616,-1204.3541211655463,0.2906762641812287
EMA Cross,i016,BTCUSDT,False,baseline,20505,-0.1017944854568198,-2087.2959242920897,0.2607916201079554
EMA Cross,i016,BTCUSDT,False,delay+1,26873,-0.10060424289456478,-2703.5378193056395,0.2534977433101298
EMA Cross,i016,BTCUSDT,False,tp0.30,20551,-0.10141393848950182,-2084.157849897752,0.24586014929107153
EMA Cross,i016,BTCUSDT,False,tp0.60,20501,-0.10200823037328238,-2091.270730882662,0.26394624805445804
EMA Cross,i016,BTCUSDT,False,sl0.20,21657,-0.10120061394931111,-2191.70169630023,0.2597012673407665
EMA Cross,i016,BTCUSDT,False,sl0.40,20094,-0.10258046825067399,-2061.2519290290434,0.25545235659224874
EMA Cross,i016,BTCUSDT,False,fee0.02,20505,-0.04179447602455485,-856.9957308834972,0.5579206219602305
EMA Cross,i016,BTCUSDT,False,fee0.07,20505,-0.14179449174499642,-2907.4960532311516,0.16374644530895163
EMA Cross,i016,BTCUSDT,False,slip3,20505,-0.10220884579254973,-2095.792382976232,0.25948961972482254
EMA Cross,i016,BTCUSDT,True,baseline,9516,-0.10130419096368666,-964.0106812104423,0.2811464756199379
EMA Cross,i016,BTCUSDT,True,delay+1,9509,-0.09896498085249503,-941.0580029263751,0.28805354820436835
EMA Cross,i016,BTCUSDT,True,tp0.30,9519,-0.10158476362997881,-966.9853649937683,0.2626435831020741
EMA Cross,i016,BTCUSDT,True,tp0.60,9515,-0.10136385982464216,-964.4771262314702,0.2845975731203618
EMA Cross,i016,BTCUSDT,True,sl0.20,9719,-0.09988860862674459,-970.8173872433306,0.2761503083946578
EMA Cross,i016,BTCUSDT,True,sl0.40,9449,-0.10153130882692141,-959.3693371055805,0.28327459337957256
EMA Cross,i016,BTCUSDT,True,fee0.02,9516,-0.04130425883226964,-393.05132704787786,0.5864588487761244
EMA Cross,i016,BTCUSDT,True,fee0.07,9516,-0.14130414571796468,-1344.650250652152,0.17801692031985672
EMA Cross,i016,BTCUSDT,True,slip3,9516,-0.10171854630891491,-967.9536866756343,0.27977290715912334
MA-EMA Cross,i017,BTCUSDT,False,baseline,45565,-0.10142229851416779,-4621.307031798055,0.21605577524980596
MA-EMA Cross,i017,BTCUSDT,False,delay+1,74395,-0.10156002582151608,-7555.558120991688,0.19483113691155285
MA-EMA Cross,i017,BTCUSDT,False,tp0.30,46941,-0.10123349521438682,-4752.001498858532,0.20996245767786503
MA-EMA Cross,i017,BTCUSDT,False,tp0.60,45048,-0.10086653535148143,-4543.835684513536,0.21823053811169363
MA-EMA Cross,i017,BTCUSDT,False,sl0.20,47072,-0.10116426529151079,-4762.004295801997,0.21046428951085672
MA-EMA Cross,i017,BTCUSDT,False,sl0.40,45032,-0.10174868108619767,-4581.946606673653,0.2162106640645158
MA-EMA Cross,i017,BTCUSDT,False,fee0.02,45565,-0.04142228785090261,-1887.4065459263772,0.5020341676334569
MA-EMA Cross,i017,BTCUSDT,False,fee0.07,45565,-0.1414223056230112,-6443.907355712506,0.1329345408419308
MA-EMA Cross,i017,BTCUSDT,False,slip3,45565,-0.10183702408956999,-4640.204002641256,0.21490692239941075
MA-EMA Cross,i017,BTCUSDT,True,baseline,23307,-0.1005646336327326,-2343.8599160780986,0.30326960669650493
MA-EMA Cross,i017,BTCUSDT,True,delay+1,23336,-0.09988181440932077,-2330.8420210559098,0.3045099389851646
MA-EMA Cross,i017,BTCUSDT,True,tp0.30,23591,-0.10086263112591597,-2379.450330891483,0.2822499821622819
MA-EMA Cross,i017,BTCUSDT,True,tp0.60,23206,-0.10048022109546417,-2331.7440107413418,0.3079149477486778
MA-EMA Cross,i017,BTCUSDT,True,sl0.20,24571,-0.09969314871602611,-2449.560357101477,0.29223525568709113
MA-EMA Cross,i017,BTCUSDT,True,sl0.40,22730,-0.10076326757032096,-2290.3490718733956,0.30518639867061575
MA-EMA Cross,i017,BTCUSDT,True,fee0.02,23307,-0.04056478104161855,-945.4433517370035,0.6085244165057855
MA-EMA Cross,i017,BTCUSDT,True,fee0.07,23307,-0.14056453536014196,-3276.137625638829,0.1960952425332418
MA-EMA Cross,i017,BTCUSDT,True,slip3,23307,-0.10098005790383296,-2353.5422095646345,0.3018604024427776
SuperTrend,i018,BTCUSDT,False,baseline,18948,-0.10387078725980958,-1968.1436769988723,0.25488788785659844
SuperTrend,i018,BTCUSDT,False,delay+1,24818,-0.10283304967160226,-2552.110626749825,0.23922137897358978
SuperTrend,i018,BTCUSDT,False,tp0.30,19048,-0.10337680182870722,-1969.1213212332152,0.24057917113464186
SuperTrend,i018,BTCUSDT,False,tp0.60,18915,-0.1048512531941152,-1983.2614541666892,0.2525045155752161
SuperTrend,i018,BTCUSDT,False,sl0.20,19850,-0.10287424030870583,-2042.053670127811,0.24799143334926205
SuperTrend,i018,BTCUSDT,False,sl0.40,18587,-0.10389171270883552,-1931.0352641191257,0.2569472074164206
SuperTrend,i018,BTCUSDT,False,fee0.02,18948,-0.043870641397837064,-831.2609132062167,0.547427049338266
SuperTrend,i018,BTCUSDT,False,fee0.07,18948,-0.1438708845011246,-2726.065519527309,0.1598693058193781
SuperTrend,i018,BTCUSDT,False,slip3,18948,-0.10428286875438561,-1975.9517971580983,0.25361498956047873
SuperTrend,i018,BTCUSDT,True,baseline,8882,-0.10425670771561747,-926.0080779301145,0.25047147604298825
SuperTrend,i018,BTCUSDT,True,delay+1,8896,-0.10288683216563245,-915.2812589454662,0.25446314834083816
SuperTrend,i018,BTCUSDT,True,tp0.30,8883,-0.10368841758737406,-921.0642134286438,0.23696370806792516
SuperTrend,i018,BTCUSDT,True,tp0.60,8880,-0.10473685637064102,-930.0632845712922,0.2515304926687085
SuperTrend,i018,BTCUSDT,True,sl0.20,8937,-0.10416239998136596,-930.8993686334676,0.23972714300639425
SuperTrend,i018,BTCUSDT,True,sl0.40,8856,-0.10461717392049161,-926.4896922398738,0.2528759556904646
SuperTrend,i018,BTCUSDT,True,fee0.02,8882,-0.04425624901241449,-393.0840037282655,0.5435921187603745
SuperTrend,i018,BTCUSDT,True,fee0.07,8882,-0.1442570135177528,-1281.2907940646803,0.15628841212603148
SuperTrend,i018,BTCUSDT,True,slip3,8882,-0.10466843396643197,-929.6650304898486,0.24920530949206945
Ichimoku Cloud,i019,BTCUSDT,False,baseline,19138,-0.09897529814720799,-1894.1892559412665,0.2704280000020256
Ichimoku Cloud,i019,BTCUSDT,False,delay+1,22917,-0.09961980444614672,-2282.9870584923447,0.2553591617035834
Ichimoku Cloud,i019,BTCUSDT,False,tp0.30,19240,-0.09942156180742777,-1912.87084917491,0.25117621919805033
Ichimoku Cloud,i019,BTCUSDT,False,tp0.60,19121,-0.0985796876602944,-1884.9422077524891,0.27736633336733846
Ichimoku Cloud,i019,BTCUSDT,False,sl0.20,20135,-0.09805899684823893,-1974.4179015392908,0.2700325354571578
Ichimoku Cloud,i019,BTCUSDT,False,sl0.40,18802,-0.09872011061039632,-1856.1355196966715,0.270337104846139
Ichimoku Cloud,i019,BTCUSDT,False,fee0.02,19138,-0.038974986315656324,-745.9032881090307,0.5799404888737013
Ichimoku Cloud,i019,BTCUSDT,False,fee0.07,19138,-0.1389755060349091,-2659.7132344960905,0.1698351381960661
Ichimoku Cloud,i019,BTCUSDT,False,slip3,19138,-0.09938999443959237,-1902.125713584919,0.2690766164920321
Ichimoku Cloud,i019,BTCUSDT,True,baseline,8518,-0.09596049141667871,-817.3914658872693,0.30230609766339156
Ichimoku Cloud,i019,BTCUSDT,True,delay+1,8543,-0.09677134035587216,-826.7175606602159,0.30198243226537747
Ichimoku Cloud,i019,BTCUSDT,True,tp0.30,8577,-0.09564813327825697,-820.3740391276101,0.28722569580203267
Ichimoku Cloud,i019,BTCUSDT,True,tp0.60,8508,-0.09554105595343916,-812.8633040518604,0.31020470123575605
Ichimoku Cloud,i019,BTCUSDT,True,sl0.20,8835,-0.09528206246128221,-841.8170218454283,0.29768371541742694
Ichimoku Cloud,i019,BTCUSDT,True,sl0.40,8435,-0.09622776711229644,-811.6812155922205,0.30372828999479357
Ichimoku Cloud,i019,BTCUSDT,True,fee0.02,8518,-0.035960043967434574,-306.30765451460775,0.6291172088297304
Ichimoku Cloud,i019,BTCUSDT,True,fee0.07,8518,-0.13596078971617484,-1158.1140068023774,0.19177916002427117
Ichimoku Cloud,i019,BTCUSDT,True,slip3,8518,-0.0963755515906166,-820.9269484488722,0.3008315405799712
Parabolic SAR,i020,BTCUSDT,False,baseline,33196,-0.10149156771480927,-3369.1140818608083,0.26323458994335186
Parabolic SAR,i020,BTCUSDT,False,delay+1,50838,-0.10172927899889438,-5171.713085745792,0.2468710355532077
Parabolic SAR,i020,BTCUSDT,False,tp0.30,33861,-0.100713741904659,-3410.268014633658,0.2534392803674919
Parabolic SAR,i020,BTCUSDT,False,tp0.60,32949,-0.10186278016976046,-3356.2767438134374,0.2635644182017395
Parabolic SAR,i020,BTCUSDT,False,sl0.20,34963,-0.10071924413040749,-3521.4469325314376,0.26114754320594624
Parabolic SAR,i020,BTCUSDT,False,sl0.40,32567,-0.10235888565479916,-3333.5218291198444,0.2576277665175308
Parabolic SAR,i020,BTCUSDT,False,fee0.02,33196,-0.04149141346833989,-1377.3489614950113,0.5571184774750938
Parabolic SAR,i020,BTCUSDT,False,fee0.07,33196,-0.14149167054578884,-4696.957495438007,0.1676797311637535
Parabolic SAR,i020,BTCUSDT,False,slip3,33196,-0.10190694284940212,-3382.902874828753,0.2619513113355109
Parabolic SAR,i020,BTCUSDT,True,baseline,18368,-0.1005141593449462,-1846.2440788479719,0.29933371657171015
Parabolic SAR,i020,BTCUSDT,True,delay+1,18426,-0.10039039604165377,-1849.7934374635126,0.2986731585696905
Parabolic SAR,i020,BTCUSDT,True,tp0.30,18429,-0.10035035252256809,-1849.3566466384075,0.2808182561921153
Parabolic SAR,i020,BTCUSDT,True,tp0.60,18346,-0.10086412893260538,-1850.4533093975783,0.3026571573401088
Parabolic SAR,i020,BTCUSDT,True,sl0.20,18845,-0.10059107353905197,-1895.6387808434347,0.2855205370913769
Parabolic SAR,i020,BTCUSDT,True,sl0.40,18155,-0.10061822316187516,-1826.7238415038435,0.30212351692474876
Parabolic SAR,i020,BTCUSDT,True,fee0.02,18368,-0.04051463745549793,-744.172860782586,0.6048189281542258
Parabolic SAR,i020,BTCUSDT,True,fee0.07,18368,-0.14051384060457833,-2580.9582242248953,0.19280926684415572
Parabolic SAR,i020,BTCUSDT,True,slip3,18368,-0.10092958639694707,-1853.874642939124,0.297928412740399
Directional Movement,i021,BTCUSDT,False,baseline,31952,-0.10196170831919629,-3257.8805042149597,0.2077598407163817
Directional Movement,i021,BTCUSDT,False,delay+1,44521,-0.10062001979467657,-4479.703901278795,0.21333515586236323
Directional Movement,i021,BTCUSDT,False,tp0.30,32185,-0.10142168311236151,-3264.256870971355,0.1976079294046964
Directional Movement,i021,BTCUSDT,False,tp0.60,31896,-0.1021113819020947,-3256.9446371492127,0.20984496202392752
Directional Movement,i021,BTCUSDT,False,sl0.20,32856,-0.10147056971640303,-3333.917038602138,0.21266486630588627
Directional Movement,i021,BTCUSDT,False,sl0.40,31753,-0.10160879195533572,-3226.383970957775,0.2083495240637152
Directional Movement,i021,BTCUSDT,False,fee0.02,31952,-0.04196152614280663,-1340.7546833149572,0.4774598347342389
Directional Movement,i021,BTCUSDT,False,fee0.07,31952,-0.14196182977012267,-4535.96438481496,0.12861321790097652
Directional Movement,i021,BTCUSDT,False,slip3,31952,-0.10237588875942946,-3271.11439764129,0.20667592651849487
Directional Movement,i021,BTCUSDT,True,baseline,14073,-0.10099699018933314,-1421.3306429344855,0.28611325327985276
Directional Movement,i021,BTCUSDT,True,delay+1,14120,-0.10106376150757462,-1427.0203124869536,0.2868704070914034
Directional Movement,i021,BTCUSDT,True,tp0.30,14150,-0.10169010636093619,-1438.9150050072471,0.2654224116245556
Directional Movement,i021,BTCUSDT,True,tp0.60,14058,-0.10074488437169632,-1416.271584497307,0.29173995495599503
Directional Movement,i021,BTCUSDT,True,sl0.20,14637,-0.10065599549910602,-1473.3018061204148,0.27983490347872
Directional Movement,i021,BTCUSDT,True,sl0.40,13908,-0.1014163272374737,-1410.498279218784,0.28649681270320015
Directional Movement,i021,BTCUSDT,True,fee0.02,14073,-0.04099761234369627,-576.9593985128375,0.5918827968906837
Directional Movement,i021,BTCUSDT,True,fee0.07,14073,-0.1409965754197577,-1984.2448058822506,0.18195856246210948
Directional Movement,i021,BTCUSDT,True,slip3,14073,-0.10141214577382891,-1427.1731274750944,0.2847308367435483
Vortex,i022,BTCUSDT,False,baseline,37202,-0.10114920415712464,-3762.9526930533507,0.21368477806255
Vortex,i022,BTCUSDT,False,delay+1,47296,-0.10011294691834628,-4734.941937450105,0.22136731724655503
Vortex,i022,BTCUSDT,False,tp0.30,37334,-0.10166848967607228,-3795.691393566483,0.19602938001483033
Vortex,i022,BTCUSDT,False,tp0.60,37164,-0.10178109681266204,-3782.592681945772,0.2133969576106907
Vortex,i022,BTCUSDT,False,sl0.20,38640,-0.100943543105387,-3900.458505592154,0.21390486128282896
Vortex,i022,BTCUSDT,False,sl0.40,36718,-0.10159488807616862,-3730.3611003807596,0.21010111814597202
Vortex,i022,BTCUSDT,False,fee0.02,37202,-0.04114925843771451,-1530.834712399855,0.49369568492271276
Vortex,i022,BTCUSDT,False,fee0.07,37202,-0.14114916797006472,-5251.031346822348,0.13202272019657596
Vortex,i022,BTCUSDT,False,slip3,37202,-0.10156361364425436,-3778.369554793551,0.21256030550628627
Vortex,i022,BTCUSDT,True,baseline,16181,-0.09912871633633137,-1604.001759038178,0.29504900594832
Vortex,i022,BTCUSDT,True,delay+1,16263,-0.09803269542301538,-1594.305725664499,0.3000601921921385
Vortex,i022,BTCUSDT,True,tp0.30,16312,-0.0994040124265954,-1621.4782507026239,0.2754825368202639
Vortex,i022,BTCUSDT,True,tp0.60,16157,-0.09925776303493547,-1603.7076773554525,0.29861437308453215
Vortex,i022,BTCUSDT,True,sl0.20,16664,-0.09853277165902312,-1641.9501069259613,0.28728852710500336
Vortex,i022,BTCUSDT,True,sl0.40,16034,-0.09931933340311114,-1592.4861917854842,0.2971468000997755
Vortex,i022,BTCUSDT,True,fee0.02,16181,-0.03912908870753918,-633.1477843766914,0.607585711756733
Vortex,i022,BTCUSDT,True,fee0.07,16181,-0.13912846808885948,-2251.2377421458355,0.18815143722816638
Vortex,i022,BTCUSDT,True,slip3,16181,-0.09954377623708545,-1610.7178432922797,0.2936354972296735
Williams Alligator,i023,BTCUSDT,False,baseline,23408,-0.10092169565001372,-2362.375051775521,0.2572252611371948
Williams Alligator,i023,BTCUSDT,False,delay+1,30195,-0.10120644646666667,-3055.928651061,0.23818624049863324
Williams Alligator,i023,BTCUSDT,False,tp0.30,23593,-0.10158915918408434,-2396.7930326301016,0.23793220644179555
Williams Alligator,i023,BTCUSDT,False,tp0.60,23364,-0.10079995577039799,-2355.0901666195787,0.26124198822710326
Williams Alligator,i023,BTCUSDT,False,sl0.20,24683,-0.10014904413249423,-2471.978856322355,0.24988023782310712
Williams Alligator,i023,BTCUSDT,False,sl0.40,22819,-0.10158926932131358,-2318.1655366430546,0.2556244506311624
Williams Alligator,i023,BTCUSDT,False,fee0.02,23408,-0.04092156108697524,-957.8919019239165,0.5599792215494629
Williams Alligator,i023,BTCUSDT,False,fee0.07,23408,-0.140921785358706,-3298.6971516765907,0.1607239070480791
Williams Alligator,i023,BTCUSDT,False,slip3,23408,-0.10133601831276545,-2372.073516665214,0.2559232162642194
Williams Alligator,i023,BTCUSDT,True,baseline,11301,-0.09714879596763161,-1097.878543230205,0.3050753990254169
Williams Alligator,i023,BTCUSDT,True,delay+1,11348,-0.09755384118085782,-1107.0409897203745,0.3004975630185625
Williams Alligator,i023,BTCUSDT,True,tp0.30,11469,-0.09773968055880962,-1120.9763963289874,0.2854262720825271
Williams Alligator,i023,BTCUSDT,True,tp0.60,11251,-0.09699968249030484,-1091.3434276984199,0.30925312315083714
Williams Alligator,i023,BTCUSDT,True,sl0.20,11447,-0.09622903018930017,-1101.533708576919,0.2957470397384208
Williams Alligator,i023,BTCUSDT,True,sl0.40,11260,-0.09690048568760397,-1091.0994688424207,0.3092678386383698
Williams Alligator,i023,BTCUSDT,True,fee0.02,11301,-0.037148529300021875,-419.81552961954714,0.6252391354443936
Williams Alligator,i023,BTCUSDT,True,fee0.07,11301,-0.1371489737460381,-1549.9205523039766,0.194698133487148
Williams Alligator,i023,BTCUSDT,True,slip3,11301,-0.09756315366024469,-1102.5611995144252,0.30361718606012156
Williams Fractal,i024,BTCUSDT,False,baseline,34043,-0.10488033986445462,-3570.441410005629,0.2778185893644822
Williams Fractal,i024,BTCUSDT,False,delay+1,42271,-0.10451237580085845,-4417.842637478087,0.26839299021552826
Williams Fractal,i024,BTCUSDT,False,tp0.30,34971,-0.10444665625561544,-3652.604015915128,0.2632130844596349
Williams Fractal,i024,BTCUSDT,False,tp0.60,33692,-0.10527452279718431,-3546.9092220827333,0.2786274828719598
Williams Fractal,i024,BTCUSDT,False,sl0.20,35889,-0.10367399549337322,-3720.7560242616714,0.27358897470659466
Williams Fractal,i024,BTCUSDT,False,sl0.40,33376,-0.10570942734688367,-3528.1578471295893,0.2762936561566887
Williams Fractal,i024,BTCUSDT,False,fee0.02,34043,-0.04488022064638141,-1527.8573514647624,0.5607835225507951
Williams Fractal,i024,BTCUSDT,False,fee0.07,34043,-0.1448804193431701,-4932.16411569954,0.18090630526261414
Williams Fractal,i024,BTCUSDT,False,slip3,34043,-0.1052958773648112,-3584.587553130268,0.2765355680612887
Williams Fractal,i024,BTCUSDT,True,baseline,16428,-0.10216886366255118,-1678.4300922483908,0.3081082464998268
Williams Fractal,i024,BTCUSDT,True,delay+1,16538,-0.0999547940006453,-1653.052383182672,0.3179565841233805
Williams Fractal,i024,BTCUSDT,True,tp0.30,16851,-0.10227426303590526,-1723.4236064180393,0.2883136099068489
Williams Fractal,i024,BTCUSDT,True,tp0.60,16275,-0.10251546917647528,-1668.4392608471353,0.31021369935962717
Williams Fractal,i024,BTCUSDT,True,sl0.20,16857,-0.10085773746369577,-1700.1588804255196,0.29926927941337556
Williams Fractal,i024,BTCUSDT,True,sl0.40,16272,-0.10208278832095603,-1661.0911315585965,0.3117092966980275
Williams Fractal,i024,BTCUSDT,True,fee0.02,16428,-0.04216892047543162,-692.7510255703907,0.6048215805584849
Williams Fractal,i024,BTCUSDT,True,fee0.07,16428,-0.14216882578729753,-2335.549470033724,0.20241265664066485
Williams Fractal,i024,BTCUSDT,True,slip3,16428,-0.10258454866966549,-1685.2589655452648,0.3067227298229573
Aroon,i025,BTCUSDT,False,baseline,28552,-0.10122142330391147,-2890.07407817328,0.25772833351108687
Aroon,i025,BTCUSDT,False,delay+1,41337,-0.10086581515682054,-4169.490201137491,0.24442747423807443
Aroon,i025,BTCUSDT,False,tp0.30,28698,-0.10168793192322774,-2918.2402703327894,0.23772026431421492
Aroon,i025,BTCUSDT,False,tp0.60,28511,-0.10143561288317869,-2892.0307589123076,0.2607392259546389
Aroon,i025,BTCUSDT,False,sl0.20,30408,-0.10076215510924875,-3063.9756125620365,0.25537602519866714
Aroon,i025,BTCUSDT,False,sl0.40,27896,-0.10144785253798673,-2829.989294399678,0.25490813978722565
Aroon,i025,BTCUSDT,False,fee0.02,28552,-0.04122142708220862,-1176.9541860512206,0.5544609030891219
Aroon,i025,BTCUSDT,False,fee0.07,28552,-0.14122142078504668,-4032.1540062546533,0.1627161279657701
Aroon,i025,BTCUSDT,False,slip3,28552,-0.10163594430718662,-2901.9094818587923,0.2564480060277963
Aroon,i025,BTCUSDT,True,baseline,15063,-0.09885259089586526,-1489.0165766644184,0.2958636060019006
Aroon,i025,BTCUSDT,True,delay+1,15135,-0.09832158027645939,-1488.0971174842127,0.29413115728667644
Aroon,i025,BTCUSDT,True,tp0.30,15133,-0.09967505831457964,-1508.3826574745335,0.272839113987787
Aroon,i025,BTCUSDT,True,tp0.60,15051,-0.09924918099647555,-1493.7994231779535,0.29857449298906613
Aroon,i025,BTCUSDT,True,sl0.20,15244,-0.09825104015746301,-1497.7388561603661,0.2866779740863795
Aroon,i025,BTCUSDT,True,sl0.40,14996,-0.09848255490897548,-1476.8443934149961,0.300418506490587
Aroon,i025,BTCUSDT,True,fee0.02,15063,-0.038852339209537394,-585.2327855132618,0.6091798294625606
Aroon,i025,BTCUSDT,True,fee0.07,15063,-0.1388527586867505,-2091.539104098523,0.1893976292217059
Aroon,i025,BTCUSDT,True,slip3,15063,-0.09926729054997262,-1495.2631975542374,0.2944510574331028
Trend Strength Index,i026,BTCUSDT,False,baseline,29225,-0.10069888892959844,-2942.9250289675147,0.261398829030723
Trend Strength Index,i026,BTCUSDT,False,delay+1,42981,-0.10084061543702097,-4334.230492098598,0.24696825113493215
Trend Strength Index,i026,BTCUSDT,False,tp0.30,29453,-0.10119067568255949,-2980.368970878425,0.2421530049497284
Trend Strength Index,i026,BTCUSDT,False,tp0.60,29149,-0.10069390548153463,-2935.126650881253,0.2650972003964593
Trend Strength Index,i026,BTCUSDT,False,sl0.20,30782,-0.10016547005359422,-3083.2934991897373,0.2592574553741373
Trend Strength Index,i026,BTCUSDT,False,sl0.40,28655,-0.100928672885219,-2892.1111215259507,0.25925542618812314
Trend Strength Index,i026,BTCUSDT,False,fee0.02,29225,-0.040699377617844465,-1189.4393108815045,0.5574788494195355
Trend Strength Index,i026,BTCUSDT,False,fee0.07,29225,-0.14069856313743445,-4111.915507691522,0.16560524520635145
Trend Strength Index,i026,BTCUSDT,False,slip3,29225,-0.10111332578777778,-2955.036946147806,0.2601124802368659
Trend Strength Index,i026,BTCUSDT,True,baseline,15479,-0.09813553096249157,-1519.0398837684072,0.2979738091266734
Trend Strength Index,i026,BTCUSDT,True,delay+1,15522,-0.09793507839292591,-1520.148286814996,0.2984597747044587
Trend Strength Index,i026,BTCUSDT,True,tp0.30,15502,-0.09843645662654732,-1525.9619506247366,0.27789677175021255
Trend Strength Index,i026,BTCUSDT,True,tp0.60,15473,-0.09813884634228287,-1518.5023694541428,0.302286079613325
Trend Strength Index,i026,BTCUSDT,True,sl0.20,15786,-0.09730885493607039,-1536.1175840208073,0.29131749549817065
Trend Strength Index,i026,BTCUSDT,True,sl0.40,15380,-0.09803138495706404,-1507.722700639645,0.30180474314929223
Trend Strength Index,i026,BTCUSDT,True,fee0.02,15479,-0.038136151976872486,-590.3094964500092,0.6147601697029057
Trend Strength Index,i026,BTCUSDT,True,fee0.07,15479,-0.1381351169529043,-2138.193475314006,0.18997076467505994
Trend Strength Index,i026,BTCUSDT,True,slip3,15479,-0.09855027383055996,-1525.4596886232378,0.29653917684273984
Zig Zag,i027,BTCUSDT,False,baseline,9275,-0.10365261810329061,-961.3780329080205,0.4211345902715245
Zig Zag,i027,BTCUSDT,False,delay+1,9627,-0.10361967569077765,-997.5466178751166,0.4173501744440787
Zig Zag,i027,BTCUSDT,False,tp0.30,9562,-0.1049138466734848,-1003.1862018918619,0.3799664865417117
Zig Zag,i027,BTCUSDT,False,tp0.60,9094,-0.10437190912695413,-949.1581416005207,0.42315031080913046
Zig Zag,i027,BTCUSDT,False,sl0.20,9603,-0.104469378972731,-1003.2194462751357,0.39125249902122167
Zig Zag,i027,BTCUSDT,False,sl0.40,8851,-0.10680478402279633,-945.3291433857704,0.41462564156487663
Zig Zag,i027,BTCUSDT,False,fee0.02,9275,-0.04365257982496965,-404.87767787659357,0.6887279520620572
Zig Zag,i027,BTCUSDT,False,fee0.07,9275,-0.14365264362217126,-1332.3782695956386,0.3059708384195044
Zig Zag,i027,BTCUSDT,False,slip3,9275,-0.10408127672040435,-965.3538415817504,0.4196814403656402
Zig Zag,i027,BTCUSDT,True,baseline,3811,-0.1029940287571807,-392.51024359361566,0.445116879984116
Zig Zag,i027,BTCUSDT,True,delay+1,3799,-0.10203789313167233,-387.6419560072232,0.4459267325952877
Zig Zag,i027,BTCUSDT,True,tp0.30,3835,-0.10458616060113138,-401.08792590533886,0.3924623372160548
Zig Zag,i027,BTCUSDT,True,tp0.60,3779,-0.10454880331268539,-395.08992771863814,0.4516965886459739
Zig Zag,i027,BTCUSDT,True,sl0.20,3830,-0.10357660137440318,-396.69838326396416,0.4064457596586304
Zig Zag,i027,BTCUSDT,True,sl0.40,3755,-0.1031310637758755,-387.25714447841256,0.458546527828912
Zig Zag,i027,BTCUSDT,True,fee0.02,3811,-0.04299479620119294,-163.8531683227463,0.7084207768723038
Zig Zag,i027,BTCUSDT,True,fee0.07,3811,-0.1429935171278392,-544.9482937741951,0.32821917088914415
Zig Zag,i027,BTCUSDT,True,slip3,3811,-0.10342421824069785,-394.1496957152995,0.4436497978237256
Linear Regression Curve,i028,BTCUSDT,False,baseline,98214,-0.09932351953368954,-9754.960147481783,0.1278717210984736
Linear Regression Curve,i028,BTCUSDT,False,delay+1,130549,-0.09970069378313015,-13015.825872693858,0.1296138202807201
Linear Regression Curve,i028,BTCUSDT,False,tp0.30,99967,-0.09981242066894583,-9977.948257012507,0.12684824209005655
Linear Regression Curve,i028,BTCUSDT,False,tp0.60,97616,-0.09915335505993227,-9678.953907530347,0.12677179972772704
Linear Regression Curve,i028,BTCUSDT,False,sl0.20,99495,-0.09929672327967842,-9879.527482711605,0.1263587778454856
Linear Regression Curve,i028,BTCUSDT,False,sl0.40,97841,-0.09959148041551083,-9744.130035333996,0.12690299025825424
Linear Regression Curve,i028,BTCUSDT,False,fee0.02,98214,-0.039323607511299416,-3862.128788114761,0.38735906023569006
Linear Regression Curve,i028,BTCUSDT,False,fee0.07,98214,-0.1393234608819496,-13683.514387059799,0.07035018698482684
Linear Regression Curve,i028,BTCUSDT,False,slip3,98214,-0.09973840574370918,-9795.707781712654,0.1270161297469656
Linear Regression Curve,i028,BTCUSDT,True,baseline,31067,-0.09877186410433877,-3068.545502129493,0.32020644246071484
Linear Regression Curve,i028,BTCUSDT,True,delay+1,31125,-0.09882488541319255,-3075.924558485618,0.3183065795282698
Linear Regression Curve,i028,BTCUSDT,True,tp0.30,32240,-0.09941374067170443,-3205.098999255751,0.2986928484872989
Linear Regression Curve,i028,BTCUSDT,True,tp0.60,30601,-0.0983136100984758,-3008.4947826234584,0.3252472153219675
Linear Regression Curve,i028,BTCUSDT,True,sl0.20,33866,-0.09825580092470995,-3327.5309541162273,0.31102356815681104
Linear Regression Curve,i028,BTCUSDT,True,sl0.40,29904,-0.09900960287997879,-2960.7831645228853,0.3202040176796508
Linear Regression Curve,i028,BTCUSDT,True,fee0.02,31067,-0.03877205707381112,-1204.53149711209,0.6298237092357116
Linear Regression Curve,i028,BTCUSDT,True,fee0.07,31067,-0.13877173545802385,-4311.2215054744265,0.21004187013692752
Linear Regression Curve,i028,BTCUSDT,True,slip3,31067,-0.09918886933371095,-3081.5006035903984,0.3187585727261126
Linear Regression Slope,i029,BTCUSDT,False,baseline,29225,-0.10069888892959844,-2942.9250289675147,0.261398829030723
Linear Regression Slope,i029,BTCUSDT,False,delay+1,42981,-0.10084061543702097,-4334.230492098598,0.24696825113493215
Linear Regression Slope,i029,BTCUSDT,False,tp0.30,29453,-0.10119067568255949,-2980.368970878425,0.2421530049497284
Linear Regression Slope,i029,BTCUSDT,False,tp0.60,29149,-0.10069390548153463,-2935.126650881253,0.2650972003964593
Linear Regression Slope,i029,BTCUSDT,False,sl0.20,30782,-0.10016547005359422,-3083.2934991897373,0.2592574553741373
Linear Regression Slope,i029,BTCUSDT,False,sl0.40,28655,-0.100928672885219,-2892.1111215259507,0.25925542618812314
Linear Regression Slope,i029,BTCUSDT,False,fee0.02,29225,-0.040699377617844465,-1189.4393108815045,0.5574788494195355
Linear Regression Slope,i029,BTCUSDT,False,fee0.07,29225,-0.14069856313743445,-4111.915507691522,0.16560524520635145
Linear Regression Slope,i029,BTCUSDT,False,slip3,29225,-0.10111332578777778,-2955.036946147806,0.2601124802368659
Linear Regression Slope,i029,BTCUSDT,True,baseline,15479,-0.09813553096249157,-1519.0398837684072,0.2979738091266734
Linear Regression Slope,i029,BTCUSDT,True,delay+1,15522,-0.09793507839292591,-1520.148286814996,0.2984597747044587
Linear Regression Slope,i029,BTCUSDT,True,tp0.30,15502,-0.09843645662654732,-1525.9619506247366,0.27789677175021255
Linear Regression Slope,i029,BTCUSDT,True,tp0.60,15473,-0.09813884634228287,-1518.5023694541428,0.302286079613325
Linear Regression Slope,i029,BTCUSDT,True,sl0.20,15786,-0.09730885493607039,-1536.1175840208073,0.29131749549817065
Linear Regression Slope,i029,BTCUSDT,True,sl0.40,15380,-0.09803138495706404,-1507.722700639645,0.30180474314929223
Linear Regression Slope,i029,BTCUSDT,True,fee0.02,15479,-0.038136151976872486,-590.3094964500092,0.6147601697029057
Linear Regression Slope,i029,BTCUSDT,True,fee0.07,15479,-0.1381351169529043,-2138.193475314006,0.18997076467505994
Linear Regression Slope,i029,BTCUSDT,True,slip3,15479,-0.09855027383055996,-1525.4596886232378,0.29653917684273984
Keltner Channels,i030,BTCUSDT,False,baseline,23511,-0.1046566069819473,-2460.5814867525633,0.27229812066562525
Keltner Channels,i030,BTCUSDT,False,delay+1,25025,-0.10260289194426084,-2567.6373709051277,0.2718015633381089
Keltner Channels,i030,BTCUSDT,False,tp0.30,24121,-0.1042038587095828,-2513.5012759338465,0.25766761065535126
Keltner Channels,i030,BTCUSDT,False,tp0.60,23318,-0.1042342012050046,-2430.5331036982975,0.27842880591097496
Keltner Channels,i030,BTCUSDT,False,sl0.20,24176,-0.10275348868417764,-2484.1683424286784,0.2651176798157328
Keltner Channels,i030,BTCUSDT,False,sl0.40,23222,-0.1052658171205473,-2444.4828051733493,0.2747556503611797
Keltner Channels,i030,BTCUSDT,False,fee0.02,23511,-0.04465618557868721,-1049.911579140515,0.558769272691941
Keltner Channels,i030,BTCUSDT,False,fee0.07,23511,-0.144656887917454,-3401.0280918272615,0.17622793068032508
Keltner Channels,i030,BTCUSDT,False,slip3,23511,-0.1050688203772691,-2470.2730358899735,0.2710257155025422
Keltner Channels,i030,BTCUSDT,True,baseline,10447,-0.10281876840529489,-1074.1476735301158,0.3032502766519175
Keltner Channels,i030,BTCUSDT,True,delay+1,10530,-0.1003660402301897,-1056.8544036238975,0.31171471883145485
Keltner Channels,i030,BTCUSDT,True,tp0.30,10762,-0.10218276932319602,-1099.6909634562355,0.2860124349919895
Keltner Channels,i030,BTCUSDT,True,tp0.60,10345,-0.10260086026569976,-1061.4058994486638,0.30894129462589887
Keltner Channels,i030,BTCUSDT,True,sl0.20,10597,-0.1016632931920161,-1077.3259179557947,0.2927855530451013
Keltner Channels,i030,BTCUSDT,True,sl0.40,10403,-0.10335725558812317,-1075.2255298832454,0.3068034879655061
Keltner Channels,i030,BTCUSDT,True,fee0.02,10447,-0.04281762195727507,-447.31569658765267,0.5948343449751636
Keltner Channels,i030,BTCUSDT,True,fee0.07,10447,-0.14281953270397477,-1492.0356581584244,0.20077530346119943
Keltner Channels,i030,BTCUSDT,True,slip3,10447,-0.10323114205450343,-1078.4557410433972,0.3019131098671718
Donchian Channels,i031,BTCUSDT,False,baseline,28452,-0.1050952236810383,-2990.1693041729013,0.28866573031750986
Donchian Channels,i031,BTCUSDT,False,delay+1,30496,-0.10348033295877104,-3155.7362339106817,0.2883835571550418
Donchian Channels,i031,BTCUSDT,False,tp0.30,29699,-0.10529764336685635,-3127.234710352267,0.27179635201501195
Donchian Channels,i031,BTCUSDT,False,tp0.60,28006,-0.10469228839794116,-2932.0122288727403,0.29311086551190574
Donchian Channels,i031,BTCUSDT,False,sl0.20,29524,-0.10327142318511989,-3048.98549811748,0.28032182922436694
Donchian Channels,i031,BTCUSDT,False,sl0.40,27974,-0.10560203284784676,-2954.1112668856654,0.2915841914628952
Donchian Channels,i031,BTCUSDT,False,fee0.02,28452,-0.04509477383193205,-1283.0365050661308,0.5737758475187695
Donchian Channels,i031,BTCUSDT,False,fee0.07,28452,-0.14509552358044245,-4128.257836910749,0.1894782200563826
Donchian Channels,i031,BTCUSDT,False,slip3,28452,-0.10551000113165598,-3001.9705521978763,0.2873602229778419
Donchian Channels,i031,BTCUSDT,True,baseline,12465,-0.10325560058400719,-1287.0810612796497,0.3171696413162159
Donchian Channels,i031,BTCUSDT,True,delay+1,12618,-0.10134308594224618,-1278.7470584192624,0.32432034808299676
Donchian Channels,i031,BTCUSDT,True,tp0.30,13076,-0.10346175415904632,-1352.86589738369,0.2959331689546667
Donchian Channels,i031,BTCUSDT,True,tp0.60,12232,-0.10237544495573303,-1252.2564426985266,0.3248344853993552
Donchian Channels,i031,BTCUSDT,True,sl0.20,12703,-0.10220478504260137,-1298.3073843961652,0.3048452298828803
Donchian Channels,i031,BTCUSDT,True,sl0.40,12402,-0.10333274475800577,-1281.5327004887877,0.3224599593351952
Donchian Channels,i031,BTCUSDT,True,fee0.02,12465,-0.0432551007057687,-539.1748302974069,0.6064996798746696
Donchian Channels,i031,BTCUSDT,True,fee0.07,12465,-0.1432559338361662,-1785.6852152678116,0.21247160542539775
Donchian Channels,i031,BTCUSDT,True,slip3,12465,-0.10367072524785582,-1292.255590214523,0.3158088133860916
Price Channel,i032,BTCUSDT,False,baseline,40703,-0.10080951760181031,-4103.249794946485,0.2104003178080283
Price Channel,i032,BTCUSDT,False,delay+1,47968,-0.10028083198393087,-4810.270948605196,0.2251571642654019
Price Channel,i032,BTCUSDT,False,tp0.30,41047,-0.1007106915273773,-4133.871755124256,0.19874136940889767
Price Channel,i032,BTCUSDT,False,tp0.60,40604,-0.10097789079359426,-4100.106277783101,0.21173230382238561
Price Channel,i032,BTCUSDT,False,sl0.20,41520,-0.10003047876694741,-4153.265478403657,0.21532930216779936
Price Channel,i032,BTCUSDT,False,sl0.40,40499,-0.10072560393641172,-4079.2862338207387,0.20938509930198226
Price Channel,i032,BTCUSDT,False,fee0.02,40703,-0.040809717612310316,-1661.0779359738667,0.4835040396300294
Price Channel,i032,BTCUSDT,False,fee0.07,40703,-0.140809384261477,-5731.364367594898,0.13069926940725768
Price Channel,i032,BTCUSDT,False,slip3,40703,-0.10122415817589106,-4120.126910233294,0.2093073064567653
Price Channel,i032,BTCUSDT,True,baseline,16414,-0.09842214420184711,-1615.5010749291182,0.30094794640229694
Price Channel,i032,BTCUSDT,True,delay+1,16418,-0.09895790422383155,-1624.6908715468662,0.29755277802675095
Price Channel,i032,BTCUSDT,True,tp0.30,16553,-0.09945861807060472,-1646.33850492272,0.27736470249829576
Price Channel,i032,BTCUSDT,True,tp0.60,16373,-0.09902649372416639,-1621.3607817457764,0.30247543486416645
Price Channel,i032,BTCUSDT,True,sl0.20,17171,-0.09788771559620188,-1680.8299645023826,0.29454875948053305
Price Channel,i032,BTCUSDT,True,sl0.40,16173,-0.09867611707776378,-1595.8888414986734,0.3017255693326323
Price Channel,i032,BTCUSDT,True,fee0.02,16414,-0.038422630126432766,-630.6690508952674,0.6160530107525926
Price Channel,i032,BTCUSDT,True,fee0.07,16414,-0.1384218202521233,-2272.055757618352,0.19266677357258954
Price Channel,i032,BTCUSDT,True,slip3,16414,-0.09883793017156318,-1622.325785836038,0.299509567232293
MA Channel,i033,BTCUSDT,False,baseline,36236,-0.10186724720392866,-3691.2615696815587,0.26094702413665805
MA Channel,i033,BTCUSDT,False,delay+1,47774,-0.1017843535011433,-4862.64570416362,0.2470482124450149
MA Channel,i033,BTCUSDT,False,tp0.30,36668,-0.10213707284239194,-3745.162186984828,0.24316694790133792
MA Channel,i033,BTCUSDT,False,tp0.60,36106,-0.10186715845328595,-3678.0156231143424,0.2642447622137027
MA Channel,i033,BTCUSDT,False,sl0.20,37941,-0.10110051440529598,-3835.854617051335,0.26364080493922254
MA Channel,i033,BTCUSDT,False,sl0.40,35738,-0.1024348588044492,-3660.8169839534057,0.2558501504798319
MA Channel,i033,BTCUSDT,False,fee0.02,36236,-0.04186696779467887,-1517.0914450079836,0.5509612530070224
MA Channel,i033,BTCUSDT,False,fee0.07,36236,-0.1418674334767618,-5140.708319463941,0.16624259671663802
MA Channel,i033,BTCUSDT,False,slip3,36236,-0.10228173105283549,-3706.2808064305464,0.2596789311744806
MA Channel,i033,BTCUSDT,True,baseline,16895,-0.09851550090030714,-1664.4193877106893,0.30507114221539716
MA Channel,i033,BTCUSDT,True,delay+1,16964,-0.1000884491997904,-1697.9004522252446,0.29796927263312495
MA Channel,i033,BTCUSDT,True,tp0.30,17036,-0.09977864318541971,-1699.82896530681,0.27970765126788716
MA Channel,i033,BTCUSDT,True,tp0.60,16839,-0.09930371812563948,-1672.1753095176432,0.3046285895574646
MA Channel,i033,BTCUSDT,True,sl0.20,17551,-0.09757667331862396,-1712.5681934151694,0.3013080569153265
MA Channel,i033,BTCUSDT,True,sl0.40,16702,-0.09920470889392424,-1656.9170479463228,0.3047866351461223
MA Channel,i033,BTCUSDT,True,fee0.02,16895,-0.03851678612410916,-650.7411015668242,0.6186118344822914
MA Channel,i033,BTCUSDT,True,fee0.07,16895,-0.13851464408443917,-2340.2049118065997,0.19677783051758552
MA Channel,i033,BTCUSDT,True,slip3,16895,-0.09893094157094717,-1671.4382578411523,0.3036379189657273
Chande Kroll Stop,i034,BTCUSDT,False,baseline,38121,-0.10207981229313594,-3891.3845244266354,0.2901397360903119
Chande Kroll Stop,i034,BTCUSDT,False,delay+1,45466,-0.10249328360258335,-4659.959632275054,0.27364871502134597
Chande Kroll Stop,i034,BTCUSDT,False,tp0.30,39251,-0.10211339158967914,-4008.052733286496,0.2720157993110954
Chande Kroll Stop,i034,BTCUSDT,False,tp0.60,37667,-0.10253149051746638,-3862.0536533214063,0.2902901022320693
Chande Kroll Stop,i034,BTCUSDT,False,sl0.20,40381,-0.10103287799637312,-4079.8086463715426,0.28764162259282733
Chande Kroll Stop,i034,BTCUSDT,False,sl0.40,37369,-0.10281203672718249,-3841.983000458082,0.2873447530334665
Chande Kroll Stop,i034,BTCUSDT,False,fee0.02,38121,-0.042079724405128964,-1604.1211740479212,0.5839868040664606
Chande Kroll Stop,i034,BTCUSDT,False,fee0.07,38121,-0.14207987088514057,-5416.2267580124435,0.18899039355417294
Chande Kroll Stop,i034,BTCUSDT,False,slip3,38121,-0.10249512198584286,-3907.216545222316,0.288802601244985
Chande Kroll Stop,i034,BTCUSDT,True,baseline,17847,-0.09952877164448697,-1776.289987539159,0.31968567136826487
Chande Kroll Stop,i034,BTCUSDT,True,delay+1,17880,-0.10124256714551794,-1810.217100561861,0.31242988337082406
Chande Kroll Stop,i034,BTCUSDT,True,tp0.30,18352,-0.09933006698134186,-1822.905389241586,0.2997424376964855
Chande Kroll Stop,i034,BTCUSDT,True,tp0.60,17618,-0.0998459766415515,-1759.0864164708541,0.32168678618886887
Chande Kroll Stop,i034,BTCUSDT,True,sl0.20,18455,-0.09812238517673806,-1810.848618436701,0.3152596050137381
Chande Kroll Stop,i034,BTCUSDT,True,sl0.40,17630,-0.09968495687556389,-1757.4457897161913,0.32118646571493165
Chande Kroll Stop,i034,BTCUSDT,True,fee0.02,17847,-0.03952904086218461,-705.4747922674087,0.6257575517965399
Chande Kroll Stop,i034,BTCUSDT,True,fee0.07,17847,-0.13952859216602187,-2490.1667843869923,0.21034745184056836
Chande Kroll Stop,i034,BTCUSDT,True,slip3,17847,-0.09994441817633591,-1783.708031193067,0.31825736141591876
52-Week High/Low,i035,BTCUSDT,False,baseline,2245,-0.11435916902073323,-256.7363344515461,0.4077584464437662
52-Week High/Low,i035,BTCUSDT,False,delay+1,2285,-0.10512058526689909,-240.20053733486444,0.43655034017970207
52-Week High/Low,i035,BTCUSDT,False,tp0.30,2420,-0.11003511555580492,-266.2849796450479,0.3812731455942071
52-Week High/Low,i035,BTCUSDT,False,tp0.60,2152,-0.11443488181434172,-246.2638656644634,0.42114121645863223
52-Week High/Low,i035,BTCUSDT,False,sl0.20,2339,-0.11438150858837852,-267.5383485882174,0.37570937623754286
52-Week High/Low,i035,BTCUSDT,False,sl0.40,2212,-0.11095166807334107,-245.42508977823044,0.4322140829401612
52-Week High/Low,i035,BTCUSDT,False,fee0.02,2245,-0.05435508402053084,-122.02716362609173,0.645981174849741
52-Week High/Low,i035,BTCUSDT,False,fee0.07,2245,-0.15436189235420147,-346.5424483351823,0.3022310082125552
52-Week High/Low,i035,BTCUSDT,False,slip3,2245,-0.11477619553873455,-257.67255898445904,0.40647293207798574
52-Week High/Low,i035,BTCUSDT,True,baseline,2100,-0.11655515488877512,-244.76582526642775,0.3980280828183124
52-Week High/Low,i035,BTCUSDT,True,delay+1,2135,-0.10810778559771364,-230.8101222511186,0.42233446733178026
52-Week High/Low,i035,BTCUSDT,True,tp0.30,2259,-0.11129698373548054,-251.41988625845056,0.37574745979758567
52-Week High/Low,i035,BTCUSDT,True,tp0.60,2015,-0.11551828493426551,-232.769344142545,0.4154748685714624
52-Week High/Low,i035,BTCUSDT,True,sl0.20,2191,-0.1165269613196589,-255.31057225137266,0.36623140999413784
52-Week High/Low,i035,BTCUSDT,True,sl0.40,2069,-0.11318403613664997,-234.1777707667288,0.4212617334537374
52-Week High/Low,i035,BTCUSDT,True,fee0.02,2100,-0.056551064021408526,-118.75723444495792,0.6324757751932283
52-Week High/Low,i035,BTCUSDT,True,fee0.07,2100,-0.15655788213368615,-328.7715524807409,0.29448410203895803
52-Week High/Low,i035,BTCUSDT,True,slip3,2100,-0.11697176618089776,-245.64070897988532,0.3967655278376789
Majority Rule,i036,BTCUSDT,False,baseline,33770,-0.10237506882712362,-3457.206074291965,0.2569744854592715
Majority Rule,i036,BTCUSDT,False,delay+1,44991,-0.10159881670571771,-4571.032362406946,0.2435242146486662
Majority Rule,i036,BTCUSDT,False,tp0.30,34281,-0.1022881003518405,-3506.5383681614444,0.24060166036154707
Majority Rule,i036,BTCUSDT,False,tp0.60,33622,-0.10231506930165077,-3440.037260060102,0.261028991383348
Majority Rule,i036,BTCUSDT,False,sl0.20,35601,-0.10124032788198875,-3604.2569129266817,0.25534890061383
Majority Rule,i036,BTCUSDT,False,sl0.40,33065,-0.10187639162664347,-3368.5428891349666,0.25867633187711725
Majority Rule,i036,BTCUSDT,False,fee0.02,33770,-0.04237530181320497,-1431.013942231932,0.546111333223234
Majority Rule,i036,BTCUSDT,False,fee0.07,33770,-0.14237491350306936,-4808.000828998653,0.16357330072716247
Majority Rule,i036,BTCUSDT,False,slip3,33770,-0.10279049869141758,-3471.235140809172,0.25571836430749306
Majority Rule,i036,BTCUSDT,True,baseline,16305,-0.09892343975993036,-1612.9466852856644,0.3066968504085377
Majority Rule,i036,BTCUSDT,True,delay+1,16378,-0.0996335392551293,-1631.7981059205079,0.30414638379759146
Majority Rule,i036,BTCUSDT,True,tp0.30,16537,-0.09886467322258341,-1634.925101081862,0.28729625659278457
Majority Rule,i036,BTCUSDT,True,tp0.60,16234,-0.0996501781566911,-1617.7209921957233,0.3063066564723379
Majority Rule,i036,BTCUSDT,True,sl0.20,16871,-0.0993011493131814,-1675.3096900626836,0.29553275428510223
Majority Rule,i036,BTCUSDT,True,sl0.40,16098,-0.0986253418336577,-1587.6707528382217,0.31022451883935803
Majority Rule,i036,BTCUSDT,True,fee0.02,16305,-0.0389240378528029,-634.6564371899512,0.6177419671529678
Majority Rule,i036,BTCUSDT,True,fee0.07,16305,-0.13892304103134867,-2265.14018401614,0.19854023322303457
Majority Rule,i036,BTCUSDT,True,slip3,16305,-0.0993388867450445,-1619.7205483779505,0.3052689312257682
MACD,i038,BTCUSDT,False,baseline,33079,-0.0999940154727572,-3307.7020378233356,0.2613690163712835
MACD,i038,BTCUSDT,False,delay+1,45134,-0.10027926156798608,-4526.004191609483,0.24961582753866854
MACD,i038,BTCUSDT,False,tp0.30,33518,-0.09949218698078932,-3334.779123222096,0.24854809801651412
MACD,i038,BTCUSDT,False,tp0.60,32926,-0.0998407032569845,-3287.354995439472,0.26478082921766755
MACD,i038,BTCUSDT,False,sl0.20,34094,-0.0994213687332057,-3389.6721455899155,0.256862456726267
MACD,i038,BTCUSDT,False,sl0.40,32743,-0.09969717089638352,-3264.384466660286,0.26361770951463437
MACD,i038,BTCUSDT,False,fee0.02,33079,-0.03999431959844181,-1322.9720979968565,0.5615829204989188
MACD,i038,BTCUSDT,False,fee0.07,33079,-0.13999381272230083,-4630.855331040989,0.16480363883632618
MACD,i038,BTCUSDT,False,slip3,33079,-0.1004087902141473,-3321.422371493778,0.2600702150855317
MACD,i038,BTCUSDT,True,baseline,16106,-0.09881649197292536,-1591.5384197159358,0.30175942547891405
MACD,i038,BTCUSDT,True,delay+1,16111,-0.09798564169547193,-1578.6466733557481,0.3049083584136112
MACD,i038,BTCUSDT,True,tp0.30,16167,-0.0993437547255883,-1606.090482648586,0.2785645036160647
MACD,i038,BTCUSDT,True,tp0.60,16086,-0.09907853447404982,-1593.7773055495654,0.30470824817988745
MACD,i038,BTCUSDT,True,sl0.20,16641,-0.09773317137993547,-1626.3777049335063,0.29411447054170975
MACD,i038,BTCUSDT,True,sl0.40,15885,-0.09868661935647188,-1567.6369484775557,0.30525387509709656
MACD,i038,BTCUSDT,True,fee0.02,16106,-0.03881713700107498,-625.1888085393138,0.6145515847867666
MACD,i038,BTCUSDT,True,fee0.07,16106,-0.13881606195415894,-2235.7714938336835,0.19393862824732547
MACD,i038,BTCUSDT,True,slip3,16106,-0.09923177805464155,-1598.2270173480567,0.3003301935886056
RSI,i039,BTCUSDT,False,baseline,41550,-0.1004956569870902,-4175.594547813598,0.1893069161820832
RSI,i039,BTCUSDT,False,delay+1,49350,-0.10015629124242381,-4942.712972813615,0.20899106916328494
RSI,i039,BTCUSDT,False,tp0.30,41860,-0.10053644418348111,-4208.455553520519,0.17808523871256857
RSI,i039,BTCUSDT,False,tp0.60,41472,-0.10053155150989615,-4169.244504218414,0.19125182637631158
RSI,i039,BTCUSDT,False,sl0.20,42143,-0.10056100205969282,-4237.942309801635,0.19151451062970828
RSI,i039,BTCUSDT,False,sl0.40,41436,-0.10032022965900828,-4156.869036150667,0.18924804355669433
RSI,i039,BTCUSDT,False,fee0.02,41550,-0.04049570093011804,-1682.5963736464046,0.4486438198266393
RSI,i039,BTCUSDT,False,fee0.07,41550,-0.14049562769173832,-5837.593330591726,0.11668517914619138
RSI,i039,BTCUSDT,False,slip3,41550,-0.10091008934464424,-4192.814212269968,0.188305626337594
RSI,i039,BTCUSDT,True,baseline,16386,-0.09967992995534129,-1633.3553322482223,0.29075601744097124
RSI,i039,BTCUSDT,True,delay+1,16404,-0.09991991346875324,-1639.0862605414284,0.2899422409916434
RSI,i039,BTCUSDT,True,tp0.30,16524,-0.10021859946867803,-1656.0121376204356,0.2718145521577704
RSI,i039,BTCUSDT,True,tp0.60,16363,-0.09931847694322946,-1625.1482382220636,0.29777733658983896
RSI,i039,BTCUSDT,True,sl0.20,17084,-0.09848097983341025,-1682.4490594739807,0.28827052215798554
RSI,i039,BTCUSDT,True,sl0.40,16176,-0.09988849620283025,-1615.796314576982,0.2912426374373765
RSI,i039,BTCUSDT,True,fee0.02,16386,-0.039680698774541466,-650.2079301196364,0.6016648383890031
RSI,i039,BTCUSDT,True,fee0.07,16386,-0.13967941740920783,-2288.7869336672793,0.18483075878325886
RSI,i039,BTCUSDT,True,slip3,16386,-0.10009554019773656,-1640.1655216801114,0.28934454953009586
Stochastic,i040,BTCUSDT,False,baseline,128599,-0.09943386376568124,-12787.095446402842,0.10334771933378502
Stochastic,i040,BTCUSDT,False,delay+1,154160,-0.10042794389925945,-15481.971831509838,0.1063388976718948
Stochastic,i040,BTCUSDT,False,tp0.30,130347,-0.09972939079417892,-12999.426901848841,0.10194877245595664
Stochastic,i040,BTCUSDT,False,tp0.60,128022,-0.0991500461548547,-12693.38720883681,0.10257033235896583
Stochastic,i040,BTCUSDT,False,sl0.20,129822,-0.0992357415186312,-12882.982435431739,0.10342405627976975
Stochastic,i040,BTCUSDT,False,sl0.40,128264,-0.09941137192299428,-12750.900208330939,0.10309682480785584
Stochastic,i040,BTCUSDT,False,fee0.02,128599,-0.039433853483782366,-5071.154124160928,0.3412727500911587
Stochastic,i040,BTCUSDT,False,fee0.07,128599,-0.13943387062028048,-17931.056327897448,0.05493558412543617
Stochastic,i040,BTCUSDT,False,slip3,128599,-0.09984847455704801,-12840.413979561816,0.10261256838173363
Stochastic,i040,BTCUSDT,True,baseline,33543,-0.0980654652367689,-3289.4099004369396,0.32674868464838147
Stochastic,i040,BTCUSDT,True,delay+1,33526,-0.09923007849621342,-3326.787611664051,0.3206166280725061
Stochastic,i040,BTCUSDT,True,tp0.30,35217,-0.09869140599791698,-3475.615245028642,0.3069139766105018
Stochastic,i040,BTCUSDT,True,tp0.60,32937,-0.09770293669643412,-3218.0416259704507,0.3305685424238589
Stochastic,i040,BTCUSDT,True,sl0.20,36714,-0.09736728339187392,-3574.742442449259,0.3183232741347851
Stochastic,i040,BTCUSDT,True,sl0.40,32239,-0.09865178534170203,-3180.4349076311323,0.32634767815248505
Stochastic,i040,BTCUSDT,True,fee0.02,33543,-0.03806621541517284,-1276.8550636711427,0.6380184492597167
Stochastic,i040,BTCUSDT,True,fee0.07,33543,-0.13806496511783292,-4631.11312494747,0.21522299158737107
Stochastic,i040,BTCUSDT,True,slip3,33543,-0.09848301388362597,-3303.4157346984657,0.3252852760711055
Stochastic RSI,i041,BTCUSDT,False,baseline,78388,-0.10023886263818478,-7857.5239644820285,0.1493150648881132
Stochastic RSI,i041,BTCUSDT,False,delay+1,123464,-0.10048271931676958,-12405.998457725638,0.13473195470193733
Stochastic RSI,i041,BTCUSDT,False,tp0.30,80074,-0.1009434991544108,-8082.949751290289,0.14494776720693517
Stochastic RSI,i041,BTCUSDT,False,tp0.60,77787,-0.1000527902975304,-7782.806398873999,0.14880769596552104
Stochastic RSI,i041,BTCUSDT,False,sl0.20,79917,-0.10046698928696764,-8029.020382846592,0.14707064687527377
Stochastic RSI,i041,BTCUSDT,False,sl0.40,77920,-0.10044862967211732,-7826.957224051383,0.14893663637567675
Stochastic RSI,i041,BTCUSDT,False,fee0.02,78388,-0.0402388389180929,-3154.2421051114657,0.4169627633793848
Stochastic RSI,i041,BTCUSDT,False,fee0.07,78388,-0.14023887845157934,-10993.045204062404,0.0848563285583373
Stochastic RSI,i041,BTCUSDT,False,slip3,78388,-0.10065361943082679,-7890.035919943651,0.14837761543178202
Stochastic RSI,i041,BTCUSDT,True,baseline,29486,-0.09958098619023639,-2936.2449588053105,0.31573738626897324
Stochastic RSI,i041,BTCUSDT,True,delay+1,29522,-0.09896199760954492,-2921.5560934289856,0.3153026221190812
Stochastic RSI,i041,BTCUSDT,True,tp0.30,30344,-0.10006676930286003,-3036.4260477259845,0.29377578986625985
Stochastic RSI,i041,BTCUSDT,True,tp0.60,29138,-0.09907804975265398,-2886.9362136928316,0.32176927971985486
Stochastic RSI,i041,BTCUSDT,True,sl0.20,31888,-0.09814816776670743,-3129.7487737447664,0.30836040684263644
Stochastic RSI,i041,BTCUSDT,True,sl0.40,28429,-0.09950519722688733,-2828.83325196318,0.31761772349689393
Stochastic RSI,i041,BTCUSDT,True,fee0.02,29486,-0.039581499877383804,-1167.1001053845387,0.6226039132065808
Stochastic RSI,i041,BTCUSDT,True,fee0.07,29486,-0.13958064373213813,-4115.674861085825,0.2067939594385826
Stochastic RSI,i041,BTCUSDT,True,slip3,29486,-0.09999751763569949,-2948.5268050062355,0.3143068390146337
Connors RSI,i042,BTCUSDT,False,baseline,153006,-0.09968300196577654,-15252.097398775606,0.083579861053348
Connors RSI,i042,BTCUSDT,False,delay+1,157390,-0.10033307034215824,-15791.421941152288,0.097601309060795
Connors RSI,i042,BTCUSDT,False,tp0.30,154549,-0.1000080239843669,-15456.140098759919,0.08123552203182992
Connors RSI,i042,BTCUSDT,False,tp0.60,152471,-0.09957674746433533,-15182.566262634671,0.08414020244765144
Connors RSI,i042,BTCUSDT,False,sl0.20,154178,-0.0994920356768094,-15339.48307657912,0.08586948920146925
Connors RSI,i042,BTCUSDT,False,sl0.40,152705,-0.09978408026997938,-15237.5279776272,0.08243577970465718
Connors RSI,i042,BTCUSDT,False,fee0.02,153006,-0.039683061954606615,-6071.746577426539,0.2961283315019724
Connors RSI,i042,BTCUSDT,False,fee0.07,153006,-0.13968296197322316,-21372.331279674985,0.044052733071017904
Connors RSI,i042,BTCUSDT,False,slip3,153006,-0.10009765523683839,-15315.541837167695,0.08296825425128107
Connors RSI,i042,BTCUSDT,True,baseline,34100,-0.09878988637394959,-3368.735125351681,0.3207174608515584
Connors RSI,i042,BTCUSDT,True,delay+1,33980,-0.10014467560048536,-3402.916076904492,0.31441484035492123
Connors RSI,i042,BTCUSDT,True,tp0.30,35830,-0.09971419612705608,-3572.7596472324194,0.3010130016464909
Connors RSI,i042,BTCUSDT,True,tp0.60,33478,-0.09830539958489164,-3291.068167303002,0.3250974545250405
Connors RSI,i042,BTCUSDT,True,sl0.20,37256,-0.09758090579864608,-3635.4742264343586,0.31670787912112963
Connors RSI,i042,BTCUSDT,True,sl0.40,32889,-0.09926144229984354,-3264.6095757995545,0.32056681148681665
Connors RSI,i042,BTCUSDT,True,fee0.02,34100,-0.03879016976473903,-1322.7447889776008,0.6295546485776083
Connors RSI,i042,BTCUSDT,True,fee0.07,34100,-0.13878969744675662,-4732.728682934401,0.21077075046008956
Connors RSI,i042,BTCUSDT,True,slip3,34100,-0.09920737298264604,-3382.9714187082295,0.3192737053255826
Awesome Oscillator,i043,BTCUSDT,False,baseline,20380,-0.10114612520143215,-2061.3580316051875,0.2630239179158523
Awesome Oscillator,i043,BTCUSDT,False,delay+1,26682,-0.0998985363526249,-2665.492746960738,0.2489734794530545
Awesome Oscillator,i043,BTCUSDT,False,tp0.30,20412,-0.10140152543736942,-2069.8079372275847,0.24416849563055962
Awesome Oscillator,i043,BTCUSDT,False,tp0.60,20374,-0.10178429270868608,-2073.75317964677,0.2636236534284429
Awesome Oscillator,i043,BTCUSDT,False,sl0.20,21617,-0.10075246337609048,-2177.9660008009478,0.25730840043302516
Awesome Oscillator,i043,BTCUSDT,False,sl0.40,19916,-0.10156247754693677,-2022.7183028247925,0.2599820817793728
Awesome Oscillator,i043,BTCUSDT,False,fee0.02,20380,-0.04114636468576261,-838.562912295842,0.5630032059670508
Awesome Oscillator,i043,BTCUSDT,False,fee0.07,20380,-0.14114596554521186,-2876.5547778114174,0.16547336064259177
Awesome Oscillator,i043,BTCUSDT,False,slip3,20380,-0.10156034176097468,-2069.799765088664,0.2617150265828244
Awesome Oscillator,i043,BTCUSDT,True,baseline,9268,-0.09893397421288926,-916.9200730050577,0.29208313793736723
Awesome Oscillator,i043,BTCUSDT,True,delay+1,9281,-0.09770877634222042,-906.8351532321476,0.29625180849644317
Awesome Oscillator,i043,BTCUSDT,True,tp0.30,9294,-0.0993763434946994,-923.6037364397362,0.2720677952032114
Awesome Oscillator,i043,BTCUSDT,True,tp0.60,9263,-0.10009070685027366,-927.140217554085,0.28944730074539654
Awesome Oscillator,i043,BTCUSDT,True,sl0.20,9426,-0.0981300921527799,-924.9742486321032,0.2830189543213845
Awesome Oscillator,i043,BTCUSDT,True,sl0.40,9199,-0.09902201253964152,-910.9034933521624,0.29362467914161383
Awesome Oscillator,i043,BTCUSDT,True,fee0.02,9268,-0.03893383181445435,-360.8387532563629,0.6063130753799637
Awesome Oscillator,i043,BTCUSDT,True,fee0.07,9268,-0.13893406914517917,-1287.6409528375207,0.1855175451135439
Awesome Oscillator,i043,BTCUSDT,True,slip3,9268,-0.09934846302305173,-920.7615552976436,0.2906663204869816
Accelerator Oscillator,i044,BTCUSDT,False,baseline,43135,-0.1005919746154672,-4339.034825038178,0.2235823187986745
Accelerator Oscillator,i044,BTCUSDT,False,delay+1,70486,-0.1010162517980756,-7120.231524239156,0.19845976127197143
Accelerator Oscillator,i044,BTCUSDT,False,tp0.30,44121,-0.10071904042675169,-4443.824782668711,0.21348856431919272
Accelerator Oscillator,i044,BTCUSDT,False,tp0.60,42757,-0.1005007351114944,-4297.109931162166,0.22498028174321122
Accelerator Oscillator,i044,BTCUSDT,False,sl0.20,44640,-0.10036367162237238,-4480.234301222704,0.22040527003136237
Accelerator Oscillator,i044,BTCUSDT,False,sl0.40,42635,-0.10117095797439891,-4313.423793238498,0.2217944775050623
Accelerator Oscillator,i044,BTCUSDT,False,fee0.02,43135,-0.0405919581088202,-1750.9341130239595,0.5119122263083848
Accelerator Oscillator,i044,BTCUSDT,False,fee0.07,43135,-0.14059198561989858,-6064.435299714324,0.1384548280643898
Accelerator Oscillator,i044,BTCUSDT,False,slip3,43135,-0.1010068632341493,-4356.931045605031,0.2224144843262741
Accelerator Oscillator,i044,BTCUSDT,True,baseline,21387,-0.10005713910168368,-2139.9220339677086,0.3041142136557891
Accelerator Oscillator,i044,BTCUSDT,True,delay+1,21460,-0.09976351982762745,-2140.925135500885,0.302469467359036
Accelerator Oscillator,i044,BTCUSDT,True,tp0.30,21687,-0.10043674927840758,-2178.1717816008254,0.28186805770915363
Accelerator Oscillator,i044,BTCUSDT,True,tp0.60,21270,-0.09958049293703332,-2118.077084770699,0.3101350479801616
Accelerator Oscillator,i044,BTCUSDT,True,sl0.20,22416,-0.09933599292747922,-2226.7156174623738,0.2934243808752781
Accelerator Oscillator,i044,BTCUSDT,True,sl0.40,20973,-0.10067553468359237,-2111.4679889189824,0.3050796785223551
Accelerator Oscillator,i044,BTCUSDT,True,fee0.02,21387,-0.040057306392830686,-856.7056118234699,0.6106571311258574
Accelerator Oscillator,i044,BTCUSDT,True,fee0.07,21387,-0.14005702757425234,-2995.399648730535,0.19692574270697719
Accelerator Oscillator,i044,BTCUSDT,True,slip3,21387,-0.10047303113293102,-2148.8167168399955,0.3027016949940786
Momentum,i045,BTCUSDT,False,baseline,50047,-0.10071986064182416,-5040.726865541374,0.1832986500704337
Momentum,i045,BTCUSDT,False,delay+1,60525,-0.10144162110878083,-6139.754117608959,0.2035096200314485
Momentum,i045,BTCUSDT,False,tp0.30,50589,-0.10055552942726376,-5087.003678195845,0.174097341264945
Momentum,i045,BTCUSDT,False,tp0.60,49889,-0.10067680575010614,-5022.665162067045,0.18586539395661078
Momentum,i045,BTCUSDT,False,sl0.20,51193,-0.10019096528146769,-5129.076085654176,0.18808891883560547
Momentum,i045,BTCUSDT,False,sl0.40,49716,-0.10067960232787262,-5005.387109332516,0.18177984869951488
Momentum,i045,BTCUSDT,False,fee0.02,50047,-0.04071979695258757,-2037.9036780861497,0.44595674509331473
Momentum,i045,BTCUSDT,False,fee0.07,50047,-0.14071990310131527,-7042.608990511525,0.11199784126941617
Momentum,i045,BTCUSDT,False,slip3,50047,-0.10113411780628562,-5061.459193851177,0.18230585437087007
Momentum,i045,BTCUSDT,True,baseline,20325,-0.0993193460614394,-2018.6657086987555,0.29717511665494195
Momentum,i045,BTCUSDT,True,delay+1,20367,-0.10033030866864301,-2043.4273966542519,0.2937207887654199
Momentum,i045,BTCUSDT,True,tp0.30,20522,-0.09925478638130444,-2036.90672611713,0.27983378427958167
Momentum,i045,BTCUSDT,True,tp0.60,20269,-0.09950332344974334,-2016.8328630028477,0.3011747563438736
Momentum,i045,BTCUSDT,True,sl0.20,21191,-0.09839977573775816,-2085.189647658833,0.2921471978875663
Momentum,i045,BTCUSDT,True,sl0.40,20006,-0.09995448137630161,-1999.68935441429,0.2959025646815293
Momentum,i045,BTCUSDT,True,fee0.02,20325,-0.03932008177500757,-799.1806620770288,0.6084452273713564
Momentum,i045,BTCUSDT,True,fee0.07,20325,-0.13931885558572726,-2831.6557397799065,0.18994196043258701
Momentum,i045,BTCUSDT,True,slip3,20325,-0.09973496374297552,-2027.1131380759775,0.2957559611342664
Chande Momentum Oscillator,i046,BTCUSDT,False,baseline,52685,-0.10130164152827863,-5337.076983917359,0.1786450047627958
Chande Momentum Oscillator,i046,BTCUSDT,False,delay+1,63987,-0.10194365873505896,-6523.068891480219,0.1964727275963056
Chande Momentum Oscillator,i046,BTCUSDT,False,tp0.30,53314,-0.1012863821569904,-5399.982178317787,0.1692007752743736
Chande Momentum Oscillator,i046,BTCUSDT,False,tp0.60,52502,-0.10116755829919445,-5311.499145824308,0.18168446193049528
Chande Momentum Oscillator,i046,BTCUSDT,False,sl0.20,53851,-0.10079459153745662,-5427.889548883577,0.18298530655465634
Chande Momentum Oscillator,i046,BTCUSDT,False,sl0.40,52357,-0.1014796503095886,-5313.170051259131,0.1759670856425376
Chande Momentum Oscillator,i046,BTCUSDT,False,fee0.02,52685,-0.0413017394022053,-2175.9821404051863,0.4358169231444283
Chande Momentum Oscillator,i046,BTCUSDT,False,fee0.07,52685,-0.14130157627899415,-7444.473546258807,0.10954935232610255
Chande Momentum Oscillator,i046,BTCUSDT,False,slip3,52685,-0.10171613983366305,-5358.914827136538,0.17768104335593274
Chande Momentum Oscillator,i046,BTCUSDT,True,baseline,21207,-0.09906771891228161,-2100.929114972756,0.2975578937952368
Chande Momentum Oscillator,i046,BTCUSDT,True,delay+1,21247,-0.09903104841169676,-2104.112685603321,0.29952941749590994
Chande Momentum Oscillator,i046,BTCUSDT,True,tp0.30,21420,-0.09914562038476665,-2123.6991886417018,0.2797159197313993
Chande Momentum Oscillator,i046,BTCUSDT,True,tp0.60,21161,-0.09879004939365822,-2090.4962352192015,0.30368156362938886
Chande Momentum Oscillator,i046,BTCUSDT,True,sl0.20,22207,-0.09868581184478208,-2191.5158236370753,0.2914150698414668
Chande Momentum Oscillator,i046,BTCUSDT,True,sl0.40,20877,-0.0993135784902866,-2073.369578141713,0.2985205263899902
Chande Momentum Oscillator,i046,BTCUSDT,True,fee0.02,21207,-0.039068437994306524,-828.5243645452585,0.609839536279556
Chande Momentum Oscillator,i046,BTCUSDT,True,fee0.07,21207,-0.13906723952426497,-2949.198948591087,0.1903260982649209
Chande Momentum Oscillator,i046,BTCUSDT,True,slip3,21207,-0.099483494315964,-2109.7464639586487,0.2961339688557032
Price Oscillator,i047,BTCUSDT,False,baseline,19772,-0.10166172089089542,-2010.0555454547841,0.26245936975814926
Price Oscillator,i047,BTCUSDT,False,delay+1,25656,-0.10070445997888702,-2583.673625218325,0.2542135427065141
Price Oscillator,i047,BTCUSDT,False,tp0.30,19810,-0.10126560612558876,-2006.0716573479133,0.24742741204950666
Price Oscillator,i047,BTCUSDT,False,tp0.60,19767,-0.10203597858693102,-2016.9451887278656,0.264543000824766
Price Oscillator,i047,BTCUSDT,False,sl0.20,20895,-0.1010229118003153,-2110.873742067588,0.26062496698218046
Price Oscillator,i047,BTCUSDT,False,sl0.40,19365,-0.10217977494969205,-1978.7113419007867,0.2586234252091009
Price Oscillator,i047,BTCUSDT,False,fee0.02,19772,-0.04166181547699668,-823.7374156111784,0.5612120257507363
Price Oscillator,i047,BTCUSDT,False,fee0.07,19772,-0.14166165783349458,-2800.9342986838546,0.16469055188154857
Price Oscillator,i047,BTCUSDT,False,slip3,19772,-0.10207632824244563,-2018.253162009635,0.2611471318299654
Price Oscillator,i047,BTCUSDT,True,baseline,9079,-0.10082422335284016,-915.3831238204358,0.2839919731045226
Price Oscillator,i047,BTCUSDT,True,delay+1,9072,-0.10008454743179983,-907.967014301288,0.2851984304034324
Price Oscillator,i047,BTCUSDT,True,tp0.30,9082,-0.10117273854771738,-918.8508114903692,0.26438467763289
Price Oscillator,i047,BTCUSDT,True,tp0.60,9078,-0.10121944985473741,-918.8701657813061,0.28492295145145424
Price Oscillator,i047,BTCUSDT,True,sl0.20,9269,-0.09990149612961062,-925.9869676253608,0.2768607539401098
Price Oscillator,i047,BTCUSDT,True,sl0.40,9009,-0.10049048321795788,-905.3187633105825,0.2875659935191185
Price Oscillator,i047,BTCUSDT,True,fee0.02,9079,-0.040824533564943984,-370.6459402361264,0.5906609625446255
Price Oscillator,i047,BTCUSDT,True,fee0.07,9079,-0.14082401654477092,-1278.541246209975,0.18029895124651935
Price Oscillator,i047,BTCUSDT,True,slip3,9079,-0.10123883946021907,-919.147423459329,0.2826110047023066
Detrended Price Oscillator,i048,BTCUSDT,False,baseline,29475,-0.10060395965385334,-2965.3017107973274,0.22196835635524775
Detrended Price Oscillator,i048,BTCUSDT,False,delay+1,33124,-0.10111417327528624,-3349.3058755705815,0.22958902001956605
Detrended Price Oscillator,i048,BTCUSDT,False,tp0.30,29571,-0.10020315240856811,-2963.1074198737674,0.20923264652547027
Detrended Price Oscillator,i048,BTCUSDT,False,tp0.60,29460,-0.10051080326262685,-2961.0482641169865,0.22640708531180423
Detrended Price Oscillator,i048,BTCUSDT,False,sl0.20,30162,-0.10032163528079649,-3025.9011633393834,0.22333739070970404
Detrended Price Oscillator,i048,BTCUSDT,False,sl0.40,29303,-0.10039395541303157,-2941.844075468064,0.22249880816490333
Detrended Price Oscillator,i048,BTCUSDT,False,fee0.02,29475,-0.04060420038347965,-1196.8088063030627,0.5070337540023596
Detrended Price Oscillator,i048,BTCUSDT,False,fee0.07,29475,-0.14060379916743582,-4144.29698046017,0.1368593428299914
Detrended Price Oscillator,i048,BTCUSDT,False,slip3,29475,-0.1010181534221758,-2977.510072118632,0.22080449459035845
Detrended Price Oscillator,i048,BTCUSDT,True,baseline,11730,-0.09876510635340216,-1158.5146975254072,0.29598418190535164
Detrended Price Oscillator,i048,BTCUSDT,True,delay+1,11728,-0.09995959727302547,-1172.3261568180428,0.28874548118076115
Detrended Price Oscillator,i048,BTCUSDT,True,tp0.30,11774,-0.0996445438232123,-1173.2148589745016,0.2736068175964294
Detrended Price Oscillator,i048,BTCUSDT,True,tp0.60,11719,-0.09911697681489302,-1161.5518512937315,0.2980754550541047
Detrended Price Oscillator,i048,BTCUSDT,True,sl0.20,12193,-0.09848312863364496,-1200.8047874300332,0.28884303551844953
Detrended Price Oscillator,i048,BTCUSDT,True,sl0.40,11596,-0.10001074173412897,-1159.7245611489595,0.2939608413132089
Detrended Price Oscillator,i048,BTCUSDT,True,fee0.02,11730,-0.03876561089141386,-454.72061575628453,0.6106061183482847
Detrended Price Oscillator,i048,BTCUSDT,True,fee0.07,11730,-0.1387647699947277,-1627.710752038156,0.18868984567023267
Detrended Price Oscillator,i048,BTCUSDT,True,slip3,11730,-0.09918044827111798,-1163.386658220214,0.29455679060737433
TRIX,i049,BTCUSDT,False,baseline,11722,-0.10179226539123434,-1193.2089349160487,0.2635537214062557
TRIX,i049,BTCUSDT,False,delay+1,13144,-0.10113984722021935,-1329.382151862563,0.25604546373320974
TRIX,i049,BTCUSDT,False,tp0.30,11723,-0.10159211537409543,-1190.964368530521,0.24758513831476467
TRIX,i049,BTCUSDT,False,tp0.60,11722,-0.10231633743695552,-1199.3521074359928,0.26428706514052946
TRIX,i049,BTCUSDT,False,sl0.20,12084,-0.10031861249230596,-1212.2501133570254,0.2565319223281617
TRIX,i049,BTCUSDT,False,sl0.40,11521,-0.10174185648167534,-1172.1679285253817,0.2653435358943492
TRIX,i049,BTCUSDT,False,fee0.02,11722,-0.04179200301968491,-489.8858593967465,0.5662136626480903
TRIX,i049,BTCUSDT,False,fee0.07,11722,-0.14179244030560062,-1662.0909852622503,0.16479811580025064
TRIX,i049,BTCUSDT,False,slip3,11722,-0.10220619969540798,-1198.0610728295724,0.2622259263834472
TRIX,i049,BTCUSDT,True,baseline,4636,-0.09963768300819995,-461.92029842601494,0.2806744955808331
TRIX,i049,BTCUSDT,True,delay+1,4639,-0.10188650050099839,-472.65147582413147,0.26983262217763476
TRIX,i049,BTCUSDT,True,tp0.30,4637,-0.09846010450253592,-456.559504578259,0.2686421442785646
TRIX,i049,BTCUSDT,True,tp0.60,4635,-0.10058122423247261,-466.1939743175106,0.27900729896406984
TRIX,i049,BTCUSDT,True,sl0.20,4646,-0.0970634961854246,-450.9570032774827,0.2770119653290865
TRIX,i049,BTCUSDT,True,sl0.40,4635,-0.09993121001252077,-463.1811584080337,0.28348145595766905
TRIX,i049,BTCUSDT,True,fee0.02,4636,-0.039637441486730575,-183.75917873248295,0.5926267730973287
TRIX,i049,BTCUSDT,True,fee0.07,4636,-0.13963784402251286,-647.3610448883696,0.1767288519129321
TRIX,i049,BTCUSDT,True,slip3,4636,-0.10005122252666819,-463.8374676336337,0.27928383029638587
Fisher Transform,i050,BTCUSDT,False,baseline,62160,-0.10196920975946996,-6338.4060786486525,0.17415817988251533
Fisher Transform,i050,BTCUSDT,False,delay+1,94620,-0.10088937061050922,-9546.152247166383,0.16811375858143326
Fisher Transform,i050,BTCUSDT,False,tp0.30,63737,-0.10190942027817938,-6495.40072027032,0.17101924935147148
Fisher Transform,i050,BTCUSDT,False,tp0.60,61557,-0.10170250735132297,-6260.501245025388,0.17381351387818286
Fisher Transform,i050,BTCUSDT,False,sl0.20,63765,-0.10167992629710935,-6483.620500335178,0.17543809713586836
Fisher Transform,i050,BTCUSDT,False,sl0.40,61693,-0.10158307113922645,-6266.964407792297,0.17523520407750368
Fisher Transform,i050,BTCUSDT,False,fee0.02,62160,-0.041969263287643346,-2608.8094059599102,0.4390161461800815
Fisher Transform,i050,BTCUSDT,False,fee0.07,62160,-0.14196917407402104,-8824.803860441149,0.10418169408815837
Fisher Transform,i050,BTCUSDT,False,slip3,62160,-0.10238366301613781,-6364.168493083126,0.1731682858509146
Fisher Transform,i050,BTCUSDT,True,baseline,26462,-0.09984958854903679,-2642.2198121846113,0.30994442250929316
Fisher Transform,i050,BTCUSDT,True,delay+1,26441,-0.09966292351113973,-2635.187360558046,0.30951198211867975
Fisher Transform,i050,BTCUSDT,True,tp0.30,27040,-0.1001784618801905,-2708.8256092403512,0.28992165463101144
Fisher Transform,i050,BTCUSDT,True,tp0.60,26238,-0.09996566323736229,-2622.899072021912,0.3134197132377696
Fisher Transform,i050,BTCUSDT,True,sl0.20,28302,-0.09903564180781062,-2802.9067344446557,0.3009021018892863
Fisher Transform,i050,BTCUSDT,True,sl0.40,25639,-0.10022446521494938,-2569.655063646087,0.31007158232039905
Fisher Transform,i050,BTCUSDT,True,fee0.02,26462,-0.03985018374774812,-1054.5155623329106,0.6165917636682523
Fisher Transform,i050,BTCUSDT,True,fee0.07,26462,-0.1398491917498959,-3700.6893120857458,0.2018888775270395
Fisher Transform,i050,BTCUSDT,True,slip3,26462,-0.1002657696417553,-2653.232796260129,0.3085246875916609
Ultimate Oscillator,i051,BTCUSDT,False,baseline,53675,-0.10030692156567261,-5383.974015037477,0.17514347863192697
Ultimate Oscillator,i051,BTCUSDT,False,delay+1,65059,-0.10106074431536775,-6574.910964413511,0.19306182941848118
Ultimate Oscillator,i051,BTCUSDT,False,tp0.30,54401,-0.10048302953908797,-5466.377289955924,0.1667358806577716
Ultimate Oscillator,i051,BTCUSDT,False,tp0.60,53431,-0.10041467144386122,-5365.256309916949,0.17581856531988188
Ultimate Oscillator,i051,BTCUSDT,False,sl0.20,54665,-0.09975566719443675,-5453.143547183885,0.17836414704975934
Ultimate Oscillator,i051,BTCUSDT,False,sl0.40,53361,-0.1006130486730147,-5368.812890240737,0.17205557104325933
Ultimate Oscillator,i051,BTCUSDT,False,fee0.02,53675,-0.04030693818756514,-2163.4749072175587,0.43660907803084803
Ultimate Oscillator,i051,BTCUSDT,False,fee0.07,53675,-0.14030691048441093,-7530.973420250757,0.10649284638477234
Ultimate Oscillator,i051,BTCUSDT,False,slip3,53675,-0.10072104540200302,-5406.2021119525125,0.17417922388156062
Ultimate Oscillator,i051,BTCUSDT,True,baseline,21180,-0.09866160677680015,-2089.6528315326273,0.30264674395947505
Ultimate Oscillator,i051,BTCUSDT,True,delay+1,21215,-0.09852565704532448,-2090.221814216559,0.3020502604371471
Ultimate Oscillator,i051,BTCUSDT,True,tp0.30,21480,-0.09903014129654414,-2127.1674350497683,0.2819858809444984
Ultimate Oscillator,i051,BTCUSDT,True,tp0.60,21087,-0.09830319968980086,-2072.919571858831,0.3087609264665978
Ultimate Oscillator,i051,BTCUSDT,True,sl0.20,22224,-0.09776678233681622,-2172.768970653404,0.2975136493904619
Ultimate Oscillator,i051,BTCUSDT,True,sl0.40,20789,-0.09840343147290559,-2045.7089368902346,0.30551054757730844
Ultimate Oscillator,i051,BTCUSDT,True,fee0.02,21180,-0.03866203367992668,-818.8618733408472,0.6154403503836438
Ultimate Oscillator,i051,BTCUSDT,True,fee0.07,21180,-0.1386613221747158,-2936.8468036604804,0.19477212686370593
Ultimate Oscillator,i051,BTCUSDT,True,slip3,21180,-0.09907731370992374,-2098.457504376185,0.3012226955474734
Williams %R,i052,BTCUSDT,False,baseline,48155,-0.10066070273766485,-4847.316140332251,0.20195015155678459
Williams %R,i052,BTCUSDT,False,delay+1,58956,-0.1011976924557341,-5966.211156420259,0.2145608076264401
Williams %R,i052,BTCUSDT,False,tp0.30,48742,-0.10070295078164918,-4908.463226999143,0.1922969834795377
Williams %R,i052,BTCUSDT,False,tp0.60,47975,-0.10050793136384673,-4821.868007180547,0.204108774059158
Williams %R,i052,BTCUSDT,False,sl0.20,49068,-0.10040604130597283,-4926.723634801475,0.20540631397928327
Williams %R,i052,BTCUSDT,False,sl0.40,47938,-0.10084743340633179,-4834.424262632733,0.19994764075841667
Williams %R,i052,BTCUSDT,False,fee0.02,48155,-0.04066071075390305,-1958.0165263542015,0.468824179216097
Williams %R,i052,BTCUSDT,False,fee0.07,48155,-0.14066069739350606,-6773.515882984285,0.1256998578368192
Williams %R,i052,BTCUSDT,False,slip3,48155,-0.1010754208304184,-4867.286890088798,0.20090130675602397
Williams %R,i052,BTCUSDT,True,baseline,19885,-0.09858334644441753,-1960.329844047243,0.3029102625011348
Williams %R,i052,BTCUSDT,True,delay+1,19890,-0.09832858624610775,-1955.7555804350834,0.3029978380400833
Williams %R,i052,BTCUSDT,True,tp0.30,20049,-0.09869991176749437,-1978.8345310264947,0.2833855924632565
Williams %R,i052,BTCUSDT,True,tp0.60,19830,-0.0984302037604848,-1951.8709405704133,0.30790103560605586
Williams %R,i052,BTCUSDT,True,sl0.20,20885,-0.09811194023390396,-2049.067871785084,0.29676804737463647
Williams %R,i052,BTCUSDT,True,sl0.40,19558,-0.09894445654625003,-1935.1556811315581,0.3030796662528358
Williams %R,i052,BTCUSDT,True,fee0.02,19885,-0.038584291058404135,-767.2486276963662,0.6168040101580545
Williams %R,i052,BTCUSDT,True,fee0.07,19885,-0.1385827167017598,-2755.717321614494,0.19450839887749996
Williams %R,i052,BTCUSDT,True,slip3,19885,-0.09899931949354004,-1968.6014681290437,0.30147319655078786
SMI Ergodic,i053,BTCUSDT,False,baseline,51163,-0.09976629420731635,-5104.342910528926,0.21357632572725221
SMI Ergodic,i053,BTCUSDT,False,delay+1,75430,-0.10115681986214704,-7630.258922201751,0.19710265955815645
SMI Ergodic,i053,BTCUSDT,False,tp0.30,52463,-0.1001115717953052,-5252.153391097096,0.20603525580092047
SMI Ergodic,i053,BTCUSDT,False,tp0.60,50670,-0.09952680406656042,-5043.0231620526165,0.21401120360032563
SMI Ergodic,i053,BTCUSDT,False,sl0.20,52221,-0.10015161446616523,-5230.017459037615,0.206907936652443
SMI Ergodic,i053,BTCUSDT,False,sl0.40,50852,-0.10017980893234245,-5094.343643827478,0.2132269731961441
SMI Ergodic,i053,BTCUSDT,False,fee0.02,51163,-0.03976636237214107,-2034.5663980458532,0.4982165321580585
SMI Ergodic,i053,BTCUSDT,False,fee0.07,51163,-0.13976624876409985,-7150.860585517641,0.13217941499289892
SMI Ergodic,i053,BTCUSDT,False,slip3,51163,-0.1001810850312954,-5125.564853456167,0.21245060602321486
SMI Ergodic,i053,BTCUSDT,True,baseline,23110,-0.09911207780815634,-2290.480118146493,0.3111763306655434
SMI Ergodic,i053,BTCUSDT,True,delay+1,23084,-0.09888403228289504,-2282.639001218349,0.31122110704848294
SMI Ergodic,i053,BTCUSDT,True,tp0.30,23427,-0.09913504414963784,-2322.4366792935652,0.2901840061319315
SMI Ergodic,i053,BTCUSDT,True,tp0.60,22988,-0.09867074647622873,-2268.243119995546,0.31816900314138585
SMI Ergodic,i053,BTCUSDT,True,sl0.20,24517,-0.09815648654906213,-2406.5025807233565,0.3023459591485179
SMI Ergodic,i053,BTCUSDT,True,sl0.40,22538,-0.09943666046132021,-2241.1034534772352,0.31246613061379497
SMI Ergodic,i053,BTCUSDT,True,fee0.02,23110,-0.03911272611670391,-903.8951005570274,0.621130157124012
SMI Ergodic,i053,BTCUSDT,True,fee0.07,23110,-0.13911164560245795,-3214.8701298728033,0.20216939875094278
SMI Ergodic,i053,BTCUSDT,True,slip3,23110,-0.09952772684004697,-2300.0857672734855,0.3097425734084349
Relative Vigor Index,i054,BTCUSDT,False,baseline,58755,-0.10032234117010982,-5894.4391554498025,0.17863007671914388
Relative Vigor Index,i054,BTCUSDT,False,delay+1,97554,-0.1001753722724945,-9772.508266670928,0.15816540925305098
Relative Vigor Index,i054,BTCUSDT,False,tp0.30,60277,-0.10045030904719343,-6054.843278437678,0.17422478395786997
Relative Vigor Index,i054,BTCUSDT,False,tp0.60,58173,-0.1001766609127582,-5827.5768952778835,0.17788091056868616
Relative Vigor Index,i054,BTCUSDT,False,sl0.20,60418,-0.10026990049233639,-6058.10684794598,0.17598684981901255
Relative Vigor Index,i054,BTCUSDT,False,sl0.40,58153,-0.10027811461414697,-5831.473199156489,0.17970437521334312
Relative Vigor Index,i054,BTCUSDT,False,fee0.02,58755,-0.04032229960574669,-2369.1367133356466,0.4562109236650362
Relative Vigor Index,i054,BTCUSDT,False,fee0.07,58755,-0.14032236887968524,-8244.640783525907,0.1064220457490545
Relative Vigor Index,i054,BTCUSDT,False,slip3,58755,-0.1007369749501246,-5918.8009631945715,0.1776023676350742
Relative Vigor Index,i054,BTCUSDT,True,baseline,25853,-0.09919993347197908,-2564.6158800510752,0.3104782094934162
Relative Vigor Index,i054,BTCUSDT,True,delay+1,25952,-0.09869014671233539,-2561.2066874785287,0.3126724158202715
Relative Vigor Index,i054,BTCUSDT,True,tp0.30,26340,-0.09922072238966288,-2613.47382774372,0.2912605279132381
Relative Vigor Index,i054,BTCUSDT,True,tp0.60,25670,-0.09909576561481893,-2543.7883033324024,0.3148374092408813
Relative Vigor Index,i054,BTCUSDT,True,sl0.20,27542,-0.09866623165582183,-2717.465352264645,0.29997065850826055
Relative Vigor Index,i054,BTCUSDT,True,sl0.40,25069,-0.09873421179344465,-2475.1679554498637,0.3145389111827176
Relative Vigor Index,i054,BTCUSDT,True,fee0.02,25853,-0.03920032577306563,-1013.4460222110657,0.620099708521309
Relative Vigor Index,i054,BTCUSDT,True,fee0.07,25853,-0.1391996719379214,-3598.7291186110824,0.20173985536038488
Relative Vigor Index,i054,BTCUSDT,True,slip3,25853,-0.0996157829787819,-2575.366837350449,0.3090482289991107
True Strength Index,i055,BTCUSDT,False,baseline,29692,-0.0999354197860992,-2967.282484288857,0.2705523955240908
True Strength Index,i055,BTCUSDT,False,delay+1,39532,-0.10049854643239912,-3972.908537565602,0.25789228057138464
True Strength Index,i055,BTCUSDT,False,tp0.30,30013,-0.09924216552201152,-2978.555113812132,0.25692003066636954
True Strength Index,i055,BTCUSDT,False,tp0.60,29564,-0.09993033503753186,-2954.340425049592,0.27360180464633055
True Strength Index,i055,BTCUSDT,False,sl0.20,30729,-0.09936768357069646,-3053.469548443931,0.26602243139469933
True Strength Index,i055,BTCUSDT,False,sl0.40,29333,-0.09951913360540297,-2919.194746047285,0.27287797353364945
True Strength Index,i055,BTCUSDT,False,fee0.02,29692,-0.039935211882143475,-1185.7563112046041,0.5736407093391361
True Strength Index,i055,BTCUSDT,False,fee0.07,29692,-0.13993555838873634,-4154.96659967836,0.17135642953184424
True Strength Index,i055,BTCUSDT,False,slip3,29692,-0.10035031678978486,-2979.601606122292,0.2692255274304627
True Strength Index,i055,BTCUSDT,True,baseline,14413,-0.09852488323520198,-1420.0391420689662,0.30505344513776284
True Strength Index,i055,BTCUSDT,True,delay+1,14407,-0.09772902189417124,-1407.982018429325,0.30647403147716246
True Strength Index,i055,BTCUSDT,True,tp0.30,14441,-0.09807379134937086,-1416.2836208762646,0.285535453629371
True Strength Index,i055,BTCUSDT,True,tp0.60,14406,-0.09902968440653671,-1426.621633560568,0.306672007214569
True Strength Index,i055,BTCUSDT,True,sl0.20,14831,-0.09769262574411629,-1448.8793324109888,0.295800023899559
True Strength Index,i055,BTCUSDT,True,sl0.40,14237,-0.09774555871214381,-1391.6035193847915,0.31075344139132227
True Strength Index,i055,BTCUSDT,True,fee0.02,14413,-0.038524965392017795,-555.2603261951525,0.6185044542215614
True Strength Index,i055,BTCUSDT,True,fee0.07,14413,-0.13852482846399142,-1996.5583526515084,0.1966137889316635
True Strength Index,i055,BTCUSDT,True,slip3,14413,-0.0989401070895253,-1426.0237634813284,0.30361915161788805
Coppock Curve,i056,BTCUSDT,False,baseline,23259,-0.10085618293826397,-2345.8139589610814,0.27351752335875146
Coppock Curve,i056,BTCUSDT,False,delay+1,30783,-0.10053786879748274,-3094.857215192911,0.26119472041129954
Coppock Curve,i056,BTCUSDT,False,tp0.30,23301,-0.10004056915640645,-2331.0453019134266,0.25987088418004756
Coppock Curve,i056,BTCUSDT,False,tp0.60,23254,-0.10110404360191047,-2351.073429918826,0.2761666601417411
Coppock Curve,i056,BTCUSDT,False,sl0.20,24809,-0.10022729314498952,-2486.5389156340448,0.26865277212618877
Coppock Curve,i056,BTCUSDT,False,sl0.40,22634,-0.10143437947873912,-2295.8657451217814,0.2712621804530521
Coppock Curve,i056,BTCUSDT,False,fee0.02,23259,-0.04085638109330725,-950.2785678492332,0.5762422226078373
Coppock Curve,i056,BTCUSDT,False,fee0.07,23259,-0.14085605083490177,-3276.1708863689805,0.17278898361601444
Coppock Curve,i056,BTCUSDT,False,slip3,23259,-0.10127062413389151,-2355.453446730183,0.2721722536889197
Coppock Curve,i056,BTCUSDT,True,baseline,11508,-0.09921819248771403,-1141.8029591486131,0.28931826034543434
Coppock Curve,i056,BTCUSDT,True,delay+1,11535,-0.09821478820495808,-1132.9075819441914,0.2919091309515742
Coppock Curve,i056,BTCUSDT,True,tp0.30,11511,-0.09870347057155793,-1136.1756497492033,0.2744514460204878
Coppock Curve,i056,BTCUSDT,True,tp0.60,11506,-0.09936873295378695,-1143.3366413662727,0.2921374782896946
Coppock Curve,i056,BTCUSDT,True,sl0.20,11583,-0.09939872634779101,-1151.3354472864632,0.2764568336919018
Coppock Curve,i056,BTCUSDT,True,sl0.40,11483,-0.09897384411342236,-1136.5166519544289,0.29371624375597405
Coppock Curve,i056,BTCUSDT,True,fee0.02,11508,-0.039217925658916665,-451.319888482813,0.6019604803082421
Coppock Curve,i056,BTCUSDT,True,fee0.07,11508,-0.13921837037357893,-1602.1250062591462,0.1833195834489948
Coppock Curve,i056,BTCUSDT,True,slip3,11508,-0.09963247405698956,-1146.5705114478358,0.287913210349172
Rate of Change,i057,BTCUSDT,False,baseline,52685,-0.10130164152827863,-5337.076983917359,0.1786450047627958
Rate of Change,i057,BTCUSDT,False,delay+1,63987,-0.10194365873505896,-6523.068891480219,0.1964727275963056
Rate of Change,i057,BTCUSDT,False,tp0.30,53314,-0.1012863821569904,-5399.982178317787,0.1692007752743736
Rate of Change,i057,BTCUSDT,False,tp0.60,52502,-0.10116755829919445,-5311.499145824308,0.18168446193049528
Rate of Change,i057,BTCUSDT,False,sl0.20,53851,-0.10079459153745662,-5427.889548883577,0.18298530655465634
Rate of Change,i057,BTCUSDT,False,sl0.40,52357,-0.1014796503095886,-5313.170051259131,0.1759670856425376
Rate of Change,i057,BTCUSDT,False,fee0.02,52685,-0.0413017394022053,-2175.9821404051863,0.4358169231444283
Rate of Change,i057,BTCUSDT,False,fee0.07,52685,-0.14130157627899415,-7444.473546258807,0.10954935232610255
Rate of Change,i057,BTCUSDT,False,slip3,52685,-0.10171613983366305,-5358.914827136538,0.17768104335593274
Rate of Change,i057,BTCUSDT,True,baseline,21207,-0.09906771891228161,-2100.929114972756,0.2975578937952368
Rate of Change,i057,BTCUSDT,True,delay+1,21247,-0.09903104841169676,-2104.112685603321,0.29952941749590994
Rate of Change,i057,BTCUSDT,True,tp0.30,21420,-0.09914562038476665,-2123.6991886417018,0.2797159197313993
Rate of Change,i057,BTCUSDT,True,tp0.60,21161,-0.09879004939365822,-2090.4962352192015,0.30368156362938886
Rate of Change,i057,BTCUSDT,True,sl0.20,22207,-0.09868581184478208,-2191.5158236370753,0.2914150698414668
Rate of Change,i057,BTCUSDT,True,sl0.40,20877,-0.0993135784902866,-2073.369578141713,0.2985205263899902
Rate of Change,i057,BTCUSDT,True,fee0.02,21207,-0.039068437994306524,-828.5243645452585,0.609839536279556
Rate of Change,i057,BTCUSDT,True,fee0.07,21207,-0.13906723952426497,-2949.198948591087,0.1903260982649209
Rate of Change,i057,BTCUSDT,True,slip3,21207,-0.099483494315964,-2109.7464639586487,0.2961339688557032
Klinger Oscillator,i058,BTCUSDT,False,baseline,52598,-0.10061359165386662,-5292.073693810076,0.1944647874159122
Klinger Oscillator,i058,BTCUSDT,False,delay+1,64767,-0.10114950807558099,-6551.150189531154,0.20053697077934968
Klinger Oscillator,i058,BTCUSDT,False,tp0.30,53573,-0.10059090897811412,-5388.956766684508,0.18571470145595803
Klinger Oscillator,i058,BTCUSDT,False,tp0.60,52176,-0.10065064556441959,-5251.548082969157,0.19289978297965704
Klinger Oscillator,i058,BTCUSDT,False,sl0.20,53514,-0.10056704017094324,-5381.744587707857,0.18927219112178295
Klinger Oscillator,i058,BTCUSDT,False,sl0.40,52281,-0.10067397115897574,-5263.33588616241,0.19584483842022407
Klinger Oscillator,i058,BTCUSDT,False,fee0.02,52598,-0.04061372201073698,-2136.2005503207433,0.468158633705747
Klinger Oscillator,i058,BTCUSDT,False,fee0.07,52598,-0.1406135047492864,-7395.989122802966,0.11891881660897186
Klinger Oscillator,i058,BTCUSDT,False,slip3,52598,-0.10102787639610657,-5313.8642426824135,0.1934136286540891
Klinger Oscillator,i058,BTCUSDT,True,baseline,21359,-0.09877253629967572,-2109.682602824774,0.31115818663499106
Klinger Oscillator,i058,BTCUSDT,True,delay+1,21313,-0.09760081777245401,-2080.166229184312,0.3135863952313255
Klinger Oscillator,i058,BTCUSDT,True,tp0.30,21682,-0.09976877788259433,-2163.1866420504102,0.28662398353326995
Klinger Oscillator,i058,BTCUSDT,True,tp0.60,21243,-0.09901002948278169,-2103.2700563027315,0.3143454317050986
Klinger Oscillator,i058,BTCUSDT,True,sl0.20,22601,-0.09772858276682092,-2208.7636991129198,0.30366736885726386
Klinger Oscillator,i058,BTCUSDT,True,sl0.40,20853,-0.09864784441873573,-2057.103499663896,0.31387011044585095
Klinger Oscillator,i058,BTCUSDT,True,fee0.02,21359,-0.03877286580550995,-828.1496407398869,0.622085386667341
Klinger Oscillator,i058,BTCUSDT,True,fee0.07,21359,-0.1387723166291196,-2964.0379108813654,0.20247839140687224
Klinger Oscillator,i058,BTCUSDT,True,slip3,21359,-0.09918820952153447,-2118.5609671704547,0.30972582202235366
Bollinger Bands,i059,BTCUSDT,False,baseline,24104,-0.10552821894124742,-2543.652189359828,0.288288297567161
Bollinger Bands,i059,BTCUSDT,False,delay+1,25709,-0.10302940733839272,-2648.783033262738,0.29164433441301824
Bollinger Bands,i059,BTCUSDT,False,tp0.30,24815,-0.10524604766656141,-2611.680672845722,0.2712529975804236
Bollinger Bands,i059,BTCUSDT,False,tp0.60,23827,-0.10510861735284864,-2504.4230256663245,0.29453205380536146
Bollinger Bands,i059,BTCUSDT,False,sl0.20,24987,-0.10395870208052191,-2597.6160888860013,0.27820854746091683
Bollinger Bands,i059,BTCUSDT,False,sl0.40,23688,-0.10679631865749825,-2529.791196358819,0.2899199742241066
Bollinger Bands,i059,BTCUSDT,False,fee0.02,24104,-0.04552793985009324,-1097.4054621466476,0.5720649379918663
Bollinger Bands,i059,BTCUSDT,False,fee0.07,24104,-0.14552840500201691,-3507.8166741686155,0.1894094971226028
Bollinger Bands,i059,BTCUSDT,False,slip3,24104,-0.10594310556788884,-2553.6526166083922,0.2869869576235695
Bollinger Bands,i059,BTCUSDT,True,baseline,10592,-0.10389033947384298,-1100.4064757069448,0.31444598404013996
Bollinger Bands,i059,BTCUSDT,True,delay+1,10668,-0.09960926912439437,-1062.631683019039,0.33003592827224576
Bollinger Bands,i059,BTCUSDT,True,tp0.30,10949,-0.10413685653315212,-1140.1944421814826,0.29132683581941715
Bollinger Bands,i059,BTCUSDT,True,tp0.60,10442,-0.10297902939012708,-1075.307024891707,0.3232003121897131
Bollinger Bands,i059,BTCUSDT,True,sl0.20,10759,-0.10316329731855953,-1109.933915850382,0.30189514843079374
Bollinger Bands,i059,BTCUSDT,True,sl0.40,10540,-0.1050914454371337,-1107.6638349073892,0.3173348300053589
Bollinger Bands,i059,BTCUSDT,True,fee0.02,10592,-0.04388917643694168,-464.8741568200863,0.6018141069854921
Bollinger Bands,i059,BTCUSDT,True,fee0.07,10592,-0.1438911148317772,-1524.0946882981839,0.2104173098487446
Bollinger Bands,i059,BTCUSDT,True,slip3,10592,-0.10430546384927347,-1104.8034730915044,0.3130961280182492
BB %B,i060,BTCUSDT,False,baseline,43518,-0.09980421814931066,-4343.279965421701,0.20793323927437518
BB %B,i060,BTCUSDT,False,delay+1,51734,-0.10132382772151896,-5241.886903345062,0.21834868255074064
BB %B,i060,BTCUSDT,False,tp0.30,43859,-0.10029074798243601,-4398.65191576166,0.19368802858317252
BB %B,i060,BTCUSDT,False,tp0.60,43425,-0.09978523876922672,-4333.173993553671,0.21078393934157402
BB %B,i060,BTCUSDT,False,sl0.20,44286,-0.09971065522088245,-4415.7860771119995,0.21027850342172988
BB %B,i060,BTCUSDT,False,sl0.40,43330,-0.10002204929532173,-4333.955395966291,0.20560079450917648
BB %B,i060,BTCUSDT,False,fee0.02,43518,-0.039804256633242156,-1732.2016401654323,0.48156150723572
BB %B,i060,BTCUSDT,False,fee0.07,43518,-0.13980419249335627,-6083.9988489258785,0.1289186073755651
BB %B,i060,BTCUSDT,False,slip3,43518,-0.10021868675133148,-4361.316810044444,0.206849488316109
BB %B,i060,BTCUSDT,True,baseline,17509,-0.10018235365907106,-1754.0928302166756,0.2938698616672375
BB %B,i060,BTCUSDT,True,delay+1,17508,-0.10074831900109418,-1763.901569071157,0.2925869393587023
BB %B,i060,BTCUSDT,True,tp0.30,17613,-0.10080092835597215,-1775.4067511337375,0.2724008138488499
BB %B,i060,BTCUSDT,True,tp0.60,17479,-0.10029440738755102,-1753.0459467270045,0.298059428789846
BB %B,i060,BTCUSDT,True,sl0.20,18340,-0.09884322718827646,-1812.78478663299,0.29158036419148076
BB %B,i060,BTCUSDT,True,sl0.40,17254,-0.10010195638556542,-1727.1591554765457,0.2947780509486848
BB %B,i060,BTCUSDT,True,fee0.02,17509,-0.04018319866117424,-703.5676253584998,0.601770051753927
BB %B,i060,BTCUSDT,True,fee0.07,17509,-0.14018179032433561,-2454.4429667887925,0.188103167976414
BB %B,i060,BTCUSDT,True,slip3,17509,-0.10059815335547442,-1761.3730671010017,0.2924657733657402
Standard Error Bands,i061,BTCUSDT,False,baseline,29690,-0.10530288883070646,-3126.4427693836747,0.28035821117571696
Standard Error Bands,i061,BTCUSDT,False,delay+1,37750,-0.10340430889491947,-3903.51266078321,0.2738386022893073
Standard Error Bands,i061,BTCUSDT,False,tp0.30,30772,-0.1053024989288752,-3240.368497039347,0.264908515862952
Standard Error Bands,i061,BTCUSDT,False,tp0.60,29277,-0.10485571262480331,-3069.8606985163665,0.2837972741868949
Standard Error Bands,i061,BTCUSDT,False,sl0.20,31324,-0.10375599328515137,-3250.0527336640816,0.27341606344224995
Standard Error Bands,i061,BTCUSDT,False,sl0.40,29098,-0.10586951841983233,-3080.591246980281,0.28060656757108055
Standard Error Bands,i061,BTCUSDT,False,fee0.02,29690,-0.045302972537974766,-1345.045254652471,0.5616460939767551
Standard Error Bands,i061,BTCUSDT,False,fee0.07,29690,-0.14530283302586092,-4314.0411125378105,0.18360612404641377
Standard Error Bands,i061,BTCUSDT,False,slip3,29690,-0.1057182656269406,-3138.7753064638664,0.2790823577679312
Standard Error Bands,i061,BTCUSDT,True,baseline,14837,-0.10250902813398947,-1520.926450424002,0.30350427647954253
Standard Error Bands,i061,BTCUSDT,True,delay+1,14964,-0.09985152165058872,-1494.1781699794096,0.3138089581975598
Standard Error Bands,i061,BTCUSDT,True,tp0.30,15257,-0.10296604530347475,-1570.952953195114,0.281736530028564
Standard Error Bands,i061,BTCUSDT,True,tp0.60,14660,-0.1018641804477409,-1493.3288853638817,0.31008312534685967
Standard Error Bands,i061,BTCUSDT,True,sl0.20,15095,-0.10183478793401059,-1537.1961238638899,0.2909001078189438
Standard Error Bands,i061,BTCUSDT,True,sl0.40,14752,-0.10329036605755035,-1523.7394800809827,0.30604640062209976
Standard Error Bands,i061,BTCUSDT,True,fee0.02,14837,-0.042508428542913486,-630.6975542912074,0.5999207569926961
Standard Error Bands,i061,BTCUSDT,True,fee0.07,14837,-0.14250942786137347,-2114.4123811791983,0.1986596646417346
Standard Error Bands,i061,BTCUSDT,True,slip3,14837,-0.10292467994186026,-1527.0934762973807,0.3021265868383897
Envelopes,i062,BTCUSDT,False,baseline,0,,,
Envelopes,i062,BTCUSDT,False,delay+1,0,,,
Envelopes,i062,BTCUSDT,False,tp0.30,0,,,
Envelopes,i062,BTCUSDT,False,tp0.60,0,,,
Envelopes,i062,BTCUSDT,False,sl0.20,0,,,
Envelopes,i062,BTCUSDT,False,sl0.40,0,,,
Envelopes,i062,BTCUSDT,False,fee0.02,0,,,
Envelopes,i062,BTCUSDT,False,fee0.07,0,,,
Envelopes,i062,BTCUSDT,False,slip3,0,,,
Envelopes,i062,BTCUSDT,True,baseline,0,,,
Envelopes,i062,BTCUSDT,True,delay+1,0,,,
Envelopes,i062,BTCUSDT,True,tp0.30,0,,,
Envelopes,i062,BTCUSDT,True,tp0.60,0,,,
Envelopes,i062,BTCUSDT,True,sl0.20,0,,,
Envelopes,i062,BTCUSDT,True,sl0.40,0,,,
Envelopes,i062,BTCUSDT,True,fee0.02,0,,,
Envelopes,i062,BTCUSDT,True,fee0.07,0,,,
Envelopes,i062,BTCUSDT,True,slip3,0,,,
Net Volume,i074,BTCUSDT,False,baseline,42243,-0.10154240328779111,-4289.45574208616,0.18654201901075074
Net Volume,i074,BTCUSDT,False,delay+1,48746,-0.10167729862284025,-4956.361598668971,0.2056222753082114
Net Volume,i074,BTCUSDT,False,tp0.30,42459,-0.10118849286651513,-4296.362218619366,0.17570536576884935
Net Volume,i074,BTCUSDT,False,tp0.60,42201,-0.10145942239551464,-4281.689084513114,0.19047024223469006
Net Volume,i074,BTCUSDT,False,sl0.20,43469,-0.10123531643879641,-4400.5979702780405,0.18713633310282285
Net Volume,i074,BTCUSDT,False,sl0.40,41782,-0.10170138919345195,-4249.287443280809,0.18454772266333244
Net Volume,i074,BTCUSDT,False,fee0.02,42243,-0.041542353226759136,-1754.8736273579862,0.4545812828215755
Net Volume,i074,BTCUSDT,False,fee0.07,42243,-0.14154243666181246,-5979.1771519049435,0.11327287229935275
Net Volume,i074,BTCUSDT,False,slip3,42243,-0.1019566458764985,-4306.954591760926,0.18551880354861786
Net Volume,i074,BTCUSDT,True,baseline,17232,-0.09992134157984031,-1721.8445581038081,0.2945134089686111
Net Volume,i074,BTCUSDT,True,delay+1,17270,-0.09917358535753407,-1712.7278191246135,0.29687157287822874
Net Volume,i074,BTCUSDT,True,tp0.30,17441,-0.0999504745520849,-1743.2362266629127,0.27731968492685694
Net Volume,i074,BTCUSDT,True,tp0.60,17175,-0.09956771403427031,-1710.0754885385925,0.30086449090553935
Net Volume,i074,BTCUSDT,True,sl0.20,17798,-0.09847373407320527,-1752.6355190349072,0.2896821293934483
Net Volume,i074,BTCUSDT,True,sl0.40,17040,-0.10065871487778304,-1715.2245015174226,0.2942856730651873
Net Volume,i074,BTCUSDT,True,fee0.02,17232,-0.0399223854656397,-687.9425463439032,0.6035538424978849
Net Volume,i074,BTCUSDT,True,fee0.07,17232,-0.13992064565597404,-2411.1125659437444,0.18843258627344042
Net Volume,i074,BTCUSDT,True,slip3,17232,-0.10033678722372172,-1729.0035174391726,0.2931040051656414
OBV,i075,BTCUSDT,False,baseline,43792,-0.10126087544269068,-4434.41625738631,0.17260388890179615
OBV,i075,BTCUSDT,False,delay+1,48085,-0.10157217436630893,-4884.098004403964,0.19624548222239593
OBV,i075,BTCUSDT,False,tp0.30,44119,-0.10130996805852571,-4469.6944807740965,0.16189732397575163
OBV,i075,BTCUSDT,False,tp0.60,43705,-0.10132221728987637,-4428.287506654047,0.17493778499816365
OBV,i075,BTCUSDT,False,sl0.20,44616,-0.10100950261715652,-4506.6399687670555,0.17485621809930582
OBV,i075,BTCUSDT,False,sl0.40,43579,-0.1013062751243985,-4414.826163646163,0.17188086545371425
OBV,i075,BTCUSDT,False,fee0.02,43792,-0.041260790050945496,-1806.8925179110054,0.4270996263690345
OBV,i075,BTCUSDT,False,fee0.07,43792,-0.14126093237052076,-6186.098750369845,0.10488486296996621
OBV,i075,BTCUSDT,False,slip3,43792,-0.10167521617053786,-4452.561066540194,0.17165556153081538
OBV,i075,BTCUSDT,True,baseline,16416,-0.09814626613932215,-1611.1691049431122,0.3043888784478819
OBV,i075,BTCUSDT,True,delay+1,16449,-0.09889911995618986,-1626.7916241593666,0.29949860375334764
OBV,i075,BTCUSDT,True,tp0.30,16639,-0.0988032215892596,-1643.9868040236902,0.28321068344549305
OBV,i075,BTCUSDT,True,tp0.60,16351,-0.0984869041624733,-1610.3593699606008,0.30709328030659483
OBV,i075,BTCUSDT,True,sl0.20,17220,-0.09755307629698114,-1679.8639738340153,0.29832849848037496
OBV,i075,BTCUSDT,True,sl0.40,16160,-0.09899626649259805,-1599.7796665203844,0.3037347986537037
OBV,i075,BTCUSDT,True,fee0.02,16416,-0.03814759659315974,-626.2309456733103,0.6190846202218847
OBV,i075,BTCUSDT,True,fee0.07,16416,-0.13814537917009706,-2267.7945444563134,0.1955908522278724
OBV,i075,BTCUSDT,True,slip3,16416,-0.09856184573344016,-1617.9912595601536,0.3029519301924039
Accumulation/Distribution,i076,BTCUSDT,False,baseline,44700,-0.1008831902128676,-4509.478602515182,0.1727322762417451
Accumulation/Distribution,i076,BTCUSDT,False,delay+1,51029,-0.09940800506636198,-5072.691090531386,0.2037009806577908
Accumulation/Distribution,i076,BTCUSDT,False,tp0.30,45169,-0.10098831017871636,-4561.540982462439,0.1640644182465411
Accumulation/Distribution,i076,BTCUSDT,False,tp0.60,44563,-0.1005984774768594,-4482.969951801286,0.17618250594473472
Accumulation/Distribution,i076,BTCUSDT,False,sl0.20,45523,-0.10029459965797903,-4565.711060230179,0.17522927618020742
Accumulation/Distribution,i076,BTCUSDT,False,sl0.40,44499,-0.10094718227489756,-4492.048664050667,0.17210208484381614
Accumulation/Distribution,i076,BTCUSDT,False,fee0.02,44700,-0.04088344482126399,-1827.4899835105002,0.4323772890677886
Accumulation/Distribution,i076,BTCUSDT,False,fee0.07,44700,-0.14088302047393664,-6297.471015184968,0.1043900390084672
Accumulation/Distribution,i076,BTCUSDT,False,slip3,44700,-0.10129713558027278,-4527.981960438194,0.17176878597278775
Accumulation/Distribution,i076,BTCUSDT,True,baseline,17412,-0.09912839131457973,-1726.0235495694624,0.303035388968275
Accumulation/Distribution,i076,BTCUSDT,True,delay+1,17430,-0.0989801790640514,-1725.224521086416,0.3042244503435038
Accumulation/Distribution,i076,BTCUSDT,True,tp0.30,17669,-0.09969883933168656,-1761.57879215157,0.2812327129681899
Accumulation/Distribution,i076,BTCUSDT,True,tp0.60,17320,-0.09899458660148518,-1714.5862399377233,0.307852056723754
Accumulation/Distribution,i076,BTCUSDT,True,sl0.20,18297,-0.09865955467391588,-1805.1738718686388,0.2950103140019141
Accumulation/Distribution,i076,BTCUSDT,True,sl0.40,17073,-0.09924813818171496,-1694.4634631764195,0.30420659463445554
Accumulation/Distribution,i076,BTCUSDT,True,fee0.02,17412,-0.039129006252435684,-681.3142568674101,0.6139659336860337
Accumulation/Distribution,i076,BTCUSDT,True,fee0.07,17412,-0.1391279813560091,-2422.4964113708306,0.19552646874245402
Accumulation/Distribution,i076,BTCUSDT,True,slip3,17412,-0.0995441198711474,-1733.2622151964188,0.3016155925171512
MFI,i077,BTCUSDT,False,baseline,35939,-0.10135877737118752,-3642.7330999431083,0.20759678123013872
MFI,i077,BTCUSDT,False,delay+1,44176,-0.10150548355599123,-4484.106241569469,0.2175126559266445
MFI,i077,BTCUSDT,False,tp0.30,36066,-0.10128684428635315,-3653.011326031613,0.19302217432401603
MFI,i077,BTCUSDT,False,tp0.60,35912,-0.10183371165729853,-3657.052253036905,0.2086494306300744
MFI,i077,BTCUSDT,False,sl0.20,37314,-0.10115439787079228,-3774.475202150743,0.20708909320741553
MFI,i077,BTCUSDT,False,sl0.40,35419,-0.10117474620438949,-3583.5083358132715,0.20630620140530023
MFI,i077,BTCUSDT,False,fee0.02,35939,-0.04135899737332588,-1486.4010065999587,0.4860940202834663
MFI,i077,BTCUSDT,False,fee0.07,35939,-0.1413586307030953,-5080.287828838542,0.1275157448896379
MFI,i077,BTCUSDT,False,slip3,35939,-0.10177277388868428,-3657.611720785424,0.2064914817735219
MFI,i077,BTCUSDT,True,baseline,15613,-0.10091470157457788,-1575.5812356838846,0.2859313188090863
MFI,i077,BTCUSDT,True,delay+1,15679,-0.09917618448965446,-1554.9833966132921,0.2968824521146471
MFI,i077,BTCUSDT,True,tp0.30,15785,-0.10037923975754867,-1584.4862995729059,0.2726451748720985
MFI,i077,BTCUSDT,True,tp0.60,15584,-0.10105101546172685,-1574.779024955551,0.289651824739922
MFI,i077,BTCUSDT,True,sl0.20,16008,-0.09918728165006191,-1587.790004654191,0.2841209183025037
MFI,i077,BTCUSDT,True,sl0.40,15482,-0.10096474831130747,-1563.1362333556624,0.2892571083533105
MFI,i077,BTCUSDT,True,fee0.02,15613,-0.04091517830233766,-638.8086788343978,0.5915305296447665
MFI,i077,BTCUSDT,True,fee0.07,15613,-0.14091438375607135,-2200.0962735835424,0.18174120767014246
MFI,i077,BTCUSDT,True,slip3,15613,-0.10132949955384313,-1582.057476534153,0.2845459084645096
Chaikin Money Flow,i078,BTCUSDT,False,baseline,36892,-0.09936485151034492,-3665.7681019196443,0.19124055031751275
Chaikin Money Flow,i078,BTCUSDT,False,delay+1,41721,-0.09974994630623099,-4161.667509842263,0.2113297118789338
Chaikin Money Flow,i078,BTCUSDT,False,tp0.30,37149,-0.09942072074454236,-3693.380354939004,0.1797743832118009
Chaikin Money Flow,i078,BTCUSDT,False,tp0.60,36801,-0.09949515624616179,-3661.5212450149997,0.19258088748281013
Chaikin Money Flow,i078,BTCUSDT,False,sl0.20,37776,-0.09938527806337917,-3754.3782641222115,0.18869228148373987
Chaikin Money Flow,i078,BTCUSDT,False,sl0.40,36570,-0.0997763746768133,-3648.822021931063,0.1898201822967962
Chaikin Money Flow,i078,BTCUSDT,False,fee0.02,36892,-0.039364977115348136,-1452.2527357394233,0.4729140965805921
Chaikin Money Flow,i078,BTCUSDT,False,fee0.07,36892,-0.1393647677736761,-5141.445012706458,0.11539080948840028
Chaikin Money Flow,i078,BTCUSDT,False,slip3,36892,-0.09977890914532297,-3681.0435161892556,0.19017641914208208
Chaikin Money Flow,i078,BTCUSDT,True,baseline,14680,-0.09804564743547402,-1439.3101043527586,0.3025471977878151
Chaikin Money Flow,i078,BTCUSDT,True,delay+1,14723,-0.0980643922776561,-1443.802047503931,0.3038894594751975
Chaikin Money Flow,i078,BTCUSDT,True,tp0.30,14905,-0.09825451330169402,-1464.4835207617493,0.2847936312147878
Chaikin Money Flow,i078,BTCUSDT,True,tp0.60,14606,-0.09812961057568943,-1433.28109206852,0.3054265719675614
Chaikin Money Flow,i078,BTCUSDT,True,sl0.20,15259,-0.09800773174228485,-1495.4999786555243,0.292340283754551
Chaikin Money Flow,i078,BTCUSDT,True,sl0.40,14450,-0.0982575664019652,-1419.8218345083974,0.3044150914876629
Chaikin Money Flow,i078,BTCUSDT,True,fee0.02,14680,-0.03804629256046428,-558.5195747876156,0.6184600027758563
Chaikin Money Flow,i078,BTCUSDT,True,fee0.07,14680,-0.13804521735214717,-2026.5037907295202,0.19402372108853716
Chaikin Money Flow,i078,BTCUSDT,True,slip3,14680,-0.09846110755494342,-1445.4090589065693,0.30110931477860453
Chaikin Oscillator,i079,BTCUSDT,False,baseline,38935,-0.10030506554440204,-3905.377726971293,0.21224822864349072
Chaikin Oscillator,i079,BTCUSDT,False,delay+1,53457,-0.10086619475187454,-5392.004172850958,0.212535415788986
Chaikin Oscillator,i079,BTCUSDT,False,tp0.30,39477,-0.10055864714246929,-3969.75371324326,0.20008934430819136
Chaikin Oscillator,i079,BTCUSDT,False,tp0.60,38753,-0.10018610208466154,-3882.512014086889,0.21492501933821923
Chaikin Oscillator,i079,BTCUSDT,False,sl0.20,39947,-0.0995360894518997,-3976.168165335038,0.21320501287502464
Chaikin Oscillator,i079,BTCUSDT,False,sl0.40,38589,-0.10061871384714394,-3882.7755486474375,0.21024944193671175
Chaikin Oscillator,i079,BTCUSDT,False,fee0.02,38935,-0.04030524956753161,-1569.2848919118433,0.49495063104272946
Chaikin Oscillator,i079,BTCUSDT,False,fee0.07,38935,-0.14030494286231562,-5462.772950344259,0.1312081645707054
Chaikin Oscillator,i079,BTCUSDT,False,slip3,38935,-0.10071912228013212,-3921.499025976944,0.21112697024229365
Chaikin Oscillator,i079,BTCUSDT,True,baseline,17872,-0.09886284347461426,-1766.876738578306,0.30153746188614905
Chaikin Oscillator,i079,BTCUSDT,True,delay+1,17928,-0.09904185058186256,-1775.6222972316318,0.3016808666900307
Chaikin Oscillator,i079,BTCUSDT,True,tp0.30,18054,-0.09940908700467468,-1794.7316567823968,0.28062893855715193
Chaikin Oscillator,i079,BTCUSDT,True,tp0.60,17807,-0.09906177863778803,-1763.9930922030917,0.3047414671996168
Chaikin Oscillator,i079,BTCUSDT,True,sl0.20,18650,-0.09812228065675427,-1829.9805342484672,0.29338369054356706
Chaikin Oscillator,i079,BTCUSDT,True,sl0.40,17582,-0.09884763461433906,-1737.9391117893092,0.3048598695649357
Chaikin Oscillator,i079,BTCUSDT,True,fee0.02,17872,-0.03886324172184304,-694.5638560527789,0.6141909941977985
Chaikin Oscillator,i079,BTCUSDT,True,fee0.07,17872,-0.1388625779764617,-2481.7519935953237,0.19396361898417233
Chaikin Oscillator,i079,BTCUSDT,True,slip3,17872,-0.09927820472743333,-1774.3000748886884,0.3001123703458997
Ease of Movement,i080,BTCUSDT,False,baseline,41080,-0.10103523353722163,-4150.527393709064,0.20325878951755894
Ease of Movement,i080,BTCUSDT,False,delay+1,53301,-0.10061557866883784,-5362.910958627725,0.21288770993660938
Ease of Movement,i080,BTCUSDT,False,tp0.30,41403,-0.1009937932131398,-4181.446020403627,0.19062485897672005
Ease of Movement,i080,BTCUSDT,False,tp0.60,40988,-0.10111146312226137,-4144.356650455249,0.20524217561670124
Ease of Movement,i080,BTCUSDT,False,sl0.20,42393,-0.10098897484899572,-4281.225610773476,0.20457363317121993
Ease of Movement,i080,BTCUSDT,False,sl0.40,40708,-0.10120407221306288,-4119.815371649363,0.2013368754048195
Ease of Movement,i080,BTCUSDT,False,fee0.02,41080,-0.04103538305353472,-1685.7335358392063,0.4790276794408047
Ease of Movement,i080,BTCUSDT,False,fee0.07,41080,-0.14103513385967956,-5793.723298955636,0.12489107447344566
Ease of Movement,i080,BTCUSDT,False,slip3,41080,-0.10145049220226741,-4167.586219669145,0.20217420658813443
Ease of Movement,i080,BTCUSDT,True,baseline,18059,-0.10032620315692323,-1811.7909028108766,0.29575607293614664
Ease of Movement,i080,BTCUSDT,True,delay+1,18119,-0.09979618565670711,-1808.2070879138762,0.2977889675943147
Ease of Movement,i080,BTCUSDT,True,tp0.30,18246,-0.1003465241477066,-1830.9226795990546,0.2776990759678778
Ease of Movement,i080,BTCUSDT,True,tp0.60,18008,-0.1005589007610047,-1810.8646849041727,0.298771122878005
Ease of Movement,i080,BTCUSDT,True,sl0.20,18744,-0.0994462600005598,-1864.0206974504927,0.2888332963970725
Ease of Movement,i080,BTCUSDT,True,sl0.40,17787,-0.10042232923391584,-1786.2119700836608,0.29757824714810044
Ease of Movement,i080,BTCUSDT,True,fee0.02,18059,-0.04032677230299215,-728.2611810197352,0.602641253150382
Ease of Movement,i080,BTCUSDT,True,fee0.07,18059,-0.1403258237262106,-2534.1440506716376,0.18989629173707323
Ease of Movement,i080,BTCUSDT,True,slip3,18059,-0.10074206906549549,-1819.301025253783,0.29435619631409776
Elder Force Index,i081,BTCUSDT,False,baseline,39221,-0.10143139647757381,-3978.240801246922,0.20182855093178
Elder Force Index,i081,BTCUSDT,False,delay+1,49163,-0.10160760368315541,-4995.33461987497,0.21275629277524888
Elder Force Index,i081,BTCUSDT,False,tp0.30,39565,-0.10171039388053435,-4024.171733883341,0.18877563753660317
Elder Force Index,i081,BTCUSDT,False,tp0.60,39134,-0.10128041995493456,-3963.507954516409,0.2051967344367021
Elder Force Index,i081,BTCUSDT,False,sl0.20,40110,-0.10141209311443856,-4067.639054820131,0.20296034841571428
Elder Force Index,i081,BTCUSDT,False,sl0.40,38987,-0.10170002582033798,-3964.9789066575167,0.20010656972653035
Elder Force Index,i081,BTCUSDT,False,fee0.02,39221,-0.04143157062505597,-1624.9876314853204,0.4688552959336021
Elder Force Index,i081,BTCUSDT,False,fee0.07,39221,-0.14143128037925232,-5547.076247754656,0.12531522067801948
Elder Force Index,i081,BTCUSDT,False,slip3,39221,-0.10184618517942372,-3994.5092289221775,0.20077424354683204
Elder Force Index,i081,BTCUSDT,True,baseline,16483,-0.10196065707440562,-1680.6175105574275,0.289410511452482
Elder Force Index,i081,BTCUSDT,True,delay+1,16510,-0.1026034798252218,-1693.9834519144122,0.28761189155151184
Elder Force Index,i081,BTCUSDT,True,tp0.30,16619,-0.10175799823806782,-1691.1161727184488,0.2708672421568604
Elder Force Index,i081,BTCUSDT,True,tp0.60,16451,-0.10095779140693167,-1660.856626435433,0.2996287283391348
Elder Force Index,i081,BTCUSDT,True,sl0.20,17279,-0.10224461667752542,-1766.6847315709617,0.28010323803366644
Elder Force Index,i081,BTCUSDT,True,sl0.40,16236,-0.10259753543822549,-1665.773585375029,0.28864408902668415
Elder Force Index,i081,BTCUSDT,True,fee0.02,16483,-0.041961094310208474,-691.6447175151662,0.5896690116703293
Elder Force Index,i081,BTCUSDT,True,fee0.07,16483,-0.14196036558387037,-2339.9327059189354,0.18557080972302306
Elder Force Index,i081,BTCUSDT,True,slip3,16483,-0.10237605874467341,-1687.464576288452,0.2880376860116162
Price & Volume Trend,i082,BTCUSDT,False,baseline,30231,-0.10205826557228397,-3085.3234265157166,0.21056712088919965
Price & Volume Trend,i082,BTCUSDT,False,delay+1,37214,-0.10232152491265058,-3807.7932280993787,0.21923928293131345
Price & Volume Trend,i082,BTCUSDT,False,tp0.30,30428,-0.10157223553851254,-3090.6399829658594,0.19965972733507178
Price & Volume Trend,i082,BTCUSDT,False,tp0.60,30182,-0.10198822786704005,-3078.2086934830027,0.2140212090892403
Price & Volume Trend,i082,BTCUSDT,False,sl0.20,31036,-0.10179239002381353,-3159.228616779077,0.21163458265385357
Price & Volume Trend,i082,BTCUSDT,False,sl0.40,30017,-0.10205464483723445,-3063.374274079267,0.20949819318620716
Price & Volume Trend,i082,BTCUSDT,False,fee0.02,30231,-0.04205835772500615,-1271.4662123846608,0.4809817683349452
Price & Volume Trend,i082,BTCUSDT,False,fee0.07,30231,-0.14205820413713585,-4294.561569269754,0.13103030229761287
Price & Volume Trend,i082,BTCUSDT,False,slip3,30231,-0.1024727728330053,-3097.8543955145833,0.20947740624688407
Price & Volume Trend,i082,BTCUSDT,True,baseline,12892,-0.09895407570057178,-1275.7159439317713,0.29900636715097456
Price & Volume Trend,i082,BTCUSDT,True,delay+1,12906,-0.0990479545988099,-1278.3129020522406,0.29980091200047443
Price & Volume Trend,i082,BTCUSDT,True,tp0.30,12973,-0.09875391952085946,-1281.13459794411,0.280530715216987
Price & Volume Trend,i082,BTCUSDT,True,tp0.60,12873,-0.09827626296624002,-1265.1103331644078,0.30790455537704653
Price & Volume Trend,i082,BTCUSDT,True,sl0.20,13401,-0.0984847709763537,-1319.794415854116,0.29221354752623735
Price & Volume Trend,i082,BTCUSDT,True,sl0.40,12730,-0.09975291248816062,-1269.8545759742847,0.29860094664842135
Price & Volume Trend,i082,BTCUSDT,True,fee0.02,12892,-0.03895411173504992,-502.19640848826367,0.6114962626446986
Price & Volume Trend,i082,BTCUSDT,True,fee0.07,12892,-0.13895405167758634,-1791.3956342274432,0.19163294361984695
Price & Volume Trend,i082,BTCUSDT,True,slip3,12892,-0.0993695812284577,-1281.0726411972767,0.29757956401027186
VWAP,i086,BTCUSDT,False,baseline,10505,-0.10063892988275479,-1057.211958418339,0.2108415579986385
VWAP,i086,BTCUSDT,False,delay+1,12229,-0.1018816846680633,-1245.9111218057462,0.22059478062801055
VWAP,i086,BTCUSDT,False,tp0.30,10557,-0.10105506712538204,-1066.838343642658,0.192778833406751
VWAP,i086,BTCUSDT,False,tp0.60,10491,-0.10064119501327921,-1055.8267768843123,0.21564736308097304
VWAP,i086,BTCUSDT,False,sl0.20,10726,-0.10034673430649906,-1076.3190721715089,0.21513044531773567
VWAP,i086,BTCUSDT,False,sl0.40,10457,-0.10026739602052054,-1048.4961601865834,0.2116136065026025
VWAP,i086,BTCUSDT,False,fee0.02,10505,-0.040639199363665765,-426.91478931530884,0.4804728180941952
VWAP,i086,BTCUSDT,False,fee0.07,10505,-0.14063875022881414,-1477.4100711536926,0.1324487890496987
VWAP,i086,BTCUSDT,False,slip3,10505,-0.10105577623559531,-1061.590929354929,0.20976085371530767
VWAP,i086,BTCUSDT,True,baseline,4203,-0.10143018961015281,-426.31108693147223,0.28795101545924084
VWAP,i086,BTCUSDT,True,delay+1,4228,-0.09731594343136525,-411.4518088278123,0.304639416332676
VWAP,i086,BTCUSDT,True,tp0.30,4224,-0.10108831089056355,-426.9970252017405,0.26943930094426627
VWAP,i086,BTCUSDT,True,tp0.60,4194,-0.09969742066965384,-418.13098228852823,0.30197514259582137
VWAP,i086,BTCUSDT,True,sl0.20,4389,-0.10000228800215546,-438.9100420414604,0.287522678419739
VWAP,i086,BTCUSDT,True,sl0.40,4150,-0.10227901578975356,-424.45791552747727,0.288514491655685
VWAP,i086,BTCUSDT,True,fee0.02,4203,-0.04143048982742631,-174.13234874467275,0.591086256258786
VWAP,i086,BTCUSDT,True,fee0.07,4203,-0.14142998946530377,-594.4302457226718,0.18416061056747104
VWAP,i086,BTCUSDT,True,slip3,4203,-0.10184825586062542,-428.0682193822086,0.28656567377407954
VWMA,i087,BTCUSDT,False,baseline,46477,-0.10060730770362587,-4675.92584014142,0.20572528225139627
VWMA,i087,BTCUSDT,False,delay+1,55024,-0.10085572111360691,-5549.485198555108,0.2186976273995877
VWMA,i087,BTCUSDT,False,tp0.30,46959,-0.10068623793150536,-4728.12504702556,0.19374139448858788
VWMA,i087,BTCUSDT,False,tp0.60,46325,-0.10058321697664345,-4659.517526443008,0.2077110664877927
VWMA,i087,BTCUSDT,False,sl0.20,47302,-0.10045616277328424,-4751.777411501891,0.2082785142789399
VWMA,i087,BTCUSDT,False,sl0.40,46278,-0.10056408314773,-4653.904639910648,0.20490664912086204
VWMA,i087,BTCUSDT,False,fee0.02,46477,-0.040607559625933855,-1887.317548734528,0.47603247868196136
VWMA,i087,BTCUSDT,False,fee0.07,46477,-0.14060713975542052,-6534.998034412681,0.1276394210758145
VWMA,i087,BTCUSDT,False,slip3,46477,-0.10102236082563776,-4695.2162640931665,0.2046530348563165
VWMA,i087,BTCUSDT,True,baseline,18637,-0.0983929234562554,-1833.7489144542317,0.3036484804612819
VWMA,i087,BTCUSDT,True,delay+1,18624,-0.0989454500774455,-1842.7600622423447,0.3007710944600411
VWMA,i087,BTCUSDT,True,tp0.30,18817,-0.09912074468973531,-1865.1550528267492,0.2815571516705915
VWMA,i087,BTCUSDT,True,tp0.60,18573,-0.09868978835395448,-1832.9654390979965,0.30618909975110364
VWMA,i087,BTCUSDT,True,sl0.20,19563,-0.09783351315971733,-1913.9170179435503,0.2985461038958806
VWMA,i087,BTCUSDT,True,sl0.40,18325,-0.09831197097318287,-1801.5668680835759,0.30479300123710384
VWMA,i087,BTCUSDT,True,fee0.02,18637,-0.03839388631078468,-715.5468591740942,0.6184550351067667
VWMA,i087,BTCUSDT,True,fee0.07,18637,-0.13839228155323585,-2579.2169513076565,0.1948437619024508
VWMA,i087,BTCUSDT,True,slip3,18637,-0.09880936032730724,-1841.5100484200248,0.3022052246563252
Pivot Points Standard,i088,BTCUSDT,False,baseline,4327,-0.1022558675322501,-442.4611388120463,0.22010844643067726
Pivot Points Standard,i088,BTCUSDT,False,delay+1,4977,-0.101657816781489,-505.9509541214708,0.23243764347948934
Pivot Points Standard,i088,BTCUSDT,False,tp0.30,4348,-0.10223685476023875,-444.5258444975181,0.20300018860992605
Pivot Points Standard,i088,BTCUSDT,False,tp0.60,4319,-0.10277356989814464,-443.8790483900867,0.22560983593909664
Pivot Points Standard,i088,BTCUSDT,False,sl0.20,4423,-0.10040098438188862,-444.0735539210934,0.22873307915040672
Pivot Points Standard,i088,BTCUSDT,False,sl0.40,4294,-0.10333735576645167,-443.7306056611435,0.21374245762461752
Pivot Points Standard,i088,BTCUSDT,False,fee0.02,4327,-0.04225625548956108,-182.8428175033308,0.48319952723150106
Pivot Points Standard,i088,BTCUSDT,False,fee0.07,4327,-0.14225560889404276,-615.5400196845231,0.14126764483546309
Pivot Points Standard,i088,BTCUSDT,False,slip3,4327,-0.10266858883590164,-444.2469838929464,0.21904140807842515
Pivot Points Standard,i088,BTCUSDT,True,baseline,1284,-0.09558910330155036,-122.73640863919067,0.31283992977236696
Pivot Points Standard,i088,BTCUSDT,True,delay+1,1286,-0.09532256107947015,-122.58481354819861,0.31652092697862144
Pivot Points Standard,i088,BTCUSDT,True,tp0.30,1290,-0.09641143521890827,-124.37075143239167,0.28729426140673653
Pivot Points Standard,i088,BTCUSDT,True,tp0.60,1283,-0.09367811501249913,-120.18902156103638,0.33099934052247426
Pivot Points Standard,i088,BTCUSDT,True,sl0.20,1323,-0.09541791380641214,-126.23789996588326,0.3021417854021427
Pivot Points Standard,i088,BTCUSDT,True,sl0.40,1267,-0.09551120459996675,-121.01269622815786,0.3156525015598553
Pivot Points Standard,i088,BTCUSDT,True,fee0.02,1284,-0.03558789140622474,-45.69485256559256,0.6382321449571545
Pivot Points Standard,i088,BTCUSDT,True,fee0.07,1284,-0.13558991123176742,-174.09744602158938,0.20232971050746945
Pivot Points Standard,i088,BTCUSDT,True,slip3,1284,-0.09600341039224318,-123.26837894364024,0.31138860834139914
Balance of Power,i089,BTCUSDT,False,baseline,44599,-0.10064202486986767,-4488.533667171228,0.1883124505869691
Balance of Power,i089,BTCUSDT,False,delay+1,51608,-0.10072049947296612,-5197.983536800834,0.20822017144820223
Balance of Power,i089,BTCUSDT,False,tp0.30,44894,-0.10073211178837145,-4522.267426627148,0.17579242541356102
Balance of Power,i089,BTCUSDT,False,tp0.60,44513,-0.10060942941220405,-4478.427531425439,0.19150950639265357
Balance of Power,i089,BTCUSDT,False,sl0.20,45646,-0.1006844206517455,-4595.841065069575,0.18850398521658554
Balance of Power,i089,BTCUSDT,False,sl0.40,44276,-0.10071633783989718,-4459.316574199288,0.1865644123927209
Balance of Power,i089,BTCUSDT,False,fee0.02,44599,-0.04064234171221711,-1812.607798023171,0.45574610266775784
Balance of Power,i089,BTCUSDT,False,fee0.07,44599,-0.14064181364163475,-6272.484246603268,0.11499803091743362
Balance of Power,i089,BTCUSDT,False,slip3,44599,-0.10105699132680877,-4507.040756184344,0.18728997274619788
Balance of Power,i089,BTCUSDT,True,baseline,17689,-0.0996787249619652,-1763.2169658522023,0.2991297609863875
Balance of Power,i089,BTCUSDT,True,delay+1,17713,-0.0985277221611705,-1745.2215426408131,0.30227420237167063
Balance of Power,i089,BTCUSDT,True,tp0.30,17905,-0.10082500396498073,-1805.27169599298,0.2758666894482039
Balance of Power,i089,BTCUSDT,True,tp0.60,17631,-0.10002675141612073,-1763.5716542176247,0.3004183593019804
Balance of Power,i089,BTCUSDT,True,sl0.20,18404,-0.09839452878115959,-1810.852907688461,0.2938137958638809
Balance of Power,i089,BTCUSDT,True,sl0.40,17443,-0.1000263616172206,-1744.759825689179,0.2993551020038019
Balance of Power,i089,BTCUSDT,True,fee0.02,17689,-0.039679593758778525,-701.8923339990333,0.6084364130621597
Balance of Power,i089,BTCUSDT,True,fee0.07,17689,-0.13967814576408963,-2470.766720420981,0.1922582147527592
Balance of Power,i089,BTCUSDT,True,slip3,17689,-0.10009439951056229,-1770.5698329423362,0.2977135837737053
Accumulative Swing Index,i090,BTCUSDT,False,baseline,36354,-0.10094748119408427,-3669.8447313297393,0.2062700756139951
Accumulative Swing Index,i090,BTCUSDT,False,delay+1,47720,-0.1004785871441553,-4794.838178519091,0.22081051124660397
Accumulative Swing Index,i090,BTCUSDT,False,tp0.30,36765,-0.10090661546835362,-3709.8317176940204,0.19636818534778852
Accumulative Swing Index,i090,BTCUSDT,False,tp0.60,36230,-0.10072131414332948,-3649.1332114128268,0.2086344177602113
Accumulative Swing Index,i090,BTCUSDT,False,sl0.20,37103,-0.1003970576430349,-3725.032029729524,0.20968408347709833
Accumulative Swing Index,i090,BTCUSDT,False,sl0.40,36163,-0.1009049456421221,-3649.0255492560614,0.20583151076075196
Accumulative Swing Index,i090,BTCUSDT,False,fee0.02,36354,-0.04094738301065242,-1488.6011619692579,0.47843886355349835
Accumulative Swing Index,i090,BTCUSDT,False,fee0.07,36354,-0.1409475466497055,-5124.007110903393,0.12787601758323777
Accumulative Swing Index,i090,BTCUSDT,False,slip3,36354,-0.10136227283201167,-3684.924066534952,0.2051931562581362
Accumulative Swing Index,i090,BTCUSDT,True,baseline,15910,-0.10139171766027154,-1613.1422279749202,0.28765742581933124
Accumulative Swing Index,i090,BTCUSDT,True,delay+1,15929,-0.10061015632930437,-1602.6191801694893,0.2899706259844661
Accumulative Swing Index,i090,BTCUSDT,True,tp0.30,15989,-0.10145904318070134,-1622.2286414162336,0.26967730597211703
Accumulative Swing Index,i090,BTCUSDT,True,tp0.60,15895,-0.1002881698892586,-1594.0804603897654,0.2990218294666547
Accumulative Swing Index,i090,BTCUSDT,True,sl0.20,16570,-0.09960399770613801,-1650.438241990707,0.2854181991160228
Accumulative Swing Index,i090,BTCUSDT,True,sl0.40,15655,-0.10136101466904103,-1586.8066846438373,0.288971563908527
Accumulative Swing Index,i090,BTCUSDT,True,fee0.02,15910,-0.04139214059419159,-658.5489568535883,0.5906929359664829
Accumulative Swing Index,i090,BTCUSDT,True,fee0.07,15910,-0.1413914357043248,-2249.537742055808,0.18383958992786725
Accumulative Swing Index,i090,BTCUSDT,True,slip3,15910,-0.1018070700881394,-1619.7504851022977,0.2862828110329585
Up/Down,i091,BTCUSDT,False,baseline,33651,-0.10132669227254744,-3409.7445216634937,0.2187918361215635
Up/Down,i091,BTCUSDT,False,delay+1,41190,-0.10185962785351024,-4195.598071286087,0.22711643157393674
Up/Down,i091,BTCUSDT,False,tp0.30,33836,-0.10189113077273491,-3447.5883008262585,0.2007944345247786
Up/Down,i091,BTCUSDT,False,tp0.60,33595,-0.10154759029037982,-3411.4912958053105,0.22163071487601063
Up/Down,i091,BTCUSDT,False,sl0.20,34993,-0.10112672251056418,-3538.727400812172,0.21642213390947804
Up/Down,i091,BTCUSDT,False,sl0.40,33176,-0.10177094034388912,-3376.352716848865,0.21546082087754387
Up/Down,i091,BTCUSDT,False,fee0.02,33651,-0.041326583400044366,-1390.680857994893,0.5017985635880474
Up/Down,i091,BTCUSDT,False,fee0.07,33651,-0.14132676485421614,-4755.786964109227,0.13566228524674384
Up/Down,i091,BTCUSDT,False,slip3,33651,-0.1017411830910654,-3423.692552197442,0.21764793242232164
Up/Down,i091,BTCUSDT,True,baseline,14973,-0.10034782975816678,-1502.5080549690313,0.29960279572364734
Up/Down,i091,BTCUSDT,True,delay+1,15016,-0.09868262638296299,-1481.8183177665724,0.3062507305880735
Up/Down,i091,BTCUSDT,True,tp0.30,15122,-0.09968290921075289,-1507.4049530850052,0.28340224759261134
Up/Down,i091,BTCUSDT,True,tp0.60,14916,-0.10015290832546365,-1493.880780582616,0.30582885188224807
Up/Down,i091,BTCUSDT,True,sl0.20,15356,-0.10020358279147011,-1538.7262173458148,0.2885878317078367
Up/Down,i091,BTCUSDT,True,sl0.40,14819,-0.100859960902745,-1494.643760617778,0.30149757663825205
Up/Down,i091,BTCUSDT,True,fee0.02,14973,-0.040347803554561815,-604.1276626224541,0.6053516886550486
Up/Down,i091,BTCUSDT,True,fee0.07,14973,-0.14034784722723673,-2101.4283165334155,0.19358009123544265
Up/Down,i091,BTCUSDT,True,slip3,14973,-0.10076356166547537,-1508.7328088171628,0.29820334291464623
Average Price,i099,BTCUSDT,False,baseline,34794,-0.10118940138385786,-3520.7840317499504,0.23179546096037745
Average Price,i099,BTCUSDT,False,delay+1,46679,-0.1008423214923069,-4707.218724939394,0.23152951688368092
Average Price,i099,BTCUSDT,False,tp0.30,35038,-0.10131351995313845,-3549.823112118065,0.2163348616774063
Average Price,i099,BTCUSDT,False,tp0.60,34728,-0.10108562382974656,-3510.5015443594384,0.23570002080757316
Average Price,i099,BTCUSDT,False,sl0.20,35959,-0.10071735650213315,-3621.6954224602055,0.23495754350607195
Average Price,i099,BTCUSDT,False,sl0.40,34448,-0.10151747423729784,-3497.0739525264357,0.22830563020301986
Average Price,i099,BTCUSDT,False,fee0.02,34794,-0.04118951750714673,-1433.1480721436633,0.5148350821588737
Average Price,i099,BTCUSDT,False,fee0.07,34794,-0.14118932396833195,-4912.541338154141,0.1448077061384678
Average Price,i099,BTCUSDT,False,slip3,34794,-0.10160378281918046,-3535.202019410565,0.23061543581124638
Average Price,i099,BTCUSDT,True,baseline,15628,-0.09939796791242769,-1553.3914425354196,0.29722242581712655
Average Price,i099,BTCUSDT,True,delay+1,15623,-0.09860710609308045,-1540.5388184921958,0.29907279198327985
Average Price,i099,BTCUSDT,True,tp0.30,15680,-0.1007045133083794,-1579.046768675389,0.2716649834687825
Average Price,i099,BTCUSDT,True,tp0.60,15608,-0.09952170365522381,-1553.3347506507332,0.30102626442643377
Average Price,i099,BTCUSDT,True,sl0.20,16244,-0.09793883671413312,-1590.9184635843783,0.29357994130969745
Average Price,i099,BTCUSDT,True,sl0.40,15417,-0.09992180981537632,-1540.4945419236567,0.29694432046682817
Average Price,i099,BTCUSDT,True,fee0.02,15628,-0.039398489002567434,-615.7195861321238,0.6085014301019087
Average Price,i099,BTCUSDT,True,fee0.07,15628,-0.13939762051900115,-2178.50601347095,0.1901490870334021
Average Price,i099,BTCUSDT,True,slip3,15628,-0.09981337496123077,-1559.8834238941145,0.29580215658907333
Typical Price,i100,BTCUSDT,False,baseline,36509,-0.10059183651164498,-3672.5073592036465,0.22879642231647626
Typical Price,i100,BTCUSDT,False,delay+1,47627,-0.10188980894665009,-4852.705930702104,0.22664442718282615
Typical Price,i100,BTCUSDT,False,tp0.30,36775,-0.10102536181634046,-3715.2076807959206,0.21231819231442117
Typical Price,i100,BTCUSDT,False,tp0.60,36440,-0.1004436178964066,-3660.1654361450564,0.23283061349752118
Typical Price,i100,BTCUSDT,False,sl0.20,37541,-0.10034553526619747,-3767.071739428319,0.23175817429408782
Typical Price,i100,BTCUSDT,False,sl0.40,36229,-0.10096718624693216,-3657.940190540105,0.22512002059881447
Typical Price,i100,BTCUSDT,False,fee0.02,36509,-0.0405920466502935,-1481.9750311555656,0.5116348781224639
Typical Price,i100,BTCUSDT,False,fee0.07,36509,-0.1405916964192126,-5132.862244569033,0.14288251757811563
Typical Price,i100,BTCUSDT,False,slip3,36509,-0.10100620144251919,-3687.635408464933,0.22762960681567176
Typical Price,i100,BTCUSDT,True,baseline,16042,-0.09890822133453818,-1586.6856866486614,0.30027702391368893
Typical Price,i100,BTCUSDT,True,delay+1,16032,-0.0997402846226789,-1599.0362430707883,0.29478948364195345
Typical Price,i100,BTCUSDT,True,tp0.30,16097,-0.1008522615936202,-1623.4188548725044,0.2714723724484779
Typical Price,i100,BTCUSDT,True,tp0.60,16017,-0.09923812099001784,-1589.4969838971158,0.3033801973248113
Typical Price,i100,BTCUSDT,True,sl0.20,16711,-0.0978158689815074,-1634.6009865499702,0.2953898997746703
Typical Price,i100,BTCUSDT,True,sl0.40,15815,-0.0991588812679722,-1568.1977072529803,0.30072384178529016
Typical Price,i100,BTCUSDT,True,fee0.02,16042,-0.038908936550447915,-624.1771601422854,0.6130167875682203
Typical Price,i100,BTCUSDT,True,fee0.07,16042,-0.13890774452393168,-2228.3580376529117,0.19259203127409497
Typical Price,i100,BTCUSDT,True,slip3,16042,-0.09932367631184155,-1593.3504153945619,0.2988491531956295
Median Price,i101,BTCUSDT,False,baseline,36694,-0.10144721956522912,-3722.504274726518,0.2217315971763848
Median Price,i101,BTCUSDT,False,delay+1,47563,-0.10088690849973175,-4798.484028972741,0.22776382035237375
Median Price,i101,BTCUSDT,False,tp0.30,36961,-0.10142140927893362,-3748.6367083586656,0.20758293723728743
Median Price,i101,BTCUSDT,False,tp0.60,36626,-0.10139954762098244,-3713.8598311661026,0.22532118364515416
Median Price,i101,BTCUSDT,False,sl0.20,37877,-0.10063967754035355,-3811.9290661959717,0.22704104485137436
Median Price,i101,BTCUSDT,False,sl0.40,36363,-0.10163357244551827,-3695.7015948363805,0.21899750907787258
Median Price,i101,BTCUSDT,False,fee0.02,36694,-0.04144725603723044,-1520.865613030134,0.49980374493522606
Median Price,i101,BTCUSDT,False,fee0.07,36694,-0.1414471952505616,-5190.263382524107,0.1380360722108456
Median Price,i101,BTCUSDT,False,slip3,36694,-0.1018618052179086,-3737.717080665938,0.22059096255182106
Median Price,i101,BTCUSDT,True,baseline,16009,-0.09945297457545635,-1592.1426699784806,0.2980655035590227
Median Price,i101,BTCUSDT,True,delay+1,16010,-0.09883790048928853,-1582.3947868335092,0.2991272455092757
Median Price,i101,BTCUSDT,True,tp0.30,16080,-0.10079169854214261,-1620.7305125576531,0.27227364065201476
Median Price,i101,BTCUSDT,True,tp0.60,15983,-0.09981637515961049,-1595.3651241760542,0.3006673010834385
Median Price,i101,BTCUSDT,True,sl0.20,16641,-0.09830211853062527,-1635.845554468135,0.2925686873700632
Median Price,i101,BTCUSDT,True,sl0.40,15794,-0.09984511265232275,-1576.9537092307855,0.29768891780277557
Median Price,i101,BTCUSDT,True,fee0.02,16009,-0.03945351840299465,-631.6113761135414,0.6088226096244275
Median Price,i101,BTCUSDT,True,fee0.07,16009,-0.13945261202376413,-2232.49686588844,0.19090888519160853
Median Price,i101,BTCUSDT,True,slip3,16009,-0.0998685147433817,-1598.7950525267977,0.29664412208433977
SMA,i001,ETHUSDT,False,baseline,65652,-0.10058844242082497,-6603.8324218120015,0.28143767008179704
SMA,i001,ETHUSDT,False,delay+1,81649,-0.10062313746924594,-8215.778551226462,0.2977109204764173
SMA,i001,ETHUSDT,False,tp0.30,67876,-0.10183864530712845,-6912.39988886665,0.2575375095096186
SMA,i001,ETHUSDT,False,tp0.60,64722,-0.09922908010306915,-6422.304522430841,0.2911453572862508
SMA,i001,ETHUSDT,False,sl0.20,68361,-0.09962906889589512,-6810.742778792286,0.28614045306143143
SMA,i001,ETHUSDT,False,sl0.40,64846,-0.10118766799656435,-6561.615518905212,0.2764725937602149
SMA,i001,ETHUSDT,False,fee0.02,65652,-0.0405882948402733,-2664.7027328536224,0.5594946756473218
SMA,i001,ETHUSDT,False,fee0.07,65652,-0.14058854080785946,-9229.918881117588,0.19010465098491033
SMA,i001,ETHUSDT,False,slip3,65652,-0.10199400399291654,-6696.110350142956,0.2773754812247469
SMA,i001,ETHUSDT,True,baseline,25980,-0.09723419299447152,-2526.14433399637,0.44338836979978064
SMA,i001,ETHUSDT,True,delay+1,25896,-0.09811077546023911,-2540.676641318352,0.4389807067781572
SMA,i001,ETHUSDT,True,tp0.30,26836,-0.1006004184671275,-2699.7128299838337,0.3908116904058574
SMA,i001,ETHUSDT,True,tp0.60,25667,-0.09529242464071248,-2445.870663253167,0.4636162413726207
SMA,i001,ETHUSDT,True,sl0.20,28818,-0.09605542395479556,-2768.1252075292987,0.4236762876037818
SMA,i001,ETHUSDT,True,sl0.40,24739,-0.09778765026164718,-2419.1686798228893,0.44915135133125794
SMA,i001,ETHUSDT,True,fee0.02,25980,-0.0372349773743946,-967.3647121867716,0.7284313843499426
SMA,i001,ETHUSDT,True,fee0.07,25980,-0.13723367007452275,-3565.330748536101,0.32052941561781745
SMA,i001,ETHUSDT,True,slip3,25980,-0.09863763170957056,-2562.605671814643,0.4383417739695392
EMA,i002,ETHUSDT,False,baseline,69832,-0.10058112565279327,-7023.78116658586,0.26059391543011706
EMA,i002,ETHUSDT,False,delay+1,82746,-0.1015481349996296,-8402.70197867935,0.2802998914774191
EMA,i002,ETHUSDT,False,tp0.30,71844,-0.1018438323845004,-7316.868293832047,0.23809753736754163
EMA,i002,ETHUSDT,False,tp0.60,68998,-0.09999487178145776,-6899.446163177022,0.2667429534366752
EMA,i002,ETHUSDT,False,sl0.20,72175,-0.10039051931135153,-7245.685731296797,0.2636426135524514
EMA,i002,ETHUSDT,False,sl0.40,69154,-0.10100655533651147,-6985.007327741114,0.25590470715685065
EMA,i002,ETHUSDT,False,fee0.02,69832,-0.04058099358814176,-2833.851944247115,0.5328107300912606
EMA,i002,ETHUSDT,False,fee0.07,69832,-0.1405812136958943,-9817.067314811691,0.17504215499171244
EMA,i002,ETHUSDT,False,slip3,69832,-0.10198624550117535,-7121.903495838077,0.25675044283381976
EMA,i002,ETHUSDT,True,baseline,25932,-0.09752184243908342,-2528.9364181303113,0.4414580679672722
EMA,i002,ETHUSDT,True,delay+1,25819,-0.0991194815263174,-2559.165893527989,0.43365624859333374
EMA,i002,ETHUSDT,True,tp0.30,26903,-0.10118689479540273,-2722.23103068072,0.3887275873358426
EMA,i002,ETHUSDT,True,tp0.60,25559,-0.09721839309671795,-2484.804909159014,0.453271323140189
EMA,i002,ETHUSDT,True,sl0.20,28715,-0.09609821073028756,-2759.460121120207,0.4227907783073401
EMA,i002,ETHUSDT,True,sl0.40,24724,-0.09808029654319805,-2424.9372517340285,0.4470975731247179
EMA,i002,ETHUSDT,True,fee0.02,25932,-0.03752241438755553,-973.0312498980901,0.7261019894660591
EMA,i002,ETHUSDT,True,fee0.07,25932,-0.13752146114010202,-3566.206530285125,0.3188393419582831
EMA,i002,ETHUSDT,True,slip3,25932,-0.0989243113605424,-2565.3052422015853,0.4364216846357661
DEMA,i003,ETHUSDT,False,baseline,95117,-0.10045918009622928,-9555.37583321304,0.24561578828466082
DEMA,i003,ETHUSDT,False,delay+1,113401,-0.10107447305449581,-11461.946318852879,0.2532431651135943
DEMA,i003,ETHUSDT,False,tp0.30,98809,-0.10135721133207169,-10015.004694510671,0.23284291444727098
DEMA,i003,ETHUSDT,False,tp0.60,93504,-0.09978390108605088,-9330.193887150102,0.2465015602968007
DEMA,i003,ETHUSDT,False,sl0.20,98248,-0.09951414177150751,-9777.065400767071,0.24495583269656854
DEMA,i003,ETHUSDT,False,sl0.40,94154,-0.10075321910380981,-9486.318591500109,0.24569059450511205
DEMA,i003,ETHUSDT,False,fee0.02,95117,-0.04045931843943486,-3848.368992003726,0.5275223972721511
DEMA,i003,ETHUSDT,False,fee0.07,95117,-0.14045908786742553,-13360.047060685914,0.15904567400747605
DEMA,i003,ETHUSDT,False,slip3,95117,-0.10186603074212627,-9689.191246098824,0.24168175187664875
DEMA,i003,ETHUSDT,True,baseline,33006,-0.09776471320522759,-3226.822124051742,0.4490126892305165
DEMA,i003,ETHUSDT,True,delay+1,32765,-0.09801928441155827,-3211.6018537447067,0.44683216864417385
DEMA,i003,ETHUSDT,True,tp0.30,34953,-0.09978558147447061,-3487.8054292771717,0.40184320003913726
DEMA,i003,ETHUSDT,True,tp0.60,32168,-0.0964636266222461,-3103.0419411844127,0.4662982457386117
DEMA,i003,ETHUSDT,True,sl0.20,37381,-0.09644845358390021,-3605.339643419774,0.4264831758368298
DEMA,i003,ETHUSDT,True,sl0.40,30874,-0.09805121051983447,-3027.233073589369,0.4580047351259285
DEMA,i003,ETHUSDT,True,fee0.02,33006,-0.037765590568461814,-1246.4910823026507,0.7299388614151295
DEMA,i003,ETHUSDT,True,fee0.07,33006,-0.13776412829640475,-4547.0428185511355,0.3267949659211944
DEMA,i003,ETHUSDT,True,slip3,33006,-0.09917262530070053,-3273.291670674922,0.44399071600495355
TEMA,i004,ETHUSDT,False,baseline,107826,-0.10058483731449097,-10845.660668272301,0.2233238940161517
TEMA,i004,ETHUSDT,False,delay+1,128292,-0.10193005171408075,-13076.810194502847,0.231578325634939
TEMA,i004,ETHUSDT,False,tp0.30,111968,-0.10091904950026806,-11299.704134446014,0.21772509442426335
TEMA,i004,ETHUSDT,False,tp0.60,106244,-0.1002673783238235,-10652.807342636304,0.22373889390014265
TEMA,i004,ETHUSDT,False,sl0.20,111168,-0.09994725628925995,-11110.936587164448,0.21927247618438866
TEMA,i004,ETHUSDT,False,sl0.40,106694,-0.10085261575488408,-10760.3689853516,0.22382173760186647
TEMA,i004,ETHUSDT,False,fee0.02,107826,-0.04058513648081567,-4376.13292618043,0.5081178017734476
TEMA,i004,ETHUSDT,False,fee0.07,107826,-0.14058463787027448,-15158.679163000215,0.13949915183487246
TEMA,i004,ETHUSDT,False,slip3,107826,-0.10199109070805469,-10997.291346686705,0.21945875701302628
TEMA,i004,ETHUSDT,True,baseline,35740,-0.09834958256983578,-3515.0140810459307,0.4502403198510489
TEMA,i004,ETHUSDT,True,delay+1,35473,-0.09805250586798436,-3478.2165406550093,0.44955733833298955
TEMA,i004,ETHUSDT,True,tp0.30,38174,-0.09993102458527323,-3814.76693251822,0.40453024776801894
TEMA,i004,ETHUSDT,True,tp0.60,34582,-0.09667200612345267,-3343.11131576124,0.4681647698562114
TEMA,i004,ETHUSDT,True,sl0.20,40895,-0.0975169658796657,-3987.9563196489285,0.42382925406616584
TEMA,i004,ETHUSDT,True,sl0.40,33175,-0.09875757311833917,-3276.282488200902,0.45945940082178827
TEMA,i004,ETHUSDT,True,fee0.02,35740,-0.03835028596026908,-1370.6392202200168,0.7285638428460047
TEMA,i004,ETHUSDT,True,fee0.07,35740,-0.13834911364288022,-4944.597321596539,0.32878817276802275
TEMA,i004,ETHUSDT,True,slip3,35740,-0.09975753969176668,-3565.334468583741,0.44525112677947926
Hull MA,i005,ETHUSDT,False,baseline,114548,-0.10033271649146698,-11492.91200866456,0.21465140642921265
Hull MA,i005,ETHUSDT,False,delay+1,149860,-0.1015088481538064,-15212.115984329426,0.2079522952568754
Hull MA,i005,ETHUSDT,False,tp0.30,118545,-0.1012247395845773,-11999.686754053717,0.2061130786813012
Hull MA,i005,ETHUSDT,False,tp0.60,112984,-0.09960299454659494,-11253.54473585248,0.21744216033771388
Hull MA,i005,ETHUSDT,False,sl0.20,118186,-0.09987580525256971,-11803.921919580203,0.212057531372638
Hull MA,i005,ETHUSDT,False,sl0.40,113285,-0.1006562564871914,-11402.844016151477,0.21452114223939328
Hull MA,i005,ETHUSDT,False,fee0.02,114548,-0.040332955984002036,-4620.059442055465,0.5041635845165441
Hull MA,i005,ETHUSDT,False,fee0.07,114548,-0.14033255682977694,-16074.813719737289,0.13135285302219252
Hull MA,i005,ETHUSDT,False,slip3,114548,-0.10173986789153569,-11654.098387239632,0.21077522901146833
Hull MA,i005,ETHUSDT,True,baseline,37041,-0.09834863184496898,-3642.931672169496,0.4514826818021414
Hull MA,i005,ETHUSDT,True,delay+1,36884,-0.09753927223734324,-3597.638517202168,0.45246045097925647
Hull MA,i005,ETHUSDT,True,tp0.30,39921,-0.0995613791920406,-3974.5898187254525,0.40735466865308245
Hull MA,i005,ETHUSDT,True,tp0.60,35672,-0.0964779336870876,-3441.5608504857887,0.46978154930022564
Hull MA,i005,ETHUSDT,True,sl0.20,42528,-0.09725959430152026,-4136.256026455053,0.4262425949511255
Hull MA,i005,ETHUSDT,True,sl0.40,34373,-0.09869649432510633,-3392.49459943688,0.4612249380465654
Hull MA,i005,ETHUSDT,True,fee0.02,37041,-0.03834949616753115,-1420.5036875415215,0.7294702213641564
Hull MA,i005,ETHUSDT,True,fee0.07,37041,-0.13834805562992752,-5124.550328588146,0.32980393076026254
Hull MA,i005,ETHUSDT,True,slip3,37041,-0.09975799573819846,-3695.135920138609,0.446491755861009
Hamming MA,i006,ETHUSDT,False,baseline,63120,-0.10030240442198436,-6331.087767115653,0.2910870236507598
Hamming MA,i006,ETHUSDT,False,delay+1,82999,-0.10031706499192337,-8326.216077264648,0.2987291574331757
Hamming MA,i006,ETHUSDT,False,tp0.30,65438,-0.10145671978210823,-6639.124829101598,0.2675514929399487
Hamming MA,i006,ETHUSDT,False,tp0.60,62142,-0.09904044791748602,-6154.571514488416,0.30031443554158
Hamming MA,i006,ETHUSDT,False,sl0.20,65984,-0.09943890757568964,-6561.376877474305,0.2944388250294163
Hamming MA,i006,ETHUSDT,False,sl0.40,62226,-0.10100351520649323,-6285.044737239248,0.2852562721363957
Hamming MA,i006,ETHUSDT,False,fee0.02,63120,-0.04030235019585796,-2543.8843443625547,0.5728867960177766
Hamming MA,i006,ETHUSDT,False,fee0.07,63120,-0.14030244057273533,-8855.890048951054,0.19711012324109795
Hamming MA,i006,ETHUSDT,False,slip3,63120,-0.10170966017252164,-6419.913750089566,0.28690902757112813
Hamming MA,i006,ETHUSDT,True,baseline,26050,-0.097311115751621,-2534.9545653297273,0.44339145701721444
Hamming MA,i006,ETHUSDT,True,delay+1,26002,-0.09976446348915179,-2594.0755796449243,0.43317629494969406
Hamming MA,i006,ETHUSDT,True,tp0.30,26876,-0.10010328570100278,-2690.375906500151,0.39291748584581027
Hamming MA,i006,ETHUSDT,True,tp0.60,25729,-0.0959240118198242,-2468.028900112257,0.46077811402497026
Hamming MA,i006,ETHUSDT,True,sl0.20,28810,-0.09620049555550643,-2771.53627695414,0.42269950798796524
Hamming MA,i006,ETHUSDT,True,sl0.40,24822,-0.09801002749437826,-2432.804902465457,0.4493787189316211
Hamming MA,i006,ETHUSDT,True,fee0.02,26050,-0.0373117608932714,-971.97137126972,0.728132190704155
Hamming MA,i006,ETHUSDT,True,fee0.07,26050,-0.13731068565718743,-3576.9433613697324,0.3205939800550043
Hamming MA,i006,ETHUSDT,True,slip3,26050,-0.09871390914822391,-2571.4973333112325,0.4383505635971355
Arnaud Legoux MA,i007,ETHUSDT,False,baseline,104143,-0.10092667130460738,-10510.806329675726,0.21602137765153934
Arnaud Legoux MA,i007,ETHUSDT,False,delay+1,127516,-0.1020079716442973,-13007.648512194213,0.22431514067431363
Arnaud Legoux MA,i007,ETHUSDT,False,tp0.30,107482,-0.10134268165268354,-10892.51410939373,0.20452604766994367
Arnaud Legoux MA,i007,ETHUSDT,False,tp0.60,102746,-0.09997759089920256,-10272.297554529467,0.22201949605142401
Arnaud Legoux MA,i007,ETHUSDT,False,sl0.20,107302,-0.10036173176267782,-10769.014541598855,0.2205945388428629
Arnaud Legoux MA,i007,ETHUSDT,False,sl0.40,103190,-0.10132372250720126,-10455.594925518099,0.21187251387219638
Arnaud Legoux MA,i007,ETHUSDT,False,fee0.02,104143,-0.04092683456901719,-4262.243332521158,0.49149541922775736
Arnaud Legoux MA,i007,ETHUSDT,False,fee0.07,104143,-0.14092656246166751,-14676.514994445439,0.13671161607625537
Arnaud Legoux MA,i007,ETHUSDT,False,slip3,104143,-0.10233358587736655,-10657.326634026585,0.21235208188174826
Arnaud Legoux MA,i007,ETHUSDT,True,baseline,33830,-0.09812044136332944,-3319.414531321435,0.44674777311718816
Arnaud Legoux MA,i007,ETHUSDT,True,delay+1,33577,-0.09869942025748095,-3314.0304339854383,0.4424117498181078
Arnaud Legoux MA,i007,ETHUSDT,True,tp0.30,36079,-0.09956080379605772,-3592.054240157967,0.40235419583540466
Arnaud Legoux MA,i007,ETHUSDT,True,tp0.60,32831,-0.09699995179134865,-3184.605417261768,0.4624791940388204
Arnaud Legoux MA,i007,ETHUSDT,True,sl0.20,38380,-0.0968870310443191,-3718.5242514809675,0.4255280553189673
Arnaud Legoux MA,i007,ETHUSDT,True,sl0.40,31760,-0.09855419611964691,-3130.0812687599864,0.45459302178256034
Arnaud Legoux MA,i007,ETHUSDT,True,fee0.02,33830,-0.038121368398899555,-1289.6458929347718,0.7270920002798319
Arnaud Legoux MA,i007,ETHUSDT,True,fee0.07,33830,-0.13811982333961603,-4672.5936235792105,0.324918237510502
Arnaud Legoux MA,i007,ETHUSDT,True,slip3,33830,-0.09952904329919288,-3367.067534811695,0.4417375792817085
Least Squares MA,i008,ETHUSDT,False,baseline,62510,-0.10034978420848881,-6272.865010872635,0.31304975226173803
Least Squares MA,i008,ETHUSDT,False,delay+1,74567,-0.10106745240043086,-7536.296723142928,0.3192974711770373
Least Squares MA,i008,ETHUSDT,False,tp0.30,65082,-0.10156039245340978,-6609.7534616528155,0.2902282771557239
Least Squares MA,i008,ETHUSDT,False,tp0.60,61293,-0.09988394181132476,-6122.186445441528,0.3168007524746772
Least Squares MA,i008,ETHUSDT,False,sl0.20,65033,-0.09849476388839064,-6405.409979953709,0.30906286824596424
Least Squares MA,i008,ETHUSDT,False,sl0.40,61634,-0.10065967731945066,-6204.058551907023,0.3165938000320442
Least Squares MA,i008,ETHUSDT,False,fee0.02,62510,-0.04034982801621979,-2522.2677492938988,0.5968893646319452
Least Squares MA,i008,ETHUSDT,False,fee0.07,62510,-0.14034975500333483,-8773.263185258458,0.21361052776379846
Least Squares MA,i008,ETHUSDT,False,slip3,62510,-0.1017572698627703,-6360.846939121771,0.3086994366077193
Least Squares MA,i008,ETHUSDT,True,baseline,25631,-0.09571600388909592,-2453.2968956814175,0.4505093338129919
Least Squares MA,i008,ETHUSDT,True,delay+1,25420,-0.09632912731816716,-2448.686416427809,0.4478205751568408
Least Squares MA,i008,ETHUSDT,True,tp0.30,26520,-0.09879835390739924,-2620.132345624228,0.3997957959741689
Least Squares MA,i008,ETHUSDT,True,tp0.60,25269,-0.09439912861911769,-2385.3715810764847,0.4677784295193363
Least Squares MA,i008,ETHUSDT,True,sl0.20,28358,-0.09402358136371732,-2666.3207203122956,0.43053351581532273
Least Squares MA,i008,ETHUSDT,True,sl0.40,24316,-0.096912159909846,-2356.5160803678154,0.45582416856180064
Least Squares MA,i008,ETHUSDT,True,fee0.02,25631,-0.035716787646544915,-915.4569841685927,0.7388279029594685
Least Squares MA,i008,ETHUSDT,True,fee0.07,25631,-0.13571548138412992,-3478.5235033566337,0.3260123010894278
Least Squares MA,i008,ETHUSDT,True,slip3,25631,-0.09712171765039614,-2489.3267450973035,0.44538868204874177
Smoothed MA,i009,ETHUSDT,False,baseline,59827,-0.10134526953430334,-6063.183440428766,0.2722461433095646
Smoothed MA,i009,ETHUSDT,False,delay+1,70648,-0.10031723924283546,-7087.21231802784,0.3017770086256542
Smoothed MA,i009,ETHUSDT,False,tp0.30,61282,-0.10237973112329918,-6274.03468269802,0.24765880960204245
Smoothed MA,i009,ETHUSDT,False,tp0.60,59280,-0.10039196811059417,-5951.235869596022,0.28182145940311126
Smoothed MA,i009,ETHUSDT,False,sl0.20,61986,-0.1004052293680968,-6223.718547610849,0.2788704600458881
Smoothed MA,i009,ETHUSDT,False,sl0.40,59224,-0.1016202533873348,-6018.357886611516,0.2686116673736664
Smoothed MA,i009,ETHUSDT,False,fee0.02,59827,-0.041345116559342726,-2473.5542883957974,0.5401073772172502
Smoothed MA,i009,ETHUSDT,False,fee0.07,59827,-0.14134537151761042,-8456.269541784079,0.1850661097767737
Smoothed MA,i009,ETHUSDT,False,slip3,59827,-0.10274993259420627,-6147.220217313579,0.2683853967919032
Smoothed MA,i009,ETHUSDT,True,baseline,22898,-0.09701553570179065,-2221.4617364996025,0.44007805310736076
Smoothed MA,i009,ETHUSDT,True,delay+1,22811,-0.0976679374408767,-2227.9033209638383,0.4370676864243307
Smoothed MA,i009,ETHUSDT,True,tp0.30,23561,-0.10056354949589123,-2369.3777896726933,0.38812127380400846
Smoothed MA,i009,ETHUSDT,True,tp0.60,22658,-0.09594029194509453,-2173.815134891952,0.45615116580167686
Smoothed MA,i009,ETHUSDT,True,sl0.20,25221,-0.0951071300556348,-2398.6969271331654,0.4246842382907696
Smoothed MA,i009,ETHUSDT,True,sl0.40,21954,-0.0970602417997515,-2130.8605484717446,0.4470156565315019
Smoothed MA,i009,ETHUSDT,True,fee0.02,22898,-0.037016345474661774,-847.6002786788052,0.7271369599153646
Smoothed MA,i009,ETHUSDT,True,fee0.07,22898,-0.1370149958532099,-3137.3693750468,0.3170311283837425
Smoothed MA,i009,ETHUSDT,True,slip3,22898,-0.09841786155581156,-2253.572193904973,0.4350133197431673
Adaptive MA,i010,ETHUSDT,False,baseline,54003,-0.10248809062989067,-5534.664358285985,0.2898534601054018
Adaptive MA,i010,ETHUSDT,False,delay+1,64580,-0.10184697656499997,-6577.277746567698,0.3133046769499967
Adaptive MA,i010,ETHUSDT,False,tp0.30,55394,-0.10361147792204263,-5739.45420801363,0.26127101904760297
Adaptive MA,i010,ETHUSDT,False,tp0.60,53397,-0.1017994349742105,-5435.784429317918,0.29918703800692514
Adaptive MA,i010,ETHUSDT,False,sl0.20,56411,-0.10105696640522661,-5700.724531885238,0.2976913755514917
Adaptive MA,i010,ETHUSDT,False,sl0.40,53275,-0.10313768362323478,-5494.6600950278325,0.28430945773324523
Adaptive MA,i010,ETHUSDT,False,fee0.02,54003,-0.042488206339521946,-2294.490606953204,0.5581328351327242
Adaptive MA,i010,ETHUSDT,False,fee0.07,54003,-0.14248801349013648,-7694.780192507841,0.19806392428880462
Adaptive MA,i010,ETHUSDT,False,slip3,54003,-0.1038928947108409,-5610.527993069541,0.2858364771391346
Adaptive MA,i010,ETHUSDT,True,baseline,22075,-0.09972223963612051,-2201.3684399673602,0.4326550691014669
Adaptive MA,i010,ETHUSDT,True,delay+1,22014,-0.09928477312272328,-2185.6549955236305,0.43295196098591565
Adaptive MA,i010,ETHUSDT,True,tp0.30,22620,-0.10423455854508895,-2357.785714289912,0.37590202777756987
Adaptive MA,i010,ETHUSDT,True,tp0.60,21839,-0.09902149433296929,-2162.5304147377165,0.4469272166654019
Adaptive MA,i010,ETHUSDT,True,sl0.20,24107,-0.09715377229373973,-2342.0859886851836,0.41876544799155246
Adaptive MA,i010,ETHUSDT,True,sl0.40,21170,-0.10031934004950147,-2123.760428847946,0.43773915315963297
Adaptive MA,i010,ETHUSDT,True,fee0.02,22075,-0.03972332284076246,-876.8923517098311,0.7120637169356651
Adaptive MA,i010,ETHUSDT,True,fee0.07,22075,-0.13972151749969255,-3084.3524988057125,0.3124017959279181
Adaptive MA,i010,ETHUSDT,True,slip3,22075,-0.10112350351751337,-2232.3013401491075,0.4277166661865823
Multi-Timeframe MA,i011,ETHUSDT,False,baseline,11799,-0.10014749147940591,-1181.6402519655103,0.32059060383861154
Multi-Timeframe MA,i011,ETHUSDT,False,delay+1,13310,-0.09985311180309615,-1329.0449180992096,0.3361216566587088
Multi-Timeframe MA,i011,ETHUSDT,False,tp0.30,11918,-0.10005238319349519,-1192.4243029000756,0.2893605926297507
Multi-Timeframe MA,i011,ETHUSDT,False,tp0.60,11770,-0.09831422846549888,-1157.158469038922,0.3408832363340313
Multi-Timeframe MA,i011,ETHUSDT,False,sl0.20,12315,-0.09836876372782864,-1211.4113253082098,0.326826415725937
Multi-Timeframe MA,i011,ETHUSDT,False,sl0.40,11635,-0.10008620022698769,-1164.5029396410018,0.3191670357909477
Multi-Timeframe MA,i011,ETHUSDT,False,fee0.02,11799,-0.04014878092274808,-473.71546610750465,0.6001572516843696
Multi-Timeframe MA,i011,ETHUSDT,False,fee0.07,11799,-0.14014663185051113,-1653.5901092041809,0.22060835982082538
Multi-Timeframe MA,i011,ETHUSDT,False,slip3,11799,-0.10154506964976516,-1198.130276797579,0.31627771021333195
Multi-Timeframe MA,i011,ETHUSDT,True,baseline,4812,-0.09922013715871512,-477.4473000077372,0.40753935019850457
Multi-Timeframe MA,i011,ETHUSDT,True,delay+1,4828,-0.09874899346480114,-476.76014044805993,0.4097381530172932
Multi-Timeframe MA,i011,ETHUSDT,True,tp0.30,4867,-0.10019979098604626,-487.6723827290871,0.3704159769230947
Multi-Timeframe MA,i011,ETHUSDT,True,tp0.60,4803,-0.09862632531370291,-473.7022404817151,0.4209563312491254
Multi-Timeframe MA,i011,ETHUSDT,True,sl0.20,5171,-0.09629392286092875,-497.93587511386255,0.40034541051199846
Multi-Timeframe MA,i011,ETHUSDT,True,sl0.40,4681,-0.09929486683253777,-464.79927164310925,0.4123040782808259
Multi-Timeframe MA,i011,ETHUSDT,True,fee0.02,4812,-0.039221981678799187,-188.73617583838168,0.6972720212536954
Multi-Timeframe MA,i011,ETHUSDT,True,fee0.07,4812,-0.1392189074786591,-669.9213827873075,0.28710246384978316
Multi-Timeframe MA,i011,ETHUSDT,True,slip3,4812,-0.10061168102493481,-484.1434090919863,0.4025536462652653
WMA,i012,ETHUSDT,False,baseline,78768,-0.10054295739503515,-7919.567668092128,0.2545064953005579
WMA,i012,ETHUSDT,False,delay+1,96568,-0.10126782211253102,-9779.231045762897,0.2695513022994634
WMA,i012,ETHUSDT,False,tp0.30,81511,-0.10149819790395685,-8273.219609349426,0.23631966091107517
WMA,i012,ETHUSDT,False,tp0.60,77568,-0.0998433733715355,-7744.650785683265,0.25934256056410177
WMA,i012,ETHUSDT,False,sl0.20,81582,-0.09986831583114453,-8147.456942136434,0.25980680601571676
WMA,i012,ETHUSDT,False,sl0.40,77971,-0.10111668744222395,-7884.169236557644,0.24950122828571272
WMA,i012,ETHUSDT,False,fee0.02,78768,-0.040542870313337885,-3193.4808088409986,0.5314040244200126
WMA,i012,ETHUSDT,False,fee0.07,78768,-0.1405430154495,-11070.292240926216,0.16834231850831766
WMA,i012,ETHUSDT,False,slip3,78768,-0.10195031636320796,-8030.422519297164,0.2506093133503241
WMA,i012,ETHUSDT,True,baseline,28928,-0.09816968578725195,-2839.852670453625,0.44247103894837725
WMA,i012,ETHUSDT,True,delay+1,28742,-0.09891440808619818,-2842.997917213508,0.4384891734657622
WMA,i012,ETHUSDT,True,tp0.30,30198,-0.10050286432066133,-3034.9854967553306,0.39374593203237984
WMA,i012,ETHUSDT,True,tp0.60,28393,-0.09690592639509973,-2751.4499681360667,0.4592325353300882
WMA,i012,ETHUSDT,True,sl0.20,32385,-0.09705328132461455,-3143.0705156976423,0.42165024732554934
WMA,i012,ETHUSDT,True,sl0.40,27389,-0.09921092908627223,-2717.2881367439104,0.4476488594164338
WMA,i012,ETHUSDT,True,fee0.02,28928,-0.038170432641067696,-1104.1942754408062,0.724063073314039
WMA,i012,ETHUSDT,True,fee0.07,28928,-0.13816918788470814,-3996.958267128837,0.3207332484336509
WMA,i012,ETHUSDT,True,slip3,28928,-0.09957510164045702,-2880.5085402551404,0.4374712865989438
McGinley Dynamic,i013,ETHUSDT,False,baseline,43487,-0.1006655593360028,-4377.6431788447535,0.2952624459509337
McGinley Dynamic,i013,ETHUSDT,False,delay+1,50926,-0.10036523508292756,-5111.199961833169,0.3206877160456637
McGinley Dynamic,i013,ETHUSDT,False,tp0.30,44228,-0.10158627717884049,-4492.957867065757,0.2655061433944308
McGinley Dynamic,i013,ETHUSDT,False,tp0.60,43230,-0.10025855545980086,-4334.177352527191,0.30435877153400526
McGinley Dynamic,i013,ETHUSDT,False,sl0.20,45163,-0.09955786666107312,-4496.331932014045,0.3018278589942281
McGinley Dynamic,i013,ETHUSDT,False,sl0.40,43029,-0.10098119116871711,-4345.119674798728,0.29193302243052277
McGinley Dynamic,i013,ETHUSDT,False,fee0.02,43487,-0.04066518621751039,-1768.4069530408742,0.5675948202128944
McGinley Dynamic,i013,ETHUSDT,False,fee0.07,43487,-0.1406658080816644,-6117.13399604734,0.20165085227551274
McGinley Dynamic,i013,ETHUSDT,False,slip3,43487,-0.10206964251106079,-4438.7025438785,0.2911821051160884
McGinley Dynamic,i013,ETHUSDT,True,baseline,17213,-0.09803680917020476,-1687.5075962467345,0.4303104877959752
McGinley Dynamic,i013,ETHUSDT,True,delay+1,17179,-0.09864629266153967,-1694.64466163259,0.42548811156352323
McGinley Dynamic,i013,ETHUSDT,True,tp0.30,17522,-0.1012928572390601,-1774.853444542811,0.3813019591518416
McGinley Dynamic,i013,ETHUSDT,True,tp0.60,17114,-0.09602430881339401,-1643.360021032425,0.44980564233234555
McGinley Dynamic,i013,ETHUSDT,True,sl0.20,18788,-0.09560018094803273,-1796.136199651639,0.418219943018532
McGinley Dynamic,i013,ETHUSDT,True,sl0.40,16630,-0.09875018302355071,-1642.2155436816481,0.4336884661440436
McGinley Dynamic,i013,ETHUSDT,True,fee0.02,17213,-0.038037217179741026,-654.7346193148823,0.7170786390093263
McGinley Dynamic,i013,ETHUSDT,True,fee0.07,17213,-0.13803653716384726,-2376.0229142013027,0.30810231591747966
McGinley Dynamic,i013,ETHUSDT,True,slip3,17213,-0.09943551905236153,-1711.583589448299,0.4252824078986991
Guppy MMA,i014,ETHUSDT,False,baseline,20451,-0.09776679538178543,-1999.428732352894,0.42482297613357034
Guppy MMA,i014,ETHUSDT,False,delay+1,22306,-0.09861388053848558,-2199.681219291459,0.41010543588701165
Guppy MMA,i014,ETHUSDT,False,tp0.30,20521,-0.1006711979282584,-2065.8736526857906,0.37690732912802444
Guppy MMA,i014,ETHUSDT,False,tp0.60,20436,-0.09774216674052202,-1997.458919509308,0.4361001827767552
Guppy MMA,i014,ETHUSDT,False,sl0.20,22363,-0.0975780891691979,-2182.1388080907723,0.4007154219253937
Guppy MMA,i014,ETHUSDT,False,sl0.40,19406,-0.09868260263966584,-1915.0345868253553,0.428613091974644
Guppy MMA,i014,ETHUSDT,False,fee0.02,20451,-0.03776714274008974,-772.3758361775754,0.7133904789369847
Guppy MMA,i014,ETHUSDT,False,fee0.07,20451,-0.13776656380958258,-2817.463996469773,0.3034237935039191
Guppy MMA,i014,ETHUSDT,False,slip3,20451,-0.09917143507190333,-2028.1550186554953,0.4197748198109909
Guppy MMA,i014,ETHUSDT,True,baseline,9145,-0.09311345345904185,-851.5225318829376,0.45355528723799843
Guppy MMA,i014,ETHUSDT,True,delay+1,9123,-0.09495714558649505,-866.2940391855944,0.4448787883265897
Guppy MMA,i014,ETHUSDT,True,tp0.30,9193,-0.09732266612715532,-894.6872697069388,0.39785606281720165
Guppy MMA,i014,ETHUSDT,True,tp0.60,9134,-0.09370214441899687,-855.8753871231173,0.4632341755097083
Guppy MMA,i014,ETHUSDT,True,sl0.20,9613,-0.09503654668943916,-913.5863233255786,0.4228070388007846
Guppy MMA,i014,ETHUSDT,True,sl0.40,8957,-0.09383220742868631,-840.4550819387433,0.4583344244716105
Guppy MMA,i014,ETHUSDT,True,fee0.02,9145,-0.033113976284764556,-302.82731312417184,0.7509817595535943
Guppy MMA,i014,ETHUSDT,True,fee0.07,9145,-0.13311310490856004,-1217.3193443887815,0.3265507196236494
Guppy MMA,i014,ETHUSDT,True,slip3,9145,-0.09451038442141237,-864.2974655338161,0.44832346524063443
MA Cross,i015,ETHUSDT,False,baseline,26612,-0.09882537328869705,-2629.9408339588053,0.4020914038510924
MA Cross,i015,ETHUSDT,False,delay+1,33088,-0.09842766696265973,-3256.774644460485,0.3905993817982235
MA Cross,i015,ETHUSDT,False,tp0.30,26716,-0.10048485714274608,-2684.553443425604,0.36074027020362975
MA Cross,i015,ETHUSDT,False,tp0.60,26590,-0.09931020483074487,-2640.6583464495066,0.4099764252078328
MA Cross,i015,ETHUSDT,False,sl0.20,28969,-0.09788212522056604,-2835.5472855145777,0.38274066977811294
MA Cross,i015,ETHUSDT,False,sl0.40,25231,-0.09906835706292294,-2499.593717054609,0.4072450779892245
MA Cross,i015,ETHUSDT,False,fee0.02,26612,-0.03882540537273704,-1033.2216877792782,0.6913444390915269
MA Cross,i015,ETHUSDT,False,fee0.07,26612,-0.13882535189933704,-3694.420264745157,0.2839060863024929
MA Cross,i015,ETHUSDT,False,slip3,26612,-0.10022946818151153,-2667.306607246385,0.39713994831574173
MA Cross,i015,ETHUSDT,True,baseline,12285,-0.09636284113813583,-1183.8175033819987,0.43122211672476174
MA Cross,i015,ETHUSDT,True,delay+1,12291,-0.09410778843860498,-1156.6788276988939,0.43944375353270526
MA Cross,i015,ETHUSDT,True,tp0.30,12352,-0.099047998260552,-1223.4408745143382,0.3846643763772149
MA Cross,i015,ETHUSDT,True,tp0.60,12267,-0.09637036496378895,-1182.175267010799,0.44187081115892524
MA Cross,i015,ETHUSDT,True,sl0.20,12418,-0.09739180058598015,-1209.4113796767015,0.40183391190935336
MA Cross,i015,ETHUSDT,True,sl0.40,12215,-0.09610691465310181,-1173.9459624876386,0.44121810371297165
MA Cross,i015,ETHUSDT,True,fee0.02,12285,-0.036362714494391074,-446.71594756359434,0.7241335791965581
MA Cross,i015,ETHUSDT,True,fee0.07,12285,-0.13636292556729898,-1675.218540594268,0.30777980772511504
MA Cross,i015,ETHUSDT,True,slip3,12285,-0.09776088223241414,-1200.9924382252077,0.4261219996789552
EMA Cross,i016,ETHUSDT,False,baseline,21981,-0.09691007399492291,-2130.1803364824004,0.40646330593052954
EMA Cross,i016,ETHUSDT,False,delay+1,27217,-0.09706189499588853,-2641.733596103098,0.3945617407848971
EMA Cross,i016,ETHUSDT,False,tp0.30,22072,-0.09903288405500132,-2185.8538168619893,0.36296085214169055
EMA Cross,i016,ETHUSDT,False,tp0.60,21963,-0.09607942043666645,-2110.192311050505,0.4209502876852086
EMA Cross,i016,ETHUSDT,False,sl0.20,24103,-0.09663259485506366,-2329.1354337915996,0.39093382827973194
EMA Cross,i016,ETHUSDT,False,sl0.40,21023,-0.09729300272333333,-2045.3907962526366,0.4074016083521732
EMA Cross,i016,ETHUSDT,False,fee0.02,21981,-0.036909878802397156,-811.316045955492,0.7013026434416519
EMA Cross,i016,ETHUSDT,False,fee0.07,21981,-0.1369102041232734,-3009.423196833672,0.28661906281356125
EMA Cross,i016,ETHUSDT,False,slip3,21981,-0.09831737914195322,-2161.114310919274,0.4014292539808334
EMA Cross,i016,ETHUSDT,True,baseline,9677,-0.09110895879774634,-881.6613942857915,0.44932220772475445
EMA Cross,i016,ETHUSDT,True,delay+1,9640,-0.09202863631516695,-887.1560540782093,0.44565619773019044
EMA Cross,i016,ETHUSDT,True,tp0.30,9685,-0.09348564643041786,-905.408485678597,0.4033898581838654
EMA Cross,i016,ETHUSDT,True,tp0.60,9676,-0.0908804348793975,-879.3590878930502,0.46094152421365453
EMA Cross,i016,ETHUSDT,True,sl0.20,10097,-0.0908123968165764,-916.9327706569719,0.42952713156438904
EMA Cross,i016,ETHUSDT,True,sl0.40,9517,-0.09204552501537756,-875.9972615713483,0.4542047965226321
EMA Cross,i016,ETHUSDT,True,fee0.02,9677,-0.031109484687126262,-301.04648331732085,0.7572750354501747
EMA Cross,i016,ETHUSDT,True,fee0.07,9677,-0.13110860820482642,-1268.7380015981053,0.3200347694930849
EMA Cross,i016,ETHUSDT,True,slip3,9677,-0.09251036418426262,-895.2227942111094,0.443966419865499
MA-EMA Cross,i017,ETHUSDT,False,baseline,48992,-0.09920283330679708,-4860.145209366603,0.352660129159788
MA-EMA Cross,i017,ETHUSDT,False,delay+1,74936,-0.10169540474669826,-7620.646850098581,0.31531832139545085
MA-EMA Cross,i017,ETHUSDT,False,tp0.30,51748,-0.10012855182917131,-5181.4523000559575,0.3259971170008926
MA-EMA Cross,i017,ETHUSDT,False,tp0.60,47709,-0.09890536016811523,-4718.67582826061,0.35766233861092606
MA-EMA Cross,i017,ETHUSDT,False,sl0.20,52272,-0.09896488041717345,-5173.092229166491,0.335725648440067
MA-EMA Cross,i017,ETHUSDT,False,sl0.40,47525,-0.10070268496341313,-4785.895102886209,0.3514799185716311
MA-EMA Cross,i017,ETHUSDT,False,fee0.02,48992,-0.03920332348548547,-1920.6492242009042,0.6462245718917414
MA-EMA Cross,i017,ETHUSDT,False,fee0.07,48992,-0.13920250652100483,-6819.809199477069,0.2429868745990705
MA-EMA Cross,i017,ETHUSDT,False,slip3,48992,-0.10060986110895329,-4929.0783154498395,0.34793326703732813
MA-EMA Cross,i017,ETHUSDT,True,baseline,24856,-0.09800632416102902,-2436.045193346537,0.439484161473542
MA-EMA Cross,i017,ETHUSDT,True,delay+1,24806,-0.1002951855861765,-2487.9223736506947,0.43109354401758615
MA-EMA Cross,i017,ETHUSDT,True,tp0.30,25388,-0.10053401383111514,-2552.357543144351,0.3912195290102597
MA-EMA Cross,i017,ETHUSDT,True,tp0.60,24622,-0.09824065051674286,-2418.8812970232425,0.4496548818945484
MA-EMA Cross,i017,ETHUSDT,True,sl0.20,26757,-0.09648843468892192,-2581.741046971484,0.4161853518890897
MA-EMA Cross,i017,ETHUSDT,True,sl0.40,23730,-0.09860485086724578,-2339.8931110797425,0.4481428342294898
MA-EMA Cross,i017,ETHUSDT,True,fee0.02,24856,-0.03800732716570265,-944.7101240307053,0.7233123556984989
MA-EMA Cross,i017,ETHUSDT,True,fee0.07,24856,-0.13800565549124658,-3430.2685728904253,0.31740743426217305
MA-EMA Cross,i017,ETHUSDT,True,slip3,24856,-0.0994074203177368,-2470.870839417666,0.43447585919549836
SuperTrend,i018,ETHUSDT,False,baseline,17256,-0.0990935486940346,-1709.9582762642608,0.41000459954776103
SuperTrend,i018,ETHUSDT,False,delay+1,19785,-0.10083462220625745,-1995.0130003508036,0.3905827890219464
SuperTrend,i018,ETHUSDT,False,tp0.30,17397,-0.10003072405289476,-1740.2345063482103,0.3723561411105936
SuperTrend,i018,ETHUSDT,False,tp0.60,17201,-0.09975983733547646,-1715.9689620075305,0.41734377208760054
SuperTrend,i018,ETHUSDT,False,sl0.20,18251,-0.09867599787958505,-1800.9356373003066,0.3856990338450854
SuperTrend,i018,ETHUSDT,False,sl0.40,16630,-0.0989564331552362,-1645.6454833715782,0.4196066000918771
SuperTrend,i018,ETHUSDT,False,fee0.02,17256,-0.03909326417570454,-674.5933666159575,0.6985905735266881
SuperTrend,i018,ETHUSDT,False,fee0.07,17256,-0.1390937383729213,-2400.2015493631297,0.290343669565031
SuperTrend,i018,ETHUSDT,False,slip3,17256,-0.10048982666208336,-1734.0524488809106,0.4050402781637762
SuperTrend,i018,ETHUSDT,True,baseline,7134,-0.09882101500885097,-704.9891210731429,0.412547419025435
SuperTrend,i018,ETHUSDT,True,delay+1,7139,-0.09914214715868934,-707.7757885658832,0.4092181468869403
SuperTrend,i018,ETHUSDT,True,tp0.30,7138,-0.10003707932723567,-714.0646722378082,0.37378343359415933
SuperTrend,i018,ETHUSDT,True,tp0.60,7134,-0.09981041149694962,-712.0474756192386,0.4205948590324788
SuperTrend,i018,ETHUSDT,True,sl0.20,7160,-0.09754150336975086,-698.3971641274161,0.39293514158106657
SuperTrend,i018,ETHUSDT,True,sl0.40,7120,-0.09780701006493919,-696.3859116623671,0.42525571517952937
SuperTrend,i018,ETHUSDT,True,fee0.02,7134,-0.03882210908636543,-276.95692622213096,0.7016279387453083
SuperTrend,i018,ETHUSDT,True,fee0.07,7134,-0.13882028562384138,-990.3439176404843,0.29255961550911663
SuperTrend,i018,ETHUSDT,True,slip3,7134,-0.10020963165334847,-714.8955122149879,0.4075970832806971
Ichimoku Cloud,i019,ETHUSDT,False,baseline,20841,-0.09841333234120826,-2051.0322593231213,0.4041042661877314
Ichimoku Cloud,i019,ETHUSDT,False,delay+1,24288,-0.09995864110920402,-2427.795475260347,0.3858167101762123
Ichimoku Cloud,i019,ETHUSDT,False,tp0.30,21109,-0.10164299674070834,-2145.5820181996123,0.35520603952096114
Ichimoku Cloud,i019,ETHUSDT,False,tp0.60,20754,-0.09683897696756547,-2009.7961279848537,0.42299079487831864
Ichimoku Cloud,i019,ETHUSDT,False,sl0.20,22887,-0.09694410560592762,-2218.7597450028657,0.39339265921720906
Ichimoku Cloud,i019,ETHUSDT,False,sl0.40,20039,-0.0986683536377426,-1977.215138546724,0.40734367925390197
Ichimoku Cloud,i019,ETHUSDT,False,fee0.02,20841,-0.03841306360554059,-800.5666586030713,0.6920088038711417
Ichimoku Cloud,i019,ETHUSDT,False,fee0.07,20841,-0.13841351149832,-2884.6759931364877,0.2868180565033696
Ichimoku Cloud,i019,ETHUSDT,False,slip3,20841,-0.09982207957166273,-2080.391960353023,0.3991809887623121
Ichimoku Cloud,i019,ETHUSDT,True,baseline,9077,-0.09459727176345273,-858.6594357968604,0.4466205880764577
Ichimoku Cloud,i019,ETHUSDT,True,delay+1,9113,-0.0965919273998103,-880.2422343944713,0.43534895589679873
Ichimoku Cloud,i019,ETHUSDT,True,tp0.30,9218,-0.09977417355114654,-919.7183317944688,0.3873898008346448
Ichimoku Cloud,i019,ETHUSDT,True,tp0.60,9020,-0.09227480115444171,-832.3187064130643,0.46913770760524975
Ichimoku Cloud,i019,ETHUSDT,True,sl0.20,9699,-0.09188036245075734,-891.1476354098955,0.4336583440956338
Ichimoku Cloud,i019,ETHUSDT,True,sl0.40,8804,-0.09551242557500005,-840.8913947623004,0.45033287541472306
Ichimoku Cloud,i019,ETHUSDT,True,fee0.02,9077,-0.03459800746287692,-314.04611374053377,0.7408064875404098
Ichimoku Cloud,i019,ETHUSDT,True,fee0.07,9077,-0.13459678129716995,-1221.7349838344117,0.32138062210427915
Ichimoku Cloud,i019,ETHUSDT,True,slip3,9077,-0.09600176244295516,-871.407997694704,0.44144362313995295
Parabolic SAR,i020,ETHUSDT,False,baseline,36390,-0.1009085162593984,-3672.0609066795078,0.3961573639842274
Parabolic SAR,i020,ETHUSDT,False,delay+1,52026,-0.10126019020832726,-5268.162655778434,0.3725189080250115
Parabolic SAR,i020,ETHUSDT,False,tp0.30,37666,-0.10254455055223344,-3862.443041100424,0.357247638563854
Parabolic SAR,i020,ETHUSDT,False,tp0.60,35799,-0.10014558909283802,-3585.1119439345084,0.40790503900829084
Parabolic SAR,i020,ETHUSDT,False,sl0.20,39812,-0.0983808495610477,-3916.7383827244307,0.38694624302601
Parabolic SAR,i020,ETHUSDT,False,sl0.40,34783,-0.1014402143368494,-3528.394975278632,0.39716471293149264
Parabolic SAR,i020,ETHUSDT,False,fee0.02,36390,-0.04090836286005616,-1488.6553244774436,0.6758324840342419
Parabolic SAR,i020,ETHUSDT,False,fee0.07,36390,-0.14090861852562656,-5127.66462814755,0.2822481020416976
Parabolic SAR,i020,ETHUSDT,False,slip3,36390,-0.10231429042862798,-3723.2170286977725,0.3913831569209966
Parabolic SAR,i020,ETHUSDT,True,baseline,18936,-0.09785916638933262,-1853.0611747484024,0.43586472700977047
Parabolic SAR,i020,ETHUSDT,True,delay+1,18901,-0.09803560593775326,-1852.9709878294743,0.4330778107369637
Parabolic SAR,i020,ETHUSDT,True,tp0.30,19063,-0.09997403360863376,-1905.8050026813853,0.38897946813321926
Parabolic SAR,i020,ETHUSDT,True,tp0.60,18889,-0.09725790478113783,-1837.1045634109123,0.4502339826925546
Parabolic SAR,i020,ETHUSDT,True,sl0.20,19613,-0.09647950863166985,-1892.2526027929407,0.4137167089071078
Parabolic SAR,i020,ETHUSDT,True,sl0.40,18533,-0.09717435086496715,-1800.9322445804362,0.4480011647175277
Parabolic SAR,i020,ETHUSDT,True,fee0.02,18936,-0.0378601080567943,-716.9190061634569,0.7215594313760619
Parabolic SAR,i020,ETHUSDT,True,fee0.07,18936,-0.1378585386110248,-2610.4892871383654,0.3134370366929597
Parabolic SAR,i020,ETHUSDT,True,slip3,18936,-0.09925690956840573,-1879.5288395873306,0.4308377359409284
Directional Movement,i021,ETHUSDT,False,baseline,32776,-0.10079287560238401,-3303.587290743738,0.3259884251473057
Directional Movement,i021,ETHUSDT,False,delay+1,43867,-0.10011030017626257,-4391.538537832111,0.3303775254852688
Directional Movement,i021,ETHUSDT,False,tp0.30,33248,-0.10183201431082857,-3385.7108118064284,0.29204023052519706
Directional Movement,i021,ETHUSDT,False,tp0.60,32654,-0.10039943420103645,-3278.443124400644,0.3367119679638463
Directional Movement,i021,ETHUSDT,False,sl0.20,34885,-0.09918785696015261,-3460.168390054924,0.3311471944539587
Directional Movement,i021,ETHUSDT,False,sl0.40,32087,-0.10132615036150447,-3251.2521866495936,0.3220001748746897
Directional Movement,i021,ETHUSDT,False,fee0.02,32776,-0.0407926138575643,-1337.0187117955275,0.6058902423999124
Directional Movement,i021,ETHUSDT,False,fee0.07,32776,-0.14079305009893045,-4614.633010042545,0.2248333651372462
Directional Movement,i021,ETHUSDT,False,slip3,32776,-0.10219462993023797,-3349.53119059348,0.32163172286482433
Directional Movement,i021,ETHUSDT,True,baseline,14278,-0.09716854059693233,-1387.372422643,0.43059325339025467
Directional Movement,i021,ETHUSDT,True,delay+1,14256,-0.09632989946099893,-1373.2790467160007,0.4298218207574914
Directional Movement,i021,ETHUSDT,True,tp0.30,14478,-0.10039017331009943,-1453.4489291836196,0.38125960319033103
Directional Movement,i021,ETHUSDT,True,tp0.60,14224,-0.09648904471745783,-1372.4601720611201,0.4433854656026338
Directional Movement,i021,ETHUSDT,True,sl0.20,15372,-0.0948399640569127,-1457.879927482862,0.4179301700332772
Directional Movement,i021,ETHUSDT,True,sl0.40,13835,-0.09713986288070718,-1343.9300029545839,0.4374408575996382
Directional Movement,i021,ETHUSDT,True,fee0.02,14278,-0.03716894708251605,-530.6982264441641,0.7204454043855892
Directional Movement,i021,ETHUSDT,True,fee0.07,14278,-0.1371682696065432,-1958.4885534422235,0.3079317824091691
Directional Movement,i021,ETHUSDT,True,slip3,14278,-0.09856682779157647,-1407.337167208129,0.4255352785191311
Vortex,i022,ETHUSDT,False,baseline,39750,-0.10056050980473935,-3997.2802647383887,0.33296026555277125
Vortex,i022,ETHUSDT,False,delay+1,48403,-0.09951223522057491,-4816.6907213814875,0.34389995949538293
Vortex,i022,ETHUSDT,False,tp0.30,40126,-0.1028445567608102,-4126.74068458427,0.2924341142701272
Vortex,i022,ETHUSDT,False,tp0.60,39628,-0.1004711986288141,-3981.472659262645,0.34285670879955804
Vortex,i022,ETHUSDT,False,sl0.20,42751,-0.09857314178312115,-4214.100384370212,0.33196764167787246
Vortex,i022,ETHUSDT,False,sl0.40,38538,-0.10007860850453074,-3856.829414547606,0.3346013527258731
Vortex,i022,ETHUSDT,False,fee0.02,39750,-0.04056010388545349,-1612.2641294467762,0.6190095028145424
Vortex,i022,ETHUSDT,False,fee0.07,39750,-0.14056078041759656,-5587.291021599463,0.22871272437926227
Vortex,i022,ETHUSDT,False,slip3,39750,-0.10196507643994927,-4053.111788487983,0.32845932066963207
Vortex,i022,ETHUSDT,True,baseline,16830,-0.09682573805624423,-1629.5771714865903,0.4370209737307727
Vortex,i022,ETHUSDT,True,delay+1,16916,-0.09491385298240598,-1605.5627370503796,0.44366045799664144
Vortex,i022,ETHUSDT,True,tp0.30,17193,-0.0995747278217351,-1711.9882954390916,0.389145343043873
Vortex,i022,ETHUSDT,True,tp0.60,16731,-0.09531818603797146,-1594.7685706013003,0.4548812331706111
Vortex,i022,ETHUSDT,True,sl0.20,17829,-0.09475523446119663,-1689.3910752086747,0.4208896509526274
Vortex,i022,ETHUSDT,True,sl0.40,16407,-0.09653051443222417,-1583.776150289502,0.446463680961885
Vortex,i022,ETHUSDT,True,fee0.02,16830,-0.036826374255684115,-619.7878787231638,0.7259561794881014
Vortex,i022,ETHUSDT,True,fee0.07,16830,-0.1368253139232843,-2302.7700333288744,0.31389917807905415
Vortex,i022,ETHUSDT,True,slip3,16830,-0.09822584421345167,-1653.1409581123917,0.43195085383207177
Williams Alligator,i023,ETHUSDT,False,baseline,25463,-0.09811332453009201,-2498.2595825097333,0.39606896368904976
Williams Alligator,i023,ETHUSDT,False,delay+1,31130,-0.098369658811027,-3062.24747878727,0.377178020587769
Williams Alligator,i023,ETHUSDT,False,tp0.30,25943,-0.09991385400210265,-2592.065114376549,0.3554198886943076
Williams Alligator,i023,ETHUSDT,False,tp0.60,25299,-0.09716012186388003,-2458.053923034301,0.4109739464644205
Williams Alligator,i023,ETHUSDT,False,sl0.20,27308,-0.0971233085675839,-2652.2433103635813,0.3772388151126707
Williams Alligator,i023,ETHUSDT,False,sl0.40,24342,-0.09879334546870663,-2404.827615399257,0.40184571714531303
Williams Alligator,i023,ETHUSDT,False,fee0.02,25463,-0.03811349558480355,-970.4839380758528,0.6910523896770575
Williams Alligator,i023,ETHUSDT,False,fee0.07,25463,-0.13811321049361766,-3516.7766787989867,0.27752378372886044
Williams Alligator,i023,ETHUSDT,False,slip3,25463,-0.09951899673422368,-2534.0522138435376,0.3910644369988623
Williams Alligator,i023,ETHUSDT,True,baseline,11619,-0.09574211251202588,-1112.4276052772288,0.4425470064769699
Williams Alligator,i023,ETHUSDT,True,delay+1,11694,-0.0956262623699943,-1118.2535121547132,0.44134526426881765
Williams Alligator,i023,ETHUSDT,True,tp0.30,11988,-0.09745530336494071,-1168.2941767389093,0.3980480212690966
Williams Alligator,i023,ETHUSDT,True,tp0.60,11486,-0.09428801019856242,-1082.9920851406878,0.4607476194971997
Williams Alligator,i023,ETHUSDT,True,sl0.20,11893,-0.09397792797822407,-1117.679497445019,0.4222893125410634
Williams Alligator,i023,ETHUSDT,True,sl0.40,11503,-0.09497599420244626,-1092.5088613107393,0.4557725906919708
Williams Alligator,i023,ETHUSDT,True,fee0.02,11619,-0.03574200904264488,-415.28640306649083,0.7337715327372444
Williams Alligator,i023,ETHUSDT,True,fee0.07,11619,-0.13574218149161324,-1577.1884067510541,0.318394171378007
Williams Alligator,i023,ETHUSDT,True,slip3,11619,-0.09714146366575084,-1128.686666332359,0.43743249434732046
Williams Fractal,i024,ETHUSDT,False,baseline,37701,-0.09998569798126164,-3769.560799591545,0.4272849356815057
Williams Fractal,i024,ETHUSDT,False,delay+1,45020,-0.10112617657044187,-4552.700469201293,0.4094407579813045
Williams Fractal,i024,ETHUSDT,False,tp0.30,39781,-0.10177518119470624,-4048.718483106609,0.38345124644966827
Williams Fractal,i024,ETHUSDT,False,tp0.60,36757,-0.10065504584017097,-3699.777519947165,0.4346705078516691
Williams Fractal,i024,ETHUSDT,False,sl0.20,41250,-0.0985656814724981,-4065.8343607405463,0.4075081828181206
Williams Fractal,i024,ETHUSDT,False,sl0.40,36115,-0.10137879607017505,-3661.295220074372,0.4301799487342026
Williams Fractal,i024,ETHUSDT,False,fee0.02,37701,-0.03998574718198125,-1507.5026545078751,0.7042118609209532
Williams Fractal,i024,ETHUSDT,False,fee0.07,37701,-0.1399856651807819,-5277.599562980658,0.30979347007582525
Williams Fractal,i024,ETHUSDT,False,slip3,37701,-0.10139399469619706,-3822.654994041325,0.42241959701739945
Williams Fractal,i024,ETHUSDT,True,baseline,17535,-0.09799844481909238,-1718.4027299027846,0.4529099160168855
Williams Fractal,i024,ETHUSDT,True,delay+1,17818,-0.09978186762774495,-1777.9133173911596,0.4457993161462365
Williams Fractal,i024,ETHUSDT,True,tp0.30,18434,-0.10218516657348224,-1883.6813606155715,0.39515388231819554
Williams Fractal,i024,ETHUSDT,True,tp0.60,17118,-0.09943773344156129,-1702.175121052646,0.4593819290620215
Williams Fractal,i024,ETHUSDT,True,sl0.20,18408,-0.09732960657223955,-1791.6433977817856,0.425786489947872
Williams Fractal,i024,ETHUSDT,True,sl0.40,17180,-0.0969002183065612,-1664.7457505067216,0.46717857560779946
Williams Fractal,i024,ETHUSDT,True,fee0.02,17535,-0.03799907248238389,-666.3137359786015,0.7310584273424546
Williams Fractal,i024,ETHUSDT,True,fee0.07,17535,-0.13799802637689804,-2419.7953925189067,0.3316703339516015
Williams Fractal,i024,ETHUSDT,True,slip3,17535,-0.09940018621184678,-1742.982265224733,0.4479596259143626
Aroon,i025,ETHUSDT,False,baseline,31167,-0.09953540850563154,-3102.2200768950183,0.3920150814488258
Aroon,i025,ETHUSDT,False,delay+1,41848,-0.0995210328571662,-4164.756183006691,0.37560416310221556
Aroon,i025,ETHUSDT,False,tp0.30,31518,-0.10206620032119647,-3216.9225017234703,0.34649448675117306
Aroon,i025,ETHUSDT,False,tp0.60,31062,-0.09945058440876794,-3089.13405290515,0.40280468251561447
Aroon,i025,ETHUSDT,False,sl0.20,34295,-0.09780006495255836,-3354.053227547989,0.3793604084146421
Aroon,i025,ETHUSDT,False,sl0.40,29554,-0.10008845275783795,-2958.0141328051427,0.3928279423113185
Aroon,i025,ETHUSDT,False,fee0.02,31167,-0.0395351728542457,-1232.1927323482757,0.6793412617201693
Aroon,i025,ETHUSDT,False,fee0.07,31167,-0.13953556560655547,-4348.904973259515,0.2764860610009508
Aroon,i025,ETHUSDT,False,slip3,31167,-0.10094145075560414,-3146.0421956999144,0.3871480845513341
Aroon,i025,ETHUSDT,True,baseline,15293,-0.09693795396881782,-1482.4721300451308,0.43354385393568545
Aroon,i025,ETHUSDT,True,delay+1,15342,-0.09553686464675547,-1465.7265774105224,0.43735887324573625
Aroon,i025,ETHUSDT,True,tp0.30,15469,-0.09909988187665406,-1532.9760727499615,0.38814960272468235
Aroon,i025,ETHUSDT,True,tp0.60,15248,-0.09609958766869203,-1465.3265127722161,0.44831316747104616
Aroon,i025,ETHUSDT,True,sl0.20,15648,-0.09597238824652392,-1501.775931281606,0.41265749773608523
Aroon,i025,ETHUSDT,True,sl0.40,15126,-0.09622108787845378,-1455.4401752494919,0.44541273750074867
Aroon,i025,ETHUSDT,True,fee0.02,15293,-0.03693834760358411,-564.8981499016119,0.7230835931021665
Aroon,i025,ETHUSDT,True,fee0.07,15293,-0.13693769154564026,-2094.1881168074765,0.3107817169841967
Aroon,i025,ETHUSDT,True,slip3,15293,-0.09833586019553575,-1503.8503099703282,0.42849295639935303
Trend Strength Index,i026,ETHUSDT,False,baseline,31773,-0.10038890854374084,-3189.656791160278,0.3901621707168042
Trend Strength Index,i026,ETHUSDT,False,delay+1,43767,-0.10054064110028309,-4400.362239036091,0.37374603875354906
Trend Strength Index,i026,ETHUSDT,False,tp0.30,32340,-0.10323603545304967,-3338.653386551626,0.3451825638903981
Trend Strength Index,i026,ETHUSDT,False,tp0.60,31591,-0.09943273109388766,-3141.179407987005,0.40558936563585624
Trend Strength Index,i026,ETHUSDT,False,sl0.20,34836,-0.09811541308385675,-3417.948530189234,0.38112468068482513
Trend Strength Index,i026,ETHUSDT,False,sl0.40,30365,-0.10039188103024238,-3048.39946748331,0.39208980725120307
Trend Strength Index,i026,ETHUSDT,False,fee0.02,31773,-0.040389376444043334,-1283.2916577565888,0.6719814408297012
Trend Strength Index,i026,ETHUSDT,False,fee0.07,31773,-0.14038859661020586,-4460.566880096071,0.2764006269946392
Trend Strength Index,i026,ETHUSDT,False,slip3,31773,-0.10179523100077542,-3234.339874587637,0.38538086212742384
Trend Strength Index,i026,ETHUSDT,True,baseline,15856,-0.09714095258469477,-1540.2669441829203,0.4347592468377146
Trend Strength Index,i026,ETHUSDT,True,delay+1,15842,-0.09591578108608138,-1519.4978039657012,0.4391884344845592
Trend Strength Index,i026,ETHUSDT,True,tp0.30,15946,-0.0996007111983634,-1588.2329407691027,0.38805326603774615
Trend Strength Index,i026,ETHUSDT,True,tp0.60,15824,-0.09707844103210986,-1536.1692508921062,0.4470414089444155
Trend Strength Index,i026,ETHUSDT,True,sl0.20,16384,-0.09512944039373944,-1558.600751411027,0.41784080240691157
Trend Strength Index,i026,ETHUSDT,True,sl0.40,15610,-0.09682611605103568,-1511.455671556667,0.4445846816076852
Trend Strength Index,i026,ETHUSDT,True,fee0.02,15856,-0.037141596717681705,-588.9171575555612,0.7231288068573802
Trend Strength Index,i026,ETHUSDT,True,fee0.07,15856,-0.13714052316270348,-2174.5001352678264,0.3117644784576447
Trend Strength Index,i026,ETHUSDT,True,slip3,15856,-0.09853928678504548,-1562.438931263681,0.4297013356676794
Zig Zag,i027,ETHUSDT,False,baseline,20547,-0.09662763890316974,-1985.4080965434284,0.5032790663229895
Zig Zag,i027,ETHUSDT,False,delay+1,21631,-0.09696318054461928,-2097.4105583606593,0.4967167921669546
Zig Zag,i027,ETHUSDT,False,tp0.30,21476,-0.09924904184286304,-2131.4724226173266,0.4463548345570791
Zig Zag,i027,ETHUSDT,False,tp0.60,19891,-0.09565401827812745,-1902.6540775702329,0.517621593756095
Zig Zag,i027,ETHUSDT,False,sl0.20,21601,-0.09612129823065094,-2076.316163080291,0.47287379263898555
Zig Zag,i027,ETHUSDT,False,sl0.40,19158,-0.09559335849497745,-1831.377562046778,0.5151037385899454
Zig Zag,i027,ETHUSDT,False,fee0.02,20547,-0.03662909950235559,-752.6181074749004,0.7672307402086651
Zig Zag,i027,ETHUSDT,False,fee0.07,20547,-0.13662666517037916,-2807.2680892557805,0.3810702846403279
Zig Zag,i027,ETHUSDT,False,slip3,20547,-0.09807636458505457,-2015.1750631291166,0.49822447500184697
Zig Zag,i027,ETHUSDT,True,baseline,8782,-0.08939034384888242,-785.0259996808853,0.5530724727002089
Zig Zag,i027,ETHUSDT,True,delay+1,8760,-0.09065117206667804,-794.1042673040997,0.5450033326778734
Zig Zag,i027,ETHUSDT,True,tp0.30,8900,-0.09395091189148967,-836.1631158342581,0.47785018780043254
Zig Zag,i027,ETHUSDT,True,tp0.60,8652,-0.08958162103577857,-775.0601852015561,0.5733631677049799
Zig Zag,i027,ETHUSDT,True,sl0.20,8882,-0.09069670171198797,-805.5681046058772,0.5089384546271589
Zig Zag,i027,ETHUSDT,True,sl0.40,8611,-0.08771265771787674,-755.2936956086367,0.5767910839572604
Zig Zag,i027,ETHUSDT,True,fee0.02,8782,-0.029392627491202427,-258.1260546277397,0.8208737885899524
Zig Zag,i027,ETHUSDT,True,fee0.07,8782,-0.1293888214206691,-1136.292629716316,0.4252429491057962
Zig Zag,i027,ETHUSDT,True,slip3,8782,-0.09083563302180284,-797.7185291974724,0.547856705909504
Linear Regression Curve,i028,ETHUSDT,False,baseline,102956,-0.10008283639013746,-10304.128503382992,0.23282053325863972
Linear Regression Curve,i028,ETHUSDT,False,delay+1,133577,-0.1010980935970006,-13504.380048406549,0.23005688388629153
Linear Regression Curve,i028,ETHUSDT,False,tp0.30,106956,-0.10093633378908207,-10795.746516745061,0.2232720484193106
Linear Regression Curve,i028,ETHUSDT,False,tp0.60,101371,-0.09929113377073906,-10065.24152147359,0.2360183694641509
Linear Regression Curve,i028,ETHUSDT,False,sl0.20,106474,-0.09983424215296859,-10629.751098995177,0.22761653671921775
Linear Regression Curve,i028,ETHUSDT,False,sl0.40,101660,-0.10071589822732854,-10238.77821379022,0.23134938309317807
Linear Regression Curve,i028,ETHUSDT,False,fee0.02,102956,-0.04008309518434745,-4126.795147799677,0.5245857794526796
Linear Regression Curve,i028,ETHUSDT,False,fee0.07,102956,-0.14008266386066415,-14422.350740438538,0.14549929300963313
Linear Regression Curve,i028,ETHUSDT,False,slip3,102956,-0.10149089369961523,-10449.096451737585,0.22879989037984336
Linear Regression Curve,i028,ETHUSDT,True,baseline,35452,-0.09853759809977801,-3493.3549278333303,0.4484228421953393
Linear Regression Curve,i028,ETHUSDT,True,delay+1,35238,-0.09725497105388815,-3427.070669996911,0.45172512156989775
Linear Regression Curve,i028,ETHUSDT,True,tp0.30,37908,-0.09937373444063964,-3767.0595251757677,0.40593895441543454
Linear Regression Curve,i028,ETHUSDT,True,tp0.60,34347,-0.09697050984684655,-3330.646101709638,0.4662241450942607
Linear Regression Curve,i028,ETHUSDT,True,sl0.20,40484,-0.09762732187852853,-3952.3444989303493,0.42244306262866577
Linear Regression Curve,i028,ETHUSDT,True,sl0.40,32962,-0.09830856125694505,-3240.446796151423,0.45973183648631427
Linear Regression Curve,i028,ETHUSDT,True,fee0.02,35452,-0.03853825214441675,-1366.2581150238627,0.7268025211572133
Linear Regression Curve,i028,ETHUSDT,True,fee0.07,35452,-0.13853716207001887,-4911.419469706309,0.3269811302781587
Linear Regression Curve,i028,ETHUSDT,True,slip3,35452,-0.09994641782221675,-3543.3004046332285,0.4434353581331144
Linear Regression Slope,i029,ETHUSDT,False,baseline,31773,-0.10038890854374084,-3189.656791160278,0.3901621707168042
Linear Regression Slope,i029,ETHUSDT,False,delay+1,43767,-0.10054064110028309,-4400.362239036091,0.37374603875354906
Linear Regression Slope,i029,ETHUSDT,False,tp0.30,32340,-0.10323603545304967,-3338.653386551626,0.3451825638903981
Linear Regression Slope,i029,ETHUSDT,False,tp0.60,31591,-0.09943273109388766,-3141.179407987005,0.40558936563585624
Linear Regression Slope,i029,ETHUSDT,False,sl0.20,34836,-0.09811541308385675,-3417.948530189234,0.38112468068482513
Linear Regression Slope,i029,ETHUSDT,False,sl0.40,30365,-0.10039188103024238,-3048.39946748331,0.39208980725120307
Linear Regression Slope,i029,ETHUSDT,False,fee0.02,31773,-0.040389376444043334,-1283.2916577565888,0.6719814408297012
Linear Regression Slope,i029,ETHUSDT,False,fee0.07,31773,-0.14038859661020586,-4460.566880096071,0.2764006269946392
Linear Regression Slope,i029,ETHUSDT,False,slip3,31773,-0.10179523100077542,-3234.339874587637,0.38538086212742384
Linear Regression Slope,i029,ETHUSDT,True,baseline,15856,-0.09714095258469477,-1540.2669441829203,0.4347592468377146
Linear Regression Slope,i029,ETHUSDT,True,delay+1,15842,-0.09591578108608138,-1519.4978039657012,0.4391884344845592
Linear Regression Slope,i029,ETHUSDT,True,tp0.30,15946,-0.0996007111983634,-1588.2329407691027,0.38805326603774615
Linear Regression Slope,i029,ETHUSDT,True,tp0.60,15824,-0.09707844103210986,-1536.1692508921062,0.4470414089444155
Linear Regression Slope,i029,ETHUSDT,True,sl0.20,16384,-0.09512944039373944,-1558.600751411027,0.41784080240691157
Linear Regression Slope,i029,ETHUSDT,True,sl0.40,15610,-0.09682611605103568,-1511.455671556667,0.4445846816076852
Linear Regression Slope,i029,ETHUSDT,True,fee0.02,15856,-0.037141596717681705,-588.9171575555612,0.7231288068573802
Linear Regression Slope,i029,ETHUSDT,True,fee0.07,15856,-0.13714052316270348,-2174.5001352678264,0.3117644784576447
Linear Regression Slope,i029,ETHUSDT,True,slip3,15856,-0.09853928678504548,-1562.438931263681,0.4297013356676794
Keltner Channels,i030,ETHUSDT,False,baseline,21280,-0.10182017652314791,-2166.7333564125875,0.4316079381922538
Keltner Channels,i030,ETHUSDT,False,delay+1,21949,-0.09758841419969243,-2141.968103269049,0.44489215285152856
Keltner Channels,i030,ETHUSDT,False,tp0.30,22503,-0.10277621406384907,-2312.7731450787956,0.38716839201959063
Keltner Channels,i030,ETHUSDT,False,tp0.60,20708,-0.10171694763211264,-2106.354551565789,0.44433766278694686
Keltner Channels,i030,ETHUSDT,False,sl0.20,22187,-0.10251078120156966,-2274.406702519226,0.3999736587883073
Keltner Channels,i030,ETHUSDT,False,sl0.40,20860,-0.10166362394485454,-2120.7031954896656,0.44401477695100516
Keltner Channels,i030,ETHUSDT,False,fee0.02,21280,-0.04182070274738478,-889.944554464348,0.7020206411760368
Keltner Channels,i030,ETHUSDT,False,fee0.07,21280,-0.14181982570699,-3017.9258910447475,0.31544679829109673
Keltner Channels,i030,ETHUSDT,False,slip3,21280,-0.1032192378387702,-2196.5053812090296,0.4268493176621062
Keltner Channels,i030,ETHUSDT,True,baseline,9272,-0.10020677921936787,-929.1172569219789,0.4634799456908212
Keltner Channels,i030,ETHUSDT,True,delay+1,9474,-0.09681896213026725,-917.2628472221518,0.47359375169444645
Keltner Channels,i030,ETHUSDT,True,tp0.30,9837,-0.10346720440313278,-1017.8068897136171,0.403678544779973
Keltner Channels,i030,ETHUSDT,True,tp0.60,8980,-0.10084241530047289,-905.5648893982465,0.47562120544180386
Keltner Channels,i030,ETHUSDT,True,sl0.20,9646,-0.10144120114332239,-978.5018262284877,0.4248413688746742
Keltner Channels,i030,ETHUSDT,True,sl0.40,9154,-0.10104013939568166,-924.9214360280698,0.47458351690677025
Keltner Channels,i030,ETHUSDT,True,fee0.02,9272,-0.04020787999533758,-372.80746331677005,0.7291460143251917
Keltner Channels,i030,ETHUSDT,True,fee0.07,9272,-0.1402060453687214,-1299.9904526587848,0.3452187704269366
Keltner Channels,i030,ETHUSDT,True,slip3,9272,-0.10160254617299971,-942.0588081160535,0.45870859942775016
Donchian Channels,i031,ETHUSDT,False,baseline,29956,-0.1023229568155079,-3065.186494365355,0.4314016174111793
Donchian Channels,i031,ETHUSDT,False,delay+1,31414,-0.10043543650144979,-3155.0788022565434,0.43547448092927227
Donchian Channels,i031,ETHUSDT,False,tp0.30,32237,-0.10374007869805676,-3344.268916989256,0.38750599513972944
Donchian Channels,i031,ETHUSDT,False,tp0.60,28790,-0.1023534846062574,-2946.7568218141505,0.44140016213223554
Donchian Channels,i031,ETHUSDT,False,sl0.20,31508,-0.10130478649962397,-3191.911213030152,0.40457559112365954
Donchian Channels,i031,ETHUSDT,False,sl0.40,29111,-0.1020221876837547,-2969.967905661783,0.44534985159387286
Donchian Channels,i031,ETHUSDT,False,fee0.02,29956,-0.04232281225424527,-1267.8221638881712,0.7008855179936403
Donchian Channels,i031,ETHUSDT,False,fee0.07,29956,-0.14232305318968302,-4263.4293813501445,0.3149031751850652
Donchian Channels,i031,ETHUSDT,False,slip3,29956,-0.10372680139155721,-3107.2400624854877,0.4266208615618253
Donchian Channels,i031,ETHUSDT,True,baseline,12647,-0.10205408914134896,-1290.6780653706403,0.45240346724895875
Donchian Channels,i031,ETHUSDT,True,delay+1,12966,-0.09925399214863627,-1286.9272621992177,0.4635331646704532
Donchian Channels,i031,ETHUSDT,True,tp0.30,13637,-0.10386810608791759,-1416.4493627209322,0.40160900365612523
Donchian Channels,i031,ETHUSDT,True,tp0.60,12092,-0.10175466076614582,-1230.4173579842352,0.4666041754121016
Donchian Channels,i031,ETHUSDT,True,sl0.20,13143,-0.10241811004723506,-1346.0812203508103,0.4176306771149001
Donchian Channels,i031,ETHUSDT,True,sl0.40,12472,-0.101295225665,-1263.35405449388,0.4694641331775082
Donchian Channels,i031,ETHUSDT,True,fee0.02,12647,-0.04205362295387427,-531.852169497648,0.715872795069929
Donchian Channels,i031,ETHUSDT,True,fee0.07,12647,-0.1420543999329988,-1796.5619959526357,0.33559585980039214
Donchian Channels,i031,ETHUSDT,True,slip3,12647,-0.10345318966947363,-1308.3724897498328,0.44767433340754537
Price Channel,i032,ETHUSDT,False,baseline,43280,-0.10145226850008568,-4390.854180683707,0.325566090750545
Price Channel,i032,ETHUSDT,False,delay+1,49671,-0.09956840677752365,-4945.662333046378,0.3492681125902613
Price Channel,i032,ETHUSDT,False,tp0.30,44044,-0.10271146370891217,-4523.8237075953275,0.29204616348970736
Price Channel,i032,ETHUSDT,False,tp0.60,42974,-0.100946984333917,-4338.095704765749,0.3355559834310002
Price Channel,i032,ETHUSDT,False,sl0.20,45476,-0.10031653908538979,-4561.994931447187,0.3262208538764729
Price Channel,i032,ETHUSDT,False,sl0.40,42585,-0.10135512108368502,-4316.207831348727,0.3249906890961919
Price Channel,i032,ETHUSDT,False,fee0.02,43280,-0.04145214656811128,-1794.0489034678562,0.6014062959531065
Price Channel,i032,ETHUSDT,False,fee0.07,43280,-0.14145234978806862,-6122.05769882761,0.22500521056220782
Price Channel,i032,ETHUSDT,False,slip3,43280,-0.10285913851692946,-4451.743515012707,0.32123760879519936
Price Channel,i032,ETHUSDT,True,baseline,17497,-0.09556454100484148,-1672.0927739617114,0.44477035694208417
Price Channel,i032,ETHUSDT,True,delay+1,17483,-0.09539389798153257,-1667.771518411134,0.44460622220724044
Price Channel,i032,ETHUSDT,True,tp0.30,17838,-0.10030355413467851,-1789.2147986543953,0.3873602606701931
Price Channel,i032,ETHUSDT,True,tp0.60,17360,-0.0943355477253743,-1637.6651085124977,0.4618351370324897
Price Channel,i032,ETHUSDT,True,sl0.20,19117,-0.09408758850133751,-1798.6724293800692,0.42790809520550815
Price Channel,i032,ETHUSDT,True,sl0.40,16875,-0.09698950710859458,-1636.6979324575336,0.44724814987142325
Price Channel,i032,ETHUSDT,True,fee0.02,17497,-0.03556522184226964,-622.2846865741918,0.7360773072782406
Price Channel,i032,ETHUSDT,True,fee0.07,17497,-0.1355640871132227,-2371.964832220058,0.32018988290146316
Price Channel,i032,ETHUSDT,True,slip3,17497,-0.09696700165813203,-1696.6316280123363,0.4396296196403478
MA Channel,i033,ETHUSDT,False,baseline,38294,-0.09976490468343495,-3820.397259947458,0.40520995912696284
MA Channel,i033,ETHUSDT,False,delay+1,48332,-0.09910305517598023,-4789.848862765476,0.3895897568815441
MA Channel,i033,ETHUSDT,False,tp0.30,39404,-0.1016691731091343,-4006.172097192328,0.3621614110729379
MA Channel,i033,ETHUSDT,False,tp0.60,37915,-0.09905490848533408,-3755.666855221442,0.4192303781340329
MA Channel,i033,ETHUSDT,False,sl0.20,42406,-0.09720198243815158,-4121.947267272255,0.40209548237179327
MA Channel,i033,ETHUSDT,False,sl0.40,36807,-0.10074209875788173,-3708.0144289813525,0.40262328125611735
MA Channel,i033,ETHUSDT,False,fee0.02,38294,-0.03976496365928092,-1522.7595183685037,0.6860842090286231
MA Channel,i033,ETHUSDT,False,fee0.07,38294,-0.1397648653662043,-5352.155754333427,0.2896513307392279
MA Channel,i033,ETHUSDT,False,slip3,38294,-0.10117019485763291,-3874.2114418781944,0.4003923118261744
MA Channel,i033,ETHUSDT,True,baseline,17473,-0.0953196712088033,-1665.52061503142,0.45057676073219344
MA Channel,i033,ETHUSDT,True,delay+1,17543,-0.09722258387739084,-1705.5757889610675,0.441128975792412
MA Channel,i033,ETHUSDT,True,tp0.30,17905,-0.09891041360753441,-1770.9909556429036,0.3974443178026694
MA Channel,i033,ETHUSDT,True,tp0.60,17326,-0.09476926585590162,-1641.9723002193514,0.46472761433060766
MA Channel,i033,ETHUSDT,True,sl0.20,18887,-0.09337242315883823,-1763.5249562009776,0.4350597593535681
MA Channel,i033,ETHUSDT,True,sl0.40,16948,-0.0963174264512949,-1632.3877434965461,0.45438276197774835
MA Channel,i033,ETHUSDT,True,fee0.02,17473,-0.03532095040696647,-617.1629664609252,0.7402070304812991
MA Channel,i033,ETHUSDT,True,fee0.07,17473,-0.13531881841002785,-2364.4257140784166,0.3259189745371497
MA Channel,i033,ETHUSDT,True,slip3,17473,-0.09671918960720438,-1689.9744000066821,0.44546634634077514
Chande Kroll Stop,i034,ETHUSDT,False,baseline,42241,-0.09689573981783905,-4092.972945645339,0.43975230782592695
Chande Kroll Stop,i034,ETHUSDT,False,delay+1,48555,-0.09794094901126674,-4755.5227792420565,0.4205340554144657
Chande Kroll Stop,i034,ETHUSDT,False,tp0.30,44791,-0.09875889878669453,-4423.509835554835,0.3944399329278022
Chande Kroll Stop,i034,ETHUSDT,False,tp0.60,41116,-0.0969079531261538,-3984.4674007349395,0.45001111175726427
Chande Kroll Stop,i034,ETHUSDT,False,sl0.20,46945,-0.09585016343053296,-4499.68592224637,0.4220239920096418
Chande Kroll Stop,i034,ETHUSDT,False,sl0.40,40337,-0.09823600882482111,-3962.5458879668095,0.441165708190434
Chande Kroll Stop,i034,ETHUSDT,False,fee0.02,42241,-0.03689597969823347,-1558.52307843308,0.7244916003631721
Chande Kroll Stop,i034,ETHUSDT,False,fee0.07,42241,-0.13689557989757611,-5782.606190453513,0.3185600681054753
Chande Kroll Stop,i034,ETHUSDT,False,slip3,42241,-0.09830450611020489,-4152.4806426011655,0.43473441356372733
Chande Kroll Stop,i034,ETHUSDT,True,baseline,18989,-0.09347099652835,-1774.920753076838,0.47312767138156026
Chande Kroll Stop,i034,ETHUSDT,True,delay+1,19051,-0.0939226132566107,-1789.3197051516906,0.46904697413952834
Chande Kroll Stop,i034,ETHUSDT,True,tp0.30,20200,-0.09576345761869579,-1934.4218438976548,0.42184308439427853
Chande Kroll Stop,i034,ETHUSDT,True,tp0.60,18449,-0.09262881770524033,-1708.9090578439786,0.4882410594206404
Chande Kroll Stop,i034,ETHUSDT,True,sl0.20,20421,-0.09294857598824835,-1898.1028702560195,0.44954229184335587
Chande Kroll Stop,i034,ETHUSDT,True,sl0.40,18439,-0.09393159528433409,-1732.0046854478364,0.48142959522205275
Chande Kroll Stop,i034,ETHUSDT,True,fee0.02,18989,-0.03347137763492536,-635.5879899095976,0.7609373618974961
Chande Kroll Stop,i034,ETHUSDT,True,fee0.07,18989,-0.13347074245729976,-2534.475928521665,0.3470442668047033
Chande Kroll Stop,i034,ETHUSDT,True,slip3,18989,-0.09487470032529101,-1801.575684476951,0.46797897914577496
52-Week High/Low,i035,ETHUSDT,False,baseline,2227,-0.10846263482862516,-241.54628776334826,0.524614366528924
52-Week High/Low,i035,ETHUSDT,False,delay+1,2311,-0.10212967381565882,-236.02167618798754,0.5399389557671845
52-Week High/Low,i035,ETHUSDT,False,tp0.30,2416,-0.11338255141611253,-273.9322442213279,0.4390693915608563
52-Week High/Low,i035,ETHUSDT,False,tp0.60,2090,-0.11097427636488996,-231.93623760262003,0.5419021585052766
52-Week High/Low,i035,ETHUSDT,False,sl0.20,2350,-0.11076914130130233,-260.3074820580605,0.460017305591477
52-Week High/Low,i035,ETHUSDT,False,sl0.40,2174,-0.10969835440101079,-238.48422246779748,0.5460781718186596
52-Week High/Low,i035,ETHUSDT,False,fee0.02,2227,-0.04845661175329502,-107.91287437458801,0.7463354128812547
52-Week High/Low,i035,ETHUSDT,False,fee0.07,2227,-0.1484666502121786,-330.63523002252174,0.4139960848839921
52-Week High/Low,i035,ETHUSDT,False,slip3,2227,-0.10983662116180151,-244.60615532733198,0.5203927574738639
52-Week High/Low,i035,ETHUSDT,True,baseline,2049,-0.11069295058065429,-226.80985573976065,0.5174748000303542
52-Week High/Low,i035,ETHUSDT,True,delay+1,2123,-0.10242096312024454,-217.43970470427917,0.5399112779372613
52-Week High/Low,i035,ETHUSDT,True,tp0.30,2221,-0.11491076475718626,-255.21680852571066,0.43495564434069695
52-Week High/Low,i035,ETHUSDT,True,tp0.60,1924,-0.11329194579590583,-217.97370371132283,0.5348621272925478
52-Week High/Low,i035,ETHUSDT,True,sl0.20,2160,-0.11300475362444225,-244.09026782879525,0.45202638308990173
52-Week High/Low,i035,ETHUSDT,True,sl0.40,2001,-0.11007982351710147,-220.26972685772,0.5450449071910138
52-Week High/Low,i035,ETHUSDT,True,fee0.02,2049,-0.05068850573442953,-103.8607482498461,0.7362147372198792
52-Week High/Low,i035,ETHUSDT,True,fee0.07,2049,-0.1506959138114708,-308.7759273997036,0.40834126161479883
52-Week High/Low,i035,ETHUSDT,True,slip3,2049,-0.11206609790526756,-229.62343460789322,0.5133130042545608
Majority Rule,i036,ETHUSDT,False,baseline,37518,-0.1001039323755269,-3755.699334865018,0.39136293913724846
Majority Rule,i036,ETHUSDT,False,delay+1,48032,-0.10029996070924663,-4817.607712786534,0.3715751949630616
Majority Rule,i036,ETHUSDT,False,tp0.30,38844,-0.10109700108087404,-3927.011909985471,0.3544119211336248
Majority Rule,i036,ETHUSDT,False,tp0.60,37067,-0.09910203784051896,-3673.4152366345165,0.405755130064762
Majority Rule,i036,ETHUSDT,False,sl0.20,41168,-0.09868795194800277,-4062.7856057953786,0.37811577390082507
Majority Rule,i036,ETHUSDT,False,sl0.40,35873,-0.10018003981954221,-3593.758568446438,0.3964340656675367
Majority Rule,i036,ETHUSDT,False,fee0.02,37518,-0.04010474550833667,-1504.6498419817751,0.67480952280878
Majority Rule,i036,ETHUSDT,False,fee0.07,37518,-0.14010339028698704,-5256.398996787179,0.2773015781794737
Majority Rule,i036,ETHUSDT,False,slip3,37518,-0.10151497717521775,-3808.638913659819,0.3865519640545314
Majority Rule,i036,ETHUSDT,True,baseline,17401,-0.09552368420886381,-1662.2076289184392,0.4501038139054993
Majority Rule,i036,ETHUSDT,True,delay+1,17470,-0.09663241026312491,-1688.1682072967924,0.4443878339581151
Majority Rule,i036,ETHUSDT,True,tp0.30,17959,-0.09841551752837305,-1767.4442792920515,0.4008830675050562
Majority Rule,i036,ETHUSDT,True,tp0.60,17174,-0.09385940649585944,-1611.9414471598902,0.46989314372463403
Majority Rule,i036,ETHUSDT,True,sl0.20,18482,-0.09507519324429252,-1757.1797215410143,0.426393980848979
Majority Rule,i036,ETHUSDT,True,sl0.40,16897,-0.09568070759378833,-1616.7169162122414,0.45836531957878685
Majority Rule,i036,ETHUSDT,True,fee0.02,17401,-0.035524838977283986,-618.1677230437186,0.7392833161134903
Majority Rule,i036,ETHUSDT,True,fee0.07,17401,-0.13552291436325037,-2358.2342328349196,0.32531165238229737
Majority Rule,i036,ETHUSDT,True,slip3,17401,-0.09692965040002555,-1686.6728466108445,0.44497134015256984
MACD,i038,ETHUSDT,False,baseline,34773,-0.09704976986769569,-3374.7116476093825,0.404546699017495
MACD,i038,ETHUSDT,False,delay+1,45408,-0.09922752732053389,-4505.723560570803,0.37900175164063976
MACD,i038,ETHUSDT,False,tp0.30,35632,-0.09887078831079471,-3522.963929090237,0.36341916587766154
MACD,i038,ETHUSDT,False,tp0.60,34354,-0.09616249144155256,-3303.566230983097,0.41833683096859925
MACD,i038,ETHUSDT,False,sl0.20,37051,-0.09683059834292422,-3587.670499203685,0.3871085001629849
MACD,i038,ETHUSDT,False,sl0.40,33826,-0.09877922700750853,-3341.306132755983,0.40274127561186207
MACD,i038,ETHUSDT,False,fee0.02,34773,-0.03705004733818711,-1288.3412960907804,0.6963804613172533
MACD,i038,ETHUSDT,False,fee0.07,34773,-0.13704958488736804,-4765.625215288449,0.2867085527644975
MACD,i038,ETHUSDT,False,slip3,34773,-0.09845569525026845,-3423.5998909375853,0.39960013134063055
MACD,i038,ETHUSDT,True,baseline,16601,-0.0946444848471514,-1571.1930929475604,0.44662536797387015
MACD,i038,ETHUSDT,True,delay+1,16503,-0.09516284719345504,-1570.4724672335885,0.44309074513176633
MACD,i038,ETHUSDT,True,tp0.30,16712,-0.0982096677412691,-1641.2799672920894,0.39305371531286765
MACD,i038,ETHUSDT,True,tp0.60,16553,-0.093299785940925,-1544.3913566801316,0.4650039493597428
MACD,i038,ETHUSDT,True,sl0.20,17584,-0.0940710285913335,-1654.1449667500083,0.42356964368560035
MACD,i038,ETHUSDT,True,sl0.40,16143,-0.09637186169110756,-1555.7309632795495,0.45071605100640405
MACD,i038,ETHUSDT,True,fee0.02,16601,-0.03464533739077767,-575.1472460243002,0.7407393446780152
MACD,i038,ETHUSDT,True,fee0.07,16601,-0.1346439164847339,-2235.2236575630673,0.3211429703879755
MACD,i038,ETHUSDT,True,slip3,16601,-0.09604422905470851,-1594.4302465372161,0.44146569147117054
RSI,i039,ETHUSDT,False,baseline,43503,-0.10075415545419128,-4383.108024723683,0.29505984277191444
RSI,i039,ETHUSDT,False,delay+1,50929,-0.10004421096405859,-5095.151620188541,0.3219336014860442
RSI,i039,ETHUSDT,False,tp0.30,44237,-0.10174544075428862,-4500.913062647466,0.2649946011682998
RSI,i039,ETHUSDT,False,tp0.60,43238,-0.10042199454281449,-4342.046200042213,0.3037881443407581
RSI,i039,ETHUSDT,False,sl0.20,45174,-0.09973915595613805,-4505.61663116258,0.3008077489899574
RSI,i039,ETHUSDT,False,sl0.40,43034,-0.10105839555891365,-4348.94699448229,0.29157057358741345
RSI,i039,ETHUSDT,False,fee0.02,43503,-0.040753844321957826,-1772.9144895381314,0.5671174447650994
RSI,i039,ETHUSDT,False,fee0.07,43503,-0.14075436287568024,-6123.237048180718,0.2015058534328092
RSI,i039,ETHUSDT,False,slip3,43503,-0.10215850503752935,-4444.20144464764,0.2909817659717683
RSI,i039,ETHUSDT,True,baseline,17219,-0.09787276118816053,-1685.271074898936,0.430992158747175
RSI,i039,ETHUSDT,True,delay+1,17202,-0.0984461086039878,-1693.4699602057983,0.4266661423072128
RSI,i039,ETHUSDT,True,tp0.30,17524,-0.10119905870884568,-1773.4123048138117,0.3814675962146772
RSI,i039,ETHUSDT,True,tp0.60,17120,-0.09591504427019226,-1642.0655579056915,0.4503148765287849
RSI,i039,ETHUSDT,True,sl0.20,18808,-0.09574661740859722,-1800.8023802208963,0.4176811282531393
RSI,i039,ETHUSDT,True,sl0.40,16637,-0.09835298632750131,-1636.298633530639,0.4349985908937092
RSI,i039,ETHUSDT,True,fee0.02,17219,-0.03787323960340568,-652.1393127310425,0.7181388946359494
RSI,i039,ETHUSDT,True,fee0.07,17219,-0.13787244224466377,-2374.0255830108654,0.30859783148991066
RSI,i039,ETHUSDT,True,slip3,17219,-0.09927169835145677,-1709.3593739137343,0.4259588401516748
Stochastic,i040,ETHUSDT,False,baseline,132666,-0.10034253930573513,-13312.043319534656,0.19632798257765233
Stochastic,i040,ETHUSDT,False,delay+1,157872,-0.10188206337779719,-16084.325109579599,0.1978985197113271
Stochastic,i040,ETHUSDT,False,tp0.30,136910,-0.10043871271668944,-13751.064158041952,0.19165097336497777
Stochastic,i040,ETHUSDT,False,tp0.60,131094,-0.10004952534898373,-13115.892476099674,0.19716222324136853
Stochastic,i040,ETHUSDT,False,sl0.20,136225,-0.09949916831109631,-13554.274203179097,0.1972195830222242
Stochastic,i040,ETHUSDT,False,sl0.40,131497,-0.10057894369428205,-13225.829358967007,0.1952067522770113
Stochastic,i040,ETHUSDT,False,fee0.02,132666,-0.04034270870974105,-5352.105793686506,0.4779308256919502
Stochastic,i040,ETHUSDT,False,fee0.07,132666,-0.14034242636973113,-18618.66833676675,0.11882125300145922
Stochastic,i040,ETHUSDT,False,slip3,132666,-0.10174776372064787,-13498.46882176347,0.19268788547682777
Stochastic,i040,ETHUSDT,True,baseline,39058,-0.0986625476313765,-3853.561785386303,0.45287137222387613
Stochastic,i040,ETHUSDT,True,delay+1,38605,-0.0985938054459872,-3806.2138592423357,0.4503868078384589
Stochastic,i040,ETHUSDT,True,tp0.30,42407,-0.09991436532953536,-4237.068490529606,0.4075989953533494
Stochastic,i040,ETHUSDT,True,tp0.60,37436,-0.09677794628841692,-3622.9791972531757,0.47043740119216904
Stochastic,i040,ETHUSDT,True,sl0.20,45050,-0.09725721138651518,-4381.437372962509,0.4283827668408171
Stochastic,i040,ETHUSDT,True,sl0.40,36092,-0.09917042108132429,-3579.258837667156,0.46177485832777787
Stochastic,i040,ETHUSDT,True,fee0.02,39058,-0.03866319085041328,-1510.106908235442,0.729227579497219
Stochastic,i040,ETHUSDT,True,fee0.07,39058,-0.1386621188186853,-5415.86503682021,0.33162459396853006
Stochastic,i040,ETHUSDT,True,slip3,39058,-0.10007122611017799,-3908.5819494113316,0.4479009785740203
Stochastic RSI,i041,ETHUSDT,False,baseline,82869,-0.10121493041596558,-8387.580068640651,0.2599242790355206
Stochastic RSI,i041,ETHUSDT,False,delay+1,126217,-0.10111763684565944,-12762.764769748597,0.2368716093586718
Stochastic RSI,i041,ETHUSDT,False,tp0.30,86517,-0.10184854312408598,-8811.630405466547,0.2463140853785431
Stochastic RSI,i041,ETHUSDT,False,tp0.60,81323,-0.10044031439272041,-8168.107687359202,0.26425306632678486
Stochastic RSI,i041,ETHUSDT,False,sl0.20,86694,-0.10077731188334274,-8736.788276414516,0.2537588643103353
Stochastic RSI,i041,ETHUSDT,False,sl0.40,81432,-0.10134889377691357,-8253.043118041625,0.26045054889072156
Stochastic RSI,i041,ETHUSDT,False,fee0.02,82869,-0.04121494449350385,-3415.4412352321706,0.5490780947770526
Stochastic RSI,i041,ETHUSDT,False,fee0.07,82869,-0.14121492103094005,-11702.33929091297,0.16730601653328986
Stochastic RSI,i041,ETHUSDT,False,slip3,82869,-0.10262287049180856,-8504.254654785684,0.2557491162642383
Stochastic RSI,i041,ETHUSDT,True,baseline,33052,-0.09967698971837483,-3294.5238641717247,0.44110842628997005
Stochastic RSI,i041,ETHUSDT,True,delay+1,32988,-0.09840138014532934,-3246.0647282341242,0.443960283531191
Stochastic RSI,i041,ETHUSDT,True,tp0.30,34939,-0.10055993571982845,-3513.4635941150864,0.3989207835838643
Stochastic RSI,i041,ETHUSDT,True,tp0.60,32240,-0.09888742273450549,-3188.1305089604575,0.4560884889498707
Stochastic RSI,i041,ETHUSDT,True,sl0.20,37158,-0.09804362908798206,-3643.105169651237,0.4179878564401324
Stochastic RSI,i041,ETHUSDT,True,sl0.40,30964,-0.1007014174415641,-3118.1186896605914,0.4487939007737793
Stochastic RSI,i041,ETHUSDT,True,fee0.02,33052,-0.039677757571928415,-1311.429243267378,0.7180269339034157
Stochastic RSI,i041,ETHUSDT,True,fee0.07,33052,-0.13967647781600576,-4616.586944774623,0.32053601785534763
Stochastic RSI,i041,ETHUSDT,True,slip3,33052,-0.1010833603280274,-3341.007225561961,0.43615763879429675
Connors RSI,i042,ETHUSDT,False,baseline,158650,-0.10049131351366446,-15942.946888942864,0.16185473186150579
Connors RSI,i042,ETHUSDT,False,delay+1,163441,-0.1017798531011466,-16635.000970704503,0.18285474477317207
Connors RSI,i042,ETHUSDT,False,tp0.30,162351,-0.10091520335010264,-16383.684179092512,0.15523396701840203
Connors RSI,i042,ETHUSDT,False,tp0.60,157248,-0.10024073610504212,-15762.655271045662,0.16436867075059175
Connors RSI,i042,ETHUSDT,False,sl0.20,162149,-0.10008316987605755,-16228.385912232856,0.1662049697225648
Connors RSI,i042,ETHUSDT,False,sl0.40,157592,-0.10088382570431656,-15898.483860394654,0.15847349316150094
Connors RSI,i042,ETHUSDT,False,fee0.02,158650,-0.04049146732785311,-6423.971291563896,0.42799507132884
Connors RSI,i042,ETHUSDT,False,fee0.07,158650,-0.140491210970872,-22288.93062052884,0.09528394938304875
Connors RSI,i042,ETHUSDT,False,slip3,158650,-0.10189734896133493,-16166.014412715786,0.15865109173665776
Connors RSI,i042,ETHUSDT,True,baseline,39749,-0.09862515087298174,-3920.2511220501515,0.4517713074044434
Connors RSI,i042,ETHUSDT,True,delay+1,39280,-0.09916123305120214,-3895.0532342512206,0.4490476406732777
Connors RSI,i042,ETHUSDT,True,tp0.30,43632,-0.10029207271128632,-4375.9437165388445,0.40664032073537687
Connors RSI,i042,ETHUSDT,True,tp0.60,37957,-0.09713879707032494,-3687.097320398324,0.4672212076249505
Connors RSI,i042,ETHUSDT,True,sl0.20,45862,-0.09717982609006544,-4456.861184142581,0.4284136052508071
Connors RSI,i042,ETHUSDT,True,sl0.40,36795,-0.09941487461886026,-3657.9703116009623,0.45914999279577234
Connors RSI,i042,ETHUSDT,True,fee0.02,39749,-0.03862578775542969,-1535.3364374905748,0.7286617582227333
Connors RSI,i042,ETHUSDT,True,fee0.07,39749,-0.13862472628468311,-5510.194245089869,0.3305228291110819
Connors RSI,i042,ETHUSDT,True,slip3,39749,-0.1000361709652723,-3976.337759698609,0.44679187891646277
Awesome Oscillator,i043,ETHUSDT,False,baseline,22105,-0.09771977723011752,-2160.095675671748,0.4024850931770127
Awesome Oscillator,i043,ETHUSDT,False,delay+1,27102,-0.09846028017607901,-2668.470513332093,0.38355360509712266
Awesome Oscillator,i043,ETHUSDT,False,tp0.30,22166,-0.09916494515607278,-2198.0901743295094,0.3615312395590396
Awesome Oscillator,i043,ETHUSDT,False,tp0.60,22095,-0.09764857211244994,-2157.5452008245816,0.4134946465911191
Awesome Oscillator,i043,ETHUSDT,False,sl0.20,23868,-0.0966918868397434,-2307.8419550909957,0.3855938406692614
Awesome Oscillator,i043,ETHUSDT,False,sl0.40,21091,-0.09802793078333655,-2067.507088151351,0.4054412283420158
Awesome Oscillator,i043,ETHUSDT,False,fee0.02,22105,-0.037719814730442766,-833.7965046164375,0.6951637940515415
Awesome Oscillator,i043,ETHUSDT,False,fee0.07,22105,-0.13771975222990068,-3044.2951230419544,0.2838728767874251
Awesome Oscillator,i043,ETHUSDT,False,slip3,22105,-0.09912490076896266,-2191.1559314979195,0.39751275326391045
Awesome Oscillator,i043,ETHUSDT,True,baseline,9487,-0.09294418368313843,-881.7614706019343,0.4434090145879942
Awesome Oscillator,i043,ETHUSDT,True,delay+1,9486,-0.09409311297896959,-892.5672697185055,0.4391896368903185
Awesome Oscillator,i043,ETHUSDT,True,tp0.30,9529,-0.09470797412643732,-902.4722854508212,0.39970514969262544
Awesome Oscillator,i043,ETHUSDT,True,tp0.60,9480,-0.09270178691291912,-878.8129399344733,0.4553466657130405
Awesome Oscillator,i043,ETHUSDT,True,sl0.20,9755,-0.09235499491308877,-900.9229753771809,0.42217914201975043
Awesome Oscillator,i043,ETHUSDT,True,sl0.40,9360,-0.09251153855261582,-865.9080008524841,0.4531124675248469
Awesome Oscillator,i043,ETHUSDT,True,fee0.02,9487,-0.032944920481752335,-312.5484606103844,0.7459324351607165
Awesome Oscillator,i043,ETHUSDT,True,fee0.07,9487,-0.13294369248406251,-1261.236810596301,0.3161605735321687
Awesome Oscillator,i043,ETHUSDT,True,slip3,9487,-0.09434169577674584,-895.0196678339877,0.438156330208584
Accelerator Oscillator,i044,ETHUSDT,False,baseline,46145,-0.09919027673162088,-4577.135319780647,0.3568510867321908
Accelerator Oscillator,i044,ETHUSDT,False,delay+1,70889,-0.10022597929693976,-7104.919446380763,0.31877711668482706
Accelerator Oscillator,i044,ETHUSDT,False,tp0.30,48103,-0.09999755600372232,-4810.182436447055,0.3268697132081252
Accelerator Oscillator,i044,ETHUSDT,False,tp0.60,45133,-0.099281209714691,-4480.858838053149,0.3618542935193477
Accelerator Oscillator,i044,ETHUSDT,False,sl0.20,49338,-0.09936343257787987,-4902.393036527436,0.33841484418008644
Accelerator Oscillator,i044,ETHUSDT,False,sl0.40,44814,-0.10051699289127425,-4504.568519429565,0.35715171861469525
Accelerator Oscillator,i044,ETHUSDT,False,fee0.02,46145,-0.03919060457194635,-1808.4504479724642,0.6481553393661155
Accelerator Oscillator,i044,ETHUSDT,False,fee0.07,46145,-0.1391900581714039,-6422.925234319433,0.24767701623366212
Accelerator Oscillator,i044,ETHUSDT,False,slip3,46145,-0.10059734399371324,-4642.064438589898,0.3521519779243663
Accelerator Oscillator,i044,ETHUSDT,True,baseline,22715,-0.0967836205338972,-2198.439940427475,0.4450921417466513
Accelerator Oscillator,i044,ETHUSDT,True,delay+1,22690,-0.0987633739564529,-2240.9409550719165,0.43474850116357755
Accelerator Oscillator,i044,ETHUSDT,True,tp0.30,23298,-0.10002258441059596,-2330.326171598065,0.3935124969918053
Accelerator Oscillator,i044,ETHUSDT,True,tp0.60,22459,-0.09723864555964777,-2183.8827406241294,0.4543007785672974
Accelerator Oscillator,i044,ETHUSDT,True,sl0.20,24324,-0.09576098807176715,-2329.2902738576645,0.4205369533209851
Accelerator Oscillator,i044,ETHUSDT,True,sl0.40,21866,-0.09767151247493547,-2135.685291776939,0.45257807359802826
Accelerator Oscillator,i044,ETHUSDT,True,fee0.02,22715,-0.036783883151876945,-835.5459057948847,0.7312880065991788
Accelerator Oscillator,i044,ETHUSDT,True,fee0.07,22715,-0.136783445455244,-3107.035963515868,0.32167955833485257
Accelerator Oscillator,i044,ETHUSDT,True,slip3,22715,-0.09818507094391934,-2230.273886491128,0.4400349184589078
Momentum,i045,ETHUSDT,False,baseline,52525,-0.10007700006879254,-5256.544428613328,0.3020306120872559
Momentum,i045,ETHUSDT,False,delay+1,62047,-0.10153610524546827,-6300.01072216557,0.32017892753641347
Momentum,i045,ETHUSDT,False,tp0.30,53692,-0.10159378590875819,-5454.773553013045,0.2696030503363924
Momentum,i045,ETHUSDT,False,tp0.60,52025,-0.09993064424445736,-5198.891766817895,0.3091247411480403
Momentum,i045,ETHUSDT,False,sl0.20,55340,-0.09875529103024296,-5465.117805613645,0.30460543954075603
Momentum,i045,ETHUSDT,False,sl0.40,51517,-0.1004100874426275,-5172.826474781841,0.29861354866555906
Momentum,i045,ETHUSDT,False,fee0.02,52525,-0.040077028705460545,-2105.0459327543153,0.5842197510079924
Momentum,i045,ETHUSDT,False,fee0.07,52525,-0.1400769809776805,-7357.543425852668,0.20573618443014302
Momentum,i045,ETHUSDT,False,slip3,52525,-0.10148144413966459,-5330.312853435883,0.29781135353078325
Momentum,i045,ETHUSDT,True,baseline,21354,-0.09557655001886703,-2040.9416491028865,0.4455147965951268
Momentum,i045,ETHUSDT,True,delay+1,21350,-0.09788552468249158,-2089.8559519711953,0.4378485022075763
Momentum,i045,ETHUSDT,True,tp0.30,21883,-0.0991511991514239,-2169.7256910306096,0.39355523671354636
Momentum,i045,ETHUSDT,True,tp0.60,21177,-0.0938758033504208,-1988.0078875518614,0.46466823557858217
Momentum,i045,ETHUSDT,True,sl0.20,23187,-0.094123762038559,-2182.4476703880678,0.42671323470109357
Momentum,i045,ETHUSDT,True,sl0.40,20580,-0.09502663644700667,-1955.648178079397,0.4552471868461512
Momentum,i045,ETHUSDT,True,fee0.02,21354,-0.03557744018379201,-759.7206576846946,0.7360738571874879
Momentum,i045,ETHUSDT,True,fee0.07,21354,-0.13557595657558372,-2895.0889767150143,0.321075620593193
Momentum,i045,ETHUSDT,True,slip3,21354,-0.09697731581707582,-2070.853601957837,0.4403967972033575
Chande Momentum Oscillator,i046,ETHUSDT,False,baseline,54902,-0.09992552956273099,-5486.111424053057,0.2980013728654875
Chande Momentum Oscillator,i046,ETHUSDT,False,delay+1,65334,-0.10074809761566436,-6582.276209621816,0.31990411715334166
Chande Momentum Oscillator,i046,ETHUSDT,False,tp0.30,56270,-0.1014330067652593,-5707.635290681141,0.267531940915404
Chande Momentum Oscillator,i046,ETHUSDT,False,tp0.60,54325,-0.09959604980740316,-5410.555405787177,0.30515586005597817
Chande Momentum Oscillator,i046,ETHUSDT,False,sl0.20,57777,-0.09871348323722455,-5703.368920997123,0.3005626383959036
Chande Momentum Oscillator,i046,ETHUSDT,False,sl0.40,53860,-0.1007904164821946,-5428.571831731001,0.2923861167818918
Chande Momentum Oscillator,i046,ETHUSDT,False,fee0.02,54902,-0.039925674554493355,-2191.999384390794,0.5808372608598051
Chande Momentum Oscillator,i046,ETHUSDT,False,fee0.07,54902,-0.13992543290155607,-7682.186117161231,0.20238688095336155
Chande Momentum Oscillator,i046,ETHUSDT,False,slip3,54902,-0.101330031266353,-5563.221376585312,0.29380241922762595
Chande Momentum Oscillator,i046,ETHUSDT,True,baseline,22297,-0.09786580158279638,-2182.113777891611,0.4383672991155409
Chande Momentum Oscillator,i046,ETHUSDT,True,delay+1,22260,-0.09905409438769883,-2204.944141070176,0.43266306126454585
Chande Momentum Oscillator,i046,ETHUSDT,True,tp0.30,22883,-0.10077906455205801,-2306.127334144743,0.389534995001022
Chande Momentum Oscillator,i046,ETHUSDT,True,tp0.60,22103,-0.09734092850600602,-2151.526542768251,0.4513593469759401
Chande Momentum Oscillator,i046,ETHUSDT,True,sl0.20,24305,-0.09537056876560401,-2317.9816738480054,0.4230425209670474
Chande Momentum Oscillator,i046,ETHUSDT,True,sl0.40,21459,-0.09877871060706757,-2119.692350917063,0.4429760461146874
Chande Momentum Oscillator,i046,ETHUSDT,True,fee0.02,22297,-0.037866501473639264,-844.3093833577346,0.7228066096658409
Chande Momentum Oscillator,i046,ETHUSDT,True,fee0.07,22297,-0.13786533498890113,-3073.9833742475284,0.3161141906412814
Chande Momentum Oscillator,i046,ETHUSDT,True,slip3,22297,-0.099268132633427,-2213.381553327522,0.4333389161787633
Price Oscillator,i047,ETHUSDT,False,baseline,21210,-0.0975047842690387,-2068.076474346311,0.40482712566944057
Price Oscillator,i047,ETHUSDT,False,delay+1,26033,-0.09723692211257459,-2531.3687933566544,0.39453929130197807
Price Oscillator,i047,ETHUSDT,False,tp0.30,21293,-0.09858638935393614,-2099.1999885133623,0.36595131283519255
Price Oscillator,i047,ETHUSDT,False,tp0.60,21191,-0.0971532251746865,-2058.7739946767815,0.4164484617012527
Price Oscillator,i047,ETHUSDT,False,sl0.20,23216,-0.09676454087594638,-2246.485580975971,0.39018302417048545
Price Oscillator,i047,ETHUSDT,False,sl0.40,20272,-0.09802353583518435,-1987.133118450857,0.40492801357300867
Price Oscillator,i047,ETHUSDT,False,fee0.02,21210,-0.037504748764805515,-795.475721301525,0.6980915856734136
Price Oscillator,i047,ETHUSDT,False,fee0.07,21210,-0.1375048079385275,-2916.4769763761683,0.28549998448675423
Price Oscillator,i047,ETHUSDT,False,slip3,21210,-0.09891215879888171,-2097.926888124281,0.39981723042583855
Price Oscillator,i047,ETHUSDT,True,baseline,9257,-0.09197688008345695,-851.4299789325609,0.4445333295210584
Price Oscillator,i047,ETHUSDT,True,delay+1,9221,-0.09070933969821565,-836.4308213572466,0.4499260940519562
Price Oscillator,i047,ETHUSDT,True,tp0.30,9265,-0.09352178237943765,-866.4793137454899,0.402554842269593
Price Oscillator,i047,ETHUSDT,True,tp0.60,9256,-0.09194106141809717,-851.0064644859075,0.45488979039535093
Price Oscillator,i047,ETHUSDT,True,sl0.20,9602,-0.0916282834953858,-879.8147781226944,0.4240312086459579
Price Oscillator,i047,ETHUSDT,True,sl0.40,9111,-0.0920119477058453,-838.3208555479564,0.45183015966102663
Price Oscillator,i047,ETHUSDT,True,fee0.02,9257,-0.03197687860182825,-296.0099652171241,0.7507595906745554
Price Oscillator,i047,ETHUSDT,True,fee0.07,9257,-0.13197688107120942,-1221.7099880761855,0.3161440002335809
Price Oscillator,i047,ETHUSDT,True,slip3,9257,-0.0933774450333979,-864.3950086741644,0.43921731296438865
Detrended Price Oscillator,i048,ETHUSDT,False,baseline,30854,-0.0980238046194824,-3024.42646772951,0.3519046047315478
Detrended Price Oscillator,i048,ETHUSDT,False,delay+1,33945,-0.09795626795188056,-3325.1255156265856,0.36264636714659
Detrended Price Oscillator,i048,ETHUSDT,False,tp0.30,31056,-0.10001339192354396,-3106.015899577581,0.3102097480441474
Detrended Price Oscillator,i048,ETHUSDT,False,tp0.60,30803,-0.09749443212932955,-3003.120992879738,0.36459297901256377
Detrended Price Oscillator,i048,ETHUSDT,False,sl0.20,32479,-0.09774868855379451,-3174.779655538692,0.34607530885632026
Detrended Price Oscillator,i048,ETHUSDT,False,sl0.40,30325,-0.09744192011589778,-2954.9262275145998,0.3543540943458334
Detrended Price Oscillator,i048,ETHUSDT,False,fee0.02,30854,-0.03802383627504615,-1173.187444430274,0.6438590073411298
Detrended Price Oscillator,i048,ETHUSDT,False,fee0.07,30854,-0.1380237835157732,-4258.585816595667,0.24295310037268875
Detrended Price Oscillator,i048,ETHUSDT,False,slip3,30854,-0.09942820909388851,-3067.757963382836,0.34723504372490993
Detrended Price Oscillator,i048,ETHUSDT,True,baseline,12158,-0.09311129776253138,-1132.0471581968566,0.44741028647294523
Detrended Price Oscillator,i048,ETHUSDT,True,delay+1,12153,-0.09541327227027267,-1159.557497900624,0.4354192273525062
Detrended Price Oscillator,i048,ETHUSDT,True,tp0.30,12294,-0.09627610537994928,-1183.6184395410964,0.39705983347420687
Detrended Price Oscillator,i048,ETHUSDT,True,tp0.60,12125,-0.09193677733146673,-1114.7334251440338,0.4641358985751501
Detrended Price Oscillator,i048,ETHUSDT,True,sl0.20,13131,-0.09173725499642918,-1204.6018953581115,0.4315733280834187
Detrended Price Oscillator,i048,ETHUSDT,True,sl0.40,11783,-0.09297844649209466,-1095.5650350163514,0.45390379992201213
Detrended Price Oscillator,i048,ETHUSDT,True,fee0.02,12158,-0.033112162745247205,-402.57767465671554,0.7476923765223032
Detrended Price Oscillator,i048,ETHUSDT,True,fee0.07,12158,-0.13311072110738753,-1618.3601472236173,0.32003328755942745
Detrended Price Oscillator,i048,ETHUSDT,True,slip3,12158,-0.09451263789571938,-1149.0846515361563,0.44214885586636377
TRIX,i049,ETHUSDT,False,baseline,12393,-0.09595207087700817,-1189.1340143787622,0.41857960473702344
TRIX,i049,ETHUSDT,False,delay+1,13367,-0.09509024621078915,-1271.0713210996187,0.416225640341013
TRIX,i049,ETHUSDT,False,tp0.30,12398,-0.09782686657446124,-1212.8574917901706,0.37832806292581483
TRIX,i049,ETHUSDT,False,tp0.60,12393,-0.09492618624812268,-1176.4202261729845,0.43392515197353876
TRIX,i049,ETHUSDT,False,sl0.20,12810,-0.0970160954795516,-1242.776183093056,0.3915666261652931
TRIX,i049,ETHUSDT,False,sl0.40,12094,-0.0976976978456399,-1181.555957745169,0.4215766804186705
TRIX,i049,ETHUSDT,False,fee0.02,12393,-0.0359522556583289,-445.5563043736701,0.7162436443985392
TRIX,i049,ETHUSDT,False,fee0.07,12393,-0.135951947689461,-1684.85248771549,0.2960314336594814
TRIX,i049,ETHUSDT,False,slip3,12393,-0.09735206606165248,-1206.4841547020592,0.4134682879992573
TRIX,i049,ETHUSDT,True,baseline,4707,-0.0914165423524878,-430.2976648531601,0.44548250294735453
TRIX,i049,ETHUSDT,True,delay+1,4712,-0.09321424077910594,-439.22550255114714,0.4398615433008854
TRIX,i049,ETHUSDT,True,tp0.30,4713,-0.09440574900304612,-444.93429505135634,0.39717036528173366
TRIX,i049,ETHUSDT,True,tp0.60,4707,-0.08903558488646345,-419.09049806058346,0.47029968473529427
TRIX,i049,ETHUSDT,True,sl0.20,4716,-0.09555323537087644,-450.62905800905327,0.40770646591777726
TRIX,i049,ETHUSDT,True,sl0.40,4701,-0.09304823087640259,-437.4197333499685,0.44758792293190014
TRIX,i049,ETHUSDT,True,fee0.02,4707,-0.03141651608215419,-147.87754119869982,0.7528532994031465
TRIX,i049,ETHUSDT,True,fee0.07,4707,-0.13141655986604353,-618.5777472894669,0.31739164814254756
TRIX,i049,ETHUSDT,True,slip3,4707,-0.09281242095476498,-436.8680654340788,0.4401919225770927
Fisher Transform,i050,ETHUSDT,False,baseline,66672,-0.10078620082626308,-6719.617581488612,0.30040679881735977
Fisher Transform,i050,ETHUSDT,False,delay+1,96324,-0.10043304793820543,-9674.1129095997,0.28499656456238687
Fisher Transform,i050,ETHUSDT,False,tp0.30,69934,-0.10183374434171699,-7121.641076793637,0.2791824046022079
Fisher Transform,i050,ETHUSDT,False,tp0.60,65137,-0.10049274143083245,-6545.795698580133,0.3023964150231146
Fisher Transform,i050,ETHUSDT,False,sl0.20,70509,-0.09910749624909479,-6987.970453027424,0.29890292131035723
Fisher Transform,i050,ETHUSDT,False,sl0.40,65202,-0.10156281468043665,-6622.0986427938315,0.29799526253068415
Fisher Transform,i050,ETHUSDT,False,fee0.02,66672,-0.04078660822046198,-2719.324743274641,0.5879756046862599
Fisher Transform,i050,ETHUSDT,False,fee0.07,66672,-0.14078592923013045,-9386.479473631258,0.20178217512174523
Fisher Transform,i050,ETHUSDT,False,slip3,66672,-0.10219426917643774,-6813.496314531457,0.29604981306998707
Fisher Transform,i050,ETHUSDT,True,baseline,29191,-0.09790663976488594,-2857.992721376785,0.44540991342664904
Fisher Transform,i050,ETHUSDT,True,delay+1,29002,-0.09871707795061913,-2862.992694723856,0.4400069542580454
Fisher Transform,i050,ETHUSDT,True,tp0.30,30354,-0.09937384303814131,-3016.3936315797414,0.40039297360215104
Fisher Transform,i050,ETHUSDT,True,tp0.60,28635,-0.09712959713721038,-2781.306014024019,0.4593714376496773
Fisher Transform,i050,ETHUSDT,True,sl0.20,32345,-0.09590230740569014,-3101.9601330370474,0.4254310720051512
Fisher Transform,i050,ETHUSDT,True,sl0.40,27542,-0.09789912031429134,-2696.337571696212,0.4554111223099652
Fisher Transform,i050,ETHUSDT,True,fee0.02,29191,-0.03790787065575094,-1106.5686523120257,0.7271504683127806
Fisher Transform,i050,ETHUSDT,True,fee0.07,29191,-0.13790581917097594,-4025.608767419959,0.3231791749955524
Fisher Transform,i050,ETHUSDT,True,slip3,29191,-0.09931132509729919,-2898.9968909152603,0.4403985727311238
Ultimate Oscillator,i051,ETHUSDT,False,baseline,57821,-0.10021401123876383,-5794.474343836563,0.28658764638365064
Ultimate Oscillator,i051,ETHUSDT,False,delay+1,68097,-0.10007205108992781,-6814.606463070814,0.31412770031607967
Ultimate Oscillator,i051,ETHUSDT,False,tp0.30,59508,-0.1012721600074375,-6026.50369772259,0.2614119497488805
Ultimate Oscillator,i051,ETHUSDT,False,tp0.60,57104,-0.09945141114353444,-5679.073381940391,0.29526597498200124
Ultimate Oscillator,i051,ETHUSDT,False,sl0.20,60347,-0.09945521402472146,-6001.823800749865,0.28334809223682883
Ultimate Oscillator,i051,ETHUSDT,False,sl0.40,56896,-0.10062409787893113,-5725.108672919666,0.28483725774587
Ultimate Oscillator,i051,ETHUSDT,False,fee0.02,57821,-0.04021421242765353,-2325.225976779355,0.5698002836353178
Ultimate Oscillator,i051,ETHUSDT,False,fee0.07,57821,-0.14021387711283737,-8107.30658854137,0.19281084763083567
Ultimate Oscillator,i051,ETHUSDT,False,slip3,57821,-0.10162567470363518,-5876.098137038889,0.28241027943689734
Ultimate Oscillator,i051,ETHUSDT,True,baseline,23325,-0.09577419443418982,-2233.9330851774776,0.44885067294066006
Ultimate Oscillator,i051,ETHUSDT,True,delay+1,23254,-0.09661776840215888,-2246.7495864238026,0.4456355400261308
Ultimate Oscillator,i051,ETHUSDT,True,tp0.30,24148,-0.09844177521080738,-2377.1719877905766,0.39993171942120215
Ultimate Oscillator,i051,ETHUSDT,True,tp0.60,22957,-0.0949976999573469,-2180.862197920813,0.46377590537056057
Ultimate Oscillator,i051,ETHUSDT,True,sl0.20,25481,-0.09406047069173108,-2396.7548536959994,0.4293028302761556
Ultimate Oscillator,i051,ETHUSDT,True,sl0.40,22314,-0.0961607662072056,-2145.7313371475857,0.4558867091844032
Ultimate Oscillator,i051,ETHUSDT,True,fee0.02,23325,-0.03577512481549386,-834.4547863213943,0.7377192607783873
Ultimate Oscillator,i051,ETHUSDT,True,fee0.07,23325,-0.13577357417998712,-3166.9186177481997,0.32432826611500226
Ultimate Oscillator,i051,ETHUSDT,True,slip3,23325,-0.09718218941604499,-2266.7745681292495,0.4437148938409349
Williams %R,i052,ETHUSDT,False,baseline,51264,-0.09987307164901259,-5119.893145014981,0.3214611396191129
Williams %R,i052,ETHUSDT,False,delay+1,61077,-0.09989251491701817,-6101.135133586719,0.3384690734681081
Williams %R,i052,ETHUSDT,False,tp0.30,52508,-0.10194197670750432,-5352.769312957637,0.28784123743240736
Williams %R,i052,ETHUSDT,False,tp0.60,50711,-0.09966320855363368,-5054.0209689633175,0.3286150372646647
Williams %R,i052,ETHUSDT,False,sl0.20,53673,-0.09928592964207662,-5328.973701679179,0.32142098045120804
Williams %R,i052,ETHUSDT,False,sl0.40,50504,-0.10033540592471221,-5067.339340821665,0.31843912258501217
Williams %R,i052,ETHUSDT,False,fee0.02,51264,-0.03987306651762894,-2044.05288195973,0.6015150326364745
Williams %R,i052,ETHUSDT,False,fee0.07,51264,-0.13987307506993502,-7170.45332038515,0.2220300031399847
Williams %R,i052,ETHUSDT,False,slip3,51264,-0.10127875724522804,-5191.95421141937,0.3171530670031886
Williams %R,i052,ETHUSDT,True,baseline,21304,-0.09508051006691529,-2025.5951864655633,0.44871409671024043
Williams %R,i052,ETHUSDT,True,delay+1,21221,-0.09702811274567008,-2059.033580575865,0.44055327873098615
Williams %R,i052,ETHUSDT,True,tp0.30,21753,-0.09901947106038542,-2153.970553976564,0.39439101796394066
Williams %R,i052,ETHUSDT,True,tp0.60,21132,-0.09443082364906506,-1995.512165352043,0.4634727848792363
Williams %R,i052,ETHUSDT,True,sl0.20,23358,-0.09412920827562479,-2198.6700469020443,0.4294388883369451
Williams %R,i052,ETHUSDT,True,sl0.40,20464,-0.09542506691815632,-1952.778569413151,0.45505245959241347
Williams %R,i052,ETHUSDT,True,fee0.02,21304,-0.03508147684507096,-747.3757827073917,0.740348493451399
Williams %R,i052,ETHUSDT,True,fee0.07,21304,-0.13507986554814483,-2877.741455637677,0.3235041992248804
Williams %R,i052,ETHUSDT,True,slip3,21304,-0.09648071620834783,-2055.4251781026423,0.4435765111920669
SMI Ergodic,i053,ETHUSDT,False,baseline,54681,-0.09916787741244615,-5422.598704789968,0.34204076545504825
SMI Ergodic,i053,ETHUSDT,False,delay+1,76580,-0.10045982093308135,-7693.213087055369,0.32064279594655076
SMI Ergodic,i053,ETHUSDT,False,tp0.30,57162,-0.10061549081690731,-5751.382686076056,0.3140057278053918
SMI Ergodic,i053,ETHUSDT,False,tp0.60,53443,-0.09903463697223001,-5292.708103706889,0.3454646577772065
SMI Ergodic,i053,ETHUSDT,False,sl0.20,57517,-0.09754237855413211,-5610.344987298016,0.3366617338143836
SMI Ergodic,i053,ETHUSDT,False,sl0.40,53642,-0.09965471304831201,-5345.678117337553,0.34380615271012077
SMI Ergodic,i053,ETHUSDT,False,fee0.02,54681,-0.03916810341052697,-2141.7510625910254,0.631230167930905
SMI Ergodic,i053,ETHUSDT,False,fee0.07,54681,-0.13916772674705896,-7609.83046625593,0.2365593531736566
SMI Ergodic,i053,ETHUSDT,False,slip3,54681,-0.10057516972945847,-5499.550855976519,0.3374677999206613
SMI Ergodic,i053,ETHUSDT,True,baseline,24967,-0.0977878516331023,-2441.469291723665,0.44161758085293545
SMI Ergodic,i053,ETHUSDT,True,delay+1,24864,-0.09777036431790617,-2430.962338400419,0.4416244493069671
SMI Ergodic,i053,ETHUSDT,True,tp0.30,25647,-0.10040638701242048,-2575.122607707548,0.39312257567434944
SMI Ergodic,i053,ETHUSDT,True,tp0.60,24696,-0.09691358445481273,-2393.3778816960553,0.45752547409778643
SMI Ergodic,i053,ETHUSDT,True,sl0.20,27379,-0.09567989344565891,-2619.6198026486954,0.42369125861530277
SMI Ergodic,i053,ETHUSDT,True,sl0.40,23789,-0.0989374203572475,-2353.6222928785605,0.44808115891563144
SMI Ergodic,i053,ETHUSDT,True,fee0.02,24967,-0.03778844480960732,-943.4641015614661,0.7252592738901736
SMI Ergodic,i053,ETHUSDT,True,fee0.07,24967,-0.13778745618209892,-3440.139418498464,0.31915337560555124
SMI Ergodic,i053,ETHUSDT,True,slip3,24967,-0.09919021226308501,-2476.4820295724435,0.4365952211169429
Relative Vigor Index,i054,ETHUSDT,False,baseline,62748,-0.10050410450062038,-6306.431549204927,0.29858655342793783
Relative Vigor Index,i054,ETHUSDT,False,delay+1,98987,-0.10075517954363021,-9973.452957485324,0.2658684445572746
Relative Vigor Index,i054,ETHUSDT,False,tp0.30,65820,-0.1009834725365744,-6646.732162357327,0.27967944414942825
Relative Vigor Index,i054,ETHUSDT,False,tp0.60,61382,-0.10005290517739705,-6141.447425598986,0.3030645062941494
Relative Vigor Index,i054,ETHUSDT,False,sl0.20,66527,-0.09921788603300269,-6600.668304117569,0.29197951299353
Relative Vigor Index,i054,ETHUSDT,False,sl0.40,61197,-0.10160354010428355,-6217.83184376184,0.29775791084050585
Relative Vigor Index,i054,ETHUSDT,False,fee0.02,62748,-0.04050410722566567,-2541.5517201960697,0.591834206973647
Relative Vigor Index,i054,ETHUSDT,False,fee0.07,62748,-0.14050410268392352,-8816.351435210832,0.19875314410551168
Relative Vigor Index,i054,ETHUSDT,False,slip3,62748,-0.10191044821866126,-6394.676804824556,0.29416129060340784
Relative Vigor Index,i054,ETHUSDT,True,baseline,28270,-0.09893145023565565,-2796.7920981619855,0.43883203912224245
Relative Vigor Index,i054,ETHUSDT,True,delay+1,28294,-0.09820067725620998,-2778.4899622872053,0.4423195032319946
Relative Vigor Index,i054,ETHUSDT,True,tp0.30,29349,-0.10003846141787899,-2936.0288041533304,0.3968245903905774
Relative Vigor Index,i054,ETHUSDT,True,tp0.60,27790,-0.09766355522335898,-2714.0701996571456,0.4555498562041875
Relative Vigor Index,i054,ETHUSDT,True,sl0.20,31062,-0.09793037234357777,-3041.913225736212,0.4139540448979715
Relative Vigor Index,i054,ETHUSDT,True,sl0.40,26804,-0.10027549393596633,-2687.784339459641,0.4452657455651008
Relative Vigor Index,i054,ETHUSDT,True,fee0.02,28270,-0.03893235571187667,-1100.6176959747536,0.7195401560494731
Relative Vigor Index,i054,ETHUSDT,True,fee0.07,28270,-0.13893084658484167,-3927.575032953474,0.3175299991901129
Relative Vigor Index,i054,ETHUSDT,True,slip3,28270,-0.10033500271722641,-2836.4705268159905,0.43384642324436185
True Strength Index,i055,ETHUSDT,False,baseline,31421,-0.09743081913791589,-3061.373768132455,0.41048309025317503
True Strength Index,i055,ETHUSDT,False,delay+1,40008,-0.09949704010050194,-3980.677580340881,0.38686145286005474
True Strength Index,i055,ETHUSDT,False,tp0.30,32071,-0.09865681495274797,-3164.02271234958,0.37127249382936806
True Strength Index,i055,ETHUSDT,False,tp0.60,31125,-0.09671272944499457,-3010.183703975456,0.4243503479065391
True Strength Index,i055,ETHUSDT,False,sl0.20,33660,-0.09639034897129153,-3244.499146373673,0.3960281829166975
True Strength Index,i055,ETHUSDT,False,sl0.40,30483,-0.09826507024398906,-2995.414136247519,0.4127969816566257
True Strength Index,i055,ETHUSDT,False,fee0.02,31421,-0.03743118663279583,-1176.1253151890778,0.7005644763690454
True Strength Index,i055,ETHUSDT,False,fee0.07,31421,-0.13743057414132925,-4318.206070094707,0.2917645479109703
True Strength Index,i055,ETHUSDT,False,slip3,31421,-0.09883733588748866,-3105.5679309207817,0.4055147918751168
True Strength Index,i055,ETHUSDT,True,baseline,14823,-0.09601768859719942,-1423.270198076287,0.44068210226557414
True Strength Index,i055,ETHUSDT,True,delay+1,14720,-0.09871415097392411,-1453.0723023361627,0.42928805156397937
True Strength Index,i055,ETHUSDT,True,tp0.30,14897,-0.09803821841955006,-1460.4753397960374,0.3950356331620824
True Strength Index,i055,ETHUSDT,True,tp0.60,14802,-0.09494975190677529,-1405.4462277240877,0.45891072907651687
True Strength Index,i055,ETHUSDT,True,sl0.20,15517,-0.09423664179750658,-1462.2699707719096,0.42095234767168926
True Strength Index,i055,ETHUSDT,True,sl0.40,14454,-0.09621612306555385,-1390.7078427895153,0.44982166560274683
True Strength Index,i055,ETHUSDT,True,fee0.02,14823,-0.03601876207995781,-533.9061103112145,0.7315476746771523
True Strength Index,i055,ETHUSDT,True,fee0.07,14823,-0.1360169729420272,-2016.179589919669,0.3166089146561838
True Strength Index,i055,ETHUSDT,True,slip3,14823,-0.09741700915875068,-1444.0123267601614,0.43557850774805607
Coppock Curve,i056,ETHUSDT,False,baseline,25357,-0.09734526509827361,-2468.383887096924,0.41480463396922385
Coppock Curve,i056,ETHUSDT,False,delay+1,31187,-0.09772725055121527,-3047.8197629407505,0.40034209916233326
Coppock Curve,i056,ETHUSDT,False,tp0.30,25448,-0.09837750864314827,-2503.510839950837,0.37584387380664736
Coppock Curve,i056,ETHUSDT,False,tp0.60,25345,-0.096836905782529,-2454.3313770581976,0.4278426523063769
Coppock Curve,i056,ETHUSDT,False,sl0.20,27667,-0.09715811139920888,-2688.073468081912,0.3920191580709339
Coppock Curve,i056,ETHUSDT,False,sl0.40,24044,-0.09736312221834703,-2340.998910617936,0.4204409374344076
Coppock Curve,i056,ETHUSDT,False,fee0.02,25357,-0.037345128660340995,-946.9604274402666,0.7070314104135723
Coppock Curve,i056,ETHUSDT,False,fee0.07,25357,-0.13734535605689535,-3482.6661935346956,0.29387538247749156
Coppock Curve,i056,ETHUSDT,False,slip3,25357,-0.09874901919573947,-2503.978879746366,0.4097613030393711
Coppock Curve,i056,ETHUSDT,True,baseline,11586,-0.0941557789499638,-1090.8888549142805,0.4391341693704956
Coppock Curve,i056,ETHUSDT,True,delay+1,11608,-0.09362335697509216,-1086.7799277668698,0.4398308334235547
Coppock Curve,i056,ETHUSDT,True,tp0.30,11619,-0.09686070254247883,-1125.4245028410614,0.39147881141765084
Coppock Curve,i056,ETHUSDT,True,tp0.60,11583,-0.093649424322236,-1084.7412819244596,0.45262241807471576
Coppock Curve,i056,ETHUSDT,True,sl0.20,11733,-0.09641666582650164,-1131.256740142344,0.4068474711677887
Coppock Curve,i056,ETHUSDT,True,sl0.40,11536,-0.09438389452908855,-1088.8126072875655,0.4472972177651994
Coppock Curve,i056,ETHUSDT,True,fee0.02,11586,-0.03415628638634722,-395.7347340722189,0.7378614405707226
Coppock Curve,i056,ETHUSDT,True,fee0.07,11586,-0.1341554406590415,-1554.324935475655,0.3133913192767229
Coppock Curve,i056,ETHUSDT,True,slip3,11586,-0.09555401225581314,-1107.0887859958511,0.4339371660209154
Rate of Change,i057,ETHUSDT,False,baseline,54902,-0.09992552956273099,-5486.111424053057,0.2980013728654875
Rate of Change,i057,ETHUSDT,False,delay+1,65334,-0.10074809761566436,-6582.276209621816,0.31990411715334166
Rate of Change,i057,ETHUSDT,False,tp0.30,56270,-0.1014330067652593,-5707.635290681141,0.267531940915404
Rate of Change,i057,ETHUSDT,False,tp0.60,54325,-0.09959604980740316,-5410.555405787177,0.30515586005597817
Rate of Change,i057,ETHUSDT,False,sl0.20,57777,-0.09871348323722455,-5703.368920997123,0.3005626383959036
Rate of Change,i057,ETHUSDT,False,sl0.40,53860,-0.1007904164821946,-5428.571831731001,0.2923861167818918
Rate of Change,i057,ETHUSDT,False,fee0.02,54902,-0.039925674554493355,-2191.999384390794,0.5808372608598051
Rate of Change,i057,ETHUSDT,False,fee0.07,54902,-0.13992543290155607,-7682.186117161231,0.20238688095336155
Rate of Change,i057,ETHUSDT,False,slip3,54902,-0.101330031266353,-5563.221376585312,0.29380241922762595
Rate of Change,i057,ETHUSDT,True,baseline,22297,-0.09786580158279638,-2182.113777891611,0.4383672991155409
Rate of Change,i057,ETHUSDT,True,delay+1,22260,-0.09905409438769883,-2204.944141070176,0.43266306126454585
Rate of Change,i057,ETHUSDT,True,tp0.30,22883,-0.10077906455205801,-2306.127334144743,0.389534995001022
Rate of Change,i057,ETHUSDT,True,tp0.60,22103,-0.09734092850600602,-2151.526542768251,0.4513593469759401
Rate of Change,i057,ETHUSDT,True,sl0.20,24305,-0.09537056876560401,-2317.9816738480054,0.4230425209670474
Rate of Change,i057,ETHUSDT,True,sl0.40,21459,-0.09877871060706757,-2119.692350917063,0.4429760461146874
Rate of Change,i057,ETHUSDT,True,fee0.02,22297,-0.037866501473639264,-844.3093833577346,0.7228066096658409
Rate of Change,i057,ETHUSDT,True,fee0.07,22297,-0.13786533498890113,-3073.9833742475284,0.3161141906412814
Rate of Change,i057,ETHUSDT,True,slip3,22297,-0.099268132633427,-2213.381553327522,0.4333389161787633
Klinger Oscillator,i058,ETHUSDT,False,baseline,54088,-0.10123156642015817,-5475.412964533515,0.3141126781396215
Klinger Oscillator,i058,ETHUSDT,False,delay+1,64690,-0.10075341969221153,-6517.738719889164,0.32383055150419965
Klinger Oscillator,i058,ETHUSDT,False,tp0.30,55872,-0.10238926212632511,-5720.692853522037,0.28570227947832955
Klinger Oscillator,i058,ETHUSDT,False,tp0.60,53170,-0.10085560620391636,-5362.492581862233,0.32076284906891006
Klinger Oscillator,i058,ETHUSDT,False,sl0.20,56464,-0.10070971731405483,-5686.473478420792,0.3027082846595878
Klinger Oscillator,i058,ETHUSDT,False,sl0.40,53187,-0.10213409027502475,-5432.205859457741,0.3151713183237479
Klinger Oscillator,i058,ETHUSDT,False,fee0.02,54088,-0.04123185140864093,-2230.14837899057,0.5957610573142915
Klinger Oscillator,i058,ETHUSDT,False,fee0.07,54088,-0.14123137642783637,-7638.922688228813,0.214682918313674
Klinger Oscillator,i058,ETHUSDT,False,slip3,54088,-0.10263826050356059,-5551.498234116586,0.3097699095590021
Klinger Oscillator,i058,ETHUSDT,True,baseline,22743,-0.09928953466056553,-2258.141886785242,0.4359267800100305
Klinger Oscillator,i058,ETHUSDT,True,delay+1,22586,-0.09814412578802537,-2216.683225048341,0.43958087189130385
Klinger Oscillator,i058,ETHUSDT,True,tp0.30,23430,-0.10077723358841427,-2361.210582976546,0.3921303038090972
Klinger Oscillator,i058,ETHUSDT,True,tp0.60,22474,-0.09758288114266254,-2193.0776708001977,0.45501970842549416
Klinger Oscillator,i058,ETHUSDT,True,sl0.20,24906,-0.09759623008431904,-2430.73170648005,0.41404424276309915
Klinger Oscillator,i058,ETHUSDT,True,sl0.40,21699,-0.10112308140324204,-2194.269743368949,0.44024393884164326
Klinger Oscillator,i058,ETHUSDT,True,fee0.02,22743,-0.039289821586390064,-893.5684123392692,0.7159573726943705
Klinger Oscillator,i058,ETHUSDT,True,fee0.07,22743,-0.13928934337668253,-3167.857536415891,0.31535708938390133
Klinger Oscillator,i058,ETHUSDT,True,slip3,22743,-0.10069356474901976,-2290.0737430869567,0.43096589276000885
Bollinger Bands,i059,ETHUSDT,False,baseline,26246,-0.10127661314130701,-2658.105988506744,0.433657963260906
Bollinger Bands,i059,ETHUSDT,False,delay+1,27388,-0.0995025039520372,-2725.174578238395,0.436654100106592
Bollinger Bands,i059,ETHUSDT,False,tp0.30,27655,-0.10125660683782867,-2800.2514621001515,0.3938913586986811
Bollinger Bands,i059,ETHUSDT,False,tp0.60,25608,-0.10176324902948088,-2605.9532811469458,0.44316403769769624
Bollinger Bands,i059,ETHUSDT,False,sl0.20,27501,-0.10111929941638859,-2780.8818532501027,0.4043731696342291
Bollinger Bands,i059,ETHUSDT,False,sl0.40,25525,-0.10225906910594554,-2610.16273892926,0.4432822248982981
Bollinger Bands,i059,ETHUSDT,False,fee0.02,26246,-0.04127693906067246,-1083.3545425864093,0.705921402470574
Bollinger Bands,i059,ETHUSDT,False,fee0.07,26246,-0.14127639586173005,-3707.940285786967,0.3163921472918021
Bollinger Bands,i059,ETHUSDT,False,slip3,26246,-0.10268402954120891,-2695.045039338569,0.42882484312811625
Bollinger Bands,i059,ETHUSDT,True,baseline,11260,-0.09859871181129747,-1110.2214949952095,0.4635106058675374
Bollinger Bands,i059,ETHUSDT,True,delay+1,11501,-0.09703267088915284,-1115.9727478961468,0.46815160778632275
Bollinger Bands,i059,ETHUSDT,True,tp0.30,11911,-0.09957241102675389,-1186.0069877396656,0.41533518375582124
Bollinger Bands,i059,ETHUSDT,True,tp0.60,10938,-0.09839184841604048,-1076.2100379746507,0.4788602904616104
Bollinger Bands,i059,ETHUSDT,True,sl0.20,11657,-0.09967336485639719,-1161.892414131022,0.42801111328099106
Bollinger Bands,i059,ETHUSDT,True,sl0.40,11130,-0.0995845190741185,-1108.375697294939,0.4737532746326597
Bollinger Bands,i059,ETHUSDT,True,fee0.02,11260,-0.03859900174598635,-434.6247596598063,0.735266408720488
Bollinger Bands,i059,ETHUSDT,True,fee0.07,11260,-0.1385985185215049,-1560.6193185521452,0.34320327322464766
Bollinger Bands,i059,ETHUSDT,True,slip3,11260,-0.10000149995875358,-1126.0168895355653,0.4586175466376019
BB %B,i060,ETHUSDT,False,baseline,45290,-0.10028116484701777,-4541.733955921435,0.3214572538060525
BB %B,i060,ETHUSDT,False,delay+1,53049,-0.10071200673490613,-5342.671245280035,0.3367620111935501
BB %B,i060,ETHUSDT,False,tp0.30,46076,-0.10190977835129295,-4695.594947314174,0.2864717552718046
BB %B,i060,ETHUSDT,False,tp0.60,45013,-0.09944690498563284,-4476.403534118292,0.33363180435309736
BB %B,i060,ETHUSDT,False,sl0.20,47434,-0.09900223178496617,-4696.071862488085,0.3255519731492755
BB %B,i060,ETHUSDT,False,sl0.40,44680,-0.10049650648725907,-4490.183909850735,0.3194977256688074
BB %B,i060,ETHUSDT,False,fee0.02,45290,-0.04028098051709331,-1824.3256076191556,0.5999257906028075
BB %B,i060,ETHUSDT,False,fee0.07,45290,-0.14028128773363407,-6353.339521456287,0.22150846551989972
BB %B,i060,ETHUSDT,False,slip3,45290,-0.10168411591890236,-4605.273609967088,0.3171496473110442
BB %B,i060,ETHUSDT,True,baseline,18325,-0.09592629909664888,-1757.8494309460907,0.4417527555665714
BB %B,i060,ETHUSDT,True,delay+1,18259,-0.09684057737169179,-1768.2121022297204,0.4364358939045489
BB %B,i060,ETHUSDT,True,tp0.30,18614,-0.09994543973748266,-1860.384415273502,0.3880297661655296
BB %B,i060,ETHUSDT,True,tp0.60,18204,-0.0950236250747032,-1729.810070859897,0.4568049517899811
BB %B,i060,ETHUSDT,True,sl0.20,20060,-0.09481936314093303,-1902.0764246071167,0.4239991230685846
BB %B,i060,ETHUSDT,True,sl0.40,17676,-0.09673392540068258,-1709.8688653824652,0.4456401636622563
BB %B,i060,ETHUSDT,True,fee0.02,18325,-0.035926835286855675,-658.3592566316302,0.7326578958373263
BB %B,i060,ETHUSDT,True,fee0.07,18325,-0.135925941636511,-2490.842880489064,0.3172922227260237
BB %B,i060,ETHUSDT,True,slip3,18325,-0.09732621538042871,-1783.5028968463562,0.43662948797102696
Standard Error Bands,i061,ETHUSDT,False,baseline,32874,-0.10453451443691525,-3436.467627599152,0.41309998085040356
Standard Error Bands,i061,ETHUSDT,False,delay+1,39794,-0.10271815482445598,-4087.566253084401,0.4051894714091121
Standard Error Bands,i061,ETHUSDT,False,tp0.30,34945,-0.10507727000617546,-3671.925200365801,0.37461480323911794
Standard Error Bands,i061,ETHUSDT,False,tp0.60,31895,-0.10447358998502314,-3332.185152572313,0.4231008647697589
Standard Error Bands,i061,ETHUSDT,False,sl0.20,35655,-0.10208826917054005,-3639.9572372756056,0.3930273286944781
Standard Error Bands,i061,ETHUSDT,False,sl0.40,31521,-0.10601544903678019,-3341.7129690883485,0.41858535621240994
Standard Error Bands,i061,ETHUSDT,False,fee0.02,32874,-0.044534077858079016,-1464.0132755064894,0.6783699467547073
Standard Error Bands,i061,ETHUSDT,False,fee0.07,32874,-0.14453480548947276,-4751.4371956609275,0.30028205404073116
Standard Error Bands,i061,ETHUSDT,False,slip3,32874,-0.10594234688685242,-3482.7487115583863,0.40843132981222563
Standard Error Bands,i061,ETHUSDT,True,baseline,15737,-0.1025536826753825,-1613.8873042624944,0.4317593612255031
Standard Error Bands,i061,ETHUSDT,True,delay+1,15958,-0.10174853023506954,-1623.7030454912397,0.4335222351731199
Standard Error Bands,i061,ETHUSDT,True,tp0.30,16433,-0.10382887545584611,-1706.2199103659193,0.3861163053517517
Standard Error Bands,i061,ETHUSDT,True,tp0.60,15345,-0.10191050744977584,-1563.8167368168104,0.44607541374649634
Standard Error Bands,i061,ETHUSDT,True,sl0.20,16260,-0.10254480920491243,-1667.3785976718762,0.401319972323453
Standard Error Bands,i061,ETHUSDT,True,sl0.40,15555,-0.10281988595536352,-1599.3633260356794,0.44322846581453657
Standard Error Bands,i061,ETHUSDT,True,fee0.02,15737,-0.04255340339124404,-669.6629091680074,0.7007122746235269
Standard Error Bands,i061,ETHUSDT,True,fee0.07,15737,-0.14255386886480811,-2243.3702343254854,0.31531011351998045
Standard Error Bands,i061,ETHUSDT,True,slip3,15737,-0.10395739104660305,-1635.9774629003923,0.4269827999948837
Envelopes,i062,ETHUSDT,False,baseline,2,-0.4010352709441488,-0.8020705418882976,0.0
Envelopes,i062,ETHUSDT,False,delay+1,2,-0.4009837590951421,-0.8019675181902842,0.0
Envelopes,i062,ETHUSDT,False,tp0.30,2,-0.4010352709441488,-0.8020705418882976,0.0
Envelopes,i062,ETHUSDT,False,tp0.60,2,-0.4010352709441488,-0.8020705418882976,0.0
Envelopes,i062,ETHUSDT,False,sl0.20,2,-0.3009852709441598,-0.6019705418883196,0.0
Envelopes,i062,ETHUSDT,False,sl0.40,2,-0.5010852709441601,-1.0021705418883202,0.0
Envelopes,i062,ETHUSDT,False,fee0.02,2,-0.3409452709441488,-0.6818905418882976,0.0
Envelopes,i062,ETHUSDT,False,fee0.07,2,-0.44109527094414874,-0.8821905418882975,0.0
Envelopes,i062,ETHUSDT,False,slip3,2,-0.402805812832468,-0.805611625664936,0.0
Envelopes,i062,ETHUSDT,True,baseline,2,-0.4010352709441488,-0.8020705418882976,0.0
Envelopes,i062,ETHUSDT,True,delay+1,2,-0.4009837590951421,-0.8019675181902842,0.0
Envelopes,i062,ETHUSDT,True,tp0.30,2,-0.4010352709441488,-0.8020705418882976,0.0
Envelopes,i062,ETHUSDT,True,tp0.60,2,-0.4010352709441488,-0.8020705418882976,0.0
Envelopes,i062,ETHUSDT,True,sl0.20,2,-0.3009852709441598,-0.6019705418883196,0.0
Envelopes,i062,ETHUSDT,True,sl0.40,2,-0.5010852709441601,-1.0021705418883202,0.0
Envelopes,i062,ETHUSDT,True,fee0.02,2,-0.3409452709441488,-0.6818905418882976,0.0
Envelopes,i062,ETHUSDT,True,fee0.07,2,-0.44109527094414874,-0.8821905418882975,0.0
Envelopes,i062,ETHUSDT,True,slip3,2,-0.402805812832468,-0.805611625664936,0.0
Net Volume,i074,ETHUSDT,False,baseline,44132,-0.10008326346094412,-4416.874583058386,0.3069568824850322
Net Volume,i074,ETHUSDT,False,delay+1,49519,-0.10144609204618338,-5023.5090320349545,0.32954440230981014
Net Volume,i074,ETHUSDT,False,tp0.30,44668,-0.10150374461786514,-4533.9692645908,0.2731173507825373
Net Volume,i074,ETHUSDT,False,tp0.60,43965,-0.0997105625391191,-4383.774882032371,0.318004589286419
Net Volume,i074,ETHUSDT,False,sl0.20,46614,-0.0996899355707612,-4646.9466566954625,0.2993151128730392
Net Volume,i074,ETHUSDT,False,sl0.40,43061,-0.09998934541954334,-4305.641203110956,0.30819811804594904
Net Volume,i074,ETHUSDT,False,fee0.02,44132,-0.040083533501974015,-1768.9665005091172,0.5964557847706846
Net Volume,i074,ETHUSDT,False,fee0.07,44132,-0.14008308343359088,-6182.1466380912325,0.20718176373455474
Net Volume,i074,ETHUSDT,False,slip3,44132,-0.1014876938793594,-4478.854906283888,0.3025757528498593
Net Volume,i074,ETHUSDT,True,baseline,18025,-0.096519609464501,-1739.7659605976305,0.44018536874213865
Net Volume,i074,ETHUSDT,True,delay+1,18102,-0.09548775827615895,-1728.519400315029,0.44371776264650514
Net Volume,i074,ETHUSDT,True,tp0.30,18623,-0.09783310479277771,-1821.945910555899,0.3983687608264799
Net Volume,i074,ETHUSDT,True,tp0.60,17821,-0.09486954048878664,-1690.6700810506668,0.45912320292658826
Net Volume,i074,ETHUSDT,True,sl0.20,19156,-0.09620046662962438,-1842.8161387570847,0.4165400485733179
Net Volume,i074,ETHUSDT,True,sl0.40,17516,-0.09694854710812928,-1698.1507511459924,0.44749146051291777
Net Volume,i074,ETHUSDT,True,fee0.02,18025,-0.03652022887079847,-658.2771253961424,0.729002481686568
Net Volume,i074,ETHUSDT,True,fee0.07,18025,-0.13651919652696934,-2460.758517398622,0.31692113045688414
Net Volume,i074,ETHUSDT,True,slip3,18025,-0.0979220825629055,-1765.0455381963716,0.43511009373788406
OBV,i075,ETHUSDT,False,baseline,45112,-0.1005281534660115,-4535.026059158711,0.2860415441486536
OBV,i075,ETHUSDT,False,delay+1,48296,-0.10118854081447763,-4887.0017671760115,0.3202020932743963
OBV,i075,ETHUSDT,False,tp0.30,45819,-0.1023558053316911,-4689.840644492754,0.25290320407431605
OBV,i075,ETHUSDT,False,tp0.60,44834,-0.10008510551771928,-4487.215620781426,0.2959504803253952
OBV,i075,ETHUSDT,False,sl0.20,47084,-0.09959858037934198,-4689.499558580938,0.28776660474907495
OBV,i075,ETHUSDT,False,sl0.40,44414,-0.10097683333415315,-4484.785075703078,0.2832461898324125
OBV,i075,ETHUSDT,False,fee0.02,45112,-0.04052834444796309,-1828.3146747365108,0.5649971661955893
OBV,i075,ETHUSDT,False,fee0.07,45112,-0.14052802614471047,-6339.500315440178,0.19288996241496326
OBV,i075,ETHUSDT,False,slip3,45112,-0.10193099976039915,-4598.3112611911265,0.2819297748694304
OBV,i075,ETHUSDT,True,baseline,17278,-0.09895580402830623,-1709.7583820010748,0.4315189657257418
OBV,i075,ETHUSDT,True,delay+1,17343,-0.09942321060532792,-1724.2967415282023,0.4314311554806686
OBV,i075,ETHUSDT,True,tp0.30,17806,-0.10075348678124929,-1794.016585626925,0.3883506065414037
OBV,i075,ETHUSDT,True,tp0.60,17111,-0.09796313908362334,-1676.2472728598786,0.4468441036892591
OBV,i075,ETHUSDT,True,sl0.20,18907,-0.09871228144945327,-1866.3531053648128,0.4089311484582526
OBV,i075,ETHUSDT,True,sl0.40,16619,-0.09984665927052992,-1659.351630416937,0.4374358193398502
OBV,i075,ETHUSDT,True,fee0.02,17278,-0.03895663981330285,-673.0928226942466,0.7143173469884704
OBV,i075,ETHUSDT,True,fee0.07,17278,-0.13895524683830843,-2400.8687548722933,0.31071749567764684
OBV,i075,ETHUSDT,True,slip3,17278,-0.10035747673032133,-1733.9764829464918,0.42653600540919234
Accumulation/Distribution,i076,ETHUSDT,False,baseline,47502,-0.10004996254460527,-4752.573320793839,0.2938682580536297
Accumulation/Distribution,i076,ETHUSDT,False,delay+1,53709,-0.10142098736654923,-5447.219810469993,0.31801556586894475
Accumulation/Distribution,i076,ETHUSDT,False,tp0.30,48701,-0.10124803966106576,-4930.880779533564,0.266496257255393
Accumulation/Distribution,i076,ETHUSDT,False,tp0.60,46954,-0.09960060166192214,-4676.646650433892,0.30070954332752514
Accumulation/Distribution,i076,ETHUSDT,False,sl0.20,49425,-0.09954159876658372,-4919.843519038401,0.2875379952269022
Accumulation/Distribution,i076,ETHUSDT,False,sl0.40,46823,-0.10011056017335375,-4687.476758996942,0.294851014179911
Accumulation/Distribution,i076,ETHUSDT,False,fee0.02,47502,-0.04004990693658627,-1902.450679301721,0.578108610281635
Accumulation/Distribution,i076,ETHUSDT,False,fee0.07,47502,-0.14004999961661793,-6652.6550817885845,0.19823984967800817
Accumulation/Distribution,i076,ETHUSDT,False,slip3,47502,-0.10146427016107572,-4819.755761191419,0.28961870513272847
Accumulation/Distribution,i076,ETHUSDT,True,baseline,19194,-0.0971582423071892,-1864.8553028441895,0.4458077843619546
Accumulation/Distribution,i076,ETHUSDT,True,delay+1,19129,-0.09960841266691445,-1905.4093259054066,0.4357893866463144
Accumulation/Distribution,i076,ETHUSDT,True,tp0.30,19839,-0.09981318431860593,-1980.193763696823,0.3965791511210567
Accumulation/Distribution,i076,ETHUSDT,True,tp0.60,18867,-0.09564830890258354,-1804.5966440650436,0.4635273987897596
Accumulation/Distribution,i076,ETHUSDT,True,sl0.20,20924,-0.09635280906732192,-2016.0861769246437,0.42182713254694376
Accumulation/Distribution,i076,ETHUSDT,True,sl0.40,18384,-0.09800607992718298,-1801.7437733813317,0.45239065446928595
Accumulation/Distribution,i076,ETHUSDT,True,fee0.02,19194,-0.03715888483205429,-713.22763546645,0.7300265866774462
Accumulation/Distribution,i076,ETHUSDT,True,fee0.07,19194,-0.1371578139572791,-2632.6070810960155,0.32329314668229714
Accumulation/Distribution,i076,ETHUSDT,True,slip3,19194,-0.09857006029215724,-1891.9537372476661,0.4407558336140204
MFI,i077,ETHUSDT,False,baseline,37387,-0.09824520668027267,-3673.0935421553545,0.3417798319565087
MFI,i077,ETHUSDT,False,delay+1,44110,-0.10097931918587918,-4454.1977692891305,0.3427059855554062
MFI,i077,ETHUSDT,False,tp0.30,37695,-0.1005140497623634,-3788.877105792288,0.30070405118309157
MFI,i077,ETHUSDT,False,tp0.60,37294,-0.09789433853139723,-3650.8714611899277,0.3542488112779994
MFI,i077,ETHUSDT,False,sl0.20,39898,-0.0980933377327106,-3913.7279888596877,0.3310955099139948
MFI,i077,ETHUSDT,False,sl0.40,36237,-0.09868411113812994,-3576.016135312415,0.34157881367951
MFI,i077,ETHUSDT,False,fee0.02,37387,-0.03824520801029362,-1429.8735918808477,0.6374307697517854
MFI,i077,ETHUSDT,False,fee0.07,37387,-0.13824520579359206,-5168.573509005026,0.23437226893773574
MFI,i077,ETHUSDT,False,slip3,37387,-0.09965408991296602,-3725.7674595760604,0.3371243539409169
MFI,i077,ETHUSDT,True,baseline,15881,-0.09506567957710159,-1509.7380573639502,0.4444616852838622
MFI,i077,ETHUSDT,True,delay+1,15984,-0.09551133209637137,-1526.6531322284,0.4408784784558045
MFI,i077,ETHUSDT,True,tp0.30,16266,-0.09733359049069511,-1583.2281829216465,0.39813022942052156
MFI,i077,ETHUSDT,True,tp0.60,15762,-0.09256820469928123,-1459.0600424700708,0.46794523294690243
MFI,i077,ETHUSDT,True,sl0.20,16702,-0.09496923366343432,-1586.17614064668,0.4209947709684277
MFI,i077,ETHUSDT,True,sl0.40,15537,-0.09552194267307425,-1484.1244233115544,0.4522033117782491
MFI,i077,ETHUSDT,True,fee0.02,15881,-0.03506569315195137,-556.8782729461396,0.7373902917723953
MFI,i077,ETHUSDT,True,fee0.07,15881,-0.13506567052720175,-2144.977913642491,0.31943769237642033
MFI,i077,ETHUSDT,True,slip3,15881,-0.09646791535509909,-1532.0069637543286,0.4393153436577394
Chaikin Money Flow,i078,ETHUSDT,False,baseline,39839,-0.10042859176904054,-4000.974667486806,0.30237662561259304
Chaikin Money Flow,i078,ETHUSDT,False,delay+1,43909,-0.09947265659861088,-4367.744878588404,0.33398157336477274
Chaikin Money Flow,i078,ETHUSDT,False,tp0.30,40564,-0.10041512770336702,-4073.2392401593797,0.2771889649256825
Chaikin Money Flow,i078,ETHUSDT,False,tp0.60,39573,-0.09979192132298095,-3949.065702514325,0.3127772967383617
Chaikin Money Flow,i078,ETHUSDT,False,sl0.20,41546,-0.09994453049645285,-4152.29546400563,0.2907220886176219
Chaikin Money Flow,i078,ETHUSDT,False,sl0.40,39091,-0.10046216925736665,-3927.1666584397194,0.3055742275279978
Chaikin Money Flow,i078,ETHUSDT,False,fee0.02,39839,-0.04042866253387891,-1610.637486687202,0.5917055996495734
Chaikin Money Flow,i078,ETHUSDT,False,fee0.07,39839,-0.14042854459248166,-5594.5327880198765,0.20317594859166616
Chaikin Money Flow,i078,ETHUSDT,False,slip3,39839,-0.10183641299858716,-4057.060857450714,0.29799772502184246
Chaikin Money Flow,i078,ETHUSDT,True,baseline,16058,-0.09822988842101837,-1577.375548264713,0.4376643553310581
Chaikin Money Flow,i078,ETHUSDT,True,delay+1,16068,-0.09742346876230584,-1565.4002960727305,0.44084876244975263
Chaikin Money Flow,i078,ETHUSDT,True,tp0.30,16663,-0.09889845934223297,-1647.9450280196281,0.3984601596309128
Chaikin Money Flow,i078,ETHUSDT,True,tp0.60,15796,-0.09657497251430053,-1525.4982658358913,0.4558038110903029
Chaikin Money Flow,i078,ETHUSDT,True,sl0.20,17230,-0.09788295351616315,-1686.5232890834911,0.4123203252385966
Chaikin Money Flow,i078,ETHUSDT,True,sl0.40,15522,-0.09923211393069545,-1540.2808724322547,0.44434464135222884
Chaikin Money Flow,i078,ETHUSDT,True,fee0.02,16058,-0.03822994868785816,-613.8965160296264,0.7208511441998281
Chaikin Money Flow,i078,ETHUSDT,True,fee0.07,16058,-0.13822984824312518,-2219.694903088104,0.31618014189971483
Chaikin Money Flow,i078,ETHUSDT,True,slip3,16058,-0.09963754380779827,-1599.9796784656244,0.4326470611213681
Chaikin Oscillator,i079,ETHUSDT,False,baseline,41958,-0.10070881438787621,-4225.54043408651,0.3385984826685232
Chaikin Oscillator,i079,ETHUSDT,False,delay+1,55507,-0.10180752354251198,-5651.030209274212,0.331676774586409
Chaikin Oscillator,i079,ETHUSDT,False,tp0.30,43232,-0.10211531509879489,-4414.6493023511,0.3062347274374938
Chaikin Oscillator,i079,ETHUSDT,False,tp0.60,41345,-0.0997196502406818,-4122.908939200989,0.3491969463925082
Chaikin Oscillator,i079,ETHUSDT,False,sl0.20,44268,-0.0993365549015135,-4397.4306123802,0.3293505547348616
Chaikin Oscillator,i079,ETHUSDT,False,sl0.40,40980,-0.10111037118919629,-4143.503011333264,0.34036074897470214
Chaikin Oscillator,i079,ETHUSDT,False,fee0.02,41958,-0.0407088410351814,-1708.061552154141,0.622982178633783
Chaikin Oscillator,i079,ETHUSDT,False,fee0.07,41958,-0.1407087966230061,-5903.859688708089,0.2338349649023405
Chaikin Oscillator,i079,ETHUSDT,False,slip3,41958,-0.1021213814103843,-4284.808921216904,0.33406060039837565
Chaikin Oscillator,i079,ETHUSDT,True,baseline,19352,-0.09671618054217201,-1871.6515258521126,0.44401471034031353
Chaikin Oscillator,i079,ETHUSDT,True,delay+1,19327,-0.09794172798343187,-1892.9197767357878,0.4390511992712648
Chaikin Oscillator,i079,ETHUSDT,True,tp0.30,19778,-0.09863106276996209,-1950.72515946431,0.3973184851418659
Chaikin Oscillator,i079,ETHUSDT,True,tp0.60,19139,-0.09466967470542312,-1811.8829041870931,0.46462524778782593
Chaikin Oscillator,i079,ETHUSDT,True,sl0.20,20770,-0.0946886812855131,-1966.683910300107,0.42588322952550745
Chaikin Oscillator,i079,ETHUSDT,True,sl0.40,18648,-0.09726073333902903,-1813.7181553062135,0.4521016661667706
Chaikin Oscillator,i079,ETHUSDT,True,fee0.02,19352,-0.03671726505350052,-710.5525133153421,0.7305448066126947
Chaikin Oscillator,i079,ETHUSDT,True,fee0.07,19352,-0.13671545753461967,-2645.71753420996,0.32085390207535214
Chaikin Oscillator,i079,ETHUSDT,True,slip3,19352,-0.09812403307574127,-1898.896288081745,0.43893948330061605
Ease of Movement,i080,ETHUSDT,False,baseline,44504,-0.10167796739814765,-4525.076261087163,0.31046654799576084
Ease of Movement,i080,ETHUSDT,False,delay+1,55506,-0.10031932906951715,-5568.324679332619,0.3272348438663628
Ease of Movement,i080,ETHUSDT,False,tp0.30,45304,-0.1027141017254442,-4653.359664569524,0.27953660509482653
Ease of Movement,i080,ETHUSDT,False,tp0.60,44246,-0.1008620248476207,-4462.741151407826,0.32294434967148083
Ease of Movement,i080,ETHUSDT,False,sl0.20,47430,-0.10006038233023665,-4745.863933923124,0.3115768745241725
Ease of Movement,i080,ETHUSDT,False,sl0.40,43383,-0.10226643575413279,-4436.6247823215435,0.30649235498868377
Ease of Movement,i080,ETHUSDT,False,fee0.02,44504,-0.0416778129207416,-1854.8293862246844,0.5913082260813455
Ease of Movement,i080,ETHUSDT,False,fee0.07,44504,-0.141678070383085,-6305.240844328815,0.21165979116944564
Ease of Movement,i080,ETHUSDT,False,slip3,44504,-0.10308055280936286,-4587.496922227885,0.3061659312724796
Ease of Movement,i080,ETHUSDT,True,baseline,19053,-0.09527171629257543,-1815.2120105224399,0.44461749564425346
Ease of Movement,i080,ETHUSDT,True,delay+1,19112,-0.0979474337145392,-1871.9713531522732,0.4338920754358556
Ease of Movement,i080,ETHUSDT,True,tp0.30,19543,-0.0976852520459334,-1909.0628807336764,0.39791300559387094
Ease of Movement,i080,ETHUSDT,True,tp0.60,18878,-0.09404308793197111,-1775.3454139797504,0.4617910841312615
Ease of Movement,i080,ETHUSDT,True,sl0.20,20440,-0.09483134988741675,-1938.3527916987982,0.42257272446184346
Ease of Movement,i080,ETHUSDT,True,sl0.40,18463,-0.09627329371775108,-1777.4938219108383,0.448558490837274
Ease of Movement,i080,ETHUSDT,True,fee0.02,19053,-0.035272155556996254,-672.0403798274497,0.7372353805215462
Ease of Movement,i080,ETHUSDT,True,fee0.07,19053,-0.13527142344962823,-2577.326430985767,0.31926170144668603
Ease of Movement,i080,ETHUSDT,True,slip3,19053,-0.09667123195762947,-1841.8769824887142,0.4394658737284847
Elder Force Index,i081,ETHUSDT,False,baseline,39741,-0.09890013770387876,-3930.3903724898455,0.3275757664255076
Elder Force Index,i081,ETHUSDT,False,delay+1,48334,-0.10011545335603034,-4838.980322510371,0.3364807346861327
Elder Force Index,i081,ETHUSDT,False,tp0.30,40519,-0.10062757608756207,-4077.328755491927,0.2924096306182918
Elder Force Index,i081,ETHUSDT,False,tp0.60,39452,-0.09864040293273525,-3891.561176502272,0.33659510710194984
Elder Force Index,i081,ETHUSDT,False,sl0.20,41791,-0.09844397441077705,-4114.072134600784,0.3254129839106157
Elder Force Index,i081,ETHUSDT,False,sl0.40,39047,-0.09974501526942793,-3894.7436112253527,0.3231034135337554
Elder Force Index,i081,ETHUSDT,False,fee0.02,39741,-0.03889996096166373,-1545.9233485774782,0.6137486113976653
Elder Force Index,i081,ETHUSDT,False,fee0.07,39741,-0.13890025553202212,-5520.035055098091,0.22555790879361784
Elder Force Index,i081,ETHUSDT,False,slip3,39741,-0.10030346683779712,-3986.1600756008947,0.3231670389990205
Elder Force Index,i081,ETHUSDT,True,baseline,16637,-0.09436618214963502,-1569.9701724234778,0.44670559854800446
Elder Force Index,i081,ETHUSDT,True,delay+1,16610,-0.09486681290044034,-1575.737762276314,0.44332956192589984
Elder Force Index,i081,ETHUSDT,True,tp0.30,16932,-0.09719640929994854,-1645.7296022667285,0.39755695497947846
Elder Force Index,i081,ETHUSDT,True,tp0.60,16545,-0.09406370105155992,-1556.2839338980589,0.45900854591877077
Elder Force Index,i081,ETHUSDT,True,sl0.20,18097,-0.09410986427590692,-1703.1062138010875,0.4254566827837649
Elder Force Index,i081,ETHUSDT,True,sl0.40,16079,-0.09626045721540444,-1547.7718915664877,0.4471180241966454
Elder Force Index,i081,ETHUSDT,True,fee0.02,16637,-0.03436743686946224,-571.7710471972433,0.7418062951333059
Elder Force Index,i081,ETHUSDT,True,fee0.07,16637,-0.1343653456697502,-2235.4362559076344,0.3209747703865127
Elder Force Index,i081,ETHUSDT,True,slip3,16637,-0.09576516604201042,-1593.2450674409274,0.441529863309926
Price & Volume Trend,i082,ETHUSDT,False,baseline,30754,-0.099322359536433,-3054.5598451834608,0.3394109951060481
Price & Volume Trend,i082,ETHUSDT,False,delay+1,36744,-0.10005468107511536,-3676.409201424039,0.34771688489686325
Price & Volume Trend,i082,ETHUSDT,False,tp0.30,31208,-0.10140164833404522,-3164.542641208883,0.3005169731105466
Price & Volume Trend,i082,ETHUSDT,False,tp0.60,30597,-0.09925332837670783,-3036.8540883421297,0.34895022577541807
Price & Volume Trend,i082,ETHUSDT,False,sl0.20,32476,-0.09826449098360365,-3191.237609183512,0.3377966992555321
Price & Volume Trend,i082,ETHUSDT,False,sl0.40,30153,-0.09933268667594443,-2995.1785013397525,0.33919271071497126
Price & Volume Trend,i082,ETHUSDT,False,fee0.02,30754,-0.03932160997497562,-1209.2967931704002,0.62497090204283
Price & Volume Trend,i082,ETHUSDT,False,fee0.07,30754,-0.13932285924407126,-4284.735213192167,0.23488131336690476
Price & Volume Trend,i082,ETHUSDT,False,slip3,30754,-0.10072334113226039,-3097.645633181536,0.33492835874983157
Price & Volume Trend,i082,ETHUSDT,True,baseline,12976,-0.09341163621503074,-1212.1093915262388,0.45045626978982817
Price & Volume Trend,i082,ETHUSDT,True,delay+1,12981,-0.09416500015486673,-1222.355867010325,0.4455223008099216
Price & Volume Trend,i082,ETHUSDT,True,tp0.30,13136,-0.09765680431617471,-1282.8197814972712,0.3939980048810005
Price & Volume Trend,i082,ETHUSDT,True,tp0.60,12913,-0.09266462266759165,-1196.578272506611,0.46412591412147736
Price & Volume Trend,i082,ETHUSDT,True,sl0.20,13951,-0.09366512029810624,-1306.7220932788803,0.42755207431305703
Price & Volume Trend,i082,ETHUSDT,True,sl0.40,12581,-0.09351973671668251,-1176.5718076325827,0.4565321053591864
Price & Volume Trend,i082,ETHUSDT,True,fee0.02,12976,-0.03341314043059098,-433.5689102273486,0.7478203043365128
Price & Volume Trend,i082,ETHUSDT,True,fee0.07,12976,-0.1334106334046572,-1731.1363790588316,0.3237530994287117
Price & Volume Trend,i082,ETHUSDT,True,slip3,12976,-0.09480761042464463,-1230.2235528701888,0.44525691766678327
VWAP,i086,ETHUSDT,False,baseline,10796,-0.09982011432165311,-1077.6579542165668,0.3312398307434867
VWAP,i086,ETHUSDT,False,delay+1,12241,-0.09879053313467864,-1209.2949161016013,0.3526870394898323
VWAP,i086,ETHUSDT,False,tp0.30,10948,-0.10050940531483993,-1100.3769693868676,0.29501570931969806
VWAP,i086,ETHUSDT,False,tp0.60,10756,-0.098523879679229,-1059.722849829787,0.3505476207725317
VWAP,i086,ETHUSDT,False,sl0.20,11353,-0.09890228416300845,-1122.8376321026349,0.33408707683065514
VWAP,i086,ETHUSDT,False,sl0.40,10620,-0.10044660451467063,-1066.7429399458022,0.32716717908260795
VWAP,i086,ETHUSDT,False,fee0.02,10796,-0.03982037237344001,-429.9007401436583,0.6098318213349525
VWAP,i086,ETHUSDT,False,fee0.07,10796,-0.1398199422871285,-1509.4960969318392,0.23044944829242786
VWAP,i086,ETHUSDT,False,slip3,10796,-0.10121489035378106,-1092.7159562594204,0.32692716894912976
VWAP,i086,ETHUSDT,True,baseline,4333,-0.1032757778290615,-447.4939453333234,0.41485722965069993
VWAP,i086,ETHUSDT,True,delay+1,4345,-0.10194023150481202,-442.93030588840827,0.41812551047894625
VWAP,i086,ETHUSDT,True,tp0.30,4397,-0.10792726723861709,-474.5561940481993,0.3596471420569644
VWAP,i086,ETHUSDT,True,tp0.60,4312,-0.10515982397094185,-453.4491609627013,0.417759239911903
VWAP,i086,ETHUSDT,True,sl0.20,4669,-0.09887225213446832,-461.6345452158326,0.4046869526868652
VWAP,i086,ETHUSDT,True,sl0.40,4186,-0.10548625975335682,-441.5654833275516,0.4161404050757555
VWAP,i086,ETHUSDT,True,fee0.02,4333,-0.04327659665248626,-187.51749329522295,0.6869432587738559
VWAP,i086,ETHUSDT,True,fee0.07,4333,-0.1432752319467783,-620.8115800253903,0.29848936312375607
VWAP,i086,ETHUSDT,True,slip3,4333,-0.10466447000600976,-453.5111485360403,0.4101140401263091
VWMA,i087,ETHUSDT,False,baseline,49198,-0.10081863195502652,-4960.075054923395,0.32099611734025857
VWMA,i087,ETHUSDT,False,delay+1,57174,-0.10064589050234572,-5754.328143581115,0.33758992085254025
VWMA,i087,ETHUSDT,False,tp0.30,50154,-0.10285217180727592,-5158.447824822116,0.2847459879371386
VWMA,i087,ETHUSDT,False,tp0.60,48762,-0.10037098830707443,-4894.290131829564,0.33007625418564157
VWMA,i087,ETHUSDT,False,sl0.20,51489,-0.10012696805910769,-5155.437458395397,0.3212247207569506
VWMA,i087,ETHUSDT,False,sl0.40,48503,-0.10091789262538862,-4894.820546009224,0.3193174295038778
VWMA,i087,ETHUSDT,False,fee0.02,49198,-0.04081885077373377,-2008.2058203661538,0.5977171339288386
VWMA,i087,ETHUSDT,False,fee0.07,49198,-0.14081848607588832,-6927.987877961555,0.22162394194409502
VWMA,i087,ETHUSDT,False,slip3,49198,-0.10222211347238036,-5029.123538614169,0.31670765949596813
VWMA,i087,ETHUSDT,True,baseline,19914,-0.09750084762318999,-1941.6318795682052,0.4397535490260615
VWMA,i087,ETHUSDT,True,delay+1,19824,-0.09841572206785326,-1950.993274273123,0.4333815571611884
VWMA,i087,ETHUSDT,True,tp0.30,20314,-0.10201340838328211,-2072.300377897993,0.38351895211558734
VWMA,i087,ETHUSDT,True,tp0.60,19752,-0.097011556254943,-1916.1722591476341,0.4527417356625253
VWMA,i087,ETHUSDT,True,sl0.20,21816,-0.09506215263663835,-2073.8759219209023,0.4251541183510488
VWMA,i087,ETHUSDT,True,sl0.40,19159,-0.09773038231911661,-1872.4163948519554,0.44676055337215015
VWMA,i087,ETHUSDT,True,fee0.02,19914,-0.03750203534540999,-746.8155318684945,0.7251265647456941
VWMA,i087,ETHUSDT,True,fee0.07,19914,-0.13750005580837665,-2738.1761113680122,0.317198974141725
VWMA,i087,ETHUSDT,True,slip3,19914,-0.0989020655039923,-1969.5357324465028,0.43471539866538894
Pivot Points Standard,i088,ETHUSDT,False,baseline,4354,-0.10586733240741401,-460.9463653018806,0.3173956885707454
Pivot Points Standard,i088,ETHUSDT,False,delay+1,4953,-0.10339132032320131,-512.097209560816,0.3395398718917784
Pivot Points Standard,i088,ETHUSDT,False,tp0.30,4405,-0.10576223058474477,-465.8826257258007,0.2808934422168564
Pivot Points Standard,i088,ETHUSDT,False,tp0.60,4336,-0.10414996876822354,-451.59426457901725,0.3401453508369506
Pivot Points Standard,i088,ETHUSDT,False,sl0.20,4583,-0.10468081214044664,-479.75216203966687,0.31702185936192945
Pivot Points Standard,i088,ETHUSDT,False,sl0.40,4274,-0.10557651149610066,-451.23401013433426,0.3173634330513743
Pivot Points Standard,i088,ETHUSDT,False,fee0.02,4354,-0.045867286546834564,-199.70616562491767,0.5739906946407856
Pivot Points Standard,i088,ETHUSDT,False,fee0.07,4354,-0.14586736298113365,-635.1064984198559,0.2228592007593217
Pivot Points Standard,i088,ETHUSDT,False,slip3,4354,-0.10728630639381229,-467.12457803865874,0.3133191227282216
Pivot Points Standard,i088,ETHUSDT,True,baseline,1381,-0.10050547216781384,-138.79805706375092,0.4101584275834755
Pivot Points Standard,i088,ETHUSDT,True,delay+1,1386,-0.09814122419812353,-136.0237367385992,0.42143835670642693
Pivot Points Standard,i088,ETHUSDT,True,tp0.30,1397,-0.1003707174555481,-140.2178922854007,0.37775654952141935
Pivot Points Standard,i088,ETHUSDT,True,tp0.60,1380,-0.10023221289970465,-138.3204538015924,0.42395715925562777
Pivot Points Standard,i088,ETHUSDT,True,sl0.20,1483,-0.1005314117739874,-149.08808366082332,0.3917853141064575
Pivot Points Standard,i088,ETHUSDT,True,sl0.40,1339,-0.10079436288633552,-134.96365190480327,0.4158769067021031
Pivot Points Standard,i088,ETHUSDT,True,fee0.02,1381,-0.040504442542986394,-55.93663515186421,0.6935770313896362
Pivot Points Standard,i088,ETHUSDT,True,fee0.07,1381,-0.1405061585843655,-194.03900500500873,0.2922677877932453
Pivot Points Standard,i088,ETHUSDT,True,slip3,1381,-0.10193243544136724,-140.76869334452815,0.4051811109630434
Balance of Power,i089,ETHUSDT,False,baseline,48082,-0.09951646518126966,-4784.950678845808,0.30321919064471997
Balance of Power,i089,ETHUSDT,False,delay+1,53968,-0.10089223389394827,-5444.952078788601,0.32437335342853224
Balance of Power,i089,ETHUSDT,False,tp0.30,48814,-0.1010077855129332,-4930.5940420283205,0.27030252363918483
Balance of Power,i089,ETHUSDT,False,tp0.60,47783,-0.09954698862656088,-4756.653757542958,0.3109489968228889
Balance of Power,i089,ETHUSDT,False,sl0.20,50421,-0.09916462708129778,-4999.979662066115,0.2986904014399512
Balance of Power,i089,ETHUSDT,False,sl0.40,47170,-0.10056819409550116,-4743.801715484789,0.2976736141119445
Balance of Power,i089,ETHUSDT,False,fee0.02,48082,-0.03951662511028298,-1900.0383685526263,0.5890343047747679
Balance of Power,i089,ETHUSDT,False,fee0.07,48082,-0.13951635856192748,-6708.225552374597,0.2054340990636564
Balance of Power,i089,ETHUSDT,False,slip3,48082,-0.10092425100898733,-4852.63983701413,0.29892192024776265
Balance of Power,i089,ETHUSDT,True,baseline,19014,-0.0960155244040566,-1825.639181018732,0.44393806525441076
Balance of Power,i089,ETHUSDT,True,delay+1,19060,-0.09598498365696845,-1829.4737885018187,0.4438060511943573
Balance of Power,i089,ETHUSDT,True,tp0.30,19582,-0.09904625904141179,-1939.5238445489256,0.3945750990505219
Balance of Power,i089,ETHUSDT,True,tp0.60,18792,-0.09574569143089907,-1799.2530333694554,0.45612805213474467
Balance of Power,i089,ETHUSDT,True,sl0.20,20514,-0.0947112715585435,-1942.9070247519614,0.4241079082149966
Balance of Power,i089,ETHUSDT,True,sl0.40,18385,-0.09627463260024653,-1770.0091203555323,0.45058672267253636
Balance of Power,i089,ETHUSDT,True,fee0.02,19014,-0.03601624112433084,-684.8128087380267,0.7336190373113259
Balance of Power,i089,ETHUSDT,True,fee0.07,19014,-0.13601504659054042,-2586.1900958725355,0.31985100536074723
Balance of Power,i089,ETHUSDT,True,slip3,19014,-0.09741956351695037,-1852.3355807112941,0.43881991639514895
Accumulative Swing Index,i090,ETHUSDT,False,baseline,37228,-0.09927319541131639,-3695.7425187724866,0.3323466067577791
Accumulative Swing Index,i090,ETHUSDT,False,delay+1,47442,-0.10140296124358256,-4810.759287318044,0.3360119030243002
Accumulative Swing Index,i090,ETHUSDT,False,tp0.30,38065,-0.10123562286639506,-3853.533984409328,0.29847828468048415
Accumulative Swing Index,i090,ETHUSDT,False,tp0.60,36891,-0.09875757220145934,-3643.2655960840366,0.3416042569668605
Accumulative Swing Index,i090,ETHUSDT,False,sl0.20,39147,-0.09948901064569522,-3894.696299747031,0.3271422054637627
Accumulative Swing Index,i090,ETHUSDT,False,sl0.40,36579,-0.09955354116532253,-3641.568982286333,0.33017417490812584
Accumulative Swing Index,i090,ETHUSDT,False,fee0.02,37228,-0.03927274995170531,-1462.0459352020853,0.6176198936254296
Accumulative Swing Index,i090,ETHUSDT,False,fee0.07,37228,-0.13927349238439043,-5184.873574486087,0.22920128698509273
Accumulative Swing Index,i090,ETHUSDT,False,slip3,37228,-0.10067771307326369,-3748.0299022914605,0.32789392627884406
Accumulative Swing Index,i090,ETHUSDT,True,baseline,16213,-0.09715765829562165,-1575.2171139469137,0.4340663582053848
Accumulative Swing Index,i090,ETHUSDT,True,delay+1,16124,-0.09816137176994716,-1582.753958418628,0.42876228575639935
Accumulative Swing Index,i090,ETHUSDT,True,tp0.30,16413,-0.10057641749837709,-1650.7607404008631,0.3832643042253068
Accumulative Swing Index,i090,ETHUSDT,True,tp0.60,16162,-0.09681149548719567,-1564.6673900640565,0.4467173474483381
Accumulative Swing Index,i090,ETHUSDT,True,sl0.20,17558,-0.09520555855930998,-1671.6191971843646,0.4187336089005689
Accumulative Swing Index,i090,ETHUSDT,True,sl0.40,15628,-0.09743097982151043,-1522.651352650565,0.4399045796998971
Accumulative Swing Index,i090,ETHUSDT,True,fee0.02,16213,-0.03715777002276397,-602.4389253790723,0.7226591089564026
Accumulative Swing Index,i090,ETHUSDT,True,fee0.07,16213,-0.13715758381086007,-2223.735906325475,0.3111696176451199
Accumulative Swing Index,i090,ETHUSDT,True,slip3,16213,-0.09855895775256354,-1597.9363820423127,0.42900227723297973
Up/Down,i091,ETHUSDT,False,baseline,36152,-0.09789876964106017,-3539.236320063607,0.34933510722764644
Up/Down,i091,ETHUSDT,False,delay+1,42829,-0.10060049880342557,-4308.618763251914,0.3488852209493549
Up/Down,i091,ETHUSDT,False,tp0.30,36635,-0.09945966130496542,-3643.704691907408,0.3110071349480869
Up/Down,i091,ETHUSDT,False,tp0.60,35956,-0.09771264313475103,-3513.3557965531077,0.358668523482469
Up/Down,i091,ETHUSDT,False,sl0.20,38465,-0.09766503698825323,-3756.685647753161,0.3344353068479706
Up/Down,i091,ETHUSDT,False,sl0.40,35019,-0.09822637866487394,-3439.78955446522,0.3504490505233493
Up/Down,i091,ETHUSDT,False,fee0.02,36152,-0.03789868775335837,-1370.1133596594118,0.6474221677279066
Up/Down,i091,ETHUSDT,False,fee0.07,36152,-0.13789882423286134,-4985.318293666403,0.23976617785429488
Up/Down,i091,ETHUSDT,False,slip3,36152,-0.09930674451756419,-3590.1374277989803,0.34459511037906815
Up/Down,i091,ETHUSDT,True,baseline,15836,-0.09588350749217671,-1518.4112246461104,0.4426726212544166
Up/Down,i091,ETHUSDT,True,delay+1,15930,-0.0968073493315482,-1542.141074851563,0.43965150437864675
Up/Down,i091,ETHUSDT,True,tp0.30,16235,-0.09740774509010607,-1581.414741537872,0.3986824030243895
Up/Down,i091,ETHUSDT,True,tp0.60,15681,-0.09551261036795614,-1497.7332431799202,0.45551699920426564
Up/Down,i091,ETHUSDT,True,sl0.20,16593,-0.09628510141882343,-1597.6586878425373,0.415847622149836
Up/Down,i091,ETHUSDT,True,sl0.40,15510,-0.09635185840210311,-1494.4173238166193,0.4508644578881378
Up/Down,i091,ETHUSDT,True,fee0.02,15836,-0.035884259550229114,-568.2631342374283,0.7327209959788864
Up/Down,i091,ETHUSDT,True,fee0.07,15836,-0.1358830061201418,-2151.8432849185656,0.3187624301853413
Up/Down,i091,ETHUSDT,True,slip3,15836,-0.09728694600604416,-1540.6360769517155,0.43757030954771636
Average Price,i099,ETHUSDT,False,baseline,36566,-0.10071964340750067,-3682.91448083867,0.35688580364096156
Average Price,i099,ETHUSDT,False,delay+1,47556,-0.10034535535815459,-4772.023719412399,0.3538341979041144
Average Price,i099,ETHUSDT,False,tp0.30,37113,-0.10280339917116857,-3815.342553439579,0.31631185032813913
Average Price,i099,ETHUSDT,False,tp0.60,36369,-0.09986790812513806,-3632.095950603146,0.37050820474703516
Average Price,i099,ETHUSDT,False,sl0.20,39373,-0.09871784541165737,-3886.8177273931865,0.3584656142041357
Average Price,i099,ETHUSDT,False,sl0.40,35609,-0.10117428669041578,-3602.715174759015,0.35385025649407886
Average Price,i099,ETHUSDT,False,fee0.02,36566,-0.04071936045523762,-1488.9441344062188,0.6378508433811372
Average Price,i099,ETHUSDT,False,fee0.07,36566,-0.14071983204234273,-5145.561378460305,0.2492841661138465
Average Price,i099,ETHUSDT,False,slip3,36566,-0.10212397668336967,-3734.265331404096,0.35231132366199447
Average Price,i099,ETHUSDT,True,baseline,16325,-0.09807498698926016,-1601.0741625996723,0.4334998740227744
Average Price,i099,ETHUSDT,True,delay+1,16261,-0.09691078175317219,-1575.866222088333,0.4376720668768639
Average Price,i099,ETHUSDT,True,tp0.30,16475,-0.10162541122351765,-1674.2786499074534,0.38184496047657646
Average Price,i099,ETHUSDT,True,tp0.60,16274,-0.09657911962851144,-1571.7285928343952,0.45096857022121306
Average Price,i099,ETHUSDT,True,sl0.20,17609,-0.09561989399292216,-1683.7707133213662,0.4195491990781857
Average Price,i099,ETHUSDT,True,sl0.40,15801,-0.0982607124643671,-1552.6175176494644,0.4405243125407382
Average Price,i099,ETHUSDT,True,fee0.02,16325,-0.03807549064032862,-621.5823847033647,0.7190364049505443
Average Price,i099,ETHUSDT,True,fee0.07,16325,-0.1380746512218812,-2254.068681197211,0.31146889035155817
Average Price,i099,ETHUSDT,True,slip3,16325,-0.09947448752986604,-1623.9210089250632,0.4284754683665397
Typical Price,i100,ETHUSDT,False,baseline,38370,-0.10104016123379722,-3876.910986540799,0.3479675777785729
Typical Price,i100,ETHUSDT,False,delay+1,48774,-0.0999002674287945,-4872.535643572023,0.3533118223403065
Typical Price,i100,ETHUSDT,False,tp0.30,38965,-0.1030142824641405,-4013.9515162152347,0.30868614690632923
Typical Price,i100,ETHUSDT,False,tp0.60,38169,-0.1001574058548699,-3822.908024074529,0.361280323244176
Typical Price,i100,ETHUSDT,False,sl0.20,41001,-0.09900044508150295,-4059.1172487867025,0.35134663990263143
Typical Price,i100,ETHUSDT,False,sl0.40,37554,-0.10162324055581712,-3816.3591758331563,0.34523757767482777
Typical Price,i100,ETHUSDT,False,fee0.02,38370,-0.04103999759089007,-1574.7047075624519,0.6271020492191003
Typical Price,i100,ETHUSDT,False,fee0.07,38370,-0.14104027032906866,-5411.715172526365,0.24239909235388954
Typical Price,i100,ETHUSDT,False,slip3,38370,-0.10244403149790358,-3930.7774885745603,0.34347327267277
Typical Price,i100,ETHUSDT,True,baseline,16804,-0.09828802370599966,-1651.6319503556183,0.4326629967403187
Typical Price,i100,ETHUSDT,True,delay+1,16735,-0.09749702852959695,-1631.612772442805,0.4346807979455311
Typical Price,i100,ETHUSDT,True,tp0.30,16974,-0.10165936568669139,-1725.5660731658995,0.3818581515822835
Typical Price,i100,ETHUSDT,True,tp0.60,16742,-0.09706904019812918,-1625.1298709970786,0.4491229685436077
Typical Price,i100,ETHUSDT,True,sl0.20,18223,-0.09594376779469894,-1748.383280522799,0.418529498349158
Typical Price,i100,ETHUSDT,True,sl0.40,16241,-0.09882095068551328,-1604.951060083421,0.43841994340667073
Typical Price,i100,ETHUSDT,True,fee0.02,16804,-0.03828872852642637,-643.4037941580688,0.7176274907653233
Typical Price,i100,ETHUSDT,True,fee0.07,16804,-0.13828755382571523,-2323.784054487319,0.310985634101251
Typical Price,i100,ETHUSDT,True,slip3,16804,-0.09968856212210306,-1675.16659789982,0.4276515508753466
Median Price,i101,ETHUSDT,False,baseline,38856,-0.10085539831085177,-3918.837356766456,0.3453616584324373
Median Price,i101,ETHUSDT,False,delay+1,48707,-0.09987196955389449,-4864.464021061539,0.35114607316586227
Median Price,i101,ETHUSDT,False,tp0.30,39413,-0.10336591882765342,-4073.9609587543046,0.30346304128667706
Median Price,i101,ETHUSDT,False,tp0.60,38654,-0.09998345220517359,-3864.7603615387793,0.35882132054257004
Median Price,i101,ETHUSDT,False,sl0.20,41737,-0.09893093321906082,-4129.0803597639415,0.34764327487535374
Median Price,i101,ETHUSDT,False,sl0.40,37903,-0.10108242954550747,-3831.3273270633695,0.34315650796627206
Median Price,i101,ETHUSDT,False,fee0.02,38856,-0.040855170819658615,-1587.468517368655,0.6256015523163331
Median Price,i101,ETHUSDT,False,fee0.07,38856,-0.1408555499716472,-5473.083249698324,0.24022666321633945
Median Price,i101,ETHUSDT,False,slip3,38856,-0.1022601132392539,-3973.418960024449,0.34086811005318524
Median Price,i101,ETHUSDT,True,baseline,16825,-0.09778142959920003,-1645.1725530065403,0.43429536530420226
Median Price,i101,ETHUSDT,True,delay+1,16783,-0.09752218209638877,-1636.7147821236927,0.4347275888320117
Median Price,i101,ETHUSDT,True,tp0.30,17036,-0.10125666519389934,-1725.0085482432692,0.3829896632872515
Median Price,i101,ETHUSDT,True,tp0.60,16767,-0.09697530128795048,-1625.9848766950659,0.4492970704090606
Median Price,i101,ETHUSDT,True,sl0.20,18193,-0.09526394238837213,-1733.136903871654,0.42137320436502923
Median Price,i101,ETHUSDT,True,sl0.40,16272,-0.09810765237500212,-1596.4077194460344,0.44120671592498406
Median Price,i101,ETHUSDT,True,fee0.02,16825,-0.03778216005704927,-635.6848429598539,0.7205703496195913
Median Price,i101,ETHUSDT,True,fee0.07,16825,-0.1377809426273005,-2318.164359704331,0.3121677556669528
Median Price,i101,ETHUSDT,True,slip3,16825,-0.09918289538186306,-1668.7522147998461,0.429257399642103
SMA,i001,BNBUSDT,False,baseline,63439,-0.10090185258483006,-6401.112626129035,0.22071405537161787
SMA,i001,BNBUSDT,False,delay+1,79720,-0.1025311708070711,-8173.7849367397075,0.2281580142683882
SMA,i001,BNBUSDT,False,tp0.30,64943,-0.10227859858384827,-6642.2790278308585,0.20282776771451475
SMA,i001,BNBUSDT,False,tp0.60,62858,-0.1005218175264301,-6318.600406076343,0.22518518325957307
SMA,i001,BNBUSDT,False,sl0.20,64920,-0.10042791044467529,-6519.77994606832,0.2242789268611942
SMA,i001,BNBUSDT,False,sl0.40,63050,-0.10082395353966074,-6356.950270675609,0.21977114702190778
SMA,i001,BNBUSDT,False,fee0.02,63439,-0.040901849038171414,-2594.7724011325563,0.4895336825036309
SMA,i001,BNBUSDT,False,fee0.07,63439,-0.14090185494926918,-8938.672776126687,0.1417432114966636
SMA,i001,BNBUSDT,False,slip3,63439,-0.10648872831706672,-6755.538435706396,0.20687708387050144
SMA,i001,BNBUSDT,True,baseline,24709,-0.1016409558658547,-2511.4463784894033,0.35310591394612567
SMA,i001,BNBUSDT,True,delay+1,24660,-0.10313325157379707,-2543.265983809836,0.34675358542200196
SMA,i001,BNBUSDT,True,tp0.30,25245,-0.103062649202756,-2601.816579123575,0.321157298030815
SMA,i001,BNBUSDT,True,tp0.60,24504,-0.10110693262108908,-2477.5242769471665,0.3632006462653337
SMA,i001,BNBUSDT,True,sl0.20,26567,-0.09960547244325661,-2646.2185863999985,0.34503013647495073
SMA,i001,BNBUSDT,True,sl0.40,23928,-0.1027914271275674,-2459.593268308433,0.3541173781002214
SMA,i001,BNBUSDT,True,fee0.02,24709,-0.04164180004217812,-1028.9272372421792,0.6451744410772446
SMA,i001,BNBUSDT,True,fee0.07,24709,-0.14164039308163906,-3499.7924726542196,0.24057619322029844
SMA,i001,BNBUSDT,True,slip3,24709,-0.10722862164397753,-2649.5120122010408,0.33448821773157567
EMA,i002,BNBUSDT,False,baseline,67089,-0.10197173106711918,-6841.181465561958,0.1998344076878201
EMA,i002,BNBUSDT,False,delay+1,80285,-0.10257008364617005,-8234.839165532761,0.21785977868224443
EMA,i002,BNBUSDT,False,tp0.30,68401,-0.10316607649966597,-7056.662798653653,0.18356387508458757
EMA,i002,BNBUSDT,False,tp0.60,66599,-0.10136723391457407,-6750.956411476719,0.20553786671781518
EMA,i002,BNBUSDT,False,sl0.20,68450,-0.1014539797837113,-6944.524916195039,0.2054674991730126
EMA,i002,BNBUSDT,False,sl0.40,66737,-0.10185530428889451,-6797.517442327954,0.1986131213430729
EMA,i002,BNBUSDT,False,fee0.02,67089,-0.04197172044922978,-2815.840753218377,0.45418974191853584
EMA,i002,BNBUSDT,False,fee0.07,67089,-0.14197173814571207,-9524.741940457678,0.12777474987218948
EMA,i002,BNBUSDT,False,slip3,67089,-0.10755584090124257,-7215.813810223462,0.18714430261257614
EMA,i002,BNBUSDT,True,baseline,24414,-0.10229581896011955,-2497.4501240923587,0.34995467241728406
EMA,i002,BNBUSDT,True,delay+1,24390,-0.1029734206776827,-2511.5217303286813,0.34636181896079254
EMA,i002,BNBUSDT,True,tp0.30,25006,-0.1037855577817683,-2595.2616578908983,0.3184238595216324
EMA,i002,BNBUSDT,True,tp0.60,24207,-0.1017103090002631,-2462.101449969369,0.3599584070158486
EMA,i002,BNBUSDT,True,sl0.20,26281,-0.09995738520363447,-2626.9800405367173,0.3428465840490178
EMA,i002,BNBUSDT,True,sl0.40,23703,-0.10350177739918334,-2453.302629692843,0.3504624476992393
EMA,i002,BNBUSDT,True,fee0.02,24414,-0.0422966359858472,-1032.6300709584737,0.6403315886768325
EMA,i002,BNBUSDT,True,fee0.07,24414,-0.14229527427630106,-3473.9968261816143,0.2380944277337639
EMA,i002,BNBUSDT,True,slip3,24414,-0.10788729334164225,-2633.960379642854,0.3314157408548023
DEMA,i003,BNBUSDT,False,baseline,91557,-0.10119879005650327,-9265.45762120327,0.18402691888052486
DEMA,i003,BNBUSDT,False,delay+1,110339,-0.10228522626962301,-11286.049581363934,0.1885457430114022
DEMA,i003,BNBUSDT,False,tp0.30,94099,-0.10196883288427809,-9595.165205577683,0.17705821297212115
DEMA,i003,BNBUSDT,False,tp0.60,90531,-0.1009933669938611,-9143.03050732124,0.18363507894950187
DEMA,i003,BNBUSDT,False,sl0.20,93254,-0.10083810475330333,-9403.556620664549,0.18243994394460641
DEMA,i003,BNBUSDT,False,sl0.40,91020,-0.10127298952739056,-9217.867506783088,0.1837799144131277
DEMA,i003,BNBUSDT,False,fee0.02,91557,-0.04119888651864485,-3772.046452987567,0.44769518559529514
DEMA,i003,BNBUSDT,False,fee0.07,91557,-0.1411987257484089,-12927.731733347073,0.11281732542551735
DEMA,i003,BNBUSDT,False,slip3,91557,-0.10679063953704339,-9777.430584093081,0.1712901585536981
DEMA,i003,BNBUSDT,True,baseline,30564,-0.10091204846764583,-3084.275849365127,0.36579539835366176
DEMA,i003,BNBUSDT,True,delay+1,30497,-0.10151594041168507,-3095.9316347351596,0.36226460491706536
DEMA,i003,BNBUSDT,True,tp0.30,31759,-0.10220775591286,-3246.0161200365205,0.33220910421484406
DEMA,i003,BNBUSDT,True,tp0.60,30056,-0.10059258859308362,-3023.4108427537217,0.37393897609934407
DEMA,i003,BNBUSDT,True,sl0.20,33663,-0.09976277392133698,-3358.3142585139667,0.35183726408844607
DEMA,i003,BNBUSDT,True,sl0.40,29177,-0.10107252757615191,-2948.993137089384,0.3704950065873166
DEMA,i003,BNBUSDT,True,fee0.02,30564,-0.04091242107209533,-1250.4472376475214,0.6578626646080878
DEMA,i003,BNBUSDT,True,fee0.07,30564,-0.14091180006467952,-4306.828257176865,0.25171446775052086
DEMA,i003,BNBUSDT,True,slip3,30564,-0.10649703311239175,-3254.9753200471414,0.3469936324308296
TEMA,i004,BNBUSDT,False,baseline,103519,-0.10111552822354368,-10467.378366173018,0.16334782437460468
TEMA,i004,BNBUSDT,False,delay+1,124917,-0.10251146231392583,-12805.424337868672,0.1693686684611428
TEMA,i004,BNBUSDT,False,tp0.30,106175,-0.10158730244322109,-10786.031836908998,0.16060887873834875
TEMA,i004,BNBUSDT,False,tp0.60,102562,-0.1009020047856884,-10348.711414829773,0.1626878516158725
TEMA,i004,BNBUSDT,False,sl0.20,105440,-0.10086633088996441,-10635.345929037847,0.16105344688076143
TEMA,i004,BNBUSDT,False,sl0.40,102884,-0.1012496834691734,-10416.972434042436,0.16402899660010545
TEMA,i004,BNBUSDT,False,fee0.02,103519,-0.0411155436850231,-4256.239966729906,0.42737218371082736
TEMA,i004,BNBUSDT,False,fee0.07,103519,-0.1411155179158907,-14608.137299135089,0.09602083516864275
TEMA,i004,BNBUSDT,False,slip3,103519,-0.10670637645012451,-11046.137383740439,0.15111675828894572
TEMA,i004,BNBUSDT,True,baseline,32757,-0.10142520174600116,-3322.3853335937597,0.36812804547981476
TEMA,i004,BNBUSDT,True,delay+1,32682,-0.10131276018028226,-3311.103628211985,0.3664512312345248
TEMA,i004,BNBUSDT,True,tp0.30,34361,-0.10256525775788475,-3524.2448218186782,0.3363384607591607
TEMA,i004,BNBUSDT,True,tp0.60,32102,-0.10138683346334959,-3254.7201278404486,0.37441505239355405
TEMA,i004,BNBUSDT,True,sl0.20,36397,-0.10028075441495818,-3649.918618441233,0.3526807774579266
TEMA,i004,BNBUSDT,True,sl0.40,31027,-0.10210457048117326,-3167.998508319363,0.36971114388181386
TEMA,i004,BNBUSDT,True,fee0.02,32757,-0.0414256531361112,-1356.9801197795946,0.6578038246032736
TEMA,i004,BNBUSDT,True,fee0.07,32757,-0.14142490081926112,-4632.655476136537,0.25404181468458215
TEMA,i004,BNBUSDT,True,slip3,32757,-0.10700436925696025,-3505.142123750247,0.3493979494976746
Hull MA,i005,BNBUSDT,False,baseline,111127,-0.101217986113281,-11248.051142810578,0.15483756478758337
Hull MA,i005,BNBUSDT,False,delay+1,147107,-0.10237428477735924,-15059.973910742985,0.1485233845492671
Hull MA,i005,BNBUSDT,False,tp0.30,113632,-0.10223373605145285,-11617.02389499869,0.1492557834305661
Hull MA,i005,BNBUSDT,False,tp0.60,110188,-0.10106639629963218,-11136.30407546387,0.15446133733463635
Hull MA,i005,BNBUSDT,False,sl0.20,113262,-0.1010518585104751,-11445.335598613432,0.15445106307602977
Hull MA,i005,BNBUSDT,False,sl0.40,110429,-0.10167829880395043,-11228.232858621443,0.1532087658305165
Hull MA,i005,BNBUSDT,False,fee0.02,111127,-0.041218155504471846,-4580.449966745443,0.4193264681065225
Hull MA,i005,BNBUSDT,False,fee0.07,111127,-0.1412178731858204,-15693.118593520665,0.08903510048521224
Hull MA,i005,BNBUSDT,False,slip3,111127,-0.10680832323617288,-11869.288536266185,0.1428079765632791
Hull MA,i005,BNBUSDT,True,baseline,34000,-0.10115384583041333,-3439.2307582340536,0.3710925603746915
Hull MA,i005,BNBUSDT,True,delay+1,34012,-0.10238722317125527,-3482.394234500734,0.3639818006245299
Hull MA,i005,BNBUSDT,True,tp0.30,35871,-0.10233055444215731,-3670.6993183946247,0.3392345508324842
Hull MA,i005,BNBUSDT,True,tp0.60,33185,-0.10121439203581828,-3358.7995997086296,0.3770697654691067
Hull MA,i005,BNBUSDT,True,sl0.20,37866,-0.09969213346752476,-3774.9423258812926,0.356601532069853
Hull MA,i005,BNBUSDT,True,sl0.40,32223,-0.10173356214611534,-3278.160573034275,0.3740477200215124
Hull MA,i005,BNBUSDT,True,fee0.02,34000,-0.041154384045704324,-1399.249057553947,0.6612032949298795
Hull MA,i005,BNBUSDT,True,fee0.07,34000,-0.14115348702021935,-4799.2185586874575,0.25660233037711
Hull MA,i005,BNBUSDT,True,slip3,34000,-0.1067336414997516,-3628.9438109915545,0.35229400276911593
Hamming MA,i006,BNBUSDT,False,baseline,61106,-0.10166143579779525,-6212.123695860076,0.22369055585533976
Hamming MA,i006,BNBUSDT,False,delay+1,81199,-0.10218688937513201,-8297.473230371344,0.22964004075066374
Hamming MA,i006,BNBUSDT,False,tp0.30,62692,-0.10283982086998185,-6447.2340499809025,0.20772951511447652
Hamming MA,i006,BNBUSDT,False,tp0.60,60516,-0.1011982409151608,-6124.11274722187,0.22833188894687884
Hamming MA,i006,BNBUSDT,False,sl0.20,62723,-0.10092065619682372,-6330.046318633375,0.22863484446018473
Hamming MA,i006,BNBUSDT,False,sl0.40,60666,-0.10145201459852461,-6154.687917634094,0.22331243699020448
Hamming MA,i006,BNBUSDT,False,fee0.02,61106,-0.041661339945271283,-2545.757838695747,0.49245344390356616
Hamming MA,i006,BNBUSDT,False,fee0.07,61106,-0.14166149969947792,-8656.367600636297,0.14373633242048675
Hamming MA,i006,BNBUSDT,False,slip3,61106,-0.10724608936895476,-6553.37953697935,0.20971165132855904
Hamming MA,i006,BNBUSDT,True,baseline,24810,-0.10138989133530575,-2515.4832040289357,0.35461736452899895
Hamming MA,i006,BNBUSDT,True,delay+1,24774,-0.10245378844359988,-2538.1901549017434,0.34996844210338207
Hamming MA,i006,BNBUSDT,True,tp0.30,25343,-0.10303827268165688,-2611.29894457123,0.3213813928343965
Hamming MA,i006,BNBUSDT,True,tp0.60,24597,-0.10116080521200162,-2488.2523257996036,0.36316221225530043
Hamming MA,i006,BNBUSDT,True,sl0.20,26641,-0.0997510891369912,-2657.4687656985825,0.34509617583407043
Hamming MA,i006,BNBUSDT,True,sl0.40,24040,-0.102874270835308,-2473.0974708808044,0.3551485764962164
Hamming MA,i006,BNBUSDT,True,fee0.02,24810,-0.04139072545509033,-1026.903898540791,0.6471987996480012
Hamming MA,i006,BNBUSDT,True,fee0.07,24810,-0.14138933525544933,-3507.8694076876986,0.24187908958995297
Hamming MA,i006,BNBUSDT,True,slip3,24810,-0.10697934819308347,-2654.1576286704008,0.3359624710782781
Arnaud Legoux MA,i007,BNBUSDT,False,baseline,100339,-0.10199942129946601,-10234.51993376712,0.1585320192865968
Arnaud Legoux MA,i007,BNBUSDT,False,delay+1,123674,-0.10266784292929083,-12697.342806437115,0.16812435227377315
Arnaud Legoux MA,i007,BNBUSDT,False,tp0.30,102560,-0.10262412786678345,-10525.130554017309,0.15022893053778263
Arnaud Legoux MA,i007,BNBUSDT,False,tp0.60,99464,-0.10173747878723884,-10119.216590093925,0.16098560784883345
Arnaud Legoux MA,i007,BNBUSDT,False,sl0.20,102109,-0.10146916326980945,-10360.914792316975,0.16369767215393125
Arnaud Legoux MA,i007,BNBUSDT,False,sl0.40,99828,-0.1020712601733008,-10189.569760580272,0.15626687643858028
Arnaud Legoux MA,i007,BNBUSDT,False,fee0.02,100339,-0.041999359955465776,-4214.173778571481,0.4086154467153271
Arnaud Legoux MA,i007,BNBUSDT,False,fee0.07,100339,-0.14199946219546616,-14248.08403723088,0.09530122641692765
Arnaud Legoux MA,i007,BNBUSDT,False,slip3,100339,-0.10758452647857525,-10794.923802333762,0.1470496769279074
Arnaud Legoux MA,i007,BNBUSDT,True,baseline,31333,-0.1013504696517105,-3175.6142655970452,0.3616675671394422
Arnaud Legoux MA,i007,BNBUSDT,True,delay+1,31263,-0.10255903952300388,-3206.3032526076704,0.3567526044590173
Arnaud Legoux MA,i007,BNBUSDT,True,tp0.30,32693,-0.10349718442338428,-3383.6334503537023,0.3269894714963377
Arnaud Legoux MA,i007,BNBUSDT,True,tp0.60,30785,-0.10151308466950014,-3125.080311550562,0.3678550839590992
Arnaud Legoux MA,i007,BNBUSDT,True,sl0.20,34453,-0.1003789326928197,-3458.355368065717,0.348499248651179
Arnaud Legoux MA,i007,BNBUSDT,True,sl0.40,29996,-0.10200858665168777,-3059.8495652040265,0.3646124482697841
Arnaud Legoux MA,i007,BNBUSDT,True,fee0.02,31333,-0.04135106041826232,-1295.6527760854133,0.6530301032141379
Arnaud Legoux MA,i007,BNBUSDT,True,fee0.07,31333,-0.14135007580734263,-4428.9219252714665,0.24832021955956018
Arnaud Legoux MA,i007,BNBUSDT,True,slip3,31333,-0.10693541552721166,-3350.607374714123,0.34296666936341025
Least Squares MA,i008,BNBUSDT,False,baseline,59984,-0.10097788973086942,-6057.057737616471,0.2503354546089266
Least Squares MA,i008,BNBUSDT,False,delay+1,72635,-0.10248621557662864,-7444.08626840842,0.24830695585196128
Least Squares MA,i008,BNBUSDT,False,tp0.30,61791,-0.10210491813997988,-6309.164996787497,0.23340495409601675
Least Squares MA,i008,BNBUSDT,False,tp0.60,59205,-0.09983081879925604,-5910.483627009954,0.256826672955525
Least Squares MA,i008,BNBUSDT,False,sl0.20,61411,-0.10052339928732633,-6173.242473633998,0.24276822447190727
Least Squares MA,i008,BNBUSDT,False,sl0.40,59458,-0.10109217370648663,-6010.738464240282,0.25234001336008655
Least Squares MA,i008,BNBUSDT,False,fee0.02,59984,-0.04097786454586624,-2458.01622691924,0.5296042445527098
Least Squares MA,i008,BNBUSDT,False,fee0.07,59984,-0.14097790652087158,-8456.41874474796,0.1623657075455214
Least Squares MA,i008,BNBUSDT,False,slip3,59984,-0.10656864473396067,-6392.413585721897,0.23514234737649706
Least Squares MA,i008,BNBUSDT,True,baseline,24279,-0.10030740402417655,-2435.3634623029825,0.3622101063739864
Least Squares MA,i008,BNBUSDT,True,delay+1,24155,-0.10120915446351836,-2444.7071260662865,0.35841850737231357
Least Squares MA,i008,BNBUSDT,True,tp0.30,24833,-0.10157481939686748,-2522.40749008241,0.3301491936919246
Least Squares MA,i008,BNBUSDT,True,tp0.60,24090,-0.09954420088372766,-2398.0197992889994,0.374548290056761
Least Squares MA,i008,BNBUSDT,True,sl0.20,26251,-0.09925830551261759,-2605.6297780117247,0.3490735162509804
Least Squares MA,i008,BNBUSDT,True,sl0.40,23407,-0.10037477366438446,-2349.472327162247,0.3678439745278248
Least Squares MA,i008,BNBUSDT,True,fee0.02,24279,-0.040308754994295246,-978.6562625064942,0.657431275819464
Least Squares MA,i008,BNBUSDT,True,fee0.07,24279,-0.1403065033774308,-3406.5015955006425,0.2475109045222677
Least Squares MA,i008,BNBUSDT,True,slip3,24279,-0.10590037854291783,-2571.155290643502,0.34324354624735215
Smoothed MA,i009,BNBUSDT,False,baseline,57550,-0.10142430888043778,-5836.9689760691945,0.21780932751751358
Smoothed MA,i009,BNBUSDT,False,delay+1,68599,-0.10183347433418483,-6985.674505850744,0.2364017748224028
Smoothed MA,i009,BNBUSDT,False,tp0.30,58480,-0.10305752156382715,-6026.803861052612,0.1963160061664726
Smoothed MA,i009,BNBUSDT,False,tp0.60,57185,-0.10107841208997581,-5780.168995365267,0.22190867351586346
Smoothed MA,i009,BNBUSDT,False,sl0.20,58779,-0.10093641666029346,-5932.941634875389,0.22281674406537863
Smoothed MA,i009,BNBUSDT,False,sl0.40,57194,-0.1014277544186232,-5801.058986218735,0.21560321200665578
Smoothed MA,i009,BNBUSDT,False,fee0.02,57550,-0.0414240308703127,-2383.952976586496,0.4773785693042982
Smoothed MA,i009,BNBUSDT,False,fee0.07,57550,-0.14142449422052117,-8138.979642390993,0.14111353321245576
Smoothed MA,i009,BNBUSDT,False,slip3,57550,-0.10701035133151147,-6158.4457191284855,0.204415934739586
Smoothed MA,i009,BNBUSDT,True,baseline,21791,-0.10260225142088597,-2235.805660712526,0.34507374111945316
Smoothed MA,i009,BNBUSDT,True,delay+1,21774,-0.10383679452160464,-2260.9423639134193,0.3385086326740557
Smoothed MA,i009,BNBUSDT,True,tp0.30,22228,-0.10359374969675454,-2302.6818682594603,0.3160857447047372
Smoothed MA,i009,BNBUSDT,True,tp0.60,21666,-0.10214615284080178,-2213.0985474488116,0.3544972229758983
Smoothed MA,i009,BNBUSDT,True,sl0.20,23237,-0.09968786144154727,-2316.446836317234,0.3407251183551553
Smoothed MA,i009,BNBUSDT,True,sl0.40,21209,-0.10325493773344818,-2189.933974388702,0.3466750302359441
Smoothed MA,i009,BNBUSDT,True,fee0.02,21791,-0.04260321812201531,-928.3667260968356,0.6353070098208852
Smoothed MA,i009,BNBUSDT,True,fee0.07,21791,-0.14260160695346635,-3107.4316171229857,0.23387165882542285
Smoothed MA,i009,BNBUSDT,True,slip3,21791,-0.10819338958534033,-2357.642152454151,0.32660988996785223
Adaptive MA,i010,BNBUSDT,False,baseline,52748,-0.10149063705463116,-5353.428123357685,0.23359389090578794
Adaptive MA,i010,BNBUSDT,False,delay+1,63687,-0.1018166056793965,-6484.394165903725,0.24942974557836087
Adaptive MA,i010,BNBUSDT,False,tp0.30,53790,-0.10228842382501266,-5502.09431754743,0.21376434250226478
Adaptive MA,i010,BNBUSDT,False,tp0.60,52337,-0.10088816995867952,-5280.184151127411,0.2403923613656359
Adaptive MA,i010,BNBUSDT,False,sl0.20,54117,-0.1006071570184642,-5444.557516368227,0.23994852897695512
Adaptive MA,i010,BNBUSDT,False,sl0.40,52358,-0.10137901147359812,-5308.00228273465,0.23178355393796307
Adaptive MA,i010,BNBUSDT,False,fee0.02,52748,-0.04149025047200432,-2188.527731897284,0.5022345847634746
Adaptive MA,i010,BNBUSDT,False,fee0.07,52748,-0.14149089477638238,-7463.361717664617,0.15110979941034736
Adaptive MA,i010,BNBUSDT,False,slip3,52748,-0.10707943612094004,-5648.226096507345,0.21926187409330922
Adaptive MA,i010,BNBUSDT,True,baseline,21306,-0.10082198818296281,-2148.1132802262055,0.3558651551945502
Adaptive MA,i010,BNBUSDT,True,delay+1,21312,-0.10334150313233306,-2202.4141147562823,0.34413809681955343
Adaptive MA,i010,BNBUSDT,True,tp0.30,21708,-0.10277255306395734,-2230.986581912386,0.320020886951896
Adaptive MA,i010,BNBUSDT,True,tp0.60,21160,-0.10044885670993665,-2125.4978079822595,0.3652231924986525
Adaptive MA,i010,BNBUSDT,True,sl0.20,22657,-0.09907111224574791,-2244.6541901519104,0.34693207752181787
Adaptive MA,i010,BNBUSDT,True,sl0.40,20804,-0.10207163503437805,-2123.498295255201,0.3557127678594204
Adaptive MA,i010,BNBUSDT,True,fee0.02,21306,-0.04082309200793496,-869.7767983210621,0.6506111775087979
Adaptive MA,i010,BNBUSDT,True,fee0.07,21306,-0.14082125229964804,-3000.337601496301,0.24247248609227148
Adaptive MA,i010,BNBUSDT,True,slip3,21306,-0.10641947153805119,-2267.3732605897185,0.33704368889942554
Multi-Timeframe MA,i011,BNBUSDT,False,baseline,11270,-0.10104675839960095,-1138.7969671635026,0.2587570744679125
Multi-Timeframe MA,i011,BNBUSDT,False,delay+1,12889,-0.1011667983894367,-1303.9388644414496,0.272150463672447
Multi-Timeframe MA,i011,BNBUSDT,False,tp0.30,11331,-0.10204659114370594,-1156.289924249332,0.23109200917655573
Multi-Timeframe MA,i011,BNBUSDT,False,tp0.60,11253,-0.10066906900342369,-1132.829033495527,0.26830793819003274
Multi-Timeframe MA,i011,BNBUSDT,False,sl0.20,11617,-0.10100643470872019,-1173.3917520112022,0.2608907498857102
Multi-Timeframe MA,i011,BNBUSDT,False,sl0.40,11186,-0.10095398151114143,-1129.271237183628,0.258723098676836
Multi-Timeframe MA,i011,BNBUSDT,False,fee0.02,11270,-0.04104738574930234,-462.60403739463743,0.5355812246730206
Multi-Timeframe MA,i011,BNBUSDT,False,fee0.07,11270,-0.14104634016646667,-1589.5922536760793,0.16908702077039595
Multi-Timeframe MA,i011,BNBUSDT,False,slip3,11270,-0.10662001768463848,-1201.6075993058755,0.2434142031887973
Multi-Timeframe MA,i011,BNBUSDT,True,baseline,4591,-0.09920537688185825,-455.4518852646112,0.33220590209450335
Multi-Timeframe MA,i011,BNBUSDT,True,delay+1,4631,-0.10205686895960707,-472.6253601519403,0.3230820403859468
Multi-Timeframe MA,i011,BNBUSDT,True,tp0.30,4615,-0.09990211292909561,-461.04825116777624,0.3049226833877099
Multi-Timeframe MA,i011,BNBUSDT,True,tp0.60,4587,-0.09887874487544031,-453.55680274364477,0.3401600720362728
Multi-Timeframe MA,i011,BNBUSDT,True,sl0.20,4825,-0.09981522294305817,-481.6084507002556,0.31894499559219097
Multi-Timeframe MA,i011,BNBUSDT,True,sl0.40,4519,-0.10055907285813515,-454.42645024591275,0.33310672530923424
Multi-Timeframe MA,i011,BNBUSDT,True,fee0.02,4591,-0.039205564933223774,-179.99274860843036,0.6401539327341059
Multi-Timeframe MA,i011,BNBUSDT,True,fee0.07,4591,-0.13920525151428126,-639.0913097020652,0.21839110740730983
Multi-Timeframe MA,i011,BNBUSDT,True,slip3,4591,-0.10481439586520383,-481.2028914171508,0.31304918635334594
WMA,i012,BNBUSDT,False,baseline,75902,-0.10144336184999456,-7699.754051138288,0.19479056416043913
WMA,i012,BNBUSDT,False,delay+1,93938,-0.10206520608343957,-9587.801329066146,0.206113973627204
WMA,i012,BNBUSDT,False,tp0.30,77722,-0.10267926082952973,-7980.437510192709,0.18062997741881
WMA,i012,BNBUSDT,False,tp0.60,75163,-0.10091395961633197,-7584.99594664236,0.19868637147721646
WMA,i012,BNBUSDT,False,sl0.20,77404,-0.10101342456610392,-7818.843115114709,0.19932082558645609
WMA,i012,BNBUSDT,False,sl0.40,75474,-0.10141259990669962,-7654.014565358249,0.19340475635642576
WMA,i012,BNBUSDT,False,fee0.02,75902,-0.04144331432254678,-3145.630443709946,0.4550695140099983
WMA,i012,BNBUSDT,False,fee0.07,75902,-0.14144339353495977,-10735.836456090517,0.122488182503695
WMA,i012,BNBUSDT,False,slip3,75902,-0.10702885337236373,-8123.704028669153,0.18196321186000983
WMA,i012,BNBUSDT,True,baseline,27192,-0.10096719587171621,-2745.499990143707,0.3584552594319867
WMA,i012,BNBUSDT,True,delay+1,27133,-0.101734141249722,-2760.3524545287064,0.35483371553394044
WMA,i012,BNBUSDT,True,tp0.30,27969,-0.10238859358389955,-2863.7065739480863,0.32580837031135484
WMA,i012,BNBUSDT,True,tp0.60,26870,-0.10082275217650127,-2709.107350982589,0.36615652300458373
WMA,i012,BNBUSDT,True,sl0.20,29458,-0.09908912473659563,-2918.967436490634,0.34954765232028473
WMA,i012,BNBUSDT,True,sl0.40,26248,-0.1019994724617561,-2677.282153176174,0.3603404720753991
WMA,i012,BNBUSDT,True,fee0.02,27192,-0.040967903498944684,-1113.999231943304,0.6517891230384989
WMA,i012,BNBUSDT,True,fee0.07,27192,-0.14096672412023054,-3833.1671622773088,0.24507674801652563
WMA,i012,BNBUSDT,True,slip3,27192,-0.10655451846098887,-2897.4304659912095,0.3397142044514373
McGinley Dynamic,i013,BNBUSDT,False,baseline,41770,-0.10123337020774278,-4228.517873577417,0.23763940544288953
McGinley Dynamic,i013,BNBUSDT,False,delay+1,49007,-0.10138888319312121,-4968.764998645291,0.2586125143619343
McGinley Dynamic,i013,BNBUSDT,False,tp0.30,42235,-0.10234689496959234,-4322.621109040733,0.21403444020595386
McGinley Dynamic,i013,BNBUSDT,False,tp0.60,41604,-0.10113087007086964,-4207.448718428461,0.24236341920506183
McGinley Dynamic,i013,BNBUSDT,False,sl0.20,42752,-0.10097090887147336,-4316.708296073229,0.24192221252999582
McGinley Dynamic,i013,BNBUSDT,False,sl0.40,41507,-0.10102866439590918,-4193.396773081003,0.2365846561653698
McGinley Dynamic,i013,BNBUSDT,False,fee0.02,41770,-0.04123268499008295,-1722.289252035765,0.5037761052335039
McGinley Dynamic,i013,BNBUSDT,False,fee0.07,41770,-0.141233827019516,-5899.336954605184,0.1546413167894312
McGinley Dynamic,i013,BNBUSDT,False,slip3,41770,-0.10682408044436159,-4462.041840160984,0.22330294953206153
McGinley Dynamic,i013,BNBUSDT,True,baseline,16331,-0.10035203949801319,-1638.8491570420533,0.3501259069387877
McGinley Dynamic,i013,BNBUSDT,True,delay+1,16366,-0.10164654601285968,-1663.5473720464613,0.3432871615116756
McGinley Dynamic,i013,BNBUSDT,True,tp0.30,16536,-0.10226474042165923,-1691.049747612557,0.3163961739237991
McGinley Dynamic,i013,BNBUSDT,True,tp0.60,16266,-0.10004519160129458,-1627.3350865866576,0.35903255362092756
McGinley Dynamic,i013,BNBUSDT,True,sl0.20,17317,-0.09879389972307037,-1710.8139615044095,0.34187655261529987
McGinley Dynamic,i013,BNBUSDT,True,sl0.40,16003,-0.101088752664022,-1617.7233088823439,0.3513961176225897
McGinley Dynamic,i013,BNBUSDT,True,fee0.02,16331,-0.040353378048185964,-659.011016904925,0.6483126945908834
McGinley Dynamic,i013,BNBUSDT,True,fee0.07,16331,-0.1403511471312313,-2292.074583800139,0.23670853947046766
McGinley Dynamic,i013,BNBUSDT,True,slip3,16331,-0.1059588948383317,-1730.414711604795,0.3312145270668289
Guppy MMA,i014,BNBUSDT,False,baseline,19056,-0.10018206480806838,-1909.0694269825508,0.3470646349237449
Guppy MMA,i014,BNBUSDT,False,delay+1,21315,-0.09971402485196054,-2125.404439719539,0.33595577469833116
Guppy MMA,i014,BNBUSDT,False,tp0.30,19098,-0.10223938555459308,-1952.5677853216187,0.31072954772397704
Guppy MMA,i014,BNBUSDT,False,tp0.60,19040,-0.09952955740223199,-1895.042772938497,0.3589754258921537
Guppy MMA,i014,BNBUSDT,False,sl0.20,20585,-0.09867552023421454,-2031.2355840213063,0.3355373700037372
Guppy MMA,i014,BNBUSDT,False,sl0.40,18318,-0.10140232680833873,-1857.4878224751487,0.3459775318234076
Guppy MMA,i014,BNBUSDT,False,fee0.02,19056,-0.04018271256490027,-765.7217706367395,0.6462228974046214
Guppy MMA,i014,BNBUSDT,False,fee0.07,19056,-0.14018163297018044,-2671.301197879758,0.2338669758198196
Guppy MMA,i014,BNBUSDT,False,slip3,19056,-0.10577045961496546,-2015.561878422782,0.3282554011124119
Guppy MMA,i014,BNBUSDT,True,baseline,8921,-0.10019267246213824,-893.8188310347351,0.3514844880825013
Guppy MMA,i014,BNBUSDT,True,delay+1,8904,-0.10011009382696673,-891.3802754353118,0.35182741009688623
Guppy MMA,i014,BNBUSDT,True,tp0.30,8944,-0.10261420491628305,-917.7814487712358,0.31208764373438275
Guppy MMA,i014,BNBUSDT,True,tp0.60,8911,-0.0997084506018703,-888.5020033132662,0.3640511843995822
Guppy MMA,i014,BNBUSDT,True,sl0.20,9213,-0.09875654621010256,-909.8440602336748,0.34028775149053647
Guppy MMA,i014,BNBUSDT,True,sl0.40,8794,-0.10012249881584065,-880.4772545865026,0.35704125526597924
Guppy MMA,i014,BNBUSDT,True,fee0.02,8921,-0.04019344911328795,-358.56575953964176,0.6489614952974148
Guppy MMA,i014,BNBUSDT,True,fee0.07,8921,-0.1401921546947051,-1250.654212031464,0.23842541211060753
Guppy MMA,i014,BNBUSDT,True,slip3,8921,-0.1058129676251723,-943.9574841841621,0.33262556170237756
MA Cross,i015,BNBUSDT,False,baseline,24773,-0.09788256814134241,-2424.8448605654753,0.3385149195218616
MA Cross,i015,BNBUSDT,False,delay+1,32083,-0.09959347142931647,-3195.2573438667605,0.3158518133564436
MA Cross,i015,BNBUSDT,False,tp0.30,24844,-0.09942164039807311,-2470.0312340497285,0.30498009927419956
MA Cross,i015,BNBUSDT,False,tp0.60,24764,-0.09794080466425875,-2425.4060867057037,0.3454532369241105
MA Cross,i015,BNBUSDT,False,sl0.20,26659,-0.09758514042308375,-2601.5222585389897,0.3256746148186063
MA Cross,i015,BNBUSDT,False,sl0.40,23874,-0.09918430522685621,-2367.9261029859654,0.33606940175741984
MA Cross,i015,BNBUSDT,False,fee0.02,24773,-0.03788217348267905,-938.455083686408,0.6456484880220303
MA Cross,i015,BNBUSDT,False,fee0.07,24773,-0.137882831247118,-3415.771378484854,0.22587235778333767
MA Cross,i015,BNBUSDT,False,slip3,24773,-0.10346529570375107,-2563.145770469025,0.31964346216100503
MA Cross,i015,BNBUSDT,True,baseline,11885,-0.09835676311804409,-1168.970129657954,0.35228573291483173
MA Cross,i015,BNBUSDT,True,delay+1,11921,-0.09963556586881309,-1187.755580722121,0.34671816185470583
MA Cross,i015,BNBUSDT,True,tp0.30,11930,-0.10092012905368285,-1203.9771396104363,0.3146043207909602
MA Cross,i015,BNBUSDT,True,tp0.60,11874,-0.09803266840750961,-1164.0399046707691,0.3613199371794245
MA Cross,i015,BNBUSDT,True,sl0.20,12008,-0.09871215140846931,-1185.3355141128995,0.3325206501108467
MA Cross,i015,BNBUSDT,True,sl0.40,11848,-0.09897907252161184,-1172.704051236057,0.35747723444460533
MA Cross,i015,BNBUSDT,True,fee0.02,11885,-0.038356939840905886,-455.87223000916646,0.6587718144912823
MA Cross,i015,BNBUSDT,True,fee0.07,11885,-0.1383566453028029,-1644.3687294238125,0.23654485505601602
MA Cross,i015,BNBUSDT,True,slip3,11885,-0.10397206058947461,-1235.7079401059057,0.3329477757609202
EMA Cross,i016,BNBUSDT,False,baseline,20718,-0.09875024065343627,-2045.9074858578927,0.3326088159957195
EMA Cross,i016,BNBUSDT,False,delay+1,26230,-0.09940853174957359,-2607.4857877913155,0.31708343290343116
EMA Cross,i016,BNBUSDT,False,tp0.30,20768,-0.10017357547914736,-2080.4048155509327,0.3003288778111607
EMA Cross,i016,BNBUSDT,False,tp0.60,20701,-0.09782891174965093,-2025.156302129524,0.344708628808828
EMA Cross,i016,BNBUSDT,False,sl0.20,22129,-0.09681819950081806,-2142.4899367536027,0.33209313937948964
EMA Cross,i016,BNBUSDT,False,sl0.40,20137,-0.09960525608870793,-2005.7510418583117,0.3291075462289279
EMA Cross,i016,BNBUSDT,False,fee0.02,20718,-0.03874936569140984,-802.809358394629,0.6361333211474366
EMA Cross,i016,BNBUSDT,False,fee0.07,20718,-0.13875082396145388,-2874.6395708334016,0.22144780331115674
EMA Cross,i016,BNBUSDT,False,slip3,20718,-0.104340931382561,-2161.7354163838986,0.3139712679187811
EMA Cross,i016,BNBUSDT,True,baseline,9330,-0.09595663296955868,-895.2753856059825,0.36053043039176297
EMA Cross,i016,BNBUSDT,True,delay+1,9312,-0.09788827636876983,-911.5356295459846,0.3511056576851322
EMA Cross,i016,BNBUSDT,True,tp0.30,9336,-0.09922023606587871,-926.3201239110437,0.3182256731167357
EMA Cross,i016,BNBUSDT,True,tp0.60,9330,-0.0950409334184458,-886.7319087940994,0.3739755768372656
EMA Cross,i016,BNBUSDT,True,sl0.20,9589,-0.09530950030755762,-913.92279844917,0.346808171713428
EMA Cross,i016,BNBUSDT,True,sl0.40,9225,-0.09663495160556324,-891.4574285613207,0.36339949160635354
EMA Cross,i016,BNBUSDT,True,fee0.02,9330,-0.0359564262758167,-335.47345715336985,0.6759027006327856
EMA Cross,i016,BNBUSDT,True,fee0.07,9330,-0.13595677076538668,-1268.4766712410576,0.2417214342482267
EMA Cross,i016,BNBUSDT,True,slip3,9330,-0.10157201049166176,-947.6668578872042,0.3406530254663366
MA-EMA Cross,i017,BNBUSDT,False,baseline,46586,-0.10141411052417121,-4724.47775287904,0.2749166459337784
MA-EMA Cross,i017,BNBUSDT,False,delay+1,74246,-0.10233533190117941,-7597.989052334967,0.24786322876146585
MA-EMA Cross,i017,BNBUSDT,False,tp0.30,48498,-0.10271823351735891,-4981.628889124873,0.2562089839408337
MA-EMA Cross,i017,BNBUSDT,False,tp0.60,45821,-0.10051263464751269,-4605.589432183679,0.2822357910479943
MA-EMA Cross,i017,BNBUSDT,False,sl0.20,48681,-0.10057220486119427,-4895.955504847798,0.2667019996404114
MA-EMA Cross,i017,BNBUSDT,False,sl0.40,45738,-0.10207674297076565,-4668.78606999688,0.27544994158406266
MA-EMA Cross,i017,BNBUSDT,False,fee0.02,46586,-0.041414063172212696,-1929.3155469407004,0.5652724293146877
MA-EMA Cross,i017,BNBUSDT,False,fee0.07,46586,-0.14141414209214354,-6587.919223504599,0.17874042837056234
MA-EMA Cross,i017,BNBUSDT,False,slip3,46586,-0.10700226528076644,-4984.807530369785,0.25845029407659187
MA-EMA Cross,i017,BNBUSDT,True,baseline,23859,-0.10211579541879147,-2436.3807628969453,0.352451410815656
MA-EMA Cross,i017,BNBUSDT,True,delay+1,23913,-0.10290176566904806,-2460.6899224439458,0.34828824192845537
MA-EMA Cross,i017,BNBUSDT,True,tp0.30,24224,-0.10302464203544773,-2495.668928666686,0.32150618054317254
MA-EMA Cross,i017,BNBUSDT,True,tp0.60,23720,-0.10097739937852486,-2395.1839132586097,0.3666068480288467
MA-EMA Cross,i017,BNBUSDT,True,sl0.20,25373,-0.10060319658605227,-2552.604906977904,0.33821486490243985
MA-EMA Cross,i017,BNBUSDT,True,sl0.40,23119,-0.10299916484833609,-2381.237692128682,0.35562997614771097
MA-EMA Cross,i017,BNBUSDT,True,fee0.02,23859,-0.04211639571588571,-1004.8550853853171,0.642988092534099
MA-EMA Cross,i017,BNBUSDT,True,fee0.07,23859,-0.1421153952207286,-3390.731214571364,0.24007751121598778
MA-EMA Cross,i017,BNBUSDT,True,slip3,23859,-0.10771323802721235,-2569.9301460912593,0.33387273851687604
SuperTrend,i018,BNBUSDT,False,baseline,18080,-0.09930996974803752,-1795.5242530445182,0.3391845755873257
SuperTrend,i018,BNBUSDT,False,delay+1,22192,-0.09911360737753988,-2199.529174922365,0.32266289888896177
SuperTrend,i018,BNBUSDT,False,tp0.30,18201,-0.10087030654088112,-1835.9404493505774,0.30664708547123165
SuperTrend,i018,BNBUSDT,False,tp0.60,18038,-0.09918438194553958,-1789.0878815336428,0.34685464728326937
SuperTrend,i018,BNBUSDT,False,sl0.20,19014,-0.09915559347001988,-1885.3444542389582,0.32325880567019966
SuperTrend,i018,BNBUSDT,False,sl0.40,17569,-0.09955375528286386,-1749.0599265646351,0.34253947196685164
SuperTrend,i018,BNBUSDT,False,fee0.02,18080,-0.03930906606257588,-710.7079144113719,0.6431735770992655
SuperTrend,i018,BNBUSDT,False,fee0.07,18080,-0.13931057220501192,-2518.735145466616,0.22619154535219538
SuperTrend,i018,BNBUSDT,False,slip3,18080,-0.10493240927933953,-1897.1779597704585,0.3201958024672565
SuperTrend,i018,BNBUSDT,True,baseline,8147,-0.10002736439520862,-814.9229377277645,0.3359172800743223
SuperTrend,i018,BNBUSDT,True,delay+1,8156,-0.10095022178948923,-823.3500089150741,0.3306726549824818
SuperTrend,i018,BNBUSDT,True,tp0.30,8149,-0.10276898654321973,-837.4644713406976,0.2959887001428818
SuperTrend,i018,BNBUSDT,True,tp0.60,8146,-0.09999542413067539,-814.5627249684816,0.3435943589217796
SuperTrend,i018,BNBUSDT,True,sl0.20,8180,-0.09873664418066667,-807.6657493978533,0.3223043275295641
SuperTrend,i018,BNBUSDT,True,sl0.40,8118,-0.09990584451032122,-811.0356457347876,0.3436939428017442
SuperTrend,i018,BNBUSDT,True,fee0.02,8147,-0.04002742170247332,-326.1034046100501,0.6385079473358436
SuperTrend,i018,BNBUSDT,True,fee0.07,8147,-0.14002732619036545,-1140.8026264729074,0.22355119170696136
SuperTrend,i018,BNBUSDT,True,slip3,8147,-0.10569112321702105,-861.0655808490706,0.3169203363393987
Ichimoku Cloud,i019,BNBUSDT,False,baseline,19155,-0.09927121838684504,-1901.5401882000167,0.33025461416773927
Ichimoku Cloud,i019,BNBUSDT,False,delay+1,22683,-0.09957168514018408,-2258.584534034795,0.316912311458436
Ichimoku Cloud,i019,BNBUSDT,False,tp0.30,19282,-0.10107309518562403,-1948.8914213692028,0.29611457827351784
Ichimoku Cloud,i019,BNBUSDT,False,tp0.60,19117,-0.098092601874884,-1875.2362700421575,0.34380793314268726
Ichimoku Cloud,i019,BNBUSDT,False,sl0.20,20555,-0.09864669517551931,-2027.6828193327995,0.3259153105641538
Ichimoku Cloud,i019,BNBUSDT,False,sl0.40,18621,-0.09971153552711592,-1856.7285030504258,0.3281133518735746
Ichimoku Cloud,i019,BNBUSDT,False,fee0.02,19155,-0.03927065994400509,-752.2294912274174,0.6309011322487572
Ichimoku Cloud,i019,BNBUSDT,False,fee0.07,19155,-0.13927159068207165,-2667.7473195150824,0.22081020676047342
Ichimoku Cloud,i019,BNBUSDT,False,slip3,19155,-0.10485354318012485,-2008.4696196152915,0.3118772328110279
Ichimoku Cloud,i019,BNBUSDT,True,baseline,8506,-0.10022407598013014,-852.5059902869871,0.34965504460719504
Ichimoku Cloud,i019,BNBUSDT,True,delay+1,8531,-0.10093379253639594,-861.0661841279939,0.3491274126278229
Ichimoku Cloud,i019,BNBUSDT,True,tp0.30,8578,-0.10323063819359371,-885.5124144246469,0.3085104579433061
Ichimoku Cloud,i019,BNBUSDT,True,tp0.60,8483,-0.09873614723518093,-837.5787369960399,0.365424713210104
Ichimoku Cloud,i019,BNBUSDT,True,sl0.20,8960,-0.09920265314951636,-888.8557722196665,0.3388626530895278
Ichimoku Cloud,i019,BNBUSDT,True,sl0.40,8350,-0.10038659955567147,-838.2281062898569,0.35302593084550243
Ichimoku Cloud,i019,BNBUSDT,True,fee0.02,8506,-0.040224194012837194,-342.1469942731932,0.6475370754159501
Ichimoku Cloud,i019,BNBUSDT,True,fee0.07,8506,-0.14022399729165877,-1192.7453209628493,0.23697066623884555
Ichimoku Cloud,i019,BNBUSDT,True,slip3,8506,-0.10583586515678339,-900.2398690235996,0.3307905276728086
Parabolic SAR,i020,BNBUSDT,False,baseline,34743,-0.10158191815700117,-3529.2605825286914,0.3215763573009472
Parabolic SAR,i020,BNBUSDT,False,delay+1,52191,-0.10177577319952306,-5311.779379056308,0.3002298325344035
Parabolic SAR,i020,BNBUSDT,False,tp0.30,35733,-0.10192667335553479,-3642.1458190133253,0.2977532407043499
Parabolic SAR,i020,BNBUSDT,False,tp0.60,34353,-0.10148600100146003,-3486.3485924031565,0.3275898278963793
Parabolic SAR,i020,BNBUSDT,False,sl0.20,37150,-0.10125345157096048,-3761.565725861182,0.3136975001166635
Parabolic SAR,i020,BNBUSDT,False,sl0.40,33754,-0.1020951732226334,-3446.120476956768,0.3197239343415407
Parabolic SAR,i020,BNBUSDT,False,fee0.02,34743,-0.04158181933511969,-1444.6771491600632,0.6107800132846917
Parabolic SAR,i020,BNBUSDT,False,fee0.07,34743,-0.14158198403825545,-4918.98287144111,0.21650389907396989
Parabolic SAR,i020,BNBUSDT,False,slip3,34743,-0.10716528167345693,-3723.2433811809137,0.3039712356549518
Parabolic SAR,i020,BNBUSDT,True,baseline,18752,-0.10045937081982187,-1883.8141216132997,0.35584862452891314
Parabolic SAR,i020,BNBUSDT,True,delay+1,18795,-0.10152005587003132,-1908.0694500772388,0.3506947089564512
Parabolic SAR,i020,BNBUSDT,True,tp0.30,18860,-0.10149001518798646,-1914.1016864454248,0.32282640676032914
Parabolic SAR,i020,BNBUSDT,True,tp0.60,18724,-0.0998327016294377,-1869.2675053095918,0.36833304663585154
Parabolic SAR,i020,BNBUSDT,True,sl0.20,19387,-0.10012155094750029,-1941.056508219188,0.3361059748666442
Parabolic SAR,i020,BNBUSDT,True,sl0.40,18452,-0.10141663675841926,-1871.3397814663522,0.3591022527407492
Parabolic SAR,i020,BNBUSDT,True,fee0.02,18752,-0.04046029497568443,-758.7114513840344,0.6528132974561892
Parabolic SAR,i020,BNBUSDT,True,fee0.07,18752,-0.1404587547159135,-2633.8825684328094,0.2415560785236866
Parabolic SAR,i020,BNBUSDT,True,slip3,18752,-0.10606237974743976,-1988.8817450239906,0.33687565285227883
Directional Movement,i021,BNBUSDT,False,baseline,33168,-0.10299326834494528,-3416.080724465145,0.2552144791618841
Directional Movement,i021,BNBUSDT,False,delay+1,45126,-0.10108876341713652,-4561.731537961703,0.2631681176786314
Directional Movement,i021,BNBUSDT,False,tp0.30,33484,-0.10370272393362177,-3472.3820081933914,0.23144650000021644
Directional Movement,i021,BNBUSDT,False,tp0.60,33072,-0.10282501827999127,-3400.6290045558712,0.2614826472926835
Directional Movement,i021,BNBUSDT,False,sl0.20,34569,-0.1018884580054897,-3522.182104791774,0.2617921360468187
Directional Movement,i021,BNBUSDT,False,sl0.40,32760,-0.10288511581072819,-3370.5163939594554,0.25398393742577935
Directional Movement,i021,BNBUSDT,False,fee0.02,33168,-0.04299228671848108,-1425.9681658785803,0.526310274922117
Directional Movement,i021,BNBUSDT,False,fee0.07,33168,-0.14299392276258807,-4742.822430189522,0.16689852211137388
Directional Movement,i021,BNBUSDT,False,slip3,33168,-0.10858366783724768,-3601.5030948258313,0.24008876711050506
Directional Movement,i021,BNBUSDT,True,baseline,14433,-0.10109064615890885,-1459.0412960115314,0.34357937420149254
Directional Movement,i021,BNBUSDT,True,delay+1,14456,-0.10037737034108168,-1451.055265650677,0.34550537503486334
Directional Movement,i021,BNBUSDT,True,tp0.30,14579,-0.10205509514813077,-1487.8612321645985,0.31361733530562885
Directional Movement,i021,BNBUSDT,True,tp0.60,14405,-0.10072748908075108,-1450.979480208219,0.3534440415790481
Directional Movement,i021,BNBUSDT,True,sl0.20,15239,-0.09989670705985272,-1522.3259188850957,0.3337380594399001
Directional Movement,i021,BNBUSDT,True,sl0.40,14184,-0.10243955466226937,-1453.0026433296287,0.34476536602318164
Directional Movement,i021,BNBUSDT,True,fee0.02,14433,-0.04109109129216488,-593.0677206198158,0.6402120776544831
Directional Movement,i021,BNBUSDT,True,fee0.07,14433,-0.1410903494034048,-2036.3570129393415,0.2312550716641074
Directional Movement,i021,BNBUSDT,True,slip3,14433,-0.10669345379699512,-1539.9066186520306,0.32484777104183027
Vortex,i022,BNBUSDT,False,baseline,37719,-0.10083521699673745,-3803.40354989994,0.26853192663131054
Vortex,i022,BNBUSDT,False,delay+1,46986,-0.0999284981535615,-4695.24041424324,0.27678747272629733
Vortex,i022,BNBUSDT,False,tp0.30,37934,-0.10168958000174022,-3857.492527786014,0.24229444040593562
Vortex,i022,BNBUSDT,False,tp0.60,37651,-0.10077842349317762,-3794.4084229416303,0.27521251959514537
Vortex,i022,BNBUSDT,False,sl0.20,39694,-0.09968079687681308,-3956.729551228218,0.2702720056946141
Vortex,i022,BNBUSDT,False,sl0.40,36976,-0.10076241041396715,-3725.7908874668487,0.2669416253390744
Vortex,i022,BNBUSDT,False,fee0.02,37719,-0.040834678680782076,-1540.243245160419,0.555380613810528
Vortex,i022,BNBUSDT,False,fee0.07,37719,-0.14083557587404102,-5312.177086392953,0.17463815126990695
Vortex,i022,BNBUSDT,False,slip3,37719,-0.10642971904806912,-4014.4225727741186,0.2524238176502867
Vortex,i022,BNBUSDT,True,baseline,16088,-0.0984120942147344,-1583.253771726647,0.3581229520532839
Vortex,i022,BNBUSDT,True,delay+1,16180,-0.09854220852992762,-1594.412934014229,0.35668695235059056
Vortex,i022,BNBUSDT,True,tp0.30,16282,-0.10045661257542086,-1635.6345659530025,0.32223033816600244
Vortex,i022,BNBUSDT,True,tp0.60,16032,-0.0974435862851497,-1562.2155753235197,0.37078723216541115
Vortex,i022,BNBUSDT,True,sl0.20,16761,-0.09710158149894575,-1627.5196075038298,0.34732996558788826
Vortex,i022,BNBUSDT,True,sl0.40,15848,-0.09923908026093847,-1572.7409439753528,0.3593495030679401
Vortex,i022,BNBUSDT,True,fee0.02,16088,-0.03841260094798856,-617.98192405124,0.6623816732521955
Vortex,i022,BNBUSDT,True,fee0.07,16088,-0.13841175639256492,-2226.7683368435846,0.2417835092788202
Vortex,i022,BNBUSDT,True,slip3,16088,-0.1040135560562944,-1673.3700898336647,0.33879670989099714
Williams Alligator,i023,BNBUSDT,False,baseline,23736,-0.10116515200888268,-2401.2560480828392,0.31777892838291594
Williams Alligator,i023,BNBUSDT,False,delay+1,29708,-0.10121887470355395,-3007.0103296931807,0.29839225346842496
Williams Alligator,i023,BNBUSDT,False,tp0.30,24024,-0.10261668246270465,-2465.2631794840163,0.28693132592495735
Williams Alligator,i023,BNBUSDT,False,tp0.60,23646,-0.1003450616864931,-2372.759328638816,0.3286293880416408
Williams Alligator,i023,BNBUSDT,False,sl0.20,25167,-0.10003155721324726,-2517.494200385794,0.3060254400652368
Williams Alligator,i023,BNBUSDT,False,sl0.40,22943,-0.10145733440189628,-2327.735623182706,0.3198297048700411
Williams Alligator,i023,BNBUSDT,False,fee0.02,23736,-0.041165660103087455,-977.1081082068839,0.6156433052367911
Williams Alligator,i023,BNBUSDT,False,fee0.07,23736,-0.1411648132794128,-3350.6880080001424,0.21042281320595307
Williams Alligator,i023,BNBUSDT,False,slip3,23736,-0.10675382682475147,-2533.908833512301,0.2997346176922329
Williams Alligator,i023,BNBUSDT,True,baseline,11276,-0.09907885092806791,-1117.2131230648936,0.35723478797831504
Williams Alligator,i023,BNBUSDT,True,delay+1,11315,-0.09838793326566853,-1113.2594649010393,0.35684721933525826
Williams Alligator,i023,BNBUSDT,True,tp0.30,11478,-0.10139882082097129,-1163.8556653831085,0.31995323061336123
Williams Alligator,i023,BNBUSDT,True,tp0.60,11177,-0.09809897206027184,-1096.4522107176583,0.36845163285541055
Williams Alligator,i023,BNBUSDT,True,sl0.20,11466,-0.09796221360442864,-1123.2347411883786,0.34274301408363994
Williams Alligator,i023,BNBUSDT,True,sl0.40,11191,-0.10037443918232186,-1123.290348889364,0.36018570060706084
Williams Alligator,i023,BNBUSDT,True,fee0.02,11276,-0.039079625983859174,-440.66186259399603,0.6590522653576166
Williams Alligator,i023,BNBUSDT,True,fee0.07,11276,-0.13907833422420704,-1568.2472967121587,0.24185243602447015
Williams Alligator,i023,BNBUSDT,True,slip3,11276,-0.10469237433020752,-1180.51121294742,0.338048987023986
Williams Fractal,i024,BNBUSDT,False,baseline,34776,-0.09967873195500675,-3466.4275824673146,0.3570061704024876
Williams Fractal,i024,BNBUSDT,False,delay+1,42250,-0.10204460163676696,-4311.3844191534035,0.3346549718416452
Williams Fractal,i024,BNBUSDT,False,tp0.30,36115,-0.10087883782684205,-3643.2392281164007,0.32578261383153473
Williams Fractal,i024,BNBUSDT,False,tp0.60,34283,-0.0988217533883427,-3387.906171412553,0.36774051544569164
Williams Fractal,i024,BNBUSDT,False,sl0.20,37214,-0.09928744958130033,-3694.8831487185103,0.34306755229830765
Williams Fractal,i024,BNBUSDT,False,sl0.40,33736,-0.10039846331650484,-3387.042558445607,0.35738124272108124
Williams Fractal,i024,BNBUSDT,False,fee0.02,34776,-0.03967885342184259,-1379.8718065979979,0.6528353965552994
Williams Fractal,i024,BNBUSDT,False,fee0.07,34776,-0.13967865097711615,-4857.464766380192,0.24407850922300628
Williams Fractal,i024,BNBUSDT,False,slip3,34776,-0.1052491162028049,-3660.143265068743,0.3383465329863325
Williams Fractal,i024,BNBUSDT,True,baseline,16496,-0.09878153509942139,-1629.5002030000553,0.37608728602503727
Williams Fractal,i024,BNBUSDT,True,delay+1,16635,-0.10142903094344105,-1687.2719297441422,0.36525443141565056
Williams Fractal,i024,BNBUSDT,True,tp0.30,17042,-0.10040057233472442,-1711.0265537283733,0.33953703937567026
Williams Fractal,i024,BNBUSDT,True,tp0.60,16271,-0.09799731804814528,-1594.5143619613716,0.3886789459042301
Williams Fractal,i024,BNBUSDT,True,sl0.20,17057,-0.09687452650291244,-1652.3887985601775,0.36427321329443285
Williams Fractal,i024,BNBUSDT,True,sl0.40,16264,-0.09889657796508726,-1608.453944024179,0.38320711778003325
Williams Fractal,i024,BNBUSDT,True,fee0.02,16496,-0.038782184639060406,-639.7509178059404,0.6738654637630792
Williams Fractal,i024,BNBUSDT,True,fee0.07,16496,-0.13878110207299538,-2289.333059796132,0.2590862133840427
Williams Fractal,i024,BNBUSDT,True,slip3,16496,-0.1043700457469649,-1721.688274641933,0.35682564393808797
Aroon,i025,BNBUSDT,False,baseline,28848,-0.09961016354714258,-2873.553998007969,0.32312955430213813
Aroon,i025,BNBUSDT,False,delay+1,40431,-0.10057290618842427,-4066.263170104182,0.3031977144539989
Aroon,i025,BNBUSDT,False,tp0.30,29063,-0.10023791837197775,-2913.214621644789,0.2948080671499631
Aroon,i025,BNBUSDT,False,tp0.60,28800,-0.0994791300988464,-2864.9989468467766,0.3315470468981108
Aroon,i025,BNBUSDT,False,sl0.20,31138,-0.09869647005497646,-3073.210684571857,0.3164504521726384
Aroon,i025,BNBUSDT,False,sl0.40,27905,-0.09987655163084959,-2787.0551732588583,0.3224014273304362
Aroon,i025,BNBUSDT,False,fee0.02,28848,-0.03960916886916571,-1142.6453035376924,0.6230151934908204
Aroon,i025,BNBUSDT,False,fee0.07,28848,-0.13961082666579383,-4027.49312765482,0.21470168725178757
Aroon,i025,BNBUSDT,False,slip3,28848,-0.10519103478865731,-3034.550971583186,0.30496098120484133
Aroon,i025,BNBUSDT,True,baseline,14778,-0.10057605939874555,-1486.3130057946616,0.3468457863325988
Aroon,i025,BNBUSDT,True,delay+1,14871,-0.1008547304172145,-1499.8106960343969,0.34401613485477744
Aroon,i025,BNBUSDT,True,tp0.30,14862,-0.10193037582064744,-1514.8892454464622,0.31394262367957404
Aroon,i025,BNBUSDT,True,tp0.60,14758,-0.09966768787526108,-1470.8957376631029,0.3593598387938005
Aroon,i025,BNBUSDT,True,sl0.20,15034,-0.1008024172307034,-1515.463540646395,0.326220023525607
Aroon,i025,BNBUSDT,True,sl0.40,14680,-0.10008124903972389,-1469.1927359031467,0.35480556890048587
Aroon,i025,BNBUSDT,True,fee0.02,14778,-0.04057646328276546,-599.6389743927078,0.6451119049436378
Aroon,i025,BNBUSDT,True,fee0.07,14778,-0.14057579014273228,-2077.4290267292977,0.23333537745778582
Aroon,i025,BNBUSDT,True,slip3,14778,-0.10617929269847995,-1569.1175874981366,0.3279640525376125
Trend Strength Index,i026,BNBUSDT,False,baseline,29880,-0.10016765563182704,-2993.0095502789927,0.3237791809051529
Trend Strength Index,i026,BNBUSDT,False,delay+1,42789,-0.10022160072060068,-4288.382073233784,0.30639842550923757
Trend Strength Index,i026,BNBUSDT,False,tp0.30,30261,-0.10132538451136507,-3066.207460698418,0.29334201791860376
Trend Strength Index,i026,BNBUSDT,False,tp0.60,29762,-0.0994192191484351,-2958.9148002957254,0.3351183389101786
Trend Strength Index,i026,BNBUSDT,False,sl0.20,32032,-0.0986565059322556,-3160.1651980220113,0.31988564051545815
Trend Strength Index,i026,BNBUSDT,False,sl0.40,28968,-0.10037974898699227,-2907.800568655192,0.32243530123195446
Trend Strength Index,i026,BNBUSDT,False,fee0.02,29880,-0.04016728410561964,-1200.1984490759148,0.6181877242721
Trend Strength Index,i026,BNBUSDT,False,fee0.07,29880,-0.14016790331596532,-4188.2169510810445,0.21659168949986185
Trend Strength Index,i026,BNBUSDT,False,slip3,29880,-0.10574917474652609,-3159.7853414261995,0.30586154410463484
Trend Strength Index,i026,BNBUSDT,True,baseline,15428,-0.10058326313965833,-1551.7985837186486,0.34765127426223535
Trend Strength Index,i026,BNBUSDT,True,delay+1,15439,-0.10040992470233129,-1550.2288274792927,0.3481565670294889
Trend Strength Index,i026,BNBUSDT,True,tp0.30,15473,-0.10250546331105441,-1586.067033811945,0.31148638255824446
Trend Strength Index,i026,BNBUSDT,True,tp0.60,15418,-0.09953717463300278,-1534.664158491637,0.361673479630508
Trend Strength Index,i026,BNBUSDT,True,sl0.20,15792,-0.0991769554090358,-1566.2024798194932,0.33296786472371936
Trend Strength Index,i026,BNBUSDT,True,sl0.40,15248,-0.0997248580226698,-1520.6046351296688,0.356694942925684
Trend Strength Index,i026,BNBUSDT,True,fee0.02,15428,-0.04058417363677989,-626.1326308682401,0.6460692083581856
Trend Strength Index,i026,BNBUSDT,True,fee0.07,15428,-0.14058265614157725,-2168.909218952254,0.23391260190789198
Trend Strength Index,i026,BNBUSDT,True,slip3,15428,-0.10618543427138422,-1638.2288799389157,0.3287548654274718
Zig Zag,i027,BNBUSDT,False,baseline,12859,-0.09708499483537046,-1248.4159485880286,0.4766296721141363
Zig Zag,i027,BNBUSDT,False,delay+1,13411,-0.09827152653529268,-1317.9194423648103,0.47122277180329564
Zig Zag,i027,BNBUSDT,False,tp0.30,13324,-0.09932340328196933,-1323.3850253289595,0.42542097450606015
Zig Zag,i027,BNBUSDT,False,tp0.60,12531,-0.09672735431574177,-1212.09047693056,0.48655781379465884
Zig Zag,i027,BNBUSDT,False,sl0.20,13418,-0.09780855144182578,-1312.3951432464185,0.44442558144689653
Zig Zag,i027,BNBUSDT,False,sl0.40,12111,-0.09815633843745643,-1188.7714148160348,0.48026110619789014
Zig Zag,i027,BNBUSDT,False,fee0.02,12859,-0.03708553708310192,-476.8829213516076,0.7496661093811456
Zig Zag,i027,BNBUSDT,False,fee0.07,12859,-0.1370846333368828,-1762.771300078976,0.3535779919489128
Zig Zag,i027,BNBUSDT,False,slip3,12859,-0.10250880239059633,-1318.1606899406781,0.45770735056841344
Zig Zag,i027,BNBUSDT,True,baseline,5273,-0.09713501144007171,-512.1929153234981,0.49533519307924345
Zig Zag,i027,BNBUSDT,True,delay+1,5250,-0.10013287085908026,-525.6975720101714,0.48641054434359055
Zig Zag,i027,BNBUSDT,True,tp0.30,5323,-0.098960732062316,-526.767976767708,0.4370780843244904
Zig Zag,i027,BNBUSDT,True,tp0.60,5223,-0.09759719829189484,-509.75016667856676,0.5133488985612852
Zig Zag,i027,BNBUSDT,True,sl0.20,5321,-0.09839906260675005,-523.581412130517,0.45314724991258254
Zig Zag,i027,BNBUSDT,True,sl0.40,5191,-0.09979472334586763,-518.0344088883988,0.5066996542323101
Zig Zag,i027,BNBUSDT,True,fee0.02,5273,-0.03713443021954316,-195.80985054765105,0.7619900983735707
Zig Zag,i027,BNBUSDT,True,fee0.07,5273,-0.1371353989204241,-723.1149585073962,0.37223373877787486
Zig Zag,i027,BNBUSDT,True,slip3,5273,-0.10255867191494557,-540.791877007508,0.4765562000283337
Linear Regression Curve,i028,BNBUSDT,False,baseline,99119,-0.10118349752936942,-10029.207091613569,0.16867067842769162
Linear Regression Curve,i028,BNBUSDT,False,delay+1,130975,-0.10177079988825187,-13329.430515363787,0.16746213885095912
Linear Regression Curve,i028,BNBUSDT,False,tp0.30,101657,-0.10170325635358825,-10338.847931136721,0.1639368106563103
Linear Regression Curve,i028,BNBUSDT,False,tp0.60,98154,-0.10085247374439106,-9899.07370790696,0.1686878644043171
Linear Regression Curve,i028,BNBUSDT,False,sl0.20,101179,-0.10064831922231637,-10183.496290594749,0.168748648547373
Linear Regression Curve,i028,BNBUSDT,False,sl0.40,98414,-0.10118986528594351,-9958.499402250844,0.16892134270166326
Linear Regression Curve,i028,BNBUSDT,False,fee0.02,99119,-0.041183483309415465,-4082.0656821459515,0.43743670831376413
Linear Regression Curve,i028,BNBUSDT,False,fee0.07,99119,-0.14118350700933874,-13993.968031258646,0.09916493958137491
Linear Regression Curve,i028,BNBUSDT,False,slip3,99119,-0.10677382536291699,-10583.31479614697,0.15607122897697823
Linear Regression Curve,i028,BNBUSDT,True,baseline,32591,-0.1007338251153305,-3283.016094333736,0.37037861622330237
Linear Regression Curve,i028,BNBUSDT,True,delay+1,32624,-0.10134222884279419,-3306.188873767317,0.36598104575976886
Linear Regression Curve,i028,BNBUSDT,True,tp0.30,34196,-0.10293179522082484,-3519.855669371326,0.3343617941414934
Linear Regression Curve,i028,BNBUSDT,True,tp0.60,31922,-0.10025797620453966,-3200.435116401315,0.37855420878418633
Linear Regression Curve,i028,BNBUSDT,True,sl0.20,36059,-0.09949163387238068,-3587.5688258041746,0.35566783454318585
Linear Regression Curve,i028,BNBUSDT,True,sl0.40,30928,-0.10149105909094885,-3138.915475564866,0.37237973731468077
Linear Regression Curve,i028,BNBUSDT,True,fee0.02,32591,-0.040734497236720596,-1327.577999441961,0.6623663785402399
Linear Regression Curve,i028,BNBUSDT,True,fee0.07,32591,-0.1407333770344037,-4586.641490928251,0.2553500359697385
Linear Regression Curve,i028,BNBUSDT,True,slip3,32591,-0.10631369264182738,-3464.8695568897965,0.35149899880742186
Linear Regression Slope,i029,BNBUSDT,False,baseline,29880,-0.10016765563182704,-2993.0095502789927,0.3237791809051529
Linear Regression Slope,i029,BNBUSDT,False,delay+1,42789,-0.10022160072060068,-4288.382073233784,0.30639842550923757
Linear Regression Slope,i029,BNBUSDT,False,tp0.30,30261,-0.10132538451136507,-3066.207460698418,0.29334201791860376
Linear Regression Slope,i029,BNBUSDT,False,tp0.60,29762,-0.0994192191484351,-2958.9148002957254,0.3351183389101786
Linear Regression Slope,i029,BNBUSDT,False,sl0.20,32032,-0.0986565059322556,-3160.1651980220113,0.31988564051545815
Linear Regression Slope,i029,BNBUSDT,False,sl0.40,28968,-0.10037974898699227,-2907.800568655192,0.32243530123195446
Linear Regression Slope,i029,BNBUSDT,False,fee0.02,29880,-0.04016728410561964,-1200.1984490759148,0.6181877242721
Linear Regression Slope,i029,BNBUSDT,False,fee0.07,29880,-0.14016790331596532,-4188.2169510810445,0.21659168949986185
Linear Regression Slope,i029,BNBUSDT,False,slip3,29880,-0.10574917474652609,-3159.7853414261995,0.30586154410463484
Linear Regression Slope,i029,BNBUSDT,True,baseline,15428,-0.10058326313965833,-1551.7985837186486,0.34765127426223535
Linear Regression Slope,i029,BNBUSDT,True,delay+1,15439,-0.10040992470233129,-1550.2288274792927,0.3481565670294889
Linear Regression Slope,i029,BNBUSDT,True,tp0.30,15473,-0.10250546331105441,-1586.067033811945,0.31148638255824446
Linear Regression Slope,i029,BNBUSDT,True,tp0.60,15418,-0.09953717463300278,-1534.664158491637,0.361673479630508
Linear Regression Slope,i029,BNBUSDT,True,sl0.20,15792,-0.0991769554090358,-1566.2024798194932,0.33296786472371936
Linear Regression Slope,i029,BNBUSDT,True,sl0.40,15248,-0.0997248580226698,-1520.6046351296688,0.356694942925684
Linear Regression Slope,i029,BNBUSDT,True,fee0.02,15428,-0.04058417363677989,-626.1326308682401,0.6460692083581856
Linear Regression Slope,i029,BNBUSDT,True,fee0.07,15428,-0.14058265614157725,-2168.909218952254,0.23391260190789198
Linear Regression Slope,i029,BNBUSDT,True,slip3,15428,-0.10618543427138422,-1638.2288799389157,0.3287548654274718
Keltner Channels,i030,BNBUSDT,False,baseline,22412,-0.09866399435887267,-2211.257441571054,0.3593209924821746
Keltner Channels,i030,BNBUSDT,False,delay+1,23378,-0.10070458117239546,-2354.271698648261,0.3481035732560362
Keltner Channels,i030,BNBUSDT,False,tp0.30,23268,-0.10042734868210294,-2336.743549135171,0.32569513947081663
Keltner Channels,i030,BNBUSDT,False,tp0.60,22119,-0.09882194300420633,-2185.8425573100394,0.3651563813305221
Keltner Channels,i030,BNBUSDT,False,sl0.20,23216,-0.09833649054689446,-2282.979964536702,0.34230049934984125
Keltner Channels,i030,BNBUSDT,False,sl0.40,22059,-0.09859124155094391,-2174.824197372272,0.3670430486137286
Keltner Channels,i030,BNBUSDT,False,fee0.02,22412,-0.03866402860259862,-866.5382090414403,0.6611352839033103
Keltner Channels,i030,BNBUSDT,False,fee0.07,22412,-0.13866397152972207,-3107.736929924131,0.24473721995377754
Keltner Channels,i030,BNBUSDT,False,slip3,22412,-0.1042722593131936,-2336.949875727295,0.3402228019341263
Keltner Channels,i030,BNBUSDT,True,baseline,9932,-0.09666391325285338,-960.0659864273398,0.3886767262265291
Keltner Channels,i030,BNBUSDT,True,delay+1,10043,-0.10013094557509393,-1005.6150864106684,0.37643415153073073
Keltner Channels,i030,BNBUSDT,True,tp0.30,10348,-0.10033086634269196,-1038.2238049141763,0.3415963923753173
Keltner Channels,i030,BNBUSDT,True,tp0.60,9784,-0.09592620934384477,-938.5420322201772,0.40156744277455564
Keltner Channels,i030,BNBUSDT,True,sl0.20,10147,-0.09504057462774401,-964.3767107477184,0.37505146944932344
Keltner Channels,i030,BNBUSDT,True,sl0.40,9862,-0.09728656841953924,-959.440137753496,0.3951626235634468
Keltner Channels,i030,BNBUSDT,True,fee0.02,9932,-0.03666403863921159,-364.1472317646495,0.691077217613898
Keltner Channels,i030,BNBUSDT,True,fee0.07,9932,-0.1366638296619479,-1357.3451562024666,0.2698287863596614
Keltner Channels,i030,BNBUSDT,True,slip3,9932,-0.10228599864326644,-1015.9045385249221,0.3690521666130426
Donchian Channels,i031,BNBUSDT,False,baseline,29041,-0.09892330974998896,-2872.8318384494296,0.37087947114759046
Donchian Channels,i031,BNBUSDT,False,delay+1,30591,-0.10078581332254437,-3083.1388153499547,0.3574954080542006
Donchian Channels,i031,BNBUSDT,False,tp0.30,30742,-0.1000519897988095,-3075.7982703950015,0.33880815200573156
Donchian Channels,i031,BNBUSDT,False,tp0.60,28349,-0.09872812043407939,-2798.8434861857163,0.37711467383994574
Donchian Channels,i031,BNBUSDT,False,sl0.20,30320,-0.09793870906338778,-2969.501658801917,0.35452595983436624
Donchian Channels,i031,BNBUSDT,False,sl0.40,28393,-0.09935798378399557,-2821.0712335789863,0.3773528055748406
Donchian Channels,i031,BNBUSDT,False,fee0.02,29041,-0.038923297330188567,-1130.371477766006,0.6695385655537998
Donchian Channels,i031,BNBUSDT,False,fee0.07,29041,-0.13892331802985586,-4034.4720789050443,0.2547015232134782
Donchian Channels,i031,BNBUSDT,False,slip3,29041,-0.10451030177823009,-3035.08367394158,0.35171391887509806
Donchian Channels,i031,BNBUSDT,True,baseline,12647,-0.09630815741804054,-1218.0092668659586,0.39609547071065615
Donchian Channels,i031,BNBUSDT,True,delay+1,12801,-0.10041451643807647,-1285.406224923817,0.3792432380679124
Donchian Channels,i031,BNBUSDT,True,tp0.30,13461,-0.09787162756048243,-1317.449978591654,0.35883533182976546
Donchian Channels,i031,BNBUSDT,True,tp0.60,12300,-0.09557314575392879,-1175.5496927733243,0.40732256617244916
Donchian Channels,i031,BNBUSDT,True,sl0.20,12963,-0.09463805223909469,-1226.7930711753843,0.38202051578556184
Donchian Channels,i031,BNBUSDT,True,sl0.40,12521,-0.09643113963584679,-1207.4142993804376,0.4052373643024258
Donchian Channels,i031,BNBUSDT,True,fee0.02,12647,-0.03630762797896604,-459.1825710499835,0.6981956155295048
Donchian Channels,i031,BNBUSDT,True,fee0.07,12647,-0.13630851037742356,-1723.8937307432757,0.2757734171050774
Donchian Channels,i031,BNBUSDT,True,slip3,12647,-0.10191001733285002,-1288.8559892085543,0.3763371538022046
Price Channel,i032,BNBUSDT,False,baseline,40612,-0.10102942478462935,-4103.006999353367,0.2641454283636459
Price Channel,i032,BNBUSDT,False,delay+1,47511,-0.10175949476309493,-4834.695355689403,0.27455026690102663
Price Channel,i032,BNBUSDT,False,tp0.30,41115,-0.10198144058756568,-4192.966929757763,0.23939581519132028
Price Channel,i032,BNBUSDT,False,tp0.60,40466,-0.10026917187862035,-4057.4923092402514,0.27286155806016216
Price Channel,i032,BNBUSDT,False,sl0.20,41892,-0.10055364065531987,-4212.39311433266,0.26617765605297855
Price Channel,i032,BNBUSDT,False,sl0.40,40251,-0.10102402190874425,-4066.317905848865,0.26298197820798297
Price Channel,i032,BNBUSDT,False,fee0.02,40612,-0.04102868130786085,-1666.2568052748447,0.5419689730087607
Price Channel,i032,BNBUSDT,False,fee0.07,40612,-0.14102992043580834,-5727.507128739049,0.17323039687616917
Price Channel,i032,BNBUSDT,False,slip3,40612,-0.10661800765341763,-4329.970526820596,0.2485803763582099
Price Channel,i032,BNBUSDT,True,baseline,16407,-0.10150046976415736,-1665.3182074205297,0.3499089933550037
Price Channel,i032,BNBUSDT,True,delay+1,16398,-0.10272835235083475,-1684.5395218489884,0.344052408680688
Price Channel,i032,BNBUSDT,True,tp0.30,16604,-0.10235076879573059,-1699.4321650843106,0.31910767781128874
Price Channel,i032,BNBUSDT,True,tp0.60,16343,-0.10109432010430035,-1652.1844734645806,0.3588651976327865
Price Channel,i032,BNBUSDT,True,sl0.20,17436,-0.09971306262273066,-1738.596959889932,0.34124950909258617
Price Channel,i032,BNBUSDT,True,sl0.40,16049,-0.1033246184050457,-1658.2568007825785,0.3483855523237994
Price Channel,i032,BNBUSDT,True,fee0.02,16407,-0.04150181639830543,-680.9203016469971,0.6436905763458077
Price Channel,i032,BNBUSDT,True,fee0.07,16407,-0.14149957200805865,-2321.5834779362185,0.23732234845351793
Price Channel,i032,BNBUSDT,True,slip3,16407,-0.10710347904710552,-1757.2467807258602,0.3311713343280686
MA Channel,i033,BNBUSDT,False,baseline,36515,-0.09979702072010392,-3644.0882115945947,0.3297902001072209
MA Channel,i033,BNBUSDT,False,delay+1,47140,-0.10019161660071187,-4723.032806557558,0.3122589911858926
MA Channel,i033,BNBUSDT,False,tp0.30,37143,-0.1011305370951091,-3756.2915393236367,0.29845399572997355
MA Channel,i033,BNBUSDT,False,tp0.60,36314,-0.09948212821460341,-3612.594003985108,0.33888382121591165
MA Channel,i033,BNBUSDT,False,sl0.20,39113,-0.09862951294788343,-3857.6961399305646,0.33052171388191004
MA Channel,i033,BNBUSDT,False,sl0.40,35673,-0.09994705260808227,-3565.4112076881192,0.3280745386497695
MA Channel,i033,BNBUSDT,False,fee0.02,36515,-0.03979674308729726,-1453.1780738326595,0.6251876980006318
MA Channel,i033,BNBUSDT,False,fee0.07,36515,-0.1397972058086417,-5104.694970102551,0.2214306141593784
MA Channel,i033,BNBUSDT,False,slip3,36515,-0.10538717495024275,-3848.2126933081136,0.31165724559276853
MA Channel,i033,BNBUSDT,True,baseline,16770,-0.10052182148274777,-1685.75094626568,0.3553497815769645
MA Channel,i033,BNBUSDT,True,delay+1,16834,-0.10145332493571443,-1707.8652719678169,0.35071985771556796
MA Channel,i033,BNBUSDT,True,tp0.30,16996,-0.10248630550730882,-1741.8572484022206,0.3188733613744555
MA Channel,i033,BNBUSDT,True,tp0.60,16693,-0.10088252402444635,-1684.0319735400828,0.3617117674100715
MA Channel,i033,BNBUSDT,True,sl0.20,17625,-0.09791101588917184,-1725.6816550466535,0.3489983171760851
MA Channel,i033,BNBUSDT,True,sl0.40,16455,-0.10181362780544345,-1675.343245538572,0.355632105300735
MA Channel,i033,BNBUSDT,True,fee0.02,16770,-0.04052240616065699,-679.5607513142178,0.6514824398483
MA Channel,i033,BNBUSDT,True,fee0.07,16770,-0.14052143169747494,-2356.544409566655,0.24169071577367923
MA Channel,i033,BNBUSDT,True,slip3,16770,-0.10612309771783056,-1779.6843487280184,0.3364692082786503
Chande Kroll Stop,i034,BNBUSDT,False,baseline,39422,-0.0992426911990317,-3912.3453724482283,0.3578656708963497
Chande Kroll Stop,i034,BNBUSDT,False,delay+1,46297,-0.1003678450926739,-4646.730124255523,0.33913343868344276
Chande Kroll Stop,i034,BNBUSDT,False,tp0.30,40953,-0.10025900511831298,-4105.9070366102715,0.32665072799293865
Chande Kroll Stop,i034,BNBUSDT,False,tp0.60,38816,-0.09895664934264693,-3841.101300884183,0.3656056061085277
Chande Kroll Stop,i034,BNBUSDT,False,sl0.20,42565,-0.09824896078060011,-4181.967015626244,0.3500793118786829
Chande Kroll Stop,i034,BNBUSDT,False,sl0.40,38207,-0.09979059397870248,-3812.699224144286,0.35774519883453315
Chande Kroll Stop,i034,BNBUSDT,False,fee0.02,39422,-0.039242509664154455,-1547.018215980297,0.6550976075502809
Chande Kroll Stop,i034,BNBUSDT,False,fee0.07,39422,-0.1392428122222832,-5489.230143426849,0.2443919354433719
Chande Kroll Stop,i034,BNBUSDT,False,slip3,39422,-0.10481962265801154,-4132.199164424131,0.33912063870242015
Chande Kroll Stop,i034,BNBUSDT,True,baseline,18130,-0.09686525835237136,-1756.1671339284928,0.3847547051774402
Chande Kroll Stop,i034,BNBUSDT,True,delay+1,18172,-0.09853272934253834,-1790.5367576126068,0.37757283249603446
Chande Kroll Stop,i034,BNBUSDT,True,tp0.30,18856,-0.09941801288940952,-1874.6260510427057,0.34419232883043477
Chande Kroll Stop,i034,BNBUSDT,True,tp0.60,17802,-0.09657218758073563,-1719.1780833122557,0.3940900067199422
Chande Kroll Stop,i034,BNBUSDT,True,sl0.20,19015,-0.09568594175168924,-1819.468182408371,0.372443544667224
Chande Kroll Stop,i034,BNBUSDT,True,sl0.40,17820,-0.09747975956521296,-1737.089315452095,0.38906416965415813
Chande Kroll Stop,i034,BNBUSDT,True,fee0.02,18130,-0.036865893767286266,-668.3786540008999,0.6883076323211659
Chande Kroll Stop,i034,BNBUSDT,True,fee0.07,18130,-0.13686483474242808,-2481.359453880221,0.26552094363953144
Chande Kroll Stop,i034,BNBUSDT,True,slip3,18130,-0.10245761880387147,-1857.5566289141896,0.3651674277898189
52-Week High/Low,i035,BNBUSDT,False,baseline,2519,-0.09651235834402262,-243.114630668593,0.48089769057127146
52-Week High/Low,i035,BNBUSDT,False,delay+1,2543,-0.09789542176206803,-248.94805754093903,0.4728971539543306
52-Week High/Low,i035,BNBUSDT,False,tp0.30,2714,-0.10015464393421838,-271.8197036374687,0.41886241359630805
52-Week High/Low,i035,BNBUSDT,False,tp0.60,2399,-0.09490227773906505,-227.67056429601706,0.5030439936091823
52-Week High/Low,i035,BNBUSDT,False,sl0.20,2598,-0.09101104326982734,-236.44669041501146,0.46834430156426843
52-Week High/Low,i035,BNBUSDT,False,sl0.40,2479,-0.09702970924483866,-240.53664921795504,0.49683222117714276
52-Week High/Low,i035,BNBUSDT,False,fee0.02,2519,-0.036509582257799426,-91.96763770739676,0.753893867529863
52-Week High/Low,i035,BNBUSDT,False,fee0.07,2519,-0.13651420906817144,-343.87929264272384,0.35794734707915815
52-Week High/Low,i035,BNBUSDT,False,slip3,2519,-0.10212841166707916,-257.2614689893724,0.46136035143130466
52-Week High/Low,i035,BNBUSDT,True,baseline,2392,-0.09515209625091652,-227.6038142321923,0.48492440663440617
52-Week High/Low,i035,BNBUSDT,True,delay+1,2419,-0.09770367443114841,-236.34518844894802,0.47281656467078736
52-Week High/Low,i035,BNBUSDT,True,tp0.30,2576,-0.09871665320474073,-254.29409865541209,0.4228238777726169
52-Week High/Low,i035,BNBUSDT,True,tp0.60,2283,-0.09298720210417165,-212.28978240382386,0.5098867892163155
52-Week High/Low,i035,BNBUSDT,True,sl0.20,2465,-0.08932336748954797,-220.18210086173573,0.4749809779346099
52-Week High/Low,i035,BNBUSDT,True,sl0.40,2354,-0.09663366728630415,-227.47565279195996,0.49662206248041024
52-Week High/Low,i035,BNBUSDT,True,fee0.02,2392,-0.03514964998131849,-84.07796275531383,0.7613513657518731
52-Week High/Low,i035,BNBUSDT,True,fee0.07,2392,-0.13515372709731518,-323.2877152167779,0.3605489789385363
52-Week High/Low,i035,BNBUSDT,True,slip3,2392,-0.10077017772460517,-241.0422651172556,0.4651502429145341
Majority Rule,i036,BNBUSDT,False,baseline,34390,-0.10199676568635078,-3507.668771953604,0.31426589437827235
Majority Rule,i036,BNBUSDT,False,delay+1,44967,-0.10227719072084443,-4599.098435144211,0.2965237947063273
Majority Rule,i036,BNBUSDT,False,tp0.30,35119,-0.10329216114353575,-3627.5174071998313,0.286678456443507
Majority Rule,i036,BNBUSDT,False,tp0.60,34158,-0.10138841565794576,-3463.2255020441116,0.32393531986907714
Majority Rule,i036,BNBUSDT,False,sl0.20,36869,-0.10111333970383798,-3727.9477215408024,0.30730660017556855
Majority Rule,i036,BNBUSDT,False,sl0.40,33400,-0.10253647891228157,-3424.7183956702047,0.3138612111869775
Majority Rule,i036,BNBUSDT,False,fee0.02,34390,-0.04199644538766619,-1444.2577568818401,0.6035779354363264
Majority Rule,i036,BNBUSDT,False,fee0.07,34390,-0.1419969792188072,-4883.276115334779,0.21017172369677212
Majority Rule,i036,BNBUSDT,False,slip3,34390,-0.10757287424933515,-3699.431145434636,0.2967997777258356
Majority Rule,i036,BNBUSDT,True,baseline,16240,-0.10101009036142947,-1640.4038674696146,0.3566952998795391
Majority Rule,i036,BNBUSDT,True,delay+1,16298,-0.10063313869382476,-1640.1188944319556,0.3575746384836992
Majority Rule,i036,BNBUSDT,True,tp0.30,16561,-0.10299985843646697,-1705.7806555663299,0.3214175194996884
Majority Rule,i036,BNBUSDT,True,tp0.60,16133,-0.09965761564488054,-1607.776313198858,0.37159811033886303
Majority Rule,i036,BNBUSDT,True,sl0.20,17038,-0.10112594817927947,-1722.9839050785636,0.3384800292900309
Majority Rule,i036,BNBUSDT,True,sl0.40,15969,-0.10241855334035786,-1635.5218782921745,0.35848339131798945
Majority Rule,i036,BNBUSDT,True,fee0.02,16240,-0.04100987500530427,-666.0003700861413,0.6510118740615218
Majority Rule,i036,BNBUSDT,True,fee0.07,16240,-0.14101023393217962,-2290.0061990585973,0.2428871111955999
Majority Rule,i036,BNBUSDT,True,slip3,16240,-0.10660649882230637,-1731.2895408742556,0.3378591591334109
MACD,i038,BNBUSDT,False,baseline,33195,-0.09980789498141725,-3313.123073908146,0.32319935807160516
MACD,i038,BNBUSDT,False,delay+1,44487,-0.1006745934947172,-4478.710640799484,0.30599817684375874
MACD,i038,BNBUSDT,False,tp0.30,33779,-0.1008796228923008,-3407.612781679029,0.2947469255328936
MACD,i038,BNBUSDT,False,tp0.60,32960,-0.10000080568117245,-3296.0265552514443,0.3284641708203129
MACD,i038,BNBUSDT,False,sl0.20,34758,-0.09907647097250497,-3443.6999780623273,0.31454497331705217
MACD,i038,BNBUSDT,False,sl0.40,32668,-0.09936659223902117,-3246.1078352643435,0.3284823302789322
MACD,i038,BNBUSDT,False,fee0.02,33195,-0.039807922629801464,-1321.4239916962595,0.6198627662185543
MACD,i038,BNBUSDT,False,fee0.07,33195,-0.13980787654916113,-4640.922462049403,0.21598242865349512
MACD,i038,BNBUSDT,False,slip3,33195,-0.10540156885256266,-3498.805078060818,0.30517729344284295
MACD,i038,BNBUSDT,True,baseline,16184,-0.10171184902361612,-1646.1045645982033,0.34996423393651543
MACD,i038,BNBUSDT,True,delay+1,16125,-0.10284018794294256,-1658.2980305799488,0.343682700806828
MACD,i038,BNBUSDT,True,tp0.30,16264,-0.10164692549250005,-1653.185596210021,0.32218535103817014
MACD,i038,BNBUSDT,True,tp0.60,16161,-0.10169675897039908,-1643.5213217206197,0.35896988741819486
MACD,i038,BNBUSDT,True,sl0.20,16901,-0.09970148817937274,-1685.054851719579,0.3374167760380882
MACD,i038,BNBUSDT,True,sl0.40,15843,-0.10221276679031337,-1619.3568642589348,0.3561799644641962
MACD,i038,BNBUSDT,True,fee0.02,16184,-0.0417126532081994,-675.0775795214989,0.6436102555284364
MACD,i038,BNBUSDT,True,fee0.07,16184,-0.14171131290056063,-2293.455887982673,0.23724339999254895
MACD,i038,BNBUSDT,True,slip3,16184,-0.10731472185042422,-1736.7814584272658,0.3311970214719037
RSI,i039,BNBUSDT,False,baseline,41783,-0.10128226575300069,-4231.8769099576275,0.23726573736168718
RSI,i039,BNBUSDT,False,delay+1,49046,-0.10126242084110824,-4966.5166925729945,0.2587600916504194
RSI,i039,BNBUSDT,False,tp0.30,42247,-0.10242754106115229,-4327.256327210501,0.2137712485953693
RSI,i039,BNBUSDT,False,tp0.60,41618,-0.10130746757128437,-4216.214185381713,0.24116932651323716
RSI,i039,BNBUSDT,False,sl0.20,42762,-0.10104011701832624,-4320.677483937667,0.24152804693438637
RSI,i039,BNBUSDT,False,sl0.40,41517,-0.1011782060332393,-4200.615579881996,0.23574003500218477
RSI,i039,BNBUSDT,False,fee0.02,41783,-0.041281561469395635,-1724.867482875758,0.5032077379714546
RSI,i039,BNBUSDT,False,fee0.07,41783,-0.14128273527540403,-5903.216528012207,0.15432019003432781
RSI,i039,BNBUSDT,False,slip3,41783,-0.10687230751446117,-4465.445624876731,0.22294052715257134
RSI,i039,BNBUSDT,True,baseline,16335,-0.10082535873398321,-1646.9822349196156,0.34820071056321417
RSI,i039,BNBUSDT,True,delay+1,16380,-0.10186512363269265,-1668.5507251035056,0.3421791345494646
RSI,i039,BNBUSDT,True,tp0.30,16533,-0.10268727630238297,-1697.7287391072978,0.31463678425504366
RSI,i039,BNBUSDT,True,tp0.60,16271,-0.10056581739051178,-1636.306414761017,0.35647579569590804
RSI,i039,BNBUSDT,True,sl0.20,17335,-0.09934415901830895,-1722.1309965823857,0.33958708009769206
RSI,i039,BNBUSDT,True,sl0.40,15999,-0.10139619717946921,-1622.2377586743278,0.3497390329642436
RSI,i039,BNBUSDT,True,fee0.02,16335,-0.04082663560618021,-666.9030926269537,0.6449031741138529
RSI,i039,BNBUSDT,True,fee0.07,16335,-0.14082450748585187,-2300.3683297813905,0.23540370321905513
RSI,i039,BNBUSDT,True,slip3,16335,-0.10643085785709638,-1738.5480630956697,0.3293953872871544
Stochastic,i040,BNBUSDT,False,baseline,130316,-0.10152279654571414,-13230.044754651282,0.13629737129054054
Stochastic,i040,BNBUSDT,False,delay+1,155584,-0.1024879261916348,-15945.481508599309,0.1405967958112103
Stochastic,i040,BNBUSDT,False,tp0.30,132900,-0.10207039607215282,-13565.155637989108,0.13287960236212815
Stochastic,i040,BNBUSDT,False,tp0.60,129391,-0.10111296491813267,-13083.107643722104,0.13716034151342008
Stochastic,i040,BNBUSDT,False,sl0.20,132290,-0.10123597871125187,-13392.50762371151,0.13637176265459008
Stochastic,i040,BNBUSDT,False,sl0.40,129716,-0.10152622732779529,-13169.576104052294,0.13560632303020104
Stochastic,i040,BNBUSDT,False,fee0.02,130316,-0.041522904058200874,-5411.098765248505,0.3850503862949935
Stochastic,i040,BNBUSDT,False,fee0.07,130316,-0.14152272487072298,-18442.675414253135,0.07766772462187786
Stochastic,i040,BNBUSDT,False,slip3,130316,-0.10711350524229772,-13958.60354915527,0.12545685417839614
Stochastic,i040,BNBUSDT,True,baseline,35489,-0.10065549471971522,-3572.162852107973,0.3748248745181302
Stochastic,i040,BNBUSDT,True,delay+1,35414,-0.10223367697888151,-3620.5034365301103,0.3667444300092578
Stochastic,i040,BNBUSDT,True,tp0.30,37702,-0.10260687709656693,-3868.4844802947664,0.33959831669456764
Stochastic,i040,BNBUSDT,True,tp0.60,34551,-0.10021754228286338,-3462.6163034152128,0.3832853415626155
Stochastic,i040,BNBUSDT,True,sl0.20,39740,-0.09935615045588338,-3948.4134191168055,0.3608658647667483
Stochastic,i040,BNBUSDT,True,sl0.40,33585,-0.10129133112267998,-3401.869355755207,0.37698254419963456
Stochastic,i040,BNBUSDT,True,fee0.02,35489,-0.040655764171119685,-1442.8324146688667,0.665653839273894
Stochastic,i040,BNBUSDT,True,fee0.07,35489,-0.14065531508544554,-4991.716477067377,0.2596155885545796
Stochastic,i040,BNBUSDT,True,slip3,35489,-0.10623374158198697,-3770.1292550031353,0.35595105387483267
Stochastic RSI,i041,BNBUSDT,False,baseline,79250,-0.10157989577531147,-8050.206740193434,0.1958482568526076
Stochastic RSI,i041,BNBUSDT,False,delay+1,123795,-0.1025055085548776,-12689.669431551072,0.17379889413730518
Stochastic RSI,i041,BNBUSDT,False,tp0.30,81666,-0.10226419611367817,-8351.50783981964,0.18724875292955065
Stochastic RSI,i041,BNBUSDT,False,tp0.60,78262,-0.10100595160151776,-7904.927784237983,0.1966761725789488
Stochastic RSI,i041,BNBUSDT,False,sl0.20,81481,-0.10086819420752859,-8218.841332223636,0.1942421313602968
Stochastic RSI,i041,BNBUSDT,False,sl0.40,78458,-0.10173781886180691,-7982.145792259646,0.1963174525540148
Stochastic RSI,i041,BNBUSDT,False,fee0.02,79250,-0.04157994086511733,-3295.2103135605485,0.4725004684636656
Stochastic RSI,i041,BNBUSDT,False,fee0.07,79250,-0.1415798657154409,-11220.20435794869,0.11874961981547846
Stochastic RSI,i041,BNBUSDT,False,slip3,79250,-0.10716987510586684,-8493.212602139947,0.18208924103809618
Stochastic RSI,i041,BNBUSDT,True,baseline,30623,-0.1010152524532986,-3093.3900758773634,0.36488375589583455
Stochastic RSI,i041,BNBUSDT,True,delay+1,30705,-0.10138548201064476,-3113.0412251368475,0.3621589081738204
Stochastic RSI,i041,BNBUSDT,True,tp0.30,31788,-0.10227842356769482,-3251.2265283698825,0.3322777845624703
Stochastic RSI,i041,BNBUSDT,True,tp0.60,30105,-0.10007205468397816,-3012.669206261163,0.37685461768234974
Stochastic RSI,i041,BNBUSDT,True,sl0.20,33650,-0.10042134215720605,-3379.178163589984,0.3478455826540228
Stochastic RSI,i041,BNBUSDT,True,sl0.40,29230,-0.10183231183944766,-2976.558475067055,0.36798650056409143
Stochastic RSI,i041,BNBUSDT,True,fee0.02,30623,-0.0410157497245265,-1256.025303814175,0.6571637663884876
Stochastic RSI,i041,BNBUSDT,True,fee0.07,30623,-0.14101492093914667,-4318.299923919489,0.25065683768764224
Stochastic RSI,i041,BNBUSDT,True,slip3,30623,-0.10660026828839604,-3264.4200157955524,0.3460496596080459
Connors RSI,i042,BNBUSDT,False,baseline,153782,-0.1013644980535698,-15588.03523967407,0.11527761637255676
Connors RSI,i042,BNBUSDT,False,delay+1,157504,-0.10294686829712608,-16214.543544270546,0.13063507607371622
Connors RSI,i042,BNBUSDT,False,tp0.30,156128,-0.10194868909955694,-15917.044931735625,0.10984687757263464
Connors RSI,i042,BNBUSDT,False,tp0.60,152929,-0.10093533025010526,-15435.939119818346,0.11846637543177516
Connors RSI,i042,BNBUSDT,False,sl0.20,155663,-0.10144283748360836,-15790.896411210926,0.11698693061202906
Connors RSI,i042,BNBUSDT,False,sl0.40,153222,-0.10143010153630609,-15541.323017595892,0.11377062521797167
Connors RSI,i042,BNBUSDT,False,fee0.02,153782,-0.041364498678946135,-6361.115335845695,0.3462487083897592
Connors RSI,i042,BNBUSDT,False,fee0.07,153782,-0.14136449763665224,-21739.315175559652,0.06462806676488106
Connors RSI,i042,BNBUSDT,False,slip3,153782,-0.10695148466876919,-16447.213215332664,0.10579546326617195
Connors RSI,i042,BNBUSDT,True,baseline,36036,-0.10153603871724962,-3658.9526912148076,0.369442509845167
Connors RSI,i042,BNBUSDT,True,delay+1,35799,-0.10219457870775218,-3658.4637231588204,0.36608768120681123
Connors RSI,i042,BNBUSDT,True,tp0.30,38398,-0.10351530981820586,-3974.780866399469,0.33511302923765895
Connors RSI,i042,BNBUSDT,True,tp0.60,35098,-0.1011313024343567,-3549.5064528410508,0.3773111990460719
Connors RSI,i042,BNBUSDT,True,sl0.20,40235,-0.09980932043606809,-4015.8280077452,0.358666919918957
Connors RSI,i042,BNBUSDT,True,sl0.40,34162,-0.10248850783440586,-3501.212404638973,0.3703934423974483
Connors RSI,i042,BNBUSDT,True,fee0.02,36036,-0.04153659010285516,-1496.8125609464887,0.6581617119093417
Connors RSI,i042,BNBUSDT,True,fee0.07,36036,-0.14153567112684592,-5100.379444727019,0.2556155688375238
Connors RSI,i042,BNBUSDT,True,slip3,36036,-0.10711521103260024,-3860.003744770782,0.3507640908153288
Awesome Oscillator,i043,BNBUSDT,False,baseline,20766,-0.09913948651389813,-2058.7305769476084,0.32892806141453934
Awesome Oscillator,i043,BNBUSDT,False,delay+1,26429,-0.09954021445940035,-2630.748327947492,0.3111688315174907
Awesome Oscillator,i043,BNBUSDT,False,tp0.30,20803,-0.10036154206837049,-2087.821159648311,0.2969870917418132
Awesome Oscillator,i043,BNBUSDT,False,tp0.60,20753,-0.09875384483124323,-2049.4385417827907,0.3384844836531637
Awesome Oscillator,i043,BNBUSDT,False,sl0.20,22113,-0.09770045132627297,-2160.450080177874,0.3226870573416039
Awesome Oscillator,i043,BNBUSDT,False,sl0.40,20106,-0.10018474850605932,-2014.3145534628288,0.32655142973429824
Awesome Oscillator,i043,BNBUSDT,False,fee0.02,20766,-0.039139028367490204,-812.7610630793015,0.6317484401443447
Awesome Oscillator,i043,BNBUSDT,False,fee0.07,20766,-0.13913979194483672,-2889.3769195264795,0.21891971268015162
Awesome Oscillator,i043,BNBUSDT,False,slip3,20766,-0.10472645259343931,-2174.7495145553607,0.31046120266553473
Awesome Oscillator,i043,BNBUSDT,True,baseline,9203,-0.0973843287583065,-896.2279775626946,0.3539003348670279
Awesome Oscillator,i043,BNBUSDT,True,delay+1,9211,-0.0972017021369073,-895.3248783830531,0.3571986046853884
Awesome Oscillator,i043,BNBUSDT,True,tp0.30,9242,-0.09910445828400308,-915.9234034607564,0.31881956452146865
Awesome Oscillator,i043,BNBUSDT,True,tp0.60,9195,-0.09634433166694327,-885.8861296775434,0.36836828611235733
Awesome Oscillator,i043,BNBUSDT,True,sl0.20,9400,-0.09714455502272637,-913.1588172136279,0.33887598387301426
Awesome Oscillator,i043,BNBUSDT,True,sl0.40,9122,-0.09798707510207119,-893.8380990810934,0.35760615094290427
Awesome Oscillator,i043,BNBUSDT,True,fee0.02,9203,-0.03738455426115668,-344.05005286542496,0.6645574595405972
Awesome Oscillator,i043,BNBUSDT,True,fee0.07,9203,-0.13738417842307302,-1264.346594027541,0.2371232689708645
Awesome Oscillator,i043,BNBUSDT,True,slip3,9203,-0.102991031656592,-947.826464335616,0.3343405734915504
Accelerator Oscillator,i044,BNBUSDT,False,baseline,43920,-0.10182331484069113,-4472.079987803154,0.2770866901691231
Accelerator Oscillator,i044,BNBUSDT,False,delay+1,69885,-0.1019209266922912,-7122.743961890771,0.24849952112220733
Accelerator Oscillator,i044,BNBUSDT,False,tp0.30,45313,-0.10200760354345212,-4622.270539364446,0.259975143775519
Accelerator Oscillator,i044,BNBUSDT,False,tp0.60,43388,-0.10070488934579704,-4369.383738935441,0.28687235334197375
Accelerator Oscillator,i044,BNBUSDT,False,sl0.20,46045,-0.10042562641457606,-4624.097968259154,0.2729010679195159
Accelerator Oscillator,i044,BNBUSDT,False,sl0.40,43122,-0.10243088918300569,-4417.024803349572,0.2773935461045609
Accelerator Oscillator,i044,BNBUSDT,False,fee0.02,43920,-0.04182326374053898,-1836.8777434844717,0.564045057979479
Accelerator Oscillator,i044,BNBUSDT,False,fee0.07,43920,-0.14182334890745918,-6228.881484015608,0.18121810598047555
Accelerator Oscillator,i044,BNBUSDT,False,slip3,43920,-0.1074118204752071,-4717.527155271096,0.26071005231358013
Accelerator Oscillator,i044,BNBUSDT,True,baseline,21828,-0.1021411871032494,-2229.537832089728,0.35111160585177104
Accelerator Oscillator,i044,BNBUSDT,True,delay+1,21899,-0.10330768343190788,-2262.334959475351,0.3458893685372584
Accelerator Oscillator,i044,BNBUSDT,True,tp0.30,22250,-0.1025695821467168,-2282.1732027644484,0.32251421386077495
Accelerator Oscillator,i044,BNBUSDT,True,tp0.60,21692,-0.10101352127277281,-2191.1853034489877,0.3639317096120159
Accelerator Oscillator,i044,BNBUSDT,True,sl0.20,23026,-0.10033235986371487,-2310.2529182218987,0.3377980538023471
Accelerator Oscillator,i044,BNBUSDT,True,sl0.40,21235,-0.10245318803158747,-2175.5934478507597,0.3567145613570627
Accelerator Oscillator,i044,BNBUSDT,True,fee0.02,21828,-0.04214198394165983,-919.8752254785508,0.6421058747527169
Accelerator Oscillator,i044,BNBUSDT,True,fee0.07,21828,-0.14214065587764246,-3102.64623649718,0.23898675422415067
Accelerator Oscillator,i044,BNBUSDT,True,slip3,21828,-0.10773404432729188,-2351.6187195761268,0.332545123692684
Momentum,i045,BNBUSDT,False,baseline,50296,-0.1012376051210194,-5091.846587166792,0.23755564920511113
Momentum,i045,BNBUSDT,False,delay+1,60422,-0.10175674966309409,-6148.346328143471,0.25674656838914084
Momentum,i045,BNBUSDT,False,tp0.30,51115,-0.1020606116397776,-5216.828163967232,0.217015553989676
Momentum,i045,BNBUSDT,False,tp0.60,50012,-0.10092479196748784,-5047.450695878002,0.24340616424702569
Momentum,i045,BNBUSDT,False,sl0.20,52074,-0.10151540778623233,-5286.313345060262,0.23684135617800373
Momentum,i045,BNBUSDT,False,sl0.40,49751,-0.10127059414279113,-5038.313329198001,0.23631426371092656
Momentum,i045,BNBUSDT,False,fee0.02,50296,-0.04123737024637042,-2074.0747739114463,0.5103422477415788
Momentum,i045,BNBUSDT,False,fee0.07,50296,-0.14123776170411872,-7103.694462670356,0.153823249815579
Momentum,i045,BNBUSDT,False,slip3,50296,-0.10682873016641412,-5373.057812449964,0.22303494052924439
Momentum,i045,BNBUSDT,True,baseline,20350,-0.09913293613777448,-2017.355250403711,0.35845222517998515
Momentum,i045,BNBUSDT,True,delay+1,20413,-0.1005663440396997,-2052.86078088239,0.35213867535934984
Momentum,i045,BNBUSDT,True,tp0.30,20642,-0.10133960526587714,-2091.852131898236,0.3212815521137282
Momentum,i045,BNBUSDT,True,tp0.60,20254,-0.09870765383900905,-1999.2248208552894,0.36831306296964594
Momentum,i045,BNBUSDT,True,sl0.20,21489,-0.09826165677873597,-2111.544742518257,0.34576412262082457
Momentum,i045,BNBUSDT,True,sl0.40,19916,-0.09996061831691895,-1990.8156743997579,0.3601104593763732
Momentum,i045,BNBUSDT,True,fee0.02,20350,-0.03913361220864329,-796.3690084458909,0.6592495364199795
Momentum,i045,BNBUSDT,True,fee0.07,20350,-0.13913248542386192,-2831.3460783755904,0.24330594658723972
Momentum,i045,BNBUSDT,True,slip3,20350,-0.10472962783835497,-2131.247926510524,0.3393450567273516
Chande Momentum Oscillator,i046,BNBUSDT,False,baseline,52803,-0.10166120267070447,-5368.016484621208,0.23378569997295817
Chande Momentum Oscillator,i046,BNBUSDT,False,delay+1,63785,-0.10262690012091359,-6546.056824212474,0.249252092955703
Chande Momentum Oscillator,i046,BNBUSDT,False,tp0.30,53730,-0.10311312562470787,-5540.268239815553,0.21143948996565368
Chande Momentum Oscillator,i046,BNBUSDT,False,tp0.60,52461,-0.10111938759616156,-5304.824192682232,0.24071129715651204
Chande Momentum Oscillator,i046,BNBUSDT,False,sl0.20,54586,-0.1018392760225169,-5558.998720965107,0.23258240688003634
Chande Momentum Oscillator,i046,BNBUSDT,False,sl0.40,52221,-0.10160324222173907,-5305.822912061436,0.23283453124360184
Chande Momentum Oscillator,i046,BNBUSDT,False,fee0.02,52803,-0.041661152127213025,-2199.8338157732296,0.5034374342678455
Chande Momentum Oscillator,i046,BNBUSDT,False,fee0.07,52803,-0.1416612363663654,-7480.138263853193,0.15140858385251607
Chande Momentum Oscillator,i046,BNBUSDT,False,slip3,52803,-0.10724953068823186,-5663.096968930707,0.21948981987994726
Chande Momentum Oscillator,i046,BNBUSDT,True,baseline,21336,-0.102321220481352,-2183.125560190126,0.34700874775244794
Chande Momentum Oscillator,i046,BNBUSDT,True,delay+1,21307,-0.10176119298693398,-2168.2257389726024,0.3482951561415989
Chande Momentum Oscillator,i046,BNBUSDT,True,tp0.30,21645,-0.1037146259389863,-2244.9030784493584,0.31427539662446363
Chande Momentum Oscillator,i046,BNBUSDT,True,tp0.60,21218,-0.10126350910817722,-2148.6091362573043,0.35963617450581276
Chande Momentum Oscillator,i046,BNBUSDT,True,sl0.20,22665,-0.10062303290033665,-2280.62104068613,0.33675214440715123
Chande Momentum Oscillator,i046,BNBUSDT,True,sl0.40,20798,-0.10262463754523149,-2134.3872116657244,0.3505246940438904
Chande Momentum Oscillator,i046,BNBUSDT,True,fee0.02,21336,-0.04232219799305967,-902.986416379921,0.6378656471059022
Chande Momentum Oscillator,i046,BNBUSDT,True,fee0.07,21336,-0.14232056880688015,-3036.551656063595,0.23559985270512665
Chande Momentum Oscillator,i046,BNBUSDT,True,slip3,21336,-0.10791156236750524,-2302.401094673092,0.32852040320273707
Price Oscillator,i047,BNBUSDT,False,baseline,19972,-0.09815137077678288,-1960.2791771539078,0.3359951198778349
Price Oscillator,i047,BNBUSDT,False,delay+1,25117,-0.09885079924644355,-2482.835524672923,0.31995960735387624
Price Oscillator,i047,BNBUSDT,False,tp0.30,20012,-0.09963888407859192,-1993.9733481807814,0.30280182799736954
Price Oscillator,i047,BNBUSDT,False,tp0.60,19958,-0.09710535587624054,-1938.0286925780088,0.34902385005184533
Price Oscillator,i047,BNBUSDT,False,sl0.20,21373,-0.09624040082123438,-2056.946086752242,0.33568954209647967
Price Oscillator,i047,BNBUSDT,False,sl0.40,19402,-0.09931857432824323,-1926.9789791165754,0.33164880196417046
Price Oscillator,i047,BNBUSDT,False,fee0.02,19972,-0.038150580383969436,-761.9433914286376,0.6421656966253743
Price Oscillator,i047,BNBUSDT,False,fee0.07,19972,-0.13815189770532516,-2759.169700970754,0.22376288437864572
Price Oscillator,i047,BNBUSDT,False,slip3,19972,-0.10374550008016473,-2072.00512760105,0.3171779110377928
Price Oscillator,i047,BNBUSDT,True,baseline,8917,-0.0953897722232427,-850.5905989146552,0.36198157462165964
Price Oscillator,i047,BNBUSDT,True,delay+1,8899,-0.09684596237433699,-861.8322191692249,0.3545012259220366
Price Oscillator,i047,BNBUSDT,True,tp0.30,8918,-0.09895198655926155,-882.4538161354944,0.3180797902322371
Price Oscillator,i047,BNBUSDT,True,tp0.60,8916,-0.09437443743458261,-841.4424841667385,0.3762816957954951
Price Oscillator,i047,BNBUSDT,True,sl0.20,9144,-0.09476478649349285,-866.5292076964986,0.34801529321807445
Price Oscillator,i047,BNBUSDT,True,sl0.40,8828,-0.09600433455576042,-847.526265458253,0.36529941142897226
Price Oscillator,i047,BNBUSDT,True,fee0.02,8917,-0.03538961647206593,-315.5692100814119,0.6791284248399388
Price Oscillator,i047,BNBUSDT,True,fee0.07,8917,-0.13538987605736053,-1207.2715248034838,0.2426869311391475
Price Oscillator,i047,BNBUSDT,True,slip3,8917,-0.10100931730507169,-900.7000824093243,0.3419795311677068
Detrended Price Oscillator,i048,BNBUSDT,False,baseline,29643,-0.09943865046980051,-2947.6599158762965,0.2840932358553336
Detrended Price Oscillator,i048,BNBUSDT,False,delay+1,33035,-0.1001541312387757,-3308.591725472955,0.29000104377722147
Detrended Price Oscillator,i048,BNBUSDT,False,tp0.30,29767,-0.10071095518184871,-2997.8630028980906,0.2541238337419327
Detrended Price Oscillator,i048,BNBUSDT,False,tp0.60,29610,-0.09918803400371456,-2936.9576868499885,0.2916836477077433
Detrended Price Oscillator,i048,BNBUSDT,False,sl0.20,30688,-0.09908436949561505,-3040.7011310814346,0.2826127825129434
Detrended Price Oscillator,i048,BNBUSDT,False,sl0.40,29308,-0.09983743462183675,-2926.0355338967915,0.2820002228982058
Detrended Price Oscillator,i048,BNBUSDT,False,fee0.02,29643,-0.03943795622110294,-1169.0593362621546,0.5765864588563598
Detrended Price Oscillator,i048,BNBUSDT,False,fee0.07,29643,-0.13943911330226555,-4133.393635619058,0.18598666991009888
Detrended Price Oscillator,i048,BNBUSDT,False,slip3,29643,-0.10503426337049868,-3113.5306690916923,0.2673136959666875
Detrended Price Oscillator,i048,BNBUSDT,True,baseline,11717,-0.09662080880961434,-1132.1060168222511,0.36276197736576843
Detrended Price Oscillator,i048,BNBUSDT,True,delay+1,11743,-0.09979984876239793,-1171.949624016839,0.3519441655678123
Detrended Price Oscillator,i048,BNBUSDT,True,tp0.30,11788,-0.09948612278860346,-1172.7424154320577,0.32129945220029665
Detrended Price Oscillator,i048,BNBUSDT,True,tp0.60,11693,-0.09648517507338607,-1128.2011521331033,0.37123509677075944
Detrended Price Oscillator,i048,BNBUSDT,True,sl0.20,12346,-0.09717491508185935,-1199.7215016006355,0.34654482304457823
Detrended Price Oscillator,i048,BNBUSDT,True,sl0.40,11483,-0.09731121628060543,-1117.4246965501923,0.3636819867907715
Detrended Price Oscillator,i048,BNBUSDT,True,fee0.02,11717,-0.03662138968217156,-429.09282290600413,0.6737125541399462
Detrended Price Oscillator,i048,BNBUSDT,True,fee0.07,11717,-0.1366204215612429,-1600.781479433083,0.2447908501024983
Detrended Price Oscillator,i048,BNBUSDT,True,slip3,11717,-0.10222736406588256,-1197.7980247599462,0.34305040300912965
TRIX,i049,BNBUSDT,False,baseline,11913,-0.09815624053776556,-1169.3352935264008,0.3427038526902231
TRIX,i049,BNBUSDT,False,delay+1,13151,-0.09770063793648934,-1284.8610895027714,0.33433653808167213
TRIX,i049,BNBUSDT,False,tp0.30,11913,-0.1002960790537682,-1194.8271897675406,0.3068575773442425
TRIX,i049,BNBUSDT,False,tp0.60,11913,-0.09833567936731297,-1171.4729483027995,0.3490359843440713
TRIX,i049,BNBUSDT,False,sl0.20,12343,-0.09694687855436998,-1196.6153219965886,0.3299808705154387
TRIX,i049,BNBUSDT,False,sl0.40,11653,-0.09851356376091908,-1147.97855850599,0.347115900746639
TRIX,i049,BNBUSDT,False,fee0.02,11913,-0.03815599244324529,-454.55233797638107,0.6516732032426931
TRIX,i049,BNBUSDT,False,fee0.07,11913,-0.13815640593411235,-1645.8572638930807,0.22838308714613667
TRIX,i049,BNBUSDT,False,slip3,11913,-0.1037428778909693,-1235.8889043151173,0.3235842443614937
TRIX,i049,BNBUSDT,True,baseline,4674,-0.09706973160719243,-453.70392553201737,0.3543885394326667
TRIX,i049,BNBUSDT,True,delay+1,4685,-0.10061496509120788,-471.3811114523089,0.3401559043932062
TRIX,i049,BNBUSDT,True,tp0.30,4679,-0.10054994289503938,-470.4731828058892,0.31128249090240395
TRIX,i049,BNBUSDT,True,tp0.60,4673,-0.09845960646273255,-460.1017410003492,0.35483631048695585
TRIX,i049,BNBUSDT,True,sl0.20,4683,-0.09681719477622314,-453.39492313705296,0.33839061637110557
TRIX,i049,BNBUSDT,True,sl0.40,4672,-0.09876373499412257,-461.42416989254065,0.3551681011845342
TRIX,i049,BNBUSDT,True,fee0.02,4674,-0.03707070117471447,-173.26845729061543,0.66531997057361
TRIX,i049,BNBUSDT,True,fee0.07,4674,-0.1370690852288444,-640.6609043596187,0.23815230420301567
TRIX,i049,BNBUSDT,True,slip3,4674,-0.10268174130553243,-479.9344588620586,0.3349186519739298
Fisher Transform,i050,BNBUSDT,False,baseline,63945,-0.10225869897584014,-6538.932506010097,0.22599632103440565
Fisher Transform,i050,BNBUSDT,False,delay+1,95260,-0.10264058362073505,-9777.54199571122,0.21148834730741684
Fisher Transform,i050,BNBUSDT,False,tp0.30,66126,-0.1032530542944174,-6827.711468272645,0.21296084190730183
Fisher Transform,i050,BNBUSDT,False,tp0.60,63034,-0.10202197403480144,-6430.853111309673,0.22779479489762985
Fisher Transform,i050,BNBUSDT,False,sl0.20,66240,-0.1013899112548652,-6716.06772152227,0.22528338505025988
Fisher Transform,i050,BNBUSDT,False,sl0.40,63166,-0.10252593940374374,-6476.153488376877,0.2249024447087143
Fisher Transform,i050,BNBUSDT,False,fee0.02,63945,-0.04225871289356191,-2702.233395978816,0.5013680536539246
Fisher Transform,i050,BNBUSDT,False,fee0.07,63945,-0.14225868969735897,-9096.731912697618,0.14327471646800438
Fisher Transform,i050,BNBUSDT,False,slip3,63945,-0.10784272919547828,-6896.00331840486,0.2115176784745055
Fisher Transform,i050,BNBUSDT,True,baseline,27447,-0.10280969707491619,-2821.817755615225,0.3538125430006983
Fisher Transform,i050,BNBUSDT,True,delay+1,27368,-0.10255485151328268,-2806.7211762155202,0.352691407066243
Fisher Transform,i050,BNBUSDT,True,tp0.30,28195,-0.10338417360991756,-2914.9167749316252,0.3241485637209859
Fisher Transform,i050,BNBUSDT,True,tp0.60,27126,-0.10267648168801383,-2785.202242269063,0.36178672531003486
Fisher Transform,i050,BNBUSDT,True,sl0.20,29768,-0.10168530498779745,-3026.968158876754,0.33939076127748896
Fisher Transform,i050,BNBUSDT,True,sl0.40,26397,-0.10393041864760971,-2743.4512610409533,0.3561031512439225
Fisher Transform,i050,BNBUSDT,True,fee0.02,27447,-0.042810245953733714,-1175.0128206921293,0.6411796642817528
Fisher Transform,i050,BNBUSDT,True,fee0.07,27447,-0.14280933115570454,-3919.6877122306228,0.24220203596175596
Fisher Transform,i050,BNBUSDT,True,slip3,27447,-0.10839281565918489,-2975.0576113976476,0.3354255292834797
Ultimate Oscillator,i051,BNBUSDT,False,baseline,53366,-0.10113444399717442,-5397.14073835321,0.22420707595497447
Ultimate Oscillator,i051,BNBUSDT,False,delay+1,63934,-0.10227944533850156,-6539.1340582717585,0.24457236507446684
Ultimate Oscillator,i051,BNBUSDT,False,tp0.30,54407,-0.10192328156791425,-5545.339980265509,0.20702716775403246
Ultimate Oscillator,i051,BNBUSDT,False,tp0.60,52956,-0.1007031817800692,-5332.837694345345,0.2288289861255851
Ultimate Oscillator,i051,BNBUSDT,False,sl0.20,54822,-0.10146090023602394,-5562.289472739305,0.22004166005884906
Ultimate Oscillator,i051,BNBUSDT,False,sl0.40,52834,-0.10121426567768653,-5347.55451281489,0.2226183897830831
Ultimate Oscillator,i051,BNBUSDT,False,fee0.02,53366,-0.04113436867426774,-2195.176718670972,0.4953615691389347
Ultimate Oscillator,i051,BNBUSDT,False,fee0.07,53366,-0.14113449421244553,-7531.783418141367,0.14382802090557098
Ultimate Oscillator,i051,BNBUSDT,False,slip3,53366,-0.10671518928249799,-5694.962791249787,0.210192395219961
Ultimate Oscillator,i051,BNBUSDT,True,baseline,21437,-0.10242084127905784,-2195.5955744991625,0.3491811126476758
Ultimate Oscillator,i051,BNBUSDT,True,delay+1,21440,-0.10485636327242757,-2248.1204285608474,0.3370478461085017
Ultimate Oscillator,i051,BNBUSDT,True,tp0.30,21916,-0.10387844452274199,-2276.599990160413,0.3175992929805403
Ultimate Oscillator,i051,BNBUSDT,True,tp0.60,21273,-0.10183170826088947,-2166.2659298339017,0.35896356326530326
Ultimate Oscillator,i051,BNBUSDT,True,sl0.20,22819,-0.10092496161879033,-2303.0066991791764,0.33605944730211795
Ultimate Oscillator,i051,BNBUSDT,True,sl0.40,20876,-0.10307757042087184,-2151.8473601061205,0.3526839731142008
Ultimate Oscillator,i051,BNBUSDT,True,fee0.02,21437,-0.042422263305924454,-909.4060584891025,0.6396604681242576
Ultimate Oscillator,i051,BNBUSDT,True,fee0.07,21437,-0.14241989326114673,-3053.055251839203,0.2371084479790512
Ultimate Oscillator,i051,BNBUSDT,True,slip3,21437,-0.10800360238537446,-2315.2732243352725,0.33064072302175457
Williams %R,i052,BNBUSDT,False,baseline,48647,-0.10171540041763708,-4948.1490841167915,0.2523636220585518
Williams %R,i052,BNBUSDT,False,delay+1,58832,-0.10254780345501838,-6033.092372865641,0.2639237346934503
Williams %R,i052,BNBUSDT,False,tp0.30,49468,-0.1031674846506007,-5103.489130695915,0.2290323235265871
Williams %R,i052,BNBUSDT,False,tp0.60,48333,-0.10110006652361019,-4886.469515285651,0.25884363829696694
Williams %R,i052,BNBUSDT,False,sl0.20,50080,-0.10132404277703304,-5074.308062273814,0.2541711591329921
Williams %R,i052,BNBUSDT,False,sl0.40,48236,-0.1016382751074943,-4902.6238380850955,0.25119256459219264
Williams %R,i052,BNBUSDT,False,fee0.02,48647,-0.04171527738621484,-2029.3230990071934,0.5230259569375328
Williams %R,i052,BNBUSDT,False,fee0.07,48647,-0.14171548243858526,-6894.033074189858,0.16550579448866776
Williams %R,i052,BNBUSDT,False,slip3,48647,-0.1072966121835403,-5219.658292892685,0.2374720032161495
Williams %R,i052,BNBUSDT,True,baseline,20021,-0.10181311549425813,-2038.4003853105423,0.34859594195818416
Williams %R,i052,BNBUSDT,True,delay+1,19976,-0.10280049298618738,-2053.542647892079,0.3437670838038641
Williams %R,i052,BNBUSDT,True,tp0.30,20281,-0.10327605600941545,-2094.5416919269546,0.3158089515715763
Williams %R,i052,BNBUSDT,True,tp0.60,19943,-0.10123665652077848,-2018.9626409938853,0.35903804587445914
Williams %R,i052,BNBUSDT,True,sl0.20,21354,-0.09959350061239057,-2126.719612076988,0.3420544454187404
Williams %R,i052,BNBUSDT,True,sl0.40,19524,-0.1027528402641048,-2006.1464533163821,0.35044681853124265
Williams %R,i052,BNBUSDT,True,fee0.02,20021,-0.04181411407895409,-837.16037797474,0.64097003331415
Williams %R,i052,BNBUSDT,True,fee0.07,20021,-0.14181244977112753,-2839.227056867744,0.23658814447718285
Williams %R,i052,BNBUSDT,True,slip3,20021,-0.10739989263863256,-2150.2532505180625,0.3300179442954986
SMI Ergodic,i053,BNBUSDT,False,baseline,52067,-0.100987462454609,-5258.114207624127,0.2676901078184686
SMI Ergodic,i053,BNBUSDT,False,delay+1,75154,-0.1015410792747548,-7631.2182718149215,0.25046369592997075
SMI Ergodic,i053,BNBUSDT,False,tp0.30,53801,-0.10212591063139555,-5494.476117879713,0.24999547233610922
SMI Ergodic,i053,BNBUSDT,False,tp0.60,51305,-0.10039690341826657,-5150.863129874167,0.2719379687124102
SMI Ergodic,i053,BNBUSDT,False,sl0.20,53688,-0.09958100036788582,-5346.3047477510545,0.2652541681436627
SMI Ergodic,i053,BNBUSDT,False,sl0.40,51495,-0.1012643968113839,-5214.610113802214,0.2685883758029774
SMI Ergodic,i053,BNBUSDT,False,fee0.02,52067,-0.04098755990073817,-2134.099281351734,0.5525994070594992
SMI Ergodic,i053,BNBUSDT,False,fee0.07,52067,-0.1409873974905229,-7340.790825139055,0.17488195023499437
SMI Ergodic,i053,BNBUSDT,False,slip3,52067,-0.10658093291755263,-5549.349434218213,0.2517310870966525
SMI Ergodic,i053,BNBUSDT,True,baseline,23659,-0.10102143752749655,-2390.066190463041,0.3575443612203229
SMI Ergodic,i053,BNBUSDT,True,delay+1,23604,-0.10210088639098294,-2409.9893223727618,0.35135807053295576
SMI Ergodic,i053,BNBUSDT,True,tp0.30,24037,-0.10121339119411239,-2432.866284132879,0.3284443704031533
SMI Ergodic,i053,BNBUSDT,True,tp0.60,23520,-0.10054217207742869,-2364.751887261123,0.3683025305166026
SMI Ergodic,i053,BNBUSDT,True,sl0.20,25364,-0.0993530718879586,-2519.991315366182,0.3461261182136273
SMI Ergodic,i053,BNBUSDT,True,sl0.40,22892,-0.10190083439037417,-2332.7139008644453,0.3603051553689947
SMI Ergodic,i053,BNBUSDT,True,fee0.02,23659,-0.041022279876208,-970.5461195912051,0.6511762521421415
SMI Ergodic,i053,BNBUSDT,True,fee0.07,23659,-0.1410208759616889,-3336.4129043775984,0.24386079570451907
SMI Ergodic,i053,BNBUSDT,True,slip3,23659,-0.10661515411550812,-2522.407931218807,0.33873915783556746
Relative Vigor Index,i054,BNBUSDT,False,baseline,59945,-0.10255705812180263,-6147.78284911146,0.2231480836091816
Relative Vigor Index,i054,BNBUSDT,False,delay+1,97639,-0.10264718674987362,-10022.36866707091,0.1979082487321504
Relative Vigor Index,i054,BNBUSDT,False,tp0.30,62014,-0.10364959164126655,-6427.725776041504,0.2102803433980253
Relative Vigor Index,i054,BNBUSDT,False,tp0.60,59106,-0.10193572858457338,-6025.013173719794,0.22592872937551076
Relative Vigor Index,i054,BNBUSDT,False,sl0.20,62367,-0.10189116816062603,-6354.646484673764,0.2186875148761369
Relative Vigor Index,i054,BNBUSDT,False,sl0.40,59082,-0.10332928886405554,-6104.901044666129,0.22259168088156767
Relative Vigor Index,i054,BNBUSDT,False,fee0.02,59945,-0.04255724789190415,-2551.094224880194,0.501848883157247
Relative Vigor Index,i054,BNBUSDT,False,fee0.07,59945,-0.14255693160840166,-8545.575265265637,0.14031144452723399
Relative Vigor Index,i054,BNBUSDT,False,slip3,59945,-0.10814270324144686,-6482.614345808532,0.20860021770042209
Relative Vigor Index,i054,BNBUSDT,True,baseline,26740,-0.10205356549426042,-2728.9123413165235,0.35594338849776486
Relative Vigor Index,i054,BNBUSDT,True,delay+1,26819,-0.10251288865109033,-2749.2931607335913,0.3541154989337674
Relative Vigor Index,i054,BNBUSDT,True,tp0.30,27417,-0.10346987116327583,-2836.833457683533,0.32267661490144256
Relative Vigor Index,i054,BNBUSDT,True,tp0.60,26468,-0.10162830548693438,-2689.897989628179,0.3659036396707823
Relative Vigor Index,i054,BNBUSDT,True,sl0.20,28822,-0.10098435730138075,-2910.5711461403957,0.34143239252645696
Relative Vigor Index,i054,BNBUSDT,True,sl0.40,25750,-0.10309076253554768,-2654.5871352903523,0.3594751125436539
Relative Vigor Index,i054,BNBUSDT,True,fee0.02,26740,-0.042053874631187774,-1124.520607637961,0.6456835877543528
Relative Vigor Index,i054,BNBUSDT,True,fee0.07,26740,-0.1420533594029755,-3798.506830435565,0.24353432825332627
Relative Vigor Index,i054,BNBUSDT,True,slip3,26740,-0.10764239581741944,-2878.357664157796,0.33739225562896175
True Strength Index,i055,BNBUSDT,False,baseline,29833,-0.09924993291553999,-2960.923248669305,0.33408757392018545
True Strength Index,i055,BNBUSDT,False,delay+1,38837,-0.10124623482003581,-3932.1000217057303,0.3121753224284224
True Strength Index,i055,BNBUSDT,False,tp0.30,30218,-0.10155726217106885,-3068.8573482853585,0.2984489860849198
True Strength Index,i055,BNBUSDT,False,tp0.60,29653,-0.09911046961271193,-2938.922755425747,0.34115602737768475
True Strength Index,i055,BNBUSDT,False,sl0.20,31330,-0.09811387738843669,-3073.9077785797213,0.32685660461622806
True Strength Index,i055,BNBUSDT,False,sl0.40,29267,-0.09939192696465178,-2908.903526474464,0.33648085440612246
True Strength Index,i055,BNBUSDT,False,fee0.02,29833,-0.03924953712692499,-1170.9314411075532,0.6334258288777149
True Strength Index,i055,BNBUSDT,False,fee0.07,29833,-0.13925019677461667,-4154.25112037714,0.22416963251879696
True Strength Index,i055,BNBUSDT,False,slip3,29833,-0.10484298292315485,-3127.780709546478,0.31570829624316366
True Strength Index,i055,BNBUSDT,True,baseline,14293,-0.10227920905091292,-1461.8767349646985,0.34644958606702597
True Strength Index,i055,BNBUSDT,True,delay+1,14282,-0.10472018327185974,-1495.6136574887007,0.33510013102437675
True Strength Index,i055,BNBUSDT,True,tp0.30,14343,-0.10292175202567544,-1476.206689304263,0.3158581666080146
True Strength Index,i055,BNBUSDT,True,tp0.60,14276,-0.10150862013065153,-1449.137060985181,0.35805602682516596
True Strength Index,i055,BNBUSDT,True,sl0.20,14791,-0.09970200933413877,-1474.6924200612466,0.3359246232559569
True Strength Index,i055,BNBUSDT,True,sl0.40,14064,-0.10337726176390671,-1453.897809447584,0.3507056880028254
True Strength Index,i055,BNBUSDT,True,fee0.02,14293,-0.042279992149040546,-604.3079277862365,0.6384901705146255
True Strength Index,i055,BNBUSDT,True,fee0.07,14293,-0.14227868698549453,-2033.5892730836733,0.234241637928252
True Strength Index,i055,BNBUSDT,True,slip3,14293,-0.10788056199185858,-1541.9368725496347,0.3278057395927941
Coppock Curve,i056,BNBUSDT,False,baseline,23642,-0.09723364761211746,-2298.797896845681,0.34810211124327267
Coppock Curve,i056,BNBUSDT,False,delay+1,30163,-0.09912176489682617,-2989.8097945829677,0.32492861701647835
Coppock Curve,i056,BNBUSDT,False,tp0.30,23695,-0.09839412456720446,-2331.44878161991,0.3158814294460479
Coppock Curve,i056,BNBUSDT,False,tp0.60,23634,-0.09654060087174704,-2281.6405610028696,0.35960663181624813
Coppock Curve,i056,BNBUSDT,False,sl0.20,25443,-0.0966695720595023,-2459.563921909917,0.3349072108253336
Coppock Curve,i056,BNBUSDT,False,sl0.40,22742,-0.09879174524121781,-2246.7218702757755,0.3440197297413684
Coppock Curve,i056,BNBUSDT,False,fee0.02,23642,-0.03723306093009519,-880.2640265093103,0.6576445478646803
Coppock Curve,i056,BNBUSDT,False,fee0.07,23642,-0.13723403873346565,-3244.4871437365946,0.23278495263292046
Coppock Curve,i056,BNBUSDT,False,slip3,23642,-0.10281835615484905,-2430.831576212941,0.3288530343067874
Coppock Curve,i056,BNBUSDT,True,baseline,11246,-0.09765585711081268,-1098.2377690681992,0.3542546574066653
Coppock Curve,i056,BNBUSDT,True,delay+1,11270,-0.0977406078305044,-1101.5366502497845,0.3537898550554795
Coppock Curve,i056,BNBUSDT,True,tp0.30,11259,-0.0997718065324943,-1123.3307697493533,0.3177841672577969
Coppock Curve,i056,BNBUSDT,True,tp0.60,11244,-0.096860442427805,-1089.0988146582395,0.36654716691997935
Coppock Curve,i056,BNBUSDT,True,sl0.20,11351,-0.09773864120902569,-1109.4313163636507,0.33577287355226965
Coppock Curve,i056,BNBUSDT,True,sl0.40,11210,-0.09765723596782815,-1094.7376151993535,0.36123009910124754
Coppock Curve,i056,BNBUSDT,True,fee0.02,11246,-0.03765597697628009,-423.4791170752459,0.6633230718974065
Coppock Curve,i056,BNBUSDT,True,fee0.07,11246,-0.13765577720050104,-1548.0768703968347,0.23752725774372557
Coppock Curve,i056,BNBUSDT,True,slip3,11246,-0.1032704027230434,-1161.3789490233462,0.334735941075441
Rate of Change,i057,BNBUSDT,False,baseline,52803,-0.10166120267070447,-5368.016484621208,0.23378569997295817
Rate of Change,i057,BNBUSDT,False,delay+1,63785,-0.10262690012091359,-6546.056824212474,0.249252092955703
Rate of Change,i057,BNBUSDT,False,tp0.30,53730,-0.10311312562470787,-5540.268239815553,0.21143948996565368
Rate of Change,i057,BNBUSDT,False,tp0.60,52461,-0.10111938759616156,-5304.824192682232,0.24071129715651204
Rate of Change,i057,BNBUSDT,False,sl0.20,54586,-0.1018392760225169,-5558.998720965107,0.23258240688003634
Rate of Change,i057,BNBUSDT,False,sl0.40,52221,-0.10160324222173907,-5305.822912061436,0.23283453124360184
Rate of Change,i057,BNBUSDT,False,fee0.02,52803,-0.041661152127213025,-2199.8338157732296,0.5034374342678455
Rate of Change,i057,BNBUSDT,False,fee0.07,52803,-0.1416612363663654,-7480.138263853193,0.15140858385251607
Rate of Change,i057,BNBUSDT,False,slip3,52803,-0.10724953068823186,-5663.096968930707,0.21948981987994726
Rate of Change,i057,BNBUSDT,True,baseline,21336,-0.102321220481352,-2183.125560190126,0.34700874775244794
Rate of Change,i057,BNBUSDT,True,delay+1,21307,-0.10176119298693398,-2168.2257389726024,0.3482951561415989
Rate of Change,i057,BNBUSDT,True,tp0.30,21645,-0.1037146259389863,-2244.9030784493584,0.31427539662446363
Rate of Change,i057,BNBUSDT,True,tp0.60,21218,-0.10126350910817722,-2148.6091362573043,0.35963617450581276
Rate of Change,i057,BNBUSDT,True,sl0.20,22665,-0.10062303290033665,-2280.62104068613,0.33675214440715123
Rate of Change,i057,BNBUSDT,True,sl0.40,20798,-0.10262463754523149,-2134.3872116657244,0.3505246940438904
Rate of Change,i057,BNBUSDT,True,fee0.02,21336,-0.04232219799305967,-902.986416379921,0.6378656471059022
Rate of Change,i057,BNBUSDT,True,fee0.07,21336,-0.14232056880688015,-3036.551656063595,0.23559985270512665
Rate of Change,i057,BNBUSDT,True,slip3,21336,-0.10791156236750524,-2302.401094673092,0.32852040320273707
Klinger Oscillator,i058,BNBUSDT,False,baseline,53701,-0.10185340300946398,-5469.629595011226,0.2401501692793235
Klinger Oscillator,i058,BNBUSDT,False,delay+1,66347,-0.10228112653366832,-6786.045902129293,0.2440377725341935
Klinger Oscillator,i058,BNBUSDT,False,tp0.30,54948,-0.1033940145878527,-5681.29431357333,0.21809210567119688
Klinger Oscillator,i058,BNBUSDT,False,tp0.60,53113,-0.10145375623030303,-5388.5133546600855,0.24393340386980095
Klinger Oscillator,i058,BNBUSDT,False,sl0.20,55162,-0.10137333298248612,-5591.955793979899,0.23449231053491024
Klinger Oscillator,i058,BNBUSDT,False,sl0.40,53201,-0.10238689084545345,-5447.084979868969,0.24112285925836682
Klinger Oscillator,i058,BNBUSDT,False,fee0.02,53701,-0.041853487321605404,-2247.5741226575315,0.5165472985898169
Klinger Oscillator,i058,BNBUSDT,False,fee0.07,53701,-0.1418533468013697,-7617.666576580355,0.1545569453268789
Klinger Oscillator,i058,BNBUSDT,False,slip3,53701,-0.10744468052025208,-5769.886788618057,0.22529882909960425
Klinger Oscillator,i058,BNBUSDT,True,baseline,22207,-0.10200769576603959,-2265.284899876441,0.35587541980141346
Klinger Oscillator,i058,BNBUSDT,True,delay+1,22148,-0.10212258585575211,-2261.8110315331974,0.353935095348624
Klinger Oscillator,i058,BNBUSDT,True,tp0.30,22684,-0.10295335907594216,-2335.393997278672,0.3242861776815517
Klinger Oscillator,i058,BNBUSDT,True,tp0.60,22031,-0.10065141300069913,-2217.4512798184023,0.3704041587965682
Klinger Oscillator,i058,BNBUSDT,True,sl0.20,23840,-0.10065243873541921,-2399.554139452394,0.34264737044097654
Klinger Oscillator,i058,BNBUSDT,True,sl0.40,21475,-0.10312807949552402,-2214.6755071663783,0.35821066533787105
Klinger Oscillator,i058,BNBUSDT,True,fee0.02,22207,-0.04200843703828349,-932.8813613091615,0.6464698197444313
Klinger Oscillator,i058,BNBUSDT,True,fee0.07,22207,-0.14200720158454366,-3153.553925587961,0.2428652871516166
Klinger Oscillator,i058,BNBUSDT,True,slip3,22207,-0.10759760351718506,-2389.4199813061286,0.3372371073045345
Bollinger Bands,i059,BNBUSDT,False,baseline,24795,-0.09813247077859295,-2433.194612955212,0.3705127820183053
Bollinger Bands,i059,BNBUSDT,False,delay+1,26139,-0.1009735429790529,-2639.3474399294637,0.3548794721163777
Bollinger Bands,i059,BNBUSDT,False,tp0.30,25726,-0.09929183557417895,-2554.3817619813276,0.33864228301692473
Bollinger Bands,i059,BNBUSDT,False,tp0.60,24430,-0.09873074427083793,-2411.9920825365703,0.3750541944756538
Bollinger Bands,i059,BNBUSDT,False,sl0.20,25874,-0.0980550505889759,-2537.0763789391626,0.35059587668489556
Bollinger Bands,i059,BNBUSDT,False,sl0.40,24260,-0.09891535966862705,-2399.686625560892,0.37596193842604075
Bollinger Bands,i059,BNBUSDT,False,fee0.02,24795,-0.03813248070086048,-945.4948589778356,0.6728959625980583
Bollinger Bands,i059,BNBUSDT,False,fee0.07,24795,-0.13813246416374794,-3424.99444894013,0.2536205522095424
Bollinger Bands,i059,BNBUSDT,False,slip3,24795,-0.10369859282379,-2571.206609065873,0.35129451651393995
Bollinger Bands,i059,BNBUSDT,True,baseline,10723,-0.0954150501967814,-1023.1355832600868,0.39889576670559873
Bollinger Bands,i059,BNBUSDT,True,delay+1,10853,-0.09955546118288479,-1080.4754202178488,0.3828209444507809
Bollinger Bands,i059,BNBUSDT,True,tp0.30,11153,-0.09737452675358224,-1086.0180968827028,0.3598054792967133
Bollinger Bands,i059,BNBUSDT,True,tp0.60,10535,-0.09563279601737978,-1007.491506043096,0.40751267661822255
Bollinger Bands,i059,BNBUSDT,True,sl0.20,10970,-0.09474722801051244,-1039.3770912753216,0.37999737777212383
Bollinger Bands,i059,BNBUSDT,True,sl0.40,10651,-0.09596628016444135,-1022.1368500314649,0.4068511725821846
Bollinger Bands,i059,BNBUSDT,True,fee0.02,10723,-0.03541541304143136,-379.7594740432685,0.7043459913566579
Bollinger Bands,i059,BNBUSDT,True,fee0.07,10723,-0.13541480830034808,-1452.0529894046324,0.27725771649592656
Bollinger Bands,i059,BNBUSDT,True,slip3,10723,-0.10100311881197305,-1083.056443020787,0.3790127262975763
BB %B,i060,BNBUSDT,False,baseline,44162,-0.1016173241150518,-4487.624267568917,0.25365917401410837
BB %B,i060,BNBUSDT,False,delay+1,51710,-0.10166999723144503,-5257.3555568380225,0.27059651379208627
BB %B,i060,BNBUSDT,False,tp0.30,44680,-0.10281537609631397,-4593.791003983309,0.22891731804691448
BB %B,i060,BNBUSDT,False,tp0.60,44002,-0.1012279844765451,-4454.233772936937,0.26068770887067677
BB %B,i060,BNBUSDT,False,sl0.20,45419,-0.1012061659477922,-4596.682851182773,0.2567239668273335
BB %B,i060,BNBUSDT,False,sl0.40,43840,-0.10111709339114233,-4432.973374267679,0.25485115373462935
BB %B,i060,BNBUSDT,False,fee0.02,44162,-0.04161685999712935,-1837.8837711932263,0.5252816602809618
BB %B,i060,BNBUSDT,False,fee0.07,44162,-0.14161763352700008,-6254.117931819378,0.1658393900176033
BB %B,i060,BNBUSDT,False,slip3,44162,-0.10720855844598486,-4734.544358091583,0.23859371318245856
BB %B,i060,BNBUSDT,True,baseline,17620,-0.10115159102384022,-1782.2910338400648,0.34856173199761337
BB %B,i060,BNBUSDT,True,delay+1,17600,-0.10183333575275705,-1792.2667092485242,0.3445354069977436
BB %B,i060,BNBUSDT,True,tp0.30,17810,-0.10279586740197282,-1830.7943984291355,0.31411768872931783
BB %B,i060,BNBUSDT,True,tp0.60,17573,-0.10052455607170958,-1766.5180238481526,0.3593142154509644
BB %B,i060,BNBUSDT,True,sl0.20,18748,-0.09958688142012205,-1867.054852864448,0.3391440321945674
BB %B,i060,BNBUSDT,True,sl0.40,17204,-0.10168966485092473,-1749.468994095309,0.3502633526276764
BB %B,i060,BNBUSDT,True,fee0.02,17620,-0.04115300085422898,-725.1158750515148,0.6437606264357248
BB %B,i060,BNBUSDT,True,fee0.07,17620,-0.14115065113691438,-2487.0744730324313,0.23593272141273838
BB %B,i060,BNBUSDT,True,slip3,17620,-0.10674920475374763,-1880.9209877610333,0.32980604535379643
Standard Error Bands,i061,BNBUSDT,False,baseline,30713,-0.10153554841683592,-3118.461298526281,0.3530995184718931
Standard Error Bands,i061,BNBUSDT,False,delay+1,38252,-0.10266009194876266,-3926.953837224069,0.33514180091630613
Standard Error Bands,i061,BNBUSDT,False,tp0.30,32114,-0.10281975480939509,-3301.953605948914,0.3226392323504032
Standard Error Bands,i061,BNBUSDT,False,tp0.60,30126,-0.10098983520974364,-3042.4197755287373,0.36044680922824096
Standard Error Bands,i061,BNBUSDT,False,sl0.20,32767,-0.10047435397426005,-3292.2431566745786,0.3394873269269052
Standard Error Bands,i061,BNBUSDT,False,sl0.40,29813,-0.10224518490519871,-3048.2356975786893,0.3568352380207309
Standard Error Bands,i061,BNBUSDT,False,fee0.02,30713,-0.04153566250068427,-1275.6848023835162,0.642472549576536
Standard Error Bands,i061,BNBUSDT,False,fee0.07,30713,-0.141535472360937,-4346.978962621458,0.24222941913539928
Standard Error Bands,i061,BNBUSDT,False,slip3,30713,-0.10710648349753558,-3289.5614276598103,0.3348092829076222
Standard Error Bands,i061,BNBUSDT,True,baseline,15016,-0.10275587740665583,-1542.982255138344,0.3605359870452721
Standard Error Bands,i061,BNBUSDT,True,delay+1,15156,-0.10161707806878001,-1540.10843521043,0.36538587863708816
Standard Error Bands,i061,BNBUSDT,True,tp0.30,15555,-0.10340978153256909,-1608.5391517391124,0.32925952004024356
Standard Error Bands,i061,BNBUSDT,True,tp0.60,14801,-0.10189396808258502,-1508.132621590341,0.3723748602826603
Standard Error Bands,i061,BNBUSDT,True,sl0.20,15343,-0.10021517283395737,-1537.601396791408,0.34749285605907904
Standard Error Bands,i061,BNBUSDT,True,sl0.40,14881,-0.10227140719556709,-1521.9008104772338,0.3710418559048465
Standard Error Bands,i061,BNBUSDT,True,fee0.02,15016,-0.042756127891902855,-642.0260164248132,0.6474059861357008
Standard Error Bands,i061,BNBUSDT,True,fee0.07,15016,-0.14275571041649116,-2143.619747614031,0.24794793647427324
Standard Error Bands,i061,BNBUSDT,True,slip3,15016,-0.10834513605715941,-1626.9105630343056,0.3419809464850959
Envelopes,i062,BNBUSDT,False,baseline,1,-0.40211668436681514,-0.40211668436681514,0.0
Envelopes,i062,BNBUSDT,False,delay+1,1,-0.4021271637585775,-0.4021271637585775,0.0
Envelopes,i062,BNBUSDT,False,tp0.30,1,-0.40211668436681514,-0.40211668436681514,0.0
Envelopes,i062,BNBUSDT,False,tp0.60,1,-0.40211668436681514,-0.40211668436681514,0.0
Envelopes,i062,BNBUSDT,False,sl0.20,1,-0.3020666843668261,-0.3020666843668261,0.0
Envelopes,i062,BNBUSDT,False,sl0.40,1,-0.5021666843668264,-0.5021666843668264,0.0
Envelopes,i062,BNBUSDT,False,fee0.02,1,-0.34202668436681516,-0.34202668436681516,0.0
Envelopes,i062,BNBUSDT,False,fee0.07,1,-0.4421766843668152,-0.4421766843668152,0.0
Envelopes,i062,BNBUSDT,False,slip3,1,-0.40605005310046705,-0.40605005310046705,0.0
Envelopes,i062,BNBUSDT,True,baseline,1,-0.40211668436681514,-0.40211668436681514,0.0
Envelopes,i062,BNBUSDT,True,delay+1,1,-0.4021271637585775,-0.4021271637585775,0.0
Envelopes,i062,BNBUSDT,True,tp0.30,1,-0.40211668436681514,-0.40211668436681514,0.0
Envelopes,i062,BNBUSDT,True,tp0.60,1,-0.40211668436681514,-0.40211668436681514,0.0
Envelopes,i062,BNBUSDT,True,sl0.20,1,-0.3020666843668261,-0.3020666843668261,0.0
Envelopes,i062,BNBUSDT,True,sl0.40,1,-0.5021666843668264,-0.5021666843668264,0.0
Envelopes,i062,BNBUSDT,True,fee0.02,1,-0.34202668436681516,-0.34202668436681516,0.0
Envelopes,i062,BNBUSDT,True,fee0.07,1,-0.4421766843668152,-0.4421766843668152,0.0
Envelopes,i062,BNBUSDT,True,slip3,1,-0.40605005310046705,-0.40605005310046705,0.0
Net Volume,i074,BNBUSDT,False,baseline,42365,-0.10299877641223594,-4363.543162704375,0.2311286041465615
Net Volume,i074,BNBUSDT,False,delay+1,48893,-0.1022609204450298,-4999.843183318842,0.25696958822834326
Net Volume,i074,BNBUSDT,False,tp0.30,42715,-0.10310916260895855,-4404.307880841665,0.21226067454886374
Net Volume,i074,BNBUSDT,False,tp0.60,42259,-0.10240821609873325,-4327.668804116369,0.24023840226771875
Net Volume,i074,BNBUSDT,False,sl0.20,44082,-0.10208261323927602,-4500.005756813765,0.2302407139781758
Net Volume,i074,BNBUSDT,False,sl0.40,41658,-0.10327158883400095,-4302.0878476468115,0.2288240363508161
Net Volume,i074,BNBUSDT,False,fee0.02,42365,-0.04299885194242844,-1821.6463625409808,0.5043251249232469
Net Volume,i074,BNBUSDT,False,fee0.07,42365,-0.14299872605877428,-6058.1410294799725,0.1474508689278482
Net Volume,i074,BNBUSDT,False,slip3,42365,-0.10858918696911356,-4600.380905946496,0.21654936508742098
Net Volume,i074,BNBUSDT,True,baseline,17385,-0.10220934274590952,-1776.9094236376372,0.34526011824227626
Net Volume,i074,BNBUSDT,True,delay+1,17479,-0.10026867152676507,-1752.5961096163269,0.3529390051811829
Net Volume,i074,BNBUSDT,True,tp0.30,17718,-0.10294636000358552,-1824.0036065435283,0.31629190833116594
Net Volume,i074,BNBUSDT,True,tp0.60,17270,-0.10119868127751411,-1747.7012256626685,0.3570362404835734
Net Volume,i074,BNBUSDT,True,sl0.20,18285,-0.10084047329177079,-1843.8680541400292,0.33322060946654075
Net Volume,i074,BNBUSDT,True,sl0.40,17073,-0.10233799281668175,-1747.2165513592074,0.3508942790580057
Net Volume,i074,BNBUSDT,True,fee0.02,17385,-0.0422097502714171,-733.8165084685863,0.637358354856131
Net Volume,i074,BNBUSDT,True,fee0.07,17385,-0.1422090710622378,-2472.304700417004,0.23366439992149346
Net Volume,i074,BNBUSDT,True,slip3,17385,-0.10781046817534183,-1874.284989228318,0.3266576153780215
OBV,i075,BNBUSDT,False,baseline,43206,-0.10270666737322506,-4437.544270527562,0.21782390971226145
OBV,i075,BNBUSDT,False,delay+1,47963,-0.10274160422828252,-4927.795563601114,0.24587336872624097
OBV,i075,BNBUSDT,False,tp0.30,43719,-0.10319166207873204,-4511.436274420085,0.19911891156554556
OBV,i075,BNBUSDT,False,tp0.60,43072,-0.10186663373745386,-4387.599648339612,0.22761392477246356
OBV,i075,BNBUSDT,False,sl0.20,44503,-0.10214171409376513,-4545.612702314829,0.22000800067599122
OBV,i075,BNBUSDT,False,sl0.40,42794,-0.10291053394128666,-4403.95338948342,0.21606811752741234
OBV,i075,BNBUSDT,False,fee0.02,43206,-0.04270656355891703,-1845.1797851265687,0.48088201282749266
OBV,i075,BNBUSDT,False,fee0.07,43206,-0.14270673658276373,-6165.787260794889,0.1392604754656975
OBV,i075,BNBUSDT,False,slip3,43206,-0.10829337044146829,-4678.9233632940795,0.204122901032527
OBV,i075,BNBUSDT,True,baseline,16686,-0.10179587233747314,-1698.565925823077,0.34872018411617645
OBV,i075,BNBUSDT,True,delay+1,16679,-0.10387863505085272,-1732.5917540131727,0.34038551239029946
OBV,i075,BNBUSDT,True,tp0.30,16982,-0.10385116317017684,-1763.600452955943,0.3130785147410281
OBV,i075,BNBUSDT,True,tp0.60,16601,-0.10064748868341844,-1670.8489596334296,0.36154729301703475
OBV,i075,BNBUSDT,True,sl0.20,17807,-0.10157976174463197,-1808.8308173866615,0.3335159638937679
OBV,i075,BNBUSDT,True,sl0.40,16249,-0.10257701019854382,-1666.7738387161385,0.3511577854642145
OBV,i075,BNBUSDT,True,fee0.02,16686,-0.04179590909267142,-697.4065391203153,0.641159187241328
OBV,i075,BNBUSDT,True,fee0.07,16686,-0.14179584783400762,-2366.0055169582515,0.23691017471613532
OBV,i075,BNBUSDT,True,slip3,16686,-0.10739036205445779,-1791.9155812406827,0.33013220207253213
Accumulation/Distribution,i076,BNBUSDT,False,baseline,43279,-0.10058694367920307,-4353.302335492229,0.22715228808957982
Accumulation/Distribution,i076,BNBUSDT,False,delay+1,49766,-0.10107469710728123,-5030.083376240958,0.2501538648932713
Accumulation/Distribution,i076,BNBUSDT,False,tp0.30,43936,-0.10149661951593238,-4459.355475052005,0.2081907896524081
Accumulation/Distribution,i076,BNBUSDT,False,tp0.60,43018,-0.10013343518927977,-4307.540114972437,0.23291069746389467
Accumulation/Distribution,i076,BNBUSDT,False,sl0.20,44390,-0.10084090952527973,-4476.327973827167,0.22245049073712356
Accumulation/Distribution,i076,BNBUSDT,False,sl0.40,42895,-0.10104139803365397,-4334.1707686535865,0.2253606421206383
Accumulation/Distribution,i076,BNBUSDT,False,fee0.02,43279,-0.04058687753079196,-1756.5594726551453,0.5033359988655053
Accumulation/Distribution,i076,BNBUSDT,False,fee0.07,43279,-0.14058698777814382,-6084.464244050287,0.14490407547934064
Accumulation/Distribution,i076,BNBUSDT,False,slip3,43279,-0.10616471811367754,-4594.702835241851,0.21281920939749083
Accumulation/Distribution,i076,BNBUSDT,True,baseline,17246,-0.09833830834230617,-1695.942465671412,0.3638582889560207
Accumulation/Distribution,i076,BNBUSDT,True,delay+1,17245,-0.09925181676924658,-1711.597580185657,0.35763494230130705
Accumulation/Distribution,i076,BNBUSDT,True,tp0.30,17606,-0.10014348205689735,-1763.1261450937347,0.32959224883440424
Accumulation/Distribution,i076,BNBUSDT,True,tp0.60,17121,-0.09829645620252336,-1682.9336266434027,0.37175985700473607
Accumulation/Distribution,i076,BNBUSDT,True,sl0.20,18402,-0.09792583735611714,-1802.0312590272674,0.34907911316001156
Accumulation/Distribution,i076,BNBUSDT,True,sl0.40,16756,-0.09834142648910292,-1647.8089422514086,0.3686706242577327
Accumulation/Distribution,i076,BNBUSDT,True,fee0.02,17246,-0.038338754853066585,-661.1901661959863,0.6674585847729846
Accumulation/Distribution,i076,BNBUSDT,True,fee0.07,17246,-0.13833801066846585,-2385.7773319883618,0.24718042514134939
Accumulation/Distribution,i076,BNBUSDT,True,slip3,17246,-0.1039200007751326,-1792.2043333679364,0.3445640547295562
MFI,i077,BNBUSDT,False,baseline,37165,-0.10104117520949318,-3755.1952766608138,0.25721704003023804
MFI,i077,BNBUSDT,False,delay+1,45065,-0.1013770368612555,-4568.55616615248,0.2662319195045762
MFI,i077,BNBUSDT,False,tp0.30,37402,-0.10216763296168661,-3821.2738080330028,0.23095859402604585
MFI,i077,BNBUSDT,False,tp0.60,37099,-0.10076499498203187,-3738.280548838401,0.26508788386270016
MFI,i077,BNBUSDT,False,sl0.20,38984,-0.10053854770068517,-3919.394743563511,0.254768778084581
MFI,i077,BNBUSDT,False,sl0.40,36409,-0.10168310260758615,-3702.180082839604,0.25310172566784955
MFI,i077,BNBUSDT,False,fee0.02,37165,-0.04104077100012898,-1525.2802542197933,0.5434556514270877
MFI,i077,BNBUSDT,False,fee0.07,37165,-0.14104144468240262,-5241.805291621493,0.16603519679072717
MFI,i077,BNBUSDT,False,slip3,37165,-0.10664120391885586,-3963.3203436442777,0.24147721071918843
MFI,i077,BNBUSDT,True,baseline,15870,-0.09928789308388167,-1575.698863241202,0.35223714334082856
MFI,i077,BNBUSDT,True,delay+1,15945,-0.09841415454582843,-1569.2136942332343,0.354382079850596
MFI,i077,BNBUSDT,True,tp0.30,16101,-0.10010021340831907,-1611.7135360873456,0.32244821921733874
MFI,i077,BNBUSDT,True,tp0.60,15788,-0.09856167348707293,-1556.0917010139074,0.36243686573911305
MFI,i077,BNBUSDT,True,sl0.20,16475,-0.09821565359590193,-1618.1028929924842,0.33959818967004085
MFI,i077,BNBUSDT,True,sl0.40,15623,-0.09999830046185973,-1562.2734481156347,0.3551327755050066
MFI,i077,BNBUSDT,True,fee0.02,15870,-0.0392881669503654,-623.5032095022989,0.6548237582804627
MFI,i077,BNBUSDT,True,fee0.07,15870,-0.13928771050622585,-2210.495965733804,0.23736690353343873
MFI,i077,BNBUSDT,True,slip3,15870,-0.10489759714183175,-1664.72486664087,0.33305555719153873
Chaikin Money Flow,i078,BNBUSDT,False,baseline,36068,-0.101213006986095,-3650.5507359744747,0.23564832507869904
Chaikin Money Flow,i078,BNBUSDT,False,delay+1,40506,-0.10009781613798917,-4054.562140485389,0.2633645845439212
Chaikin Money Flow,i078,BNBUSDT,False,tp0.30,36437,-0.10173166746413939,-3706.796767390847,0.21659188657280198
Chaikin Money Flow,i078,BNBUSDT,False,tp0.60,35939,-0.10093971808429832,-3627.6725282315974,0.2420553980507904
Chaikin Money Flow,i078,BNBUSDT,False,sl0.20,37212,-0.10024818725416344,-3730.4355441019297,0.2319962057978171
Chaikin Money Flow,i078,BNBUSDT,False,sl0.40,35612,-0.10167912580498141,-3620.997028166998,0.2352576492540545
Chaikin Money Flow,i078,BNBUSDT,False,fee0.02,36068,-0.04121298906158051,-1486.4700894730856,0.5191597950408896
Chaikin Money Flow,i078,BNBUSDT,False,fee0.07,36068,-0.14121301893577135,-5093.271166975402,0.14941150460766695
Chaikin Money Flow,i078,BNBUSDT,False,slip3,36068,-0.10679428282113466,-3851.8561927926853,0.22065517251414285
Chaikin Money Flow,i078,BNBUSDT,True,baseline,14592,-0.09891399769456986,-1443.3530543591635,0.36020276587826994
Chaikin Money Flow,i078,BNBUSDT,True,delay+1,14597,-0.09996522260708916,-1459.1923543956805,0.35452986064478437
Chaikin Money Flow,i078,BNBUSDT,True,tp0.30,14908,-0.1013989184509245,-1511.6550762663826,0.3241333085040043
Chaikin Money Flow,i078,BNBUSDT,True,tp0.60,14463,-0.09759827226806096,-1411.5638118129657,0.3739239959522802
Chaikin Money Flow,i078,BNBUSDT,True,sl0.20,15305,-0.09780731905172635,-1496.9410180866716,0.345791258698679
Chaikin Money Flow,i078,BNBUSDT,True,sl0.40,14284,-0.10048683589087182,-1435.353963865213,0.3609949599552214
Chaikin Money Flow,i078,BNBUSDT,True,fee0.02,14592,-0.03891401891393,-567.8333639920666,0.6621452556834235
Chaikin Money Flow,i078,BNBUSDT,True,fee0.07,14592,-0.13891398354832976,-2027.032847937228,0.24424143970177756
Chaikin Money Flow,i078,BNBUSDT,True,slip3,14592,-0.1045021756466437,-1524.8957470358248,0.3410254112531593
Chaikin Oscillator,i079,BNBUSDT,False,baseline,38666,-0.10028793238649832,-3877.733193656344,0.26768233426927324
Chaikin Oscillator,i079,BNBUSDT,False,delay+1,52455,-0.10241140692047515,-5371.990350013524,0.2608957201332905
Chaikin Oscillator,i079,BNBUSDT,False,tp0.30,39430,-0.10106169220411995,-3984.8625236084495,0.24651374719007385
Chaikin Oscillator,i079,BNBUSDT,False,tp0.60,38345,-0.10016305840005911,-3840.7524743502663,0.27194896337244545
Chaikin Oscillator,i079,BNBUSDT,False,sl0.20,40172,-0.10049375761456729,-4037.035230892397,0.2603645687526303
Chaikin Oscillator,i079,BNBUSDT,False,sl0.40,38106,-0.10092176488742446,-3845.7247728001967,0.26607839571525604
Chaikin Oscillator,i079,BNBUSDT,False,fee0.02,38666,-0.040287795573352145,-1557.767903639234,0.5572022562048595
Chaikin Oscillator,i079,BNBUSDT,False,fee0.07,38666,-0.1402880235952624,-5424.376720334416,0.17404221737438713
Chaikin Oscillator,i079,BNBUSDT,False,slip3,38666,-0.10586885355043452,-4093.525091381101,0.25161685130544303
Chaikin Oscillator,i079,BNBUSDT,True,baseline,17930,-0.09828943027582086,-1762.329484845468,0.36348613275876107
Chaikin Oscillator,i079,BNBUSDT,True,delay+1,17979,-0.10078206671262048,-1811.9607774262035,0.3527565533014674
Chaikin Oscillator,i079,BNBUSDT,True,tp0.30,18191,-0.0993144898379114,-1806.629884641446,0.33207047181145055
Chaikin Oscillator,i079,BNBUSDT,True,tp0.60,17814,-0.09807447758484304,-1747.0987436963937,0.37173786433268435
Chaikin Oscillator,i079,BNBUSDT,True,sl0.20,18925,-0.09828386101831557,-1860.022069771622,0.34396362916086276
Chaikin Oscillator,i079,BNBUSDT,True,sl0.40,17487,-0.09945602489362274,-1739.1875073147808,0.3653883283146623
Chaikin Oscillator,i079,BNBUSDT,True,fee0.02,17930,-0.038290338593729906,-686.5457709855773,0.6678018456286999
Chaikin Oscillator,i079,BNBUSDT,True,fee0.07,17930,-0.13828882473054818,-2479.5186274187286,0.24633723107858127
Chaikin Oscillator,i079,BNBUSDT,True,slip3,17930,-0.10387734206114188,-1862.520743156274,0.3441134779837716
Ease of Movement,i080,BNBUSDT,False,baseline,40371,-0.10184543079700996,-4111.601886706088,0.2608900530269774
Ease of Movement,i080,BNBUSDT,False,delay+1,51305,-0.1017887076563068,-5222.2696463068205,0.26647637158085613
Ease of Movement,i080,BNBUSDT,False,tp0.30,40836,-0.10266439671936228,-4192.403304431878,0.23703576489566575
Ease of Movement,i080,BNBUSDT,False,tp0.60,40245,-0.10175580481742784,-4095.1623648773834,0.2671870706283972
Ease of Movement,i080,BNBUSDT,False,sl0.20,42268,-0.10093710397770482,-4266.409510929627,0.26151979351022187
Ease of Movement,i080,BNBUSDT,False,sl0.40,39688,-0.102345154407768,-4061.8744881354955,0.257404578366273
Ease of Movement,i080,BNBUSDT,False,fee0.02,40371,-0.04184526976700469,-1689.3353857637464,0.5417415225819077
Ease of Movement,i080,BNBUSDT,False,fee0.07,40371,-0.1418455381503468,-5726.446220667651,0.1698583966249607
Ease of Movement,i080,BNBUSDT,False,slip3,40371,-0.10742366568353488,-4336.800807309986,0.24527944616091463
Ease of Movement,i080,BNBUSDT,True,baseline,17484,-0.09884544579570856,-1728.2137742921684,0.361743175293831
Ease of Movement,i080,BNBUSDT,True,delay+1,17573,-0.10089185178347194,-1772.9725113909524,0.35402867298016955
Ease of Movement,i080,BNBUSDT,True,tp0.30,17750,-0.1008558748624431,-1790.1917788083651,0.3250345096272923
Ease of Movement,i080,BNBUSDT,True,tp0.60,17396,-0.09879687266846476,-1718.6703969406133,0.3696762787184821
Ease of Movement,i080,BNBUSDT,True,sl0.20,18305,-0.09719290151873229,-1779.1160623003948,0.351158487981719
Ease of Movement,i080,BNBUSDT,True,sl0.40,17173,-0.09943264168054067,-1707.5567555799246,0.3653090738569932
Ease of Movement,i080,BNBUSDT,True,fee0.02,17484,-0.038846391749153414,-679.1903133421982,0.6634582502182839
Ease of Movement,i080,BNBUSDT,True,fee0.07,17484,-0.13884481516007866,-2427.5627482588147,0.24564176626655168
Ease of Movement,i080,BNBUSDT,True,slip3,17484,-0.10443516181971788,-1825.944369255947,0.34249799628568467
Elder Force Index,i081,BNBUSDT,False,baseline,39998,-0.10178174814524407,-4071.066362313472,0.24956027763321226
Elder Force Index,i081,BNBUSDT,False,delay+1,49737,-0.10116776046630212,-5031.780902312468,0.2620260320149625
Elder Force Index,i081,BNBUSDT,False,tp0.30,40598,-0.10221908276374361,-4149.890322042463,0.2295135069625144
Elder Force Index,i081,BNBUSDT,False,tp0.60,39791,-0.10175269450490067,-4048.8414670445027,0.25439194503955326
Elder Force Index,i081,BNBUSDT,False,sl0.20,41346,-0.10199709208618078,-4217.1717693952305,0.24761339781283334
Elder Force Index,i081,BNBUSDT,False,sl0.40,39595,-0.10218412694214926,-4045.9805062743994,0.24634066804800722
Elder Force Index,i081,BNBUSDT,False,fee0.02,39998,-0.04178148076068081,-1671.175667465711,0.5234127747024507
Elder Force Index,i081,BNBUSDT,False,fee0.07,39998,-0.1417819264016196,-5670.993492211981,0.1626070114468973
Elder Force Index,i081,BNBUSDT,False,slip3,39998,-0.10738182558034755,-4295.058259562741,0.2345578031863729
Elder Force Index,i081,BNBUSDT,True,baseline,16765,-0.1005318583527683,-1685.4166052841606,0.3509698913056588
Elder Force Index,i081,BNBUSDT,True,delay+1,16813,-0.1009606928847259,-1697.4521294708964,0.34835046333117914
Elder Force Index,i081,BNBUSDT,True,tp0.30,16979,-0.10107915728112653,-1716.2230114762472,0.3209188940590769
Elder Force Index,i081,BNBUSDT,True,tp0.60,16706,-0.09992652157958114,-1669.3724695084825,0.3620952363444368
Elder Force Index,i081,BNBUSDT,True,sl0.20,17739,-0.09924081323632213,-1760.432785999118,0.3397916832894228
Elder Force Index,i081,BNBUSDT,True,sl0.40,16361,-0.10050445060751402,-1644.353316389537,0.3545812005432859
Elder Force Index,i081,BNBUSDT,True,fee0.02,16765,-0.04053208917978881,-679.5204750991594,0.6480095314099463
Elder Force Index,i081,BNBUSDT,True,fee0.07,16765,-0.14053170446808796,-2356.014025407495,0.23802415541137578
Elder Force Index,i081,BNBUSDT,True,slip3,16765,-0.1061396295010285,-1779.4308885847424,0.33214927020505713
Price & Volume Trend,i082,BNBUSDT,False,baseline,31324,-0.10291378942382334,-3223.6715399118425,0.2569835837353285
Price & Volume Trend,i082,BNBUSDT,False,delay+1,38195,-0.10115323649418756,-3863.547867895494,0.27477170697625153
Price & Volume Trend,i082,BNBUSDT,False,tp0.30,31654,-0.10335355585604863,-3271.553457067364,0.23453856025323255
Price & Volume Trend,i082,BNBUSDT,False,tp0.60,31218,-0.10255717702753056,-3201.629952445449,0.26417653865077495
Price & Volume Trend,i082,BNBUSDT,False,sl0.20,32536,-0.10294422785930436,-3349.393397630327,0.25646686295707755
Price & Volume Trend,i082,BNBUSDT,False,sl0.40,30960,-0.10307596201003838,-3191.231783830788,0.25530031015528076
Price & Volume Trend,i082,BNBUSDT,False,fee0.02,31324,-0.042913454266935755,-1344.2210414574954,0.5291615178879961
Price & Volume Trend,i082,BNBUSDT,False,fee0.07,31324,-0.1429140128617484,-4476.638538881407,0.16817320903207406
Price & Volume Trend,i082,BNBUSDT,False,slip3,31324,-0.1085163836362812,-3399.1672010228726,0.24175257968325942
Price & Volume Trend,i082,BNBUSDT,True,baseline,13341,-0.1004483383964592,-1340.0812825471621,0.3520646077807126
Price & Volume Trend,i082,BNBUSDT,True,delay+1,13337,-0.10149680855241248,-1353.6629356635253,0.34511465146782366
Price & Volume Trend,i082,BNBUSDT,True,tp0.30,13459,-0.10204103255771102,-1373.3702571942326,0.3180573826985019
Price & Volume Trend,i082,BNBUSDT,True,tp0.60,13292,-0.10062821206549974,-1337.5501947746225,0.3591114061107079
Price & Volume Trend,i082,BNBUSDT,True,sl0.20,14068,-0.09999166989903108,-1406.6828121395693,0.3378014064075077
Price & Volume Trend,i082,BNBUSDT,True,sl0.40,13035,-0.10143491551878749,-1322.2041237873948,0.35173532894266774
Price & Volume Trend,i082,BNBUSDT,True,fee0.02,13341,-0.04044841507493629,-539.622305514725,0.6489954525769223
Price & Volume Trend,i082,BNBUSDT,True,fee0.07,13341,-0.14044828727747444,-1873.7206005687867,0.23854866373426423
Price & Volume Trend,i082,BNBUSDT,True,slip3,13341,-0.10606022334230389,-1414.949439609676,0.33315290501564976
VWAP,i086,BNBUSDT,False,baseline,9994,-0.09964718361968751,-995.873953095157,0.27464065360366907
VWAP,i086,BNBUSDT,False,delay+1,11569,-0.09977078543901104,-1154.2482167439186,0.291802991908426
VWAP,i086,BNBUSDT,False,tp0.30,10081,-0.10090718490034796,-1017.2453309804079,0.24368249137779394
VWAP,i086,BNBUSDT,False,tp0.60,9965,-0.09987611831267429,-995.2655189857992,0.28087584309730146
VWAP,i086,BNBUSDT,False,sl0.20,10345,-0.0978311305490458,-1012.0630455298788,0.28380701276696496
VWAP,i086,BNBUSDT,False,sl0.40,9906,-0.09907510137158526,-981.4379541869237,0.2762457402604674
VWAP,i086,BNBUSDT,False,fee0.02,9994,-0.03964629781436035,-396.22510035671735,0.5572054640487508
VWAP,i086,BNBUSDT,False,fee0.07,9994,-0.13964777415657229,-1395.6398549207834,0.18192244013963993
VWAP,i086,BNBUSDT,False,slip3,9994,-0.10522463343220023,-1051.614986521409,0.25885253150690557
VWAP,i086,BNBUSDT,True,baseline,3982,-0.09648066336154765,-384.1860015056827,0.3697567980953967
VWAP,i086,BNBUSDT,True,delay+1,3996,-0.09886329371916192,-395.0577217017711,0.3619999382728272
VWAP,i086,BNBUSDT,True,tp0.30,4020,-0.0983029412516752,-395.17782383173426,0.33503275818893813
VWAP,i086,BNBUSDT,True,tp0.60,3973,-0.0949023820656571,-377.0471639468556,0.38633285801382977
VWAP,i086,BNBUSDT,True,sl0.20,4224,-0.09645123546072727,-407.41001858611196,0.3574954399129503
VWAP,i086,BNBUSDT,True,sl0.40,3897,-0.09690148874734296,-377.6251016483955,0.37219883773094975
VWAP,i086,BNBUSDT,True,fee0.02,3982,-0.036478984499840265,-145.25931627836394,0.6801889952828976
VWAP,i086,BNBUSDT,True,fee0.07,3982,-0.1364817826026859,-543.4704583238952,0.25033368921699634
VWAP,i086,BNBUSDT,True,slip3,3982,-0.10208924336578755,-406.51936708256596,0.3499074854887683
VWMA,i087,BNBUSDT,False,baseline,46259,-0.10092436797356562,-4668.660338089172,0.25838799673775104
VWMA,i087,BNBUSDT,False,delay+1,54135,-0.1017247975682917,-5506.8719163594715,0.26919182557247356
VWMA,i087,BNBUSDT,False,tp0.30,46907,-0.10217393040404528,-4792.672553462552,0.2332006458518489
VWMA,i087,BNBUSDT,False,tp0.60,46019,-0.10039710954380546,-4620.174584096384,0.26558563321324513
VWMA,i087,BNBUSDT,False,sl0.20,47600,-0.10039442581908781,-4778.774668988579,0.26101683508935625
VWMA,i087,BNBUSDT,False,sl0.40,45884,-0.10100387218182168,-4634.461671190706,0.2568425843369013
VWMA,i087,BNBUSDT,False,fee0.02,46259,-0.04092409204181706,-1893.107573762415,0.5343505889341303
VWMA,i087,BNBUSDT,False,fee0.07,46259,-0.14092455192806463,-6519.028847640342,0.1693239994100438
VWMA,i087,BNBUSDT,False,slip3,46259,-0.10650990297697058,-4927.041601811682,0.2430998029662729
VWMA,i087,BNBUSDT,True,baseline,18556,-0.10214298508309741,-1895.3652312019558,0.3473409181001516
VWMA,i087,BNBUSDT,True,delay+1,18517,-0.10304524388068617,-1908.0887809386659,0.34182683695943566
VWMA,i087,BNBUSDT,True,tp0.30,18796,-0.10333511239541489,-1942.2867725842182,0.31528993613212314
VWMA,i087,BNBUSDT,True,tp0.60,18477,-0.10177002347899693,-1880.404723821426,0.35708631962638676
VWMA,i087,BNBUSDT,True,sl0.20,19780,-0.10043618008826247,-1986.6276421458317,0.33828432384341955
VWMA,i087,BNBUSDT,True,sl0.40,18103,-0.10330631070298016,-1870.1541426560495,0.3476803327168372
VWMA,i087,BNBUSDT,True,fee0.02,18556,-0.04214412396569341,-782.026364307407,0.6387522361705247
VWMA,i087,BNBUSDT,True,fee0.07,18556,-0.14214222582803343,-2637.591142464988,0.2356983391921591
VWMA,i087,BNBUSDT,True,slip3,18556,-0.10773149536550636,-1999.0656280023359,0.3288153620033099
Pivot Points Standard,i088,BNBUSDT,False,baseline,4119,-0.10247780933781883,-422.10609666247575,0.27004357831953035
Pivot Points Standard,i088,BNBUSDT,False,delay+1,4746,-0.10438686637153838,-495.4200677993211,0.2734694037733012
Pivot Points Standard,i088,BNBUSDT,False,tp0.30,4140,-0.10449101386587434,-432.59279740471976,0.23323042894093243
Pivot Points Standard,i088,BNBUSDT,False,tp0.60,4105,-0.10237661893405542,-420.2560207242975,0.2802479787260594
Pivot Points Standard,i088,BNBUSDT,False,sl0.20,4254,-0.10338384033872879,-439.79485680095223,0.2646709243196563
Pivot Points Standard,i088,BNBUSDT,False,sl0.40,4082,-0.1017482863458622,-415.3365048638095,0.2708686556732529
Pivot Points Standard,i088,BNBUSDT,False,fee0.02,4119,-0.042477538180686156,-174.96497976624624,0.5404364419068981
Pivot Points Standard,i088,BNBUSDT,False,fee0.07,4119,-0.14247799010924064,-586.8668412599621,0.17983611634804783
Pivot Points Standard,i088,BNBUSDT,False,slip3,4119,-0.10806421760130364,-445.1165122997697,0.2546966845996741
Pivot Points Standard,i088,BNBUSDT,True,baseline,1274,-0.11216461408354293,-142.8977183424337,0.3107351914561721
Pivot Points Standard,i088,BNBUSDT,True,delay+1,1287,-0.10993625949266769,-141.48796596706333,0.31772700803999726
Pivot Points Standard,i088,BNBUSDT,True,tp0.30,1284,-0.11348434314868014,-145.71389660290527,0.28175056411325644
Pivot Points Standard,i088,BNBUSDT,True,tp0.60,1271,-0.10907722293960503,-138.637150356238,0.33366443559975345
Pivot Points Standard,i088,BNBUSDT,True,sl0.20,1351,-0.11060100715422391,-149.42196066535652,0.29976871975342145
Pivot Points Standard,i088,BNBUSDT,True,sl0.40,1259,-0.11739344475616346,-147.7983469480098,0.3027309443416862
Pivot Points Standard,i088,BNBUSDT,True,fee0.02,1274,-0.05216397122333611,-66.4568993385302,0.5714699948917474
Pivot Points Standard,i088,BNBUSDT,True,fee0.07,1274,-0.15216504265701414,-193.85826434503602,0.21104762540440564
Pivot Points Standard,i088,BNBUSDT,True,slip3,1274,-0.11771344897659071,-149.96693399617655,0.2943796087046118
Balance of Power,i089,BNBUSDT,False,baseline,44485,-0.10069752606310452,-4479.529446917205,0.23989242995881568
Balance of Power,i089,BNBUSDT,False,delay+1,50793,-0.1014145664601439,-5151.150074210089,0.2574842336846226
Balance of Power,i089,BNBUSDT,False,tp0.30,44908,-0.10176317763463992,-4569.98078121641,0.21646882349616617
Balance of Power,i089,BNBUSDT,False,tp0.60,44346,-0.10070419410574358,-4465.828191813304,0.24469159127477444
Balance of Power,i089,BNBUSDT,False,sl0.20,45983,-0.10008749125179843,-4602.323110231447,0.24063611240125313
Balance of Power,i089,BNBUSDT,False,sl0.40,43958,-0.1006902540450117,-4426.142187310625,0.2388418108150586
Balance of Power,i089,BNBUSDT,False,fee0.02,44485,-0.04069723086293848,-1810.4163149378185,0.5185304224430237
Balance of Power,i089,BNBUSDT,False,fee0.07,44485,-0.14069772286321522,-6258.938201570129,0.15428844923823146
Balance of Power,i089,BNBUSDT,False,slip3,44485,-0.10627455339766388,-4727.623507895078,0.22505177077790484
Balance of Power,i089,BNBUSDT,True,baseline,17608,-0.10091798399718122,-1776.963862222367,0.35094795330275713
Balance of Power,i089,BNBUSDT,True,delay+1,17634,-0.10048083962286165,-1771.8791259095426,0.3521067961862827
Balance of Power,i089,BNBUSDT,True,tp0.30,17905,-0.1027469019556831,-1839.683279516506,0.31747167996137193
Balance of Power,i089,BNBUSDT,True,tp0.60,17507,-0.10141540010172123,-1775.4794095808336,0.35571351389629347
Balance of Power,i089,BNBUSDT,True,sl0.20,18562,-0.09928179388770486,-1842.8686581435777,0.34060534954592137
Balance of Power,i089,BNBUSDT,True,sl0.40,17242,-0.10090188069420862,-1739.750226929545,0.35627416331249806
Balance of Power,i089,BNBUSDT,True,fee0.02,17608,-0.04091848686506776,-720.4927167201131,0.6468135033832397
Balance of Power,i089,BNBUSDT,True,fee0.07,17608,-0.1409176487519235,-2481.277959223869,0.23798816948853574
Balance of Power,i089,BNBUSDT,True,slip3,17608,-0.10650179748348967,-1875.283650089286,0.33223458623455293
Accumulative Swing Index,i090,BNBUSDT,False,baseline,36500,-0.10084107331850367,-3680.699176125384,0.2608284258864334
Accumulative Swing Index,i090,BNBUSDT,False,delay+1,47051,-0.10095121482359673,-4749.85560866505,0.27036615525248314
Accumulative Swing Index,i090,BNBUSDT,False,tp0.30,37061,-0.1015363635093177,-3763.039168018823,0.24067197017860323
Accumulative Swing Index,i090,BNBUSDT,False,tp0.60,36297,-0.10078449849400745,-3658.174941836988,0.26382694876600093
Accumulative Swing Index,i090,BNBUSDT,False,sl0.20,37703,-0.10065240079144915,-3794.8974670400075,0.2605962742618295
Accumulative Swing Index,i090,BNBUSDT,False,sl0.40,36143,-0.1007832382075442,-3642.6085785352698,0.26025188189741444
Accumulative Swing Index,i090,BNBUSDT,False,fee0.02,36500,-0.04084031965025969,-1490.671667234479,0.5417265363585088
Accumulative Swing Index,i090,BNBUSDT,False,fee0.07,36500,-0.14084157576399967,-5140.717515385987,0.1698260152366529
Accumulative Swing Index,i090,BNBUSDT,False,slip3,36500,-0.1064333123061661,-3884.8158991750624,0.24520004678329507
Accumulative Swing Index,i090,BNBUSDT,True,baseline,15834,-0.0996757934375501,-1578.2665132901682,0.35114943392873504
Accumulative Swing Index,i090,BNBUSDT,True,delay+1,15810,-0.10124712846857813,-1600.7171010882203,0.342423487280336
Accumulative Swing Index,i090,BNBUSDT,True,tp0.30,15942,-0.10157531409019352,-1619.3136572258652,0.3159988218698271
Accumulative Swing Index,i090,BNBUSDT,True,tp0.60,15796,-0.0994632415323712,-1571.1213632453355,0.359500732492935
Accumulative Swing Index,i090,BNBUSDT,True,sl0.20,16688,-0.09847858075617084,-1643.410555658979,0.3396730656944624
Accumulative Swing Index,i090,BNBUSDT,True,sl0.40,15498,-0.10036501528578227,-1555.4570068990538,0.35372722629939873
Accumulative Swing Index,i090,BNBUSDT,True,fee0.02,15834,-0.039675898645639376,-628.2281791550539,0.65175594608943
Accumulative Swing Index,i090,BNBUSDT,True,fee0.07,15834,-0.13967572329882388,-2211.6254027135774,0.2368950445150492
Accumulative Swing Index,i090,BNBUSDT,True,slip3,15834,-0.10527424360035921,-1666.9123731680877,0.3321266934356801
Up/Down,i091,BNBUSDT,False,baseline,35803,-0.10080889165342012,-3609.2607478674013,0.2539469282281573
Up/Down,i091,BNBUSDT,False,delay+1,43374,-0.10213501411924636,-4430.004102408191,0.26503254573180896
Up/Down,i091,BNBUSDT,False,tp0.30,36231,-0.1007367430514631,-3649.7929374975597,0.2349145041902471
Up/Down,i091,BNBUSDT,False,tp0.60,35659,-0.10025897130670314,-3575.134657825727,0.26233854286590635
Up/Down,i091,BNBUSDT,False,sl0.20,37291,-0.09984590494502843,-3723.353641305055,0.2511365530438713
Up/Down,i091,BNBUSDT,False,sl0.40,35104,-0.10069181691179498,-3534.6855408716506,0.2544617596023373
Up/Down,i091,BNBUSDT,False,fee0.02,35803,-0.040808595673282724,-1461.0701508905415,0.5446473351927904
Up/Down,i091,BNBUSDT,False,fee0.07,35803,-0.14080908897351174,-5041.387812518641,0.16218424644518434
Up/Down,i091,BNBUSDT,False,slip3,35803,-0.10641579981385703,-3810.004880735524,0.23802077607743363
Up/Down,i091,BNBUSDT,True,baseline,15960,-0.10234354926533752,-1633.403046274787,0.34330691521141066
Up/Down,i091,BNBUSDT,True,delay+1,16011,-0.10307068795922894,-1650.2647849152145,0.33938209892469573
Up/Down,i091,BNBUSDT,True,tp0.30,16258,-0.10351880741534165,-1683.0087709586244,0.3122034594964696
Up/Down,i091,BNBUSDT,True,tp0.60,15863,-0.10222197995858548,-1621.5472680830412,0.35171741544087654
Up/Down,i091,BNBUSDT,True,sl0.20,16564,-0.10115899657437517,-1675.5976192579503,0.3309086835180855
Up/Down,i091,BNBUSDT,True,sl0.40,15708,-0.10327563807314985,-1622.2537228530377,0.34630677289826417
Up/Down,i091,BNBUSDT,True,fee0.02,15960,-0.042344525991574074,-675.8186348255222,0.6351201112395841
Up/Down,i091,BNBUSDT,True,fee0.07,15960,-0.14234289811451312,-2271.7926539076293,0.23212770947861414
Up/Down,i091,BNBUSDT,True,slip3,15960,-0.10796330515577643,-1723.094350286192,0.3247182876802194
Average Price,i099,BNBUSDT,False,baseline,35246,-0.10021172741213043,-3532.062544367949,0.29295993230916073
Average Price,i099,BNBUSDT,False,delay+1,46527,-0.1009904744786441,-4698.783806067874,0.2839263106189523
Average Price,i099,BNBUSDT,False,tp0.30,35618,-0.10141733229910249,-3612.2825418294324,0.264139438837167
Average Price,i099,BNBUSDT,False,tp0.60,35135,-0.10005117083968162,-3515.297887452213,0.3002823259887245
Average Price,i099,BNBUSDT,False,sl0.20,36950,-0.09960641086107984,-3680.4568813169,0.2936388338106233
Average Price,i099,BNBUSDT,False,sl0.40,34695,-0.10047846201276261,-3486.100239532799,0.28999886022471333
Average Price,i099,BNBUSDT,False,fee0.02,35246,-0.040211110040183976,-1417.2807844763242,0.5817865571461096
Average Price,i099,BNBUSDT,False,fee0.07,35246,-0.14021213899342808,-4941.9170509623655,0.19355837700747955
Average Price,i099,BNBUSDT,False,slip3,35246,-0.10580023308140404,-3729.035015187166,0.2761033398142522
Average Price,i099,BNBUSDT,True,baseline,15673,-0.10144160206545605,-1589.894229171893,0.3474385027765258
Average Price,i099,BNBUSDT,True,delay+1,15646,-0.10085988261828416,-1578.053723445674,0.3470666608746614
Average Price,i099,BNBUSDT,True,tp0.30,15765,-0.10322849954288776,-1627.3972952936256,0.31221040668730415
Average Price,i099,BNBUSDT,True,tp0.60,15651,-0.10146640636051192,-1588.050725948372,0.35532210748752596
Average Price,i099,BNBUSDT,True,sl0.20,16506,-0.0987444967511113,-1629.876663373843,0.34137304043181793
Average Price,i099,BNBUSDT,True,sl0.40,15333,-0.1016807197370119,-1559.0704757276035,0.350733180717399
Average Price,i099,BNBUSDT,True,fee0.02,15673,-0.041442764416716765,-649.5324467032018,0.6421691730503831
Average Price,i099,BNBUSDT,True,fee0.07,15673,-0.14144082716461562,-2216.8020841510206,0.23482325189272812
Average Price,i099,BNBUSDT,True,slip3,15673,-0.1070437233079536,-1677.6962754055567,0.32870623018095646
Typical Price,i100,BNBUSDT,False,baseline,37094,-0.10101439027796276,-3747.027792970751,0.2819248212319686
Typical Price,i100,BNBUSDT,False,delay+1,47548,-0.10156712586025889,-4829.31370040359,0.2812680763386239
Typical Price,i100,BNBUSDT,False,tp0.30,37506,-0.10202903167745557,-3826.7008620946485,0.2556484642776296
Typical Price,i100,BNBUSDT,False,tp0.60,36971,-0.10069234240025812,-3722.696590879943,0.2894029555264427
Typical Price,i100,BNBUSDT,False,sl0.20,38694,-0.10005164647478033,-3871.39840869515,0.2859660708368933
Typical Price,i100,BNBUSDT,False,sl0.40,36622,-0.10098364736635268,-3698.2231338505685,0.2803613865590248
Typical Price,i100,BNBUSDT,False,fee0.02,37094,-0.04101374618630522,-1521.3639010348056,0.5655649225686422
Typical Price,i100,BNBUSDT,False,fee0.07,37094,-0.14101481967240112,-5230.803720928047,0.18556909561528856
Typical Price,i100,BNBUSDT,False,slip3,37094,-0.1066008968179351,-3954.253666564485,0.2655461043158184
Typical Price,i100,BNBUSDT,True,baseline,16121,-0.10163809188549308,-1638.5076792860339,0.3469755062147537
Typical Price,i100,BNBUSDT,True,delay+1,16086,-0.10156820714217007,-1633.8261800889477,0.344638478699538
Typical Price,i100,BNBUSDT,True,tp0.30,16229,-0.1031047369220891,-1673.2867755085842,0.31345016430173395
Typical Price,i100,BNBUSDT,True,tp0.60,16094,-0.10145394204287357,-1632.7997432380073,0.3558541733861806
Typical Price,i100,BNBUSDT,True,sl0.20,17060,-0.09928123005440014,-1693.7377847280666,0.3402215064783498
Typical Price,i100,BNBUSDT,True,sl0.40,15761,-0.10203978333160817,-1608.2490250894764,0.3494978369426018
Typical Price,i100,BNBUSDT,True,fee0.02,16121,-0.041639324674993,-671.2675530855622,0.640813512695747
Typical Price,i100,BNBUSDT,True,fee0.07,16121,-0.14163727002582643,-2283.334430086348,0.23471900624609734
Typical Price,i100,BNBUSDT,True,slip3,16121,-0.10723645887401048,-1728.7589535079228,0.3283270264846711
Median Price,i101,BNBUSDT,False,baseline,37483,-0.10108114256804253,-3788.824466877938,0.27858740715891883
Median Price,i101,BNBUSDT,False,delay+1,47588,-0.10114453714467585,-4813.266233640834,0.27935545128717165
Median Price,i101,BNBUSDT,False,tp0.30,37859,-0.10212192809786022,-3866.2340758568903,0.2513051876436256
Median Price,i101,BNBUSDT,False,tp0.60,37355,-0.10108761755149306,-3776.1279536360234,0.28457042963556406
Median Price,i101,BNBUSDT,False,sl0.20,39235,-0.09979191331815798,-3915.3357190379284,0.2830855066679392
Median Price,i101,BNBUSDT,False,sl0.40,36935,-0.10115185413740331,-3736.043732564991,0.276628426081161
Median Price,i101,BNBUSDT,False,fee0.02,37483,-0.04108037304350448,-1539.8156227896784,0.5616577296842428
Median Price,i101,BNBUSDT,False,fee0.07,37483,-0.14108165558440117,-5288.1636962701095,0.1831702911218583
Median Price,i101,BNBUSDT,False,slip3,37483,-0.10666533749719871,-3998.1368454074995,0.2623499227886862
Median Price,i101,BNBUSDT,True,baseline,16183,-0.10128266330784634,-1639.0573403108774,0.34833146999221215
Median Price,i101,BNBUSDT,True,delay+1,16165,-0.10087668012985192,-1630.6715342990565,0.34637850339467596
Median Price,i101,BNBUSDT,True,tp0.30,16292,-0.10330637499173227,-1683.0674613653023,0.3124655685446568
Median Price,i101,BNBUSDT,True,tp0.60,16147,-0.1014083301310108,-1637.4403066254313,0.3550926463264821
Median Price,i101,BNBUSDT,True,sl0.20,17078,-0.09861809552852502,-1684.1998354361501,0.3429012322557383
Median Price,i101,BNBUSDT,True,sl0.40,15835,-0.10189969682274495,-1613.581699188166,0.3504478904027487
Median Price,i101,BNBUSDT,True,fee0.02,16183,-0.041283781994211136,-668.0954440123187,0.6433783508490485
Median Price,i101,BNBUSDT,True,fee0.07,16183,-0.1412819175169365,-2286.3652711765835,0.23542770575474714
Median Price,i101,BNBUSDT,True,slip3,16183,-0.10688193501808498,-1729.6703543976691,0.32957749211045906
SMA,i001,SOLUSDT,False,baseline,67743,-0.10344098818303075,-7007.4028624830535,0.3325594922292012
SMA,i001,SOLUSDT,False,delay+1,82411,-0.10158158420279513,-8371.43993573655,0.3534757834648325
SMA,i001,SOLUSDT,False,tp0.30,70944,-0.10401865934344878,-7379.49976846163,0.3048766289699528
SMA,i001,SOLUSDT,False,tp0.60,66328,-0.10250739240108325,-6799.11032317905,0.34301403177085593
SMA,i001,SOLUSDT,False,sl0.20,72192,-0.10166922974425992,-7339.705033697612,0.3352342801134715
SMA,i001,SOLUSDT,False,sl0.40,66302,-0.10363324622372487,-6871.091491125407,0.3313386375404832
SMA,i001,SOLUSDT,False,fee0.02,67743,-0.04344137644246703,-2942.8491643420443,0.599454559223741
SMA,i001,SOLUSDT,False,fee0.07,67743,-0.1434407293434066,-9717.10532791039,0.23476273710465548
SMA,i001,SOLUSDT,False,slip3,67743,-0.1058053116525694,-7167.569227280009,0.3255417891730476
SMA,i001,SOLUSDT,True,baseline,28139,-0.09704281782486791,-2730.6878507739584,0.4962270308702071
SMA,i001,SOLUSDT,True,delay+1,27797,-0.09600816339648675,-2668.738917932142,0.4996070367834181
SMA,i001,SOLUSDT,True,tp0.30,29315,-0.09964980825551721,-2921.234129010487,0.43795832799310636
SMA,i001,SOLUSDT,True,tp0.60,27599,-0.09486224195193814,-2618.103015631541,0.5203273276546623
SMA,i001,SOLUSDT,True,sl0.20,31789,-0.09547631112023733,-3035.0964542012243,0.4674718134657016
SMA,i001,SOLUSDT,True,sl0.40,26290,-0.09682309596113148,-2545.4791928181467,0.5093543450814036
SMA,i001,SOLUSDT,True,fee0.02,28139,-0.037044179187021194,-1042.3861581435895,0.7627736916774114
SMA,i001,SOLUSDT,True,fee0.07,28139,-0.137041910250099,-3856.222312527537,0.37290277000129096
SMA,i001,SOLUSDT,True,slip3,28139,-0.09939659405625413,-2796.920760148935,0.4879664550908952
EMA,i002,SOLUSDT,False,baseline,71596,-0.10350882771160488,-7410.818028840064,0.3100096011551509
EMA,i002,SOLUSDT,False,delay+1,83708,-0.10190848503115407,-8530.555464987845,0.33844458882036726
EMA,i002,SOLUSDT,False,tp0.30,74543,-0.10392481238843371,-7746.867289871014,0.2844879403488449
EMA,i002,SOLUSDT,False,tp0.60,70319,-0.10320221468794778,-7257.0765346418,0.3174926818335416
EMA,i002,SOLUSDT,False,sl0.20,75680,-0.10161552491173766,-7690.262925320306,0.31673304148916454
EMA,i002,SOLUSDT,False,sl0.40,70342,-0.10356858239544185,-7285.221222860171,0.30801371369736896
EMA,i002,SOLUSDT,False,fee0.02,71596,-0.04350911429902079,-3115.078547352692,0.5738195517386335
EMA,i002,SOLUSDT,False,fee0.07,71596,-0.14350863665332758,-10274.644349831642,0.21726545402075836
EMA,i002,SOLUSDT,False,slip3,71596,-0.10587377492377069,-7580.138789442288,0.3032900545138633
EMA,i002,SOLUSDT,True,baseline,27946,-0.09628742898580338,-2690.8484904372613,0.4983991339569667
EMA,i002,SOLUSDT,True,delay+1,27731,-0.09590160669425346,-2659.4474552383426,0.4996998563431272
EMA,i002,SOLUSDT,True,tp0.30,29345,-0.1002797549264565,-2942.7094083168663,0.4352887225743817
EMA,i002,SOLUSDT,True,tp0.60,27342,-0.09521328200664493,-2603.321556625686,0.5175361790424512
EMA,i002,SOLUSDT,True,sl0.20,31699,-0.09547493812990425,-3026.4600637798344,0.4675337192676025
EMA,i002,SOLUSDT,True,sl0.40,26144,-0.09661286768235389,-2525.84681268746,0.5097113514236015
EMA,i002,SOLUSDT,True,fee0.02,27946,-0.03628928861890343,-1014.1404597438755,0.7667285846765283
EMA,i002,SOLUSDT,True,fee0.07,27946,-0.13628618923040334,-3808.653844232852,0.37435300128961113
EMA,i002,SOLUSDT,True,slip3,27946,-0.09864113985636072,-2756.6252944258567,0.4900861937212336
DEMA,i003,SOLUSDT,False,baseline,97939,-0.10268553893161184,-10056.91899742313,0.2985291275015567
DEMA,i003,SOLUSDT,False,delay+1,114844,-0.10154393059587183,-11661.711165352306,0.3108928754756661
DEMA,i003,SOLUSDT,False,tp0.30,102856,-0.10361595474274532,-10657.522641019812,0.2788187577885388
DEMA,i003,SOLUSDT,False,tp0.60,95513,-0.10248299173583474,-9788.457989664783,0.29805949919472136
DEMA,i003,SOLUSDT,False,sl0.20,102816,-0.10116971186205065,-10401.8650948086,0.29377324539863475
DEMA,i003,SOLUSDT,False,sl0.40,96289,-0.10239390519487447,-9859.40673730927,0.3031476174584429
DEMA,i003,SOLUSDT,False,fee0.02,97939,-0.04268587837053722,-4180.612241732045,0.5739010624796851
DEMA,i003,SOLUSDT,False,fee0.07,97939,-0.14268531263899492,-13974.456834550523,0.2031437123588226
DEMA,i003,SOLUSDT,False,slip3,97939,-0.10504874037336755,-10288.368583427246,0.2915686847564937
DEMA,i003,SOLUSDT,True,baseline,36382,-0.09865661649203918,-3589.3250212133694,0.4950725863358557
DEMA,i003,SOLUSDT,True,delay+1,35899,-0.0979498819798028,-3516.30281319294,0.49660848757043063
DEMA,i003,SOLUSDT,True,tp0.30,39097,-0.10168346999733015,-3975.5186264856166,0.4348631844879176
DEMA,i003,SOLUSDT,True,tp0.60,35165,-0.0981145791434252,-3450.1991755785466,0.5126818177784035
DEMA,i003,SOLUSDT,True,sl0.20,42049,-0.09762334335899177,-4104.963964902246,0.46184674084880156
DEMA,i003,SOLUSDT,True,sl0.40,33370,-0.09812564161650061,-3274.452660742625,0.5110662968433051
DEMA,i003,SOLUSDT,True,fee0.02,36382,-0.03865805568108624,-1406.4573817892797,0.7564945453040075
DEMA,i003,SOLUSDT,True,fee0.07,36382,-0.1386556570326745,-5044.570114162763,0.37345977209783937
DEMA,i003,SOLUSDT,True,slip3,36382,-0.10101101544866777,-3674.9827640534304,0.4869492591273499
TEMA,i004,SOLUSDT,False,baseline,110606,-0.10216766023074345,-11300.356227481609,0.2770574801273094
TEMA,i004,SOLUSDT,False,delay+1,129915,-0.1019978103660909,-13251.0455337107,0.29072198421389184
TEMA,i004,SOLUSDT,False,tp0.30,116255,-0.10330161494629786,-12009.329245581857,0.2632285713114956
TEMA,i004,SOLUSDT,False,tp0.60,108201,-0.10133743459852407,-10964.811760994904,0.2792845806057555
TEMA,i004,SOLUSDT,False,sl0.20,115809,-0.10111673800961903,-11710.22831215597,0.26940287684521574
TEMA,i004,SOLUSDT,False,sl0.40,108810,-0.10195491655042785,-11093.714469852053,0.2826213650594544
TEMA,i004,SOLUSDT,False,fee0.02,110606,-0.04216792464500137,-4664.025473285021,0.5603921993632963
TEMA,i004,SOLUSDT,False,fee0.07,110606,-0.1421674839545715,-15724.576730279336,0.18252418997644038
TEMA,i004,SOLUSDT,False,slip3,110606,-0.10452968733637381,-11561.610597526962,0.2700685352162399
TEMA,i004,SOLUSDT,True,baseline,39909,-0.09897602819059206,-3950.0343090583383,0.4957589004579085
TEMA,i004,SOLUSDT,True,delay+1,39432,-0.09702522222052631,-3825.898562599794,0.5019946188317679
TEMA,i004,SOLUSDT,True,tp0.30,43439,-0.10124340584347867,-4397.91230643487,0.437965652479979
TEMA,i004,SOLUSDT,True,tp0.60,38215,-0.09771194369014152,-3734.0619281187587,0.515449542842672
TEMA,i004,SOLUSDT,True,sl0.20,46554,-0.09844441642577989,-4582.981362285756,0.459911481109737
TEMA,i004,SOLUSDT,True,sl0.40,36294,-0.09821505396270082,-3564.617168522264,0.5140046211025107
TEMA,i004,SOLUSDT,True,fee0.02,39909,-0.03897723575284614,-1555.5425016603363,0.7558189552788919
TEMA,i004,SOLUSDT,True,fee0.07,39909,-0.13897522314908933,-5546.362180657006,0.37457764975293506
TEMA,i004,SOLUSDT,True,slip3,39909,-0.10132930034435456,-4043.951047442846,0.4876723548154917
Hull MA,i005,SOLUSDT,False,baseline,117679,-0.10226652190366153,-12034.622031100986,0.2663514959959847
Hull MA,i005,SOLUSDT,False,delay+1,151548,-0.10197708324406698,-15454.423011471863,0.26413476215061427
Hull MA,i005,SOLUSDT,False,tp0.30,123393,-0.10309328299303604,-12720.989468359696,0.25362439340589427
Hull MA,i005,SOLUSDT,False,tp0.60,115373,-0.10169930290232757,-11733.353673750238,0.26865607755193177
Hull MA,i005,SOLUSDT,False,sl0.20,123378,-0.10141839747557833,-12512.799043741905,0.2600770408515528
Hull MA,i005,SOLUSDT,False,sl0.40,115652,-0.10244393042305674,-11847.845441287358,0.26851143925070864
Hull MA,i005,SOLUSDT,False,fee0.02,117679,-0.0422667852347799,-4973.9130196436645,0.5532254048490857
Hull MA,i005,SOLUSDT,False,fee0.07,117679,-0.14226634634958263,-16741.761372072535,0.17223375463247
Hull MA,i005,SOLUSDT,False,slip3,117679,-0.10462865288349882,-12312.595242677258,0.2593407294047144
Hull MA,i005,SOLUSDT,True,baseline,41650,-0.0980992076083759,-4085.8319968888563,0.49963930318518185
Hull MA,i005,SOLUSDT,True,delay+1,41199,-0.09554690364785907,-3936.436883388146,0.5077284263797817
Hull MA,i005,SOLUSDT,True,tp0.30,45688,-0.10034309668686173,-4584.4754014293385,0.4418614481226094
Hull MA,i005,SOLUSDT,True,tp0.60,39622,-0.09657042011015002,-3826.313185604364,0.5205428392465409
Hull MA,i005,SOLUSDT,True,sl0.20,48659,-0.09719621246821035,-4729.470502490648,0.4650494168406819
Hull MA,i005,SOLUSDT,True,sl0.40,37873,-0.09796372826588534,-3710.180280613875,0.5149380445103965
Hull MA,i005,SOLUSDT,True,fee0.02,41650,-0.0381003891590733,-1586.881208475403,0.7610623987586651
Hull MA,i005,SOLUSDT,True,fee0.07,41650,-0.13809841990791097,-5751.7991891644915,0.37763193099275477
Hull MA,i005,SOLUSDT,True,slip3,41650,-0.1004527777524928,-4183.858193391325,0.4915027315903821
Hamming MA,i006,SOLUSDT,False,baseline,65435,-0.10262469503335525,-6715.246919507601,0.3441972880121606
Hamming MA,i006,SOLUSDT,False,delay+1,83585,-0.10122798062113915,-8461.140760217915,0.35476734065930615
Hamming MA,i006,SOLUSDT,False,tp0.30,68770,-0.1029318140132119,-7078.620849688582,0.31742520392820106
Hamming MA,i006,SOLUSDT,False,tp0.60,63967,-0.10176275402290336,-6509.458086583058,0.3542718159323153
Hamming MA,i006,SOLUSDT,False,sl0.20,70016,-0.1010672229218278,-7076.322680094695,0.34431380956996294
Hamming MA,i006,SOLUSDT,False,sl0.40,63914,-0.10264602680109093,-6560.518156964926,0.3440001960188129
Hamming MA,i006,SOLUSDT,False,fee0.02,65435,-0.04262502159251122,-2789.1682879059717,0.6152233873913108
Hamming MA,i006,SOLUSDT,False,fee0.07,65435,-0.14262447732725125,-9332.632673908685,0.24339187752541117
Hamming MA,i006,SOLUSDT,False,slip3,65435,-0.1049893992959336,-6869.981342929415,0.33698877893680856
Hamming MA,i006,SOLUSDT,True,baseline,28243,-0.09767409708413917,-2758.6095239473425,0.49342961299219956
Hamming MA,i006,SOLUSDT,True,delay+1,27841,-0.09595678467403064,-2671.532842109687,0.4988481979472936
Hamming MA,i006,SOLUSDT,True,tp0.30,29345,-0.10029907943130054,-2943.2764859115146,0.43494797468654167
Hamming MA,i006,SOLUSDT,True,tp0.60,27715,-0.09568940771559399,-2652.0319348376875,0.5171196482618361
Hamming MA,i006,SOLUSDT,True,sl0.20,31728,-0.0958485475237143,-3041.0827158324073,0.46533531852773596
Hamming MA,i006,SOLUSDT,True,sl0.40,26398,-0.09736806017716451,-2570.3220525567885,0.5074595383103341
Hamming MA,i006,SOLUSDT,True,fee0.02,28243,-0.03767545318664432,-1064.0678243503955,0.7589142097857383
Hamming MA,i006,SOLUSDT,True,fee0.07,28243,-0.1376731930158024,-3888.303990345307,0.37066354230397325
Hamming MA,i006,SOLUSDT,True,slip3,28243,-0.10002852878251418,-2825.105738404548,0.4852050969407644
Arnaud Legoux MA,i007,SOLUSDT,False,baseline,106658,-0.10244857057696397,-10926.959640597823,0.27164735877899576
Arnaud Legoux MA,i007,SOLUSDT,False,delay+1,128524,-0.10179563261907142,-13083.181886733535,0.28334064006078696
Arnaud Legoux MA,i007,SOLUSDT,False,tp0.30,111210,-0.1033481924267153,-11493.352479775009,0.25142516542384213
Arnaud Legoux MA,i007,SOLUSDT,False,tp0.60,104552,-0.10151769498585841,-10613.878046161468,0.27892096624426943
Arnaud Legoux MA,i007,SOLUSDT,False,sl0.20,111860,-0.1009282662192251,-11289.835859282519,0.2767877878834511
Arnaud Legoux MA,i007,SOLUSDT,False,sl0.40,104970,-0.10249929774820679,-10759.351284629267,0.26924665292784294
Arnaud Legoux MA,i007,SOLUSDT,False,fee0.02,106658,-0.04244883403730007,-4527.507740750351,0.5472806169977654
Arnaud Legoux MA,i007,SOLUSDT,False,fee0.07,106658,-0.14244839493673989,-15193.260907162803,0.18123787155788995
Arnaud Legoux MA,i007,SOLUSDT,False,slip3,106658,-0.10481351351310987,-11179.199724281274,0.2649400938292094
Arnaud Legoux MA,i007,SOLUSDT,True,baseline,37409,-0.09803051439994839,-3667.223513187669,0.4970792165603068
Arnaud Legoux MA,i007,SOLUSDT,True,delay+1,36924,-0.0974646541226,-3598.7848888228827,0.4978493072424752
Arnaud Legoux MA,i007,SOLUSDT,True,tp0.30,40530,-0.10160206689742211,-4117.931771352518,0.4349190650144107
Arnaud Legoux MA,i007,SOLUSDT,True,tp0.60,36029,-0.09708478906082678,-3497.867865072528,0.5161137004329596
Arnaud Legoux MA,i007,SOLUSDT,True,sl0.20,43319,-0.09712027881336557,-4207.153357916183,0.4638572780052059
Arnaud Legoux MA,i007,SOLUSDT,True,sl0.40,34343,-0.0976154652830911,-3352.407924217198,0.5123284207699216
Arnaud Legoux MA,i007,SOLUSDT,True,fee0.02,37409,-0.03803187759031948,-1422.7345087762615,0.7597915622784167
Arnaud Legoux MA,i007,SOLUSDT,True,fee0.07,37409,-0.13802960560636765,-5163.549516128607,0.3748793386841278
Arnaud Legoux MA,i007,SOLUSDT,True,slip3,37409,-0.10038646916581687,-3755.357425024043,0.4889091694798487
Least Squares MA,i008,SOLUSDT,False,baseline,65165,-0.10253171452800232,-6681.479177217271,0.36449094890907563
Least Squares MA,i008,SOLUSDT,False,delay+1,75713,-0.10223872945458862,-7740.800923195269,0.37317102439743693
Least Squares MA,i008,SOLUSDT,False,tp0.30,68428,-0.10360942190947328,-7089.785522421438,0.33225664378854614
Least Squares MA,i008,SOLUSDT,False,tp0.60,63440,-0.10123303616597608,-6422.223814369522,0.3737619921619238
Least Squares MA,i008,SOLUSDT,False,sl0.20,69005,-0.1010215970275971,-6970.995302889338,0.3508122737389956
Least Squares MA,i008,SOLUSDT,False,sl0.40,63713,-0.10249441702987433,-6530.226792224383,0.37222894223282793
Least Squares MA,i008,SOLUSDT,False,fee0.02,65165,-0.04253186070004683,-2771.588702518552,0.6350347289395518
Least Squares MA,i008,SOLUSDT,False,fee0.07,65165,-0.14253161707997267,-9288.072827016418,0.2600451241915886
Least Squares MA,i008,SOLUSDT,False,slip3,65165,-0.10489293621917475,-6835.3481887225225,0.35711439856766947
Least Squares MA,i008,SOLUSDT,True,baseline,27982,-0.09804733798394688,-2743.5606114668017,0.4936737142341734
Least Squares MA,i008,SOLUSDT,True,delay+1,27540,-0.09710736052301759,-2674.3367088039045,0.49565882777696985
Least Squares MA,i008,SOLUSDT,True,tp0.30,29127,-0.1004038137035724,-2924.461881743953,0.43609058853210747
Least Squares MA,i008,SOLUSDT,True,tp0.60,27456,-0.09630441099180895,-2644.133908191107,0.5161648849921724
Least Squares MA,i008,SOLUSDT,True,sl0.20,31354,-0.09644090866498847,-3023.8082502820484,0.46368692356241703
Least Squares MA,i008,SOLUSDT,True,sl0.40,26098,-0.09873957281144277,-2576.9053712330333,0.5057998876896392
Least Squares MA,i008,SOLUSDT,True,fee0.02,27982,-0.03804833494530769,-1064.6685084395997,0.7578533843610694
Least Squares MA,i008,SOLUSDT,True,fee0.07,27982,-0.13804667334303972,-3862.822013484937,0.3711871650191315
Least Squares MA,i008,SOLUSDT,True,slip3,27982,-0.10040088916848057,-2809.4176807124236,0.4854762539314144
Smoothed MA,i009,SOLUSDT,False,baseline,61114,-0.10358833416193584,-6330.697453972548,0.3257479846962636
Smoothed MA,i009,SOLUSDT,False,delay+1,71201,-0.102079108007131,-7268.134569215735,0.35451624555044564
Smoothed MA,i009,SOLUSDT,False,tp0.30,63350,-0.10410826784881749,-6595.2587682225885,0.2956217110832835
Smoothed MA,i009,SOLUSDT,False,tp0.60,60218,-0.10329699911544526,-6220.338692733883,0.33468591889854993
Smoothed MA,i009,SOLUSDT,False,sl0.20,64804,-0.10231997582813884,-6630.74371356671,0.329106478542604
Smoothed MA,i009,SOLUSDT,False,sl0.40,59986,-0.10393665341692734,-6234.744091867803,0.32268086249670713
Smoothed MA,i009,SOLUSDT,False,fee0.02,61114,-0.043588430131389466,-2663.8633190497358,0.5873471852582203
Smoothed MA,i009,SOLUSDT,False,fee0.07,61114,-0.14358827018230014,-8775.25354392109,0.23100594528604884
Smoothed MA,i009,SOLUSDT,False,slip3,61114,-0.10595391980088374,-6475.267854711208,0.3189482269038847
Smoothed MA,i009,SOLUSDT,True,baseline,24548,-0.09643863583471583,-2367.3756324706046,0.49684690999137177
Smoothed MA,i009,SOLUSDT,True,delay+1,24358,-0.09536085266176558,-2322.799649135286,0.4996860043639647
Smoothed MA,i009,SOLUSDT,True,tp0.30,25548,-0.10126948175894904,-2587.23271997763,0.4311491832644431
Smoothed MA,i009,SOLUSDT,True,tp0.60,24138,-0.09505648395372122,-2294.473409674923,0.5172778075379022
Smoothed MA,i009,SOLUSDT,True,sl0.20,27666,-0.09530539239055241,-2636.718985877023,0.4672741708116643
Smoothed MA,i009,SOLUSDT,True,sl0.40,23037,-0.09648262205616144,-2222.6701643077913,0.5088099159504286
Smoothed MA,i009,SOLUSDT,True,fee0.02,24548,-0.03644030736211914,-894.5366651253007,0.7653342548443611
Smoothed MA,i009,SOLUSDT,True,fee0.07,24548,-0.13643752148311367,-3349.2682773674737,0.37280669593738713
Smoothed MA,i009,SOLUSDT,True,slip3,24548,-0.0987941371393629,-2425.19847849708,0.4885266855261118
Adaptive MA,i010,SOLUSDT,False,baseline,55725,-0.10387579227682943,-5788.47852462632,0.3447017221724026
Adaptive MA,i010,SOLUSDT,False,delay+1,65331,-0.10210022014008964,-6670.309481972197,0.3724449597713046
Adaptive MA,i010,SOLUSDT,False,tp0.30,57757,-0.10393030261660792,-6002.702488227424,0.3117668365728384
Adaptive MA,i010,SOLUSDT,False,tp0.60,54841,-0.10315747436826443,-5657.259051829989,0.3579217067684967
Adaptive MA,i010,SOLUSDT,False,sl0.20,59619,-0.1030737501118527,-6145.153907918547,0.34425667725822273
Adaptive MA,i010,SOLUSDT,False,sl0.40,54468,-0.10469217001520452,-5702.37311638816,0.3399716516054724
Adaptive MA,i010,SOLUSDT,False,fee0.02,55725,-0.04387626698854645,-2445.004977936751,0.6071136881191541
Adaptive MA,i010,SOLUSDT,False,fee0.07,55725,-0.1438754758023514,-8017.460889086033,0.2456827869868018
Adaptive MA,i010,SOLUSDT,False,slip3,55725,-0.10623463255642039,-5919.924899206526,0.337684232546734
Adaptive MA,i010,SOLUSDT,True,baseline,23590,-0.09811418527202705,-2314.5136305671185,0.4896242354303631
Adaptive MA,i010,SOLUSDT,True,delay+1,23517,-0.09703619162142056,-2282.0001183609475,0.4934565038057581
Adaptive MA,i010,SOLUSDT,True,tp0.30,24443,-0.10135565035476005,-2477.4361616213996,0.4300979544017038
Adaptive MA,i010,SOLUSDT,True,tp0.60,23227,-0.0975067601859864,-2264.789518839906,0.5077304753616294
Adaptive MA,i010,SOLUSDT,True,sl0.20,26294,-0.09579106843476357,-2518.730353423673,0.46438639551505134
Adaptive MA,i010,SOLUSDT,True,sl0.40,22284,-0.0979224157549533,-2182.1031126833795,0.5025824392768314
Adaptive MA,i010,SOLUSDT,True,fee0.02,23590,-0.03811588623030367,-899.1537561728635,0.7552273661646818
Adaptive MA,i010,SOLUSDT,True,fee0.07,23590,-0.13811305129984264,-3258.0868801632873,0.3670186427591597
Adaptive MA,i010,SOLUSDT,True,slip3,23590,-0.10046357883632122,-2369.9358247488176,0.48141799896537113
Multi-Timeframe MA,i011,SOLUSDT,False,baseline,11793,-0.0988694084197927,-1165.9669334946154,0.3901248394201186
Multi-Timeframe MA,i011,SOLUSDT,False,delay+1,13104,-0.09901743356494773,-1297.524449435075,0.4063212113996161
Multi-Timeframe MA,i011,SOLUSDT,False,tp0.30,11972,-0.10162776124304687,-1216.6875576017571,0.33584874964342043
Multi-Timeframe MA,i011,SOLUSDT,False,tp0.60,11731,-0.09892639309530116,-1160.5055174009776,0.40496278616918374
Multi-Timeframe MA,i011,SOLUSDT,False,sl0.20,12645,-0.09966126978171634,-1260.216756389803,0.3799407592122553
Multi-Timeframe MA,i011,SOLUSDT,False,sl0.40,11486,-0.0994105855207984,-1141.8299852918904,0.3878510377156335
Multi-Timeframe MA,i011,SOLUSDT,False,fee0.02,11793,-0.038869208092687395,-458.38457103706247,0.6670347579556948
Multi-Timeframe MA,i011,SOLUSDT,False,fee0.07,11793,-0.13886954197119625,-1637.6885084663172,0.2809071828275457
Multi-Timeframe MA,i011,SOLUSDT,False,slip3,11793,-0.10123047851494046,-1193.8110331266928,0.38246712525937315
Multi-Timeframe MA,i011,SOLUSDT,True,baseline,4944,-0.09353091466163593,-462.41684208712803,0.49367734592120155
Multi-Timeframe MA,i011,SOLUSDT,True,delay+1,4992,-0.09172442256289515,-457.8883174339726,0.5020012873980821
Multi-Timeframe MA,i011,SOLUSDT,True,tp0.30,5034,-0.09766934627776784,-491.6674891622833,0.433095480050088
Multi-Timeframe MA,i011,SOLUSDT,True,tp0.60,4919,-0.09006685977836508,-443.0388832497778,0.5234593543222711
Multi-Timeframe MA,i011,SOLUSDT,True,sl0.20,5457,-0.09410191444831019,-513.5141471444288,0.46166655634337345
Multi-Timeframe MA,i011,SOLUSDT,True,sl0.40,4747,-0.09343518209692386,-443.53680941409766,0.5045212281884958
Multi-Timeframe MA,i011,SOLUSDT,True,fee0.02,4944,-0.03353056439506504,-165.77511036920157,0.7739720541828276
Multi-Timeframe MA,i011,SOLUSDT,True,fee0.07,4944,-0.1335311481726832,-660.1779965657456,0.3660084385570943
Multi-Timeframe MA,i011,SOLUSDT,True,slip3,4944,-0.09588410558691539,-474.0510180217097,0.4850983454516639
WMA,i012,SOLUSDT,False,baseline,81414,-0.10275433649999581,-8365.64155181066,0.30883004652284224
WMA,i012,SOLUSDT,False,delay+1,97740,-0.10176201918172076,-9946.219754821388,0.32602572132983654
WMA,i012,SOLUSDT,False,tp0.30,85115,-0.10399309070746464,-8851.371915565853,0.28161365480001865
WMA,i012,SOLUSDT,False,tp0.60,79661,-0.10196813598947593,-8122.883681057642,0.31687700831882337
WMA,i012,SOLUSDT,False,sl0.20,86012,-0.10155515057382206,-8734.961611155582,0.31109099912605065
WMA,i012,SOLUSDT,False,sl0.40,79952,-0.10290508466978207,-8227.467329518417,0.30683669853901235
WMA,i012,SOLUSDT,False,fee0.02,81414,-0.04275459862913866,-3480.8228927926953,0.5796029058327294
WMA,i012,SOLUSDT,False,fee0.07,81414,-0.1427541617472339,-11622.187324489301,0.21378530697800038
WMA,i012,SOLUSDT,False,slip3,81414,-0.10512072145209288,-8558.29841630069,0.3019239400266024
WMA,i012,SOLUSDT,True,baseline,31670,-0.0980521194781542,-3105.3106238731434,0.4941671585626285
WMA,i012,SOLUSDT,True,delay+1,31184,-0.09691166021470757,-3022.093212135441,0.49689279261086544
WMA,i012,SOLUSDT,True,tp0.30,33428,-0.10125288830291447,-3384.681550189825,0.43354419661379706
WMA,i012,SOLUSDT,True,tp0.60,30842,-0.09618603967652868,-2966.5698357034976,0.5168020610507886
WMA,i012,SOLUSDT,True,sl0.20,36032,-0.09635291485110328,-3471.7882279149535,0.46504198400028707
WMA,i012,SOLUSDT,True,sl0.40,29397,-0.09744593596391968,-2864.618179531347,0.5094955594990659
WMA,i012,SOLUSDT,True,fee0.02,31670,-0.03805341891645381,-1205.1517770840921,0.7579958624328557
WMA,i012,SOLUSDT,True,fee0.07,31670,-0.13805125318595446,-4372.083188399178,0.37187734017121576
WMA,i012,SOLUSDT,True,slip3,31670,-0.10040868315191981,-3179.9429954213006,0.48597493581595447
McGinley Dynamic,i013,SOLUSDT,False,baseline,44359,-0.10191913313073585,-4521.030826546311,0.3527876407154584
McGinley Dynamic,i013,SOLUSDT,False,delay+1,50868,-0.10010031175726858,-5091.902658468739,0.3840281774311991
McGinley Dynamic,i013,SOLUSDT,False,tp0.30,45501,-0.10340210161691625,-4704.899025671307,0.31191915602946946
McGinley Dynamic,i013,SOLUSDT,False,tp0.60,43914,-0.10148769625576896,-4456.730693375838,0.36536405925942883
McGinley Dynamic,i013,SOLUSDT,False,sl0.20,47269,-0.10131778131364642,-4789.190204914753,0.3526216980524716
McGinley Dynamic,i013,SOLUSDT,False,sl0.40,43433,-0.10200309046871481,-4430.300228327689,0.3507094416362823
McGinley Dynamic,i013,SOLUSDT,False,fee0.02,44359,-0.04191905682863632,-1859.4874418614786,0.6188572251346697
McGinley Dynamic,i013,SOLUSDT,False,fee0.07,44359,-0.1419191839988022,-6295.393083002867,0.25208680063690675
McGinley Dynamic,i013,SOLUSDT,False,slip3,44359,-0.10428441318801009,-4625.952284606939,0.34566039765991774
McGinley Dynamic,i013,SOLUSDT,True,baseline,18110,-0.09649100892063889,-1747.4521715527703,0.49203305244862483
McGinley Dynamic,i013,SOLUSDT,True,delay+1,18035,-0.09621979770822849,-1735.324051667901,0.4929415864130697
McGinley Dynamic,i013,SOLUSDT,True,tp0.30,18608,-0.10036653131466262,-1867.6204147032422,0.4312716906325092
McGinley Dynamic,i013,SOLUSDT,True,tp0.60,17938,-0.0953630416656396,-1710.622241398243,0.511084417987875
McGinley Dynamic,i013,SOLUSDT,True,sl0.20,20240,-0.09441560079044796,-1910.9717599986666,0.4674536290607665
McGinley Dynamic,i013,SOLUSDT,True,sl0.40,17201,-0.09803901663643273,-1686.3691251632795,0.4987735158865202
McGinley Dynamic,i013,SOLUSDT,True,fee0.02,18110,-0.0364915719190504,-660.8623674540027,0.7623778766463389
McGinley Dynamic,i013,SOLUSDT,True,fee0.07,18110,-0.13649063358836458,-2471.8453742852826,0.36788025236502553
McGinley Dynamic,i013,SOLUSDT,True,slip3,18110,-0.098848344953413,-1790.1435271063096,0.4836949860690807
Guppy MMA,i014,SOLUSDT,False,baseline,21354,-0.09644041187707228,-2059.3885552230013,0.4834585030252114
Guppy MMA,i014,SOLUSDT,False,delay+1,22276,-0.09811417366070885,-2185.5913324659505,0.4711073764717333
Guppy MMA,i014,SOLUSDT,False,tp0.30,21445,-0.09823637449002114,-2106.679050938503,0.43176662348872186
Guppy MMA,i014,SOLUSDT,False,tp0.60,21327,-0.09642491990662615,-2056.454266848616,0.4974837768414542
Guppy MMA,i014,SOLUSDT,False,sl0.20,23192,-0.0956246690252479,-2217.727324033549,0.4526458399961118
Guppy MMA,i014,SOLUSDT,False,sl0.40,20028,-0.09694811518745548,-1941.6768509743583,0.4954535767880582
Guppy MMA,i014,SOLUSDT,False,fee0.02,21354,-0.03644102202826773,-778.1615843916292,0.7574497349052294
Guppy MMA,i014,SOLUSDT,False,fee0.07,21354,-0.13644000510960863,-2913.539869110583,0.35888895300242957
Guppy MMA,i014,SOLUSDT,False,slip3,21354,-0.0987999262000579,-2109.7736240760364,0.4750441524785327
Guppy MMA,i014,SOLUSDT,True,baseline,9436,-0.09245326865599868,-872.3890430380035,0.5088066911985769
Guppy MMA,i014,SOLUSDT,True,delay+1,9360,-0.09291800349102176,-869.7125126759637,0.5069822475432803
Guppy MMA,i014,SOLUSDT,True,tp0.30,9473,-0.09736659339975626,-922.353739275891,0.44188926475853835
Guppy MMA,i014,SOLUSDT,True,tp0.60,9426,-0.09181762071518768,-865.472892861359,0.5267912979900767
Guppy MMA,i014,SOLUSDT,True,sl0.20,9952,-0.09191354320664583,-914.7235819925392,0.477395831478752
Guppy MMA,i014,SOLUSDT,True,sl0.40,9132,-0.09228121407313535,-842.712046915872,0.52232310910243
Guppy MMA,i014,SOLUSDT,True,fee0.02,9436,-0.03245453864795274,-306.24102668208207,0.7866149801266622
Guppy MMA,i014,SOLUSDT,True,fee0.07,9436,-0.13245242199469595,-1249.821053941951,0.38103402184105906
Guppy MMA,i014,SOLUSDT,True,slip3,9436,-0.09480439150530173,-894.5742382440272,0.5002338975654749
MA Cross,i015,SOLUSDT,False,baseline,27547,-0.1006468966173786,-2772.5200611189284,0.45146349582370576
MA Cross,i015,SOLUSDT,False,delay+1,32627,-0.1000150471262983,-3263.1909425897347,0.44193240477241025
MA Cross,i015,SOLUSDT,False,tp0.30,27717,-0.10218523931775207,-2832.2682781701337,0.4028896910480587
MA Cross,i015,SOLUSDT,False,tp0.60,27511,-0.10114067452752507,-2782.481096926742,0.46291125972823577
MA Cross,i015,SOLUSDT,False,sl0.20,30020,-0.09931141707651618,-2981.328740637016,0.42487572726226736
MA Cross,i015,SOLUSDT,False,sl0.40,25923,-0.10117524556441757,-2622.7658907663963,0.46218049544302686
MA Cross,i015,SOLUSDT,False,fee0.02,27547,-0.0406475940303008,-1119.719272752696,0.7197707217151976
MA Cross,i015,SOLUSDT,False,fee0.07,27547,-0.1406464316754305,-3874.3872533630833,0.33271413011772255
MA Cross,i015,SOLUSDT,False,slip3,27547,-0.10300553638219659,-2837.493510720369,0.44339392331955296
MA Cross,i015,SOLUSDT,True,baseline,12359,-0.09835219688310554,-1215.5348012783013,0.47962025850956724
MA Cross,i015,SOLUSDT,True,delay+1,12372,-0.10050025365713024,-1243.3891382460154,0.471630229049663
MA Cross,i015,SOLUSDT,True,tp0.30,12448,-0.09976467863837468,-1241.870719690488,0.43003069678676975
MA Cross,i015,SOLUSDT,True,tp0.60,12328,-0.09825738273848356,-1211.3170144000253,0.4940994182970667
MA Cross,i015,SOLUSDT,True,sl0.20,12560,-0.09724499505145005,-1221.3971378462127,0.4506973443363658
MA Cross,i015,SOLUSDT,True,sl0.40,12273,-0.0990468994781153,-1215.6025972949092,0.49241200915925826
MA Cross,i015,SOLUSDT,True,fee0.02,12359,-0.03835253278301145,-473.9989526652385,0.7482600701025471
MA Cross,i015,SOLUSDT,True,fee0.07,12359,-0.13835197294983492,-1709.8920336870099,0.3570047182114941
MA Cross,i015,SOLUSDT,True,slip3,12359,-0.10070730120798417,-1244.6415356294765,0.47138441239136375
EMA Cross,i016,SOLUSDT,False,baseline,22834,-0.09993277232644855,-2281.864923302126,0.45605486651986815
EMA Cross,i016,SOLUSDT,False,delay+1,26971,-0.09819459086756689,-2648.4063102891464,0.4506480143040855
EMA Cross,i016,SOLUSDT,False,tp0.30,22970,-0.1013273146568137,-2327.4884176670107,0.40610206756263645
EMA Cross,i016,SOLUSDT,False,tp0.60,22808,-0.09916345246772601,-2261.7200238838946,0.4742033751241924
EMA Cross,i016,SOLUSDT,False,sl0.20,25451,-0.09785744512872925,-2490.5698359712883,0.43711265566101143
EMA Cross,i016,SOLUSDT,False,sl0.40,21445,-0.1011489741288117,-2169.1397501923666,0.4605057847894421
EMA Cross,i016,SOLUSDT,False,fee0.02,22834,-0.03993269205789042,-911.8230904498698,0.7250090183483591
EMA Cross,i016,SOLUSDT,False,fee0.07,22834,-0.13993282583882063,-3195.2261452036305,0.33649488858627435
EMA Cross,i016,SOLUSDT,False,slip3,22834,-0.10229542089556116,-2335.8136407292436,0.44792649737241835
EMA Cross,i016,SOLUSDT,True,baseline,10015,-0.0934486107960293,-935.8878371222336,0.4977243229333335
EMA Cross,i016,SOLUSDT,True,delay+1,9916,-0.0977925875701039,-969.7112983451502,0.48226477194233225
EMA Cross,i016,SOLUSDT,True,tp0.30,10030,-0.09606106549432805,-963.4924869081103,0.4416480017861787
EMA Cross,i016,SOLUSDT,True,tp0.60,10008,-0.09245471107516999,-925.2867484403012,0.5169795332597673
EMA Cross,i016,SOLUSDT,True,sl0.20,10498,-0.09307729991985246,-977.1254945586112,0.4681783632339748
EMA Cross,i016,SOLUSDT,True,sl0.40,9755,-0.09430553803260595,-919.9505235080711,0.5090456888839824
EMA Cross,i016,SOLUSDT,True,fee0.02,10015,-0.03344921375352313,-334.99387574153417,0.7768752246569073
EMA Cross,i016,SOLUSDT,True,fee0.07,10015,-0.13344820882436673,-1336.483811376033,0.3702057131206899
EMA Cross,i016,SOLUSDT,True,slip3,10015,-0.09580558891979557,-959.4929730317526,0.4891392986713404
MA-EMA Cross,i017,SOLUSDT,False,baseline,51576,-0.10262153099235868,-5292.808082461891,0.39753823461393795
MA-EMA Cross,i017,SOLUSDT,False,delay+1,75063,-0.10066149049943558,-7555.953461359132,0.37995502758984273
MA-EMA Cross,i017,SOLUSDT,False,tp0.30,55245,-0.10196778093812488,-5633.210057926708,0.36904860792889554
MA-EMA Cross,i017,SOLUSDT,False,tp0.60,49732,-0.10225009223527928,-5085.101587044909,0.40510004555549156
MA-EMA Cross,i017,SOLUSDT,False,sl0.20,55996,-0.10080810503913552,-5644.8506497714325,0.3780072403377247
MA-EMA Cross,i017,SOLUSDT,False,sl0.40,49512,-0.10344051095081404,-5121.546578196704,0.40610617305634433
MA-EMA Cross,i017,SOLUSDT,False,fee0.02,51576,-0.04262192655885731,-2198.268484199625,0.6698476873757547
MA-EMA Cross,i017,SOLUSDT,False,fee0.07,51576,-0.14262126728135957,-7355.834481303401,0.2859352441270377
MA-EMA Cross,i017,SOLUSDT,False,slip3,51576,-0.10498027568006615,-5414.462698475092,0.38976920631773904
MA-EMA Cross,i017,SOLUSDT,True,baseline,26513,-0.09824350323595586,-2604.7300012948976,0.48803202836700926
MA-EMA Cross,i017,SOLUSDT,True,delay+1,26345,-0.09718548740771765,-2560.3516657563214,0.49130384359398804
MA-EMA Cross,i017,SOLUSDT,True,tp0.30,27252,-0.09947945890226538,-2711.0142140045364,0.43627817049461953
MA-EMA Cross,i017,SOLUSDT,True,tp0.60,26193,-0.0978009131113308,-2561.6993171250874,0.5049478245071269
MA-EMA Cross,i017,SOLUSDT,True,sl0.20,28640,-0.09643012695700688,-2761.758836048677,0.45892954834877014
MA-EMA Cross,i017,SOLUSDT,True,sl0.40,25163,-0.09904204576043638,-2492.1949974698605,0.5011095623542112
MA-EMA Cross,i017,SOLUSDT,True,fee0.02,26513,-0.038244328248524063,-1013.9718748531186,0.7539415467921782
MA-EMA Cross,i017,SOLUSDT,True,fee0.07,26513,-0.13824295322757704,-3665.2354189227503,0.36544776535774137
MA-EMA Cross,i017,SOLUSDT,True,slip3,26513,-0.10059536507770635,-2667.0849143052287,0.47981879247553516
SuperTrend,i018,SOLUSDT,False,baseline,17681,-0.10257915266028966,-1813.7019981865812,0.45773396360098184
SuperTrend,i018,SOLUSDT,False,delay+1,19102,-0.10243159087193626,-1956.6482488357267,0.4505933988802694
SuperTrend,i018,SOLUSDT,False,tp0.30,17860,-0.10476217401104032,-1871.05242783718,0.4062027042068923
SuperTrend,i018,SOLUSDT,False,tp0.60,17608,-0.1019342980354939,-1794.8591198089766,0.4740814582876868
SuperTrend,i018,SOLUSDT,False,sl0.20,18472,-0.10190826699315299,-1882.449507897522,0.42463314582777034
SuperTrend,i018,SOLUSDT,False,sl0.40,16873,-0.10477381849339205,-1767.8486394390043,0.4656259588173528
SuperTrend,i018,SOLUSDT,False,fee0.02,17681,-0.04257818048489804,-752.8248091534822,0.7199224049887084
SuperTrend,i018,SOLUSDT,False,fee0.07,17681,-0.1425798007772174,-2520.953457541981,0.33901487260407964
SuperTrend,i018,SOLUSDT,False,slip3,17681,-0.10492958772613224,-1855.260040585744,0.44974119962941733
SuperTrend,i018,SOLUSDT,True,baseline,7103,-0.10047112550150702,-713.6464044372043,0.4703562835734862
SuperTrend,i018,SOLUSDT,True,delay+1,7100,-0.10041842783131821,-712.9708376023593,0.4692369968429397
SuperTrend,i018,SOLUSDT,True,tp0.30,7105,-0.10304956982290774,-732.1671935917594,0.41419510884533356
SuperTrend,i018,SOLUSDT,True,tp0.60,7100,-0.09893757824395066,-702.4568055320498,0.49181541040587257
SuperTrend,i018,SOLUSDT,True,sl0.20,7117,-0.10090937230544167,-718.1720026978284,0.43559374044307403
SuperTrend,i018,SOLUSDT,True,sl0.40,7081,-0.10260369155569457,-726.5367399058732,0.4778503267903603
SuperTrend,i018,SOLUSDT,True,fee0.02,7103,-0.04047087689363207,-287.4646385754686,0.7347756655556377
SuperTrend,i018,SOLUSDT,True,fee0.07,7103,-0.1404712912400903,-997.7675816783615,0.34984195916744654
SuperTrend,i018,SOLUSDT,True,slip3,7103,-0.10281612962366438,-730.302968716888,0.4622802811136167
Ichimoku Cloud,i019,SOLUSDT,False,baseline,21450,-0.09988343842158628,-2142.4997541430257,0.459225832520673
Ichimoku Cloud,i019,SOLUSDT,False,delay+1,24101,-0.10079845307515373,-2429.3435175642803,0.4446071517533027
Ichimoku Cloud,i019,SOLUSDT,False,tp0.30,21879,-0.10054684037442253,-2199.8643205519907,0.4110316237532098
Ichimoku Cloud,i019,SOLUSDT,False,tp0.60,21330,-0.09936052804777953,-2119.360063259138,0.4760646319222271
Ichimoku Cloud,i019,SOLUSDT,False,sl0.20,24277,-0.09808483734946605,-2381.205596332987,0.4390341288086523
Ichimoku Cloud,i019,SOLUSDT,False,sl0.40,20141,-0.10165973170797214,-2047.5286563302668,0.4617186410256703
Ichimoku Cloud,i019,SOLUSDT,False,fee0.02,21450,-0.039883212438760446,-855.4949068114116,0.7265797674880886
Ichimoku Cloud,i019,SOLUSDT,False,fee0.07,21450,-0.1398835890768035,-3000.502985697435,0.34011425348918434
Ichimoku Cloud,i019,SOLUSDT,False,slip3,21450,-0.10224593100503789,-2193.1752200580627,0.45114303760757213
Ichimoku Cloud,i019,SOLUSDT,True,baseline,9406,-0.09862603948628114,-927.6765274079604,0.4860671607367233
Ichimoku Cloud,i019,SOLUSDT,True,delay+1,9425,-0.09737988559765612,-917.8054217579088,0.49148928585667795
Ichimoku Cloud,i019,SOLUSDT,True,tp0.30,9598,-0.10089717854612126,-968.4111196856717,0.42930055460279304
Ichimoku Cloud,i019,SOLUSDT,True,tp0.60,9338,-0.09710999127896748,-906.8130985629983,0.5075815125365967
Ichimoku Cloud,i019,SOLUSDT,True,sl0.20,10372,-0.09686494649850047,-1004.6832250824469,0.4596049703516608
Ichimoku Cloud,i019,SOLUSDT,True,sl0.40,8984,-0.10017039355751649,-899.9308157207281,0.49428865961053625
Ichimoku Cloud,i019,SOLUSDT,True,fee0.02,9406,-0.038625649306277224,-363.31285737484353,0.7508880189469311
Ichimoku Cloud,i019,SOLUSDT,True,fee0.07,9406,-0.1386262996062838,-1303.9189740967054,0.364082292431858
Ichimoku Cloud,i019,SOLUSDT,True,slip3,9406,-0.10097975145377414,-949.8155421741994,0.4778988385177543
Parabolic SAR,i020,SOLUSDT,False,baseline,39413,-0.1029181688522258,-4056.3137889727755,0.44244946447014616
Parabolic SAR,i020,SOLUSDT,False,delay+1,53724,-0.1021404856657683,-5487.395451907736,0.42457437096000156
Parabolic SAR,i020,SOLUSDT,False,tp0.30,41278,-0.10336715995821653,-4266.789628755262,0.400062425448966
Parabolic SAR,i020,SOLUSDT,False,tp0.60,38478,-0.10223496266640143,-3933.7968934777946,0.4567034729325956
Parabolic SAR,i020,SOLUSDT,False,sl0.20,43909,-0.10074047787465065,-4423.413642998035,0.4215946231888751
Parabolic SAR,i020,SOLUSDT,False,sl0.40,37118,-0.10346034153419859,-3840.2409570663835,0.44965449754625547
Parabolic SAR,i020,SOLUSDT,False,fee0.02,39413,-0.042918386765522176,-1691.5423775895256,0.703321930685204
Parabolic SAR,i020,SOLUSDT,False,fee0.07,39413,-0.1429180235766949,-5632.828063228276,0.3278867247007404
Parabolic SAR,i020,SOLUSDT,False,slip3,39413,-0.1052720812866461,-4149.088539750583,0.4346617460755303
Parabolic SAR,i020,SOLUSDT,True,baseline,20224,-0.09791283910397462,-1980.189258038783,0.48685111177778156
Parabolic SAR,i020,SOLUSDT,True,delay+1,20152,-0.09734678221760931,-1961.7323552492628,0.489563789020608
Parabolic SAR,i020,SOLUSDT,True,tp0.30,20411,-0.09950845221415017,-2031.067018143019,0.43392130444933746
Parabolic SAR,i020,SOLUSDT,True,tp0.60,20147,-0.0971618438767243,-1957.5196685843644,0.5052635983146934
Parabolic SAR,i020,SOLUSDT,True,sl0.20,21079,-0.09578453348072108,-2019.0421812401198,0.45994292373112106
Parabolic SAR,i020,SOLUSDT,True,sl0.40,19652,-0.09870609271991018,-1939.7721341316749,0.49981731937213136
Parabolic SAR,i020,SOLUSDT,True,fee0.02,20224,-0.037913679901970226,-766.7662623374458,0.7544117704040345
Parabolic SAR,i020,SOLUSDT,True,fee0.07,20224,-0.13791227857197755,-2789.137921839674,0.36384431098201453
Parabolic SAR,i020,SOLUSDT,True,slip3,20224,-0.1002616683101108,-2027.6919799036807,0.47860621824021016
Directional Movement,i021,SOLUSDT,False,baseline,35060,-0.10420238286385777,-3653.3355432068533,0.3749491609391206
Directional Movement,i021,SOLUSDT,False,delay+1,45363,-0.10167470769689721,-4612.269765254348,0.3838858522030698
Directional Movement,i021,SOLUSDT,False,tp0.30,35841,-0.10502866373389909,-3764.3323368866772,0.3329481209272976
Directional Movement,i021,SOLUSDT,False,tp0.60,34780,-0.1031574707779297,-3587.8168336563945,0.3920405558224121
Directional Movement,i021,SOLUSDT,False,sl0.20,38448,-0.10060986210197442,-3868.247978096713,0.3800677298061437
Directional Movement,i021,SOLUSDT,False,sl0.40,33805,-0.10387901743857961,-3511.6301845111834,0.37662971615937757
Directional Movement,i021,SOLUSDT,False,fee0.02,35060,-0.044201895827810395,-1549.7184677230325,0.637490915340972
Directional Movement,i021,SOLUSDT,False,fee0.07,35060,-0.144202707554556,-5055.746926862734,0.2704888432031888
Directional Movement,i021,SOLUSDT,False,slip3,35060,-0.10655914037582806,-3735.9634615765317,0.367661274014233
Directional Movement,i021,SOLUSDT,True,baseline,15527,-0.0992291276115509,-1540.7306644245507,0.47955634238064604
Directional Movement,i021,SOLUSDT,True,delay+1,15443,-0.0989124383416342,-1527.504785309857,0.4804600994508507
Directional Movement,i021,SOLUSDT,True,tp0.30,15838,-0.10166169948530822,-1610.1179964483115,0.4249090340187951
Directional Movement,i021,SOLUSDT,True,tp0.60,15432,-0.09889337367862112,-1526.1225426084814,0.49465013490998844
Directional Movement,i021,SOLUSDT,True,sl0.20,17060,-0.09611288679087314,-1639.6858486522958,0.4577544074957872
Directional Movement,i021,SOLUSDT,True,sl0.40,14832,-0.10078563377096422,-1494.8525200909417,0.48787665135463704
Directional Movement,i021,SOLUSDT,True,fee0.02,15527,-0.03923001824954721,-609.1244933607195,0.7453408132934316
Directional Movement,i021,SOLUSDT,True,fee0.07,15527,-0.13922853385288667,-2161.8014451337713,0.35777594844801464
Directional Movement,i021,SOLUSDT,True,slip3,15527,-0.10157610853016219,-1577.1722371478284,0.4713906733290917
Vortex,i022,SOLUSDT,False,baseline,40562,-0.10183122919700811,-4130.478318689044,0.39033493173665085
Vortex,i022,SOLUSDT,False,delay+1,47840,-0.10090520535749414,-4827.30502430252,0.3983695659165064
Vortex,i022,SOLUSDT,False,tp0.30,41147,-0.10311362733696776,-4242.816424034213,0.34482959656434076
Vortex,i022,SOLUSDT,False,tp0.60,40379,-0.10101135274721382,-4078.737412579747,0.4074511105787478
Vortex,i022,SOLUSDT,False,sl0.20,44447,-0.1004163340548899,-4463.204799737691,0.37728481331677405
Vortex,i022,SOLUSDT,False,sl0.40,38694,-0.10406780640793438,-4026.799701148613,0.3856597338271108
Vortex,i022,SOLUSDT,False,fee0.02,40562,-0.041831563853335606,-1696.771893018999,0.6636863757521626
Vortex,i022,SOLUSDT,False,fee0.07,40562,-0.14183100609278979,-5752.949269135739,0.28025924934663365
Vortex,i022,SOLUSDT,False,slip3,40562,-0.1041937930877999,-4226.308635227339,0.3826446209155765
Vortex,i022,SOLUSDT,True,baseline,17389,-0.09639365410490282,-1676.189251230155,0.491750603915079
Vortex,i022,SOLUSDT,True,delay+1,17554,-0.0977173770201353,-1715.330836211455,0.4882082037093713
Vortex,i022,SOLUSDT,True,tp0.30,17950,-0.10032140786742354,-1800.7692712202527,0.4314182417989747
Vortex,i022,SOLUSDT,True,tp0.60,17217,-0.0952119204463191,-1639.263634324276,0.5114249495215546
Vortex,i022,SOLUSDT,True,sl0.20,18737,-0.09603418783179915,-1799.3925774044208,0.4602168264067927
Vortex,i022,SOLUSDT,True,sl0.40,16778,-0.09756033642404394,-1636.8673245226091,0.5009755564754502
Vortex,i022,SOLUSDT,True,fee0.02,17389,-0.036395145408512575,-632.8751835086251,0.7623574925144531
Vortex,i022,SOLUSDT,True,fee0.07,17389,-0.1363926599024963,-2371.731963044508,0.3674524431199131
Vortex,i022,SOLUSDT,True,slip3,17389,-0.09875290126803897,-1717.2142001499296,0.48339220039450354
Williams Alligator,i023,SOLUSDT,False,baseline,26370,-0.1023691521392195,-2699.4745419112187,0.4365331719994385
Williams Alligator,i023,SOLUSDT,False,delay+1,31117,-0.10149690501752358,-3158.2791934302813,0.42524454915393833
Williams Alligator,i023,SOLUSDT,False,tp0.30,27039,-0.1027160871084929,-2777.3402793265395,0.39334377711129065
Williams Alligator,i023,SOLUSDT,False,tp0.60,26120,-0.101526111973248,-2651.8620447412372,0.4534380818447896
Williams Alligator,i023,SOLUSDT,False,sl0.20,28310,-0.10087991848317912,-2855.9104922588012,0.40908820259105927
Williams Alligator,i023,SOLUSDT,False,sl0.40,24993,-0.10216517711147631,-2553.4142715471276,0.4499926125392253
Williams Alligator,i023,SOLUSDT,False,fee0.02,26370,-0.042369476342865815,-1117.2830911613714,0.7051375405096353
Williams Alligator,i023,SOLUSDT,False,fee0.07,26370,-0.1423689360034553,-3754.268842411116,0.3189025906146994
Williams Alligator,i023,SOLUSDT,False,slip3,26370,-0.10472780839793369,-2761.6723074535116,0.4285008691188538
Williams Alligator,i023,SOLUSDT,True,baseline,11993,-0.09975349129561825,-1196.3436211083497,0.48010777726557
Williams Alligator,i023,SOLUSDT,True,delay+1,12037,-0.09698849436983023,-1167.4505067296466,0.49055523513349314
Williams Alligator,i023,SOLUSDT,True,tp0.30,12404,-0.10070506089837897,-1249.1455753834928,0.4310687719415902
Williams Alligator,i023,SOLUSDT,True,tp0.60,11792,-0.09735513549818861,-1148.0117577946403,0.5048866601636155
Williams Alligator,i023,SOLUSDT,True,sl0.20,12285,-0.09677238401523937,-1188.8487376272155,0.45645430611454907
Williams Alligator,i023,SOLUSDT,True,sl0.40,11795,-0.09826787444523152,-1159.0695790815057,0.5000861852604436
Williams Alligator,i023,SOLUSDT,True,fee0.02,11993,-0.039753227992891015,-476.7604633187419,0.7436320198617382
Williams Alligator,i023,SOLUSDT,True,fee0.07,11993,-0.13975366683076976,-1676.0657263014216,0.35888919181546214
Williams Alligator,i023,SOLUSDT,True,slip3,11993,-0.10210658795283584,-1224.5643093183603,0.4719821481204158
Williams Fractal,i024,SOLUSDT,False,baseline,39292,-0.10461010882823693,-4110.340396079086,0.4619347629911646
Williams Fractal,i024,SOLUSDT,False,delay+1,44918,-0.1044351219309315,-4691.016806893582,0.4511905622716173
Williams Fractal,i024,SOLUSDT,False,tp0.30,41876,-0.10584735533192946,-4432.463851879877,0.4116146384604846
Williams Fractal,i024,SOLUSDT,False,tp0.60,38084,-0.10505121194511388,-4000.7703557177174,0.47372852468748505
Williams Fractal,i024,SOLUSDT,False,sl0.20,43755,-0.10247237067749748,-4483.678578993903,0.4337663087179328
Williams Fractal,i024,SOLUSDT,False,sl0.40,36970,-0.10660738755979948,-3941.2751180857867,0.46959985896384654
Williams Fractal,i024,SOLUSDT,False,fee0.02,39292,-0.044610184849598805,-1752.8233831104362,0.7144970446969526
Williams Fractal,i024,SOLUSDT,False,fee0.07,39292,-0.144610058147329,-5682.018404724851,0.34646168162684615
Williams Fractal,i024,SOLUSDT,False,slip3,39292,-0.10696796938003453,-4202.985452880317,0.45417608401215237
Williams Fractal,i024,SOLUSDT,True,baseline,17994,-0.10207350007426558,-1836.710560336335,0.48388640476765016
Williams Fractal,i024,SOLUSDT,True,delay+1,18255,-0.1014130551609716,-1851.2953219635367,0.48574695675556
Williams Fractal,i024,SOLUSDT,True,tp0.30,19055,-0.10287154958957374,-1960.2173774293278,0.4315875349307971
Williams Fractal,i024,SOLUSDT,True,tp0.60,17488,-0.10197495310961797,-1783.337979980999,0.49993010516006486
Williams Fractal,i024,SOLUSDT,True,sl0.20,19165,-0.09941752010010715,-1905.336772718554,0.455959846022418
Williams Fractal,i024,SOLUSDT,True,sl0.40,17475,-0.10189160990008739,-1780.5558830040268,0.49966066113765556
Williams Fractal,i024,SOLUSDT,True,fee0.02,17994,-0.042072978812595106,-757.0611807538364,0.7384313361264959
Williams Fractal,i024,SOLUSDT,True,fee0.07,17994,-0.1420738475820459,-2556.476813391334,0.36533903546610313
Williams Fractal,i024,SOLUSDT,True,slip3,17994,-0.10442731406426484,-1879.0650892723813,0.4759785715629329
Aroon,i025,SOLUSDT,False,baseline,32149,-0.10317691693860764,-3317.034702659297,0.43682386561304076
Aroon,i025,SOLUSDT,False,delay+1,40907,-0.10272741825010559,-4202.270498357069,0.4241402825743265
Aroon,i025,SOLUSDT,False,tp0.30,32688,-0.10375073390471538,-3391.4039898773367,0.3920446729184916
Aroon,i025,SOLUSDT,False,tp0.60,31990,-0.10220935202857513,-3269.677171394118,0.45457661147250583
Aroon,i025,SOLUSDT,False,sl0.20,35744,-0.10003220737895847,-3575.551220553492,0.4188976388843745
Aroon,i025,SOLUSDT,False,sl0.40,29993,-0.10424719273925372,-3126.686051828437,0.4428043084451638
Aroon,i025,SOLUSDT,False,fee0.02,32149,-0.04317711991364936,-1388.1012281039134,0.7002756092232721
Aroon,i025,SOLUSDT,False,fee0.07,32149,-0.1431767816219132,-4602.990352362886,0.3212377086959074
Aroon,i025,SOLUSDT,False,slip3,32149,-0.10553816606740866,-3392.946500901121,0.42893640285526974
Aroon,i025,SOLUSDT,True,baseline,15486,-0.1005860675850235,-1557.6758426216743,0.4729193368728974
Aroon,i025,SOLUSDT,True,delay+1,15544,-0.09854868769372349,-1531.840801511238,0.48098307271772917
Aroon,i025,SOLUSDT,True,tp0.30,15670,-0.10074249650002073,-1578.634920155325,0.42769570841434584
Aroon,i025,SOLUSDT,True,tp0.60,15422,-0.09883840109733699,-1524.285821723131,0.49479417350857857
Aroon,i025,SOLUSDT,True,sl0.20,15881,-0.09900391215035464,-1572.281128859782,0.44377417273710695
Aroon,i025,SOLUSDT,True,sl0.40,15272,-0.10037311368836428,-1532.8981922486992,0.48792327584650536
Aroon,i025,SOLUSDT,True,fee0.02,15486,-0.0405869833113145,-628.5300235590164,0.7365005699523381
Aroon,i025,SOLUSDT,True,fee0.07,15486,-0.1405854571008295,-2177.1063886634456,0.35244225552463004
Aroon,i025,SOLUSDT,True,slip3,15486,-0.10294343542560376,-1594.1820410008997,0.46480977491935505
Trend Strength Index,i026,SOLUSDT,False,baseline,33262,-0.10135867568124368,-3371.392270509527,0.44435338204488417
Trend Strength Index,i026,SOLUSDT,False,delay+1,43410,-0.10144602149558503,-4403.771793123346,0.4272349978646516
Trend Strength Index,i026,SOLUSDT,False,tp0.30,34107,-0.10240198510805068,-3492.624506080284,0.3975193057207121
Trend Strength Index,i026,SOLUSDT,False,tp0.60,32922,-0.10150851786979319,-3341.8634253093314,0.4569535974628111
Trend Strength Index,i026,SOLUSDT,False,sl0.20,36893,-0.10112482926907856,-3730.798326224115,0.4171648537067603
Trend Strength Index,i026,SOLUSDT,False,sl0.40,31214,-0.10366347096707396,-3235.751582766246,0.4452035464989667
Trend Strength Index,i026,SOLUSDT,False,fee0.02,33262,-0.04135915074201079,-1375.6880719807627,0.7096939798333075
Trend Strength Index,i026,SOLUSDT,False,fee0.07,33262,-0.14135835897406565,-4701.861736195371,0.32809213017061956
Trend Strength Index,i026,SOLUSDT,False,slip3,33262,-0.10371909970883794,-3449.9046945153677,0.43642854160983025
Trend Strength Index,i026,SOLUSDT,True,baseline,16231,-0.09635509199333765,-1563.9394981438634,0.48991164974238854
Trend Strength Index,i026,SOLUSDT,True,delay+1,16200,-0.09760763505685167,-1581.2436879209972,0.48585064924948945
Trend Strength Index,i026,SOLUSDT,True,tp0.30,16367,-0.09901304972520679,-1620.5465848524595,0.43371675441026447
Trend Strength Index,i026,SOLUSDT,True,tp0.60,16203,-0.0943355376825593,-1528.5187170705083,0.5131452946560162
Trend Strength Index,i026,SOLUSDT,True,sl0.20,16870,-0.09616912919223579,-1622.3732094730178,0.45661697218795816
Trend Strength Index,i026,SOLUSDT,True,sl0.40,15888,-0.09837377764641511,-1562.9625792462434,0.49704500337302665
Trend Strength Index,i026,SOLUSDT,True,fee0.02,16231,-0.036355873000648464,-590.0921746735252,0.7615810166831233
Trend Strength Index,i026,SOLUSDT,True,fee0.07,16231,-0.1363545713217971,-2213.171047124089,0.36552872155717525
Trend Strength Index,i026,SOLUSDT,True,slip3,16231,-0.0987104965065406,-1602.1700687976604,0.48154403951758257
Zig Zag,i027,SOLUSDT,False,baseline,28579,-0.10114188108178172,-2890.53381943624,0.5105486844337364
Zig Zag,i027,SOLUSDT,False,delay+1,30106,-0.09955445946320687,-2997.186556599306,0.5123201292177901
Zig Zag,i027,SOLUSDT,False,tp0.30,30015,-0.10461694607867161,-3140.077636551328,0.4457993506483529
Zig Zag,i027,SOLUSDT,False,tp0.60,27606,-0.09919112863551174,-2738.270297111937,0.5313890759572545
Zig Zag,i027,SOLUSDT,False,sl0.20,30280,-0.09927764878769564,-3006.127205291424,0.4788352221701796
Zig Zag,i027,SOLUSDT,False,sl0.40,26299,-0.10093556381611166,-2654.5043927999204,0.523563497011445
Zig Zag,i027,SOLUSDT,False,fee0.02,28579,-0.041142367868280565,-1175.8077313075903,0.7572490655548613
Zig Zag,i027,SOLUSDT,False,fee0.07,28579,-0.14114155655744914,-4033.684544855339,0.3928830854483219
Zig Zag,i027,SOLUSDT,False,slip3,28579,-0.10350091432875368,-2957.9526306014513,0.5027481010633672
Zig Zag,i027,SOLUSDT,True,baseline,12426,-0.0998849607914758,-1241.1705227948783,0.5374980045597741
Zig Zag,i027,SOLUSDT,True,delay+1,12366,-0.09748297535382226,-1205.4744732253662,0.5455387503138291
Zig Zag,i027,SOLUSDT,True,tp0.30,12591,-0.10365009575549114,-1305.0583556573888,0.46030509567241046
Zig Zag,i027,SOLUSDT,True,tp0.60,12234,-0.09643297123012312,-1179.7609700293262,0.5754661654818181
Zig Zag,i027,SOLUSDT,True,sl0.20,12590,-0.09751252801167845,-1227.6827276670317,0.4978355857055294
Zig Zag,i027,SOLUSDT,True,sl0.40,12127,-0.09967408597970151,-1208.74764067584,0.5611057793359189
Zig Zag,i027,SOLUSDT,True,fee0.02,12426,-0.03988572646482854,-495.62003705195946,0.7779568503050116
Zig Zag,i027,SOLUSDT,True,fee0.07,12426,-0.13988445034257396,-1738.2041799568242,0.41951478635566763
Zig Zag,i027,SOLUSDT,True,slip3,12426,-0.10223894892245299,-1270.421179310401,0.529761228463083
Linear Regression Curve,i028,SOLUSDT,False,baseline,105862,-0.10211903752074274,-10810.525550020868,0.28476975180381126
Linear Regression Curve,i028,SOLUSDT,False,delay+1,134890,-0.10120961228940416,-13652.164601717726,0.28876114466646513
Linear Regression Curve,i028,SOLUSDT,False,tp0.30,111456,-0.10317928188001065,-11499.950041218466,0.2694793269711132
Linear Regression Curve,i028,SOLUSDT,False,tp0.60,103489,-0.10089322540869695,-10441.339004320638,0.2902421616890003
Linear Regression Curve,i028,SOLUSDT,False,sl0.20,111420,-0.10127596613147191,-11284.1681463686,0.2770169083851788
Linear Regression Curve,i028,SOLUSDT,False,sl0.40,103866,-0.102202823962157,-10615.398513653401,0.28849845825884896
Linear Regression Curve,i028,SOLUSDT,False,fee0.02,105862,-0.042119226401994704,-4458.825545367964,0.5706633550182078
Linear Regression Curve,i028,SOLUSDT,False,fee0.07,105862,-0.14211891159990808,-15044.99221978947,0.18774754199614996
Linear Regression Curve,i028,SOLUSDT,False,slip3,105862,-0.10448099367599353,-11060.566952528028,0.27762788398739346
Linear Regression Curve,i028,SOLUSDT,True,baseline,39577,-0.09773846878505395,-3868.1953791060805,0.49953084919569973
Linear Regression Curve,i028,SOLUSDT,True,delay+1,39122,-0.09643681978090035,-3772.8012634683837,0.5029038915054563
Linear Regression Curve,i028,SOLUSDT,True,tp0.30,42947,-0.10077400664712005,-4327.941263473865,0.4390732924934416
Linear Regression Curve,i028,SOLUSDT,True,tp0.60,37923,-0.09674342111856588,-3668.8007590793736,0.518694368981617
Linear Regression Curve,i028,SOLUSDT,True,sl0.20,45984,-0.09751054619436748,-4483.924956201794,0.4632008736777972
Linear Regression Curve,i028,SOLUSDT,True,sl0.40,36099,-0.09740578287896809,-3516.251356147869,0.515859944307404
Linear Regression Curve,i028,SOLUSDT,True,fee0.02,39577,-0.0377393437158237,-1493.6100062411547,0.7623436557381101
Linear Regression Curve,i028,SOLUSDT,True,fee0.07,39577,-0.13773788549787416,-5451.252294349365,0.3771092889608195
Linear Regression Curve,i028,SOLUSDT,True,slip3,39577,-0.10009178454180265,-3961.332556810923,0.49136188856934715
Linear Regression Slope,i029,SOLUSDT,False,baseline,33262,-0.10135867568124368,-3371.392270509527,0.44435338204488417
Linear Regression Slope,i029,SOLUSDT,False,delay+1,43410,-0.10144602149558503,-4403.771793123346,0.4272349978646516
Linear Regression Slope,i029,SOLUSDT,False,tp0.30,34107,-0.10240198510805068,-3492.624506080284,0.3975193057207121
Linear Regression Slope,i029,SOLUSDT,False,tp0.60,32922,-0.10150851786979319,-3341.8634253093314,0.4569535974628111
Linear Regression Slope,i029,SOLUSDT,False,sl0.20,36893,-0.10112482926907856,-3730.798326224115,0.4171648537067603
Linear Regression Slope,i029,SOLUSDT,False,sl0.40,31214,-0.10366347096707396,-3235.751582766246,0.4452035464989667
Linear Regression Slope,i029,SOLUSDT,False,fee0.02,33262,-0.04135915074201079,-1375.6880719807627,0.7096939798333075
Linear Regression Slope,i029,SOLUSDT,False,fee0.07,33262,-0.14135835897406565,-4701.861736195371,0.32809213017061956
Linear Regression Slope,i029,SOLUSDT,False,slip3,33262,-0.10371909970883794,-3449.9046945153677,0.43642854160983025
Linear Regression Slope,i029,SOLUSDT,True,baseline,16231,-0.09635509199333765,-1563.9394981438634,0.48991164974238854
Linear Regression Slope,i029,SOLUSDT,True,delay+1,16200,-0.09760763505685167,-1581.2436879209972,0.48585064924948945
Linear Regression Slope,i029,SOLUSDT,True,tp0.30,16367,-0.09901304972520679,-1620.5465848524595,0.43371675441026447
Linear Regression Slope,i029,SOLUSDT,True,tp0.60,16203,-0.0943355376825593,-1528.5187170705083,0.5131452946560162
Linear Regression Slope,i029,SOLUSDT,True,sl0.20,16870,-0.09616912919223579,-1622.3732094730178,0.45661697218795816
Linear Regression Slope,i029,SOLUSDT,True,sl0.40,15888,-0.09837377764641511,-1562.9625792462434,0.49704500337302665
Linear Regression Slope,i029,SOLUSDT,True,fee0.02,16231,-0.036355873000648464,-590.0921746735252,0.7615810166831233
Linear Regression Slope,i029,SOLUSDT,True,fee0.07,16231,-0.1363545713217971,-2213.171047124089,0.36552872155717525
Linear Regression Slope,i029,SOLUSDT,True,slip3,16231,-0.0987104965065406,-1602.1700687976604,0.48154403951758257
Keltner Channels,i030,SOLUSDT,False,baseline,21635,-0.10629184374039446,-2299.6240393234343,0.46102991325067577
Keltner Channels,i030,SOLUSDT,False,delay+1,22238,-0.09996974055594679,-2223.127090483145,0.4830226038426493
Keltner Channels,i030,SOLUSDT,False,tp0.30,23202,-0.10610068677478406,-2461.7481345485394,0.4141451084768767
Keltner Channels,i030,SOLUSDT,False,tp0.60,20979,-0.10764595864744608,-2258.3045664647716,0.47102218936096
Keltner Channels,i030,SOLUSDT,False,sl0.20,22752,-0.10501751427870083,-2389.358484869001,0.4293955500635095
Keltner Channels,i030,SOLUSDT,False,sl0.40,21163,-0.10714388836468255,-2267.486109461777,0.47558510504960383
Keltner Channels,i030,SOLUSDT,False,fee0.02,21635,-0.04629172171884251,-1001.5213993871577,0.7103329662860368
Keltner Channels,i030,SOLUSDT,False,fee0.07,21635,-0.14629192508809574,-3165.025799280952,0.34635590107303815
Keltner Channels,i030,SOLUSDT,False,slip3,21635,-0.10864219079654894,-2350.4737978833364,0.45335506546757254
Keltner Channels,i030,SOLUSDT,True,baseline,9732,-0.10473706883290365,-1019.3011538818183,0.48295851601538625
Keltner Channels,i030,SOLUSDT,True,delay+1,10020,-0.09726804778676272,-974.6258388233624,0.5094373652321318
Keltner Channels,i030,SOLUSDT,True,tp0.30,10470,-0.10561722882352804,-1105.8123857823387,0.4275161968582746
Keltner Channels,i030,SOLUSDT,True,tp0.60,9402,-0.10485000667236301,-985.7997627335569,0.5011247496943741
Keltner Channels,i030,SOLUSDT,True,sl0.20,10236,-0.1031407085487823,-1055.7482927053356,0.4498614581218772
Keltner Channels,i030,SOLUSDT,True,sl0.40,9541,-0.1048539528345862,-1000.4115639947871,0.5009545558744396
Keltner Channels,i030,SOLUSDT,True,fee0.02,9732,-0.044735242366336046,-435.3633787091824,0.7293574233460085
Keltner Channels,i030,SOLUSDT,True,fee0.07,9732,-0.14473828647728204,-1408.593003996909,0.36736542818701695
Keltner Channels,i030,SOLUSDT,True,slip3,9732,-0.10708812719654899,-1042.1816538768148,0.4752913117830222
Donchian Channels,i031,SOLUSDT,False,baseline,32080,-0.10795000037830273,-3463.0360121359518,0.4582821345296783
Donchian Channels,i031,SOLUSDT,False,delay+1,33206,-0.10348961735515741,-3436.476233895357,0.47142421604489476
Donchian Channels,i031,SOLUSDT,False,tp0.30,35050,-0.1086749882265822,-3809.058337341706,0.4078945471090637
Donchian Channels,i031,SOLUSDT,False,tp0.60,30673,-0.1086826414823684,-3333.622662188686,0.47026860934776005
Donchian Channels,i031,SOLUSDT,False,sl0.20,34040,-0.10490871524653676,-3571.0926669921114,0.4307000337543457
Donchian Channels,i031,SOLUSDT,False,sl0.40,30957,-0.10878400553282046,-3367.626459279523,0.47362723388579375
Donchian Channels,i031,SOLUSDT,False,fee0.02,32080,-0.04794980889347632,-1538.2298693027203,0.7036269027367539
Donchian Channels,i031,SOLUSDT,False,fee0.07,32080,-0.1479501280348537,-4746.240107358106,0.3449440622424723
Donchian Channels,i031,SOLUSDT,False,slip3,32080,-0.11030246443576762,-3538.5030590994247,0.45069855780769835
Donchian Channels,i031,SOLUSDT,True,baseline,13790,-0.10274382518397891,-1416.8373492870692,0.49031517419762866
Donchian Channels,i031,SOLUSDT,True,delay+1,14189,-0.10147189878227496,-1439.7847718216995,0.494056085176678
Donchian Channels,i031,SOLUSDT,True,tp0.30,15138,-0.10501657186717393,-1589.7408649252789,0.4298154457557417
Donchian Channels,i031,SOLUSDT,True,tp0.60,13119,-0.10320814288900391,-1353.9876265608423,0.50613640689844
Donchian Channels,i031,SOLUSDT,True,sl0.20,14524,-0.10168902321241177,-1476.9313731370687,0.4550902579749316
Donchian Channels,i031,SOLUSDT,True,sl0.40,13503,-0.10373365699837056,-1400.7155704489978,0.5054028115222515
Donchian Channels,i031,SOLUSDT,True,fee0.02,13790,-0.04274206046718406,-589.4130138424682,0.7402104613475329
Donchian Channels,i031,SOLUSDT,True,fee0.07,13790,-0.14274500166184215,-1968.4535729168033,0.3730984882176575
Donchian Channels,i031,SOLUSDT,True,slip3,13790,-0.10509244473529913,-1449.224812899775,0.4825341375173031
Price Channel,i032,SOLUSDT,False,baseline,43464,-0.10161045116435542,-4416.396649407544,0.3874709343860937
Price Channel,i032,SOLUSDT,False,delay+1,49216,-0.10086048302570219,-4963.949532592958,0.40291612889910045
Price Channel,i032,SOLUSDT,False,tp0.30,44528,-0.1035938415081664,-4612.826574675634,0.3407553168405888
Price Channel,i032,SOLUSDT,False,tp0.60,42986,-0.10185319374925053,-4378.261386505284,0.3978521386678348
Price Channel,i032,SOLUSDT,False,sl0.20,46755,-0.10110868462032792,-4727.336549423432,0.3786753542015353
Price Channel,i032,SOLUSDT,False,sl0.40,42249,-0.10239658256960911,-4326.153216983415,0.3850412373706075
Price Channel,i032,SOLUSDT,False,fee0.02,43464,-0.04161060249168439,-1808.5632266985706,0.6557324281495012
Price Channel,i032,SOLUSDT,False,fee0.07,43464,-0.14161035027946944,-6154.95226454686,0.2800936006650339
Price Channel,i032,SOLUSDT,False,slip3,43464,-0.10397636877977615,-4519.228892644191,0.3799720549615427
Price Channel,i032,SOLUSDT,True,baseline,18255,-0.0980292092712143,-1789.5232152460167,0.48757864784756566
Price Channel,i032,SOLUSDT,True,delay+1,18161,-0.09636436781578597,-1750.073283902489,0.49381819134974
Price Channel,i032,SOLUSDT,True,tp0.30,18717,-0.10175798839427447,-1904.6042687756355,0.42757271917788914
Price Channel,i032,SOLUSDT,True,tp0.60,18099,-0.09898149698050365,-1791.4661138501356,0.4990332342686008
Price Channel,i032,SOLUSDT,True,sl0.20,20248,-0.09482876364953953,-1920.0928063758763,0.46648338506102305
Price Channel,i032,SOLUSDT,True,sl0.40,17306,-0.09678193220195122,-1674.9081186869678,0.5052667397884505
Price Channel,i032,SOLUSDT,True,fee0.02,18255,-0.038030310075290584,-694.2433104244296,0.7543751983762179
Price Channel,i032,SOLUSDT,True,fee0.07,18255,-0.13802847540183008,-2519.709818460408,0.36491611017053943
Price Channel,i032,SOLUSDT,True,slip3,18255,-0.1003853052240807,-1832.533746865593,0.4793439867621109
MA Channel,i033,SOLUSDT,False,baseline,40349,-0.09990340378490609,-4031.0024393171757,0.4634387403763699
MA Channel,i033,SOLUSDT,False,delay+1,49026,-0.09980132983780357,-4892.859996628158,0.4466509952877629
MA Channel,i033,SOLUSDT,False,tp0.30,41945,-0.10242225572086062,-4296.101516211499,0.4094078990588997
MA Channel,i033,SOLUSDT,False,tp0.60,39766,-0.09936865036693483,-3951.493750491531,0.48020241749147585
MA Channel,i033,SOLUSDT,False,sl0.20,46405,-0.09749936819077828,-4524.458180893066,0.44728366429092087
MA Channel,i033,SOLUSDT,False,sl0.40,37908,-0.10112615806738906,-3833.4904000185843,0.46551740629985
MA Channel,i033,SOLUSDT,False,fee0.02,40349,-0.03990409041932602,-1610.0901443293858,0.7283920753483369
MA Channel,i033,SOLUSDT,False,fee0.07,40349,-0.13990294602862616,-5644.943969309037,0.3448430146846188
MA Channel,i033,SOLUSDT,False,slip3,40349,-0.10226741768075293,-4126.3880360007,0.45540030046900215
MA Channel,i033,SOLUSDT,True,baseline,18372,-0.0943965551644575,-1734.2535114814134,0.5038218961043743
MA Channel,i033,SOLUSDT,True,delay+1,18473,-0.09607912396208446,-1774.8696569515862,0.4990325979621705
MA Channel,i033,SOLUSDT,True,tp0.30,18993,-0.09794475426703769,-1860.2647177938472,0.4437059160601504
MA Channel,i033,SOLUSDT,True,tp0.60,18144,-0.094415603674713,-1713.0767130739926,0.5186973263599615
MA Channel,i033,SOLUSDT,True,sl0.20,20245,-0.09277484818956758,-1878.2268015977954,0.47690576650174277
MA Channel,i033,SOLUSDT,True,sl0.40,17528,-0.09558320027307445,-1675.382334386449,0.5124721825893395
MA Channel,i033,SOLUSDT,True,fee0.02,18372,-0.03439774332803163,-631.9553404225971,0.7767394419169148
MA Channel,i033,SOLUSDT,True,fee0.07,18372,-0.13439576305540807,-2469.1189588539573,0.37781769466502557
MA Channel,i033,SOLUSDT,True,slip3,18372,-0.0967568977634606,-1777.617725710298,0.49535387377977563
Chande Kroll Stop,i034,SOLUSDT,False,baseline,45770,-0.09979479535139169,-4567.607783233197,0.4784404222077463
Chande Kroll Stop,i034,SOLUSDT,False,delay+1,51231,-0.10081001744804792,-5164.598003880943,0.4617603523005157
Chande Kroll Stop,i034,SOLUSDT,False,tp0.30,48978,-0.10222817209077778,-5006.931412662115,0.4233422345738949
Chande Kroll Stop,i034,SOLUSDT,False,tp0.60,44335,-0.0997601218509639,-4422.865002262485,0.49385234881318807
Chande Kroll Stop,i034,SOLUSDT,False,sl0.20,52400,-0.09873341696383588,-5173.631048905,0.4506789826121696
Chande Kroll Stop,i034,SOLUSDT,False,sl0.40,42722,-0.10039092363694517,-4288.901039617572,0.48772438615972274
Chande Kroll Stop,i034,SOLUSDT,False,fee0.02,45770,-0.039795441782847864,-1821.4373704009467,0.7406440351972665
Chande Kroll Stop,i034,SOLUSDT,False,fee0.07,45770,-0.13979436439708753,-6398.388058454697,0.3586132279174427
Chande Kroll Stop,i034,SOLUSDT,False,slip3,45770,-0.10215468760193026,-4675.620051540348,0.4703817422769671
Chande Kroll Stop,i034,SOLUSDT,True,baseline,20526,-0.09553324473189398,-1960.9153813668559,0.5089952031729321
Chande Kroll Stop,i034,SOLUSDT,True,delay+1,20558,-0.09691938535525624,-1992.468724133358,0.5037498199791993
Chande Kroll Stop,i034,SOLUSDT,True,tp0.30,21962,-0.09803858487814028,-2153.123401093717,0.44993465109748704
Chande Kroll Stop,i034,SOLUSDT,True,tp0.60,19874,-0.09395340795068682,-1867.23002961195,0.5320042545135785
Chande Kroll Stop,i034,SOLUSDT,True,sl0.20,22573,-0.09482002001383864,-2140.37231177238,0.47655493397616716
Chande Kroll Stop,i034,SOLUSDT,True,sl0.40,19636,-0.09614885503686599,-1887.9789175039004,0.5208896747058026
Chande Kroll Stop,i034,SOLUSDT,True,fee0.02,20526,-0.03553378153279595,-729.3663997421696,0.7754494382396269
Chande Kroll Stop,i034,SOLUSDT,True,fee0.07,20526,-0.13553288686462597,-2781.9480357833127,0.3846127666704888
Chande Kroll Stop,i034,SOLUSDT,True,slip3,20526,-0.09789002176794326,-2009.2905868088035,0.5006884429591913
52-Week High/Low,i035,SOLUSDT,False,baseline,2913,-0.1239804922291049,-361.15517386338263,0.47570822321028605
52-Week High/Low,i035,SOLUSDT,False,delay+1,2991,-0.1142403306280537,-341.6928289085086,0.5015065619857833
52-Week High/Low,i035,SOLUSDT,False,tp0.30,3185,-0.12567521316203561,-400.2755539210835,0.4026464009741108
52-Week High/Low,i035,SOLUSDT,False,tp0.60,2743,-0.12584756897423946,-345.1998816963389,0.4953573085159255
52-Week High/Low,i035,SOLUSDT,False,sl0.20,3092,-0.1195819702185239,-369.7474519156759,0.4303142590459702
52-Week High/Low,i035,SOLUSDT,False,sl0.40,2844,-0.1336255550378028,-380.03107852751117,0.48071749522974405
52-Week High/Low,i035,SOLUSDT,False,fee0.02,2913,-0.06397392834277435,-186.35605326250166,0.6775266480384489
52-Week High/Low,i035,SOLUSDT,False,fee0.07,2913,-0.1639848681533253,-477.6879209306366,0.37521987660017464
52-Week High/Low,i035,SOLUSDT,False,slip3,2913,-0.12631986769366768,-367.9697745916539,0.46919941442023777
52-Week High/Low,i035,SOLUSDT,True,baseline,2731,-0.12600358707313375,-344.11579629672826,0.46993629574797996
52-Week High/Low,i035,SOLUSDT,True,delay+1,2803,-0.11699256048801088,-327.9301470478945,0.4932198462266161
52-Week High/Low,i035,SOLUSDT,True,tp0.30,2985,-0.12805032086126938,-382.2302077708891,0.3963580366543172
52-Week High/Low,i035,SOLUSDT,True,tp0.60,2569,-0.12681928210819116,-325.7987357359431,0.4922650355327213
52-Week High/Low,i035,SOLUSDT,True,sl0.20,2901,-0.122357368309426,-354.9587254656449,0.42135526653638555
52-Week High/Low,i035,SOLUSDT,True,sl0.40,2666,-0.13525305471577176,-360.5846438722475,0.47667447129597523
52-Week High/Low,i035,SOLUSDT,True,fee0.02,2731,-0.06599778853388055,-180.2399604860278,0.6691071690133856
52-Week High/Low,i035,SOLUSDT,True,fee0.07,2731,-0.16600745276596918,-453.36635350386183,0.3707129607917153
52-Week High/Low,i035,SOLUSDT,True,slip3,2731,-0.12834152992560163,-350.500718226818,0.4635122962551825
Majority Rule,i036,SOLUSDT,False,baseline,38980,-0.10267667234840239,-4002.3366881407255,0.43848723322054
Majority Rule,i036,SOLUSDT,False,delay+1,48280,-0.10161622203230028,-4906.031199719458,0.42196859664239256
Majority Rule,i036,SOLUSDT,False,tp0.30,40647,-0.10543082380581595,-4285.446695235001,0.3852194566435485
Majority Rule,i036,SOLUSDT,False,tp0.60,38307,-0.10202593165382977,-3908.307363863257,0.4553478429151387
Majority Rule,i036,SOLUSDT,False,sl0.20,43587,-0.10102936202239036,-4403.566802469929,0.4163032783520796
Majority Rule,i036,SOLUSDT,False,sl0.40,36649,-0.10296628473380526,-3773.611369209229,0.44780262921251984
Majority Rule,i036,SOLUSDT,False,fee0.02,38980,-0.04267740485565731,-1663.565241273522,0.7015837653652255
Majority Rule,i036,SOLUSDT,False,fee0.07,38980,-0.14267618401023247,-5561.517652718861,0.32379137804973457
Majority Rule,i036,SOLUSDT,False,slip3,38980,-0.1050370677423827,-4094.3449005980774,0.43065854112454244
Majority Rule,i036,SOLUSDT,True,baseline,18145,-0.09803662832188606,-1778.8746209006224,0.49212937024484305
Majority Rule,i036,SOLUSDT,True,delay+1,18046,-0.09651594981953346,-1741.726830443301,0.49579751544380435
Majority Rule,i036,SOLUSDT,True,tp0.30,18862,-0.10194842070703126,-1922.9511113760238,0.4296525907600073
Majority Rule,i036,SOLUSDT,True,tp0.60,17837,-0.09702059321813443,-1730.5563212318639,0.5125047525487165
Majority Rule,i036,SOLUSDT,True,sl0.20,19619,-0.09739027505119419,-1910.6998062293787,0.45958050051756627
Majority Rule,i036,SOLUSDT,True,sl0.40,17424,-0.09824840909732038,-1711.8802801117106,0.5050082211169096
Majority Rule,i036,SOLUSDT,True,fee0.02,18145,-0.03803730130873016,-690.1868322469088,0.7569662006298857
Majority Rule,i036,SOLUSDT,True,fee0.07,18145,-0.13803617966398998,-2504.666480003098,0.3696485886559936
Majority Rule,i036,SOLUSDT,True,slip3,18145,-0.10039323831093662,-1821.6353091519452,0.4839212056151363
MACD,i038,SOLUSDT,False,baseline,36220,-0.10094355010695799,-3656.175384874018,0.4453278508802367
MACD,i038,SOLUSDT,False,delay+1,45648,-0.09964659022265993,-4548.6675504839795,0.4359110188043667
MACD,i038,SOLUSDT,False,tp0.30,37463,-0.10193732777718145,-3818.878110516549,0.39994522243491687
MACD,i038,SOLUSDT,False,tp0.60,35626,-0.10042838370151652,-3577.8615977502277,0.4600583201060328
MACD,i038,SOLUSDT,False,sl0.20,39350,-0.09972743004070446,-3924.2743721017205,0.42215493591891645
MACD,i038,SOLUSDT,False,sl0.40,34806,-0.10200540046612264,-3550.3999686238644,0.45179068760283264
MACD,i038,SOLUSDT,False,fee0.02,36220,-0.04094360753772965,-1482.977465016568,0.7113606274785073
MACD,i038,SOLUSDT,False,fee0.07,36220,-0.14094351181977688,-5104.973998112318,0.32905113650456325
MACD,i038,SOLUSDT,False,slip3,36220,-0.10330526662067627,-3741.716757000894,0.43739517040851794
MACD,i038,SOLUSDT,True,baseline,17529,-0.10002660207321279,-1753.3663077413469,0.47854690840559116
MACD,i038,SOLUSDT,True,delay+1,17319,-0.09887330723530192,-1712.386808008194,0.48318728702253055
MACD,i038,SOLUSDT,True,tp0.30,17674,-0.09989189002356637,-1765.489264276512,0.43261112148234354
MACD,i038,SOLUSDT,True,tp0.60,17473,-0.09853938657926392,-1721.7787016994785,0.49923838689772665
MACD,i038,SOLUSDT,True,sl0.20,18606,-0.09686879556750623,-1802.3408103290208,0.45455645455805965
MACD,i038,SOLUSDT,True,sl0.40,16871,-0.10164593326285722,-1714.8685400776642,0.4880084193914464
MACD,i038,SOLUSDT,True,fee0.02,17529,-0.0400266576440975,-701.6272818433852,0.7420383895852507
MACD,i038,SOLUSDT,True,fee0.07,17529,-0.14002656502595628,-2454.525658339988,0.35753167457436297
MACD,i038,SOLUSDT,True,slip3,17529,-0.10238211887490138,-1794.6561617581465,0.470418189841665
RSI,i039,SOLUSDT,False,baseline,44417,-0.10211185029594524,-4535.502054595,0.3521781285370443
RSI,i039,SOLUSDT,False,delay+1,50912,-0.10022374853841955,-5102.591485588016,0.3835176902903688
RSI,i039,SOLUSDT,False,tp0.30,45573,-0.10336699276026319,-4710.743961063474,0.31214140528074014
RSI,i039,SOLUSDT,False,tp0.60,43976,-0.10156071909250032,-4466.234182811794,0.3652539354566684
RSI,i039,SOLUSDT,False,sl0.20,47311,-0.10142198292216918,-4798.375434030746,0.3522813526526626
RSI,i039,SOLUSDT,False,sl0.40,43473,-0.10228915685795131,-4446.816516085718,0.34949564541100075
RSI,i039,SOLUSDT,False,fee0.02,44417,-0.04211168070546797,-1870.4745218947708,0.6175535427285864
RSI,i039,SOLUSDT,False,fee0.07,44417,-0.14211196335626342,-6312.187076395152,0.2517267152744996
RSI,i039,SOLUSDT,False,slip3,44417,-0.10447763404892667,-4640.583071551176,0.34506856457472884
RSI,i039,SOLUSDT,True,baseline,18115,-0.09687971589080405,-1754.9760533619153,0.4904053990912776
RSI,i039,SOLUSDT,True,delay+1,18057,-0.09634915765115491,-1739.7767397069042,0.49242614730112066
RSI,i039,SOLUSDT,True,tp0.30,18613,-0.10050800838828132,-1870.75556013108,0.4305090403563198
RSI,i039,SOLUSDT,True,tp0.60,17941,-0.09593831501035857,-1721.229309600843,0.5088248030684862
RSI,i039,SOLUSDT,True,sl0.20,20267,-0.09509652840100741,-1927.321341103217,0.4648699267652272
RSI,i039,SOLUSDT,True,sl0.40,17198,-0.09815139076191073,-1688.0076183233407,0.498053286607055
RSI,i039,SOLUSDT,True,fee0.02,18115,-0.03688020818828992,-668.0849713308719,0.7600569003461914
RSI,i039,SOLUSDT,True,fee0.07,18115,-0.13687938769248012,-2479.5701080492777,0.36659821291662004
RSI,i039,SOLUSDT,True,slip3,18115,-0.09923729642318407,-1797.6836247059794,0.4820893481250211
Stochastic,i040,SOLUSDT,False,baseline,136354,-0.10142402779735854,-13829.571886281024,0.24883713794139461
Stochastic,i040,SOLUSDT,False,delay+1,160693,-0.1024291709561961,-16459.65076846402,0.249942989726805
Stochastic,i040,SOLUSDT,False,tp0.30,142234,-0.10223289120995709,-14540.993048357035,0.23618502168526875
Stochastic,i040,SOLUSDT,False,tp0.60,133952,-0.1008967419539397,-13515.32037821413,0.25066628787321593
Stochastic,i040,SOLUSDT,False,sl0.20,142049,-0.10053291870010042,-14280.600568430566,0.24625332733086136
Stochastic,i040,SOLUSDT,False,sl0.40,134489,-0.10185444182077248,-13698.302026033873,0.2480777178342418
Stochastic,i040,SOLUSDT,False,fee0.02,136354,-0.04142426891223951,-5648.3647632595075,0.5342729964002986
Stochastic,i040,SOLUSDT,False,fee0.07,136354,-0.14142386705410454,-19283.70996829537,0.15926389790624382
Stochastic,i040,SOLUSDT,False,slip3,136354,-0.10378602732421223,-14151.639969765634,0.2420985762619785
Stochastic,i040,SOLUSDT,True,baseline,44037,-0.09813072936857002,-4321.382929203718,0.5013055100161489
Stochastic,i040,SOLUSDT,True,delay+1,43355,-0.09772756936922947,-4236.978770002944,0.501538825100112
Stochastic,i040,SOLUSDT,True,tp0.30,48743,-0.10098759745172808,-4922.438462589582,0.4403224841415088
Stochastic,i040,SOLUSDT,True,tp0.60,41689,-0.09660319709343285,-4027.290683628122,0.522237769254929
Stochastic,i040,SOLUSDT,True,sl0.20,51663,-0.09682470077711143,-5002.254516247908,0.46800540664105955
Stochastic,i040,SOLUSDT,True,sl0.40,39866,-0.09767762556981985,-3894.0162209664377,0.518618220346401
Stochastic,i040,SOLUSDT,True,fee0.02,44037,-0.038132054275475225,-1679.2212741291023,0.7618335566703675
Stochastic,i040,SOLUSDT,True,fee0.07,44037,-0.1381298460972999,-6082.8240325867955,0.37960303572978116
Stochastic,i040,SOLUSDT,True,slip3,44037,-0.10048314639197352,-4424.976317663338,0.49320059736341665
Stochastic RSI,i041,SOLUSDT,False,baseline,85502,-0.10364393510127534,-8861.763739029244,0.31358152306487985
Stochastic RSI,i041,SOLUSDT,False,delay+1,126585,-0.10186472131653408,-12894.545747853464,0.29299600016362887
Stochastic RSI,i041,SOLUSDT,False,tp0.30,90435,-0.10412652936787646,-9416.682683383908,0.2934244503197203
Stochastic RSI,i041,SOLUSDT,False,tp0.60,83120,-0.10313731464867107,-8572.77359359754,0.31617202631158775
Stochastic RSI,i041,SOLUSDT,False,sl0.20,91182,-0.1028623304309647,-9379.193013356224,0.30232916869009113
Stochastic RSI,i041,SOLUSDT,False,sl0.40,83211,-0.10330310453387076,-8595.95463136792,0.3190181448481465
Stochastic RSI,i041,SOLUSDT,False,fee0.02,85502,-0.04364419207136555,-3731.6657104858978,0.5921556255292341
Stochastic RSI,i041,SOLUSDT,False,fee0.07,85502,-0.14364376378788185,-12281.829091391475,0.2130403959322308
Stochastic RSI,i041,SOLUSDT,False,slip3,85502,-0.10600440025515458,-9063.588230616228,0.3063067624381252
Stochastic RSI,i041,SOLUSDT,True,baseline,36294,-0.09849155735927914,-3574.6525827976766,0.49400460012771996
Stochastic RSI,i041,SOLUSDT,True,delay+1,35871,-0.09616699098140437,-3449.6061334939563,0.5005813015962862
Stochastic RSI,i041,SOLUSDT,True,tp0.30,38769,-0.1007404171112086,-3905.6052309844463,0.4364978839475783
Stochastic RSI,i041,SOLUSDT,True,tp0.60,35075,-0.0977682319831426,-3429.220736808727,0.5117649190085699
Stochastic RSI,i041,SOLUSDT,True,sl0.20,41344,-0.09870045082639914,-4080.6714389666454,0.45544113615005616
Stochastic RSI,i041,SOLUSDT,True,sl0.40,33383,-0.09798096872317962,-3270.898678885905,0.5109314802128726
Stochastic RSI,i041,SOLUSDT,True,fee0.02,36294,-0.03849230520525969,-1397.039725119695,0.7567331100524727
Stochastic RSI,i041,SOLUSDT,True,fee0.07,36294,-0.1384910587952921,-5026.394487916332,0.37191286726642764
Stochastic RSI,i041,SOLUSDT,True,slip3,36294,-0.10084486240333244,-3660.063436066548,0.48584791670998956
Connors RSI,i042,SOLUSDT,False,baseline,160893,-0.1019344458606549,-16400.53879785835,0.21068782310682138
Connors RSI,i042,SOLUSDT,False,delay+1,164933,-0.10217779563890729,-16852.4903681119,0.2372707230645165
Connors RSI,i042,SOLUSDT,False,tp0.30,166061,-0.10255617085766534,-17030.580288794765,0.19830994000360846
Connors RSI,i042,SOLUSDT,False,tp0.60,158730,-0.10180602114346472,-16159.669736102156,0.21188649769384987
Connors RSI,i042,SOLUSDT,False,sl0.20,166612,-0.10081713492305663,-16797.34448380031,0.2162495739502843
Connors RSI,i042,SOLUSDT,False,sl0.40,159109,-0.10198682465773701,-16227.021684467876,0.2090848486920343
Connors RSI,i042,SOLUSDT,False,fee0.02,160893,-0.041934709069552704,-6747.001146327542,0.4855883323208284
Connors RSI,i042,SOLUSDT,False,fee0.07,160893,-0.14193427038805634,-22836.23056554555,0.13127480435841438
Connors RSI,i042,SOLUSDT,False,slip3,160893,-0.10429853708963345,-16780.904527962393,0.20458124138315617
Connors RSI,i042,SOLUSDT,True,baseline,44740,-0.09843349279197318,-4403.91446751288,0.4999677995861323
Connors RSI,i042,SOLUSDT,True,delay+1,44082,-0.09743855788589077,-4295.286508725837,0.5027057861362485
Connors RSI,i042,SOLUSDT,True,tp0.30,50117,-0.10125821481803152,-5074.757952035285,0.4395994073923862
Connors RSI,i042,SOLUSDT,True,tp0.60,42117,-0.09734305980458662,-4099.797649789774,0.5191023935023477
Connors RSI,i042,SOLUSDT,True,sl0.20,52917,-0.09765599394186075,-5167.6622314214455,0.46521491105812746
Connors RSI,i042,SOLUSDT,True,sl0.40,40500,-0.0990685029606746,-4012.274369907321,0.5125964759615426
Connors RSI,i042,SOLUSDT,True,fee0.02,44740,-0.03843487252648739,-1719.5761968350457,0.7600326619763215
Connors RSI,i042,SOLUSDT,True,fee0.07,44740,-0.13843257296896372,-6193.4733146314375,0.37848039822558066
Connors RSI,i042,SOLUSDT,True,slip3,44740,-0.10078775280018934,-4509.244060280471,0.49186384958387125
Awesome Oscillator,i043,SOLUSDT,False,baseline,22814,-0.09815620269612077,-2239.335608309299,0.45797488668087
Awesome Oscillator,i043,SOLUSDT,False,delay+1,26787,-0.09839653900188419,-2635.748090243472,0.44230877102767485
Awesome Oscillator,i043,SOLUSDT,False,tp0.30,22911,-0.09965043860988838,-2283.091198991153,0.4087427674275803
Awesome Oscillator,i043,SOLUSDT,False,tp0.60,22791,-0.0985254325151411,-2245.493132452581,0.47057708430863404
Awesome Oscillator,i043,SOLUSDT,False,sl0.20,24720,-0.09813496046302608,-2425.896222646005,0.4287660131877454
Awesome Oscillator,i043,SOLUSDT,False,sl0.40,21555,-0.10091742607992006,-2175.275119152677,0.45909710757365624
Awesome Oscillator,i043,SOLUSDT,False,fee0.02,22814,-0.03815667220825882,-870.5063197592167,0.7323617446432478
Awesome Oscillator,i043,SOLUSDT,False,fee0.07,22814,-0.1381558896880287,-3151.888467342687,0.337203477934549
Awesome Oscillator,i043,SOLUSDT,False,slip3,22814,-0.10051923742122532,-2293.2458825278345,0.4497328496681285
Awesome Oscillator,i043,SOLUSDT,True,baseline,9691,-0.09407738979574772,-911.7039845105911,0.4957648317683438
Awesome Oscillator,i043,SOLUSDT,True,delay+1,9684,-0.09413981061659077,-911.6499260110651,0.49657541045652054
Awesome Oscillator,i043,SOLUSDT,True,tp0.30,9764,-0.09658266320212637,-943.0331235055619,0.4411505555116958
Awesome Oscillator,i043,SOLUSDT,True,tp0.60,9662,-0.09494433833335776,-917.3521969769026,0.5064182518629121
Awesome Oscillator,i043,SOLUSDT,True,sl0.20,9996,-0.0931839062108405,-931.4663264835616,0.4665101555167199
Awesome Oscillator,i043,SOLUSDT,True,sl0.40,9509,-0.09605868950436613,-913.4220784970175,0.5018082666686913
Awesome Oscillator,i043,SOLUSDT,True,fee0.02,9691,-0.03407785714804743,-330.2485136217276,0.7730877412838817
Awesome Oscillator,i043,SOLUSDT,True,fee0.07,9691,-0.13407707822754789,-1299.3409651031666,0.369386083674612
Awesome Oscillator,i043,SOLUSDT,True,slip3,9691,-0.09643374041066212,-934.5393783197267,0.48724644552226415
Accelerator Oscillator,i044,SOLUSDT,False,baseline,48343,-0.10195961922310424,-4929.033872102528,0.4020571458149507
Accelerator Oscillator,i044,SOLUSDT,False,delay+1,70944,-0.10147685375482408,-7199.17391278224,0.3728265944212693
Accelerator Oscillator,i044,SOLUSDT,False,tp0.30,51018,-0.10228458133908105,-5218.354770757237,0.36655065295088335
Accelerator Oscillator,i044,SOLUSDT,False,tp0.60,46966,-0.10304433172826309,-4839.580083949605,0.40577347734559943
Accelerator Oscillator,i044,SOLUSDT,False,sl0.20,52700,-0.10055780697066817,-5299.3964273542115,0.38271439917372324
Accelerator Oscillator,i044,SOLUSDT,False,sl0.40,46392,-0.1022480151575561,-4743.489919189343,0.4118989367776217
Accelerator Oscillator,i044,SOLUSDT,False,fee0.02,48343,-0.041960149929548884,-2028.4795280441817,0.674785286072558
Accelerator Oscillator,i044,SOLUSDT,False,fee0.07,48343,-0.14195926541880785,-6862.736768141427,0.2902600707837554
Accelerator Oscillator,i044,SOLUSDT,False,slip3,48343,-0.10431812869105518,-5043.05129531168,0.3942844375540075
Accelerator Oscillator,i044,SOLUSDT,True,baseline,24063,-0.09762563026097147,-2349.1655409697564,0.49029457212812816
Accelerator Oscillator,i044,SOLUSDT,True,delay+1,24085,-0.09762206456345464,-2351.227425010805,0.48950715853071386
Accelerator Oscillator,i044,SOLUSDT,True,tp0.30,24863,-0.09844721365333232,-2447.6930730628014,0.43976648021077164
Accelerator Oscillator,i044,SOLUSDT,True,tp0.60,23727,-0.09704134827522587,-2302.500070526284,0.507090331122569
Accelerator Oscillator,i044,SOLUSDT,True,sl0.20,25908,-0.09674265168199546,-2506.408619777138,0.45795534124092896
Accelerator Oscillator,i044,SOLUSDT,True,sl0.40,23052,-0.10049174243919187,-2316.5356467082506,0.49666877410440796
Accelerator Oscillator,i044,SOLUSDT,True,fee0.02,24063,-0.03762659896491057,-905.408850892643,0.757274176180155
Accelerator Oscillator,i044,SOLUSDT,True,fee0.07,24063,-0.1376249844583454,-3311.6700010211653,0.36722455877871346
Accelerator Oscillator,i044,SOLUSDT,True,slip3,24063,-0.09997717251577168,-2405.750702247014,0.4820467194552439
Momentum,i045,SOLUSDT,False,baseline,53454,-0.10151954970485529,-5426.626009923334,0.36098647967131486
Momentum,i045,SOLUSDT,False,delay+1,62208,-0.10101372969431759,-6283.862096824108,0.3816210345747333
Momentum,i045,SOLUSDT,False,tp0.30,55265,-0.1025832557591547,-5669.263629529683,0.32177765409619563
Momentum,i045,SOLUSDT,False,tp0.60,52704,-0.1009652443856587,-5321.272240101755,0.3742843501057906
Momentum,i045,SOLUSDT,False,sl0.20,57718,-0.0997743964432284,-5758.778613910256,0.3563354928231778
Momentum,i045,SOLUSDT,False,sl0.40,51756,-0.10203506138055816,-5280.926636812168,0.35917270048277555
Momentum,i045,SOLUSDT,False,fee0.02,53454,-0.041519853145048254,-2219.4022300154093,0.6347915855281323
Momentum,i045,SOLUSDT,False,fee0.07,53454,-0.1415193474113933,-7564.775196528618,0.25699304976384457
Momentum,i045,SOLUSDT,False,slip3,53454,-0.10388387435479048,-5553.00861976097,0.3536058966671821
Momentum,i045,SOLUSDT,True,baseline,22506,-0.0945869043323488,-2128.772868903842,0.5021035842153609
Momentum,i045,SOLUSDT,True,delay+1,22444,-0.09634926565734159,-2162.4629184133746,0.4951763750735885
Momentum,i045,SOLUSDT,True,tp0.30,23378,-0.09840866988297114,-2300.5978845240998,0.44048241526221565
Momentum,i045,SOLUSDT,True,tp0.60,22233,-0.09280390368695918,-2063.3091906721634,0.5243107525205813
Momentum,i045,SOLUSDT,True,sl0.20,24955,-0.09409596808358536,-2348.164883525873,0.4707452802398321
Momentum,i045,SOLUSDT,True,sl0.40,21387,-0.09529931742229338,-2038.1665017105884,0.5131679156941581
Momentum,i045,SOLUSDT,True,fee0.02,22506,-0.034588064649049746,-778.4389829915135,0.774931791254276
Momentum,i045,SOLUSDT,True,fee0.07,22506,-0.1345861307878815,-3028.995459512061,0.3762071138195912
Momentum,i045,SOLUSDT,True,slip3,22506,-0.0969441235569322,-2181.824444772316,0.49365275666419955
Chande Momentum Oscillator,i046,SOLUSDT,False,baseline,56038,-0.10346353120664048,-5797.889361757719,0.34878472883258343
Chande Momentum Oscillator,i046,SOLUSDT,False,delay+1,65739,-0.10112763778511139,-6648.029780355438,0.3772848609325015
Chande Momentum Oscillator,i046,SOLUSDT,False,tp0.30,58125,-0.10426442855892652,-6060.369909987604,0.3128215946335011
Chande Momentum Oscillator,i046,SOLUSDT,False,tp0.60,55147,-0.10332364389035774,-5697.988989621558,0.3592706707685947
Chande Momentum Oscillator,i046,SOLUSDT,False,sl0.20,60463,-0.10221953788371052,-6180.49991906279,0.3426738759217224
Chande Momentum Oscillator,i046,SOLUSDT,False,sl0.40,54328,-0.10387404263552788,-5643.268988302958,0.34767614730746765
Chande Momentum Oscillator,i046,SOLUSDT,False,fee0.02,56038,-0.043463929695997716,-2435.63169230432,0.6163139883811157
Chande Momentum Oscillator,i046,SOLUSDT,False,fee0.07,56038,-0.14346326554706898,-8039.394474726651,0.24794000488725146
Chande Momentum Oscillator,i046,SOLUSDT,False,slip3,56038,-0.10582532811397236,-5930.239736850783,0.3416183855593209
Chande Momentum Oscillator,i046,SOLUSDT,True,baseline,23624,-0.09826339456524878,-2321.374433209437,0.48849387466073313
Chande Momentum Oscillator,i046,SOLUSDT,True,delay+1,23506,-0.09685634838309401,-2276.705325093008,0.49411969591020094
Chande Momentum Oscillator,i046,SOLUSDT,True,tp0.30,24512,-0.1012900777671877,-2482.822386229305,0.43101663596143247
Chande Momentum Oscillator,i046,SOLUSDT,True,tp0.60,23297,-0.09723365885363605,-2265.252550313159,0.5073968162074038
Chande Momentum Oscillator,i046,SOLUSDT,True,sl0.20,26175,-0.09637566748056328,-2522.633096303744,0.46074746696119506
Chande Momentum Oscillator,i046,SOLUSDT,True,sl0.40,22350,-0.09861763155684367,-2204.104065295456,0.5004311327984649
Chande Momentum Oscillator,i046,SOLUSDT,True,fee0.02,23624,-0.038264873180132185,-903.9693640074427,0.7540863384205633
Chande Momentum Oscillator,i046,SOLUSDT,True,fee0.07,23624,-0.13826240882199317,-3266.311146010767,0.36593931867296753
Chande Momentum Oscillator,i046,SOLUSDT,True,slip3,23624,-0.10061749423334582,-2376.9876837685615,0.480274853266244
Price Oscillator,i047,SOLUSDT,False,baseline,21994,-0.09959692475040224,-2190.534762960347,0.4576186143718756
Price Oscillator,i047,SOLUSDT,False,delay+1,25776,-0.09923904378097564,-2557.985592498428,0.44790145465082815
Price Oscillator,i047,SOLUSDT,False,tp0.30,22102,-0.10085456278179805,-2229.087546603301,0.40873529061374636
Price Oscillator,i047,SOLUSDT,False,tp0.60,21973,-0.0990077674156818,-2175.497673424776,0.47481536715381806
Price Oscillator,i047,SOLUSDT,False,sl0.20,24449,-0.09725094219819447,-2377.6882858036565,0.4399273527172635
Price Oscillator,i047,SOLUSDT,False,sl0.40,20669,-0.10073145226543419,-2082.0183868742592,0.46318908616789195
Price Oscillator,i047,SOLUSDT,False,fee0.02,21994,-0.03959696397072885,-870.8956255722104,0.7275059618764742
Price Oscillator,i047,SOLUSDT,False,fee0.07,21994,-0.13959689860351782,-3070.294187885771,0.337512103980775
Price Oscillator,i047,SOLUSDT,False,slip3,21994,-0.1019587832840156,-2242.481479548639,0.44945606962379536
Price Oscillator,i047,SOLUSDT,True,baseline,9522,-0.09437828657465884,-898.6700447639015,0.49392508889813347
Price Oscillator,i047,SOLUSDT,True,delay+1,9438,-0.09732766267260533,-918.5784803040491,0.48362780927686627
Price Oscillator,i047,SOLUSDT,True,tp0.30,9531,-0.09650824894036734,-919.8201206506411,0.4407675561494045
Price Oscillator,i047,SOLUSDT,True,tp0.60,9518,-0.09345432135720426,-889.4982306778701,0.512656336810127
Price Oscillator,i047,SOLUSDT,True,sl0.20,9935,-0.09244369347862938,-918.4280947101829,0.46948446449140824
Price Oscillator,i047,SOLUSDT,True,sl0.40,9281,-0.09472742007066266,-879.1651856758202,0.506355681984177
Price Oscillator,i047,SOLUSDT,True,fee0.02,9522,-0.03437936733791421,-327.3603357916191,0.77124334854613
Price Oscillator,i047,SOLUSDT,True,fee0.07,9522,-0.1343775660658219,-1279.5431840787562,0.3672388717835414
Price Oscillator,i047,SOLUSDT,True,slip3,9522,-0.09673464490174444,-921.1072887544105,0.48539030585815424
Detrended Price Oscillator,i048,SOLUSDT,False,baseline,31655,-0.09974416418938024,-3157.4015174148317,0.4073374813306102
Detrended Price Oscillator,i048,SOLUSDT,False,delay+1,34120,-0.09900305821341107,-3377.9843462415856,0.4198060019088717
Detrended Price Oscillator,i048,SOLUSDT,False,tp0.30,31998,-0.10160469842039434,-3251.147140055778,0.35763205816480237
Detrended Price Oscillator,i048,SOLUSDT,False,tp0.60,31545,-0.09915529007569387,-3127.8536254377636,0.42438756632638935
Detrended Price Oscillator,i048,SOLUSDT,False,sl0.20,34093,-0.09866800079306587,-3363.8881510379947,0.397290504440666
Detrended Price Oscillator,i048,SOLUSDT,False,sl0.40,30709,-0.10092965525773599,-3099.4487833098146,0.4054952676368239
Detrended Price Oscillator,i048,SOLUSDT,False,fee0.02,31655,-0.039744361483341026,-1258.1077627551601,0.6822663598337637
Detrended Price Oscillator,i048,SOLUSDT,False,fee0.07,31655,-0.1397440326600731,-4423.597353854613,0.29463403005339756
Detrended Price Oscillator,i048,SOLUSDT,False,slip3,31655,-0.1021121567477485,-3232.3603218499784,0.39949854419569264
Detrended Price Oscillator,i048,SOLUSDT,True,baseline,12856,-0.09401914959685606,-1208.7101872171816,0.5002036862991615
Detrended Price Oscillator,i048,SOLUSDT,True,delay+1,12794,-0.09483126632543477,-1213.2712213676125,0.4976451590822103
Detrended Price Oscillator,i048,SOLUSDT,True,tp0.30,13080,-0.09714321739887387,-1270.6332835772703,0.44241096816821124
Detrended Price Oscillator,i048,SOLUSDT,True,tp0.60,12798,-0.09334380075683317,-1194.6139620859508,0.5185841048321339
Detrended Price Oscillator,i048,SOLUSDT,True,sl0.20,14171,-0.09307143992276976,-1318.9153751455701,0.4714717088681845
Detrended Price Oscillator,i048,SOLUSDT,True,sl0.40,12243,-0.09428150192636767,-1154.2884280845194,0.5112712712771886
Detrended Price Oscillator,i048,SOLUSDT,True,fee0.02,12856,-0.03401981840060873,-437.35878535822576,0.775879056264102
Detrended Price Oscillator,i048,SOLUSDT,True,fee0.07,12856,-0.13401870372768765,-1722.9444551231522,0.37371478555015525
Detrended Price Oscillator,i048,SOLUSDT,True,slip3,12856,-0.0963798166398988,-1239.058922722539,0.49169227678128513
TRIX,i049,SOLUSDT,False,baseline,12500,-0.10042695853942694,-1255.3369817428368,0.46013843942756155
TRIX,i049,SOLUSDT,False,delay+1,13166,-0.09768730305788091,-1286.15103206006,0.46464823162752716
TRIX,i049,SOLUSDT,False,tp0.30,12501,-0.10187581593357006,-1273.5495749855595,0.41148756944800813
TRIX,i049,SOLUSDT,False,tp0.60,12499,-0.10173603602253344,-1271.5987142456452,0.4677142106795353
TRIX,i049,SOLUSDT,False,sl0.20,12859,-0.10044306088919644,-1291.597319974177,0.4275382363329791
TRIX,i049,SOLUSDT,False,sl0.40,12167,-0.10087882765745734,-1227.3926961082836,0.47281119844227887
TRIX,i049,SOLUSDT,False,fee0.02,12500,-0.040426593995549716,-505.33242494437144,0.7283396906286645
TRIX,i049,SOLUSDT,False,fee0.07,12500,-0.1404272015686784,-1755.3400196084801,0.339693324596113
TRIX,i049,SOLUSDT,False,slip3,12500,-0.1027831362516225,-1284.7892031452811,0.4519876443249897
TRIX,i049,SOLUSDT,True,baseline,4707,-0.09267130551464554,-436.2038350574366,0.5019757446598794
TRIX,i049,SOLUSDT,True,delay+1,4716,-0.09002524733855753,-424.55906644863734,0.5095920985757347
TRIX,i049,SOLUSDT,True,tp0.30,4715,-0.09861530819992102,-464.97117816262767,0.43227620546971723
TRIX,i049,SOLUSDT,True,tp0.60,4704,-0.09247564271859508,-435.0054233482712,0.5168431742803479
TRIX,i049,SOLUSDT,True,sl0.20,4727,-0.09385306316565778,-443.6434295840643,0.46664842612796864
TRIX,i049,SOLUSDT,True,sl0.40,4700,-0.09545151543846646,-448.6221225607924,0.5056451933990642
TRIX,i049,SOLUSDT,True,fee0.02,4707,-0.03267104539198998,-153.78261066009682,0.7815771694015071
TRIX,i049,SOLUSDT,True,fee0.07,4707,-0.13267147892974926,-624.4846513223298,0.37443840115884364
TRIX,i049,SOLUSDT,True,slip3,4707,-0.09501926559348424,-447.2556831485303,0.49342895684784777
Fisher Transform,i050,SOLUSDT,False,baseline,69619,-0.10405685425712297,-7244.334136526643,0.34592045325079246
Fisher Transform,i050,SOLUSDT,False,delay+1,96838,-0.1004237625692981,-9724.836319685688,0.3447188590271057
Fisher Transform,i050,SOLUSDT,False,tp0.30,73973,-0.10380654689339582,-7678.881693345168,0.3235181967911017
Fisher Transform,i050,SOLUSDT,False,tp0.60,67557,-0.10279689683187877,-6944.649959271234,0.3557952112886402
Fisher Transform,i050,SOLUSDT,False,sl0.20,75316,-0.10345992338038468,-7792.187589317053,0.33260331744030003
Fisher Transform,i050,SOLUSDT,False,sl0.40,67385,-0.10428482084409803,-7027.232652579545,0.34931809731765934
Fisher Transform,i050,SOLUSDT,False,fee0.02,69619,-0.044057218969868875,-3067.2195274633013,0.6175227946798433
Fisher Transform,i050,SOLUSDT,False,fee0.07,69619,-0.1440566111152924,-10029.07720923554,0.24289840880001864
Fisher Transform,i050,SOLUSDT,False,slip3,69619,-0.10641739365981845,-7408.6725292029005,0.33859339718040526
Fisher Transform,i050,SOLUSDT,True,baseline,31491,-0.09741759948931045,-3067.777625517875,0.4952749225273237
Fisher Transform,i050,SOLUSDT,True,delay+1,31163,-0.09716044537775433,-3027.810959306958,0.4962267486180536
Fisher Transform,i050,SOLUSDT,True,tp0.30,32989,-0.0997441520827059,-3290.459833056385,0.4376503686275551
Fisher Transform,i050,SOLUSDT,True,tp0.60,30777,-0.09611273662021066,-2958.0616949602236,0.5157933542112133
Fisher Transform,i050,SOLUSDT,True,sl0.20,35320,-0.09651940869460388,-3409.065515093409,0.46216593101679426
Fisher Transform,i050,SOLUSDT,True,sl0.40,29336,-0.09783007615890198,-2869.9431141975483,0.5093873592826851
Fisher Transform,i050,SOLUSDT,True,fee0.02,31491,-0.037418597893047106,-1178.3490662499464,0.7609924638162336
Fisher Transform,i050,SOLUSDT,True,fee0.07,31491,-0.13741693388681933,-4327.396665029827,0.3723778853623853
Fisher Transform,i050,SOLUSDT,True,slip3,31491,-0.09977170531595685,-3141.910772104797,0.48704487462294743
Ultimate Oscillator,i051,SOLUSDT,False,baseline,57236,-0.10215317128661684,-5846.838911760802,0.338829424922997
Ultimate Oscillator,i051,SOLUSDT,False,delay+1,66528,-0.10106878611123976,-6723.904202408559,0.3704007477954748
Ultimate Oscillator,i051,SOLUSDT,False,tp0.30,59424,-0.10250805971755778,-6091.438940656152,0.3088789988776954
Ultimate Oscillator,i051,SOLUSDT,False,tp0.60,56287,-0.10177784783514164,-5728.769721096617,0.34866652992148184
Ultimate Oscillator,i051,SOLUSDT,False,sl0.20,61049,-0.10075072679967315,-6150.731120393246,0.3326446206102849
Ultimate Oscillator,i051,SOLUSDT,False,sl0.40,55760,-0.1026902458872457,-5726.008110672821,0.3384543838966623
Ultimate Oscillator,i051,SOLUSDT,False,fee0.02,57236,-0.042153722393373,-2412.7104549070973,0.6130726442805141
Ultimate Oscillator,i051,SOLUSDT,False,fee0.07,57236,-0.14215280388211277,-8136.257882996605,0.23826930142991445
Ultimate Oscillator,i051,SOLUSDT,False,slip3,57236,-0.10452515303477505,-5982.601659098385,0.331593255399626
Ultimate Oscillator,i051,SOLUSDT,True,baseline,24048,-0.0965894181785835,-2322.7823283585763,0.49549802659536313
Ultimate Oscillator,i051,SOLUSDT,True,delay+1,24004,-0.09854715591698937,-2365.525930631413,0.4882378460993081
Ultimate Oscillator,i051,SOLUSDT,True,tp0.30,25173,-0.09834211855116476,-2475.5661502884705,0.4415905599866907
Ultimate Oscillator,i051,SOLUSDT,True,tp0.60,23609,-0.09416948985726936,-2223.2474860402726,0.5197909293002388
Ultimate Oscillator,i051,SOLUSDT,True,sl0.20,26639,-0.09534095252197033,-2539.7876342327677,0.46595476425473076
Ultimate Oscillator,i051,SOLUSDT,True,sl0.40,22745,-0.09809892537098308,-2231.26005756301,0.5044782592359043
Ultimate Oscillator,i051,SOLUSDT,True,fee0.02,24048,-0.03659106476919377,-879.9419255695717,0.7640467443606747
Ultimate Oscillator,i051,SOLUSDT,True,fee0.07,24048,-0.13658832045151,-3284.6759302179125,0.37153916555173283
Ultimate Oscillator,i051,SOLUSDT,True,slip3,24048,-0.0989536030380297,-2379.6362458585386,0.4871528254424204
Williams %R,i052,SOLUSDT,False,baseline,51957,-0.10245974825880712,-5323.501140282842,0.3751913506882425
Williams %R,i052,SOLUSDT,False,delay+1,60962,-0.10141199423460488,-6182.277992529983,0.39246921188240735
Williams %R,i052,SOLUSDT,False,tp0.30,53802,-0.10352778792897559,-5570.002046154744,0.336089529930147
Williams %R,i052,SOLUSDT,False,tp0.60,51113,-0.10220851830142089,-5224.183995940525,0.3845941101947637
Williams %R,i052,SOLUSDT,False,sl0.20,55816,-0.1007678795288605,-5624.459963782879,0.37218624653735793
Williams %R,i052,SOLUSDT,False,sl0.40,50556,-0.10331614839825862,-5223.251198422362,0.37175583776039844
Williams %R,i052,SOLUSDT,False,fee0.02,51957,-0.04246022710405179,-2206.106019645219,0.6406353871938522
Williams %R,i052,SOLUSDT,False,fee0.07,51957,-0.142459429028644,-7401.764554041256,0.27117034636959986
Williams %R,i052,SOLUSDT,False,slip3,51957,-0.1048260685804872,-5446.448045236374,0.367881058126226
Williams %R,i052,SOLUSDT,True,baseline,22369,-0.09653737175934667,-2159.4444688848257,0.49526418124995364
Williams %R,i052,SOLUSDT,True,delay+1,22134,-0.09563795319541371,-2116.8504560272872,0.49806446682678884
Williams %R,i052,SOLUSDT,True,tp0.30,23009,-0.09992867499634903,-2299.2588829909946,0.4347213711826951
Williams %R,i052,SOLUSDT,True,tp0.60,22114,-0.09495904503648946,-2099.9243219369278,0.5166295819146043
Williams %R,i052,SOLUSDT,True,sl0.20,25017,-0.09415086999011568,-2355.372314542724,0.47077693490017064
Williams %R,i052,SOLUSDT,True,sl0.40,21122,-0.09729634407024285,-2055.0933794516695,0.5063996595248599
Williams %R,i052,SOLUSDT,True,fee0.02,22369,-0.036538713071762804,-817.3344727022621,0.7642515022679709
Williams %R,i052,SOLUSDT,True,fee0.07,22369,-0.13653647755106924,-3054.184466339868,0.37129963229645485
Williams %R,i052,SOLUSDT,True,slip3,22369,-0.0988956222176676,-2212.1961733870066,0.4869216839013719
SMI Ergodic,i053,SOLUSDT,False,baseline,56809,-0.10271025262175426,-5834.8667411892375,0.38692308213431326
SMI Ergodic,i053,SOLUSDT,False,delay+1,76985,-0.10085257062011309,-7764.135149189406,0.37756231619846975
SMI Ergodic,i053,SOLUSDT,False,tp0.30,60131,-0.10283376619442836,-6183.497195037172,0.35695953745594394
SMI Ergodic,i053,SOLUSDT,False,tp0.60,55124,-0.1018220746984906,-5612.840045679596,0.39596744132904876
SMI Ergodic,i053,SOLUSDT,False,sl0.20,61127,-0.10157137337972262,-6208.753340582304,0.37121501176012894
SMI Ergodic,i053,SOLUSDT,False,sl0.40,55108,-0.10328581484205332,-5691.874684315874,0.3918265051581877
SMI Ergodic,i053,SOLUSDT,False,fee0.02,56809,-0.04271050660514204,-2426.341169731514,0.6559742007234164
SMI Ergodic,i053,SOLUSDT,False,fee0.07,56809,-0.14271008329949572,-8107.217122161053,0.27907422079019784
SMI Ergodic,i053,SOLUSDT,False,slip3,56809,-0.10507120725178914,-5968.99021276689,0.3793756020488001
SMI Ergodic,i053,SOLUSDT,True,baseline,26790,-0.09715730219746165,-2602.8441258699972,0.49496570028880943
SMI Ergodic,i053,SOLUSDT,True,delay+1,26444,-0.09721883524093647,-2570.854879111324,0.493431797115336
SMI Ergodic,i053,SOLUSDT,True,tp0.30,27628,-0.09919036555825982,-2740.431419643602,0.43871094505442365
SMI Ergodic,i053,SOLUSDT,True,tp0.60,26388,-0.0953917906439453,-2517.1985715124288,0.5169916791077748
SMI Ergodic,i053,SOLUSDT,True,sl0.20,29746,-0.0962877383463819,-2864.175064851476,0.4627369279455878
SMI Ergodic,i053,SOLUSDT,True,sl0.40,25168,-0.09771192767497355,-2459.2137957237346,0.5072775214619517
SMI Ergodic,i053,SOLUSDT,True,fee0.02,26790,-0.037158157774762814,-995.4670467858957,0.7617370810652991
SMI Ergodic,i053,SOLUSDT,True,fee0.07,26790,-0.1371567318125942,-3674.4288452593983,0.37151950136321066
SMI Ergodic,i053,SOLUSDT,True,slip3,26790,-0.09951009377120082,-2665.8754121304696,0.4866970494704414
Relative Vigor Index,i054,SOLUSDT,False,baseline,65057,-0.10057062776707275,-6542.823330642452,0.35788162091391285
Relative Vigor Index,i054,SOLUSDT,False,delay+1,98166,-0.10116108013529111,-9930.578592560987,0.3236103117403937
Relative Vigor Index,i054,SOLUSDT,False,tp0.30,69047,-0.10094235904448023,-6969.767064944227,0.3309006179558202
Relative Vigor Index,i054,SOLUSDT,False,tp0.60,63083,-0.1002329459978021,-6322.994932379349,0.36336908434137666
Relative Vigor Index,i054,SOLUSDT,False,sl0.20,70213,-0.0997829912505547,-7006.063164675197,0.34167910195968315
Relative Vigor Index,i054,SOLUSDT,False,sl0.40,62848,-0.10129377322331394,-6366.111059538834,0.36318824761274077
Relative Vigor Index,i054,SOLUSDT,False,fee0.02,65057,-0.0405712062004801,-2639.440961784634,0.6457673506501761
Relative Vigor Index,i054,SOLUSDT,False,fee0.07,65057,-0.14057024214480116,-9145.078243214328,0.24858080117694847
Relative Vigor Index,i054,SOLUSDT,False,slip3,65057,-0.10293055113501749,-6696.352865190834,0.3500880271953089
Relative Vigor Index,i054,SOLUSDT,True,baseline,30253,-0.09719777046291746,-2940.5241498146415,0.4951343380789546
Relative Vigor Index,i054,SOLUSDT,True,delay+1,30165,-0.09754261341093724,-2942.372933540922,0.4932431016460644
Relative Vigor Index,i054,SOLUSDT,True,tp0.30,31753,-0.09810185560206841,-3115.028220932478,0.4442402448665404
Relative Vigor Index,i054,SOLUSDT,True,tp0.60,29584,-0.0962468751046161,-2847.3675530949627,0.5140896728857594
Relative Vigor Index,i054,SOLUSDT,True,sl0.20,33440,-0.09658688078424411,-3229.865293425123,0.46081463896988495
Relative Vigor Index,i054,SOLUSDT,True,sl0.40,28362,-0.09712820799636063,-2754.7502351927806,0.5104544369135634
Relative Vigor Index,i054,SOLUSDT,True,fee0.02,30253,-0.03719903293310332,-1125.3823433251748,0.7617951790432635
Relative Vigor Index,i054,SOLUSDT,True,fee0.07,30253,-0.13719692881612688,-4150.618687474287,0.3716933845497887
Relative Vigor Index,i054,SOLUSDT,True,slip3,30253,-0.09955193812767578,-3011.7447841765756,0.48687433309924905
True Strength Index,i055,SOLUSDT,False,baseline,32502,-0.1010435671282913,-3284.1180188037233,0.45239836847809833
True Strength Index,i055,SOLUSDT,False,delay+1,39912,-0.10111645750803067,-4035.76005206052,0.4393408583372512
True Strength Index,i055,SOLUSDT,False,tp0.30,33383,-0.10131499103372263,-3382.198345678762,0.40841834796463683
True Strength Index,i055,SOLUSDT,False,tp0.60,32133,-0.10009299869121044,-3216.288326944665,0.46989258995077043
True Strength Index,i055,SOLUSDT,False,sl0.20,35419,-0.09886963376080668,-3501.8635581740123,0.43165899049007567
True Strength Index,i055,SOLUSDT,False,sl0.40,31141,-0.10112922584012499,-3149.2652218873322,0.46265467564951995
True Strength Index,i055,SOLUSDT,False,fee0.02,32502,-0.04104394844378487,-1334.0104123198957,0.7173650737667302
True Strength Index,i055,SOLUSDT,False,fee0.07,32502,-0.14104331291796224,-4584.189756459609,0.3349324131588515
True Strength Index,i055,SOLUSDT,False,slip3,32502,-0.10340572347920075,-3360.892824520983,0.4444111676003774
True Strength Index,i055,SOLUSDT,True,baseline,15445,-0.09930196196562613,-1533.7188025590956,0.4818917649656688
True Strength Index,i055,SOLUSDT,True,delay+1,15279,-0.10013771653863478,-1530.0041709938007,0.47858693721038403
True Strength Index,i055,SOLUSDT,True,tp0.30,15514,-0.10048246410889133,-1558.8849481853401,0.4310440422036144
True Strength Index,i055,SOLUSDT,True,tp0.60,15423,-0.09910657603993478,-1528.520722263914,0.49729157261816476
True Strength Index,i055,SOLUSDT,True,sl0.20,16237,-0.09631065545769862,-1563.7961126666526,0.45719796834458487
True Strength Index,i055,SOLUSDT,True,sl0.40,14923,-0.09915233459697358,-1479.6502891906368,0.49668304938664304
True Strength Index,i055,SOLUSDT,True,fee0.02,15445,-0.03930275465430301,-607.03104563571,0.7466041470883543
True Strength Index,i055,SOLUSDT,True,fee0.07,15445,-0.1393014335065082,-2151.5106405080187,0.3602524580791017
True Strength Index,i055,SOLUSDT,True,slip3,15445,-0.10165909122993985,-1570.124664046421,0.4737105475261852
Coppock Curve,i056,SOLUSDT,False,baseline,26384,-0.09920016492962187,-2617.2971515031436,0.4649349577263506
Coppock Curve,i056,SOLUSDT,False,delay+1,30731,-0.09992647639508695,-3070.8405460974172,0.44991019500850954
Coppock Curve,i056,SOLUSDT,False,tp0.30,26521,-0.10053925135921976,-2666.401485297867,0.4160633726869898
Coppock Curve,i056,SOLUSDT,False,tp0.60,26351,-0.0995058344140683,-2622.078242645114,0.4773806931083764
Coppock Curve,i056,SOLUSDT,False,sl0.20,28719,-0.09915037432240029,-2847.499600165014,0.43250963234232814
Coppock Curve,i056,SOLUSDT,False,sl0.40,24725,-0.09974085823284506,-2466.0927198070945,0.4758473481039666
Coppock Curve,i056,SOLUSDT,False,fee0.02,26384,-0.039200537872849356,-1034.2669912372576,0.7343549375201156
Coppock Curve,i056,SOLUSDT,False,fee0.07,26384,-0.13919991630080356,-3672.650591680401,0.34407880324482887
Coppock Curve,i056,SOLUSDT,False,slip3,26384,-0.10156006113960803,-2679.5606531074177,0.45674288020255915
Coppock Curve,i056,SOLUSDT,True,baseline,11739,-0.09737339083124755,-1143.066234968015,0.4830499060987541
Coppock Curve,i056,SOLUSDT,True,delay+1,11736,-0.09932562677693024,-1165.6855558540533,0.47432018569025397
Coppock Curve,i056,SOLUSDT,True,tp0.30,11777,-0.09800789692057117,-1154.2390020335667,0.4361475169392052
Coppock Curve,i056,SOLUSDT,True,tp0.60,11731,-0.0970421513462627,-1138.4014774430077,0.4984798222563372
Coppock Curve,i056,SOLUSDT,True,sl0.20,11902,-0.09628697972395414,-1146.007632674502,0.454595046387543
Coppock Curve,i056,SOLUSDT,True,sl0.40,11642,-0.09747387099833904,-1134.790806162663,0.4969022774309482
Coppock Curve,i056,SOLUSDT,True,fee0.02,11739,-0.03737380214353957,-438.73106336301095,0.7536638929873059
Coppock Curve,i056,SOLUSDT,True,fee0.07,11739,-0.13737311662305285,-1612.6230160380173,0.3594211978555956
Coppock Curve,i056,SOLUSDT,True,slip3,11739,-0.09973051887935938,-1170.7365611247997,0.4747296375334902
Rate of Change,i057,SOLUSDT,False,baseline,56038,-0.10346353120664048,-5797.889361757719,0.34878472883258343
Rate of Change,i057,SOLUSDT,False,delay+1,65739,-0.10112763778511139,-6648.029780355438,0.3772848609325015
Rate of Change,i057,SOLUSDT,False,tp0.30,58125,-0.10426442855892652,-6060.369909987604,0.3128215946335011
Rate of Change,i057,SOLUSDT,False,tp0.60,55147,-0.10332364389035774,-5697.988989621558,0.3592706707685947
Rate of Change,i057,SOLUSDT,False,sl0.20,60463,-0.10221953788371052,-6180.49991906279,0.3426738759217224
Rate of Change,i057,SOLUSDT,False,sl0.40,54328,-0.10387404263552788,-5643.268988302958,0.34767614730746765
Rate of Change,i057,SOLUSDT,False,fee0.02,56038,-0.043463929695997716,-2435.63169230432,0.6163139883811157
Rate of Change,i057,SOLUSDT,False,fee0.07,56038,-0.14346326554706898,-8039.394474726651,0.24794000488725146
Rate of Change,i057,SOLUSDT,False,slip3,56038,-0.10582532811397236,-5930.239736850783,0.3416183855593209
Rate of Change,i057,SOLUSDT,True,baseline,23624,-0.09826339456524878,-2321.374433209437,0.48849387466073313
Rate of Change,i057,SOLUSDT,True,delay+1,23506,-0.09685634838309401,-2276.705325093008,0.49411969591020094
Rate of Change,i057,SOLUSDT,True,tp0.30,24512,-0.1012900777671877,-2482.822386229305,0.43101663596143247
Rate of Change,i057,SOLUSDT,True,tp0.60,23297,-0.09723365885363605,-2265.252550313159,0.5073968162074038
Rate of Change,i057,SOLUSDT,True,sl0.20,26175,-0.09637566748056328,-2522.633096303744,0.46074746696119506
Rate of Change,i057,SOLUSDT,True,sl0.40,22350,-0.09861763155684367,-2204.104065295456,0.5004311327984649
Rate of Change,i057,SOLUSDT,True,fee0.02,23624,-0.038264873180132185,-903.9693640074427,0.7540863384205633
Rate of Change,i057,SOLUSDT,True,fee0.07,23624,-0.13826240882199317,-3266.311146010767,0.36593931867296753
Rate of Change,i057,SOLUSDT,True,slip3,23624,-0.10061749423334582,-2376.9876837685615,0.480274853266244
Klinger Oscillator,i058,SOLUSDT,False,baseline,58891,-0.10464343860620427,-6162.556742957975,0.349075614935801
Klinger Oscillator,i058,SOLUSDT,False,delay+1,68750,-0.10308350900643472,-7086.991244192387,0.3667184582300762
Klinger Oscillator,i058,SOLUSDT,False,tp0.30,61434,-0.1045466509586716,-6422.718954995031,0.3195353554178943
Klinger Oscillator,i058,SOLUSDT,False,tp0.60,57662,-0.10375160057620386,-5982.524792425067,0.3609616766237352
Klinger Oscillator,i058,SOLUSDT,False,sl0.20,62622,-0.1025399019196821,-6421.253738014331,0.3379091550992269
Klinger Oscillator,i058,SOLUSDT,False,sl0.40,57493,-0.10500119711697152,-6036.833825846044,0.35588708135599495
Klinger Oscillator,i058,SOLUSDT,False,fee0.02,58891,-0.04464363813443414,-2629.1084933749607,0.6155152914960632
Klinger Oscillator,i058,SOLUSDT,False,fee0.07,58891,-0.14464330558738434,-8518.18890934665,0.24718392801577807
Klinger Oscillator,i058,SOLUSDT,False,slip3,58891,-0.10700221313816204,-6301.467333919501,0.34185314580243004
Klinger Oscillator,i058,SOLUSDT,True,baseline,25472,-0.0996222600215538,-2537.5782072690185,0.4866738345415549
Klinger Oscillator,i058,SOLUSDT,True,delay+1,25270,-0.09949473692265277,-2514.2320020354355,0.4871021124327187
Klinger Oscillator,i058,SOLUSDT,True,tp0.30,26613,-0.10110590786642615,-2690.731526049199,0.4335130642047672
Klinger Oscillator,i058,SOLUSDT,True,tp0.60,24944,-0.0977189290969878,-2437.500967395264,0.50893774257788
Klinger Oscillator,i058,SOLUSDT,True,sl0.20,28337,-0.09883207300869987,-2800.6044528475277,0.4532297180267425
Klinger Oscillator,i058,SOLUSDT,True,sl0.40,23949,-0.10007520404016329,-2396.7010615578706,0.5004219834031758
Klinger Oscillator,i058,SOLUSDT,True,fee0.02,25472,-0.03962259956172624,-1009.266856036291,0.7483488483479005
Klinger Oscillator,i058,SOLUSDT,True,fee0.07,25472,-0.13962203366143883,-3556.4524414241705,0.3656588132160354
Klinger Oscillator,i058,SOLUSDT,True,slip3,25472,-0.10197176977731771,-2597.4249197678373,0.47858014119457404
Bollinger Bands,i059,SOLUSDT,False,baseline,27697,-0.10589246102535288,-2932.903493019199,0.4618919177160995
Bollinger Bands,i059,SOLUSDT,False,delay+1,28528,-0.10052438075140752,-2867.7595340761536,0.47815292825581357
Bollinger Bands,i059,SOLUSDT,False,tp0.30,29293,-0.10736212668700147,-3144.958777042334,0.409757021465479
Bollinger Bands,i059,SOLUSDT,False,tp0.60,26855,-0.10632509449029157,-2855.3604125367797,0.47444316251013174
Bollinger Bands,i059,SOLUSDT,False,sl0.20,29108,-0.10406037152538267,-3028.989294360839,0.4307029069541656
Bollinger Bands,i059,SOLUSDT,False,sl0.40,26811,-0.10671074734358796,-2861.021847028937,0.476531591827968
Bollinger Bands,i059,SOLUSDT,False,fee0.02,27697,-0.04589210813591586,-1271.0737190404616,0.7122142057695575
Bollinger Bands,i059,SOLUSDT,False,fee0.07,27697,-0.14589269628497756,-4040.7900090050234,0.34668000588077
Bollinger Bands,i059,SOLUSDT,False,slip3,27697,-0.10825305316430464,-2998.2848134917454,0.4541463871673902
Bollinger Bands,i059,SOLUSDT,True,baseline,11999,-0.1049623037375387,-1259.442682546727,0.4796429006870414
Bollinger Bands,i059,SOLUSDT,True,delay+1,12253,-0.09906758055336984,-1213.8750645204407,0.5009114459176696
Bollinger Bands,i059,SOLUSDT,True,tp0.30,12747,-0.1059075912084886,-1350.004065134604,0.425341002796301
Bollinger Bands,i059,SOLUSDT,True,tp0.60,11579,-0.10486440493446356,-1214.2249447361537,0.49695004118626473
Bollinger Bands,i059,SOLUSDT,True,sl0.20,12503,-0.10320714001617591,-1290.3988716222473,0.4465349156862507
Bollinger Bands,i059,SOLUSDT,True,sl0.40,11788,-0.1055678014368389,-1244.433243337457,0.49527771695439016
Bollinger Bands,i059,SOLUSDT,True,fee0.02,11999,-0.0449606117530077,-539.4823804243395,0.726553285339735
Bollinger Bands,i059,SOLUSDT,True,fee0.07,11999,-0.14496343172722603,-1739.4162172949852,0.3642649367380956
Bollinger Bands,i059,SOLUSDT,True,slip3,11999,-0.10732058565233271,-1287.7397072423403,0.4719393097182148
BB %B,i060,SOLUSDT,False,baseline,46603,-0.10215939250392203,-4760.934168860278,0.37492420707564267
BB %B,i060,SOLUSDT,False,delay+1,53425,-0.10003414302121423,-5344.32409090837,0.3982052279314566
BB %B,i060,SOLUSDT,False,tp0.30,47843,-0.1037602382052994,-4964.201076456139,0.33150864329232216
BB %B,i060,SOLUSDT,False,tp0.60,46127,-0.10163922228681975,-4688.312406424135,0.3885505816699559
BB %B,i060,SOLUSDT,False,sl0.20,50008,-0.10102409127941267,-5052.0127567008685,0.3715794641737072
BB %B,i060,SOLUSDT,False,sl0.40,45502,-0.10174280439449558,-4629.501085558339,0.37707355264176606
BB %B,i060,SOLUSDT,False,fee0.02,46603,-0.042159345034772755,-1964.7519566555147,0.6411756271431054
BB %B,i060,SOLUSDT,False,fee0.07,46603,-0.14215942415002153,-6625.055643663452,0.270167784065457
BB %B,i060,SOLUSDT,False,slip3,46603,-0.10452413453322211,-4871.13824165175,0.367579462515024
BB %B,i060,SOLUSDT,True,baseline,19453,-0.09717740961934351,-1890.3921493250896,0.4904075616789429
BB %B,i060,SOLUSDT,True,delay+1,19361,-0.09640935993998244,-1866.5816177979998,0.49238656699137057
BB %B,i060,SOLUSDT,True,tp0.30,19940,-0.10103565946727065,-2014.6510497773768,0.43031500540698636
BB %B,i060,SOLUSDT,True,tp0.60,19318,-0.09640117993508499,-1862.2779939859718,0.5087859948400345
BB %B,i060,SOLUSDT,True,sl0.20,21771,-0.09505097535039883,-2069.3547843535325,0.4654922041778717
BB %B,i060,SOLUSDT,True,sl0.40,18419,-0.09720462396511104,-1790.4119688133803,0.502988073126856
BB %B,i060,SOLUSDT,True,fee0.02,19453,-0.037178452257189354,-723.2324317591045,0.759002680772719
BB %B,i060,SOLUSDT,True,fee0.07,19453,-0.13717671452744631,-2668.498627702413,0.3667478429435163
BB %B,i060,SOLUSDT,True,slip3,19453,-0.09953364517755305,-1936.2279996389393,0.4821061199786766
Standard Error Bands,i061,SOLUSDT,False,baseline,35444,-0.10800057018299773,-3827.972209566172,0.4485789094364119
Standard Error Bands,i061,SOLUSDT,False,delay+1,41401,-0.10273524715474706,-4253.341967453683,0.4559024096308445
Standard Error Bands,i061,SOLUSDT,False,tp0.30,38077,-0.10853984974503435,-4132.871858741673,0.40262400817882216
Standard Error Bands,i061,SOLUSDT,False,tp0.60,34114,-0.10793029569350317,-3681.934107288167,0.46068477746767794
Standard Error Bands,i061,SOLUSDT,False,sl0.20,38622,-0.10457662074651415,-4038.958246471869,0.4227176092645129
Standard Error Bands,i061,SOLUSDT,False,sl0.40,33559,-0.10923687825073897,-3665.8803972165488,0.46074697424641853
Standard Error Bands,i061,SOLUSDT,False,fee0.02,35444,-0.04800020466587303,-1701.3192541772034,0.6948870059776239
Standard Error Bands,i061,SOLUSDT,False,fee0.07,35444,-0.14800081386108088,-5245.740846492151,0.3363682086651776
Standard Error Bands,i061,SOLUSDT,False,slip3,35444,-0.11035879510379505,-3911.557133658912,0.44103049526047583
Standard Error Bands,i061,SOLUSDT,True,baseline,16655,-0.10631377147665055,-1770.655863943615,0.4648389607291569
Standard Error Bands,i061,SOLUSDT,True,delay+1,16911,-0.09985247817655514,-1688.6052584437239,0.488373197500304
Standard Error Bands,i061,SOLUSDT,True,tp0.30,17612,-0.10691248524169113,-1882.9426900766641,0.41553973313365805
Standard Error Bands,i061,SOLUSDT,True,tp0.60,16178,-0.10633932228078927,-1720.3575558586087,0.4793439688664756
Standard Error Bands,i061,SOLUSDT,True,sl0.20,17305,-0.1042650215382993,-1804.3061977202694,0.43299457785716305
Standard Error Bands,i061,SOLUSDT,True,sl0.40,16320,-0.10601011232585693,-1730.0850331579852,0.4831852757737165
Standard Error Bands,i061,SOLUSDT,True,fee0.02,16655,-0.04631177858339157,-771.3226723063865,0.7132603575498675
Standard Error Bands,i061,SOLUSDT,True,fee0.07,16655,-0.1463151000721565,-2436.877991701767,0.34979085355595274
Standard Error Bands,i061,SOLUSDT,True,slip3,16655,-0.10866933764335399,-1809.8878184500606,0.4571403346843563
Envelopes,i062,SOLUSDT,False,baseline,2,-0.40137319970781765,-0.8027463994156353,0.0
Envelopes,i062,SOLUSDT,False,delay+1,2,-0.026203431401323096,-0.05240686280264619,0.8694687898875396
Envelopes,i062,SOLUSDT,False,tp0.30,2,-0.40137319970781765,-0.8027463994156353,0.0
Envelopes,i062,SOLUSDT,False,tp0.60,2,-0.40137319970781765,-0.8027463994156353,0.0
Envelopes,i062,SOLUSDT,False,sl0.20,2,-0.3013231997078286,-0.6026463994156572,0.0
Envelopes,i062,SOLUSDT,False,sl0.40,2,-0.5014231997078289,-1.0028463994156578,0.0
Envelopes,i062,SOLUSDT,False,fee0.02,2,-0.3412831997078176,-0.6825663994156352,0.0
Envelopes,i062,SOLUSDT,False,fee0.07,2,-0.44143319970781764,-0.8828663994156353,0.0
Envelopes,i062,SOLUSDT,False,slip3,2,-0.4038195991234746,-0.8076391982469492,0.0
Envelopes,i062,SOLUSDT,True,baseline,2,-0.40137319970781765,-0.8027463994156353,0.0
Envelopes,i062,SOLUSDT,True,delay+1,2,-0.026203431401323096,-0.05240686280264619,0.8694687898875396
Envelopes,i062,SOLUSDT,True,tp0.30,2,-0.40137319970781765,-0.8027463994156353,0.0
Envelopes,i062,SOLUSDT,True,tp0.60,2,-0.40137319970781765,-0.8027463994156353,0.0
Envelopes,i062,SOLUSDT,True,sl0.20,2,-0.3013231997078286,-0.6026463994156572,0.0
Envelopes,i062,SOLUSDT,True,sl0.40,2,-0.5014231997078289,-1.0028463994156578,0.0
Envelopes,i062,SOLUSDT,True,fee0.02,2,-0.3412831997078176,-0.6825663994156352,0.0
Envelopes,i062,SOLUSDT,True,fee0.07,2,-0.44143319970781764,-0.8828663994156353,0.0
Envelopes,i062,SOLUSDT,True,slip3,2,-0.4038195991234746,-0.8076391982469492,0.0
Net Volume,i074,SOLUSDT,False,baseline,45478,-0.10313211068988395,-4690.242129954542,0.35352507961036733
Net Volume,i074,SOLUSDT,False,delay+1,50196,-0.10274854873309518,-5157.566152206445,0.38045646595683147
Net Volume,i074,SOLUSDT,False,tp0.30,46305,-0.10483506926569483,-4854.387882347999,0.3101307240905881
Net Volume,i074,SOLUSDT,False,tp0.60,45167,-0.10358364425597025,-4678.562460109408,0.36332275319172225
Net Volume,i074,SOLUSDT,False,sl0.20,48710,-0.10178052728662182,-4957.729484131349,0.3418295195035853
Net Volume,i074,SOLUSDT,False,sl0.40,43899,-0.1041195380805215,-4570.743602196813,0.3539145550790043
Net Volume,i074,SOLUSDT,False,fee0.02,45478,-0.0431321438274866,-1961.5636369864355,0.6273236998232294
Net Volume,i074,SOLUSDT,False,fee0.07,45478,-0.14313208859814885,-6509.361125266613,0.24910940368249485
Net Volume,i074,SOLUSDT,False,slip3,45478,-0.1054923059518203,-4797.579090076883,0.34611126386954083
Net Volume,i074,SOLUSDT,True,baseline,19029,-0.09537126351380584,-1814.8197734042114,0.4971786485436144
Net Volume,i074,SOLUSDT,True,delay+1,19118,-0.09556115506091767,-1826.938162454624,0.49909172148141046
Net Volume,i074,SOLUSDT,True,tp0.30,19859,-0.09829459304299382,-1952.032323240814,0.4402252054920182
Net Volume,i074,SOLUSDT,True,tp0.60,18691,-0.09438359005881869,-1764.1236817893803,0.5162343159299944
Net Volume,i074,SOLUSDT,True,sl0.20,20623,-0.09651224730795309,-1990.3720762319165,0.45922087849713494
Net Volume,i074,SOLUSDT,True,sl0.40,18226,-0.09677147199188992,-1763.7568485241857,0.5070402414058327
Net Volume,i074,SOLUSDT,True,fee0.02,19029,-0.03537201744529891,-673.094119966593,0.7693228436701368
Net Volume,i074,SOLUSDT,True,fee0.07,19029,-0.13537076089281044,-2575.97020902929,0.3719827301625411
Net Volume,i074,SOLUSDT,True,slip3,19029,-0.09772626455920178,-1859.6330882970506,0.48877648985712235
OBV,i075,SOLUSDT,False,baseline,47360,-0.10335137831789656,-4894.721277135582,0.33050214528740707
OBV,i075,SOLUSDT,False,delay+1,50559,-0.10078703646367076,-5095.6917765667295,0.3770834931524243
OBV,i075,SOLUSDT,False,tp0.30,48543,-0.10429001558729598,-5062.550226654109,0.2945336536112465
OBV,i075,SOLUSDT,False,tp0.60,46901,-0.10311575399974068,-4836.231978341838,0.34201534213175583
OBV,i075,SOLUSDT,False,sl0.20,50368,-0.10259773213944771,-5167.642572399703,0.3252545075355607
OBV,i075,SOLUSDT,False,sl0.40,46240,-0.10372483617814152,-4796.236424877263,0.33021730177556097
OBV,i075,SOLUSDT,False,fee0.02,47360,-0.04335133416764895,-2053.1191861798543,0.5979565049753941
OBV,i075,SOLUSDT,False,fee0.07,47360,-0.14335140775139496,-6789.122671106065,0.2322341783521447
OBV,i075,SOLUSDT,False,slip3,47360,-0.10570866066628556,-5006.3621691552835,0.3234854230304816
OBV,i075,SOLUSDT,True,baseline,18975,-0.09816592720401915,-1862.6984686962637,0.48850972792230907
OBV,i075,SOLUSDT,True,delay+1,18948,-0.09826278711811826,-1861.8832903141047,0.4896249409068127
OBV,i075,SOLUSDT,True,tp0.30,19852,-0.09982951473414767,-1981.8155265022995,0.43588011716857566
OBV,i075,SOLUSDT,True,tp0.60,18651,-0.09545941523537815,-1780.4135535550379,0.5147820735265639
OBV,i075,SOLUSDT,True,sl0.20,21174,-0.09734683139684486,-2061.2218079967934,0.45673871911061575
OBV,i075,SOLUSDT,True,sl0.40,17930,-0.09879329505747629,-1771.36378038055,0.5006565661241035
OBV,i075,SOLUSDT,True,fee0.02,18975,-0.038166314010314055,-724.2058083457092,0.7544596318569226
OBV,i075,SOLUSDT,True,fee0.07,18975,-0.1381656693331559,-2621.6935755966333,0.36589868194761205
OBV,i075,SOLUSDT,True,slip3,18975,-0.10051682227684099,-1907.306702703058,0.4802965583597539
Accumulation/Distribution,i076,SOLUSDT,False,baseline,46958,-0.10052195489851017,-4720.3099581242395,0.34932945282794137
Accumulation/Distribution,i076,SOLUSDT,False,delay+1,52635,-0.10126541903639431,-5330.105330980615,0.37577548082604323
Accumulation/Distribution,i076,SOLUSDT,False,tp0.30,48415,-0.10185423493135984,-4931.272784201787,0.31221785908474825
Accumulation/Distribution,i076,SOLUSDT,False,tp0.60,46291,-0.10035667760137053,-4645.610962845043,0.35796611815896706
Accumulation/Distribution,i076,SOLUSDT,False,sl0.20,49684,-0.1002301766576355,-4979.836097057962,0.3363033514142306
Accumulation/Distribution,i076,SOLUSDT,False,sl0.40,45903,-0.10035726420977677,-4606.6994990213825,0.3534904672810998
Accumulation/Distribution,i076,SOLUSDT,False,fee0.02,46958,-0.04052213227955532,-1902.8382875833586,0.6282483634272102
Accumulation/Distribution,i076,SOLUSDT,False,fee0.07,46958,-0.14052183664448004,-6598.624405151494,0.24602796905613267
Accumulation/Distribution,i076,SOLUSDT,False,slip3,46958,-0.10288855684677867,-4831.440852411033,0.34192901735047043
Accumulation/Distribution,i076,SOLUSDT,True,baseline,19689,-0.09523092524814913,-1875.0016872108083,0.5025131912830437
Accumulation/Distribution,i076,SOLUSDT,True,delay+1,19593,-0.09734555954206489,-1907.2915481076773,0.49488156748741136
Accumulation/Distribution,i076,SOLUSDT,True,tp0.30,20630,-0.0986134680004767,-2034.3958448498342,0.44162730311614495
Accumulation/Distribution,i076,SOLUSDT,True,tp0.60,19322,-0.09413597655401093,-1818.895338976599,0.5216699647500639
Accumulation/Distribution,i076,SOLUSDT,True,sl0.20,21792,-0.09419544980427909,-2052.70724213485,0.4714208684701271
Accumulation/Distribution,i076,SOLUSDT,True,sl0.40,18566,-0.0956893006079611,-1776.5675550874057,0.5147768596336689
Accumulation/Distribution,i076,SOLUSDT,True,fee0.02,19689,-0.035231465223712434,-693.672318789674,0.7729123097068327
Accumulation/Distribution,i076,SOLUSDT,True,fee0.07,19689,-0.13523056526444027,-2662.5545994915647,0.3775156327602631
Accumulation/Distribution,i076,SOLUSDT,True,slip3,19689,-0.0975921756926246,-1921.4923472120859,0.49411301881450487
MFI,i077,SOLUSDT,False,baseline,39264,-0.10260617068213326,-4028.7286856632804,0.37870921888497644
MFI,i077,SOLUSDT,False,delay+1,45020,-0.10071388507563066,-4534.139106104893,0.3988654309113591
MFI,i077,SOLUSDT,False,tp0.30,39866,-0.10332416496659148,-4119.121160558136,0.33744160786440003
MFI,i077,SOLUSDT,False,tp0.60,39093,-0.1025551370153924,-4009.1879713427347,0.39200606812493594
MFI,i077,SOLUSDT,False,sl0.20,42449,-0.10134731701186712,-4302.092259836748,0.3640402594629781
MFI,i077,SOLUSDT,False,sl0.40,37631,-0.1033853545860256,-3890.494278426729,0.38128262758106446
MFI,i077,SOLUSDT,False,fee0.02,39264,-0.04260635068773589,-1672.895753403262,0.6520083363736991
MFI,i077,SOLUSDT,False,fee0.07,39264,-0.14260605067839818,-5599.283973836626,0.2702577447701298
MFI,i077,SOLUSDT,False,slip3,39264,-0.10496914970264347,-4121.508693924594,0.3710904372425553
MFI,i077,SOLUSDT,True,baseline,16907,-0.09638196413725324,-1629.5298676685406,0.49275960693533566
MFI,i077,SOLUSDT,True,delay+1,17017,-0.09576228000060208,-1629.5867187702456,0.49629911558103795
MFI,i077,SOLUSDT,True,tp0.30,17492,-0.09901693879947437,-1732.0042934804057,0.4370288798564391
MFI,i077,SOLUSDT,True,tp0.60,16687,-0.09543750490512809,-1592.5656443518724,0.5109247293710821
MFI,i077,SOLUSDT,True,sl0.20,18072,-0.09695210717228282,-1752.118480817495,0.45647451837472114
MFI,i077,SOLUSDT,True,sl0.40,16343,-0.09698401004792342,-1585.0096762132125,0.5054045095746977
MFI,i077,SOLUSDT,True,fee0.02,16907,-0.03638230477085578,-615.1156267608586,0.7632296285341946
MFI,i077,SOLUSDT,True,fee0.07,16907,-0.1363817370481849,-2305.806028273662,0.36817994442681734
MFI,i077,SOLUSDT,True,slip3,16907,-0.09874045265920878,-1669.4048331092429,0.48440270356809684
Chaikin Money Flow,i078,SOLUSDT,False,baseline,38948,-0.1011788691541507,-3940.7145958158617,0.3589477933041731
Chaikin Money Flow,i078,SOLUSDT,False,delay+1,42505,-0.10072037097225034,-4281.1193681755,0.3873153450496643
Chaikin Money Flow,i078,SOLUSDT,False,tp0.30,39791,-0.1026674636476624,-4085.2410460041347,0.318180983804371
Chaikin Money Flow,i078,SOLUSDT,False,tp0.60,38612,-0.10100005761652636,-3899.8142246893153,0.370095624953905
Chaikin Money Flow,i078,SOLUSDT,False,sl0.20,41139,-0.0993068101543107,-4085.382862938188,0.34585064367660745
Chaikin Money Flow,i078,SOLUSDT,False,sl0.40,37908,-0.10212343274088394,-3871.295088341428,0.3622006960255759
Chaikin Money Flow,i078,SOLUSDT,False,fee0.02,38948,-0.04117929550163101,-1603.8512011975247,0.6402350816510193
Chaikin Money Flow,i078,SOLUSDT,False,fee0.07,38948,-0.14117858492249713,-5498.623525561419,0.25225884041425944
Chaikin Money Flow,i078,SOLUSDT,False,slip3,38948,-0.10354990011047104,-4033.061509502626,0.35131913103756274
Chaikin Money Flow,i078,SOLUSDT,True,baseline,16334,-0.09549953960691482,-1559.8894799393468,0.4999620852995498
Chaikin Money Flow,i078,SOLUSDT,True,delay+1,16360,-0.09995395975175983,-1635.246781538791,0.4824960998003676
Chaikin Money Flow,i078,SOLUSDT,True,tp0.30,17070,-0.09774983689598364,-1668.589715814441,0.4440185482087171
Chaikin Money Flow,i078,SOLUSDT,True,tp0.60,15997,-0.09431629860724483,-1508.7778288200955,0.5188806352822805
Chaikin Money Flow,i078,SOLUSDT,True,sl0.20,17661,-0.0941708528691841,-1663.1514325226603,0.4711682071584158
Chaikin Money Flow,i078,SOLUSDT,True,sl0.40,15614,-0.09512321294434868,-1485.2538469130604,0.5154336312241864
Chaikin Money Flow,i078,SOLUSDT,True,fee0.02,16334,-0.035500235576760686,-579.8608479108091,0.7705388245364687
Chaikin Money Flow,i078,SOLUSDT,True,fee0.07,16334,-0.13549907562701757,-2213.2419012917053,0.374812097589654
Chaikin Money Flow,i078,SOLUSDT,True,slip3,16334,-0.09786411232143538,-1598.5124106583255,0.4915462028419516
Chaikin Oscillator,i079,SOLUSDT,False,baseline,42247,-0.10099515156382047,-4266.742168116723,0.3932354857616329
Chaikin Oscillator,i079,SOLUSDT,False,delay+1,54310,-0.1011047038834904,-5490.996467912363,0.3922406391864441
Chaikin Oscillator,i079,SOLUSDT,False,tp0.30,43935,-0.10236236190015804,-4497.290370083444,0.35335617504658107
Chaikin Oscillator,i079,SOLUSDT,False,tp0.60,41490,-0.1003146672311944,-4162.055543422255,0.40604873047324036
Chaikin Oscillator,i079,SOLUSDT,False,sl0.20,45485,-0.10040681615285585,-4567.004032712648,0.3743185395648355
Chaikin Oscillator,i079,SOLUSDT,False,sl0.40,40809,-0.10169166328254581,-4149.935086897412,0.3969371334879465
Chaikin Oscillator,i079,SOLUSDT,False,fee0.02,42247,-0.04099554387660713,-1731.9387421550214,0.6679560009359224
Chaikin Oscillator,i079,SOLUSDT,False,fee0.07,42247,-0.1409948900219627,-5956.611118757858,0.2830501427969521
Chaikin Oscillator,i079,SOLUSDT,False,slip3,42247,-0.10336169549488583,-4366.721549572441,0.3855084627580795
Chaikin Oscillator,i079,SOLUSDT,True,baseline,19788,-0.09649690359687,-1909.4807283748637,0.4939432358886549
Chaikin Oscillator,i079,SOLUSDT,True,delay+1,19716,-0.09670026830536226,-1906.5424899085222,0.49330247112318676
Chaikin Oscillator,i079,SOLUSDT,True,tp0.30,20403,-0.09843678938727578,-2008.4058138685875,0.4394175159497548
Chaikin Oscillator,i079,SOLUSDT,True,tp0.60,19553,-0.09461360441402718,-1849.9798071074736,0.5160781397207214
Chaikin Oscillator,i079,SOLUSDT,True,sl0.20,21407,-0.09603331084858006,-2055.785085335553,0.4608039495782193
Chaikin Oscillator,i079,SOLUSDT,True,sl0.40,18853,-0.09693570362637215,-1827.5288204679941,0.5069002662901562
Chaikin Oscillator,i079,SOLUSDT,True,fee0.02,19788,-0.03649753740353603,-722.2132701411709,0.7635436227648924
Chaikin Oscillator,i079,SOLUSDT,True,fee0.07,19788,-0.13649648105909265,-2700.9923671973256,0.3699449767675818
Chaikin Oscillator,i079,SOLUSDT,True,slip3,19788,-0.0988574524630608,-1956.1912693390468,0.48559618986429537
Ease of Movement,i080,SOLUSDT,False,baseline,44600,-0.1028663521637421,-4587.839306502898,0.37327396405659574
Ease of Movement,i080,SOLUSDT,False,delay+1,53787,-0.10024991201134664,-5392.142017354303,0.39010240698423926
Ease of Movement,i080,SOLUSDT,False,tp0.30,45695,-0.10414053784456662,-4758.701876807471,0.3306966474025077
Ease of Movement,i080,SOLUSDT,False,tp0.60,44207,-0.10150685130542482,-4487.313375658916,0.3914761545273196
Ease of Movement,i080,SOLUSDT,False,sl0.20,48627,-0.10185536928112074,-4952.921042033058,0.36139984976125256
Ease of Movement,i080,SOLUSDT,False,sl0.40,42894,-0.10365745606047473,-4446.282920258002,0.3731026892653682
Ease of Movement,i080,SOLUSDT,False,fee0.02,44600,-0.04286712162351938,-1911.8736244089646,0.6442697559434706
Ease of Movement,i080,SOLUSDT,False,fee0.07,44600,-0.14286583919055723,-6371.816427898852,0.26695013104733345
Ease of Movement,i080,SOLUSDT,False,slip3,44600,-0.10522929624437534,-4693.22661249914,0.3657878730642167
Ease of Movement,i080,SOLUSDT,True,baseline,19528,-0.09764343142782572,-1906.7809289225806,0.4864029722342218
Ease of Movement,i080,SOLUSDT,True,delay+1,19567,-0.09534608158832339,-1865.636778438724,0.4960177267861575
Ease of Movement,i080,SOLUSDT,True,tp0.30,20226,-0.09948480985737386,-2012.1797641752437,0.4342256632484337
Ease of Movement,i080,SOLUSDT,True,tp0.60,19283,-0.0965051842164569,-1860.9094672459385,0.5062481902746724
Ease of Movement,i080,SOLUSDT,True,sl0.20,21236,-0.097343355708241,-2067.183501820206,0.4542734685137478
Ease of Movement,i080,SOLUSDT,True,sl0.40,18704,-0.09769587143655004,-1827.303579349232,0.5009063948556135
Ease of Movement,i080,SOLUSDT,True,fee0.02,19528,-0.037644977973078475,-735.1311298582765,0.7548633452310243
Ease of Movement,i080,SOLUSDT,True,fee0.07,19528,-0.1376424003976572,-2687.88079496545,0.363384868330808
Ease of Movement,i080,SOLUSDT,True,slip3,19528,-0.10000028553997693,-1952.8055760246693,0.4781237445945969
Elder Force Index,i081,SOLUSDT,False,baseline,43717,-0.10398150666312857,-4545.759526791992,0.3619107219927512
Elder Force Index,i081,SOLUSDT,False,delay+1,52293,-0.10254900599639379,-5362.595170569421,0.3812275955424898
Elder Force Index,i081,SOLUSDT,False,tp0.30,45021,-0.10481805651417536,-4719.013722324688,0.3238773787640629
Elder Force Index,i081,SOLUSDT,False,tp0.60,43246,-0.1028712313697904,-4448.769271817956,0.3783293021888516
Elder Force Index,i081,SOLUSDT,False,sl0.20,47022,-0.1011550670216939,-4756.51356149409,0.36354318288520915
Elder Force Index,i081,SOLUSDT,False,sl0.40,42537,-0.10413941398179395,-4429.77825254357,0.3630435955001931
Elder Force Index,i081,SOLUSDT,False,fee0.02,43717,-0.043981381079019666,-1922.7340366315027,0.6250158107105842
Elder Force Index,i081,SOLUSDT,False,fee0.07,43717,-0.14398159038586786,-6294.443186898985,0.25973769008588987
Elder Force Index,i081,SOLUSDT,False,slip3,43717,-0.10633538572599678,-4648.6640577834005,0.35474186480761355
Elder Force Index,i081,SOLUSDT,True,baseline,18912,-0.09714083192628425,-1837.1274133898878,0.4908695323940453
Elder Force Index,i081,SOLUSDT,True,delay+1,18823,-0.09699520198507759,-1825.7406869651156,0.49031275644844763
Elder Force Index,i081,SOLUSDT,True,tp0.30,19434,-0.10012739970592416,-1945.87588588493,0.4324759307601923
Elder Force Index,i081,SOLUSDT,True,tp0.60,18716,-0.0951744044765724,-1781.284154183529,0.5134673774820274
Elder Force Index,i081,SOLUSDT,True,sl0.20,20975,-0.09520641123995109,-1996.954475757974,0.46439078861660804
Elder Force Index,i081,SOLUSDT,True,sl0.40,17898,-0.09652522002683873,-1727.6083880403596,0.505771540338473
Elder Force Index,i081,SOLUSDT,True,fee0.02,18912,-0.037141900054274896,-702.4276138264469,0.759468875233853
Elder Force Index,i081,SOLUSDT,True,fee0.07,18912,-0.13714011984095714,-2593.5939464321814,0.3672756485365111
Elder Force Index,i081,SOLUSDT,True,slip3,18912,-0.09948662648744029,-1881.4910801304704,0.4825995516272354
Price & Volume Trend,i082,SOLUSDT,False,baseline,34026,-0.10303303090834458,-3505.801909687332,0.38007874357353255
Price & Volume Trend,i082,SOLUSDT,False,delay+1,39884,-0.10319352405730331,-4115.770513501485,0.391539274039251
Price & Volume Trend,i082,SOLUSDT,False,tp0.30,34760,-0.10472203632869749,-3640.1379827855244,0.33572606764057594
Price & Volume Trend,i082,SOLUSDT,False,tp0.60,33736,-0.10263287033704468,-3462.4225136905393,0.3943069845757507
Price & Volume Trend,i082,SOLUSDT,False,sl0.20,36715,-0.10211983335356616,-3749.3296815761814,0.3714786510367785
Price & Volume Trend,i082,SOLUSDT,False,sl0.40,32988,-0.1043185144219372,-3441.2591537508647,0.3773569171584851
Price & Volume Trend,i082,SOLUSDT,False,fee0.02,34026,-0.04303272991302172,-1464.231668020477,0.6459297378075506
Price & Volume Trend,i082,SOLUSDT,False,fee0.07,34026,-0.14303323157189313,-4866.848737465236,0.27405828966588314
Price & Volume Trend,i082,SOLUSDT,False,slip3,34026,-0.10538509990493355,-3585.833409365269,0.3726960927461375
Price & Volume Trend,i082,SOLUSDT,True,baseline,14716,-0.09781736939005314,-1439.480407944022,0.48774156260982654
Price & Volume Trend,i082,SOLUSDT,True,delay+1,14689,-0.09856387626658993,-1447.8047784799396,0.4847785103024098
Price & Volume Trend,i082,SOLUSDT,True,tp0.30,15043,-0.10155491589101313,-1527.6905997485105,0.4270458136758632
Price & Volume Trend,i082,SOLUSDT,True,tp0.60,14617,-0.0960971450753966,-1404.651969567072,0.5101062909757237
Price & Volume Trend,i082,SOLUSDT,True,sl0.20,16142,-0.09604470619284937,-1550.3536473649747,0.46102937954209827
Price & Volume Trend,i082,SOLUSDT,True,sl0.40,13984,-0.09764975648563344,-1365.534194695098,0.5010357960061863
Price & Volume Trend,i082,SOLUSDT,True,fee0.02,14716,-0.03781795164586447,-556.5289764205415,0.7549766368712271
Price & Volume Trend,i082,SOLUSDT,True,fee0.07,14716,-0.13781698121951227,-2028.1146956263424,0.36498870974106823
Price & Volume Trend,i082,SOLUSDT,True,slip3,14716,-0.10015917200554025,-1473.9423752335304,0.4795452951722484
VWAP,i086,SOLUSDT,False,baseline,10391,-0.09480050013856342,-985.0719969398124,0.4136424072809372
VWAP,i086,SOLUSDT,False,delay+1,11571,-0.0965701269690768,-1117.4129391591875,0.4241972433271776
VWAP,i086,SOLUSDT,False,tp0.30,10615,-0.09682223372108603,-1027.7680109493283,0.3611664573322173
VWAP,i086,SOLUSDT,False,tp0.60,10307,-0.09342975003071725,-962.9804335666026,0.43517066353485695
VWAP,i086,SOLUSDT,False,sl0.20,11157,-0.09599036040642214,-1070.9644510544517,0.4014899017041319
VWAP,i086,SOLUSDT,False,sl0.40,10112,-0.09475983249104092,-958.2114261494057,0.4125483805803181
VWAP,i086,SOLUSDT,False,fee0.02,10391,-0.03480044550479452,-361.61142924031986,0.7018110967469194
VWAP,i086,SOLUSDT,False,fee0.07,10391,-0.134800536561076,-1400.7123754061406,0.299413191066279
VWAP,i086,SOLUSDT,False,slip3,10391,-0.09715262104953436,-1009.5128853257115,0.4056778875588444
VWAP,i086,SOLUSDT,True,baseline,4413,-0.10165280612069896,-448.5938334106445,0.4821513485155118
VWAP,i086,SOLUSDT,True,delay+1,4410,-0.1008037573193875,-444.54456977849884,0.4812589297294477
VWAP,i086,SOLUSDT,True,tp0.30,4489,-0.1083837488116897,-486.53464841567506,0.40697240223114906
VWAP,i086,SOLUSDT,True,tp0.60,4376,-0.10026496225791301,-438.7594748406274,0.5022560906156865
VWAP,i086,SOLUSDT,True,sl0.20,4872,-0.10087143852098544,-491.4456484742411,0.4493523148121037
VWAP,i086,SOLUSDT,True,sl0.40,4188,-0.103671631804375,-434.1767939967225,0.48978238255562145
VWAP,i086,SOLUSDT,True,fee0.02,4413,-0.04165412348587888,-183.8196469431835,0.738310823039126
VWAP,i086,SOLUSDT,True,fee0.07,4413,-0.14165192787724565,-625.1099577222851,0.3634401694064002
VWAP,i086,SOLUSDT,True,slip3,4413,-0.10399789767652656,-458.9427224465117,0.474233524951253
VWMA,i087,SOLUSDT,False,baseline,49569,-0.10190424426851198,-5051.2914841458705,0.37826063050620795
VWMA,i087,SOLUSDT,False,delay+1,56546,-0.10093282162194298,-5707.347331434388,0.39552625314079426
VWMA,i087,SOLUSDT,False,tp0.30,51056,-0.10337908326724426,-5278.122475292423,0.33559889997882225
VWMA,i087,SOLUSDT,False,tp0.60,48936,-0.10202817792746678,-4992.850915058514,0.3879425802446927
VWMA,i087,SOLUSDT,False,sl0.20,53155,-0.10043879748347875,-5338.824280234313,0.37521676908306545
VWMA,i087,SOLUSDT,False,sl0.40,48372,-0.10186002571351638,-4927.173163814215,0.37908491230486147
VWMA,i087,SOLUSDT,False,fee0.02,49569,-0.0419042731237061,-2077.1529144689875,0.6452569823814763
VWMA,i087,SOLUSDT,False,fee0.07,49569,-0.1419042250317159,-7034.050530597126,0.2730388975662223
VWMA,i087,SOLUSDT,False,slip3,49569,-0.10427049641356709,-5168.584236724107,0.37087864306397234
VWMA,i087,SOLUSDT,True,baseline,20731,-0.09592046463654698,-1988.5271523802555,0.49754127061708203
VWMA,i087,SOLUSDT,True,delay+1,20613,-0.09597133063514415,-1978.2570383822265,0.49651980986018635
VWMA,i087,SOLUSDT,True,tp0.30,21288,-0.10022078024850417,-2133.499969930157,0.43451447540824956
VWMA,i087,SOLUSDT,True,tp0.60,20526,-0.09454326131293767,-1940.5949817093585,0.5183473656889472
VWMA,i087,SOLUSDT,True,sl0.20,23186,-0.09335667841323166,-2164.567945689189,0.47394699502424925
VWMA,i087,SOLUSDT,True,sl0.40,19587,-0.09619717718218782,-1884.2141094675128,0.5093229686711119
VWMA,i087,SOLUSDT,True,fee0.02,20731,-0.035922037126204516,-744.6997516633459,0.7676967413831636
VWMA,i087,SOLUSDT,True,fee0.07,20731,-0.1359194163101086,-2817.7454195248615,0.3729371155400687
VWMA,i087,SOLUSDT,True,slip3,20731,-0.09827789537645475,-2037.3990490492833,0.48917279314561596
Pivot Points Standard,i088,SOLUSDT,False,baseline,3967,-0.10169927649187527,-403.44102984326923,0.4038503968448543
Pivot Points Standard,i088,SOLUSDT,False,delay+1,4419,-0.09621672612441227,-425.18171274377784,0.43699687510989327
Pivot Points Standard,i088,SOLUSDT,False,tp0.30,4034,-0.10632928216532891,-428.9323242549369,0.33699839843302415
Pivot Points Standard,i088,SOLUSDT,False,tp0.60,3950,-0.09703654188734101,-383.294340454997,0.44307244707196264
Pivot Points Standard,i088,SOLUSDT,False,sl0.20,4303,-0.10059426440125235,-432.85711971858893,0.3968038773335173
Pivot Points Standard,i088,SOLUSDT,False,sl0.40,3837,-0.10048929655591868,-385.5774308850599,0.40897843283362895
Pivot Points Standard,i088,SOLUSDT,False,fee0.02,3967,-0.04170008160584228,-165.4242237303763,0.6677980296065736
Pivot Points Standard,i088,SOLUSDT,False,fee0.07,3967,-0.14169873974923064,-562.1189005851979,0.29577668054996636
Pivot Points Standard,i088,SOLUSDT,False,slip3,3967,-0.10408440477359772,-412.9028337368622,0.39628693627510997
Pivot Points Standard,i088,SOLUSDT,True,baseline,1205,-0.08622237941534615,-103.89796719549211,0.5491729546756668
Pivot Points Standard,i088,SOLUSDT,True,delay+1,1199,-0.08544230015410546,-102.44531788477245,0.5435335998326246
Pivot Points Standard,i088,SOLUSDT,True,tp0.30,1224,-0.0984597253018954,-120.51470376951995,0.4465300373873354
Pivot Points Standard,i088,SOLUSDT,True,tp0.60,1198,-0.0826530301961509,-99.01833017498878,0.577834423054964
Pivot Points Standard,i088,SOLUSDT,True,sl0.20,1331,-0.08277852972744773,-110.17822306723292,0.526771065525737
Pivot Points Standard,i088,SOLUSDT,True,sl0.40,1142,-0.08504530676385726,-97.12174032432499,0.5679367217563688
Pivot Points Standard,i088,SOLUSDT,True,fee0.02,1205,-0.026222235376942397,-31.597793629215587,0.8318248030533231
Pivot Points Standard,i088,SOLUSDT,True,fee0.07,1205,-0.12622247544094864,-152.0980829063431,0.4166841117075273
Pivot Points Standard,i088,SOLUSDT,True,slip3,1205,-0.08858920570272975,-106.74999287178935,0.5402904294412562
Balance of Power,i089,SOLUSDT,False,baseline,48113,-0.10252571010274762,-4932.819490173496,0.35043114407383513
Balance of Power,i089,SOLUSDT,False,delay+1,53066,-0.09984007973790146,-5298.113671371479,0.38716194151695893
Balance of Power,i089,SOLUSDT,False,tp0.30,49154,-0.10308125442600025,-5066.855980055616,0.31273361218090273
Balance of Power,i089,SOLUSDT,False,tp0.60,47739,-0.10213223230735391,-4875.690638120768,0.36426194053317257
Balance of Power,i089,SOLUSDT,False,sl0.20,51508,-0.10082521896895962,-5193.305378653172,0.3449006824720262
Balance of Power,i089,SOLUSDT,False,sl0.40,46737,-0.10259003816558339,-4794.750613744871,0.3527104938879458
Balance of Power,i089,SOLUSDT,False,fee0.02,48113,-0.0425260344035452,-2046.0550932577703,0.6224630094469559
Balance of Power,i089,SOLUSDT,False,fee0.07,48113,-0.14252549390221592,-6857.329088117315,0.24786543092295596
Balance of Power,i089,SOLUSDT,False,slip3,48113,-0.10489530374967829,-5046.8277493082705,0.3431100526512844
Balance of Power,i089,SOLUSDT,True,baseline,19693,-0.09641915496453311,-1898.7824187165504,0.49306869337305465
Balance of Power,i089,SOLUSDT,True,delay+1,19691,-0.09494818521014334,-1869.6247149729325,0.4986871388725454
Balance of Power,i089,SOLUSDT,True,tp0.30,20524,-0.09860148891339907,-2023.6969584586027,0.4392788456966669
Balance of Power,i089,SOLUSDT,True,tp0.60,19370,-0.09483778566654122,-1837.0079083609035,0.5143685800410962
Balance of Power,i089,SOLUSDT,True,sl0.20,21606,-0.09544394732782832,-2062.161925965059,0.4626360426659779
Balance of Power,i089,SOLUSDT,True,sl0.40,18803,-0.09721150165091719,-1827.867865542196,0.5034345129023238
Balance of Power,i089,SOLUSDT,True,fee0.02,19693,-0.03642015190278385,-717.2220514215225,0.7632647058742772
Balance of Power,i089,SOLUSDT,True,fee0.07,19693,-0.13641849033903258,-2686.489330246569,0.36879767503718874
Balance of Power,i089,SOLUSDT,True,slip3,19693,-0.09878298924614488,-1945.3334072243313,0.48469672698246746
Accumulative Swing Index,i090,SOLUSDT,False,baseline,38212,-0.10245694813417687,-3915.0849021031663,0.3816786829442101
Accumulative Swing Index,i090,SOLUSDT,False,delay+1,47572,-0.10138999214152838,-4823.324706156789,0.39541938121714537
Accumulative Swing Index,i090,SOLUSDT,False,tp0.30,39464,-0.10284470319902661,-4058.663367046386,0.3454859459456975
Accumulative Swing Index,i090,SOLUSDT,False,tp0.60,37680,-0.10223831478988196,-3852.3397012827522,0.3921763818433753
Accumulative Swing Index,i090,SOLUSDT,False,sl0.20,41294,-0.10110779589385858,-4175.145323640996,0.37602156178106666
Accumulative Swing Index,i090,SOLUSDT,False,sl0.40,37130,-0.10246635770098005,-3804.5758614373894,0.3834255370825511
Accumulative Swing Index,i090,SOLUSDT,False,fee0.02,38212,-0.04245690946575145,-1622.3634245052945,0.6489785284273887
Accumulative Swing Index,i090,SOLUSDT,False,fee0.07,38212,-0.14245697391312712,-5443.565887168413,0.27537451882411906
Accumulative Swing Index,i090,SOLUSDT,False,slip3,38212,-0.1048176847462856,-4005.293369525066,0.3742420865526102
Accumulative Swing Index,i090,SOLUSDT,True,baseline,17115,-0.09861336439504295,-1687.7677316211602,0.4819968510969268
Accumulative Swing Index,i090,SOLUSDT,True,delay+1,16961,-0.09526551166858528,-1615.798343410875,0.49403944670567435
Accumulative Swing Index,i090,SOLUSDT,True,tp0.30,17423,-0.10109533169726904,-1761.3839641615186,0.42662655992333626
Accumulative Swing Index,i090,SOLUSDT,True,tp0.60,17028,-0.09695882141278307,-1651.01481101687,0.5032956000228563
Accumulative Swing Index,i090,SOLUSDT,True,sl0.20,18816,-0.09587784630930767,-1804.037556155933,0.4589681883709116
Accumulative Swing Index,i090,SOLUSDT,True,sl0.40,16275,-0.09942486510353588,-1618.1396795600463,0.49211243927163917
Accumulative Swing Index,i090,SOLUSDT,True,fee0.02,17115,-0.03861400473047395,-660.8786909620617,0.7488567564705091
Accumulative Swing Index,i090,SOLUSDT,True,fee0.07,17115,-0.13861293750475562,-2372.3604253938925,0.3596752547798009
Accumulative Swing Index,i090,SOLUSDT,True,slip3,17115,-0.10096839620526415,-1728.074101053096,0.47378035139772257
Up/Down,i091,SOLUSDT,False,baseline,36408,-0.10048942818132148,-3658.6191012255526,0.387831602561084
Up/Down,i091,SOLUSDT,False,delay+1,41604,-0.10150617392618169,-4223.062860024864,0.3994254026405131
Up/Down,i091,SOLUSDT,False,tp0.30,37143,-0.10138803363589147,-3765.8557333379163,0.345923443665596
Up/Down,i091,SOLUSDT,False,tp0.60,36151,-0.09984323418668606,-3609.4327590828875,0.40387605613138927
Up/Down,i091,SOLUSDT,False,sl0.20,38965,-0.10021386219954198,-3904.833140605153,0.36655304273910677
Up/Down,i091,SOLUSDT,False,sl0.40,34998,-0.1011411562504911,-3539.7381864546874,0.39224205782312793
Up/Down,i091,SOLUSDT,False,fee0.02,36408,-0.04048952817057424,-1474.142741634267,0.6694908679684282
Up/Down,i091,SOLUSDT,False,fee0.07,36408,-0.14048936152181965,-5114.9366742864095,0.2757234785832439
Up/Down,i091,SOLUSDT,False,slip3,36408,-0.10285131679846163,-3744.610741998391,0.3799538862609645
Up/Down,i091,SOLUSDT,True,baseline,16082,-0.09828817847721566,-1580.6704862705824,0.48476002433777754
Up/Down,i091,SOLUSDT,True,delay+1,16152,-0.09744208782488009,-1573.8846025474634,0.48980768833897526
Up/Down,i091,SOLUSDT,True,tp0.30,16650,-0.10049741469999669,-1673.281954754945,0.4311723458312406
Up/Down,i091,SOLUSDT,True,tp0.60,15847,-0.09677335007976622,-1533.5672787140552,0.5062638944507399
Up/Down,i091,SOLUSDT,True,sl0.20,17033,-0.09736496506730277,-1658.417449991368,0.45512344706081653
Up/Down,i091,SOLUSDT,True,sl0.40,15587,-0.09847554242832168,-1534.93827983025,0.49987909612335446
Up/Down,i091,SOLUSDT,True,fee0.02,16082,-0.03828834489241633,-615.7531625598394,0.7516515776187491
Up/Down,i091,SOLUSDT,True,fee0.07,16082,-0.13828806753374856,-2223.948702077744,0.36220345764588857
Up/Down,i091,SOLUSDT,True,slip3,16082,-0.1006442254398777,-1618.560433524113,0.47653562488579654
Average Price,i099,SOLUSDT,False,baseline,37920,-0.10364392177087559,-3930.1775135516023,0.4064952211120539
Average Price,i099,SOLUSDT,False,delay+1,47506,-0.10161844925715416,-4827.486050410365,0.4075502542301384
Average Price,i099,SOLUSDT,False,tp0.30,38834,-0.10459704439779575,-4061.9216221439997,0.3620137095931048
Average Price,i099,SOLUSDT,False,tp0.60,37578,-0.1031156134472553,-3874.8785221209596,0.42227764477251506
Average Price,i099,SOLUSDT,False,sl0.20,41935,-0.101838343787319,-4270.590946721222,0.3972206728828403
Average Price,i099,SOLUSDT,False,sl0.40,36362,-0.10403610208945982,-3782.9607441769376,0.408089100477587
Average Price,i099,SOLUSDT,False,fee0.02,37920,-0.043644231604726864,-1654.9892624512427,0.6683475625118404
Average Price,i099,SOLUSDT,False,fee0.07,37920,-0.14364371521497474,-5446.969680951843,0.29685648646552953
Average Price,i099,SOLUSDT,False,slip3,37920,-0.10600435032936391,-4019.6849644894796,0.3989420946780558
Average Price,i099,SOLUSDT,True,baseline,17055,-0.0981239276649501,-1673.5035863257237,0.4842721381285606
Average Price,i099,SOLUSDT,True,delay+1,16985,-0.09770063563293675,-1659.4452962254309,0.4870774330335476
Average Price,i099,SOLUSDT,True,tp0.30,17296,-0.10068784976511287,-1741.4970495373923,0.4295290499757368
Average Price,i099,SOLUSDT,True,tp0.60,17001,-0.09702848473142692,-1649.581268918989,0.5037853854966345
Average Price,i099,SOLUSDT,True,sl0.20,18705,-0.09500286658012924,-1777.0286193813174,0.4629845246854217
Average Price,i099,SOLUSDT,True,sl0.40,16283,-0.0983991128830011,-1602.2327550739067,0.4966906814500924
Average Price,i099,SOLUSDT,True,fee0.02,17055,-0.03812501674452957,-650.2221605779517,0.7520915835327909
Average Price,i099,SOLUSDT,True,fee0.07,17055,-0.1381232016118971,-2355.6912034909046,0.361370337140304
Average Price,i099,SOLUSDT,True,slip3,17055,-0.1004787711284307,-1713.6654415953856,0.4760200521335416
Typical Price,i100,SOLUSDT,False,baseline,39622,-0.10292499341974919,-4078.0940892773024,0.4024274668175009
Typical Price,i100,SOLUSDT,False,delay+1,48630,-0.10110794049864574,-4916.879146449142,0.4075577957087861
Typical Price,i100,SOLUSDT,False,tp0.30,40615,-0.10428488867598269,-4235.530753575037,0.3566917712562243
Typical Price,i100,SOLUSDT,False,tp0.60,39251,-0.10241282666325002,-4019.8058593592264,0.41755705388552955
Typical Price,i100,SOLUSDT,False,sl0.20,43515,-0.10098865964452323,-4394.521524431429,0.39641053657931885
Typical Price,i100,SOLUSDT,False,sl0.40,38209,-0.1030384112716237,-3936.99465627747,0.40383098898839154
Typical Price,i100,SOLUSDT,False,fee0.02,39622,-0.04292528774881137,-1700.785751183404,0.6660439727968294
Typical Price,i100,SOLUSDT,False,fee0.07,39622,-0.1429247972003744,-5662.966314673235,0.2933040988101744
Typical Price,i100,SOLUSDT,False,slip3,39622,-0.10528659706276644,-4171.665548820932,0.39488649613124044
Typical Price,i100,SOLUSDT,True,baseline,17643,-0.09715690289774126,-1714.139237824849,0.48946752981523245
Typical Price,i100,SOLUSDT,True,delay+1,17538,-0.09773584215196232,-1714.0911996611153,0.48671433820371124
Typical Price,i100,SOLUSDT,True,tp0.30,17903,-0.09974871855676078,-1785.801308321688,0.4339045034728527
Typical Price,i100,SOLUSDT,True,tp0.60,17579,-0.09624115268547859,-1691.823223058028,0.5080223299753356
Typical Price,i100,SOLUSDT,True,sl0.20,19510,-0.09504596778117347,-1854.3468314106942,0.464105613689385
Typical Price,i100,SOLUSDT,True,sl0.40,16787,-0.09761995409613058,-1638.7461694117442,0.5009551757142883
Typical Price,i100,SOLUSDT,True,fee0.02,17643,-0.0371583387319987,-655.5845702486531,0.7585513926309365
Typical Price,i100,SOLUSDT,True,fee0.07,17643,-0.137155945674903,-2419.8423495423135,0.3657303412378574
Typical Price,i100,SOLUSDT,True,slip3,17643,-0.09951386683518261,-1755.7231525731268,0.48115791630524973
Median Price,i101,SOLUSDT,False,baseline,40171,-0.10353230676822402,-4158.996295186327,0.3948459194309676
Median Price,i101,SOLUSDT,False,delay+1,48664,-0.10169250347170528,-4948.763988947066,0.40230942162086636
Median Price,i101,SOLUSDT,False,tp0.30,41143,-0.10430999692888109,-4291.626203644954,0.3516283562216459
Median Price,i101,SOLUSDT,False,tp0.60,39808,-0.10301087621109999,-4100.656960211468,0.4103549707128725
Median Price,i101,SOLUSDT,False,sl0.20,44286,-0.10178746994994568,-4507.759894203295,0.3869449152223257
Median Price,i101,SOLUSDT,False,sl0.40,38584,-0.1041820757692073,-4019.761211479094,0.3945403132118884
Median Price,i101,SOLUSDT,False,fee0.02,40171,-0.043532435792561594,-1748.7414782229919,0.6580930721342002
Median Price,i101,SOLUSDT,False,fee0.07,40171,-0.14353222075199895,-5765.832839828549,0.28692840372757883
Median Price,i101,SOLUSDT,False,slip3,40171,-0.10589324257516405,-4253.837447486915,0.3873664466572395
Median Price,i101,SOLUSDT,True,baseline,17627,-0.09895042723865749,-1744.1991809358158,0.4816189048670963
Median Price,i101,SOLUSDT,True,delay+1,17597,-0.09873698606618102,-1737.4747438065874,0.4834691337359661
Median Price,i101,SOLUSDT,True,tp0.30,17940,-0.10123718326130919,-1816.1950677078871,0.42791713909164064
Median Price,i101,SOLUSDT,True,tp0.60,17546,-0.09797751566488905,-1719.1134898561434,0.5005088136133709
Median Price,i101,SOLUSDT,True,sl0.20,19417,-0.09616697929991254,-1867.2742370664018,0.45856380692421694
Median Price,i101,SOLUSDT,True,sl0.40,16809,-0.1001667338455097,-1683.7026292091725,0.49107152288623807
Median Price,i101,SOLUSDT,True,fee0.02,17627,-0.038951543266946866,-686.5988531664724,0.7476204298868431
Median Price,i101,SOLUSDT,True,fee0.07,17627,-0.13894968321979792,-2449.2660661153777,0.35963703005171915
Median Price,i101,SOLUSDT,True,slip3,17627,-0.10130683399472641,-1785.7355628250425,0.47341729321997833
SMA,i001,XRPUSDT,False,baseline,68464,-0.11006333572685333,-7535.376217203286,0.31912157292363835
SMA,i001,XRPUSDT,False,delay+1,82989,-0.1123282862234284,-9322.012145396098,0.31786337480709476
SMA,i001,XRPUSDT,False,tp0.30,71406,-0.11056912539211172,-7895.2989677491305,0.2844938668640743
SMA,i001,XRPUSDT,False,tp0.60,67044,-0.11007965038702329,-7380.18008054759,0.3285227912871281
SMA,i001,XRPUSDT,False,sl0.20,72561,-0.10894482052677813,-7905.145122243547,0.31462082073158737
SMA,i001,XRPUSDT,False,sl0.40,66847,-0.11027324123123634,-7371.435356584456,0.3189122146933459
SMA,i001,XRPUSDT,False,fee0.02,68464,-0.050063685392799866,-3427.5601567326503,0.5645882460704987
SMA,i001,XRPUSDT,False,fee0.07,68464,-0.1500631026162223,-10273.920257517042,0.2267370859172336
SMA,i001,XRPUSDT,False,slip3,68464,-0.1319033539947683,-9030.631227897817,0.26521670793867164
SMA,i001,XRPUSDT,True,baseline,28091,-0.10756444692375947,-3021.592878535327,0.44942818338033447
SMA,i001,XRPUSDT,True,delay+1,27845,-0.10913986793955573,-3038.9996227769293,0.44302540392981415
SMA,i001,XRPUSDT,True,tp0.30,29171,-0.10957950317354831,-3196.5436870755775,0.39034964130162597
SMA,i001,XRPUSDT,True,tp0.60,27604,-0.10629689368794448,-2934.2194533620195,0.4735870443784639
SMA,i001,XRPUSDT,True,sl0.20,31176,-0.10597579974474375,-3303.9015328421315,0.42009245790908123
SMA,i001,XRPUSDT,True,sl0.40,26437,-0.10869973985341143,-2873.695022504638,0.46076176227606697
SMA,i001,XRPUSDT,True,fee0.02,28091,-0.04756661324758383,-1336.1937327378773,0.6985788748379702
SMA,i001,XRPUSDT,True,fee0.07,28091,-0.14756300270787653,-4145.19230906696,0.3355287706913523
SMA,i001,XRPUSDT,True,slip3,28091,-0.1293899475858984,-3634.6930176354717,0.3848231852350687
EMA,i002,XRPUSDT,False,baseline,72519,-0.11086219249576176,-8039.615337600147,0.2965647325518538
EMA,i002,XRPUSDT,False,delay+1,84337,-0.1117399457927303,-9423.811808321498,0.3086912248265638
EMA,i002,XRPUSDT,False,tp0.30,75193,-0.11154868733431898,-8387.680446729448,0.26311739716630744
EMA,i002,XRPUSDT,False,tp0.60,71229,-0.11086112461323433,-7896.527045076067,0.3054992620328201
EMA,i002,XRPUSDT,False,sl0.20,76503,-0.11002200370289317,-8417.013349282437,0.29452169105771286
EMA,i002,XRPUSDT,False,sl0.40,70939,-0.11108956418027088,-7880.582593384235,0.2940117088865758
EMA,i002,XRPUSDT,False,fee0.02,72519,-0.050862480839909296,-3688.496248029382,0.5359219543310921
EMA,i002,XRPUSDT,False,fee0.07,72519,-0.1508620002663301,-10940.36139731399,0.2094802075241465
EMA,i002,XRPUSDT,False,slip3,72519,-0.13267451516896175,-9621.423165537937,0.24555131255952267
EMA,i002,XRPUSDT,True,baseline,28164,-0.10880908248475658,-3064.4989991006846,0.44577652720235683
EMA,i002,XRPUSDT,True,delay+1,27996,-0.11036740107191742,-3089.8457604094006,0.4404333046004978
EMA,i002,XRPUSDT,True,tp0.30,29481,-0.1112071422948342,-3278.4977619940073,0.3855355048336061
EMA,i002,XRPUSDT,True,tp0.60,27577,-0.10732737849461367,-2959.7671167459616,0.47060589089870974
EMA,i002,XRPUSDT,True,sl0.20,31402,-0.10661326749759047,-3347.8698259593357,0.4187059345476833
EMA,i002,XRPUSDT,True,sl0.40,26543,-0.10979020988534241,-2914.1615409866436,0.45813836229582244
EMA,i002,XRPUSDT,True,fee0.02,28164,-0.0488111333236864,-1374.7167589283038,0.6922333990734931
EMA,i002,XRPUSDT,True,fee0.07,28164,-0.14880771525880337,-4191.020492548938,0.3330671800612481
EMA,i002,XRPUSDT,True,slip3,28164,-0.13069057099524267,-3680.769241510014,0.38171310603204045
DEMA,i003,XRPUSDT,False,baseline,98924,-0.11032276796963014,-10913.569498627692,0.28150956337375
DEMA,i003,XRPUSDT,False,delay+1,115457,-0.11207125591476647,-12939.41099415119,0.2817609669389739
DEMA,i003,XRPUSDT,False,tp0.30,103628,-0.11120363682068399,-11523.81047645384,0.2566176404141827
DEMA,i003,XRPUSDT,False,tp0.60,96665,-0.10985876736721893,-10619.497747552217,0.28733814596231666
DEMA,i003,XRPUSDT,False,sl0.20,103736,-0.1096772280780968,-11377.476931909448,0.27172801301896854
DEMA,i003,XRPUSDT,False,sl0.40,96980,-0.11014160874078846,-10681.533215681664,0.2860880520997288
DEMA,i003,XRPUSDT,False,fee0.02,98924,-0.0503234088204196,-4978.192894151188,0.5283601706273592
DEMA,i003,XRPUSDT,False,fee0.07,98924,-0.1503223407357705,-14870.487234945362,0.1939575119002782
DEMA,i003,XRPUSDT,False,slip3,98924,-0.13217928151792818,-13075.703244879529,0.2303378494707454
DEMA,i003,XRPUSDT,True,baseline,36485,-0.1077761609494776,-3932.2132322416905,0.45657199633282425
DEMA,i003,XRPUSDT,True,delay+1,36073,-0.10817231909554695,-3902.1000667336652,0.4543810544994793
DEMA,i003,XRPUSDT,True,tp0.30,38838,-0.11057899502432755,-4294.667008754834,0.39213314251327286
DEMA,i003,XRPUSDT,True,tp0.60,35306,-0.1065554852666271,-3762.0479628235366,0.4802900707547454
DEMA,i003,XRPUSDT,True,sl0.20,41291,-0.10664441262812503,-4403.454441827911,0.42271241271866283
DEMA,i003,XRPUSDT,True,sl0.40,33846,-0.10769306601626724,-3644.979512386581,0.47369781755551066
DEMA,i003,XRPUSDT,True,fee0.02,36485,-0.04777768856487446,-1743.1689672894447,0.7028365166534629
DEMA,i003,XRPUSDT,True,fee0.07,36485,-0.14777514253921303,-5391.5760755431875,0.3429888501212208
DEMA,i003,XRPUSDT,True,slip3,36485,-0.12954303769389752,-4726.377730261852,0.3922170386970853
TEMA,i004,XRPUSDT,False,baseline,112299,-0.10891974881817952,-12231.578872532742,0.2678335990722022
TEMA,i004,XRPUSDT,False,delay+1,130850,-0.11269611722481494,-14746.286938867035,0.26210799919847466
TEMA,i004,XRPUSDT,False,tp0.30,117570,-0.1108051349889172,-13027.359720646997,0.24335631211306227
TEMA,i004,XRPUSDT,False,tp0.60,109843,-0.10907190627374949,-11980.785400827466,0.26987206928455576
TEMA,i004,XRPUSDT,False,sl0.20,117392,-0.10934723148705344,-12836.490198728177,0.25262800810114466
TEMA,i004,XRPUSDT,False,sl0.40,110075,-0.10899045884154275,-11997.124756982817,0.27175537584993137
TEMA,i004,XRPUSDT,False,fee0.02,112299,-0.048920042888039396,-5493.671896283937,0.522874482284541
TEMA,i004,XRPUSDT,False,fee0.07,112299,-0.14891955277160626,-16723.51685669861,0.1802369614152627
TEMA,i004,XRPUSDT,False,slip3,112299,-0.1307596329234487,-14684.176017670365,0.21653686673430478
TEMA,i004,XRPUSDT,True,baseline,39947,-0.10829586527016624,-4326.094929947331,0.45809218179191524
TEMA,i004,XRPUSDT,True,delay+1,39645,-0.10893858230750972,-4318.870095581223,0.4549040382981455
TEMA,i004,XRPUSDT,True,tp0.30,43001,-0.11071539943392991,-4760.8728910584205,0.39400144105616886
TEMA,i004,XRPUSDT,True,tp0.60,38432,-0.10679236564380282,-4104.24419642263,0.4836724698480334
TEMA,i004,XRPUSDT,True,sl0.20,45572,-0.10709629182190875,-4880.592210908026,0.42359551237912063
TEMA,i004,XRPUSDT,True,sl0.40,36719,-0.10731936891761105,-3940.6599072857603,0.4792712753798507
TEMA,i004,XRPUSDT,True,fee0.02,39947,-0.04829669952301675,-1929.3082558459503,0.7023104548677142
TEMA,i004,XRPUSDT,True,fee0.07,39947,-0.14829530910159922,-5923.952712681585,0.34508375239453093
TEMA,i004,XRPUSDT,True,slip3,39947,-0.1300627916661501,-5195.618338687697,0.3940811383502624
Hull MA,i005,XRPUSDT,False,baseline,119657,-0.10992776971081832,-13153.627140287386,0.2563704754342226
Hull MA,i005,XRPUSDT,False,delay+1,152650,-0.11261854479655174,-17191.220863193623,0.23670321165111874
Hull MA,i005,XRPUSDT,False,tp0.30,125031,-0.111554073631239,-13947.717380187441,0.23346692942181396
Hull MA,i005,XRPUSDT,False,tp0.60,117095,-0.10999420734655543,-12879.77170924491,0.25790742812900797
Hull MA,i005,XRPUSDT,False,sl0.20,125162,-0.1099082833020353,-13756.340554649341,0.24378071562381856
Hull MA,i005,XRPUSDT,False,sl0.40,117237,-0.11024560815757667,-12924.864363569815,0.2593231774673187
Hull MA,i005,XRPUSDT,False,fee0.02,119657,-0.04992814915624865,-5974.252543589245,0.5106173155991782
Hull MA,i005,XRPUSDT,False,fee0.07,119657,-0.1499275167471981,-17939.87687141948,0.17033881168950463
Hull MA,i005,XRPUSDT,False,slip3,119657,-0.1317480464677962,-15764.575996197089,0.2060141507391391
Hull MA,i005,XRPUSDT,True,baseline,41784,-0.10825552861589544,-4523.349007686575,0.45933998228056466
Hull MA,i005,XRPUSDT,True,delay+1,41473,-0.1092964434111265,-4532.851397589649,0.4540619957764425
Hull MA,i005,XRPUSDT,True,tp0.30,45359,-0.11086737695245959,-5028.833351186614,0.39407217626472
Hull MA,i005,XRPUSDT,True,tp0.60,39973,-0.10677414294447674,-4268.082815919568,0.4848015754391907
Hull MA,i005,XRPUSDT,True,sl0.20,47810,-0.10745820565219077,-5137.576812231241,0.42268508263738763
Hull MA,i005,XRPUSDT,True,sl0.40,38396,-0.10786740204328281,-4141.676768853887,0.47902225014681843
Hull MA,i005,XRPUSDT,True,fee0.02,41784,-0.048256149407069446,-2016.3349468249899,0.7031892003460605
Hull MA,i005,XRPUSDT,True,fee0.07,41784,-0.1482551147551128,-6194.691714927633,0.34635725566964426
Hull MA,i005,XRPUSDT,True,slip3,41784,-0.13000695574226362,-5432.210638734742,0.3954635243351141
Hamming MA,i006,XRPUSDT,False,baseline,66381,-0.11005647366382881,-7305.658778278621,0.3270330013555308
Hamming MA,i006,XRPUSDT,False,delay+1,83994,-0.11178206454923725,-9389.022729748633,0.319414731003226
Hamming MA,i006,XRPUSDT,False,tp0.30,69339,-0.11093737362726304,-7692.286549940792,0.29027618886398826
Hamming MA,i006,XRPUSDT,False,tp0.60,64901,-0.11017008891337106,-7150.148940566696,0.3360866352863301
Hamming MA,i006,XRPUSDT,False,sl0.20,70581,-0.10955876513538602,-7732.76720202068,0.31773348580872013
Hamming MA,i006,XRPUSDT,False,sl0.40,64668,-0.11041613322377991,-7140.390503315399,0.32688368843770715
Hamming MA,i006,XRPUSDT,False,fee0.02,66381,-0.05005683812889407,-3322.8229718341177,0.5741600979277327
Hamming MA,i006,XRPUSDT,False,fee0.07,66381,-0.1500562306871186,-9960.88264924162,0.23293447258425468
Hamming MA,i006,XRPUSDT,False,slip3,66381,-0.13186138144649606,-8753.090361799856,0.27230887261299846
Hamming MA,i006,XRPUSDT,True,baseline,28038,-0.10655697418577435,-2987.6444422207414,0.4526216260018712
Hamming MA,i006,XRPUSDT,True,delay+1,27787,-0.1088775801322071,-3025.381319133639,0.44394298003073857
Hamming MA,i006,XRPUSDT,True,tp0.30,29056,-0.1090390355125826,-3168.2382158536,0.3913722417908878
Hamming MA,i006,XRPUSDT,True,tp0.60,27521,-0.10533576240710484,-2898.9455172059324,0.47642905163104815
Hamming MA,i006,XRPUSDT,True,sl0.20,31008,-0.10553703334813662,-3272.49233005902,0.4212539028614859
Hamming MA,i006,XRPUSDT,True,sl0.40,26471,-0.10792454536943136,-2856.8706404742175,0.4636183504341191
Hamming MA,i006,XRPUSDT,True,fee0.02,28038,-0.04655949811777771,-1305.4352082262515,0.7036389304771395
Hamming MA,i006,XRPUSDT,True,fee0.07,28038,-0.14655529156443878,-4109.117264883735,0.3379345759675329
Hamming MA,i006,XRPUSDT,True,slip3,28038,-0.12834144777437864,-3598.437512698028,0.38770929893091827
Arnaud Legoux MA,i007,XRPUSDT,False,baseline,108125,-0.11047876779596415,-11945.516767938623,0.25849783576567875
Arnaud Legoux MA,i007,XRPUSDT,False,delay+1,129759,-0.1129731397103732,-14659.281635678315,0.2554389349896345
Arnaud Legoux MA,i007,XRPUSDT,False,tp0.30,112603,-0.11141752148557675,-12545.947171840398,0.23409391182066064
Arnaud Legoux MA,i007,XRPUSDT,False,tp0.60,105950,-0.11031295366099773,-11687.65744038271,0.263748445947011
Arnaud Legoux MA,i007,XRPUSDT,False,sl0.20,113325,-0.10965085978320237,-12426.183684931408,0.2568150492229102
Arnaud Legoux MA,i007,XRPUSDT,False,sl0.40,106037,-0.11045347251135351,-11712.154864686392,0.25769863971633133
Arnaud Legoux MA,i007,XRPUSDT,False,fee0.02,108125,-0.05047937282873689,-5458.082187107177,0.5026960612289052
Arnaud Legoux MA,i007,XRPUSDT,False,fee0.07,108125,-0.1504783644407823,-16270.473155159587,0.17558387909469028
Arnaud Legoux MA,i007,XRPUSDT,False,slip3,108125,-0.13233416425882388,-14308.631510485333,0.20977001324917205
Arnaud Legoux MA,i007,XRPUSDT,True,baseline,37637,-0.10864560482938315,-4089.094628963494,0.4535787011708838
Arnaud Legoux MA,i007,XRPUSDT,True,delay+1,37330,-0.10959246067651714,-4091.0865570543847,0.4498455479169717
Arnaud Legoux MA,i007,XRPUSDT,True,tp0.30,40482,-0.11078083567383572,-4484.629789748217,0.3919273728796002
Arnaud Legoux MA,i007,XRPUSDT,True,tp0.60,36256,-0.10737557077573606,-3893.0086940450865,0.47705547213794547
Arnaud Legoux MA,i007,XRPUSDT,True,sl0.20,42799,-0.107114457279582,-4584.39165710883,0.42169412564869335
Arnaud Legoux MA,i007,XRPUSDT,True,sl0.40,34949,-0.10860381052194545,-3795.5945739314716,0.47053065922474197
Arnaud Legoux MA,i007,XRPUSDT,True,fee0.02,37637,-0.04864728454713605,-1830.9378485005595,0.698143466371935
Arnaud Legoux MA,i007,XRPUSDT,True,fee0.07,37637,-0.1486444850175479,-5594.53248260545,0.3408354554817127
Arnaud Legoux MA,i007,XRPUSDT,True,slip3,37637,-0.13044882951153539,-4909.702596325657,0.3896522378231787
Least Squares MA,i008,XRPUSDT,False,baseline,65401,-0.11064226179084143,-7236.11456338282,0.33880677010829313
Least Squares MA,i008,XRPUSDT,False,delay+1,75755,-0.11291145883589528,-8553.607564113247,0.3341055043926665
Least Squares MA,i008,XRPUSDT,False,tp0.30,68395,-0.1119842027098907,-7659.159544342975,0.30015711170721987
Least Squares MA,i008,XRPUSDT,False,tp0.60,63856,-0.10996170376749675,-7021.714555777273,0.3504115269528589
Least Squares MA,i008,XRPUSDT,False,sl0.20,68958,-0.10943000206503162,-7546.074082400451,0.321822860290775
Least Squares MA,i008,XRPUSDT,False,sl0.40,63842,-0.10985420306369269,-7013.312031992268,0.3496485287289336
Least Squares MA,i008,XRPUSDT,False,fee0.02,65401,-0.05064290596509435,-3312.0966930231352,0.5853334385880438
Least Squares MA,i008,XRPUSDT,False,fee0.07,65401,-0.15064183234133946,-9852.126476955942,0.24238625906672595
Least Squares MA,i008,XRPUSDT,False,slip3,65401,-0.13241617690551566,-8660.15038579763,0.283007788239864
Least Squares MA,i008,XRPUSDT,True,baseline,27525,-0.10583038762915097,-2912.98141949238,0.45600543242107133
Least Squares MA,i008,XRPUSDT,True,delay+1,27230,-0.10768478937377407,-2932.256814647868,0.4499757532477807
Least Squares MA,i008,XRPUSDT,True,tp0.30,28578,-0.10852988607078448,-3101.567084130879,0.3934575992042438
Least Squares MA,i008,XRPUSDT,True,tp0.60,27059,-0.10348752367235067,-2800.2689030501365,0.4844818321386365
Least Squares MA,i008,XRPUSDT,True,sl0.20,30406,-0.10498602422206621,-3192.205052496145,0.4226539759012851
Least Squares MA,i008,XRPUSDT,True,sl0.40,25941,-0.1054324500591448,-2735.0231869842755,0.4732784697688734
Least Squares MA,i008,XRPUSDT,True,fee0.02,27525,-0.04583242677927453,-1261.5375470995314,0.7084475660686892
Least Squares MA,i008,XRPUSDT,True,fee0.07,27525,-0.14582902819573526,-4013.944001087613,0.34061386038565516
Least Squares MA,i008,XRPUSDT,True,slip3,27525,-0.1276413498260665,-3513.3281539624804,0.39060099340192383
Smoothed MA,i009,XRPUSDT,False,baseline,61832,-0.11086389491488692,-6854.936350377288,0.30933471623771186
Smoothed MA,i009,XRPUSDT,False,delay+1,71475,-0.1111208544016875,-7942.363068360613,0.3260726277060995
Smoothed MA,i009,XRPUSDT,False,tp0.30,63840,-0.11159594984548879,-7124.285438136005,0.27232497810140055
Smoothed MA,i009,XRPUSDT,False,tp0.60,60887,-0.11073302837169224,-6742.201898467227,0.3204546262373205
Smoothed MA,i009,XRPUSDT,False,sl0.20,65376,-0.10997098859411172,-7189.463350328649,0.307032584606711
Smoothed MA,i009,XRPUSDT,False,sl0.40,60423,-0.1106441913328328,-6685.453972903757,0.3088515401877651
Smoothed MA,i009,XRPUSDT,False,fee0.02,61832,-0.05086399315687459,-3145.02242487587,0.5478974640655034
Smoothed MA,i009,XRPUSDT,False,fee0.07,61832,-0.15086382942022847,-9328.212300711566,0.22036309795778894
Smoothed MA,i009,XRPUSDT,False,slip3,61832,-0.13264515541371263,-8201.715249540679,0.25743282441814297
Smoothed MA,i009,XRPUSDT,True,baseline,24579,-0.11008979474074543,-2705.897064932782,0.4386088368962292
Smoothed MA,i009,XRPUSDT,True,delay+1,24524,-0.11024920419021651,-2703.75148356087,0.43956468316984687
Smoothed MA,i009,XRPUSDT,True,tp0.30,25527,-0.11160831053807206,-2849.0253431053657,0.3821913730330576
Smoothed MA,i009,XRPUSDT,True,tp0.60,24180,-0.1082053680247447,-2616.405798838327,0.4650890535639754
Smoothed MA,i009,XRPUSDT,True,sl0.20,27176,-0.1070491050601132,-2909.1664791136363,0.4147163180838487
Smoothed MA,i009,XRPUSDT,True,sl0.40,23275,-0.11055407900702026,-2573.1461888883964,0.4523920693964914
Smoothed MA,i009,XRPUSDT,True,fee0.02,24579,-0.050091514005052025,-1231.1993227301737,0.6835428417537294
Smoothed MA,i009,XRPUSDT,True,fee0.07,24579,-0.15008864856454102,-3689.0288930678535,0.32681878299950906
Smoothed MA,i009,XRPUSDT,True,slip3,24579,-0.13190299599662592,-3242.043738601068,0.37536485116858037
Adaptive MA,i010,XRPUSDT,False,baseline,56601,-0.11360051295782665,-6429.902633925947,0.3172177187750143
Adaptive MA,i010,XRPUSDT,False,delay+1,65620,-0.11248432592474125,-7381.221467181521,0.3354135709319711
Adaptive MA,i010,XRPUSDT,False,tp0.30,58459,-0.11360931453455089,-6641.486918375311,0.2792625289540227
Adaptive MA,i010,XRPUSDT,False,tp0.60,55724,-0.11347703128958819,-6323.394091581013,0.3314819891178639
Adaptive MA,i010,XRPUSDT,False,sl0.20,60250,-0.11290247783761348,-6802.374289716212,0.3114691471928019
Adaptive MA,i010,XRPUSDT,False,sl0.40,55067,-0.11324142052141402,-6235.865303852705,0.3172396248846852
Adaptive MA,i010,XRPUSDT,False,fee0.02,56601,-0.0536007080218316,-3033.8536747436906,0.5509280286659519
Adaptive MA,i010,XRPUSDT,False,fee0.07,56601,-0.1536003829151567,-8693.935273380785,0.2270404636513398
Adaptive MA,i010,XRPUSDT,False,slip3,56601,-0.13528615703960353,-7657.331774598599,0.2649995841325336
Adaptive MA,i010,XRPUSDT,True,baseline,23691,-0.1130978539845119,-2679.4012587470716,0.42815119620544617
Adaptive MA,i010,XRPUSDT,True,delay+1,23625,-0.11116027653788904,-2626.1615332076285,0.43558386675786903
Adaptive MA,i010,XRPUSDT,True,tp0.30,24449,-0.11376421670452931,-2781.421334209037,0.37420364379844717
Adaptive MA,i010,XRPUSDT,True,tp0.60,23341,-0.1116293045744898,-2605.539598073167,0.45274188063064214
Adaptive MA,i010,XRPUSDT,True,sl0.20,26048,-0.10998434794548392,-2864.8722952839653,0.4028346013433431
Adaptive MA,i010,XRPUSDT,True,sl0.40,22479,-0.11301297258529425,-2540.4186107448295,0.4440558883747373
Adaptive MA,i010,XRPUSDT,True,fee0.02,23691,-0.05309987627083135,-1257.9891687322654,0.667508737997716
Adaptive MA,i010,XRPUSDT,True,fee0.07,23691,-0.15309650579363232,-3627.009318756943,0.31903983581370504
Adaptive MA,i010,XRPUSDT,True,slip3,23691,-0.1348317634426842,-3194.2993077206315,0.36657255561364194
Multi-Timeframe MA,i011,XRPUSDT,False,baseline,12242,-0.11339037948931283,-1388.1250257081674,0.3266136339196112
Multi-Timeframe MA,i011,XRPUSDT,False,delay+1,13674,-0.11044163176179458,-1510.1788727107792,0.3494622265322424
Multi-Timeframe MA,i011,XRPUSDT,False,tp0.30,12419,-0.11264249529945654,-1398.9071491239506,0.28601183354369586
Multi-Timeframe MA,i011,XRPUSDT,False,tp0.60,12187,-0.1132489828370104,-1380.1653538346457,0.34316738674999003
Multi-Timeframe MA,i011,XRPUSDT,False,sl0.20,13053,-0.1135326679426036,-1481.9419146548046,0.3166655962740581
Multi-Timeframe MA,i011,XRPUSDT,False,sl0.40,11950,-0.11353761555697012,-1356.774505905793,0.3262840114205596
Multi-Timeframe MA,i011,XRPUSDT,False,fee0.02,12242,-0.05338977617389847,-653.597639920865,0.5627774889105699
Multi-Timeframe MA,i011,XRPUSDT,False,fee0.07,12242,-0.15339078169958903,-1877.809949566369,0.23377209754849043
Multi-Timeframe MA,i011,XRPUSDT,False,slip3,12242,-0.1348523681804762,-1650.8626912653895,0.2738952132529822
Multi-Timeframe MA,i011,XRPUSDT,True,baseline,5022,-0.10780667598496894,-541.405126796514,0.4241627315241699
Multi-Timeframe MA,i011,XRPUSDT,True,delay+1,5026,-0.10692672794136739,-537.4137346333125,0.42904060017367646
Multi-Timeframe MA,i011,XRPUSDT,True,tp0.30,5109,-0.10875878819586768,-555.648648892688,0.3738932701149601
Multi-Timeframe MA,i011,XRPUSDT,True,tp0.60,4997,-0.1078449587132996,-538.9012586903582,0.44042655060066443
Multi-Timeframe MA,i011,XRPUSDT,True,sl0.20,5471,-0.10916833877446543,-597.2599814351004,0.3912151519994295
Multi-Timeframe MA,i011,XRPUSDT,True,sl0.40,4838,-0.10736961123035517,-519.4541791324583,0.43742014058711814
Multi-Timeframe MA,i011,XRPUSDT,True,fee0.02,5022,-0.04780595584932624,-240.0815102753164,0.6796462853065564
Multi-Timeframe MA,i011,XRPUSDT,True,fee0.07,5022,-0.14780715607539738,-742.2875378106456,0.3111246044001263
Multi-Timeframe MA,i011,XRPUSDT,True,slip3,5022,-0.129348864835396,-649.5899992033587,0.36045201247227454
WMA,i012,XRPUSDT,False,baseline,82194,-0.11077387057784344,-9104.947518275265,0.2916091444248574
WMA,i012,XRPUSDT,False,delay+1,98200,-0.11152357005271953,-10951.614579177058,0.29860113153028683
WMA,i012,XRPUSDT,False,tp0.30,85751,-0.1113881513759913,-9551.64536864263,0.26176877000775894
WMA,i012,XRPUSDT,False,tp0.60,80491,-0.11053649975106931,-8897.19340146332,0.29977915401838673
WMA,i012,XRPUSDT,False,sl0.20,86633,-0.1099439378321067,-9524.773166208899,0.28799103804066456
WMA,i012,XRPUSDT,False,sl0.40,80429,-0.11081019526840924,-8912.353195242888,0.291090574181771
WMA,i012,XRPUSDT,False,fee0.02,82194,-0.05077425527407597,-4173.3391379974,0.5343175365140277
WMA,i012,XRPUSDT,False,fee0.07,82194,-0.15077361411368842,-12392.686438460507,0.2039808210589826
WMA,i012,XRPUSDT,False,slip3,82194,-0.13262947218534513,-10901.346836802255,0.24041022781411933
WMA,i012,XRPUSDT,True,baseline,31611,-0.10806147884097698,-3415.9314076421238,0.45067600225588655
WMA,i012,XRPUSDT,True,delay+1,31381,-0.10927421003444689,-3429.133985090978,0.4460007445311209
WMA,i012,XRPUSDT,True,tp0.30,33203,-0.11014474782758968,-3657.13606211946,0.3901408343513545
WMA,i012,XRPUSDT,True,tp0.60,30850,-0.10649261825465622,-3285.2972731561445,0.47591090218583126
WMA,i012,XRPUSDT,True,sl0.20,35469,-0.10667004504569069,-3783.4798277256027,0.4198492418182398
WMA,i012,XRPUSDT,True,sl0.40,29646,-0.10948299813164376,-3245.732962610711,0.4619032902828344
WMA,i012,XRPUSDT,True,fee0.02,31611,-0.048063765691193465,-1519.3436972643167,0.6980000693418781
WMA,i012,XRPUSDT,True,fee0.07,31611,-0.148059954274166,-4680.323214560662,0.33725546419503044
WMA,i012,XRPUSDT,True,slip3,31611,-0.12992875355043487,-4107.177828482797,0.38625328200550296
McGinley Dynamic,i013,XRPUSDT,False,baseline,44705,-0.11037943593438483,-4934.512683446674,0.3273009497137525
McGinley Dynamic,i013,XRPUSDT,False,delay+1,51083,-0.11003719900307778,-5621.030236674223,0.34710731893896096
McGinley Dynamic,i013,XRPUSDT,False,tp0.30,45871,-0.11002039842639617,-5046.745696217218,0.28928644023980293
McGinley Dynamic,i013,XRPUSDT,False,tp0.60,44287,-0.10959619553683386,-4853.686711739761,0.3461995932469236
McGinley Dynamic,i013,XRPUSDT,False,sl0.20,47423,-0.11013813947456937,-5223.080988302503,0.3222692161118876
McGinley Dynamic,i013,XRPUSDT,False,sl0.40,43671,-0.11019311875750147,-4812.243689258848,0.326860219433495
McGinley Dynamic,i013,XRPUSDT,False,fee0.02,44705,-0.05037945796291562,-2252.213668232143,0.5680789020806968
McGinley Dynamic,i013,XRPUSDT,False,fee0.07,44705,-0.1503794212486976,-6722.712026923027,0.2341001286976477
McGinley Dynamic,i013,XRPUSDT,False,slip3,44705,-0.13206496654978928,-5903.9643296083295,0.27341547101026914
McGinley Dynamic,i013,XRPUSDT,True,baseline,18235,-0.1086028557276898,-1980.3730741944237,0.4395758389136035
McGinley Dynamic,i013,XRPUSDT,True,delay+1,18240,-0.1094897200638664,-1997.092493964923,0.43684194818472816
McGinley Dynamic,i013,XRPUSDT,True,tp0.30,18746,-0.1097625146844701,-2057.6081002750766,0.38428283603290436
McGinley Dynamic,i013,XRPUSDT,True,tp0.60,18072,-0.1065824661551654,-1926.1583283561488,0.46684248604118256
McGinley Dynamic,i013,XRPUSDT,True,sl0.20,19937,-0.1050785427010754,-2094.95090583134,0.4180616827571934
McGinley Dynamic,i013,XRPUSDT,True,sl0.40,17368,-0.10836954582448478,-1882.1622718796518,0.45426317290871987
McGinley Dynamic,i013,XRPUSDT,True,fee0.02,18235,-0.04860532385025592,-886.3180804094167,0.688670648844076
McGinley Dynamic,i013,XRPUSDT,True,fee0.07,18235,-0.14860121031264575,-2709.743070051095,0.3265940877198985
McGinley Dynamic,i013,XRPUSDT,True,slip3,18235,-0.1304228316349732,-2378.2603348637363,0.37563254865354195
Guppy MMA,i014,XRPUSDT,False,baseline,21244,-0.1127653398282633,-2395.5868793116256,0.41547664042548255
Guppy MMA,i014,XRPUSDT,False,delay+1,22520,-0.11217023720422722,-2526.073741839197,0.4065934170206083
Guppy MMA,i014,XRPUSDT,False,tp0.30,21324,-0.11440654617601688,-2439.605190657384,0.3617123922068705
Guppy MMA,i014,XRPUSDT,False,tp0.60,21223,-0.11290060392199514,-2396.089517036503,0.43199877466250836
Guppy MMA,i014,XRPUSDT,False,sl0.20,22867,-0.10878239210203157,-2487.526960197156,0.3908902464597519
Guppy MMA,i014,XRPUSDT,False,sl0.40,20114,-0.11235967806869601,-2260.0025646737513,0.43407737376722616
Guppy MMA,i014,XRPUSDT,False,fee0.02,21244,-0.05276773718837891,-1120.9978088299217,0.6590687119758041
Guppy MMA,i014,XRPUSDT,False,fee0.07,21244,-0.15276374158818623,-3245.312926299428,0.3063818763690242
Guppy MMA,i014,XRPUSDT,False,slip3,21244,-0.13421055432169024,-2851.1690160099874,0.354565094589228
Guppy MMA,i014,XRPUSDT,True,baseline,9363,-0.10983697181845109,-1028.4035671361576,0.43282844188975395
Guppy MMA,i014,XRPUSDT,True,delay+1,9340,-0.11160821859640703,-1042.4207616904416,0.4268404221659793
Guppy MMA,i014,XRPUSDT,True,tp0.30,9413,-0.11325802708592168,-1066.0978089597809,0.37081072740042353
Guppy MMA,i014,XRPUSDT,True,tp0.60,9349,-0.10904512013176777,-1019.4628281118968,0.4539660018986299
Guppy MMA,i014,XRPUSDT,True,sl0.20,9779,-0.10743380278794637,-1050.5951574633275,0.40499689175518144
Guppy MMA,i014,XRPUSDT,True,sl0.40,9133,-0.10866754933325966,-992.4607280606605,0.4530091882694386
Guppy MMA,i014,XRPUSDT,True,fee0.02,9363,-0.04984068038627043,-466.6582904566501,0.6802274645313793
Guppy MMA,i014,XRPUSDT,True,fee0.07,9363,-0.14983449943990484,-1402.9004182558292,0.32102285598998836
Guppy MMA,i014,XRPUSDT,True,slip3,9363,-0.1316483123287603,-1232.6231483341826,0.3696250154923034
MA Cross,i015,XRPUSDT,False,baseline,27444,-0.11076507983085197,-3039.8368508779013,0.4080712724512808
MA Cross,i015,XRPUSDT,False,delay+1,32678,-0.11041750000353533,-3608.223065115527,0.39353522913726313
MA Cross,i015,XRPUSDT,False,tp0.30,27611,-0.11153826394121555,-3079.6830056809026,0.3584171226671188
MA Cross,i015,XRPUSDT,False,tp0.60,27418,-0.11095117157657677,-3042.059222286582,0.4250410905854434
MA Cross,i015,XRPUSDT,False,sl0.20,29529,-0.10926729821959436,-3226.554049126402,0.3780172124608538
MA Cross,i015,XRPUSDT,False,sl0.40,25993,-0.1128392923258105,-2933.0317254247925,0.41701976794969586
MA Cross,i015,XRPUSDT,False,fee0.02,27444,-0.05076626376603415,-1393.229342795041,0.6568420930550681
MA Cross,i015,XRPUSDT,False,fee0.07,27444,-0.15076429054073048,-4137.575189599808,0.29877548425692346
MA Cross,i015,XRPUSDT,False,slip3,27444,-0.13221744474606972,-3628.5755536111383,0.346696334136125
MA Cross,i015,XRPUSDT,True,baseline,12260,-0.11117362949864949,-1362.9886976534428,0.4187789805878649
MA Cross,i015,XRPUSDT,True,delay+1,12287,-0.11096608730199745,-1363.4403146796426,0.4186611683812205
MA Cross,i015,XRPUSDT,True,tp0.30,12326,-0.11450216933328722,-1411.3537392020983,0.3591439228916101
MA Cross,i015,XRPUSDT,True,tp0.60,12237,-0.11169731221153012,-1366.8400095324942,0.4338128886018124
MA Cross,i015,XRPUSDT,True,sl0.20,12415,-0.11031730482551462,-1369.589339408764,0.3856108706332658
MA Cross,i015,XRPUSDT,True,sl0.40,12184,-0.1115651445509707,-1359.309721209027,0.43505672788957767
MA Cross,i015,XRPUSDT,True,fee0.02,12260,-0.051175099190327394,-627.4067160734138,0.6657570914964851
MA Cross,i015,XRPUSDT,True,fee0.07,12260,-0.15117264970419755,-1853.376685373462,0.3085429440882299
MA Cross,i015,XRPUSDT,True,slip3,12260,-0.13303206404387183,-1630.9731051778688,0.3561835554791168
EMA Cross,i016,XRPUSDT,False,baseline,23102,-0.1093384566107012,-2525.9370246204194,0.4149952167813702
EMA Cross,i016,XRPUSDT,False,delay+1,27171,-0.11081323399591929,-3010.906380903123,0.392850104130185
EMA Cross,i016,XRPUSDT,False,tp0.30,23208,-0.11033902502597492,-2560.748092802826,0.3619247774640351
EMA Cross,i016,XRPUSDT,False,tp0.60,23081,-0.10924277782286221,-2521.4325549294826,0.4331430702505834
EMA Cross,i016,XRPUSDT,False,sl0.20,25193,-0.1077927883053216,-2715.6237157759674,0.38970702895733683
EMA Cross,i016,XRPUSDT,False,sl0.40,21874,-0.11226129989425548,-2455.6036738869443,0.41549726697086936
EMA Cross,i016,XRPUSDT,False,fee0.02,23102,-0.04933896415273716,-1139.8287498565337,0.6656363669622655
EMA Cross,i016,XRPUSDT,False,fee0.07,23102,-0.1493381182493439,-3450.009207796343,0.3044532849094364
EMA Cross,i016,XRPUSDT,False,slip3,23102,-0.1308801880388953,-3023.5941040745593,0.35289965790998895
EMA Cross,i016,XRPUSDT,True,baseline,9964,-0.1079868159032462,-1075.9806336599452,0.43197951513618965
EMA Cross,i016,XRPUSDT,True,delay+1,9895,-0.10979177064628222,-1086.3895705449625,0.4256189785666364
EMA Cross,i016,XRPUSDT,True,tp0.30,9972,-0.10833836336971905,-1080.3501595228383,0.3812739261067948
EMA Cross,i016,XRPUSDT,True,tp0.60,9963,-0.10667710714750989,-1062.824018510641,0.4549734377806685
EMA Cross,i016,XRPUSDT,True,sl0.20,10313,-0.10571686671304915,-1090.2580464116759,0.40473942974015625
EMA Cross,i016,XRPUSDT,True,sl0.40,9772,-0.10893760244959765,-1064.538251137468,0.44632882821580766
EMA Cross,i016,XRPUSDT,True,fee0.02,9964,-0.04798946374098934,-478.16701671521787,0.684823442466992
EMA Cross,i016,XRPUSDT,True,fee0.07,9964,-0.1479850506780841,-1474.5230449564299,0.31866924024693494
EMA Cross,i016,XRPUSDT,True,slip3,9964,-0.12974665985563588,-1292.7957188015557,0.36807168140159235
MA-EMA Cross,i017,XRPUSDT,False,baseline,51987,-0.10988343528102636,-5712.510149954717,0.37285459544673816
MA-EMA Cross,i017,XRPUSDT,False,delay+1,75049,-0.11162713425660319,-8377.504798823813,0.3359267350098088
MA-EMA Cross,i017,XRPUSDT,False,tp0.30,55194,-0.11132842202688674,-6144.660925351986,0.3304126251061128
MA-EMA Cross,i017,XRPUSDT,False,tp0.60,50315,-0.10955447713338776,-5512.233516966405,0.3845651413004699
MA-EMA Cross,i017,XRPUSDT,False,sl0.20,55828,-0.10919752024348668,-6096.279160153375,0.34734956261648864
MA-EMA Cross,i017,XRPUSDT,False,sl0.40,50139,-0.11000538698393662,-5515.560097987598,0.38462269344878824
MA-EMA Cross,i017,XRPUSDT,False,fee0.02,51987,-0.049884026096612,-2593.320864684568,0.6255856178684254
MA-EMA Cross,i017,XRPUSDT,False,fee0.07,51987,-0.14988304140396924,-7791.969673468148,0.2687424548161593
MA-EMA Cross,i017,XRPUSDT,False,slip3,51987,-0.1315525182886598,-6839.020768272556,0.3133356702438476
MA-EMA Cross,i017,XRPUSDT,True,baseline,26088,-0.10746841281069372,-2803.635953405378,0.4452937789451127
MA-EMA Cross,i017,XRPUSDT,True,delay+1,25979,-0.10996729472958129,-2856.840349779792,0.43632453433453394
MA-EMA Cross,i017,XRPUSDT,True,tp0.30,26693,-0.11029926124088557,-2944.2181803029584,0.38340967797806486
MA-EMA Cross,i017,XRPUSDT,True,tp0.60,25792,-0.10629933022859259,-2741.67232525586,0.4684254544139333
MA-EMA Cross,i017,XRPUSDT,True,sl0.20,27931,-0.10614996756984102,-2964.8747441932296,0.4133045189058092
MA-EMA Cross,i017,XRPUSDT,True,sl0.40,24912,-0.10840724574729897,-2700.6413060567124,0.4598851465689385
MA-EMA Cross,i017,XRPUSDT,True,fee0.02,26088,-0.047470030829614825,-1238.3981642829915,0.6960776205821477
MA-EMA Cross,i017,XRPUSDT,True,fee0.07,26088,-0.147467334131413,-3847.1278128203026,0.3312338957529581
MA-EMA Cross,i017,XRPUSDT,True,slip3,26088,-0.1291951733431016,-3370.4436821748345,0.38087072404271527
SuperTrend,i018,XRPUSDT,False,baseline,17323,-0.11584893502220163,-2006.8511013895989,0.3932426161902026
SuperTrend,i018,XRPUSDT,False,delay+1,19137,-0.1135304961129957,-2172.633104114399,0.3899796717376398
SuperTrend,i018,XRPUSDT,False,tp0.30,17452,-0.11520915638513185,-2010.630197233321,0.35091800771879955
SuperTrend,i018,XRPUSDT,False,tp0.60,17276,-0.11536175749765974,-1992.9897225295697,0.4108395868519197
SuperTrend,i018,XRPUSDT,False,sl0.20,18155,-0.11512856519278586,-2090.159101075027,0.35723677892501177
SuperTrend,i018,XRPUSDT,False,sl0.40,16688,-0.1174286535800598,-1959.649370944038,0.40705968425764005
SuperTrend,i018,XRPUSDT,False,fee0.02,17323,-0.055849600371672053,-967.4826272384748,0.6335620071238405
SuperTrend,i018,XRPUSDT,False,fee0.07,17323,-0.15584849145588803,-2699.7634174903483,0.287152098061451
SuperTrend,i018,XRPUSDT,False,slip3,17323,-0.1371209794731063,-2375.3467274126206,0.33431750537410165
SuperTrend,i018,XRPUSDT,True,baseline,6985,-0.11323067084936371,-790.9162358828055,0.40043541406775346
SuperTrend,i018,XRPUSDT,True,delay+1,6991,-0.11170995817801803,-780.964317622524,0.4054917065600742
SuperTrend,i018,XRPUSDT,True,tp0.30,6987,-0.11404895047718536,-796.860016984094,0.35164004221994116
SuperTrend,i018,XRPUSDT,True,tp0.60,6984,-0.11277131226230645,-787.5948448399482,0.41813468452385455
SuperTrend,i018,XRPUSDT,True,sl0.20,7009,-0.1130705583631746,-792.5115435674908,0.3683315316045579
SuperTrend,i018,XRPUSDT,True,sl0.40,6970,-0.11352090658724183,-791.2407189130755,0.41620926826090326
SuperTrend,i018,XRPUSDT,True,fee0.02,6985,-0.05323331874905088,-371.8347314621204,0.6459392885585663
SuperTrend,i018,XRPUSDT,True,fee0.07,6985,-0.15322890558290558,-1070.3039054965957,0.2926237978783491
SuperTrend,i018,XRPUSDT,True,slip3,6985,-0.1347701638369336,-941.3695944009813,0.3399237950577213
Ichimoku Cloud,i019,XRPUSDT,False,baseline,21958,-0.11343334530571142,-2490.7693962228113,0.4041963699468243
Ichimoku Cloud,i019,XRPUSDT,False,delay+1,24673,-0.11221559480817732,-2768.6953707021585,0.39294313076353404
Ichimoku Cloud,i019,XRPUSDT,False,tp0.30,22360,-0.1160120210407631,-2594.028790471463,0.3461587553347314
Ichimoku Cloud,i019,XRPUSDT,False,tp0.60,21835,-0.11348855842997986,-2478.0226733186105,0.42252042993511274
Ichimoku Cloud,i019,XRPUSDT,False,sl0.20,24524,-0.11089785775471503,-2719.6590635766315,0.38309604148395676
Ichimoku Cloud,i019,XRPUSDT,False,sl0.40,20721,-0.1143165907454924,-2368.7540768373483,0.41107043792706016
Ichimoku Cloud,i019,XRPUSDT,False,fee0.02,21958,-0.05343397904049782,-1173.3033117712512,0.6445924402158169
Ichimoku Cloud,i019,XRPUSDT,False,fee0.07,21958,-0.1534329228158538,-3369.080119190518,0.2980848077405516
Ichimoku Cloud,i019,XRPUSDT,False,slip3,21958,-0.13509337334847032,-2966.380291985711,0.3442625955610036
Ichimoku Cloud,i019,XRPUSDT,True,baseline,9381,-0.11155607601487702,-1046.5075490955612,0.4272237747996841
Ichimoku Cloud,i019,XRPUSDT,True,delay+1,9397,-0.11189974830909713,-1051.5219348605858,0.4257963246055396
Ichimoku Cloud,i019,XRPUSDT,True,tp0.30,9571,-0.11342282200177756,-1085.569829379013,0.36977642091386465
Ichimoku Cloud,i019,XRPUSDT,True,tp0.60,9326,-0.11150648738265732,-1039.9095013306621,0.4463831099502274
Ichimoku Cloud,i019,XRPUSDT,True,sl0.20,10220,-0.10864621528970402,-1110.364320260775,0.4030546212475761
Ichimoku Cloud,i019,XRPUSDT,True,sl0.40,8987,-0.11205774719518995,-1007.062974043172,0.43998146877609834
Ichimoku Cloud,i019,XRPUSDT,True,fee0.02,9381,-0.051557945936872164,-483.66509083379776,0.6712340767487075
Ichimoku Cloud,i019,XRPUSDT,True,fee0.07,9381,-0.15155482940021356,-1421.7358546034034,0.31706810119688444
Ichimoku Cloud,i019,XRPUSDT,True,slip3,9381,-0.13352840278265024,-1252.6299465040418,0.36447938930251955
Parabolic SAR,i020,XRPUSDT,False,baseline,39475,-0.1118296912074085,-4414.477060412451,0.40639773552317116
Parabolic SAR,i020,XRPUSDT,False,delay+1,53336,-0.11166556340576485,-5955.794489809873,0.3823784740512958
Parabolic SAR,i020,XRPUSDT,False,tp0.30,41010,-0.11260372260792255,-4617.878664150903,0.3572834683763316
Parabolic SAR,i020,XRPUSDT,False,tp0.60,38698,-0.1104802956416293,-4275.366480739771,0.4277270961334252
Parabolic SAR,i020,XRPUSDT,False,sl0.20,43046,-0.11063373031353625,-4762.339555076481,0.3783275651313271
Parabolic SAR,i020,XRPUSDT,False,sl0.40,37445,-0.11232099883886087,-4205.8598015211455,0.41652292231281934
Parabolic SAR,i020,XRPUSDT,False,fee0.02,39475,-0.051830122412940306,-2045.9940822508188,0.6492155189525473
Parabolic SAR,i020,XRPUSDT,False,fee0.07,39475,-0.15182940373705398,-5993.465712520206,0.3001316641834336
Parabolic SAR,i020,XRPUSDT,False,slip3,39475,-0.1331770064260177,-5257.162328667048,0.346747471686759
Parabolic SAR,i020,XRPUSDT,True,baseline,19714,-0.10863359148523105,-2141.602622539845,0.43532050134957107
Parabolic SAR,i020,XRPUSDT,True,delay+1,19689,-0.10603027654988374,-2087.630114990661,0.44616710160977024
Parabolic SAR,i020,XRPUSDT,True,tp0.30,19872,-0.11064672475886243,-2198.7717144081143,0.37821407678930785
Parabolic SAR,i020,XRPUSDT,True,tp0.60,19648,-0.10743801979158042,-2110.9422128649717,0.45834135687954836
Parabolic SAR,i020,XRPUSDT,True,sl0.20,20462,-0.10844244188390832,-2218.949245828532,0.3997454111990692
Parabolic SAR,i020,XRPUSDT,True,sl0.40,19244,-0.10746421137519448,-2068.0412837042427,0.45600949026659454
Parabolic SAR,i020,XRPUSDT,True,fee0.02,19714,-0.0486355198997261,-958.8006393032003,0.6857145237950006
Parabolic SAR,i020,XRPUSDT,True,fee0.07,19714,-0.14863230587556767,-2930.137278030941,0.32247120063876294
Parabolic SAR,i020,XRPUSDT,True,slip3,19714,-0.1301790415535957,-2566.3496251875854,0.3721100038831513
Directional Movement,i021,XRPUSDT,False,baseline,35205,-0.11313645970565253,-3982.9690639374976,0.345246523257799
Directional Movement,i021,XRPUSDT,False,delay+1,45201,-0.11113543019629173,-5023.432580302582,0.3477034609075465
Directional Movement,i021,XRPUSDT,False,tp0.30,35909,-0.11347578747306653,-4074.802052370346,0.3000981654733756
Directional Movement,i021,XRPUSDT,False,tp0.60,34932,-0.11241436692964703,-3926.8586655864297,0.3646501825703573
Directional Movement,i021,XRPUSDT,False,sl0.20,38166,-0.11127282045986231,-4246.838465671105,0.3384276353744019
Directional Movement,i021,XRPUSDT,False,sl0.40,33972,-0.11391712578135477,-3869.992597044184,0.34488794006244106
Directional Movement,i021,XRPUSDT,False,fee0.02,35205,-0.05313633724530009,-1870.66475272079,0.5843435017754384
Directional Movement,i021,XRPUSDT,False,fee0.07,35205,-0.15313654134588753,-5391.17193808197,0.24880855369871369
Directional Movement,i021,XRPUSDT,False,slip3,35205,-0.13469122937573885,-4741.804730172887,0.2900755628696632
Directional Movement,i021,XRPUSDT,True,baseline,15393,-0.11011364501674309,-1694.9793377427263,0.4303033788833016
Directional Movement,i021,XRPUSDT,True,delay+1,15378,-0.10967118088986365,-1686.5234197243233,0.431843021448999
Directional Movement,i021,XRPUSDT,True,tp0.30,15711,-0.11198683348854785,-1759.4251409385752,0.3738054083276803
Directional Movement,i021,XRPUSDT,True,tp0.60,15286,-0.10966688550028769,-1676.3680117573977,0.44945096988677474
Directional Movement,i021,XRPUSDT,True,sl0.20,16646,-0.10880341936102368,-1811.1417186836004,0.3999214595007578
Directional Movement,i021,XRPUSDT,True,sl0.40,14767,-0.11106198832431394,-1640.0523815851438,0.442210027508911
Directional Movement,i021,XRPUSDT,True,fee0.02,15393,-0.050115766384063,-771.4319919498818,0.6777594257918279
Directional Movement,i021,XRPUSDT,True,fee0.07,15393,-0.15011223077186311,-2310.677568271289,0.31858866945767417
Directional Movement,i021,XRPUSDT,True,slip3,15393,-0.13183414392916282,-2029.322977501603,0.36736906728235086
Vortex,i022,XRPUSDT,False,baseline,40882,-0.11255607959254436,-4601.517645902399,0.3514684414284654
Vortex,i022,XRPUSDT,False,delay+1,48236,-0.10899234673031302,-5257.354836883379,0.3646174294643626
Vortex,i022,XRPUSDT,False,tp0.30,41429,-0.11353028114731827,-4703.446017652249,0.3036536426171845
Vortex,i022,XRPUSDT,False,tp0.60,40695,-0.11214379657931188,-4563.691801795097,0.36935460615924365
Vortex,i022,XRPUSDT,False,sl0.20,44202,-0.11027029748393036,-4874.16768938469,0.3374387568715186
Vortex,i022,XRPUSDT,False,sl0.40,39204,-0.11338055014513852,-4444.9710878900105,0.35544793988722706
Vortex,i022,XRPUSDT,False,fee0.02,40882,-0.0525562821782589,-2148.6059280115805,0.5962587427142635
Vortex,i022,XRPUSDT,False,fee0.07,40882,-0.15255594453540133,-6236.792124496277,0.25237095114971525
Vortex,i022,XRPUSDT,False,slip3,40882,-0.1340919985264045,-5481.949083756469,0.29502974290657574
Vortex,i022,XRPUSDT,True,baseline,17479,-0.10951567073533,-1914.224408782833,0.4358417298308252
Vortex,i022,XRPUSDT,True,delay+1,17575,-0.10779622656503596,-1894.5186818805068,0.44155752722559566
Vortex,i022,XRPUSDT,True,tp0.30,17977,-0.11166500949754314,-2007.401875737333,0.378061879528045
Vortex,i022,XRPUSDT,True,tp0.60,17297,-0.10940729893987268,-1892.4180497629777,0.45394925448172474
Vortex,i022,XRPUSDT,True,sl0.20,18533,-0.10725269980353344,-1987.7142854588851,0.408347279544723
Vortex,i022,XRPUSDT,True,sl0.40,16936,-0.11006296076290642,-1864.026303480583,0.45014036008366465
Vortex,i022,XRPUSDT,True,fee0.02,17479,-0.04951710992113716,-865.5095643115566,0.6830878536983924
Vortex,i022,XRPUSDT,True,fee0.07,17479,-0.1495147112781252,-2613.367638430351,0.3238511505072385
Vortex,i022,XRPUSDT,True,slip3,17479,-0.13144527821968788,-2297.5320180019244,0.3723094374956153
Williams Alligator,i023,XRPUSDT,False,baseline,26409,-0.11327793857284592,-2991.5570797702876,0.3922515872999092
Williams Alligator,i023,XRPUSDT,False,delay+1,31326,-0.11336990706242349,-3551.4257086374782,0.37321661013295704
Williams Alligator,i023,XRPUSDT,False,tp0.30,27028,-0.11414181017189015,-3085.024845325847,0.34323533810595697
Williams Alligator,i023,XRPUSDT,False,tp0.60,26125,-0.1136930479481839,-2970.230877646304,0.4062492129663781
Williams Alligator,i023,XRPUSDT,False,sl0.20,28218,-0.11203702332865387,-3161.4607242879547,0.361884135057325
Williams Alligator,i023,XRPUSDT,False,sl0.40,25230,-0.11410915870333903,-2878.974074085244,0.40521362563780383
Williams Alligator,i023,XRPUSDT,False,fee0.02,26409,-0.05327994178435997,-1407.0699825831625,0.6380486197495351
Williams Alligator,i023,XRPUSDT,False,fee0.07,26409,-0.15327660309850324,-4047.881811228372,0.285618847615724
Williams Alligator,i023,XRPUSDT,False,slip3,26409,-0.13469999924109333,-3557.2922799580338,0.33249332398372927
Williams Alligator,i023,XRPUSDT,True,baseline,12056,-0.11195381662614431,-1349.715213244796,0.42523145400340623
Williams Alligator,i023,XRPUSDT,True,delay+1,12080,-0.11286492935465725,-1363.4083466042596,0.4204316027599675
Williams Alligator,i023,XRPUSDT,True,tp0.30,12396,-0.11468503523660377,-1421.6356967929403,0.36505678538546066
Williams Alligator,i023,XRPUSDT,True,tp0.60,11871,-0.11180794135657991,-1327.2720718439602,0.44380042568012434
Williams Alligator,i023,XRPUSDT,True,sl0.20,12344,-0.11050470806755491,-1364.070116385898,0.3942978258142164
Williams Alligator,i023,XRPUSDT,True,sl0.40,11897,-0.11208488253086002,-1333.4738474696414,0.4413440616384211
Williams Alligator,i023,XRPUSDT,True,fee0.02,12056,-0.05195504306351319,-626.369999173715,0.6682135655336756
Williams Alligator,i023,XRPUSDT,True,fee0.07,12056,-0.15195299900123177,-1831.9453559588503,0.3154932748428455
Williams Alligator,i023,XRPUSDT,True,slip3,12056,-0.1336920517302768,-1611.791375660217,0.3633402108175163
Williams Fractal,i024,XRPUSDT,False,baseline,39233,-0.11339221725413864,-4448.716859531622,0.42461660234712806
Williams Fractal,i024,XRPUSDT,False,delay+1,44825,-0.1135707476577938,-5090.808763760608,0.41305096635540306
Williams Fractal,i024,XRPUSDT,False,tp0.30,41460,-0.1141873430857544,-4734.207244335377,0.37120599255107467
Williams Fractal,i024,XRPUSDT,False,tp0.60,38208,-0.11288909674802806,-4313.266608548656,0.4445934548597269
Williams Fractal,i024,XRPUSDT,False,sl0.20,43019,-0.11198872556565005,-4817.6429851087,0.39108111073555085
Williams Fractal,i024,XRPUSDT,False,sl0.40,37243,-0.11432295125638102,-4257.729673641398,0.43879631952295767
Williams Fractal,i024,XRPUSDT,False,fee0.02,39233,-0.05339210319338552,-2094.732384586094,0.6624809989291415
Williams Fractal,i024,XRPUSDT,False,fee0.07,39233,-0.1533922932946407,-6018.039842828639,0.316835141366267
Williams Fractal,i024,XRPUSDT,False,slip3,39233,-0.13425585139036372,-5267.25981759814,0.36539414813688537
Williams Fractal,i024,XRPUSDT,True,baseline,17673,-0.10756891907570544,-1901.065506824942,0.45309458397825286
Williams Fractal,i024,XRPUSDT,True,delay+1,17954,-0.10887575729589154,-1954.7553464904368,0.4504967550040474
Williams Fractal,i024,XRPUSDT,True,tp0.30,18561,-0.10951534969451907,-2032.7144056799686,0.39300901456562215
Williams Fractal,i024,XRPUSDT,True,tp0.60,17251,-0.10612149516879674,-1830.7019131569125,0.47805819135985805
Williams Fractal,i024,XRPUSDT,True,sl0.20,18701,-0.10892614836916738,-2037.027900651799,0.4109709752608717
Williams Fractal,i024,XRPUSDT,True,sl0.40,17244,-0.10781876054683025,-1859.2267068695405,0.4703443866452624
Williams Fractal,i024,XRPUSDT,True,fee0.02,17673,-0.0475687658198864,-840.6827983348525,0.701283779497988
Williams Fractal,i024,XRPUSDT,True,fee0.07,17673,-0.1475690212462514,-2607.9873124850014,0.33931244254672366
Williams Fractal,i024,XRPUSDT,True,slip3,17673,-0.1285000723958222,-2270.9817794513656,0.3904668954927366
Aroon,i025,XRPUSDT,False,baseline,32135,-0.1099587533589554,-3533.5245391900316,0.4076353359496027
Aroon,i025,XRPUSDT,False,delay+1,40869,-0.10989980367931483,-4491.495076569918,0.38716312515730045
Aroon,i025,XRPUSDT,False,tp0.30,32604,-0.11191664502263532,-3648.9302943180023,0.3522440863578655
Aroon,i025,XRPUSDT,False,tp0.60,31981,-0.10964780504063762,-3506.646453004632,0.4262038701313384
Aroon,i025,XRPUSDT,False,sl0.20,35037,-0.10798601065135006,-3783.5058551913526,0.3824189588488756
Aroon,i025,XRPUSDT,False,sl0.40,30345,-0.11102989798677483,-3369.2022544086826,0.41742235052498383
Aroon,i025,XRPUSDT,False,fee0.02,32135,-0.04995898435020735,-1605.431962093913,0.6574868330786827
Aroon,i025,XRPUSDT,False,fee0.07,32135,-0.14995859936478745,-4818.919590587444,0.2988228918164233
Aroon,i025,XRPUSDT,False,slip3,32135,-0.13145415207631972,-4224.279176972534,0.34627848101196285
Aroon,i025,XRPUSDT,True,baseline,15252,-0.10725836513003342,-1635.9045849632696,0.4361391031314451
Aroon,i025,XRPUSDT,True,delay+1,15302,-0.10777983594247073,-1649.2470495916868,0.43429797205688786
Aroon,i025,XRPUSDT,True,tp0.30,15407,-0.10980118869389761,-1691.7069142068804,0.3778889033295899
Aroon,i025,XRPUSDT,True,tp0.60,15189,-0.10639809305033035,-1616.0806353414678,0.45709521418370824
Aroon,i025,XRPUSDT,True,sl0.20,15570,-0.10609503872721764,-1651.8997529827786,0.40585345176053206
Aroon,i025,XRPUSDT,True,sl0.40,15079,-0.1087941813295415,-1640.5074602681561,0.4483734311872783
Aroon,i025,XRPUSDT,True,fee0.02,15252,-0.04725940073964097,-720.800380081004,0.6902554063373746
Aroon,i025,XRPUSDT,True,fee0.07,15252,-0.14725767472362838,-2245.97405488478,0.3221984772720475
Aroon,i025,XRPUSDT,True,slip3,15252,-0.1291771864925044,-1970.210448383677,0.3712745416781535
Trend Strength Index,i026,XRPUSDT,False,baseline,33275,-0.10924714037530664,-3635.1985959883286,0.41000032561290134
Trend Strength Index,i026,XRPUSDT,False,delay+1,43211,-0.11130306773153571,-4809.516859747389,0.3825197491644159
Trend Strength Index,i026,XRPUSDT,False,tp0.30,33997,-0.11076083097371514,-3765.5359706133936,0.35662281488253866
Trend Strength Index,i026,XRPUSDT,False,tp0.60,32982,-0.10842631924182447,-3576.116861233855,0.4309002514727102
Trend Strength Index,i026,XRPUSDT,False,sl0.20,36224,-0.10720667455809284,-3883.4545791923547,0.38698111565754456
Trend Strength Index,i026,XRPUSDT,False,sl0.40,31553,-0.1110752949903387,-3504.7587828301575,0.4159025430733676
Trend Strength Index,i026,XRPUSDT,False,fee0.02,33275,-0.04924780504610864,-1638.720712909265,0.6594295576171894
Trend Strength Index,i026,XRPUSDT,False,fee0.07,33275,-0.14924669726143863,-4966.1838513743705,0.30137189220494853
Trend Strength Index,i026,XRPUSDT,False,slip3,33275,-0.1307800829945785,-4351.7072616446,0.34865795694126883
Trend Strength Index,i026,XRPUSDT,True,baseline,16027,-0.10661169957916718,-1708.6657091553125,0.43942539947053555
Trend Strength Index,i026,XRPUSDT,True,delay+1,16016,-0.1086694396894848,-1740.4497460667883,0.43269131379724934
Trend Strength Index,i026,XRPUSDT,True,tp0.30,16131,-0.10989505798597542,-1772.7171803717695,0.37770039477156897
Trend Strength Index,i026,XRPUSDT,True,tp0.60,15996,-0.10582072011240909,-1692.708238918096,0.4609131370767878
Trend Strength Index,i026,XRPUSDT,True,sl0.20,16528,-0.10527802016597369,-1740.0351173032132,0.4094485709846629
Trend Strength Index,i026,XRPUSDT,True,sl0.40,15767,-0.10813601513167592,-1704.9805505811341,0.4508699131577932
Trend Strength Index,i026,XRPUSDT,True,fee0.02,16027,-0.04661343067150868,-747.0734533722697,0.6944187272401273
Trend Strength Index,i026,XRPUSDT,True,fee0.07,16027,-0.14661054551760622,-2349.727213010675,0.3249037001792613
Trend Strength Index,i026,XRPUSDT,True,slip3,16027,-0.12845876922991914,-2058.8086944479137,0.37452468770219277
Zig Zag,i027,XRPUSDT,False,baseline,32168,-0.11095100088094538,-3569.0717963382513,0.4891064020051227
Zig Zag,i027,XRPUSDT,False,delay+1,33597,-0.11259847191486476,-3782.970860923711,0.4801685551122051
Zig Zag,i027,XRPUSDT,False,tp0.30,33852,-0.1155315611056612,-3910.974406548843,0.4125562328063229
Zig Zag,i027,XRPUSDT,False,tp0.60,30943,-0.10902867530604775,-3373.674299995035,0.5148445516358302
Zig Zag,i027,XRPUSDT,False,sl0.20,34271,-0.11120039453655088,-3810.948721162135,0.44571259454991313
Zig Zag,i027,XRPUSDT,False,sl0.40,29460,-0.11173959207838875,-3291.8483826293327,0.5017601917415301
Zig Zag,i027,XRPUSDT,False,fee0.02,32168,-0.05095176750727377,-1639.0164571739824,0.7165243818402641
Zig Zag,i027,XRPUSDT,False,fee0.07,32168,-0.1509504897967265,-4855.775355781098,0.3788506730493697
Zig Zag,i027,XRPUSDT,False,slip3,32168,-0.13211427106809123,-4249.851871718359,0.42769693646675855
Zig Zag,i027,XRPUSDT,True,baseline,14016,-0.10927889105740228,-1531.6529370605504,0.5175457300701755
Zig Zag,i027,XRPUSDT,True,delay+1,13956,-0.11555775547537842,-1612.7240354143812,0.4977707625642493
Zig Zag,i027,XRPUSDT,True,tp0.30,14261,-0.11394029254949808,-1624.902512048392,0.4287784567315087
Zig Zag,i027,XRPUSDT,True,tp0.60,13729,-0.10684413882222678,-1466.8631818903514,0.5568472972615526
Zig Zag,i027,XRPUSDT,True,sl0.20,14255,-0.11136001462156472,-1587.437008430405,0.4575325985413354
Zig Zag,i027,XRPUSDT,True,sl0.40,13627,-0.10973103297691458,-1495.304786376415,0.5448076270686082
Zig Zag,i027,XRPUSDT,True,fee0.02,14016,-0.04928037283916564,-690.7137057137456,0.7408744253198712
Zig Zag,i027,XRPUSDT,True,fee0.07,14016,-0.1492779032028934,-2092.279091291754,0.40625602832108615
Zig Zag,i027,XRPUSDT,True,slip3,14016,-0.13062283254668716,-1830.8096209743671,0.45534349482341163
Linear Regression Curve,i028,XRPUSDT,False,baseline,107485,-0.10975324489361502,-11796.827527390209,0.2722501966971737
Linear Regression Curve,i028,XRPUSDT,False,delay+1,135865,-0.11146546283355353,-15144.255107880752,0.2607776014349799
Linear Regression Curve,i028,XRPUSDT,False,tp0.30,112699,-0.1112682591362061,-12539.82153639129,0.24766655534249662
Linear Regression Curve,i028,XRPUSDT,False,tp0.60,105093,-0.10981071154462455,-11540.337108359228,0.2759763539852638
Linear Regression Curve,i028,XRPUSDT,False,sl0.20,112700,-0.10957199806707522,-12348.764182159379,0.25849884288623665
Linear Regression Curve,i028,XRPUSDT,False,sl0.40,105167,-0.1098581687737905,-11553.454035433226,0.2761717378279907
Linear Regression Curve,i028,XRPUSDT,False,fee0.02,107485,-0.049753668497754554,-5347.773058481148,0.5268584488901774
Linear Regression Curve,i028,XRPUSDT,False,fee0.07,107485,-0.14975296249085532,-16096.197173329583,0.18348012353473583
Linear Regression Curve,i028,XRPUSDT,False,slip3,107485,-0.13156880696825646,-14141.673216983045,0.2204678403629418
Linear Regression Curve,i028,XRPUSDT,True,baseline,39472,-0.10794756550014907,-4260.906305421884,0.45817167201738446
Linear Regression Curve,i028,XRPUSDT,True,delay+1,39133,-0.10819966572904557,-4234.17751897474,0.4558402340065745
Linear Regression Curve,i028,XRPUSDT,True,tp0.30,42426,-0.10965916398659617,-4652.39969129533,0.3961924067955893
Linear Regression Curve,i028,XRPUSDT,True,tp0.60,37994,-0.10619489299463908,-4034.7687644383172,0.4845170297928722
Linear Regression Curve,i028,XRPUSDT,True,sl0.20,44933,-0.10736394374922635,-4824.184084483988,0.4211130965277269
Linear Regression Curve,i028,XRPUSDT,True,sl0.40,36411,-0.10771919198979786,-3922.16349954053,0.4766138639960235
Linear Regression Curve,i028,XRPUSDT,True,fee0.02,39472,-0.047948566029185055,-1892.6257983039925,0.703416777602256
Linear Regression Curve,i028,XRPUSDT,True,fee0.07,39472,-0.1479468984807917,-5839.7599768338105,0.34484178472010374
Linear Regression Curve,i028,XRPUSDT,True,slip3,39472,-0.1297082552318711,-5119.844250512417,0.39403267212682735
Linear Regression Slope,i029,XRPUSDT,False,baseline,33275,-0.10924714037530664,-3635.1985959883286,0.41000032561290134
Linear Regression Slope,i029,XRPUSDT,False,delay+1,43211,-0.11130306773153571,-4809.516859747389,0.3825197491644159
Linear Regression Slope,i029,XRPUSDT,False,tp0.30,33997,-0.11076083097371514,-3765.5359706133936,0.35662281488253866
Linear Regression Slope,i029,XRPUSDT,False,tp0.60,32982,-0.10842631924182447,-3576.116861233855,0.4309002514727102
Linear Regression Slope,i029,XRPUSDT,False,sl0.20,36224,-0.10720667455809284,-3883.4545791923547,0.38698111565754456
Linear Regression Slope,i029,XRPUSDT,False,sl0.40,31553,-0.1110752949903387,-3504.7587828301575,0.4159025430733676
Linear Regression Slope,i029,XRPUSDT,False,fee0.02,33275,-0.04924780504610864,-1638.720712909265,0.6594295576171894
Linear Regression Slope,i029,XRPUSDT,False,fee0.07,33275,-0.14924669726143863,-4966.1838513743705,0.30137189220494853
Linear Regression Slope,i029,XRPUSDT,False,slip3,33275,-0.1307800829945785,-4351.7072616446,0.34865795694126883
Linear Regression Slope,i029,XRPUSDT,True,baseline,16027,-0.10661169957916718,-1708.6657091553125,0.43942539947053555
Linear Regression Slope,i029,XRPUSDT,True,delay+1,16016,-0.1086694396894848,-1740.4497460667883,0.43269131379724934
Linear Regression Slope,i029,XRPUSDT,True,tp0.30,16131,-0.10989505798597542,-1772.7171803717695,0.37770039477156897
Linear Regression Slope,i029,XRPUSDT,True,tp0.60,15996,-0.10582072011240909,-1692.708238918096,0.4609131370767878
Linear Regression Slope,i029,XRPUSDT,True,sl0.20,16528,-0.10527802016597369,-1740.0351173032132,0.4094485709846629
Linear Regression Slope,i029,XRPUSDT,True,sl0.40,15767,-0.10813601513167592,-1704.9805505811341,0.4508699131577932
Linear Regression Slope,i029,XRPUSDT,True,fee0.02,16027,-0.04661343067150868,-747.0734533722697,0.6944187272401273
Linear Regression Slope,i029,XRPUSDT,True,fee0.07,16027,-0.14661054551760622,-2349.727213010675,0.3249037001792613
Linear Regression Slope,i029,XRPUSDT,True,slip3,16027,-0.12845876922991914,-2058.8086944479137,0.37452468770219277
Keltner Channels,i030,XRPUSDT,False,baseline,21446,-0.11731480758543718,-2515.9333634772856,0.40796595613117886
Keltner Channels,i030,XRPUSDT,False,delay+1,22056,-0.11483893979372935,-2532.8876560904946,0.4160896786639511
Keltner Channels,i030,XRPUSDT,False,tp0.30,22647,-0.11916686591178462,-2698.772012304186,0.3525195590854922
Keltner Channels,i030,XRPUSDT,False,tp0.60,20865,-0.11663062743343372,-2433.4980413985945,0.4290170318200812
Keltner Channels,i030,XRPUSDT,False,sl0.20,22445,-0.11711330950709227,-2628.608231886686,0.36983976677509284
Keltner Channels,i030,XRPUSDT,False,sl0.40,20982,-0.11730803981611676,-2461.357291421762,0.42812870479518245
Keltner Channels,i030,XRPUSDT,False,fee0.02,21446,-0.05731432806975171,-1229.1630797838952,0.6405863687472126
Keltner Channels,i030,XRPUSDT,False,fee0.07,21446,-0.1573151272625608,-3373.7802192728795,0.3033476402236217
Keltner Channels,i030,XRPUSDT,False,slip3,21446,-0.13849865526174004,-2970.242160743277,0.3497793732309065
Keltner Channels,i030,XRPUSDT,True,baseline,9586,-0.11147522728298241,-1068.6015287346695,0.4464274682063915
Keltner Channels,i030,XRPUSDT,True,delay+1,9790,-0.1102555957664408,-1079.4022825534555,0.4509063417417443
Keltner Channels,i030,XRPUSDT,True,tp0.30,10146,-0.11642013146539885,-1181.1986538479368,0.3739189659154526
Keltner Channels,i030,XRPUSDT,True,tp0.60,9286,-0.10925745311355088,-1014.5647096124335,0.4756564359908151
Keltner Channels,i030,XRPUSDT,True,sl0.20,9979,-0.1112547437964043,-1110.2110883443186,0.4074717454846783
Keltner Channels,i030,XRPUSDT,True,sl0.40,9415,-0.10933840918590763,-1029.4211224853204,0.47281511882872757
Keltner Channels,i030,XRPUSDT,True,fee0.02,9586,-0.05147520114158992,-493.441278143281,0.6848319101265201
Keltner Channels,i030,XRPUSDT,True,fee0.07,9586,-0.15147524471057744,-1452.0416957955952,0.33652687924804514
Keltner Channels,i030,XRPUSDT,True,slip3,9586,-0.13273910132768693,-1272.437025327207,0.38509855925180714
Donchian Channels,i031,XRPUSDT,False,baseline,31714,-0.11550712625283523,-3663.1930019824163,0.4209459197764035
Donchian Channels,i031,XRPUSDT,False,delay+1,33002,-0.1147943696426146,-3788.443786945567,0.42193365722733556
Donchian Channels,i031,XRPUSDT,False,tp0.30,34223,-0.11692344094068176,-4001.470919312952,0.3660275727746044
Donchian Channels,i031,XRPUSDT,False,tp0.60,30441,-0.11406184907645597,-3472.156747736396,0.4444577371663643
Donchian Channels,i031,XRPUSDT,False,sl0.20,33602,-0.11598236298824771,-3897.239361131099,0.3795980429437858
Donchian Channels,i031,XRPUSDT,False,sl0.40,30783,-0.11645444026418723,-3584.8170346524753,0.4384045119475451
Donchian Channels,i031,XRPUSDT,False,fee0.02,31714,-0.05550673011657961,-1760.3404389172056,0.6555012383226314
Donchian Channels,i031,XRPUSDT,False,fee0.07,31714,-0.15550739034367228,-4931.761377359223,0.3141765130179574
Donchian Channels,i031,XRPUSDT,False,slip3,31714,-0.13667769054418927,-4334.596277918418,0.3618167478465042
Donchian Channels,i031,XRPUSDT,True,baseline,13648,-0.11194722740661732,-1527.8557596455134,0.44709405275558683
Donchian Channels,i031,XRPUSDT,True,delay+1,13970,-0.11141768767004652,-1556.5050967505497,0.45020528386569963
Donchian Channels,i031,XRPUSDT,True,tp0.30,14731,-0.11515562861269747,-1696.3575650936466,0.3809062203619725
Donchian Channels,i031,XRPUSDT,True,tp0.60,13051,-0.1091805451097271,-1424.9152942270484,0.4779372275488442
Donchian Channels,i031,XRPUSDT,True,sl0.20,14281,-0.11332610189448661,-1618.4100611551632,0.40263372453835145
Donchian Channels,i031,XRPUSDT,True,sl0.40,13390,-0.1109564999847658,-1485.707534796014,0.47023628029508024
Donchian Channels,i031,XRPUSDT,True,fee0.02,13648,-0.05194641677805894,-708.9646961869483,0.6842638234246995
Donchian Channels,i031,XRPUSDT,True,fee0.07,13648,-0.15194776782565628,-2073.783135284557,0.3373235969011173
Donchian Channels,i031,XRPUSDT,True,slip3,13648,-0.13337028531611267,-1820.2376539943057,0.3855788403904126
Price Channel,i032,XRPUSDT,False,baseline,43840,-0.11063031443784598,-4850.032984955167,0.35631730537582856
Price Channel,i032,XRPUSDT,False,delay+1,49490,-0.11024856841463625,-5456.201650840348,0.36543378077909777
Price Channel,i032,XRPUSDT,False,tp0.30,44854,-0.11110831510846447,-4983.652365875066,0.3110358329979156
Price Channel,i032,XRPUSDT,False,tp0.60,43412,-0.11001360451934224,-4775.9105993936855,0.37526607014416385
Price Channel,i032,XRPUSDT,False,sl0.20,46915,-0.1094279702958618,-5133.813226430357,0.3470171042651969
Price Channel,i032,XRPUSDT,False,sl0.40,42584,-0.11093834171323641,-4724.198343516459,0.3580848805267562
Price Channel,i032,XRPUSDT,False,fee0.02,43840,-0.050630350957595244,-2219.6345859809758,0.6004701735075149
Price Channel,i032,XRPUSDT,False,fee0.07,43840,-0.15063029009134643,-6603.631917604627,0.25745286084968333
Price Channel,i032,XRPUSDT,False,slip3,43840,-0.13231827788376807,-5800.833302424392,0.29942645523613587
Price Channel,i032,XRPUSDT,True,baseline,18155,-0.1080942742694187,-1962.4515493612964,0.44201678047323467
Price Channel,i032,XRPUSDT,True,delay+1,18169,-0.10926591223553007,-1985.252359407346,0.4386899117261476
Price Channel,i032,XRPUSDT,True,tp0.30,18591,-0.10828717088189573,-2013.1667938653236,0.38982383757975886
Price Channel,i032,XRPUSDT,True,tp0.60,17984,-0.10687269596849092,-1921.9985642973406,0.46624556303227627
Price Channel,i032,XRPUSDT,True,sl0.20,19819,-0.10545599362093111,-2090.0323375732332,0.4173771363717538
Price Channel,i032,XRPUSDT,True,sl0.40,17376,-0.1099655635851945,-1910.76163285634,0.4514650030001611
Price Channel,i032,XRPUSDT,True,fee0.02,18155,-0.048095799559534275,-873.1792410033447,0.6918007281308689
Price Channel,i032,XRPUSDT,True,fee0.07,18155,-0.14809325740934165,-2688.6330882665975,0.32871002578753983
Price Channel,i032,XRPUSDT,True,slip3,18155,-0.12992066198629434,-2358.7096183611743,0.3777991887994476
MA Channel,i033,XRPUSDT,False,baseline,41275,-0.11081552446617719,-4573.910772341464,0.42067373015414977
MA Channel,i033,XRPUSDT,False,delay+1,49728,-0.11074111122380967,-5506.933978937607,0.3998070046479025
MA Channel,i033,XRPUSDT,False,tp0.30,42732,-0.1128516929114413,-4822.378541491709,0.362890289141637
MA Channel,i033,XRPUSDT,False,tp0.60,40661,-0.11110843648699004,-4517.780135997502,0.438501452302944
MA Channel,i033,XRPUSDT,False,sl0.20,46509,-0.10887608196993,-5063.717696339474,0.39921321469843857
MA Channel,i033,XRPUSDT,False,sl0.40,38856,-0.11248120540671175,-4370.5697172831915,0.42391020669408097
MA Channel,i033,XRPUSDT,False,fee0.02,41275,-0.050816158736270864,-2097.4369518395797,0.6639237722906821
MA Channel,i033,XRPUSDT,False,fee0.07,41275,-0.15081510161944803,-6224.893319342717,0.3122678514644044
MA Channel,i033,XRPUSDT,False,slip3,41275,-0.1324271247780633,-5465.929575214563,0.3593276975244524
MA Channel,i033,XRPUSDT,True,baseline,18491,-0.10803549440710657,-1997.6843270818076,0.4453780239119372
MA Channel,i033,XRPUSDT,True,delay+1,18596,-0.10883476873908401,-2023.8913594720063,0.4439781379721839
MA Channel,i033,XRPUSDT,True,tp0.30,19074,-0.11109843654759548,-2119.091578708836,0.3834722753960055
MA Channel,i033,XRPUSDT,True,tp0.60,18266,-0.10819137142005084,-1976.2235903586486,0.46374156947590045
MA Channel,i033,XRPUSDT,True,sl0.20,20105,-0.10640059379866161,-2139.1839383220918,0.41603894160782745
MA Channel,i033,XRPUSDT,True,sl0.40,17737,-0.10952917073974533,-1942.7189014108628,0.455554485097079
MA Channel,i033,XRPUSDT,True,fee0.02,18491,-0.04803734816292362,-888.2586048806207,0.6945838209319184
MA Channel,i033,XRPUSDT,True,fee0.07,18491,-0.1480342585698952,-2737.301475215932,0.33182057260048287
MA Channel,i033,XRPUSDT,True,slip3,18491,-0.12976901837717483,-2399.5589188123395,0.3812636260337885
Chande Kroll Stop,i034,XRPUSDT,False,baseline,46471,-0.11141670049207174,-5177.645488567066,0.4328799227864257
Chande Kroll Stop,i034,XRPUSDT,False,delay+1,51948,-0.11206882790754044,-5821.751472140911,0.4151612779419563
Chande Kroll Stop,i034,XRPUSDT,False,tp0.30,49342,-0.1131813770839905,-5584.595508078259,0.37464355463057375
Chande Kroll Stop,i034,XRPUSDT,False,tp0.60,45117,-0.11072419778718116,-4995.543631564252,0.4545013130797995
Chande Kroll Stop,i034,XRPUSDT,False,sl0.20,52057,-0.11044082569107029,-5749.218063000046,0.4014992894032835
Chande Kroll Stop,i034,XRPUSDT,False,sl0.40,43668,-0.11223119234507789,-4900.911707324861,0.44434601934439283
Chande Kroll Stop,i034,XRPUSDT,False,fee0.02,46471,-0.05141756598329181,-2389.4257088095537,0.673593970321037
Chande Kroll Stop,i034,XRPUSDT,False,fee0.07,46471,-0.15141612349792505,-7036.458675072075,0.3234978203612525
Chande Kroll Stop,i034,XRPUSDT,False,slip3,46471,-0.13295609551762516,-6178.602714799558,0.3714717375099966
Chande Kroll Stop,i034,XRPUSDT,True,baseline,20693,-0.10830466319076279,-2241.1483954064543,0.4550094149868795
Chande Kroll Stop,i034,XRPUSDT,True,delay+1,20786,-0.10897358783634803,-2265.1249967663302,0.4531199309947847
Chande Kroll Stop,i034,XRPUSDT,True,tp0.30,21954,-0.11078003403584076,-2432.064867222848,0.39216551013154394
Chande Kroll Stop,i034,XRPUSDT,True,tp0.60,20096,-0.10576139652944036,-2125.3810246556336,0.4845917883764304
Chande Kroll Stop,i034,XRPUSDT,True,sl0.20,22461,-0.10722206223044305,-2408.3147397579814,0.42236343471881993
Chande Kroll Stop,i034,XRPUSDT,True,sl0.40,19874,-0.10929580810828653,-2172.1448903440864,0.46848892365562417
Chande Kroll Stop,i034,XRPUSDT,True,fee0.02,20693,-0.04830658555838391,-999.6081749596382,0.7002089758744705
Chande Kroll Stop,i034,XRPUSDT,True,fee0.07,20693,-0.14830338161234866,-3068.841875704331,0.3419770069985084
Chande Kroll Stop,i034,XRPUSDT,True,slip3,20693,-0.13005975549183077,-2691.326520392454,0.39117830161902345
52-Week High/Low,i035,XRPUSDT,False,baseline,2604,-0.11222887867150479,-292.24400006059847,0.5030014440771857
52-Week High/Low,i035,XRPUSDT,False,delay+1,2673,-0.1068679926010534,-285.6581442226157,0.5207994293622934
52-Week High/Low,i035,XRPUSDT,False,tp0.30,2794,-0.12004233680689579,-335.3982890384668,0.40699479905237085
52-Week High/Low,i035,XRPUSDT,False,tp0.60,2466,-0.10634250523413788,-262.24061790738403,0.5570816768283593
52-Week High/Low,i035,XRPUSDT,False,sl0.20,2724,-0.11549769649635178,-314.6157252560622,0.43995442839156057
52-Week High/Low,i035,XRPUSDT,False,sl0.40,2544,-0.10717813604976696,-272.6611781106071,0.5452219157251833
52-Week High/Low,i035,XRPUSDT,False,fee0.02,2604,-0.052218224220401,-135.9762558699242,0.7233347057137132
52-Week High/Low,i035,XRPUSDT,False,fee0.07,2604,-0.15223598163890728,-396.4224961877146,0.39401434214776104
52-Week High/Low,i035,XRPUSDT,False,slip3,2604,-0.13326078102542482,-347.01107379020624,0.4428721091506319
52-Week High/Low,i035,XRPUSDT,True,baseline,2437,-0.11122915186937815,-271.0654431056746,0.5065219271626252
52-Week High/Low,i035,XRPUSDT,True,delay+1,2503,-0.10758625346779604,-269.28839242989346,0.5186051521346642
52-Week High/Low,i035,XRPUSDT,True,tp0.30,2610,-0.11958516147158901,-312.11727144084733,0.40800362570323806
52-Week High/Low,i035,XRPUSDT,True,tp0.60,2303,-0.10536196333527097,-242.64860156112906,0.5604548890448346
52-Week High/Low,i035,XRPUSDT,True,sl0.20,2548,-0.11518176739102055,-293.48314331232035,0.44160767154681996
52-Week High/Low,i035,XRPUSDT,True,sl0.40,2381,-0.1052275535781928,-250.54680506967708,0.5516867867229929
52-Week High/Low,i035,XRPUSDT,True,fee0.02,2437,-0.051218529575623055,-124.8195565757934,0.7280065261414564
52-Week High/Low,i035,XRPUSDT,True,fee0.07,2437,-0.15123623339854822,-368.56270079226204,0.3970038228996741
52-Week High/Low,i035,XRPUSDT,True,slip3,2437,-0.13236012366126848,-322.5616213625113,0.44578290315273783
Majority Rule,i036,XRPUSDT,False,baseline,39073,-0.11070180297106388,-4325.451547488379,0.40722116423019183
Majority Rule,i036,XRPUSDT,False,delay+1,48195,-0.11134667278011535,-5366.352894637659,0.38416679282963456
Majority Rule,i036,XRPUSDT,False,tp0.30,40678,-0.11191865687179635,-4552.627124230932,0.35489807909992904
Majority Rule,i036,XRPUSDT,False,tp0.60,38384,-0.10960742674163018,-4207.171468050733,0.4287827963106807
Majority Rule,i036,XRPUSDT,False,sl0.20,43158,-0.10987409121112682,-4741.946028489811,0.37944738646109294
Majority Rule,i036,XRPUSDT,False,sl0.40,36965,-0.11136603301019003,-4116.645410221675,0.41727875844221746
Majority Rule,i036,XRPUSDT,False,fee0.02,39073,-0.05070188183456562,-1981.0746289219828,0.6533297940268287
Majority Rule,i036,XRPUSDT,False,fee0.07,39073,-0.15070175039539602,-5888.369493199309,0.29998131410935375
Majority Rule,i036,XRPUSDT,False,slip3,39073,-0.13155586851257878,-5140.282450391991,0.34798049165366507
Majority Rule,i036,XRPUSDT,True,baseline,18013,-0.10933016995626138,-1969.3643514221365,0.444104682410746
Majority Rule,i036,XRPUSDT,True,delay+1,17987,-0.10917478043978154,-1963.7267757703505,0.44375987918973253
Majority Rule,i036,XRPUSDT,True,tp0.30,18659,-0.1106340061219831,-2064.319920230083,0.38699224170295254
Majority Rule,i036,XRPUSDT,True,tp0.60,17730,-0.10830853738761274,-1920.310367882374,0.46599302117102703
Majority Rule,i036,XRPUSDT,True,sl0.20,19231,-0.10745487848654801,-2066.464768174805,0.4150359245454814
Majority Rule,i036,XRPUSDT,True,sl0.40,17384,-0.10989488471171292,-1910.4126758284174,0.4598089175443736
Majority Rule,i036,XRPUSDT,True,fee0.02,18013,-0.04933060013791176,-888.5921002842047,0.6896472354617803
Majority Rule,i036,XRPUSDT,True,fee0.07,18013,-0.14932988316849446,-2689.8791855140908,0.33167113938987286
Majority Rule,i036,XRPUSDT,True,slip3,18013,-0.13032288209691617,-2347.506075211751,0.38247213977592515
MACD,i038,XRPUSDT,False,baseline,36335,-0.10937053639710427,-3973.978439988784,0.4082477605954764
MACD,i038,XRPUSDT,False,delay+1,45646,-0.11087871894492533,-5061.170004960061,0.3846897744808624
MACD,i038,XRPUSDT,False,tp0.30,37326,-0.11075250967646473,-4133.948176183722,0.3561978643009121
MACD,i038,XRPUSDT,False,tp0.60,35810,-0.10781611131352109,-3860.89494613719,0.4303764090845322
MACD,i038,XRPUSDT,False,sl0.20,38934,-0.10810136741365149,-4208.818638883107,0.38324314794924735
MACD,i038,XRPUSDT,False,sl0.40,35041,-0.10904651792011748,-3821.0990344388365,0.42155416832360104
MACD,i038,XRPUSDT,False,fee0.02,36335,-0.04937117065846286,-1793.901485875248,0.65753802998183
MACD,i038,XRPUSDT,False,fee0.07,36335,-0.14937011355619859,-5427.3630760644755,0.29987087096978454
MACD,i038,XRPUSDT,False,slip3,36335,-0.1309440044981774,-4757.850403441276,0.3469121462425042
MACD,i038,XRPUSDT,True,baseline,17108,-0.10619661639357972,-1816.8117132613615,0.44365186830381526
MACD,i038,XRPUSDT,True,delay+1,16992,-0.10886242127709511,-1849.7902623404002,0.43393280252897387
MACD,i038,XRPUSDT,True,tp0.30,17251,-0.10837278516045003,-1869.5389168029233,0.3849947565672959
MACD,i038,XRPUSDT,True,tp0.60,17062,-0.10526775326108793,-1796.0784061406823,0.4653398839837788
MACD,i038,XRPUSDT,True,sl0.20,18028,-0.10591660976347829,-1909.4646408159867,0.4097908275138778
MACD,i038,XRPUSDT,True,sl0.40,16613,-0.1074320889524512,-1784.7692937670715,0.45748346310465043
MACD,i038,XRPUSDT,True,fee0.02,17108,-0.046197561623760805,-790.3478842592998,0.698775233408254
MACD,i038,XRPUSDT,True,fee0.07,17108,-0.14619598624012567,-2501.12093259607,0.3285757931688771
MACD,i038,XRPUSDT,True,slip3,17108,-0.1278646779465246,-2187.5089103091427,0.37893318362989464
RSI,i039,XRPUSDT,False,baseline,44711,-0.11071637855676426,-4950.240001651487,0.3257896862555024
RSI,i039,XRPUSDT,False,delay+1,51124,-0.11078172156040007,-5663.604733053893,0.34459291463394154
RSI,i039,XRPUSDT,False,tp0.30,45885,-0.11011610588141128,-5052.677518368557,0.28893737481006004
RSI,i039,XRPUSDT,False,tp0.60,44293,-0.11002222503224535,-4873.214413353243,0.34403582257448334
RSI,i039,XRPUSDT,False,sl0.20,47458,-0.11000934297931762,-5220.823399112456,0.32287724322900746
RSI,i039,XRPUSDT,False,sl0.40,43687,-0.11065297373285844,-4834.0964634673865,0.32508947556156487
RSI,i039,XRPUSDT,False,fee0.02,44711,-0.05071635063226612,-2267.5787531192505,0.5655519464446531
RSI,i039,XRPUSDT,False,fee0.07,44711,-0.15071639717309637,-6738.680834006311,0.23300775334733645
RSI,i039,XRPUSDT,False,slip3,44711,-0.132398411768357,-5919.665388575009,0.2721459069072927
RSI,i039,XRPUSDT,True,baseline,18236,-0.1078523829031127,-1966.7960546211632,0.4425311901498747
RSI,i039,XRPUSDT,True,delay+1,18235,-0.10992758818168574,-2004.5295704930395,0.43536806877468787
RSI,i039,XRPUSDT,True,tp0.30,18742,-0.10890488735493115,-2041.0953988061194,0.38731321657301
RSI,i039,XRPUSDT,True,tp0.60,18072,-0.1057852963554032,-1911.7518757348464,0.47013247136716535
RSI,i039,XRPUSDT,True,sl0.20,19949,-0.10444758611006383,-2083.6248953096633,0.42072295168682017
RSI,i039,XRPUSDT,True,sl0.40,17383,-0.10790295079465435,-1875.6769936634769,0.4563800012317104
RSI,i039,XRPUSDT,True,fee0.02,18236,-0.04785467744955759,-872.6778979701322,0.6930254277159277
RSI,i039,XRPUSDT,True,fee0.07,18236,-0.14785085320548277,-2696.208159055184,0.3288292491423398
RSI,i039,XRPUSDT,True,slip3,18236,-0.1296516334079219,-2364.327186826864,0.3782082536236431
Stochastic,i040,XRPUSDT,False,baseline,138158,-0.10968314515268267,-15153.603968004332,0.237566023615301
Stochastic,i040,XRPUSDT,False,delay+1,161909,-0.11268675798135681,-18245.000298003502,0.22917510945679712
Stochastic,i040,XRPUSDT,False,tp0.30,143791,-0.11087841564873949,-15943.318264547901,0.21771639419486993
Stochastic,i040,XRPUSDT,False,tp0.60,135609,-0.1097284672709103,-14880.167718140876,0.23905761029179554
Stochastic,i040,XRPUSDT,False,sl0.20,143920,-0.109451709553762,-15752.29003897743,0.22988355461800322
Stochastic,i040,XRPUSDT,False,sl0.40,135754,-0.10982125682884421,-14908.674899542915,0.23812711966416344
Stochastic,i040,XRPUSDT,False,fee0.02,138158,-0.0496833129979169,-6864.147157166204,0.48670068971239167
Stochastic,i040,XRPUSDT,False,fee0.07,138158,-0.14968303325585988,-20679.90850856309,0.15653092125929488
Stochastic,i040,XRPUSDT,False,slip3,138158,-0.13147753192535924,-18164.672855743782,0.1899722210743674
Stochastic,i040,XRPUSDT,True,baseline,44279,-0.10801583948245176,-4782.8333564434815,0.46222320902511893
Stochastic,i040,XRPUSDT,True,delay+1,43820,-0.10873152593309403,-4764.61546638818,0.4591072788281091
Stochastic,i040,XRPUSDT,True,tp0.30,48462,-0.10996947542065223,-5329.340717835649,0.3993979898855386
Stochastic,i040,XRPUSDT,True,tp0.60,42192,-0.10578614208433257,-4463.32890682216,0.4904399884577094
Stochastic,i040,XRPUSDT,True,sl0.20,51082,-0.10716384797229085,-5474.143682120562,0.4258485465031878
Stochastic,i040,XRPUSDT,True,sl0.40,40585,-0.1078766817121892,-4378.175127289199,0.4808854292006527
Stochastic,i040,XRPUSDT,True,fee0.02,44279,-0.04801701387902318,-2126.1453575492674,0.7060159268957019
Stochastic,i040,XRPUSDT,True,fee0.07,44279,-0.14801505655140412,-6553.958689039624,0.3489911780512863
Stochastic,i040,XRPUSDT,True,slip3,44279,-0.1297779582812921,-5746.438214737333,0.39814372480888016
Stochastic RSI,i041,XRPUSDT,False,baseline,86648,-0.11114205502146685,-9630.236783500059,0.2979929536662702
Stochastic RSI,i041,XRPUSDT,False,delay+1,126952,-0.1120125259767352,-14220.214197798487,0.264181576275003
Stochastic RSI,i041,XRPUSDT,False,tp0.30,91315,-0.11185254754137561,-10213.815378740714,0.27026688356309164
Stochastic RSI,i041,XRPUSDT,False,tp0.60,84384,-0.11132708748796713,-9394.224950584618,0.3023592596942277
Stochastic RSI,i041,XRPUSDT,False,sl0.20,91878,-0.11081576644306486,-10181.530989255913,0.2824288975379096
Stochastic RSI,i041,XRPUSDT,False,sl0.40,84272,-0.11145844640853132,-9392.826195739752,0.30255632253005915
Stochastic RSI,i041,XRPUSDT,False,fee0.02,86648,-0.051142251727617785,-4431.373827694626,0.5496720619897546
Stochastic RSI,i041,XRPUSDT,False,fee0.07,86648,-0.1511419238840328,-13096.145420703675,0.20521981198267605
Stochastic RSI,i041,XRPUSDT,False,slip3,86648,-0.13284628284072725,-11510.864715583333,0.24425004485788623
Stochastic RSI,i041,XRPUSDT,True,baseline,36029,-0.10762102326214378,-3877.477847111778,0.4553674118950967
Stochastic RSI,i041,XRPUSDT,True,delay+1,35902,-0.10875630415790397,-3904.568831877068,0.44998729539152704
Stochastic RSI,i041,XRPUSDT,True,tp0.30,38171,-0.11040487299912838,-4214.26440724973,0.39130750140605475
Stochastic RSI,i041,XRPUSDT,True,tp0.60,34956,-0.10795822275205871,-3773.7876345209643,0.4737326495616145
Stochastic RSI,i041,XRPUSDT,True,sl0.20,40284,-0.10720787082307086,-4318.761868236586,0.41845580484720946
Stochastic RSI,i041,XRPUSDT,True,sl0.40,33603,-0.10702636682090313,-3596.4070042828084,0.475123062030966
Stochastic RSI,i041,XRPUSDT,True,fee0.02,36029,-0.04762172938432074,-1715.7632879876921,0.7025315242424169
Stochastic RSI,i041,XRPUSDT,True,fee0.07,36029,-0.14762055251402575,-5318.620886527835,0.34158354809485547
Stochastic RSI,i041,XRPUSDT,True,slip3,36029,-0.12926063110136943,-4657.13127795124,0.391150191961531
Connors RSI,i042,XRPUSDT,False,baseline,162301,-0.10916068715604732,-17716.888686113638,0.20734378266260534
Connors RSI,i042,XRPUSDT,False,delay+1,166479,-0.11225439506857768,-18687.999436621743,0.2194837701462756
Connors RSI,i042,XRPUSDT,False,tp0.30,167602,-0.1102420161627088,-18476.78239290232,0.18864904279261144
Connors RSI,i042,XRPUSDT,False,tp0.60,159943,-0.10901224640857536,-17435.74572732677,0.21102353759810297
Connors RSI,i042,XRPUSDT,False,sl0.20,168223,-0.10888965889558216,-18317.74508839152,0.20636881472748428
Connors RSI,i042,XRPUSDT,False,sl0.40,159957,-0.10943757933985591,-17505.306878465333,0.2045369668985141
Connors RSI,i042,XRPUSDT,False,fee0.02,162301,-0.04916100411172146,-7978.880128336505,0.44947299849920785
Connors RSI,i042,XRPUSDT,False,fee0.07,162301,-0.14916047585226458,-24208.894391298396,0.13366247279197718
Connors RSI,i042,XRPUSDT,False,slip3,162301,-0.1308423151277337,-21235.838587546306,0.16389640122819518
Connors RSI,i042,XRPUSDT,True,baseline,45658,-0.10921056749801268,-4986.336090824263,0.4594959877862443
Connors RSI,i042,XRPUSDT,True,delay+1,45136,-0.11104701767828487,-5012.218189927065,0.45300369701374205
Connors RSI,i042,XRPUSDT,True,tp0.30,50589,-0.11063908105393434,-5597.120471437484,0.3980906083805907
Connors RSI,i042,XRPUSDT,True,tp0.60,43252,-0.10696895143199106,-4626.621087336478,0.4877795259011259
Connors RSI,i042,XRPUSDT,True,sl0.20,52939,-0.10694373567159943,-5661.494422718802,0.4283208108837242
Connors RSI,i042,XRPUSDT,True,sl0.40,41721,-0.10901351952431577,-4548.1530480739775,0.4784661655617562
Connors RSI,i042,XRPUSDT,True,fee0.02,45658,-0.04921176867330356,-2246.910934085694,0.7007340604214568
Connors RSI,i042,XRPUSDT,True,fee0.07,45658,-0.1492097667144854,-6812.619528649975,0.34727278957063934
Connors RSI,i042,XRPUSDT,True,slip3,45658,-0.13096734542290817,-5979.70705731914,0.3960067710914368
Awesome Oscillator,i043,XRPUSDT,False,baseline,22835,-0.11079579920550212,-2530.0220748576407,0.40370188652811434
Awesome Oscillator,i043,XRPUSDT,False,delay+1,26922,-0.1118522992871223,-3011.2876014079065,0.38079958293260247
Awesome Oscillator,i043,XRPUSDT,False,tp0.30,22919,-0.11138605426530965,-2552.856977706632,0.35433013742457803
Awesome Oscillator,i043,XRPUSDT,False,tp0.60,22816,-0.1110072611616021,-2532.741670663114,0.42009053202821534
Awesome Oscillator,i043,XRPUSDT,False,sl0.20,24516,-0.10747839756996092,-2634.9403948251615,0.3837473606015833
Awesome Oscillator,i043,XRPUSDT,False,sl0.40,21671,-0.11240956802524274,-2436.0277486750356,0.4114957985583155
Awesome Oscillator,i043,XRPUSDT,False,fee0.02,22835,-0.05079633074533012,-1159.9342125696132,0.6527990902925225
Awesome Oscillator,i043,XRPUSDT,False,fee0.07,22835,-0.15079544484561677,-3443.4139830496592,0.2949920764955642
Awesome Oscillator,i043,XRPUSDT,False,slip3,22835,-0.13225657726070042,-3020.078941748094,0.3425599894697858
Awesome Oscillator,i043,XRPUSDT,True,baseline,9640,-0.11138336169982599,-1073.7356067863225,0.41810070694828827
Awesome Oscillator,i043,XRPUSDT,True,delay+1,9630,-0.11109058663257992,-1069.8023492717446,0.4189418084722015
Awesome Oscillator,i043,XRPUSDT,True,tp0.30,9694,-0.11074635915099917,-1073.575205609786,0.3717094134662763
Awesome Oscillator,i043,XRPUSDT,True,tp0.60,9629,-0.11017334475033583,-1060.8591366009837,0.4396802860904453
Awesome Oscillator,i043,XRPUSDT,True,sl0.20,9880,-0.10780922851215068,-1065.1551777000486,0.39585191017387994
Awesome Oscillator,i043,XRPUSDT,True,sl0.40,9498,-0.11137910884497712,-1057.8787758095928,0.43533566824176595
Awesome Oscillator,i043,XRPUSDT,True,fee0.02,9640,-0.05138536821309519,-495.3549495742376,0.6647907603184129
Awesome Oscillator,i043,XRPUSDT,True,fee0.07,9640,-0.15138202402431314,-1459.322711594379,0.30778482486174064
Awesome Oscillator,i043,XRPUSDT,True,slip3,9640,-0.13316582474941835,-1283.718550584393,0.35587189887880527
Accelerator Oscillator,i044,XRPUSDT,False,baseline,48848,-0.11119744520330453,-5431.77280329102,0.37085930628657787
Accelerator Oscillator,i044,XRPUSDT,False,delay+1,71065,-0.11011500157363013,-7825.322586830025,0.3369184837147244
Accelerator Oscillator,i044,XRPUSDT,False,tp0.30,51174,-0.1120647338555679,-5734.8006903248315,0.3270917276406591
Accelerator Oscillator,i044,XRPUSDT,False,tp0.60,47652,-0.11129874779484761,-5303.607929920078,0.382730151915056
Accelerator Oscillator,i044,XRPUSDT,False,sl0.20,52590,-0.10986845053697408,-5777.981813739467,0.34855369257996827
Accelerator Oscillator,i044,XRPUSDT,False,sl0.40,46990,-0.11148704555209304,-5238.776270492852,0.38097830432033736
Accelerator Oscillator,i044,XRPUSDT,False,fee0.02,48848,-0.05119775479494812,-2500.9079262236255,0.6191475029299722
Accelerator Oscillator,i044,XRPUSDT,False,fee0.07,48848,-0.15119723880887542,-7385.682721335947,0.2684412602389165
Accelerator Oscillator,i044,XRPUSDT,False,slip3,48848,-0.13277599954490468,-6485.842025769503,0.3124314751561754
Accelerator Oscillator,i044,XRPUSDT,True,baseline,23875,-0.10721709995922007,-2559.8082615263793,0.447324423797708
Accelerator Oscillator,i044,XRPUSDT,True,delay+1,23788,-0.10589723193307886,-2519.08335322408,0.45017358368054683
Accelerator Oscillator,i044,XRPUSDT,True,tp0.30,24504,-0.10990989169513773,-2693.2319860976554,0.3850798606400901
Accelerator Oscillator,i044,XRPUSDT,True,tp0.60,23558,-0.10591023169054965,-2495.0332381659687,0.4703865232490682
Accelerator Oscillator,i044,XRPUSDT,True,sl0.20,25428,-0.10648609513617588,-2707.72842712268,0.4123682203857234
Accelerator Oscillator,i044,XRPUSDT,True,sl0.40,22934,-0.10682325796236469,-2449.884598108872,0.46625521698093336
Accelerator Oscillator,i044,XRPUSDT,True,fee0.02,23875,-0.04721827950335737,-1127.3364231426574,0.6981441953269254
Accelerator Oscillator,i044,XRPUSDT,True,fee0.07,23875,-0.14721631359646187,-3514.789487115527,0.3330617444781831
Accelerator Oscillator,i044,XRPUSDT,True,slip3,23875,-0.12890501355033732,-3077.6071985143035,0.3829701931811157
Momentum,i045,XRPUSDT,False,baseline,54100,-0.11119208739573841,-6015.491928109448,0.3307345462796955
Momentum,i045,XRPUSDT,False,delay+1,62554,-0.11220750046161378,-7019.027983875787,0.33978376676089317
Momentum,i045,XRPUSDT,False,tp0.30,55695,-0.1123319258401747,-6256.326609668529,0.28715548757179366
Momentum,i045,XRPUSDT,False,tp0.60,53382,-0.1104001707731142,-5893.381916210382,0.3474963248639742
Momentum,i045,XRPUSDT,False,sl0.20,57858,-0.10942116543537066,-6330.889789759675,0.3221227345201973
Momentum,i045,XRPUSDT,False,sl0.40,52299,-0.11174223149537435,-5844.006964976583,0.3309486734490828
Momentum,i045,XRPUSDT,False,fee0.02,54100,-0.05119268451700205,-2769.5242323698108,0.5752273954495111
Momentum,i045,XRPUSDT,False,fee0.07,54100,-0.151191689314896,-8179.470391935873,0.23611743876968422
Momentum,i045,XRPUSDT,False,slip3,54100,-0.1327825456916792,-7183.535721919844,0.27615518676248063
Momentum,i045,XRPUSDT,True,baseline,22625,-0.10903605896558959,-2466.940834096464,0.4409976438168708
Momentum,i045,XRPUSDT,True,delay+1,22558,-0.1078804917041563,-2433.568131862358,0.4457102998027349
Momentum,i045,XRPUSDT,True,tp0.30,23364,-0.11130420397970338,-2600.51142178179,0.38248389334341937
Momentum,i045,XRPUSDT,True,tp0.60,22354,-0.10802432920639872,-2414.775855079837,0.46387428246473134
Momentum,i045,XRPUSDT,True,sl0.20,24668,-0.10661406391868375,-2629.9557287460907,0.4136063451038292
Momentum,i045,XRPUSDT,True,sl0.40,21563,-0.10792557725189504,-2327.199222282613,0.4608807083630773
Momentum,i045,XRPUSDT,True,fee0.02,22625,-0.049038474098456186,-1109.4954764775712,0.6885250591054106
Momentum,i045,XRPUSDT,True,fee0.07,22625,-0.14903444887701187,-3371.9044058423933,0.3284935972283752
Momentum,i045,XRPUSDT,True,slip3,22625,-0.1308919387286392,-2961.4301137354614,0.37727907737804717
Chande Momentum Oscillator,i046,XRPUSDT,False,baseline,56643,-0.11184058762218699,-6334.986404683538,0.3246286899387352
Chande Momentum Oscillator,i046,XRPUSDT,False,delay+1,66251,-0.11237422797007901,-7444.904977245705,0.33492661782541533
Chande Momentum Oscillator,i046,XRPUSDT,False,tp0.30,58467,-0.11272632745161237,-6590.77018711342,0.28293164579125746
Chande Momentum Oscillator,i046,XRPUSDT,False,tp0.60,55793,-0.11124081251436821,-6206.458652614146,0.3398973304358146
Chande Momentum Oscillator,i046,XRPUSDT,False,sl0.20,60603,-0.110159544505101,-6675.998875642636,0.316337139954994
Chande Momentum Oscillator,i046,XRPUSDT,False,sl0.40,54854,-0.11218869454142787,-6153.998650375484,0.3252966939783101
Chande Momentum Oscillator,i046,XRPUSDT,False,fee0.02,56643,-0.05184110885408495,-2936.4359288219343,0.5667026280840604
Chande Momentum Oscillator,i046,XRPUSDT,False,fee0.07,56643,-0.151840240134255,-8600.686721924607,0.2317479056106264
Chande Momentum Oscillator,i046,XRPUSDT,False,slip3,56643,-0.13341282400779858,-7556.902590273735,0.271019309483173
Chande Momentum Oscillator,i046,XRPUSDT,True,baseline,23663,-0.11000629700042958,-2603.0790059211654,0.43771865259432374
Chande Momentum Oscillator,i046,XRPUSDT,True,delay+1,23600,-0.1095137860101666,-2584.5253498399316,0.44031452025756784
Chande Momentum Oscillator,i046,XRPUSDT,True,tp0.30,24478,-0.1126847188433305,-2758.2965478470437,0.3784083805606222
Chande Momentum Oscillator,i046,XRPUSDT,True,tp0.60,23332,-0.10839861199155214,-2529.1564149868946,0.4625112850890052
Chande Momentum Oscillator,i046,XRPUSDT,True,sl0.20,25863,-0.10754735871650123,-2781.4973384848713,0.4108573209570251
Chande Momentum Oscillator,i046,XRPUSDT,True,sl0.40,22509,-0.10947599751330876,-2464.195228027067,0.45527527243668725
Chande Momentum Oscillator,i046,XRPUSDT,True,fee0.02,23663,-0.05000855325944028,-1183.3523957781354,0.6832381492493911
Chande Momentum Oscillator,i046,XRPUSDT,True,fee0.07,23663,-0.15000479282775578,-3549.563412683185,0.3258882246167606
Chande Momentum Oscillator,i046,XRPUSDT,True,slip3,23663,-0.13186704561869478,-3120.3699004751743,0.3743610359845921
Price Oscillator,i047,XRPUSDT,False,baseline,22231,-0.11025248348635677,-2451.0229603851976,0.41125043717092935
Price Oscillator,i047,XRPUSDT,False,delay+1,25923,-0.10992637106528483,-2849.6213171253785,0.3963851857583704
Price Oscillator,i047,XRPUSDT,False,tp0.30,22309,-0.11079569738350825,-2471.7412129286854,0.3607241088773893
Price Oscillator,i047,XRPUSDT,False,tp0.60,22216,-0.10985256704150606,-2440.4846293940986,0.4310046412653024
Price Oscillator,i047,XRPUSDT,False,sl0.20,24202,-0.10799495038729258,-2613.693789273255,0.38790346456134417
Price Oscillator,i047,XRPUSDT,False,sl0.40,21057,-0.1121028170475579,-2360.549018570427,0.4163657775814963
Price Oscillator,i047,XRPUSDT,False,fee0.02,22231,-0.05025347423933561,-1117.18498581467,0.660526972253992
Price Oscillator,i047,XRPUSDT,False,fee0.07,22231,-0.15025182298437093,-3340.24827676555,0.30145640273033686
Price Oscillator,i047,XRPUSDT,False,slip3,22231,-0.13174442980313783,-2928.810418953557,0.34961099434664505
Price Oscillator,i047,XRPUSDT,True,baseline,9489,-0.10762201114961745,-1021.2252637987199,0.4325399225417662
Price Oscillator,i047,XRPUSDT,True,delay+1,9422,-0.11020412226331652,-1038.3432399649682,0.4236275328998456
Price Oscillator,i047,XRPUSDT,True,tp0.30,9496,-0.10836539806123167,-1029.037819989456,0.38079092662604974
Price Oscillator,i047,XRPUSDT,True,tp0.60,9487,-0.10703623533332696,-1015.4527646072728,0.45280556254975407
Price Oscillator,i047,XRPUSDT,True,sl0.20,9793,-0.10670904787911768,-1045.0017058801993,0.40011690604442735
Price Oscillator,i047,XRPUSDT,True,sl0.40,9314,-0.1080442128268849,-1006.3237982696058,0.4479835861216467
Price Oscillator,i047,XRPUSDT,True,fee0.02,9489,-0.047624524629671955,-451.90911421095717,0.6864147636789087
Price Oscillator,i047,XRPUSDT,True,fee0.07,9489,-0.14762033549624778,-1400.7693635238952,0.3188070779546301
Price Oscillator,i047,XRPUSDT,True,slip3,9489,-0.12936560666094654,-1227.5502416057216,0.36844308952964616
Detrended Price Oscillator,i048,XRPUSDT,False,baseline,31863,-0.11076050135870152,-3529.1618547923063,0.3632891830298552
Detrended Price Oscillator,i048,XRPUSDT,False,delay+1,34339,-0.11090635636243497,-3808.4133711296545,0.36967496622842916
Detrended Price Oscillator,i048,XRPUSDT,False,tp0.30,32225,-0.11106253105025922,-3578.9900630946036,0.3164309078409398
Detrended Price Oscillator,i048,XRPUSDT,False,tp0.60,31753,-0.11025866268381888,-3501.0433161993005,0.38290406295461116
Detrended Price Oscillator,i048,XRPUSDT,False,sl0.20,34102,-0.10950932476387026,-3734.4869930975037,0.3508360837379829
Detrended Price Oscillator,i048,XRPUSDT,False,sl0.40,30938,-0.10994649247407105,-3401.5245841628102,0.37040032316211674
Detrended Price Oscillator,i048,XRPUSDT,False,fee0.02,31863,-0.050761044091962866,-1617.3991479022127,0.6100399404665403
Detrended Price Oscillator,i048,XRPUSDT,False,fee0.07,31863,-0.1507601395365273,-4803.670326052369,0.26185779744999776
Detrended Price Oscillator,i048,XRPUSDT,False,slip3,31863,-0.13252599107670257,-4222.675653676974,0.3050988646952256
Detrended Price Oscillator,i048,XRPUSDT,True,baseline,12810,-0.11039320139948754,-1414.1369099274352,0.43002955272533516
Detrended Price Oscillator,i048,XRPUSDT,True,delay+1,12796,-0.11372278529080343,-1455.1967605811208,0.4169025682370767
Detrended Price Oscillator,i048,XRPUSDT,True,tp0.30,12995,-0.11170792750286047,-1451.6445178996719,0.3745063593507928
Detrended Price Oscillator,i048,XRPUSDT,True,tp0.60,12761,-0.11005841575723889,-1404.4554434781255,0.44901411516425066
Detrended Price Oscillator,i048,XRPUSDT,True,sl0.20,13888,-0.10732500650005661,-1490.5296902727862,0.4061127384596458
Detrended Price Oscillator,i048,XRPUSDT,True,sl0.40,12284,-0.11154147633604893,-1370.175495312025,0.4403889442903779
Detrended Price Oscillator,i048,XRPUSDT,True,fee0.02,12810,-0.05039484905875665,-645.5580164426726,0.6763679620654032
Detrended Price Oscillator,i048,XRPUSDT,True,fee0.07,12810,-0.1503921029599748,-1926.5228389172769,0.31887094058024446
Detrended Price Oscillator,i048,XRPUSDT,True,slip3,12810,-0.13210873482791496,-1692.3128931455906,0.3673853242408434
TRIX,i049,XRPUSDT,False,baseline,12511,-0.11619846344599959,-1453.758976172901,0.385556299776866
TRIX,i049,XRPUSDT,False,delay+1,13334,-0.11421813406878077,-1522.9845996731228,0.38681116892075906
TRIX,i049,XRPUSDT,False,tp0.30,12516,-0.11523914382608794,-1442.3331241273168,0.3461279338942315
TRIX,i049,XRPUSDT,False,tp0.60,12510,-0.11765009094425907,-1471.802637712681,0.3958577458233938
TRIX,i049,XRPUSDT,False,sl0.20,12900,-0.11620859489274271,-1499.090874116381,0.3501265190054178
TRIX,i049,XRPUSDT,False,sl0.40,12220,-0.11680366639569133,-1427.340803355348,0.40062005438848575
TRIX,i049,XRPUSDT,False,fee0.02,12511,-0.056200425127509224,-703.123518770268,0.6258118553376916
TRIX,i049,XRPUSDT,False,fee0.07,12511,-0.15619715565832654,-1954.1826144413233,0.28077910617692114
TRIX,i049,XRPUSDT,False,slip3,12511,-0.13798014201502992,-1726.2695567500393,0.3262523225693579
TRIX,i049,XRPUSDT,True,baseline,4703,-0.1097691656280758,-516.2443859488405,0.4135483603677234
TRIX,i049,XRPUSDT,True,delay+1,4712,-0.11146752837256457,-525.2349936915243,0.40998106132434053
TRIX,i049,XRPUSDT,True,tp0.30,4707,-0.11096857498105774,-522.3290824358387,0.3634733433781935
TRIX,i049,XRPUSDT,True,tp0.60,4702,-0.11142964928977422,-523.9422109605184,0.423706869869472
TRIX,i049,XRPUSDT,True,sl0.20,4718,-0.11414132267922514,-538.5187604005841,0.3665023285065566
TRIX,i049,XRPUSDT,True,sl0.40,4697,-0.10936431321486091,-513.6841791702017,0.42980016849270714
TRIX,i049,XRPUSDT,True,fee0.02,4703,-0.04977243379544425,-234.07975613997428,0.6662574501646258
TRIX,i049,XRPUSDT,True,fee0.07,4703,-0.14976698684983017,-704.3541391547514,0.3020510512368435
TRIX,i049,XRPUSDT,True,slip3,4703,-0.13186000107629092,-620.1375850617962,0.34946103566118075
Fisher Transform,i050,XRPUSDT,False,baseline,70523,-0.11264682823896419,-7944.192267896471,0.3254929300621405
Fisher Transform,i050,XRPUSDT,False,delay+1,97138,-0.11124756947898176,-10806.366404049331,0.30770057282576185
Fisher Transform,i050,XRPUSDT,False,tp0.30,74351,-0.11282697344570886,-8388.7983026619,0.2928541770835609
Fisher Transform,i050,XRPUSDT,False,tp0.60,68585,-0.11242638251167607,-7710.763444563302,0.3348821618628189
Fisher Transform,i050,XRPUSDT,False,sl0.20,75561,-0.1116061968232834,-8433.075838164117,0.31038479332402863
Fisher Transform,i050,XRPUSDT,False,sl0.40,68240,-0.11205051586935888,-7646.32720292505,0.33395315962675187
Fisher Transform,i050,XRPUSDT,False,fee0.02,70523,-0.05264743720042851,-3712.8552136858198,0.570287892395771
Fisher Transform,i050,XRPUSDT,False,fee0.07,70523,-0.15264642226465464,-10765.083637370239,0.23073955279982764
Fisher Transform,i050,XRPUSDT,False,slip3,70523,-0.13428383874486877,-9470.099159804382,0.2709651757164798
Fisher Transform,i050,XRPUSDT,True,baseline,31211,-0.1091384246868678,-3406.319372901831,0.44557021828613913
Fisher Transform,i050,XRPUSDT,True,delay+1,31034,-0.10957247518820691,-3400.472194990813,0.44372152956252103
Fisher Transform,i050,XRPUSDT,True,tp0.30,32521,-0.11027278897236649,-3586.1813701703304,0.38878313279088944
Fisher Transform,i050,XRPUSDT,True,tp0.60,30558,-0.10839134977015973,-3312.222866276541,0.4671523562664158
Fisher Transform,i050,XRPUSDT,True,sl0.20,34543,-0.10812978330915358,-3735.1271048480917,0.41158419403019736
Fisher Transform,i050,XRPUSDT,True,sl0.40,29351,-0.108511589168612,-3184.923653687931,0.4648742918475203
Fisher Transform,i050,XRPUSDT,True,fee0.02,31211,-0.049139996869261106,-1533.7084422865082,0.6912327751984433
Fisher Transform,i050,XRPUSDT,True,fee0.07,31211,-0.14913737656527223,-4654.726659978712,0.3330868266378822
Fisher Transform,i050,XRPUSDT,True,slip3,31211,-0.13079101173097388,-4082.118267135426,0.38222772046475145
Ultimate Oscillator,i051,XRPUSDT,False,baseline,57932,-0.11032695047548151,-6391.460894945594,0.3128401175830188
Ultimate Oscillator,i051,XRPUSDT,False,delay+1,66811,-0.11011349564740464,-7356.792757698751,0.33626474853042115
Ultimate Oscillator,i051,XRPUSDT,False,tp0.30,59995,-0.11105781574462462,-6662.913655598754,0.2769750200056178
Ultimate Oscillator,i051,XRPUSDT,False,tp0.60,56926,-0.11072763883349401,-6303.28156823548,0.3219834804121381
Ultimate Oscillator,i051,XRPUSDT,False,sl0.20,61395,-0.10960560411358555,-6729.2360645535855,0.300781700157029
Ultimate Oscillator,i051,XRPUSDT,False,sl0.40,56562,-0.10965185070885837,-6202.127979794447,0.3195119036761906
Ultimate Oscillator,i051,XRPUSDT,False,fee0.02,57932,-0.050326791344989054,-2915.5316761979057,0.5600436660426962
Ultimate Oscillator,i051,XRPUSDT,False,fee0.07,57932,-0.15032705656247647,-8708.747040777387,0.220540391701781
Ultimate Oscillator,i051,XRPUSDT,False,slip3,57932,-0.13170660811471277,-7630.0272213015405,0.26001961847159655
Ultimate Oscillator,i051,XRPUSDT,True,baseline,24183,-0.10749919933909555,-2599.653137617347,0.4473043482804097
Ultimate Oscillator,i051,XRPUSDT,True,delay+1,24125,-0.10907591277305785,-2631.4563956500206,0.44199892433654686
Ultimate Oscillator,i051,XRPUSDT,True,tp0.30,25210,-0.10970406042916037,-2765.6393634191327,0.38787985053322704
Ultimate Oscillator,i051,XRPUSDT,True,tp0.60,23741,-0.10628353749796587,-2523.2774637392076,0.4701493185001695
Ultimate Oscillator,i051,XRPUSDT,True,sl0.20,26401,-0.10692927712635922,-2823.0398454130095,0.41322302808551203
Ultimate Oscillator,i051,XRPUSDT,True,sl0.40,23003,-0.10786755346183134,-2481.2773322825064,0.4620507286173555
Ultimate Oscillator,i051,XRPUSDT,True,fee0.02,24183,-0.04750059082225998,-1148.706787854713,0.6972919938492266
Ultimate Oscillator,i051,XRPUSDT,True,fee0.07,24183,-0.1474982716836525,-3566.950704125769,0.3334026665007096
Ultimate Oscillator,i051,XRPUSDT,True,slip3,24183,-0.12908465158556193,-3121.654129293644,0.38323055246984133
Williams %R,i052,XRPUSDT,False,baseline,52395,-0.11054589095491456,-5792.051956582747,0.34855469398693517
Williams %R,i052,XRPUSDT,False,delay+1,60951,-0.11150183341744771,-6796.148248626855,0.35405000058443126
Williams %R,i052,XRPUSDT,False,tp0.30,54108,-0.1116538083671088,-6041.3642631275225,0.3046026423666813
Williams %R,i052,XRPUSDT,False,tp0.60,51630,-0.10985368544633066,-5671.745779594052,0.36519907057343626
Williams %R,i052,XRPUSDT,False,sl0.20,55958,-0.10946428881272861,-6125.402673382668,0.34001638694631575
Williams %R,i052,XRPUSDT,False,sl0.40,50962,-0.11018053780457811,-5615.020567596909,0.35202928344952444
Williams %R,i052,XRPUSDT,False,fee0.02,52395,-0.05054621996725907,-2648.369195184539,0.5914678373493009
Williams %R,i052,XRPUSDT,False,fee0.07,52395,-0.15054567161335153,-7887.840464181553,0.25186479394801253
Williams %R,i052,XRPUSDT,False,slip3,52395,-0.13234892002618384,-6934.421664771902,0.2925375074668557
Williams %R,i052,XRPUSDT,True,baseline,22347,-0.10753399746548421,-2403.0622413611754,0.44706635402742034
Williams %R,i052,XRPUSDT,True,delay+1,22256,-0.11025737399767285,-2453.8881156922066,0.43773332992363356
Williams %R,i052,XRPUSDT,True,tp0.30,22901,-0.11097136399556376,-2541.355206862406,0.3831067273905517
Williams %R,i052,XRPUSDT,True,tp0.60,22131,-0.1059861659959344,-2345.579839656024,0.4719808676788161
Williams %R,i052,XRPUSDT,True,sl0.20,24521,-0.10610798114031746,-2601.8738055417243,0.417104549298106
Williams %R,i052,XRPUSDT,True,sl0.40,21281,-0.10943375091653304,-2328.85965325474,0.4564188159290893
Williams %R,i052,XRPUSDT,True,fee0.02,22347,-0.047536171784062185,-1062.2908308584376,0.6970907014633649
Williams %R,i052,XRPUSDT,True,fee0.07,22347,-0.14753254791976556,-3296.9098483630005,0.332985626425496
Williams %R,i052,XRPUSDT,True,slip3,22347,-0.12947286760129917,-2893.3301722862325,0.3823444909023755
SMI Ergodic,i053,XRPUSDT,False,baseline,57832,-0.10969284964093157,-6343.756880434355,0.3652757265260288
SMI Ergodic,i053,XRPUSDT,False,delay+1,77432,-0.11186991880886246,-8662.31155320784,0.33557783850872674
SMI Ergodic,i053,XRPUSDT,False,tp0.30,60729,-0.11134825768392986,-6762.068340887376,0.32204148087792817
SMI Ergodic,i053,XRPUSDT,False,tp0.60,56262,-0.10938246191475004,-6154.076072247667,0.3767583156041818
SMI Ergodic,i053,XRPUSDT,False,sl0.20,61616,-0.1088485994210025,-6706.81530192449,0.345213779579291
SMI Ergodic,i053,XRPUSDT,False,sl0.40,56090,-0.10971939499436968,-6154.160865234195,0.3734296554978649
SMI Ergodic,i053,XRPUSDT,False,fee0.02,57832,-0.04969383419195824,-2873.893818989329,0.6150071664713372
SMI Ergodic,i053,XRPUSDT,False,fee0.07,57832,-0.14969219327358044,-8656.998921397704,0.26412711046179893
SMI Ergodic,i053,XRPUSDT,False,slip3,57832,-0.13143490099042943,-7601.143194078514,0.3070814613783931
SMI Ergodic,i053,XRPUSDT,True,baseline,26502,-0.10734887286881956,-2844.959828769456,0.4492266626500689
SMI Ergodic,i053,XRPUSDT,True,delay+1,26231,-0.1083593624340092,-2842.3744360064957,0.4453144515110606
SMI Ergodic,i053,XRPUSDT,True,tp0.30,27241,-0.10998994496679163,-2996.2360908403707,0.3876854807655996
SMI Ergodic,i053,XRPUSDT,True,tp0.60,26149,-0.10583998030674228,-2767.609645041004,0.47408338768978636
SMI Ergodic,i053,XRPUSDT,True,sl0.20,28985,-0.10648335104733325,-3086.419930106954,0.41596896855420007
SMI Ergodic,i053,XRPUSDT,True,sl0.40,25103,-0.1067373866370533,-2679.428616749949,0.4676838730888105
SMI Ergodic,i053,XRPUSDT,True,fee0.02,26502,-0.047351156024193874,-1254.900336953186,0.6991815118541672
SMI Ergodic,i053,XRPUSDT,True,fee0.07,26502,-0.1473473507652367,-3904.9994899803023,0.33500376183341624
SMI Ergodic,i053,XRPUSDT,True,slip3,26502,-0.12906552961666837,-3420.494665900945,0.3847751021490138
Relative Vigor Index,i054,XRPUSDT,False,baseline,66125,-0.11075781200709223,-7323.860318968974,0.328406945897688
Relative Vigor Index,i054,XRPUSDT,False,delay+1,98734,-0.11081694665878199,-10941.40041140818,0.2910268786393063
Relative Vigor Index,i054,XRPUSDT,False,tp0.30,69684,-0.11190574344463107,-7798.039826195671,0.29178584565771226
Relative Vigor Index,i054,XRPUSDT,False,tp0.60,64339,-0.1100262758195319,-7078.980559952862,0.3406562391450891
Relative Vigor Index,i054,XRPUSDT,False,sl0.20,70592,-0.11016542250942964,-7776.797505785657,0.3069252555103312
Relative Vigor Index,i054,XRPUSDT,False,sl0.40,63874,-0.11169077559715572,-7134.136600492724,0.33417544268603744
Relative Vigor Index,i054,XRPUSDT,False,fee0.02,66125,-0.05075828204780469,-3356.3914004110857,0.5825607368192889
Relative Vigor Index,i054,XRPUSDT,False,fee0.07,66125,-0.15075749864661728,-9968.839598007567,0.23051458699867314
Relative Vigor Index,i054,XRPUSDT,False,slip3,66125,-0.13238577577569896,-8754.009423168094,0.2721321845968745
Relative Vigor Index,i054,XRPUSDT,True,baseline,30101,-0.10777428861612405,-3244.11386163395,0.4493328989500198
Relative Vigor Index,i054,XRPUSDT,True,delay+1,30054,-0.1073453418688815,-3226.1569045273645,0.45047651581349507
Relative Vigor Index,i054,XRPUSDT,True,tp0.30,31380,-0.11028157216169657,-3460.635734434038,0.38802964969328774
Relative Vigor Index,i054,XRPUSDT,True,tp0.60,29471,-0.10721109212856686,-3159.618096120994,0.470072908322127
Relative Vigor Index,i054,XRPUSDT,True,sl0.20,32874,-0.10699598475906505,-3517.386002969505,0.4137434550722543
Relative Vigor Index,i054,XRPUSDT,True,sl0.40,28504,-0.10785280175220324,-3074.2362611448016,0.46696059863668105
Relative Vigor Index,i054,XRPUSDT,True,fee0.02,30101,-0.04777622907373718,-1438.112271348563,0.6980135268543004
Relative Vigor Index,i054,XRPUSDT,True,fee0.07,30101,-0.1477729949777153,-4448.114921824208,0.33556843717557966
Relative Vigor Index,i054,XRPUSDT,True,slip3,30101,-0.1294430833263462,-3896.366251206347,0.3852179931482308
True Strength Index,i055,XRPUSDT,False,baseline,32723,-0.10958087711195694,-3585.815041734567,0.41455467468008134
True Strength Index,i055,XRPUSDT,False,delay+1,39859,-0.11021790818568694,-4393.175602373296,0.3949410225010312
True Strength Index,i055,XRPUSDT,False,tp0.30,33378,-0.1117129628448988,-3728.7552738370323,0.3582464718297252
True Strength Index,i055,XRPUSDT,False,tp0.60,32415,-0.10871261773171446,-3523.9195037735244,0.43521329732858255
True Strength Index,i055,XRPUSDT,False,sl0.20,35049,-0.10826023376583034,-3794.412933258587,0.38801510418910173
True Strength Index,i055,XRPUSDT,False,sl0.40,31481,-0.10985696886425106,-3458.407236815488,0.4268614017285664
True Strength Index,i055,XRPUSDT,False,fee0.02,32723,-0.0495817020702897,-1622.46203684609,0.6632480692086494
True Strength Index,i055,XRPUSDT,False,fee0.07,32723,-0.1495803271397351,-4894.717044993551,0.3052051800675529
True Strength Index,i055,XRPUSDT,False,slip3,32723,-0.13115645780783483,-4291.832768845779,0.35279905175409343
True Strength Index,i055,XRPUSDT,True,baseline,15069,-0.10701207697712742,-1612.564987968333,0.4404348570541768
True Strength Index,i055,XRPUSDT,True,delay+1,15002,-0.10876862249268168,-1631.7468746352106,0.43414080207372324
True Strength Index,i055,XRPUSDT,True,tp0.30,15153,-0.11039541556855671,-1672.82173211034,0.37811259672495456
True Strength Index,i055,XRPUSDT,True,tp0.60,15050,-0.10644649006454451,-1602.019675471395,0.45958671887336633
True Strength Index,i055,XRPUSDT,True,sl0.20,15719,-0.10582259055877136,-1663.425300993327,0.4092641087387602
True Strength Index,i055,XRPUSDT,True,sl0.40,14715,-0.1086836489405791,-1599.2798941606213,0.45156823314052447
True Strength Index,i055,XRPUSDT,True,fee0.02,15069,-0.0470133397286817,-708.4440163715046,0.6940753655070959
True Strength Index,i055,XRPUSDT,True,fee0.07,15069,-0.14701123514275788,-2215.312302366219,0.32603030816767453
True Strength Index,i055,XRPUSDT,True,slip3,15069,-0.12879336883372977,-1940.787274955474,0.37572484844095544
Coppock Curve,i056,XRPUSDT,False,baseline,26281,-0.10964618154922359,-2881.6112972951455,0.41819757858699075
Coppock Curve,i056,XRPUSDT,False,delay+1,30833,-0.11042610356129527,-3404.7680511054173,0.4002417418863484
Coppock Curve,i056,XRPUSDT,False,tp0.30,26378,-0.11193831615258908,-2952.7089034729947,0.3617027125912022
Coppock Curve,i056,XRPUSDT,False,tp0.60,26263,-0.10970395002890873,-2881.15483960923,0.4357038272260075
Coppock Curve,i056,XRPUSDT,False,sl0.20,28315,-0.10781483745774868,-3052.777122616154,0.3885017531089003
Coppock Curve,i056,XRPUSDT,False,sl0.40,24885,-0.11087908594694408,-2759.226053789703,0.43052126896740145
Coppock Curve,i056,XRPUSDT,False,fee0.02,26281,-0.0496473452826568,-1304.7818813735034,0.6684888155412492
Coppock Curve,i056,XRPUSDT,False,fee0.07,26281,-0.14964540572693477,-3932.8309079095734,0.3070996662883428
Coppock Curve,i056,XRPUSDT,False,slip3,26281,-0.1311346543031222,-3446.349849740355,0.3558053090562294
Coppock Curve,i056,XRPUSDT,True,baseline,11634,-0.11111499679169387,-1292.7118726745664,0.41845993508869356
Coppock Curve,i056,XRPUSDT,True,delay+1,11642,-0.11246032274930687,-1309.2630774474308,0.41353591728786
Coppock Curve,i056,XRPUSDT,True,tp0.30,11662,-0.11462504988486938,-1336.7573317573467,0.358161188237197
Coppock Curve,i056,XRPUSDT,True,tp0.60,11630,-0.11092508912452029,-1290.058786518171,0.43632969880667727
Coppock Curve,i056,XRPUSDT,True,sl0.20,11749,-0.10835544633205765,-1273.0681389553454,0.3926558670811432
Coppock Curve,i056,XRPUSDT,True,sl0.40,11560,-0.11042879224707741,-1276.556838376215,0.43832574876088753
Coppock Curve,i056,XRPUSDT,True,fee0.02,11634,-0.05111563763969908,-594.679328300259,0.6659499021203954
Coppock Curve,i056,XRPUSDT,True,fee0.07,11634,-0.15111456955969044,-1758.0669022574384,0.3079192192738764
Coppock Curve,i056,XRPUSDT,True,slip3,11634,-0.13299524552362652,-1547.2666864218706,0.3557771926791969
Rate of Change,i057,XRPUSDT,False,baseline,56643,-0.11184058762218699,-6334.986404683538,0.3246286899387352
Rate of Change,i057,XRPUSDT,False,delay+1,66251,-0.11237422797007901,-7444.904977245705,0.33492661782541533
Rate of Change,i057,XRPUSDT,False,tp0.30,58467,-0.11272632745161237,-6590.77018711342,0.28293164579125746
Rate of Change,i057,XRPUSDT,False,tp0.60,55793,-0.11124081251436821,-6206.458652614146,0.3398973304358146
Rate of Change,i057,XRPUSDT,False,sl0.20,60603,-0.110159544505101,-6675.998875642636,0.316337139954994
Rate of Change,i057,XRPUSDT,False,sl0.40,54854,-0.11218869454142787,-6153.998650375484,0.3252966939783101
Rate of Change,i057,XRPUSDT,False,fee0.02,56643,-0.05184110885408495,-2936.4359288219343,0.5667026280840604
Rate of Change,i057,XRPUSDT,False,fee0.07,56643,-0.151840240134255,-8600.686721924607,0.2317479056106264
Rate of Change,i057,XRPUSDT,False,slip3,56643,-0.13341282400779858,-7556.902590273735,0.271019309483173
Rate of Change,i057,XRPUSDT,True,baseline,23663,-0.11000629700042958,-2603.0790059211654,0.43771865259432374
Rate of Change,i057,XRPUSDT,True,delay+1,23600,-0.1095137860101666,-2584.5253498399316,0.44031452025756784
Rate of Change,i057,XRPUSDT,True,tp0.30,24478,-0.1126847188433305,-2758.2965478470437,0.3784083805606222
Rate of Change,i057,XRPUSDT,True,tp0.60,23332,-0.10839861199155214,-2529.1564149868946,0.4625112850890052
Rate of Change,i057,XRPUSDT,True,sl0.20,25863,-0.10754735871650123,-2781.4973384848713,0.4108573209570251
Rate of Change,i057,XRPUSDT,True,sl0.40,22509,-0.10947599751330876,-2464.195228027067,0.45527527243668725
Rate of Change,i057,XRPUSDT,True,fee0.02,23663,-0.05000855325944028,-1183.3523957781354,0.6832381492493911
Rate of Change,i057,XRPUSDT,True,fee0.07,23663,-0.15000479282775578,-3549.563412683185,0.3258882246167606
Rate of Change,i057,XRPUSDT,True,slip3,23663,-0.13186704561869478,-3120.3699004751743,0.3743610359845921
Klinger Oscillator,i058,XRPUSDT,False,baseline,60485,-0.11250549933074425,-6804.895127020066,0.3238691656571629
Klinger Oscillator,i058,XRPUSDT,False,delay+1,70378,-0.11194279932653009,-7878.3103310025335,0.3320788721845947
Klinger Oscillator,i058,XRPUSDT,False,tp0.30,62825,-0.11407931229451035,-7167.032794902613,0.2827547907888355
Klinger Oscillator,i058,XRPUSDT,False,tp0.60,59274,-0.111103442608069,-6585.545457150682,0.3406415730644961
Klinger Oscillator,i058,XRPUSDT,False,sl0.20,63912,-0.11170565693371713,-7139.33194594773,0.3067764558417857
Klinger Oscillator,i058,XRPUSDT,False,sl0.40,58901,-0.11338686801966236,-6678.599913226132,0.3293978042635477
Klinger Oscillator,i058,XRPUSDT,False,fee0.02,60485,-0.052506458567827874,-3175.8531464750695,0.5665875743558909
Klinger Oscillator,i058,XRPUSDT,False,fee0.07,60485,-0.1525048598393552,-9224.256447383399,0.2302086562382284
Klinger Oscillator,i058,XRPUSDT,False,slip3,60485,-0.13417652736770977,-8115.667257835925,0.2699246081150653
Klinger Oscillator,i058,XRPUSDT,True,baseline,25689,-0.10870003384448162,-2792.3951694308885,0.44669524304104025
Klinger Oscillator,i058,XRPUSDT,True,delay+1,25501,-0.10770414636217428,-2746.5634363818062,0.45007217213913103
Klinger Oscillator,i058,XRPUSDT,True,tp0.30,26677,-0.11249909092137376,-3001.138248509488,0.38019340696268006
Klinger Oscillator,i058,XRPUSDT,True,tp0.60,25232,-0.10619269592108066,-2679.4541034807075,0.4752801776802171
Klinger Oscillator,i058,XRPUSDT,True,sl0.20,28165,-0.10792908744810714,-3039.8227479759375,0.41121257552857443
Klinger Oscillator,i058,XRPUSDT,True,sl0.40,24335,-0.10959430831306864,-2666.977492798525,0.4615092603401402
Klinger Oscillator,i058,XRPUSDT,True,fee0.02,25689,-0.04870124443560076,-1251.086268306148,0.6933424880284363
Klinger Oscillator,i058,XRPUSDT,True,fee0.07,25689,-0.14869922678373554,-3819.9344368473826,0.33383281887331534
Klinger Oscillator,i058,XRPUSDT,True,slip3,25689,-0.13043670909585586,-3350.7886199634413,0.3828611569292843
Bollinger Bands,i059,XRPUSDT,False,baseline,27574,-0.11558374522506326,-3187.1061908358947,0.41614718449692784
Bollinger Bands,i059,XRPUSDT,False,delay+1,28607,-0.11485283760702357,-3285.5951254241236,0.4154241081557699
Bollinger Bands,i059,XRPUSDT,False,tp0.30,28968,-0.1165782867202339,-3377.039809711736,0.36261371385837793
Bollinger Bands,i059,XRPUSDT,False,tp0.60,26869,-0.11489269223436224,-3087.051747645079,0.4370737995075491
Bollinger Bands,i059,XRPUSDT,False,sl0.20,28969,-0.11538853455910855,-3342.6904576428155,0.3771185580264844
Bollinger Bands,i059,XRPUSDT,False,sl0.40,26785,-0.11689257519728097,-3130.967626659171,0.4323679390400178
Bollinger Bands,i059,XRPUSDT,False,fee0.02,27574,-0.055583781005932364,-1532.6671774575789,0.6516601234359687
Bollinger Bands,i059,XRPUSDT,False,fee0.07,27574,-0.15558372137115056,-4290.065533088105,0.30946492869330117
Bollinger Bands,i059,XRPUSDT,False,slip3,27574,-0.13712297771345894,-3781.028987470917,0.35626115258894103
Bollinger Bands,i059,XRPUSDT,True,baseline,11844,-0.11260474383442537,-1333.690585974934,0.4398453938904575
Bollinger Bands,i059,XRPUSDT,True,delay+1,12059,-0.11237051807502128,-1355.0760774666817,0.44178861617726395
Bollinger Bands,i059,XRPUSDT,True,tp0.30,12476,-0.11487238081100085,-1433.1478229980466,0.37805480785755546
Bollinger Bands,i059,XRPUSDT,True,tp0.60,11522,-0.1098914636022867,-1266.1694436255473,0.47009740196548794
Bollinger Bands,i059,XRPUSDT,True,sl0.20,12302,-0.11280531492461243,-1387.730984202582,0.40027245661542277
Bollinger Bands,i059,XRPUSDT,True,sl0.40,11647,-0.11280862989350128,-1313.8821123696093,0.4588849828646371
Bollinger Bands,i059,XRPUSDT,True,fee0.02,11844,-0.05260442332078882,-623.0467898114229,0.6772901341361355
Bollinger Bands,i059,XRPUSDT,True,fee0.07,11844,-0.15260495751018305,-1807.453116750608,0.3305054614650618
Bollinger Bands,i059,XRPUSDT,True,slip3,11844,-0.13435412462256224,-1591.2902520296275,0.3779606861573521
BB %B,i060,XRPUSDT,False,baseline,47223,-0.11010320753897937,-5199.403769613223,0.34894962789616113
BB %B,i060,XRPUSDT,False,delay+1,53615,-0.11093583319749431,-5947.824696883658,0.3574148525208639
BB %B,i060,XRPUSDT,False,tp0.30,48424,-0.11036946616435664,-5344.531029542806,0.3055913424880151
BB %B,i060,XRPUSDT,False,tp0.60,46733,-0.11003407247719779,-5142.222309076884,0.36445185360804117
BB %B,i060,XRPUSDT,False,sl0.20,50400,-0.10802001001536234,-5444.208504774262,0.34677891535691374
BB %B,i060,XRPUSDT,False,sl0.40,45974,-0.1095475529473361,-5036.339199200829,0.35253135709685274
BB %B,i060,XRPUSDT,False,fee0.02,47223,-0.050103360328865865,-2366.0309848100324,0.5931888856976935
BB %B,i060,XRPUSDT,False,fee0.07,47223,-0.15010310567905502,-7088.318959482015,0.25138503585099276
BB %B,i060,XRPUSDT,False,slip3,47223,-0.13196410739161973,-6231.741043354459,0.292461938119776
BB %B,i060,XRPUSDT,True,baseline,19428,-0.10796706375003648,-2097.5841145357085,0.44353469649131877
BB %B,i060,XRPUSDT,True,delay+1,19398,-0.11026778643594219,-2138.974521284407,0.4355013252546568
BB %B,i060,XRPUSDT,True,tp0.30,19876,-0.10977024547452838,-2181.7933990517263,0.385581378371926
BB %B,i060,XRPUSDT,True,tp0.60,19273,-0.10697227230443564,-2061.676604123388,0.46653705802315104
BB %B,i060,XRPUSDT,True,sl0.20,21331,-0.10586914368423575,-2258.2947039284327,0.4163099200556659
BB %B,i060,XRPUSDT,True,sl0.40,18509,-0.1091920085846346,-2021.0348868930018,0.4541323950124686
BB %B,i060,XRPUSDT,True,fee0.02,19428,-0.0479688307214958,-931.9384432572203,0.693078059973513
BB %B,i060,XRPUSDT,True,fee0.07,19428,-0.1479658857690636,-2874.681228721368,0.3300019531560288
BB %B,i060,XRPUSDT,True,slip3,19428,-0.12983787259260834,-2522.490188729195,0.37927476328107557
Standard Error Bands,i061,XRPUSDT,False,baseline,35333,-0.1149512818254719,-4061.573640739399,0.41617130376316724
Standard Error Bands,i061,XRPUSDT,False,delay+1,41407,-0.11234537349537614,-4651.884880323039,0.412556187567582
Standard Error Bands,i061,XRPUSDT,False,tp0.30,37611,-0.11691125526774265,-4397.149221875069,0.3601176907956501
Standard Error Bands,i061,XRPUSDT,False,tp0.60,34206,-0.11396635518404821,-3898.3331454255535,0.43673463057072176
Standard Error Bands,i061,XRPUSDT,False,sl0.20,38132,-0.11494629391782721,-4383.132079674587,0.37651459724808456
Standard Error Bands,i061,XRPUSDT,False,sl0.40,33695,-0.11509993757053139,-3878.2923964390548,0.43421748639335184
Standard Error Bands,i061,XRPUSDT,False,fee0.02,35333,-0.05495095776601447,-1941.582190746589,0.6515789939258687
Standard Error Bands,i061,XRPUSDT,False,fee0.07,35333,-0.1549514978651102,-5474.901274067938,0.3100998188904592
Standard Error Bands,i061,XRPUSDT,False,slip3,35333,-0.13641384192959963,-4819.910276898544,0.35658968622631115
Standard Error Bands,i061,XRPUSDT,True,baseline,16344,-0.11243728253468957,-1837.6749457469664,0.43141407990067326
Standard Error Bands,i061,XRPUSDT,True,delay+1,16623,-0.10877985935124422,-1808.2476019957326,0.4438595597876935
Standard Error Bands,i061,XRPUSDT,True,tp0.30,17110,-0.11468572049638337,-1962.2726776931195,0.37099502831382797
Standard Error Bands,i061,XRPUSDT,True,tp0.60,15944,-0.11175582818669569,-1781.8349246086761,0.4522174663784681
Standard Error Bands,i061,XRPUSDT,True,sl0.20,16951,-0.11293613279989682,-1914.380387091051,0.39097565418027524
Standard Error Bands,i061,XRPUSDT,True,sl0.40,16071,-0.11096739924631449,-1783.3570732875203,0.45423197571619967
Standard Error Bands,i061,XRPUSDT,True,fee0.02,16344,-0.05243769874354839,-857.0417482645547,0.672016510051951
Standard Error Bands,i061,XRPUSDT,True,fee0.07,16344,-0.15243700506211705,-2491.430410735241,0.321674518882571
Standard Error Bands,i061,XRPUSDT,True,slip3,16344,-0.13421163900272085,-2193.5550278604696,0.3691951108855572
Envelopes,i062,XRPUSDT,False,baseline,6,-0.40941694934751816,-2.456501696085109,0.0
Envelopes,i062,XRPUSDT,False,delay+1,6,-0.40923314804773353,-2.455398888286401,0.0
Envelopes,i062,XRPUSDT,False,tp0.30,6,-0.40941694934751816,-2.456501696085109,0.0
Envelopes,i062,XRPUSDT,False,tp0.60,6,-0.40941694934751816,-2.456501696085109,0.0
Envelopes,i062,XRPUSDT,False,sl0.20,6,-0.3094169493475199,-1.8565016960851195,0.0
Envelopes,i062,XRPUSDT,False,sl0.40,6,-0.5094169493475219,-3.0565016960851317,0.0
Envelopes,i062,XRPUSDT,False,fee0.02,6,-0.3494169493475181,-2.0965016960851086,0.0
Envelopes,i062,XRPUSDT,False,fee0.07,6,-0.4494169493475181,-2.6965016960851087,0.0
Envelopes,i062,XRPUSDT,False,slip3,6,-0.42825084804256125,-2.569505088255368,0.0
Envelopes,i062,XRPUSDT,True,baseline,3,-0.41022337829141853,-1.2306701348742555,0.0
Envelopes,i062,XRPUSDT,True,delay+1,3,-0.4098959142529093,-1.2296877427587278,0.0
Envelopes,i062,XRPUSDT,True,tp0.30,3,-0.41022337829141853,-1.2306701348742555,0.0
Envelopes,i062,XRPUSDT,True,tp0.60,3,-0.41022337829141853,-1.2306701348742555,0.0
Envelopes,i062,XRPUSDT,True,sl0.20,3,-0.3101733782914296,-0.9305201348742888,0.0
Envelopes,i062,XRPUSDT,True,sl0.40,3,-0.5102733782914297,-1.5308201348742894,0.0
Envelopes,i062,XRPUSDT,True,fee0.02,3,-0.3501333782914186,-1.0504001348742558,0.0
Envelopes,i062,XRPUSDT,True,fee0.07,3,-0.4502833782914186,-1.3508501348742559,0.0
Envelopes,i062,XRPUSDT,True,slip3,3,-0.43037013487427733,-1.291110404622832,0.0
Net Volume,i074,XRPUSDT,False,baseline,46348,-0.11203878043047202,-5192.773395391518,0.3208269421283169
Net Volume,i074,XRPUSDT,False,delay+1,51020,-0.1108445738481212,-5655.290157731143,0.3459587645831999
Net Volume,i074,XRPUSDT,False,tp0.30,47148,-0.11408042786156412,-5378.664012817025,0.27347978726290045
Net Volume,i074,XRPUSDT,False,tp0.60,46001,-0.11129950919730822,-5119.888722585375,0.3374908750318778
Net Volume,i074,XRPUSDT,False,sl0.20,49281,-0.11092710133356427,-5466.598480819381,0.3060789720968665
Net Volume,i074,XRPUSDT,False,sl0.40,44852,-0.11278218534650918,-5058.506577161629,0.3241637568428545
Net Volume,i074,XRPUSDT,False,fee0.02,46348,-0.052039462832992725,-2411.9250233835464,0.5668478160144946
Net Volume,i074,XRPUSDT,False,fee0.07,46348,-0.15203832549545826,-7046.672310063499,0.2266806736593535
Net Volume,i074,XRPUSDT,False,slip3,46348,-0.13375820100817573,-6199.425100326928,0.2665676999212175
Net Volume,i074,XRPUSDT,True,baseline,19152,-0.10880796508295841,-2083.8901472688194,0.44100001725298255
Net Volume,i074,XRPUSDT,True,delay+1,19215,-0.10847737489062652,-2084.3927585233887,0.4424538922040802
Net Volume,i074,XRPUSDT,True,tp0.30,19851,-0.11424747874430345,-2267.926700553168,0.3699018749339721
Net Volume,i074,XRPUSDT,True,tp0.60,18825,-0.10809910009403037,-2034.9655592701217,0.46143768781663813
Net Volume,i074,XRPUSDT,True,sl0.20,20567,-0.10857378098726507,-2233.0369535650807,0.4066341461728569
Net Volume,i074,XRPUSDT,True,sl0.40,18476,-0.10879310956364363,-2010.06149229788,0.4580864092369535
Net Volume,i074,XRPUSDT,True,fee0.02,19152,-0.048808790444248816,-934.7859545882534,0.6887396732411499
Net Volume,i074,XRPUSDT,True,fee0.07,19152,-0.14880741484209814,-2849.9596090558634,0.3286251224252276
Net Volume,i074,XRPUSDT,True,slip3,19152,-0.13074928697758675,-2504.1103441947416,0.3770211213622368
OBV,i075,XRPUSDT,False,baseline,48611,-0.11141623955855808,-5416.0548211810665,0.30726971370572725
OBV,i075,XRPUSDT,False,delay+1,51955,-0.11091494960073593,-5762.586206506236,0.3379029672904117
OBV,i075,XRPUSDT,False,tp0.30,49766,-0.11195444203608536,-5571.524762367824,0.2681723919188604
OBV,i075,XRPUSDT,False,tp0.60,48110,-0.11128617345103813,-5353.977804729445,0.3210839742873609
OBV,i075,XRPUSDT,False,sl0.20,51529,-0.1104861072104759,-5693.238618448612,0.2998739319134224
OBV,i075,XRPUSDT,False,sl0.40,47373,-0.11172601291684996,-5292.796409909933,0.3072021037988893
OBV,i075,XRPUSDT,False,fee0.02,48611,-0.051416725660434565,-2499.4184510793852,0.5487089785030964
OBV,i075,XRPUSDT,False,fee0.07,48611,-0.15141591549064037,-7360.47906791552,0.21702164232660726
OBV,i075,XRPUSDT,False,slip3,48611,-0.13274403448315636,-6452.820260260713,0.25550611826246117
OBV,i075,XRPUSDT,True,baseline,19368,-0.106974600993993,-2071.8840720516564,0.4499914770684829
OBV,i075,XRPUSDT,True,delay+1,19345,-0.10797893647170059,-2088.8525260450483,0.446944792684631
OBV,i075,XRPUSDT,True,tp0.30,20134,-0.10915752500613819,-2197.7776084735865,0.3896643614486875
OBV,i075,XRPUSDT,True,tp0.60,19030,-0.10543725485308078,-2006.4709598541274,0.47500837850462124
OBV,i075,XRPUSDT,True,sl0.20,21331,-0.10638251593498033,-2269.2454474090655,0.4178774997368944
OBV,i075,XRPUSDT,True,sl0.40,18401,-0.10686802557348413,-1966.4785385776818,0.4662556057817686
OBV,i075,XRPUSDT,True,fee0.02,19368,-0.046976073015486675,-909.832582163946,0.7006289850915959
OBV,i075,XRPUSDT,True,fee0.07,19368,-0.1469736196463305,-2846.5850653101293,0.3356624083042313
OBV,i075,XRPUSDT,True,slip3,19368,-0.12855135804000448,-2489.782702518806,0.38571715105038795
Accumulation/Distribution,i076,XRPUSDT,False,baseline,48642,-0.11167982950376011,-5432.3302667218995,0.3085169742022595
Accumulation/Distribution,i076,XRPUSDT,False,delay+1,54477,-0.11136676850849635,-6066.927448037355,0.3354993852544181
Accumulation/Distribution,i076,XRPUSDT,False,tp0.30,50133,-0.11265291387348407,-5647.628531219378,0.271961955402876
Accumulation/Distribution,i076,XRPUSDT,False,tp0.60,47951,-0.11162418273535542,-5352.491186343028,0.319523042290009
Accumulation/Distribution,i076,XRPUSDT,False,sl0.20,51163,-0.11054915298629436,-5656.026314237778,0.2967650866576013
Accumulation/Distribution,i076,XRPUSDT,False,sl0.40,47556,-0.11139412150921807,-5297.458842492374,0.3149185930778667
Accumulation/Distribution,i076,XRPUSDT,False,fee0.02,48642,-0.051679945675825664,-2513.815917563512,0.5510524408657941
Accumulation/Distribution,i076,XRPUSDT,False,fee0.07,48642,-0.15167975205571646,-7378.0064994941595,0.2174630437390245
Accumulation/Distribution,i076,XRPUSDT,False,slip3,48642,-0.13267890278449976,-6453.767189243637,0.2569798584719316
Accumulation/Distribution,i076,XRPUSDT,True,baseline,20282,-0.10836803674561211,-2197.920521274505,0.44597424897757454
Accumulation/Distribution,i076,XRPUSDT,True,delay+1,20189,-0.11141997979603642,-2249.457972102179,0.43473279678386456
Accumulation/Distribution,i076,XRPUSDT,True,tp0.30,21115,-0.11087680544164338,-2341.1637469003,0.38452681571375136
Accumulation/Distribution,i076,XRPUSDT,True,tp0.60,19914,-0.10628692761323788,-2116.597876490019,0.4726034772081401
Accumulation/Distribution,i076,XRPUSDT,True,sl0.20,22124,-0.10676954918552883,-2362.16950618064,0.4153893701282203
Accumulation/Distribution,i076,XRPUSDT,True,sl0.40,19258,-0.10851634109014269,-2089.807696713968,0.46152903037927406
Accumulation/Distribution,i076,XRPUSDT,True,fee0.02,20282,-0.0483695840621079,-981.0319039476724,0.693787694720315
Accumulation/Distribution,i076,XRPUSDT,True,fee0.07,20282,-0.1483670052012816,-3009.1795994923937,0.3328038478762602
Accumulation/Distribution,i076,XRPUSDT,True,slip3,20282,-0.1296921692261992,-2630.416576245772,0.3829537496675346
MFI,i077,XRPUSDT,False,baseline,40110,-0.11197340055581052,-4491.253096293561,0.3422908674299434
MFI,i077,XRPUSDT,False,delay+1,46255,-0.10971508131813108,-5074.871086370153,0.3589507219197575
MFI,i077,XRPUSDT,False,tp0.30,40621,-0.11370560665053403,-4618.835447751343,0.29246931782004565
MFI,i077,XRPUSDT,False,tp0.60,39922,-0.11160275313189393,-4455.405110531469,0.35985513278573844
MFI,i077,XRPUSDT,False,sl0.20,42890,-0.11001775950087432,-4718.6617049925,0.32795793117218713
MFI,i077,XRPUSDT,False,sl0.40,38583,-0.11231139162430294,-4333.31042304048,0.34881728320722966
MFI,i077,XRPUSDT,False,fee0.02,40110,-0.051973843270506304,-2084.6708535800076,0.5895707683243517
MFI,i077,XRPUSDT,False,fee0.07,40110,-0.15197310541268003,-6095.641258102596,0.244122750232808
MFI,i077,XRPUSDT,False,slip3,40110,-0.13369810527370413,-5362.631002528273,0.28599953470213557
MFI,i077,XRPUSDT,True,baseline,17177,-0.10957405633661013,-1882.1535656939525,0.4335396765141157
MFI,i077,XRPUSDT,True,delay+1,17270,-0.10879021908053066,-1878.8070835207645,0.4366359467491174
MFI,i077,XRPUSDT,True,tp0.30,17664,-0.11353983944855137,-2005.5677240192115,0.3692093017721831
MFI,i077,XRPUSDT,True,tp0.60,16992,-0.11008487084052665,-1870.562125322229,0.4486647356039431
MFI,i077,XRPUSDT,True,sl0.20,18136,-0.10871161967665635,-1971.5939344558396,0.401573919229911
MFI,i077,XRPUSDT,True,sl0.40,16688,-0.11037733326280263,-1841.9769374896505,0.4478200194185837
MFI,i077,XRPUSDT,True,fee0.02,17177,-0.04957476369575427,-851.5457160019711,0.6811958365613242
MFI,i077,XRPUSDT,True,fee0.07,17177,-0.14957358476384738,-2569.2254654886065,0.3215160338946644
MFI,i077,XRPUSDT,True,slip3,17177,-0.13157373703456934,-2260.0420810427977,0.36966116430418844
Chaikin Money Flow,i078,XRPUSDT,False,baseline,39919,-0.11085799607260538,-4425.340345222334,0.31815500317530376
Chaikin Money Flow,i078,XRPUSDT,False,delay+1,43471,-0.11109802753588799,-4829.542355012587,0.34425627242484197
Chaikin Money Flow,i078,XRPUSDT,False,tp0.30,40753,-0.1122874606886517,-4576.0508854446225,0.27608402111656305
Chaikin Money Flow,i078,XRPUSDT,False,tp0.60,39553,-0.11140213799014183,-4406.288763924079,0.32812252261663793
Chaikin Money Flow,i078,XRPUSDT,False,sl0.20,41953,-0.10979558877960612,-4606.254336070815,0.3008840632933007
Chaikin Money Flow,i078,XRPUSDT,False,sl0.40,38948,-0.11143748824273068,-4340.267292077874,0.32470961429417877
Chaikin Money Flow,i078,XRPUSDT,False,fee0.02,39919,-0.05085804682639051,-2030.2023712626826,0.5694127345420275
Chaikin Money Flow,i078,XRPUSDT,False,fee0.07,39919,-0.15085796223674858,-6022.098994528767,0.2230050492924084
Chaikin Money Flow,i078,XRPUSDT,False,slip3,39919,-0.13200438653023752,-5269.483105900552,0.26443052939951955
Chaikin Money Flow,i078,XRPUSDT,True,baseline,16477,-0.11096759580634055,-1828.4130761010733,0.4329014547733335
Chaikin Money Flow,i078,XRPUSDT,True,delay+1,16481,-0.10853022071030613,-1788.6865675265553,0.44104414471475123
Chaikin Money Flow,i078,XRPUSDT,True,tp0.30,17176,-0.11206599214525419,-1924.8454810868857,0.3790084943249602
Chaikin Money Flow,i078,XRPUSDT,True,tp0.60,16172,-0.10926924360264406,-1767.1022075419596,0.4572149755154085
Chaikin Money Flow,i078,XRPUSDT,True,sl0.20,17689,-0.10991064887959374,-1944.2094680311336,0.3999798627593476
Chaikin Money Flow,i078,XRPUSDT,True,sl0.40,15805,-0.11010947286511713,-1740.2802186331762,0.45259112772430793
Chaikin Money Flow,i078,XRPUSDT,True,fee0.02,16477,-0.050968052010794906,-839.8005929818677,0.6770983817056506
Chaikin Money Flow,i078,XRPUSDT,True,fee0.07,16477,-0.15096729167003764,-2487.4880648472104,0.3221168960752141
Chaikin Money Flow,i078,XRPUSDT,True,slip3,16477,-0.13239170722117105,-2181.4181598832356,0.3710336598963595
Chaikin Oscillator,i079,XRPUSDT,False,baseline,43078,-0.11048422930005519,-4759.439629787777,0.35484287646942686
Chaikin Oscillator,i079,XRPUSDT,False,delay+1,55306,-0.11025740947647443,-6097.8962885058945,0.35055777097883045
Chaikin Oscillator,i079,XRPUSDT,False,tp0.30,44677,-0.11160747576502703,-4986.287194754113,0.31209321900369713
Chaikin Oscillator,i079,XRPUSDT,False,tp0.60,42282,-0.11019219852486714,-4659.146538028433,0.3685352438730127
Chaikin Oscillator,i079,XRPUSDT,False,sl0.20,45869,-0.10923005859704686,-5010.273557787942,0.33621075428938385
Chaikin Oscillator,i079,XRPUSDT,False,sl0.40,41784,-0.1099721190872113,-4595.075023940037,0.36445587509632804
Chaikin Oscillator,i079,XRPUSDT,False,fee0.02,43078,-0.0504846838019802,-2174.779208821703,0.603927135611278
Chaikin Oscillator,i079,XRPUSDT,False,fee0.07,43078,-0.1504839262987719,-6482.546577098495,0.25496800417053855
Chaikin Oscillator,i079,XRPUSDT,False,slip3,43078,-0.13173860877371096,-5675.035788753921,0.2983349196752297
Chaikin Oscillator,i079,XRPUSDT,True,baseline,20037,-0.10712465547844943,-2146.456721821691,0.44546283023278516
Chaikin Oscillator,i079,XRPUSDT,True,delay+1,19971,-0.1111726647104231,-2220.22928693186,0.43210522398314116
Chaikin Oscillator,i079,XRPUSDT,True,tp0.30,20573,-0.10974585776408477,-2257.8015317805157,0.38401250871163073
Chaikin Oscillator,i079,XRPUSDT,True,tp0.60,19799,-0.10609903832587735,-2100.6548598140453,0.4678306981978413
Chaikin Oscillator,i079,XRPUSDT,True,sl0.20,21500,-0.10765436862382444,-2314.5689254122253,0.40850757412763067
Chaikin Oscillator,i079,XRPUSDT,True,sl0.40,19220,-0.10680877567991155,-2052.8646685679,0.4624191312033465
Chaikin Oscillator,i079,XRPUSDT,True,fee0.02,20037,-0.04712694705410175,-944.2826381230368,0.6972554830521583
Chaikin Oscillator,i079,XRPUSDT,True,fee0.07,20037,-0.14712312776134784,-2947.9061109541267,0.3312104877565676
Chaikin Oscillator,i079,XRPUSDT,True,slip3,20037,-0.12859636967577678,-2576.6854591935394,0.3814843658829598
Ease of Movement,i080,XRPUSDT,False,baseline,44055,-0.11116259299778697,-4897.268034517504,0.3475971990564476
Ease of Movement,i080,XRPUSDT,False,delay+1,53138,-0.11018373891014614,-5854.943518207346,0.35122264339266646
Ease of Movement,i080,XRPUSDT,False,tp0.30,44991,-0.11248873201733108,-5060.980542191743,0.30028063342557354
Ease of Movement,i080,XRPUSDT,False,tp0.60,43690,-0.11087487444777705,-4844.123264623379,0.36475865318227113
Ease of Movement,i080,XRPUSDT,False,sl0.20,47517,-0.10990240614410075,-5222.232632749236,0.33291079101677074
Ease of Movement,i080,XRPUSDT,False,sl0.40,42464,-0.11195131059739487,-4753.900453207776,0.35040622293207685
Ease of Movement,i080,XRPUSDT,False,fee0.02,44055,-0.0511627458615569,-2253.974768930889,0.5950011400111112
Ease of Movement,i080,XRPUSDT,False,fee0.07,44055,-0.15116249108860697,-6659.46354490858,0.2490587965657793
Ease of Movement,i080,XRPUSDT,False,slip3,44055,-0.1327068061676147,-5846.398345714266,0.2911810559125643
Ease of Movement,i080,XRPUSDT,True,baseline,19128,-0.10869313704280742,-2079.0823253548206,0.4415682759590171
Ease of Movement,i080,XRPUSDT,True,delay+1,19210,-0.10883807475391151,-2090.7794160226404,0.4401314095635786
Ease of Movement,i080,XRPUSDT,True,tp0.30,19731,-0.11119433676194833,-2193.9754586500026,0.38157140370272863
Ease of Movement,i080,XRPUSDT,True,tp0.60,18868,-0.10781052730238713,-2034.1690291414402,0.4629987896484517
Ease of Movement,i080,XRPUSDT,True,sl0.20,20431,-0.10617872859096544,-2169.337603842015,0.4145233862818501
Ease of Movement,i080,XRPUSDT,True,sl0.40,18429,-0.10966258626868298,-2020.9718023455587,0.45393444292218266
Ease of Movement,i080,XRPUSDT,True,fee0.02,19128,-0.04869529285405512,-931.4435617123663,0.6896552676853867
Ease of Movement,i080,XRPUSDT,True,fee0.07,19128,-0.14869169983530894,-2844.1748344497896,0.32870161316337915
Ease of Movement,i080,XRPUSDT,True,slip3,19128,-0.13042309951961756,-2494.7330476112443,0.3779969397878352
Elder Force Index,i081,XRPUSDT,False,baseline,44713,-0.11061029319660082,-4945.718039699612,0.3422066639520051
Elder Force Index,i081,XRPUSDT,False,delay+1,52975,-0.11169284673598935,-5916.928555839036,0.34596115147717144
Elder Force Index,i081,XRPUSDT,False,tp0.30,45916,-0.11155322717898901,-5122.077979150459,0.29790433515544934
Elder Force Index,i081,XRPUSDT,False,tp0.60,44185,-0.1102843696775598,-4872.914874202979,0.35842671868267706
Elder Force Index,i081,XRPUSDT,False,sl0.20,47824,-0.10980349756220385,-5251.242467414838,0.332067820931729
Elder Force Index,i081,XRPUSDT,False,sl0.40,43418,-0.11180278418415454,-4854.253283707621,0.33971438902725554
Elder Force Index,i081,XRPUSDT,False,fee0.02,44713,-0.050610971938026175,-2262.9683882649642,0.5864437131096201
Elder Force Index,i081,XRPUSDT,False,fee0.07,44713,-0.15060984070231725,-6734.217807322711,0.24595258185228358
Elder Force Index,i081,XRPUSDT,False,slip3,44713,-0.13215398108877013,-5909.000956422179,0.286887301255195
Elder Force Index,i081,XRPUSDT,True,baseline,18997,-0.10981720076707471,-2086.1973629721183,0.4365619121134389
Elder Force Index,i081,XRPUSDT,True,delay+1,18938,-0.11150992566148733,-2111.774972177247,0.43090942684256817
Elder Force Index,i081,XRPUSDT,True,tp0.30,19484,-0.11164421958101661,-2175.275974316528,0.37916406427233385
Elder Force Index,i081,XRPUSDT,True,tp0.60,18810,-0.1082702478286972,-2036.563361657794,0.46197124153721747
Elder Force Index,i081,XRPUSDT,True,sl0.20,20718,-0.10808979664732155,-2239.4044069392075,0.40645798247595527
Elder Force Index,i081,XRPUSDT,True,sl0.40,18092,-0.1108232427492547,-2005.014107819516,0.44859696465223386
Elder Force Index,i081,XRPUSDT,True,fee0.02,18997,-0.04981961704804281,-946.4232650616692,0.6831004774945457
Elder Force Index,i081,XRPUSDT,True,fee0.07,18997,-0.14981558991309596,-2846.0467615790844,0.32467895621635706
Elder Force Index,i081,XRPUSDT,True,slip3,18997,-0.1315338007000062,-2498.7476118980176,0.3734480830917423
Price & Volume Trend,i082,XRPUSDT,False,baseline,35004,-0.11134900778683257,-3897.660668570287,0.3496911702031585
Price & Volume Trend,i082,XRPUSDT,False,delay+1,40902,-0.11160962433330217,-4565.056854480726,0.35562278815196396
Price & Volume Trend,i082,XRPUSDT,False,tp0.30,35719,-0.11301709468269407,-4036.857604971149,0.300569348225752
Price & Volume Trend,i082,XRPUSDT,False,tp0.60,34696,-0.11142108063261554,-3865.865813629229,0.3658930065169277
Price & Volume Trend,i082,XRPUSDT,False,sl0.20,37427,-0.11080957334086806,-4147.269901428669,0.33691392275867177
Price & Volume Trend,i082,XRPUSDT,False,sl0.40,33967,-0.11204024266035194,-3805.670922444174,0.35045233964018524
Price & Volume Trend,i082,XRPUSDT,False,fee0.02,35004,-0.05134973306768951,-1797.4460563014034,0.592767023693439
Price & Volume Trend,i082,XRPUSDT,False,fee0.07,35004,-0.15134852426626128,-5297.803743416209,0.25213856603075213
Price & Volume Trend,i082,XRPUSDT,False,slip3,35004,-0.13291773671664903,-4652.652456029583,0.29375143988355795
Price & Volume Trend,i082,XRPUSDT,True,baseline,15063,-0.11171293451460428,-1682.731932593484,0.42814623376558003
Price & Volume Trend,i082,XRPUSDT,True,delay+1,15091,-0.10997696736604742,-1659.6624145210217,0.4339383510736788
Price & Volume Trend,i082,XRPUSDT,True,tp0.30,15377,-0.11303906955791129,-1738.2017725920018,0.37282207240146076
Price & Volume Trend,i082,XRPUSDT,True,tp0.60,14957,-0.11048145655071422,-1652.4711456290327,0.45229829801435595
Price & Volume Trend,i082,XRPUSDT,True,sl0.20,16317,-0.10946131635137558,-1786.0802989053955,0.4004197559450862
Price & Volume Trend,i082,XRPUSDT,True,sl0.40,14411,-0.11176380143478726,-1610.628142476719,0.44333415221693434
Price & Volume Trend,i082,XRPUSDT,True,fee0.02,15063,-0.05171566332959929,-778.9930367337541,0.6712796111343469
Price & Volume Trend,i082,XRPUSDT,True,fee0.07,15063,-0.1517111153046076,-2285.224529833304,0.3181490878921282
Price & Volume Trend,i082,XRPUSDT,True,slip3,15063,-0.13352774203731826,-2011.3283783081251,0.3659784875919072
VWAP,i086,XRPUSDT,False,baseline,11032,-0.10844016225670691,-1196.3118700159907,0.35485079475143183
VWAP,i086,XRPUSDT,False,delay+1,12284,-0.11024284982560052,-1354.2231672576768,0.3618451666482873
VWAP,i086,XRPUSDT,False,tp0.30,11214,-0.11057522036411399,-1239.9905211631744,0.3008622557421066
VWAP,i086,XRPUSDT,False,tp0.60,10955,-0.10966401191591574,-1201.3692505388572,0.3661826246999641
VWAP,i086,XRPUSDT,False,sl0.20,11739,-0.1077625218858565,-1265.0242444180694,0.34716565625700163
VWAP,i086,XRPUSDT,False,sl0.40,10734,-0.10652820773424958,-1143.4737818194349,0.36183551936234243
VWAP,i086,XRPUSDT,False,fee0.02,11032,-0.04844009099579109,-534.3910838655672,0.6042542636142364
VWAP,i086,XRPUSDT,False,fee0.07,11032,-0.14844020976398412,-1637.5923941162728,0.25554842206368905
VWAP,i086,XRPUSDT,False,slip3,11032,-0.13048589644628464,-1439.520409595412,0.2970389655995261
VWAP,i086,XRPUSDT,True,baseline,4455,-0.11483415912162291,-511.5861788868301,0.4150761049418871
VWAP,i086,XRPUSDT,True,delay+1,4482,-0.1118094306563227,-501.1298682016384,0.4267120827860038
VWAP,i086,XRPUSDT,True,tp0.30,4527,-0.1135197920420867,-513.9040985745264,0.3674899294077437
VWAP,i086,XRPUSDT,True,tp0.60,4431,-0.11581499790472852,-513.176255715852,0.4280787604845704
VWAP,i086,XRPUSDT,True,sl0.20,4893,-0.1125812231452525,-550.8599248497205,0.39009482166954784
VWAP,i086,XRPUSDT,True,sl0.40,4279,-0.11377437006912894,-486.8405295258027,0.4332222555087056
VWAP,i086,XRPUSDT,True,fee0.02,4455,-0.05483428869676875,-244.2867561441048,0.652890757089201
VWAP,i086,XRPUSDT,True,fee0.07,4455,-0.15483407273819236,-689.7857940486471,0.30785767409801446
VWAP,i086,XRPUSDT,True,slip3,4455,-0.13706690043051778,-610.6330414179567,0.3533258004089105
VWMA,i087,XRPUSDT,False,baseline,49953,-0.11124360360924024,-5556.9517310923775,0.34653629920661366
VWMA,i087,XRPUSDT,False,delay+1,56502,-0.11153168463124113,-6301.763245034386,0.3556178140078897
VWMA,i087,XRPUSDT,False,tp0.30,51266,-0.11166695615676654,-5724.718174332795,0.3028204690880705
VWMA,i087,XRPUSDT,False,tp0.60,49364,-0.11102045138814756,-5480.413562324516,0.362309318518835
VWMA,i087,XRPUSDT,False,sl0.20,53371,-0.10954755939137303,-5846.66279227697,0.34161267280836777
VWMA,i087,XRPUSDT,False,sl0.40,48588,-0.11095684267611347,-5391.171071947001,0.3489667253754037
VWMA,i087,XRPUSDT,False,fee0.02,49953,-0.05124356289785757,-2559.769697436679,0.5879299634192476
VWMA,i087,XRPUSDT,False,fee0.07,49953,-0.15124363075016198,-7555.073086862842,0.25001738045931904
VWMA,i087,XRPUSDT,False,slip3,49953,-0.13299875062617,-6643.6865900290695,0.29079295963574375
VWMA,i087,XRPUSDT,True,baseline,20675,-0.1093831080467644,-2261.495758866854,0.4409373947530064
VWMA,i087,XRPUSDT,True,delay+1,20590,-0.10802987350413429,-2224.3350954501248,0.4456883906918387
VWMA,i087,XRPUSDT,True,tp0.30,21201,-0.11122711434373861,-2358.1260512016024,0.3829284238197786
VWMA,i087,XRPUSDT,True,tp0.60,20454,-0.10761521158160077,-2201.1615376900622,0.46688987460221415
VWMA,i087,XRPUSDT,True,sl0.20,22754,-0.10686558206987055,-2431.6194544178343,0.41484125086832874
VWMA,i087,XRPUSDT,True,sl0.40,19669,-0.10976130867821354,-2158.895180391782,0.45455747630461324
VWMA,i087,XRPUSDT,True,fee0.02,20675,-0.04938475964140449,-1021.0299055860379,0.6871340136279479
VWMA,i087,XRPUSDT,True,fee0.07,20675,-0.14938200698367102,-3088.4729943873986,0.32868805681835866
VWMA,i087,XRPUSDT,True,slip3,20675,-0.13117579521075468,-2712.059565982353,0.3776019943281768
Pivot Points Standard,i088,XRPUSDT,False,baseline,4446,-0.11468376725527257,-509.8840292169418,0.3333830231895001
Pivot Points Standard,i088,XRPUSDT,False,delay+1,4950,-0.11214174777936421,-555.1016515078529,0.3523549415692784
Pivot Points Standard,i088,XRPUSDT,False,tp0.30,4511,-0.1177604887089108,-531.2175645658966,0.2775409233678518
Pivot Points Standard,i088,XRPUSDT,False,tp0.60,4422,-0.11642053843481909,-514.81162095877,0.3436181854662308
Pivot Points Standard,i088,XRPUSDT,False,sl0.20,4758,-0.11328424759382845,-539.0064500514358,0.32959061414868973
Pivot Points Standard,i088,XRPUSDT,False,sl0.40,4323,-0.11501225716921562,-497.1979877425191,0.3331378509644222
Pivot Points Standard,i088,XRPUSDT,False,fee0.02,4446,-0.05468413346569937,-243.1256573884994,0.5653517749331114
Pivot Points Standard,i088,XRPUSDT,False,fee0.07,4446,-0.15468352311498804,-687.7229437692368,0.24082734896108035
Pivot Points Standard,i088,XRPUSDT,False,slip3,4446,-0.13659721373843514,-607.3112122810826,0.2793979671530894
Pivot Points Standard,i088,XRPUSDT,True,baseline,1410,-0.11201197695271334,-157.9368875033258,0.41511986443608023
Pivot Points Standard,i088,XRPUSDT,True,delay+1,1405,-0.10386248570449237,-145.92679241481179,0.43696065840006665
Pivot Points Standard,i088,XRPUSDT,True,tp0.30,1431,-0.11310747835910918,-161.85680153188525,0.36436896337171554
Pivot Points Standard,i088,XRPUSDT,True,tp0.60,1405,-0.10921051506871254,-153.4407736715411,0.44295054377116944
Pivot Points Standard,i088,XRPUSDT,True,sl0.20,1525,-0.11158891070922414,-170.17308883156682,0.3839658157744661
Pivot Points Standard,i088,XRPUSDT,True,sl0.40,1361,-0.10962556505885977,-149.20039404510817,0.4354942651154221
Pivot Points Standard,i088,XRPUSDT,True,fee0.02,1410,-0.052016857995704026,-73.34376977394268,0.6593578521255329
Pivot Points Standard,i088,XRPUSDT,True,fee0.07,1410,-0.15200872292405287,-214.33229932291457,0.3056030493614183
Pivot Points Standard,i088,XRPUSDT,True,slip3,1410,-0.1354563899401433,-190.99350981560207,0.3495225164324057
Balance of Power,i089,XRPUSDT,False,baseline,49069,-0.1117714569752824,-5484.5136223201325,0.3224646399209634
Balance of Power,i089,XRPUSDT,False,delay+1,53906,-0.11031703423425782,-5946.750047431902,0.34757923243225475
Balance of Power,i089,XRPUSDT,False,tp0.30,50041,-0.11280371869918665,-5644.810887426,0.27895408043083403
Balance of Power,i089,XRPUSDT,False,tp0.60,48702,-0.11119406072796759,-5415.373145573477,0.3398693012644609
Balance of Power,i089,XRPUSDT,False,sl0.20,52110,-0.1110619099023617,-5787.436125012068,0.3085571077307637
Balance of Power,i089,XRPUSDT,False,sl0.40,47605,-0.11221044599272544,-5341.778281483694,0.3241960480312272
Balance of Power,i089,XRPUSDT,False,fee0.02,49069,-0.05177164681117433,-2540.3829373775134,0.56604028865698
Balance of Power,i089,XRPUSDT,False,fee0.07,49069,-0.1517713304180211,-7447.267412281877,0.22876144123312983
Balance of Power,i089,XRPUSDT,False,slip3,49069,-0.13335859847672527,-6543.773068654431,0.26857633027632144
Balance of Power,i089,XRPUSDT,True,baseline,19999,-0.11096931824140249,-2219.2753955098087,0.4341674895348228
Balance of Power,i089,XRPUSDT,True,delay+1,20006,-0.10956949680143126,-2192.047353009433,0.4387117981853384
Balance of Power,i089,XRPUSDT,True,tp0.30,20724,-0.11189482574785199,-2318.908368798485,0.37977353644589884
Balance of Power,i089,XRPUSDT,True,tp0.60,19700,-0.10996854551499859,-2166.380346645472,0.4548842759702628
Balance of Power,i089,XRPUSDT,True,sl0.20,21674,-0.10885674319782246,-2359.361052069604,0.4058708724301021
Balance of Power,i089,XRPUSDT,True,sl0.40,19176,-0.1114229249430617,-2136.6460087081514,0.449594952807973
Balance of Power,i089,XRPUSDT,True,fee0.02,19999,-0.050970485293338585,-1019.3587353814785,0.677686925366324
Balance of Power,i089,XRPUSDT,True,fee0.07,19999,-0.15096854020677844,-3019.2198355953624,0.32325897717584084
Balance of Power,i089,XRPUSDT,True,slip3,19999,-0.13271962356419892,-2654.259751660414,0.37171931156747623
Accumulative Swing Index,i090,XRPUSDT,False,baseline,38489,-0.11194465013143927,-4308.6376389089655,0.3487964284560315
Accumulative Swing Index,i090,XRPUSDT,False,delay+1,47531,-0.11051009624560852,-5252.655384650018,0.3581208806311713
Accumulative Swing Index,i090,XRPUSDT,False,tp0.30,39596,-0.11219860080634071,-4442.6157975278675,0.307561035738988
Accumulative Swing Index,i090,XRPUSDT,False,tp0.60,37975,-0.11252752059863627,-4273.232594733213,0.3606850577716595
Accumulative Swing Index,i090,XRPUSDT,False,sl0.20,41203,-0.11138711788701834,-4589.483418298817,0.33557546382352615
Accumulative Swing Index,i090,XRPUSDT,False,sl0.40,37356,-0.11167589976160519,-4171.764911494523,0.3527046350583661
Accumulative Swing Index,i090,XRPUSDT,False,fee0.02,38489,-0.05194499976654759,-1999.3110960146503,0.590074493729378
Accumulative Swing Index,i090,XRPUSDT,False,fee0.07,38489,-0.15194441704136705,-5848.188667505176,0.2518879596430069
Accumulative Swing Index,i090,XRPUSDT,False,slip3,38489,-0.13366035632907486,-5144.4534547497615,0.2928498439908018
Accumulative Swing Index,i090,XRPUSDT,True,baseline,17067,-0.10872818577164552,-1855.663946564674,0.4365376622735133
Accumulative Swing Index,i090,XRPUSDT,True,delay+1,16962,-0.11039273418739894,-1872.4815572866607,0.42879266513011394
Accumulative Swing Index,i090,XRPUSDT,True,tp0.30,17363,-0.11171890773678285,-1939.7753950337606,0.37496442870144125
Accumulative Swing Index,i090,XRPUSDT,True,tp0.60,16951,-0.1087679088028107,-1843.724822116444,0.45432622480007717
Accumulative Swing Index,i090,XRPUSDT,True,sl0.20,18474,-0.10733040239483065,-1982.8218538421013,0.40644708915899347
Accumulative Swing Index,i090,XRPUSDT,True,sl0.40,16379,-0.11074332858359266,-1813.8649788706643,0.4447448660874998
Accumulative Swing Index,i090,XRPUSDT,True,fee0.02,17067,-0.04872921793449136,-831.661562487964,0.685886152099026
Accumulative Swing Index,i090,XRPUSDT,True,fee0.07,17067,-0.14872749766308158,-2538.3322026158135,0.3239206135404323
Accumulative Swing Index,i090,XRPUSDT,True,slip3,17067,-0.13041880274292988,-2225.8577064135843,0.372807715645695
Up/Down,i091,XRPUSDT,False,baseline,37977,-0.11071631580142846,-4204.6735251908485,0.33859425288933703
Up/Down,i091,XRPUSDT,False,delay+1,43516,-0.11012744340676611,-4792.305827288834,0.3547599166873702
Up/Down,i091,XRPUSDT,False,tp0.30,38862,-0.11141107652124758,-4329.657255768723,0.2963829948413404
Up/Down,i091,XRPUSDT,False,tp0.60,37611,-0.11102625333917857,-4175.808414339845,0.35101710688472065
Up/Down,i091,XRPUSDT,False,sl0.20,40296,-0.11125637559651602,-4483.18691103721,0.31243375219086544
Up/Down,i091,XRPUSDT,False,sl0.40,36770,-0.11087842414786533,-4076.999655917008,0.34740427425042464
Up/Down,i091,XRPUSDT,False,fee0.02,37977,-0.0507166249903674,-1926.0652672591827,0.5922450954046652
Up/Down,i091,XRPUSDT,False,fee0.07,37977,-0.15071610967546917,-5723.745697145292,0.23915221398613473
Up/Down,i091,XRPUSDT,False,slip3,37977,-0.13243655119541403,-5029.542904748239,0.2813828209648613
Up/Down,i091,XRPUSDT,True,baseline,16828,-0.10904576853804555,-1835.0221929582303,0.43570568704388213
Up/Down,i091,XRPUSDT,True,delay+1,16873,-0.10870120224065186,-1834.1153854065187,0.43691857417415125
Up/Down,i091,XRPUSDT,True,tp0.30,17329,-0.11165207698680205,-1934.8188421042928,0.3749759637384768
Up/Down,i091,XRPUSDT,True,tp0.60,16572,-0.1093991043812405,-1812.9619578059173,0.45144995495918566
Up/Down,i091,XRPUSDT,True,sl0.20,17759,-0.10890823927088311,-1934.1014212116131,0.4009172681869486
Up/Down,i091,XRPUSDT,True,sl0.40,16350,-0.10794640238263999,-1764.9236789561637,0.45586386183817035
Up/Down,i091,XRPUSDT,True,fee0.02,16828,-0.049046350997305393,-825.3519945826552,0.6843065208326328
Up/Down,i091,XRPUSDT,True,fee0.07,16828,-0.1490453802318723,-2508.135658541947,0.3235014305350986
Up/Down,i091,XRPUSDT,True,slip3,16828,-0.1309770839910931,-2204.082369402114,0.37196868945495565
Average Price,i099,XRPUSDT,False,baseline,38412,-0.11136476500757887,-4277.743353471119,0.37834466547226553
Average Price,i099,XRPUSDT,False,delay+1,47650,-0.10915943333937837,-5201.44699862138,0.3749430998660801
Average Price,i099,XRPUSDT,False,tp0.30,39194,-0.11207519728993333,-4392.675282581647,0.3292435356858373
Average Price,i099,XRPUSDT,False,tp0.60,38107,-0.1111708419162186,-4236.387272901342,0.39649260601548075
Average Price,i099,XRPUSDT,False,sl0.20,41762,-0.10920967738771549,-4560.814547065775,0.3658211343771366
Average Price,i099,XRPUSDT,False,sl0.40,36878,-0.11189261655255424,-4126.375913225095,0.3817692783335119
Average Price,i099,XRPUSDT,False,fee0.02,38412,-0.05136458126325279,-1973.0162954840662,0.622268370967797
Average Price,i099,XRPUSDT,False,fee0.07,38412,-0.15136488750379626,-5814.228058795821,0.27569898459942566
Average Price,i099,XRPUSDT,False,slip3,38412,-0.13306168081245923,-5111.165283368184,0.3196891222448068
Average Price,i099,XRPUSDT,True,baseline,16962,-0.1067399795593778,-1810.5235332861664,0.4443516813095352
Average Price,i099,XRPUSDT,True,delay+1,16930,-0.10702097713420633,-1811.865142882113,0.44233447649697183
Average Price,i099,XRPUSDT,True,tp0.30,17187,-0.10893535749900903,-1872.2719893354679,0.38570585290192316
Average Price,i099,XRPUSDT,True,tp0.60,16901,-0.10658383401765222,-1801.37337873234,0.4631577415525879
Average Price,i099,XRPUSDT,True,sl0.20,18248,-0.10569992357022824,-1928.812205309525,0.4132723645238258
Average Price,i099,XRPUSDT,True,sl0.40,16342,-0.10846326499998701,-1772.5066766297878,0.4544723108718414
Average Price,i099,XRPUSDT,True,fee0.02,16962,-0.04674122073451738,-792.8245860988839,0.6975727556004601
Average Price,i099,XRPUSDT,True,fee0.07,16962,-0.14673915210928476,-2488.989498077688,0.32966837645083086
Average Price,i099,XRPUSDT,True,slip3,16962,-0.1285528449873575,-2180.513356675558,0.3795710809319044
Typical Price,i100,XRPUSDT,False,baseline,40165,-0.10999072669522018,-4417.777537713519,0.37751091029616357
Typical Price,i100,XRPUSDT,False,delay+1,48736,-0.11051879296302726,-5386.243893846096,0.3698175563836141
Typical Price,i100,XRPUSDT,False,tp0.30,41061,-0.11079210969087401,-4549.234816016978,0.32842234048137403
Typical Price,i100,XRPUSDT,False,tp0.60,39801,-0.10983701594266526,-4371.623071534021,0.39528868197182326
Typical Price,i100,XRPUSDT,False,sl0.20,43431,-0.10864888334501649,-4718.729652557411,0.3648455240186787
Typical Price,i100,XRPUSDT,False,sl0.40,38668,-0.11015315844217449,-4259.402330642003,0.3801203445729141
Typical Price,i100,XRPUSDT,False,fee0.02,40165,-0.04999087734875447,-2007.8835887127234,0.6240138529723371
Typical Price,i100,XRPUSDT,False,fee0.07,40165,-0.14999062625953066,-6024.37350371405,0.2747209367774174
Typical Price,i100,XRPUSDT,False,slip3,40165,-0.13168003093380054,-5288.928442456099,0.31869366667199645
Typical Price,i100,XRPUSDT,True,baseline,17543,-0.10740731048522692,-1884.246447842336,0.4435286281736551
Typical Price,i100,XRPUSDT,True,delay+1,17452,-0.10870392246495829,-1897.100854858452,0.4374596020789311
Typical Price,i100,XRPUSDT,True,tp0.30,17778,-0.10981989469019088,-1952.3780878022133,0.3835161844917831
Typical Price,i100,XRPUSDT,True,tp0.60,17466,-0.10746722134016162,-1877.0224879272628,0.4620175880736768
Typical Price,i100,XRPUSDT,True,sl0.20,19016,-0.10628324517459593,-2021.082190240116,0.41258711573174645
Typical Price,i100,XRPUSDT,True,sl0.40,16806,-0.10824751600745873,-1819.2077540213513,0.45547936443184744
Typical Price,i100,XRPUSDT,True,fee0.02,17543,-0.04740883360551742,-831.6931679415922,0.694911623201538
Typical Price,i100,XRPUSDT,True,fee0.07,17543,-0.14740629507169992,-2585.9486344428315,0.3294406737735652
Typical Price,i100,XRPUSDT,True,slip3,17543,-0.1292257076523277,-2267.0065893447845,0.3790984970767767
Median Price,i101,XRPUSDT,False,baseline,40630,-0.11025237119268358,-4479.553841558734,0.37119648240471353
Median Price,i101,XRPUSDT,False,delay+1,48748,-0.10905573390325334,-5316.248916315794,0.3720924824705727
Median Price,i101,XRPUSDT,False,tp0.30,41465,-0.1106708283115125,-4588.965895936866,0.3238020338658744
Median Price,i101,XRPUSDT,False,tp0.60,40312,-0.10986605247743329,-4428.920307470291,0.39005903354940114
Median Price,i101,XRPUSDT,False,sl0.20,44047,-0.10874675213685248,-4789.9681913719405,0.3583864597630044
Median Price,i101,XRPUSDT,False,sl0.40,39068,-0.11128576890962816,-4347.712419761354,0.37169131435841896
Median Price,i101,XRPUSDT,False,fee0.02,40630,-0.05025228809756517,-2041.750465404073,0.6180952007287507
Median Price,i101,XRPUSDT,False,fee0.07,40630,-0.15025242658942922,-6104.756092328509,0.2691895962128557
Median Price,i101,XRPUSDT,False,slip3,40630,-0.1318812301628841,-5358.3343815179815,0.31291556309528296
Median Price,i101,XRPUSDT,True,baseline,17551,-0.10544581315951793,-1850.6794667626991,0.45017194675442673
Median Price,i101,XRPUSDT,True,delay+1,17529,-0.10537785421739256,-1847.1684065766742,0.44945614999288674
Median Price,i101,XRPUSDT,True,tp0.30,17863,-0.10849122895611613,-1937.978822843102,0.3881425303429771
Median Price,i101,XRPUSDT,True,tp0.60,17457,-0.10525266106680593,-1837.3957042432312,0.4694600091361929
Median Price,i101,XRPUSDT,True,sl0.20,18961,-0.10501993822539461,-1991.2830486917069,0.4174274544103929
Median Price,i101,XRPUSDT,True,sl0.40,16850,-0.10691557894139743,-1801.5275051625465,0.45988151213734324
Median Price,i101,XRPUSDT,True,fee0.02,17551,-0.04544681711914697,-797.6370872581484,0.7054992518247112
Median Price,i101,XRPUSDT,True,fee0.07,17551,-0.1454451438530986,-2552.7077197657336,0.33447653119818643
Median Price,i101,XRPUSDT,True,slip3,17551,-0.12723477150287518,-2233.097474646962,0.38486240303998587
