indicator,key,kind,symbol,htf,n_long,n_short,precision_long,precision_short,n_fast_up_waves,n_fast_down_waves,n_slow_waves,recall_fast_up,recall_fast_down,recall_slow,recall_fast,latency_min_median,travelled_pct_median,repeat_signals_per_caught_wave,false_in_flat_share,false_in_pullback_share,false_counter_wave_share,false_late_share,false_other_share,bar_macro_f1,bar_balanced_accuracy,random_precision_long,random_precision_short,lift_long,lift_short,nan_reason,filter_on_share,fast_wave_share_when_on,fast_wave_share_all,filter_lift
SMA,i001,D,BTCUSDT,False,59375.0,59372.0,0.42933894736842104,0.42491410092299403,3132.0,2959.0,3726.0,0.704661558109834,0.7238932071645826,0.9841653247450349,0.714004268593006,2.0,23.665156930882173,6.748378243512974,0.8922927661075749,0.04339453452305702,0.03966072294824114,0.024651976421126907,1.734723475976807e-17,0.34243759295233317,0.3498230248502934,0.3981861052631579,0.38845667991645894,1.0782368889659635,1.093851960569646,cột filter_* không áp dụng cho directional,,,,
SMA,i001,D,BTCUSDT,True,25515.0,22078.0,0.4409171075837742,0.4410272669625872,3132.0,2959.0,3726.0,0.23563218390804597,0.36363636363636365,0.48040794417606014,0.2978164505007388,3.0,27.25085523708004,6.047447280799112,0.8861159137036758,0.04555363451852965,0.04070510411185447,0.027625347665940013,5.551115123125783e-17,0.34318778282649887,0.3424799314251488,0.3989927493631197,0.38983150647703596,1.105075488934511,1.131327918946867,cột filter_* không áp dụng cho directional,,,,
EMA,i002,D,BTCUSDT,False,63150.0,63147.0,0.43227236737925573,0.42877729741713777,3132.0,2959.0,3726.0,0.6995530012771393,0.7157823589050355,0.9820182501341922,0.7074372024298144,2.0,24.246735546856318,7.247238955823293,0.8907720756920595,0.04490913894025555,0.04033480249711497,0.023983982870569916,4.163336342344337e-17,0.3403502369053562,0.3491963039349552,0.3986627078384798,0.38996151836191745,1.084306003245212,1.0995374600505992,cột filter_* không áp dụng cho directional,,,,
EMA,i002,D,BTCUSDT,True,27193.0,23418.0,0.4453719707277608,0.4467930651635494,3132.0,2959.0,3726.0,0.23243933588761176,0.36329841162554916,0.47665056360708535,0.2960105073058611,3.0,27.353438556933085,6.527801061749092,0.8837250775760602,0.04847166244605343,0.04162356885544102,0.02617969112244534,-1.734723475976807e-17,0.3426010856000478,0.3418406851409353,0.39927922627146695,0.3892369117772654,1.1154398762157383,1.147869206760174,cột filter_* không áp dụng cho directional,,,,
DEMA,i003,D,BTCUSDT,False,88589.0,88586.0,0.4059081827314904,0.4026482739936333,3132.0,2959.0,3726.0,0.8030012771392082,0.8070294018249409,0.9927536231884058,0.8049581349532097,1.0,18.328633068087363,9.583120204603581,0.8713937866542867,0.04452045060494377,0.058277355111940654,0.025808407628828862,2.0816681711721685e-17,0.33582557911952277,0.361639772210628,0.3979941076205849,0.38977208588264506,1.0198849052269139,1.0330351725466176,cột filter_* không áp dụng cho directional,,,,
DEMA,i003,D,BTCUSDT,True,38306.0,33266.0,0.42126559807862995,0.42036914567426203,3132.0,2959.0,3726.0,0.27522349936143037,0.40655626900980063,0.49302200751476116,0.33902479067476604,1.0,21.869899154879,8.723987698616094,0.8658898458420786,0.04501700803358182,0.05681406962437577,0.03227907649996381,-2.7755575615628914e-17,0.352248138867105,0.35140705075247475,0.3981843575418994,0.3892262369987375,1.0579662161497687,1.080012357120791,cột filter_* không áp dụng cho directional,,,,
TEMA,i004,D,BTCUSDT,False,101097.0,101095.0,0.40225723809806424,0.3972896780256195,3132.0,2959.0,3726.0,0.8042784163473818,0.805001689760054,0.988996242619431,0.8046297816450501,1.0,16.716038351507045,10.938737479617982,0.8628801674343488,0.04126531587577558,0.06981649788647094,0.026038018803404717,-5.898059818321144e-17,0.328031921931002,0.3609811750339614,0.39779864882241806,0.38933082743953695,1.011208155907127,1.0204423847924515,cột filter_* không áp dụng cho directional,,,,
TEMA,i004,D,BTCUSDT,True,43914.0,37932.0,0.41881859999089127,0.41337129600337447,3132.0,2959.0,3726.0,0.2777777777777778,0.4058803649881717,0.49597423510466987,0.34000985059924477,1.0,19.971293828173476,9.92549119673386,0.8541884707162892,0.04334993929752585,0.0708963034286432,0.03156528655754176,-2.7755575615628914e-17,0.351240769168128,0.3516243985198937,0.3980530127066539,0.38999525466624485,1.0521678937763514,1.0599392968438415,cột filter_* không áp dụng cho directional,,,,
Hull MA,i005,D,BTCUSDT,False,108291.0,108290.0,0.40262810390521836,0.39624157355249795,3132.0,2959.0,3726.0,0.8132183908045977,0.8218992903007772,0.991411701556629,0.8174355606632737,1.0,16.587677725118482,11.637495676236597,0.8623213475717109,0.04028569012308662,0.07208370812863743,0.025309254176565106,-2.0816681711721685e-17,0.32312764464521704,0.3604587758007522,0.39868964179848737,0.38943023363191426,1.0098785162538073,1.0174905267550995,cột filter_* không áp dụng cho directional,,,,
Hull MA,i005,D,BTCUSDT,True,47020.0,40528.0,0.4184602296894938,0.410999802605606,3132.0,2959.0,3726.0,0.2822477650063857,0.4200743494423792,0.499194847020934,0.349203743227713,1.0,19.746754287545798,10.478806119889642,0.8542223957824856,0.04209704188226106,0.07294737869764717,0.03073318363760617,3.469446951953614e-18,0.3506734539663185,0.3518667258849741,0.39780625265844327,0.3898712001579155,1.051919689278449,1.0541938015404382,cột filter_* không áp dụng cho directional,,,,
Hamming MA,i006,D,BTCUSDT,False,56939.0,56937.0,0.4289327174695727,0.4251716809807331,3132.0,2959.0,3726.0,0.7056194125159643,0.7171341669482934,0.9838969404186796,0.7112132654736496,2.0,23.461519383305408,6.4626156539134785,0.8921909724883132,0.043313663882289834,0.0389608399111043,0.02553452371829259,3.469446951953614e-17,0.3437682463168979,0.3502486441862858,0.39753859393385904,0.38945676800674434,1.0789712596833727,1.0917044352747525,cột filter_* không áp dụng cho directional,,,,
Hamming MA,i006,D,BTCUSDT,True,24493.0,21148.0,0.4422896337729147,0.44320975978815963,3132.0,2959.0,3726.0,0.23754789272030652,0.3582291314633322,0.48040794417606014,0.2961746839599409,3.0,26.849134812214032,5.8149693934335005,0.885983880479654,0.04489876154904659,0.03994495773540397,0.02917240023589542,-2.42861286636753e-17,0.34339450792082377,0.342741905026485,0.3975993140897399,0.3903891620957064,1.1124003943152878,1.1353024182559246,cột filter_* không áp dụng cho directional,,,,
Arnaud Legoux MA,i007,D,BTCUSDT,False,97441.0,97438.0,0.415441138740366,0.4119234795459677,3132.0,2959.0,3726.0,0.8138569604086845,0.8262926664413653,0.9938271604938271,0.8198982104744705,1.0,19.234275296262535,10.555593882948143,0.8758368997295665,0.04723396434478956,0.053867898933144295,0.023061236992499626,5.204170427930421e-17,0.3288152254809174,0.35947035976354885,0.3983795322297596,0.38961903979966744,1.042827517807231,1.0572467910135208,cột filter_* không áp dụng cho directional,,,,
Arnaud Legoux MA,i007,D,BTCUSDT,True,42115.0,36382.0,0.42861213344414106,0.42754658897256886,3132.0,2959.0,3726.0,0.2780970625798212,0.4200743494423792,0.49516908212560384,0.34706944672467577,1.0,22.378199834847234,9.49103308916393,0.869706622708338,0.04898531999732686,0.05426477467643848,0.027043282617896684,-1.0408340855860843e-17,0.3494894779267561,0.34941633738148625,0.3988246468004274,0.3884283436864383,1.0746881790849285,1.100709039188214,cột filter_* không áp dụng cho directional,,,,
Least Squares MA,i008,D,BTCUSDT,False,54816.0,54814.0,0.4127262113251605,0.4087276973036086,3132.0,2959.0,3726.0,0.6941251596424011,0.6988847583643123,0.9753086419753086,0.6964373666064686,2.0,21.740780208039368,6.2195276790248855,0.8812111080152317,0.041624098325129255,0.05027708120491626,0.026887712454722764,-3.469446951953614e-18,0.3461677594717667,0.35200391234122913,0.3978801809690601,0.38872277155471224,1.0373128169388635,1.0514632206106318,cột filter_* không áp dụng cho directional,,,,
Least Squares MA,i008,D,BTCUSDT,True,23538.0,20562.0,0.4271390942306058,0.4244236941931719,3132.0,2959.0,3726.0,0.23627075351213284,0.3497803311929706,0.4769189479334407,0.29141356099162696,2.0,25.549784455556168,5.609797297297297,0.8777992811722422,0.04020695920060034,0.04925155021920297,0.0327422094079545,3.469446951953614e-17,0.3457870014542625,0.34478692920388404,0.399148185912142,0.38944412022176833,1.0701266078774687,1.0898192376135618,cột filter_* không áp dụng cho directional,,,,
Smoothed MA,i009,D,BTCUSDT,False,52754.0,52753.0,0.4390188421731054,0.437624400508028,3132.0,2959.0,3726.0,0.640485312899106,0.6637377492396079,0.9691358024691358,0.6517813166967658,3.0,26.26280159694335,6.257222002374357,0.8975042608123386,0.040380688817265996,0.03673579588599585,0.02537925448439952,5.204170427930421e-17,0.34101216598736356,0.3450466631409888,0.3987091026272889,0.38968305120087965,1.1011006251931443,1.123026519011818,cột filter_* không áp dụng cho directional,,,,
Smoothed MA,i009,D,BTCUSDT,True,22628.0,19399.0,0.4505038006010253,0.4564152791380999,3132.0,2959.0,3726.0,0.21040868454661557,0.3335586346738763,0.4677938808373591,0.2702347726153341,4.0,28.825000000000728,5.579817055178519,0.8896383654641195,0.044127246616475914,0.03925323121110579,0.02698115670829888,-3.122502256758253e-17,0.33872875601096974,0.3392510562014319,0.3981659890401273,0.3893138821588742,1.1314472179983794,1.172358089588602,cột filter_* không áp dụng cho directional,,,,
Adaptive MA,i010,D,BTCUSDT,False,47719.0,47718.0,0.4416689369014439,0.43719351188230854,3132.0,2959.0,3726.0,0.6376117496807152,0.6522473808719161,0.9538378958668814,0.6447217205713348,3.0,26.45447969412016,5.665419061622778,0.8913624553729976,0.04166433017439578,0.03867362006766482,0.028299594384941774,3.469446951953614e-18,0.3460730042739104,0.34898880377012037,0.3976340660952661,0.3903285971750702,1.1107421988226427,1.120065286136897,cột filter_* không áp dụng cho directional,,,,
Adaptive MA,i010,D,BTCUSDT,True,20642.0,17431.0,0.45538223040403064,0.46032929837645575,3132.0,2959.0,3726.0,0.21583652618135377,0.3247718823927002,0.4618894256575416,0.268757182728616,4.0,29.456458873149117,5.108100059559262,0.8846917526272459,0.04421521623323163,0.04019565112111967,0.03089738001840283,6.938893903907228e-18,0.3407727932275298,0.34123337722084357,0.39826082743920166,0.3890568527336355,1.143427118685302,1.1831928807885985,cột filter_* không áp dụng cho directional,,,,
Multi-Timeframe MA,i011,D,BTCUSDT,False,9828.0,9825.0,0.4576719576719577,0.45994910941475825,3132.0,2959.0,3726.0,0.1883780332056194,0.17472118959107807,0.49382716049382713,0.18174355606632736,17.0,37.38469886055364,2.2273498473023414,0.8936630312147423,0.029616397141782626,0.03807822489657766,0.03864234674689733,4.85722573273506e-17,0.3302917151572316,0.33707715398641963,0.39805657305657305,0.38832061068702284,1.1497661102732548,1.184457112902169,cột filter_* không áp dụng cho directional,,,,
Multi-Timeframe MA,i011,D,BTCUSDT,True,4073.0,3630.0,0.4397250184139455,0.4278236914600551,3132.0,2959.0,3726.0,0.06321839080459771,0.07265968232510983,0.20424047235641438,0.06780495813495321,12.0,32.874285835934,1.991482112436116,0.894930029823354,0.033264510208763476,0.03922918100481762,0.03257627896306493,-3.469446951953614e-17,0.32019957482030703,0.3344770234517931,0.40029462312791547,0.38935261707988983,1.0985034347399414,1.0988077970778647,cột filter_* không áp dụng cho directional,,,,
WMA,i012,D,BTCUSDT,False,72412.0,72408.0,0.42376954096006186,0.4214313335543034,3132.0,2959.0,3726.0,0.75,0.7630956404190605,0.9887278582930756,0.7563618453455918,2.0,22.015748031495757,8.080689904715957,0.8852653105155527,0.046592281658474746,0.04470275894234564,0.023439648883626926,3.469446951953614e-18,0.3392932473287418,0.3536709518931689,0.39767096613820907,0.3894265826980445,1.065628564929687,1.0821842993729962,cột filter_* không áp dụng cho directional,,,,
WMA,i012,D,BTCUSDT,True,31200.0,27020.0,0.4369230769230769,0.4379348630643967,3132.0,2959.0,3726.0,0.25255427841634737,0.38661710037174724,0.4868491680085883,0.31768182564439335,2.0,25.20561199806506,7.262469991997866,0.8795298427720959,0.04869485574721417,0.04481758510151122,0.02695771637917875,-2.7755575615628914e-17,0.3465486338588913,0.3452282209937439,0.3976217948717949,0.3886343449296817,1.0988408647568073,1.1268557933129542,cột filter_* không áp dụng cho directional,,,,
McGinley Dynamic,i013,D,BTCUSDT,False,37437.0,37435.0,0.4516120415631594,0.44928542807533056,3132.0,2959.0,3726.0,0.5363984674329502,0.5322744170327813,0.9197530864197531,0.5343950090297159,5.0,29.45219409437802,4.805746782400479,0.9065522772565985,0.03164341612793467,0.031667719826957666,0.030136586788509213,-3.122502256758253e-17,0.33946304054618665,0.33951446681390424,0.3978510564414884,0.3898517430212368,1.1351284211798434,1.1524520182813602,cột filter_* không áp dụng cho directional,,,,
McGinley Dynamic,i013,D,BTCUSDT,True,15930.0,13448.0,0.45932203389830506,0.46698393813206424,3132.0,2959.0,3726.0,0.1743295019157088,0.2568435282189929,0.4323671497584541,0.21441471022820555,6.0,31.0873337189124,4.271511827219746,0.8988657246055383,0.03732336353843229,0.03428173119574172,0.029529180660287688,3.469446951953614e-17,0.3319385653783037,0.3359757679656317,0.39798179535467665,0.3897419690660321,1.1541282522457157,1.198187455282614,cột filter_* không áp dụng cho directional,,,,
Guppy MMA,i014,D,BTCUSDT,False,12978.0,12940.0,0.5016181229773463,0.49969088098918085,3132.0,2959.0,3726.0,0.3020434227330779,0.2963839134842852,0.7122920021470747,0.2992940403874569,18.0,38.78984332793085,2.387312932767478,0.8922886725390202,0.026348323288518005,0.03847936949466852,0.04288363467779323,2.0816681711721685e-17,0.3316537603091187,0.336590906428693,0.396655879180151,0.39035548686244204,1.2646178950231168,1.280091859360152,cột filter_* không áp dụng cho directional,,,,
Guppy MMA,i014,D,BTCUSDT,True,5867.0,5038.0,0.5053690131242543,0.5097260817784836,3132.0,2959.0,3726.0,0.11462324393358876,0.15038864481243663,0.3395061728395062,0.13199802988015105,19.0,39.37308868501567,2.055582406959884,0.8803052866716307,0.03164556962025317,0.04169769173492182,0.04635145197319434,1.3877787807814457e-17,0.3235024072299467,0.33529193418677633,0.3971620930628942,0.38989678443826914,1.2724502714417525,1.3073359466476608,cột filter_* không áp dụng cho directional,,,,
MA Cross,i015,D,BTCUSDT,False,17059.0,17059.0,0.4521953221173574,0.442757488715634,3132.0,2959.0,3726.0,0.4042145593869732,0.3906725245015208,0.8886205045625335,0.397635856181251,10.0,31.37949353639065,2.171463457177743,0.8978834014110657,0.015065513765847966,0.05283539334783301,0.0342156914752533,1.3877787807814457e-17,0.3321516649847588,0.33548624286304146,0.39819157043203,0.39018992906969935,1.1356225387361525,1.1347230046948356,cột filter_* không áp dụng cho directional,,,,
MA Cross,i015,D,BTCUSDT,True,7095.0,5988.0,0.4627202255109232,0.4619238476953908,3132.0,2959.0,3726.0,0.13378033205619413,0.1821561338289963,0.4025764895330113,0.15728123460843868,11.0,34.47704328044322,1.8628966639544344,0.8955075348308217,0.016064827978390674,0.052317315894228035,0.03611032129655957,3.469446951953614e-17,0.3234777140830859,0.3346092464509763,0.397906976744186,0.3882181028724115,1.1628854293962418,1.1898565375432861,cột filter_* không áp dụng cho directional,,,,
EMA Cross,i016,D,BTCUSDT,False,14686.0,14686.0,0.4778019882881656,0.4690181124880839,3132.0,2959.0,3726.0,0.382183908045977,0.360256843528219,0.8427267847557702,0.37153176818256445,10.0,33.8801399825029,1.9487321858226911,0.9102605547294239,0.016228098532359216,0.027607163638714682,0.045904183099502165,3.469446951953614e-17,0.33442565342853037,0.3378668177676456,0.3980661854827728,0.3898304507694403,1.2003079028395482,1.2031335970864883,cột filter_* không áp dụng cho directional,,,,
EMA Cross,i016,D,BTCUSDT,True,6010.0,5024.0,0.478369384359401,0.48546974522292996,3132.0,2959.0,3726.0,0.1222860791826309,0.15579587698546807,0.37037037037037035,0.13856509604334263,11.0,35.86705249188112,1.689748201438849,0.9085664335664335,0.016783216783216783,0.026923076923076925,0.04772727272727273,4.163336342344337e-17,0.3231367681186206,0.3350171953461029,0.39565723793677204,0.3913714171974523,1.2090500021026958,1.2404322949777495,cột filter_* không áp dụng cho directional,,,,
MA-EMA Cross,i017,D,BTCUSDT,False,41840.0,41839.0,0.4116395793499044,0.4056980329357776,3132.0,2959.0,3726.0,0.6264367816091954,0.6275768840824603,0.9594739667203436,0.6269906419307174,3.0,22.94493918050367,4.790911549905329,0.8730851622812336,0.03439634614607332,0.0636190938118912,0.028899397760801908,2.0816681711721685e-17,0.3446567370802371,0.3455766195280768,0.3977975621414914,0.3888297999474175,1.0347966365954993,1.0433820478539486,cột filter_* không áp dụng cho directional,,,,
MA-EMA Cross,i017,D,BTCUSDT,True,18091.0,15588.0,0.42877673981537784,0.422247882986913,3132.0,2959.0,3726.0,0.2164750957854406,0.3139574180466374,0.46537842190016104,0.2638318831062223,4.0,26.754949858576115,4.298413648608201,0.8683557394002068,0.03355739400206825,0.06483971044467425,0.03324715615305067,0.0,0.33954923805945386,0.34094372616128954,0.39860704217566745,0.38918398768283297,1.0756878189483028,1.0849569775492038,cột filter_* không áp dụng cho directional,,,,
SuperTrend,i018,D,BTCUSDT,False,12442.0,12441.0,0.473476932968976,0.46258339361787637,3132.0,2959.0,3726.0,0.3537675606641124,0.3251098344035147,0.7997852925389157,0.339845673945165,9.0,34.3487983492629,1.7148514851485148,0.9116113923094357,0.00974541059152376,0.02009518773135907,0.0585480093676815,6.938893903907228e-18,0.3361774842267502,0.3398564371042417,0.3979866580935541,0.3898400450124588,1.1896804160145402,1.18659793814433,cột filter_* không áp dụng cho directional,,,,
SuperTrend,i018,D,BTCUSDT,True,5041.0,4210.0,0.4846260662566951,0.4817102137767221,3132.0,2959.0,3726.0,0.11079182630906768,0.1382223724231159,0.35292538915727323,0.12411755048432113,11.0,37.1069767441855,1.4920328343795268,0.9073221757322176,0.011715481171548118,0.02112970711297071,0.0598326359832636,-6.245004513516506e-17,0.3230009872223127,0.33551439542698813,0.3994445546518548,0.38989311163895485,1.2132499006754072,1.2354930092296446,cột filter_* không áp dụng cho directional,,,,
Ichimoku Cloud,i019,D,BTCUSDT,False,17567.0,17084.0,0.4864234075254739,0.4921564036525404,3132.0,2959.0,3726.0,0.32950191570881227,0.3051706657654613,0.7447665056360708,0.31768182564439335,17.0,37.3996611214431,3.1065817409766456,0.895863939428184,0.026839190869024747,0.036162278223528084,0.0411345914792632,-2.0816681711721685e-17,0.3363982973846651,0.33851193535242907,0.397093983036375,0.3894755326621401,1.2249578898326345,1.2636388229282514,cột filter_* không áp dụng cho directional,,,,
Ichimoku Cloud,i019,D,BTCUSDT,True,7627.0,6118.0,0.4963943883571522,0.509807126511932,3132.0,2959.0,3726.0,0.1123882503192848,0.14092598850963164,0.33789586688137413,0.1262518469873584,19.0,37.64915981983139,2.8249506903353057,0.8850877192982456,0.03304093567251462,0.03961988304093567,0.042251461988304095,2.0816681711721685e-17,0.3258018693932596,0.335773983985354,0.39876098072636684,0.39033998038574697,1.2448419287487464,1.3060592102508273,cột filter_* không áp dụng cho directional,,,,
Parabolic SAR,i020,D,BTCUSDT,False,26621.0,26620.0,0.4384132827467037,0.4346731780616078,3132.0,2959.0,3726.0,0.5737547892720306,0.5887124028387969,0.9473966720343532,0.5810211787883763,4.0,26.845833333333452,3.061536285188853,0.8827627587586253,0.028300943364778827,0.049734991166372214,0.03920130671022368,-2.7755575615628914e-17,0.34952090249827467,0.34811459937059647,0.3989557116562113,0.389526671675432,1.0989021335894393,1.1159009373915056,cột filter_* không áp dụng cho directional,,,,
Parabolic SAR,i020,D,BTCUSDT,True,11247.0,9938.0,0.45034231350582377,0.452304286576776,3132.0,2959.0,3726.0,0.19061302681992337,0.2872592091922947,0.4524959742351047,0.23756361845345592,5.0,30.452718992766897,2.6990105330354295,0.8798279569892473,0.02658064516129032,0.049634408602150536,0.043956989247311826,-6.938893903907228e-18,0.33607551315098916,0.3404878760554652,0.3986174090868676,0.3881817267055746,1.1297607762226063,1.1651869613116452,cột filter_* không áp dụng cho directional,,,,
Directional Movement,i021,D,BTCUSDT,False,27588.0,27586.0,0.4502682325648833,0.4438120785905894,3132.0,2959.0,3726.0,0.4706257982120051,0.4775261912808381,0.8891572732152442,0.4739780003283533,7.0,30.5484583334777,3.6569354838709676,0.9066177193614999,0.02435346946802583,0.03805434461962044,0.030974466550853848,-4.85722573273506e-17,0.33748359613885714,0.3375564805903699,0.39876576772509786,0.3892662944972088,1.1291546792835294,1.1401246007282342,cột filter_* không áp dụng cho directional,,,,
Directional Movement,i021,D,BTCUSDT,True,11613.0,9920.0,0.4521656763971411,0.4534274193548387,3132.0,2959.0,3726.0,0.14846743295019157,0.22237242311591754,0.4076757917337627,0.184370382531604,8.0,32.193039702840295,3.263436790310371,0.8994399185336049,0.028343516632722335,0.03988458927359131,0.032331975560081466,-4.85722573273506e-17,0.3284223096882335,0.33533616578085707,0.397644880737105,0.389828629032258,1.1371092608031874,1.1631455095549639,cột filter_* không áp dụng cho directional,,,,
Vortex,i022,D,BTCUSDT,False,31045.0,31049.0,0.44100499275245614,0.43244548938774197,3132.0,2959.0,3726.0,0.4990421455938697,0.5082798242649543,0.9334406870638755,0.5035297980627155,7.0,29.342379958246955,3.994041252864782,0.9046203110704483,0.019927950594693503,0.04711802378774017,0.028333714547118024,3.8163916471489756e-17,0.3348926956895677,0.3349782398486137,0.3982348204219681,0.3896148024090953,1.1073993788016048,1.1099308514815474,cột filter_* không áp dụng cho directional,,,,
Vortex,i022,D,BTCUSDT,True,13098.0,11226.0,0.4508321881203237,0.44735435595938,3132.0,2959.0,3726.0,0.1644316730523627,0.2443393038188577,0.43666129898013956,0.20325069775077984,8.0,31.838622639085123,3.519371727748691,0.9012465477345675,0.022169142345301186,0.047995819959692466,0.028588489960438904,-2.0816681711721685e-17,0.3281908965748647,0.3345302899398011,0.39628950984883193,0.39004543025120253,1.1376334142488342,1.146928847932582,cột filter_* không áp dụng cho directional,,,,
Williams Alligator,i023,D,BTCUSDT,False,17544.0,17600.0,0.4641472868217054,0.4552840909090909,3132.0,2959.0,3726.0,0.33780332056194123,0.3190266982088543,0.7938808373590982,0.3286816614677393,16.0,34.596969267591994,2.935282258064516,0.8825574046766379,0.018643353697071836,0.07515272803876133,0.023646513587528964,-2.7755575615628914e-17,0.326825979727543,0.3313895825045418,0.3985607615139079,0.3899829545454545,1.164558410262644,1.1674461296385332,cột filter_* không áp dụng cho directional,,,,
Williams Alligator,i023,D,BTCUSDT,True,7488.0,6476.0,0.47622863247863245,0.4663372452130945,3132.0,2959.0,3726.0,0.11909323116219668,0.15140250084488002,0.37171229200214706,0.13478903299950748,17.0,36.44326682108655,2.5358114233907525,0.8720520466251016,0.021279479533748983,0.07793439956627812,0.02873407427487124,5.204170427930421e-17,0.3218996671391939,0.33343045708820207,0.39537259615384623,0.390742742433601,1.204505919508199,1.1934636131913294,cột filter_* không áp dụng cho directional,,,,
Williams Fractal,i024,D,BTCUSDT,False,33344.0,33595.0,0.4851247600767754,0.4809346628962643,3132.0,2959.0,3726.0,0.4610472541507024,0.4805677593781683,0.879495437466452,0.4705302905926777,7.0,32.90764201062576,5.9998372130880675,0.8839218632607062,0.017627001098075478,0.029127896896491937,0.06932323874472635,2.7755575615628914e-17,0.3671350873051495,0.36559508629975973,0.39718390115163144,0.3899598154487275,1.2214109350106088,1.2332928774798293,cột filter_* không áp dụng cho directional,,,,
Williams Fractal,i024,D,BTCUSDT,True,14174.0,12523.0,0.4941442077042472,0.5037930208416513,3132.0,2959.0,3726.0,0.16187739463601533,0.23859411963501184,0.42619431025228127,0.1991462813987851,9.0,36.03491271820411,5.202070689039629,0.8675283921099821,0.01852958756724447,0.03407053197848177,0.0798714883442917,-5.551115123125783e-17,0.35132971581495903,0.3499670994778421,0.39826795541131654,0.3894034975644814,1.2407330315940512,1.293755767456167,cột filter_* không áp dụng cho directional,,,,
Aroon,i025,D,BTCUSDT,False,21879.0,21915.0,0.4441702088760912,0.43153091489847134,3132.0,2959.0,3726.0,0.4658365261813538,0.45522135856708346,0.9197530864197531,0.46067969134789033,8.0,29.92137665034857,2.73046686988609,0.8959746537227344,0.015150899711604857,0.05422641049595841,0.034648036069702265,3.469446951953614e-17,0.3366558459279858,0.33771351248203324,0.39806892453951276,0.3899155829340634,1.1158123166482,1.1067290813341135,cột filter_* không áp dụng cho directional,,,,
Aroon,i025,D,BTCUSDT,True,9218.0,7829.0,0.45758298980256024,0.4519095669945076,3132.0,2959.0,3726.0,0.15389527458492977,0.21730314295370057,0.42807300053676867,0.1846987358397636,9.0,33.030132609176356,2.391544117647059,0.8931223764933807,0.015283607792487353,0.05489183080400387,0.03670218491012808,2.0816681711721685e-17,0.32695773433818215,0.33560733667126025,0.3977706660880885,0.38849150593945586,1.1503688653130244,1.1632418214696696,cột filter_* không áp dụng cho directional,,,,
Trend Strength Index,i026,D,BTCUSDT,False,23062.0,23061.0,0.44813979706877116,0.43714496335805036,3132.0,2959.0,3726.0,0.48020434227330777,0.4805677593781683,0.9251207729468599,0.48038088983746513,7.0,29.036311925392006,2.8597206966891573,0.90169992609017,0.01789395884389466,0.044579297467615825,0.03582681759831952,-3.469446951953614e-17,0.33817642139911736,0.33871193428103674,0.39814630127482437,0.3895191015133776,1.1255656416595423,1.1222683602925623,cột filter_* không áp dụng cho directional,,,,
Trend Strength Index,i026,D,BTCUSDT,True,9676.0,8276.0,0.45845390657296403,0.45746737554374095,3132.0,2959.0,3726.0,0.15932311621966794,0.22879351132139236,0.4331723027375201,0.19307174519783288,8.0,31.61347228686575,2.47741935483871,0.8982528263103803,0.018499486125385406,0.04409044193216855,0.039157245632065775,-1.3877787807814457e-17,0.32849527240611687,0.33630977927404876,0.3970028937577511,0.3897353794103432,1.1547873171239653,1.1737897037622655,cột filter_* không áp dụng cho directional,,,,
Zig Zag,i027,D,BTCUSDT,False,4907.0,4904.0,0.5288363562257998,0.535889070146819,3132.0,2959.0,3726.0,0.5312899106002554,0.5309226089895235,0.5335480407944176,0.5311114759481201,10.0,43.825006383521725,0.0,0.4335222319093287,0.03945074106364429,0.22646033129904097,0.30056669572798606,-5.551115123125783e-17,0.374631392863844,0.36570247709018444,0.39679029957203993,0.3903242251223491,1.3327854960067793,1.3729331557088005,cột filter_* không áp dụng cho directional,,,,
Zig Zag,i027,D,BTCUSDT,True,1713.0,2129.0,0.5359019264448336,0.5359323626115547,3132.0,2959.0,3726.0,0.16283524904214558,0.25380196012166273,0.214170692431562,0.20702676079461502,10.0,44.089456869009695,0.0,0.41390914189568145,0.04094223219293326,0.22490185081323613,0.3202467750981492,-5.551115123125783e-17,0.33966453090811316,0.3465602756030575,0.3990367775831874,0.3915453264443401,1.3429888084265964,1.3687619961612283,cột filter_* không áp dụng cho directional,,,,
Linear Regression Curve,i028,D,BTCUSDT,False,96575.0,96574.0,0.4027232720683407,0.39780893408163687,3132.0,2959.0,3726.0,0.7962962962962963,0.8009462656302805,0.9884594739667203,0.7985552454440978,1.0,17.270341207348572,10.455130455130455,0.8630414889759837,0.04141128127212141,0.06934684645798443,0.026200383293910463,5.204170427930421e-17,0.3299985903965971,0.35949917888474986,0.39885788247476056,0.3895033860045147,1.0096911450504547,1.021323429719879,cột filter_* không áp dụng cho directional,,,,
Linear Regression Curve,i028,D,BTCUSDT,True,41756.0,36301.0,0.42013123862438934,0.41235778628687914,3132.0,2959.0,3726.0,0.27618135376756064,0.4052044609665427,0.49516908212560384,0.33886061402068623,1.0,20.72663602538938,9.45817344589409,0.8545614227686903,0.04373696344274893,0.06993083763311012,0.03177077615545065,0.0,0.3506375310339683,0.3505513702260567,0.39737043778139663,0.38917936145009785,1.0572785458577922,1.0595571788555733,cột filter_* không áp dụng cho directional,,,,
Linear Regression Slope,i029,D,BTCUSDT,False,23062.0,23061.0,0.44813979706877116,0.43714496335805036,3132.0,2959.0,3726.0,0.48020434227330777,0.4805677593781683,0.9251207729468599,0.48038088983746513,7.0,29.036311925392006,2.8597206966891573,0.90169992609017,0.01789395884389466,0.044579297467615825,0.03582681759831952,-3.469446951953614e-17,0.33817642139911736,0.33871193428103674,0.3990048564738531,0.38830059407657946,1.1231437156658717,1.125790096710071,cột filter_* không áp dụng cho directional,,,,
Linear Regression Slope,i029,D,BTCUSDT,True,9676.0,8276.0,0.45845390657296403,0.45746737554374095,3132.0,2959.0,3726.0,0.15932311621966794,0.22879351132139236,0.4331723027375201,0.19307174519783288,8.0,31.61347228686575,2.47741935483871,0.8982528263103803,0.018499486125385406,0.04409044193216855,0.039157245632065775,-1.3877787807814457e-17,0.32849527240611687,0.33630977927404876,0.39810355518809426,0.38939705171580474,1.1515946054698147,1.174809551145796,cột filter_* không áp dụng cho directional,,,,
Keltner Channels,i030,D,BTCUSDT,False,21115.0,21259.0,0.5144210277054226,0.5163930570581872,3132.0,2959.0,3726.0,0.2825670498084291,0.27745860087867524,0.6816961889425658,0.2800853718601215,17.0,40.513275166963226,5.9583137070183705,0.8773254115126132,0.012418427973117756,0.02912243108989968,0.08113372942436933,0.0,0.3597595693621967,0.3561562861781608,0.39964717025811036,0.3890328801919187,1.2871879647569782,1.32737638217993,cột filter_* không áp dụng cho directional,,,,
Keltner Channels,i030,D,BTCUSDT,True,9317.0,8114.0,0.5318235483524739,0.5288390436282968,3132.0,2959.0,3726.0,0.11749680715197956,0.14058803649881718,0.34004294149221687,0.12871449679855523,21.0,43.520609824957525,4.947342759629449,0.8426389737324373,0.017226634086744044,0.038485033598045205,0.10164935858277337,4.163336342344337e-17,0.3455348164988936,0.3471929280363553,0.3976709241172051,0.3899802809958097,1.337345820625624,1.3560661125683406,cột filter_* không áp dụng cho directional,,,,
Donchian Channels,i031,D,BTCUSDT,False,27658.0,27831.0,0.5103405886181214,0.5086773741511265,3132.0,2959.0,3726.0,0.3499361430395913,0.34268333896586683,0.7734836285560923,0.3464127401083566,14.0,37.72468782745461,6.853365384615385,0.8594628357276702,0.009957012161516699,0.03582319873608406,0.09475695337472903,-2.7755575615628914e-17,0.376077118004066,0.3715178141539576,0.3976281726805987,0.38960691315439616,1.283461846220994,1.305616910215205,cột filter_* không áp dụng cho directional,,,,
Donchian Channels,i031,D,BTCUSDT,True,11869.0,10620.0,0.5201786165641588,0.5268361581920904,3132.0,2959.0,3726.0,0.13090676883780333,0.1679621493747888,0.3743961352657005,0.1489082252503694,17.0,41.12211822989147,5.913987836663771,0.8233208955223881,0.011567164179104477,0.046548507462686566,0.1185634328358209,-1.3877787807814457e-17,0.35769264914873805,0.35460310746640517,0.3971606706546466,0.38889830508474577,1.3097435244701838,1.3546887484564538,cột filter_* không áp dụng cho directional,,,,
Price Channel,i032,D,BTCUSDT,False,35334.0,35337.0,0.44781230542819944,0.44686872117044457,3132.0,2959.0,3726.0,0.565772669220945,0.558972625887124,0.940150295222759,0.5624692168773601,5.0,29.260595130748424,4.381584644248809,0.9052666615459457,0.030801136800061447,0.032490974729241874,0.03144122692475101,-2.7755575615628914e-17,0.34209201802396766,0.34189283773193835,0.3980472066564782,0.390275065795059,1.1250231076603672,1.1450096619933798,cột filter_* không áp dụng cho directional,,,,
Price Channel,i032,D,BTCUSDT,True,15038.0,12753.0,0.46016757547546217,0.4678114953344311,3132.0,2959.0,3726.0,0.18869731800766285,0.270023656640757,0.4414922168545357,0.2282055491709079,6.0,32.29153157826518,3.914332784184514,0.8976182489097618,0.034954713183495474,0.03421670580342167,0.033210332103321034,0.0,0.3330814736401571,0.3370902614798765,0.3980615773374119,0.3878656002509213,1.1560210823497967,1.2061175186244681,cột filter_* không áp dụng cho directional,,,,
MA Channel,i033,D,BTCUSDT,False,37148.0,37378.0,0.4669968773554431,0.4649258922360747,3132.0,2959.0,3726.0,0.5169220945083014,0.5373436971949983,0.9135802469135802,0.5268428829420456,6.0,31.44435877666384,5.455164070769696,0.9079899497487437,0.024748743718592967,0.028517587939698493,0.038743718592964826,1.3877787807814457e-17,0.34661252502705553,0.3466440568114652,0.39765397867987506,0.38913933329766176,1.1743799946520626,1.1947543012323611,cột filter_* không áp dụng cho directional,,,,
MA Channel,i033,D,BTCUSDT,True,15762.0,13777.0,0.47557416571501077,0.489584089424403,3132.0,2959.0,3726.0,0.171455938697318,0.270023656640757,0.4369296833064949,0.21934000985059923,8.0,34.27679022047443,4.818825910931174,0.8958033729899333,0.029350241861681267,0.03189959471826383,0.04294679043012158,3.469446951953614e-17,0.33844986885937534,0.340569946613747,0.3991593706382439,0.3892284241852363,1.1914393114574309,1.2578323138893033,cột filter_* không áp dụng cho directional,,,,
Chande Kroll Stop,i034,D,BTCUSDT,False,43092.0,44076.0,0.4919706674092639,0.4895181050912061,3132.0,2959.0,3726.0,0.4955300127713921,0.5109834403514701,0.8958668813741277,0.5030372681004761,8.0,33.271868185095464,7.898469228366135,0.8926608397909533,0.01948549288160029,0.03137952784285457,0.05647413948459182,-1.3877787807814457e-17,0.3642481485859495,0.36725917285586834,0.3983024691358025,0.3899673291587259,1.2351685101945098,1.2552797849687574,cột filter_* không áp dụng cho directional,,,,
Chande Kroll Stop,i034,D,BTCUSDT,True,18545.0,16595.0,0.502992720409814,0.51268454353721,3132.0,2959.0,3726.0,0.17337164750957854,0.25920919229469414,0.4355877616747182,0.21507141684452472,10.0,36.447770010829785,6.954312990112513,0.8711280628756357,0.024040684234858993,0.03577207582061951,0.06905917706888581,-2.7755575615628914e-17,0.3558766745531312,0.3528667233372236,0.39938527905095716,0.39057547454052427,1.2594172764831366,1.3126388546038017,cột filter_* không áp dụng cho directional,,,,
52-Week High/Low,i035,D,BTCUSDT,False,1798.0,1705.0,0.5150166852057843,0.5102639296187683,3132.0,2959.0,3726.0,0.04789272030651341,0.060155457924974655,0.09312936124530327,0.053849942538171075,44.0,60.39300522805099,2.7244444444444444,0.4997070884592853,0.03397773872290568,0.1611013473930873,0.30521382542472175,-5.551115123125783e-17,0.3367429203840527,0.3450129107320772,0.4047552836484984,0.38774193548387104,1.2724149776709035,1.3159885040084704,cột filter_* không áp dụng cho directional,,,,
52-Week High/Low,i035,D,BTCUSDT,True,1692.0,1584.0,0.5106382978723404,0.509469696969697,3132.0,2959.0,3726.0,0.044061302681992334,0.05610003379520108,0.08829844337090714,0.049909702840256115,45.0,61.13034623217952,2.7109004739336493,0.5009345794392523,0.03364485981308411,0.1557632398753894,0.30965732087227416,0.0,0.3352029490579537,0.34423616890582215,0.39346926713947994,0.3882575757575758,1.2977844536237324,1.3121951219512196,cột filter_* không áp dụng cho directional,,,,
Majority Rule,i036,D,BTCUSDT,False,32803.0,33871.0,0.4484955644300826,0.4380738685010776,3132.0,2959.0,3726.0,0.47988505747126436,0.502196688070294,0.9092860976918948,0.49072401904449187,8.0,29.7911140583551,4.7683863885839735,0.8921452429695076,0.027448550802715226,0.04619653054627734,0.03420967568149984,0.0,0.34504034060106287,0.3445251162282427,0.39976526537206963,0.3898969620028933,1.1218972814275365,1.1235631748724084,cột filter_* không áp dụng cho directional,,,,
Majority Rule,i036,D,BTCUSDT,True,14131.0,12493.0,0.45722171113155474,0.46153846153846156,3132.0,2959.0,3726.0,0.16347381864623245,0.24873267995944576,0.43478260869565216,0.20489246429157773,9.0,33.02735853764418,4.2343096234309625,0.8835173994582205,0.0290338264916302,0.04841286379106759,0.039035910259081756,-3.469446951953614e-17,0.3366395642519153,0.3398514123688394,0.398924350718279,0.3912911230288961,1.1461363797630029,1.1795270436134524,cột filter_* không áp dụng cho directional,,,,
ADX,i037,F,BTCUSDT,False,,,,,,,,,,,,,,,,,,,,,,,,,,filter: không cho hướng → không có recall/precision/backtest,0.49789569700575054,0.2646235116819229,0.25211501090620664,1.0496142642627881
ADX,i037,F,BTCUSDT,True,,,,,,,,,,,,,,,,,,,,,,,,,,filter: HTF không áp dụng (filter không có hướng),,,,
MACD,i038,D,BTCUSDT,False,25642.0,25642.0,0.4321815771000702,0.427189766788862,3132.0,2959.0,3726.0,0.5306513409961686,0.5299087529570801,0.9361245303274289,0.5302905926777213,5.0,26.899954860607938,3.0671330753200357,0.8951723194748359,0.028138676148796497,0.03897702407002188,0.03771198030634573,-6.938893903907228e-18,0.3450021475911085,0.3441859885711441,0.39938772326651584,0.38992473286015134,1.0821103201804494,1.0955698133210647,cột filter_* không áp dụng cho directional,,,,
MACD,i038,D,BTCUSDT,True,10832.0,9501.0,0.4494091580502216,0.4486896116198295,3132.0,2959.0,3726.0,0.17624521072796934,0.2581953362622508,0.4406870638754697,0.21605647676900344,6.0,30.687461064076615,2.7525354969574036,0.8950187466523835,0.024459917871808606,0.03383324406356008,0.04668809141224781,4.163336342344337e-17,0.33385883035804603,0.33916798685518684,0.39693962333825705,0.38969055888853804,1.1321851778633143,1.1513997488149739,cột filter_* không áp dụng cho directional,,,,
RSI,i039,D,BTCUSDT,False,37454.0,37452.0,0.45242163720830886,0.4487076791626615,3132.0,2959.0,3726.0,0.5357598978288634,0.534978033119297,0.918947933440687,0.5353800689541948,5.0,29.501084598698824,4.807329842931937,0.9063806006414618,0.0318301098260278,0.03163572747594518,0.030153562056565265,3.469446951953614e-18,0.33965059595371,0.33970512840044353,0.39797217920649325,0.39096576951831674,1.136817247151248,1.1476904479783097,cột filter_* không áp dụng cho directional,,,,
RSI,i039,D,BTCUSDT,True,15923.0,13474.0,0.45971236576022106,0.46630547721537774,3132.0,2959.0,3726.0,0.17496807151979565,0.2581953362622508,0.43209876543209874,0.2153997701526843,6.0,31.14376996163186,4.269336071184121,0.8983158161327086,0.0376725338736229,0.034506774724578956,0.02950487526908953,0.0,0.3319819547019513,0.3360044270412301,0.3993594171952522,0.3903295235267924,1.151124390627457,1.19464567527998,cột filter_* không áp dụng cho directional,,,,
Stochastic,i040,D,BTCUSDT,False,127158.0,127163.0,0.40133534657669984,0.39474532686394626,3132.0,2959.0,3726.0,0.8467432950191571,0.8472456911118621,0.9949006977992485,0.8469873583976358,1.0,14.896674764030468,13.555944055944057,0.8599917696010869,0.04153085419783005,0.07338119157886486,0.02509618462221816,1.3877787807814457e-17,0.31413413952867697,0.36871216378451427,0.39871065917991794,0.3892531632628988,1.0065829376174202,1.0141094899653726,cột filter_* không áp dụng cho directional,,,,
Stochastic,i040,D,BTCUSDT,True,55179.0,47634.0,0.41720582105511156,0.4108619893353487,3132.0,2959.0,3726.0,0.28991060025542786,0.4339303818857722,0.5018786902844874,0.3598752257428994,1.0,18.501278381013993,12.297390448055145,0.8530412978861195,0.04302485843808638,0.07349595656000399,0.030437887115790173,-2.0816681711721685e-17,0.35238496549256854,0.3567314046113896,0.3973178201852154,0.3898559852206408,1.0500556477950702,1.0538814457416101,cột filter_* không áp dụng cho directional,,,,
Stochastic RSI,i041,D,BTCUSDT,False,76881.0,76870.0,0.4082673222252572,0.3991023806426434,3132.0,2959.0,3726.0,0.7608556832694764,0.7732342007434945,0.9855072463768116,0.7668691512066984,1.0,18.559916818300493,8.37672300131847,0.8660289690676672,0.04111949740412722,0.06727455172112909,0.02557698180707648,-3.469446951953614e-17,0.33758703295674847,0.3538139284651846,0.39788699418581963,0.3891218941069338,1.0260886336852462,1.0256487406307877,cột filter_* không áp dụng cho directional,,,,
Stochastic RSI,i041,D,BTCUSDT,True,33440.0,28633.0,0.42191985645933017,0.4138930604547201,3132.0,2959.0,3726.0,0.2611749680715198,0.3859411963501183,0.49114331723027377,0.3217862419963881,2.0,22.010001319732886,7.534828496042216,0.8571705480021045,0.042699304959432895,0.07011325561432172,0.03001689142414089,4.5102810375396984e-17,0.34701924153014474,0.3458286348413226,0.3968974282296651,0.3903363252191527,1.0630450752509935,1.0603498411846286,cột filter_* không áp dụng cho directional,,,,
Connors RSI,i042,D,BTCUSDT,False,151612.0,151609.0,0.4070851911458196,0.4020671596013429,3132.0,2959.0,3726.0,0.870051085568327,0.8871240283879689,0.9967793880837359,0.8783450993268758,1.0,15.889074497385158,16.019086496028244,0.8668531391065939,0.04167935971641419,0.06986623833393336,0.02160126284305852,3.122502256758253e-17,0.29094088384583566,0.3613878939450544,0.39844966097670365,0.3895863702022967,1.021672825992493,1.0320360011377334,cột filter_* không áp dụng cho directional,,,,
Connors RSI,i042,D,BTCUSDT,True,65626.0,56692.0,0.4225002285679456,0.41866577294856416,3132.0,2959.0,3726.0,0.30236270753512134,0.45285569449138224,0.501610305958132,0.3754720078804794,1.0,18.878349043502624,14.488450433108758,0.8595178954499266,0.04331319859997742,0.07091848255617027,0.02625042339392571,-3.122502256758253e-17,0.34683932176287496,0.3549346915743252,0.3979177460152988,0.3903672475834333,1.0617777990522235,1.07249205854311,cột filter_* không áp dụng cho directional,,,,
Awesome Oscillator,i043,D,BTCUSDT,False,13946.0,13947.0,0.46701563172235766,0.46382734638273465,3132.0,2959.0,3726.0,0.36366538952745847,0.3480905711388983,0.8392377885131508,0.3560991626990642,11.0,33.65793819661471,1.8476208459214503,0.9028234189524512,0.013010529139561397,0.04667694990275635,0.037489102005231034,0.0,0.33008530472149356,0.33512846541512836,0.39840097519001866,0.39103391410339144,1.17222512193805,1.1861563144625258,cột filter_* không áp dụng cho directional,,,,
Awesome Oscillator,i043,D,BTCUSDT,True,5639.0,4837.0,0.4747295619790743,0.4837709323961133,3132.0,2959.0,3726.0,0.11558109833971902,0.15478202095302468,0.3666129898013956,0.13462485634542767,13.0,35.204798546290114,1.5919487648673376,0.9018135189595164,0.011723758930206997,0.04689503572082799,0.03956768638944862,-4.85722573273506e-17,0.3214386568151642,0.33422964081624656,0.3976768930661465,0.39127558403969404,1.193756967670011,1.2363943781041953,cột filter_* không áp dụng cho directional,,,,
Accelerator Oscillator,i044,D,BTCUSDT,False,38162.0,38161.0,0.4157276872281327,0.40868949975105473,3132.0,2959.0,3726.0,0.5996168582375478,0.6012166272389321,0.9589371980676329,0.6003940239697915,4.0,24.39701847596637,4.433471645919779,0.8774686817350987,0.026570371361062814,0.06780794436271231,0.02815300254112612,2.0816681711721685e-17,0.3412796979384604,0.34140570661400255,0.3991129919815523,0.3895311967715731,1.04162905137237,1.0491829746584234,cột filter_* không áp dụng cho directional,,,,
Accelerator Oscillator,i044,D,BTCUSDT,True,16377.0,14288.0,0.4332905904622336,0.426511758118701,3132.0,2959.0,3726.0,0.20178799489144317,0.29705981750591415,0.46027911969940954,0.24807092431456246,4.0,28.038083677328373,4.031308121512709,0.8741058655221745,0.026552217453505007,0.06620886981402004,0.03313304721030043,2.7755575615628914e-17,0.3362095468680246,0.3389412359960555,0.3982628075960188,0.3888787793952968,1.087951428549526,1.0967730324136564,cột filter_* không áp dụng cho directional,,,,
Momentum,i045,D,BTCUSDT,False,45766.0,45806.0,0.4338591967836385,0.4237872767759682,3132.0,2959.0,3726.0,0.5932311621966795,0.601892531260561,0.9626945786366076,0.5974388441963553,5.0,26.752452014384676,5.6165236645447,0.8995870296726828,0.028372591006423982,0.04600030590394616,0.026040073416947078,6.938893903907228e-18,0.33826989879106595,0.33964949025376895,0.39783682209500504,0.3904248351744312,1.090545602337511,1.0854516377950998,cột filter_* không áp dụng cho directional,,,,
Momentum,i045,D,BTCUSDT,True,19584.0,16897.0,0.44577205882352944,0.4397822098597384,3132.0,2959.0,3726.0,0.19987228607918264,0.2967218654950997,0.4624261943102523,0.24692168773600395,6.0,29.661865516444962,5.008986674930275,0.8962106299212599,0.029281496062992126,0.04552165354330709,0.028986220472440944,-4.5102810375396984e-17,0.33573584878506707,0.337645140978073,0.3984911151960783,0.38957507249807655,1.1186499317661986,1.1288766682111309,cột filter_* không áp dụng cho directional,,,,
Chande Momentum Oscillator,i046,D,BTCUSDT,False,48701.0,48712.0,0.4299706371532412,0.42365330924618166,3132.0,2959.0,3726.0,0.6091954022988506,0.6245353159851301,0.966988727858293,0.6166475127236907,4.0,26.00751813969766,5.898899306971056,0.8983093344795472,0.029694104162189268,0.046493301812450746,0.025503259545812736,6.245004513516506e-17,0.3382090850880766,0.3403191408749191,0.39837067000677606,0.3894461323698473,1.079323026331049,1.0878354515120685,cột filter_* không áp dụng cho directional,,,,
Chande Momentum Oscillator,i046,D,BTCUSDT,True,20945.0,17873.0,0.44425877297684413,0.4426789011357914,3132.0,2959.0,3726.0,0.20657726692209452,0.3099019939168638,0.4651100375738057,0.25677228698079135,5.0,29.11633820724861,5.263269639065817,0.892829035692792,0.03138743576686265,0.04763668348687561,0.028146845053469746,-4.163336342344337e-17,0.33626484828335873,0.33772375749652817,0.3987777512532824,0.39024785990040844,1.1140510511948662,1.1343531806907625,cột filter_* không áp dụng cho directional,,,,
Price Oscillator,i047,D,BTCUSDT,False,13932.0,13931.0,0.4775337352856733,0.47318929007250016,3132.0,2959.0,3726.0,0.3716475095785441,0.34842852314971273,0.8317230273752013,0.36036775570513874,10.0,34.23933688674902,1.854174537211938,0.9088794636749213,0.015528800109454097,0.027979203721439323,0.047612532494185254,-6.938893903907228e-18,0.33386301672804364,0.33773647051685934,0.39748779787539484,0.3904206446055559,1.2013796092311024,1.211998639443275,cột filter_* không áp dụng cho directional,,,,
Price Oscillator,i047,D,BTCUSDT,True,5638.0,4767.0,0.47924796026959915,0.4921334172435494,3132.0,2959.0,3726.0,0.12037037037037036,0.1497127407908077,0.36553945249597425,0.13462485634542767,12.0,35.97985880836945,1.5912007332722273,0.9085308941571775,0.015307074855329476,0.026694045174537988,0.049467985812955015,4.85722573273506e-17,0.32284791487683534,0.33505494332130303,0.39392515076268186,0.3882315921963499,1.216596501497107,1.267628464905171,cột filter_* không áp dụng cho directional,,,,
Detrended Price Oscillator,i048,D,BTCUSDT,False,23927.0,23926.0,0.46027500313453423,0.4557803226615397,3132.0,2959.0,3726.0,0.44189016602809705,0.4312267657992565,0.8880837359098228,0.436709899852241,9.0,32.666005946482244,3.2568269391857934,0.9130518604202815,0.024946982841719683,0.027954501638712166,0.03404665509928668,-5.551115123125783e-17,0.33727612982358046,0.3377854879453854,0.39905546035859074,0.38938811334949425,1.1534111141366958,1.1705039446143939,cột filter_* không áp dụng cho directional,,,,
Detrended Price Oscillator,i048,D,BTCUSDT,True,9990.0,8461.0,0.46526526526526524,0.4722845999290864,3132.0,2959.0,3726.0,0.1417624521072797,0.194322406218317,0.3988191089640365,0.16729601050730586,11.0,34.25896540780628,2.920558882235529,0.9061894565106556,0.027939227082696035,0.03232385031100234,0.03354746609564597,2.7755575615628914e-17,0.32657592197302376,0.33491420598822197,0.39979479479479474,0.38971161801205534,1.1637601872832661,1.2118822690948792,cột filter_* không áp dụng cho directional,,,,
TRIX,i049,D,BTCUSDT,False,6601.0,6603.0,0.4900772610210574,0.4835680751173709,3132.0,2959.0,3726.0,0.22828863346104725,0.18891517404528557,0.6752549651100376,0.20916105729765228,22.0,38.24387582774085,0.8889182058047493,0.8664403778040142,0.015053128689492325,0.0743801652892562,0.04412632821723731,-6.938893903907228e-18,0.32455532283816435,0.3352870639591941,0.39793970610513557,0.3905876116916553,1.2315364702299376,1.2380527713693026,cột filter_* không áp dụng cho directional,,,,
TRIX,i049,D,BTCUSDT,True,2568.0,2121.0,0.5042834890965732,0.4893917963224894,3132.0,2959.0,3726.0,0.07247765006385697,0.07434944237918216,0.273215244229737,0.07338696437366607,23.0,39.535135135134816,0.7392491467576792,0.8696943972835314,0.013582342954159592,0.07130730050933787,0.045415959252971136,2.7755575615628914e-17,0.3175885357742369,0.33415225839611185,0.3991822429906542,0.3912541254125413,1.2632913862062238,1.2508284629752364,cột filter_* không áp dụng cho directional,,,,
Fisher Transform,i050,D,BTCUSDT,False,59813.0,59810.0,0.410546202330597,0.40665440561778965,3132.0,2959.0,3726.0,0.7324393358876118,0.748225751943224,0.9855072463768116,0.7401083565916926,2.0,20.527356060438564,6.5710268948655255,0.8711287016750301,0.03808042971234716,0.06319881263693547,0.027592055975687327,-4.163336342344337e-17,0.34407372846444284,0.35178333082221713,0.39804724725394147,0.39002424343755226,1.0314006821121957,1.042638790947107,cột filter_* không áp dụng cho directional,,,,
Fisher Transform,i050,D,BTCUSDT,True,25961.0,22297.0,0.4257154963214052,0.4235098892227654,3132.0,2959.0,3726.0,0.24904214559386972,0.3744508279824265,0.48389694041867953,0.30996552290264323,2.0,23.626131096888635,5.95421295041994,0.8653963908799481,0.03832438857472175,0.06353780211072291,0.03274141843460721,-6.938893903907228e-18,0.3460735776305098,0.34494027234243485,0.39743653942452134,0.39003901870206753,1.0711533895142886,1.085814159393793,cột filter_* không áp dụng cho directional,,,,
Ultimate Oscillator,i051,D,BTCUSDT,False,49639.0,49639.0,0.430125506154435,0.42442434376196136,3132.0,2959.0,3726.0,0.6226053639846744,0.6370395403852653,0.966988727858293,0.6296174683959941,4.0,25.206895485466912,5.965851035224523,0.895777273606641,0.035667176700258534,0.042104152376932415,0.026451397316168065,3.469446951953614e-17,0.341337849884217,0.344226910377631,0.3976470114224703,0.38983158403674534,1.0816766976715908,1.0887377040285051,cột filter_* không áp dụng cho directional,,,,
Ultimate Oscillator,i051,D,BTCUSDT,True,21402.0,18208.0,0.4421549387907672,0.44474956063268895,3132.0,2959.0,3726.0,0.210727969348659,0.31530922608989526,0.4643048845947397,0.26153340994910523,5.0,27.877913962989275,5.358411074330425,0.8906979908385868,0.03709918817179918,0.04367545013379292,0.028527370855821126,-2.7755575615628914e-17,0.338996311599743,0.3397159360870161,0.39735538734697684,0.3893535808435852,1.1127442910561842,1.1422767954749027,cột filter_* không áp dụng cho directional,,,,
Williams %R,i052,D,BTCUSDT,False,43501.0,43491.0,0.43996689731270544,0.43565335356740476,3132.0,2959.0,3726.0,0.6283524904214559,0.6404190604934099,0.9667203435319377,0.6342144147102282,3.0,27.15071151358447,5.1456128600133955,0.9008506113769271,0.03637590479695743,0.03476056107635055,0.028012922749764853,3.8163916471489756e-17,0.34418194520383244,0.3455655754978481,0.39740350796533414,0.3895932491779908,1.1071037081813686,1.11822613581369,cột filter_* không áp dụng cho directional,,,,
Williams %R,i052,D,BTCUSDT,True,18675.0,15867.0,0.45542168674698796,0.45711224554106006,3132.0,2959.0,3726.0,0.20689655172413793,0.31699898614396754,0.463768115942029,0.2603841733705467,4.0,30.018571575403197,4.635184067592034,0.8959220613287905,0.037531942078364564,0.03588160136286201,0.030664395229982964,-2.42861286636753e-17,0.33803565651016093,0.33956288167391674,0.39749933065595716,0.3906188945610386,1.1457168644672855,1.1702256391226131,cột filter_* không áp dụng cho directional,,,,
SMI Ergodic,i053,D,BTCUSDT,False,47099.0,47097.0,0.41945688868128833,0.41473979234346137,3132.0,2959.0,3726.0,0.6950830140485313,0.6985468063534978,0.9804079441760601,0.6967657199146281,2.0,21.998474446986588,5.259085728757756,0.8839856484601235,0.04261751689219954,0.04391061249021072,0.02948622215746626,-2.0816681711721685e-17,0.34893707635440463,0.35193974892381735,0.40002229346695256,0.38968405630931907,1.048583780283589,1.0642975652415552,cột filter_* không áp dụng cho directional,,,,
SMI Ergodic,i053,D,BTCUSDT,True,20315.0,17604.0,0.4343588481417672,0.4346739377414224,3132.0,2959.0,3726.0,0.2330779054916986,0.34944237918215615,0.47665056360708535,0.2896076177967493,3.0,26.100339246141935,4.779378531073446,0.8817796017348318,0.04010632840554027,0.042671268012871334,0.035442801846756515,5.551115123125783e-17,0.3446027372795535,0.34422300866812017,0.3969677578144229,0.38877243808225403,1.0941917563612915,1.1180677824940275,cột filter_* không áp dụng cho directional,,,,
Relative Vigor Index,i054,D,BTCUSDT,False,55996.0,55996.0,0.40524323165940423,0.39901064361740124,3132.0,2959.0,3726.0,0.6666666666666666,0.667455221358567,0.9715512614063339,0.6670497455261861,3.0,21.440536013400337,6.370688533125081,0.8683184730498679,0.031199127798437802,0.0758695879445017,0.024612811207192675,-5.204170427930421e-17,0.3377112017284001,0.34189641275669524,0.3980900421458675,0.3892269090649331,1.0179687727805953,1.025136326201013,cột filter_* không áp dụng cho directional,,,,
Relative Vigor Index,i054,D,BTCUSDT,True,24322.0,20917.0,0.4225392648630869,0.41793756274800403,3132.0,2959.0,3726.0,0.22988505747126436,0.341331530922609,0.47665056360708535,0.28402561155803646,3.0,25.30898999123413,5.733029092983457,0.862280701754386,0.031922196796338675,0.07612509534706331,0.029672006102212052,-2.0816681711721685e-17,0.3404496193319502,0.3405178964019458,0.39886316914727404,0.38866472247454226,1.0593589419811054,1.0753164323406768,cột filter_* không áp dụng cho directional,,,,
True Strength Index,i055,D,BTCUSDT,False,21845.0,21846.0,0.4393224994277867,0.4325734688272453,3132.0,2959.0,3726.0,0.5038314176245211,0.4964515038864481,0.9245840042941492,0.5002462649811197,5.0,27.965789962289634,2.6104436229205175,0.8937266677487421,0.0245495861061516,0.04142996266839799,0.040293783476708325,-1.3877787807814457e-17,0.34431687722290505,0.3438540175585254,0.39896086060883507,0.38976242790442195,1.1011669133592645,1.109838809125341,cột filter_* không áp dụng cho directional,,,,
True Strength Index,i055,D,BTCUSDT,True,9210.0,8016.0,0.45635179153094463,0.4554640718562874,3132.0,2959.0,3726.0,0.16538952745849297,0.23960797566745523,0.43209876543209874,0.20144475455590216,7.0,32.46525003994232,2.340500528727529,0.8943661971830986,0.020913358941527956,0.035958173282116944,0.04876227059325651,-3.469446951953614e-17,0.3319961230332918,0.3386971173390705,0.3976601520086862,0.38869760479041926,1.1475924586001174,1.1717696899672632,cột filter_* không áp dụng cho directional,,,,
Coppock Curve,i056,D,BTCUSDT,False,15909.0,15908.0,0.4587969074108995,0.4536082474226804,3132.0,2959.0,3726.0,0.40804597701149425,0.39303818857722206,0.8896940418679549,0.400755212608767,10.0,31.668685038417898,1.9895760945100764,0.9033637729742227,0.014738180557161022,0.04617963241243787,0.035718414056178475,-2.7755575615628914e-17,0.3330747242978099,0.3365303094669622,0.3991954239738513,0.39099195373397033,1.1493040246898028,1.1601472692487018,cột filter_* không áp dụng cho directional,,,,
Coppock Curve,i056,D,BTCUSDT,True,6577.0,5573.0,0.4699711114489889,0.4713798672169388,3132.0,2959.0,3726.0,0.13441890166028098,0.17979046975329505,0.4001610305958132,0.15646035133803973,11.0,34.53698358720632,1.720949263502455,0.900497512437811,0.016635572139303483,0.047419154228855724,0.03544776119402985,-1.3877787807814457e-17,0.3231076567975882,0.3346707979010659,0.39526379808423295,0.3873766373586937,1.1890062123747427,1.2168515644903537,cột filter_* không áp dụng cho directional,,,,
Rate of Change,i057,D,BTCUSDT,False,48701.0,48712.0,0.4299706371532412,0.42365330924618166,3132.0,2959.0,3726.0,0.6091954022988506,0.6245353159851301,0.966988727858293,0.6166475127236907,4.0,26.00751813969766,5.898899306971056,0.8983093344795472,0.029694104162189268,0.046493301812450746,0.025503259545812736,6.245004513516506e-17,0.3382090850880766,0.3403191408749191,0.39830496293710604,0.3892254475283298,1.079501078727797,1.0884522374795291,cột filter_* không áp dụng cho directional,,,,
Rate of Change,i057,D,BTCUSDT,True,20945.0,17873.0,0.44425877297684413,0.4426789011357914,3132.0,2959.0,3726.0,0.20657726692209452,0.3099019939168638,0.4651100375738057,0.25677228698079135,5.0,29.11633820724861,5.263269639065817,0.892829035692792,0.03138743576686265,0.04763668348687561,0.028146845053469746,-4.163336342344337e-17,0.33626484828335873,0.33772375749652817,0.3983194079732633,0.38901695294578414,1.1153329817327515,1.137942441283493,cột filter_* không áp dụng cho directional,,,,
Klinger Oscillator,i058,D,BTCUSDT,False,47105.0,47105.0,0.41076318862116545,0.4109542511410678,3132.0,2959.0,3726.0,0.638250319284802,0.6400811084825955,0.9634997316156736,0.639139714332622,3.0,22.685114793978673,5.494186823466524,0.8807271679008342,0.03585391780624471,0.05605102426895844,0.027367890023962668,2.42861286636753e-17,0.34315681896260086,0.345387032383124,0.3981201570958497,0.3891158051162297,1.031756823411159,1.0561232562072747,cột filter_* không áp dụng cho directional,,,,
Klinger Oscillator,i058,D,BTCUSDT,True,20305.0,17552.0,0.4316178281211524,0.4290109389243391,3132.0,2959.0,3726.0,0.21839080459770116,0.31801284217641096,0.4651100375738057,0.26678706287965853,3.0,26.62041887284927,4.9907683144729,0.876130408570236,0.03482817789732412,0.05592913787506377,0.03311227565737606,0.0,0.340620975724553,0.34122436825753444,0.3995173602560945,0.3881352552415679,1.0803481176499594,1.1053129885285247,cột filter_* không áp dụng cho directional,,,,
Bollinger Bands,i059,D,BTCUSDT,False,18357.0,18871.0,0.5004630386228687,0.5034179428753113,3132.0,2959.0,3726.0,0.311941251596424,0.3183507941872254,0.7428878153515834,0.3150549991791167,15.0,37.94404275385025,4.363345423511841,0.857990399654819,0.01191952969095518,0.03613613073728494,0.09395393991694083,1.3877787807814457e-17,0.36370502480454087,0.35901438598858365,0.39831671841804217,0.38877642944200097,1.2564449732627634,1.294877736281111,cột filter_* không áp dụng cho directional,,,,
Bollinger Bands,i059,D,BTCUSDT,True,8121.0,7341.0,0.51212904814678,0.5213186214412205,3132.0,2959.0,3726.0,0.11845466155810984,0.15613382899628253,0.35373054213633925,0.13675915284846496,18.0,41.687746635637446,3.892143189214319,0.8246388443017657,0.016051364365971106,0.046415195291599785,0.11289459604066346,-5.551115123125783e-17,0.34465636626503776,0.34698428905820194,0.39910725280137915,0.3892249012396132,1.2831865233019144,1.3393763343016132,cột filter_* không áp dụng cho directional,,,,
BB %B,i060,D,BTCUSDT,False,38463.0,38462.0,0.443959129553077,0.4418906973116323,3132.0,2959.0,3726.0,0.5600255427841635,0.5751943224062184,0.9490069779924852,0.5673945164997537,5.0,28.429330268019736,4.783466819221968,0.9076144027255968,0.03210977061115908,0.03063962849742142,0.029636198165822695,1.734723475976807e-17,0.3408903756958373,0.34107739149122485,0.39760939084314795,0.389396027247673,1.1165710362414791,1.1348104921228956,cột filter_* không áp dụng cho directional,,,,
BB %B,i060,D,BTCUSDT,True,16389.0,13917.0,0.453718957837574,0.4604440612200905,3132.0,2959.0,3726.0,0.18454661558109833,0.2818519770192633,0.44793344068706387,0.23181743556066328,6.0,31.113498030791263,4.236611489776047,0.9018345280038877,0.035475640869882155,0.03255983477098773,0.030129996355242376,-6.938893903907228e-18,0.33362444346601433,0.33699692353398913,0.3987156019281225,0.3894301932887835,1.1379513508963892,1.1823532667859844,cột filter_* không áp dụng cho directional,,,,
Standard Error Bands,i061,D,BTCUSDT,False,26416.0,26446.0,0.46263628104179283,0.46199803372910836,3132.0,2959.0,3726.0,0.4709450830140485,0.4684014869888476,0.8805689747718733,0.4697094073222788,5.0,29.7931123418009,4.162324975577987,0.8673257573092215,0.024698307708545895,0.03486612954297576,0.07310980543925694,-4.163336342344337e-17,0.3679919651481039,0.36402393030666563,0.39744662325863117,0.3894029342811768,1.164021164021164,1.1864266882886731,cột filter_* không áp dụng cho directional,,,,
Standard Error Bands,i061,D,BTCUSDT,True,11288.0,9757.0,0.47200566973777464,0.4823203853643538,3132.0,2959.0,3726.0,0.15613026819923373,0.21392362284555594,0.4194847020933977,0.1842062058775242,7.0,34.458497361588556,3.7977653631284918,0.8531468531468531,0.023612750885478158,0.038870220688402506,0.08437017527926619,2.7755575615628914e-17,0.3466030355611387,0.34738109207298357,0.39487951807228916,0.38867479758122375,1.1953156548660655,1.2409355799910344,cột filter_* không áp dụng cho directional,,,,
Envelopes,i062,D,BTCUSDT,False,0.0,0.0,,,3132.0,2959.0,3726.0,0.0,0.0,0.0,0.0,,,,,,,,,0.3124602281586744,0.3333333333333333,,,,,cột filter_* không áp dụng cho directional; không có tín hiệu Long hoặc Short trong train → precision/lift/độ trễ chiều đó là NaN,,,,
Envelopes,i062,D,BTCUSDT,True,0.0,0.0,,,3132.0,2959.0,3726.0,0.0,0.0,0.0,0.0,,,,,,,,,0.3124602281586744,0.3333333333333333,,,,,cột filter_* không áp dụng cho directional; không có tín hiệu Long hoặc Short trong train → precision/lift/độ trễ chiều đó là NaN,,,,
BB Width,i063,F,BTCUSDT,False,,,,,,,,,,,,,,,,,,,,,,,,,,filter: không cho hướng → không có recall/precision/backtest,0.49206583382907,0.3568633013740143,0.25211501090620664,1.415478198189384
BB Width,i063,F,BTCUSDT,True,,,,,,,,,,,,,,,,,,,,,,,,,,filter: HTF không áp dụng (filter không có hướng),,,,
ATR,i064,F,BTCUSDT,False,,,,,,,,,,,,,,,,,,,,,,,,,,filter: không cho hướng → không có recall/precision/backtest,0.4853888558397779,0.38422495808508483,0.25211501090620664,1.5240066694324146
ATR,i064,F,BTCUSDT,True,,,,,,,,,,,,,,,,,,,,,,,,,,filter: HTF không áp dụng (filter không có hướng),,,,
Historical Volatility,i065,F,BTCUSDT,False,,,,,,,,,,,,,,,,,,,,,,,,,,filter: không cho hướng → không có recall/precision/backtest,0.4926067816775729,0.3586612436277683,0.25211501090620664,1.4226096349383959
Historical Volatility,i065,F,BTCUSDT,True,,,,,,,,,,,,,,,,,,,,,,,,,,filter: HTF không áp dụng (filter không có hướng),,,,
Chaikin Volatility,i066,F,BTCUSDT,False,,,,,,,,,,,,,,,,,,,,,,,,,,filter: không cho hướng → không có recall/precision/backtest,0.4990426333531628,0.24691020522340615,0.25211501090620664,0.9793554312212818
Chaikin Volatility,i066,F,BTCUSDT,True,,,,,,,,,,,,,,,,,,,,,,,,,,filter: HTF không áp dụng (filter không có hướng),,,,
Close-to-Close Volatility,i067,F,BTCUSDT,False,,,,,,,,,,,,,,,,,,,,,,,,,,filter: không cho hướng → không có recall/precision/backtest,0.4926067816775729,0.3586612436277683,0.25211501090620664,1.4226096349383959
Close-to-Close Volatility,i067,F,BTCUSDT,True,,,,,,,,,,,,,,,,,,,,,,,,,,filter: HTF không áp dụng (filter không có hướng),,,,
Non-Directional Close-to-Close Volatility,i068,F,BTCUSDT,False,,,,,,,,,,,,,,,,,,,,,,,,,,filter: không cho hướng → không có recall/precision/backtest,0.4924037279397184,0.36107397253212803,0.25211501090620664,1.4321795883326318
Non-Directional Close-to-Close Volatility,i068,F,BTCUSDT,True,,,,,,,,,,,,,,,,,,,,,,,,,,filter: HTF không áp dụng (filter không có hướng),,,,
O-H-L-C Volatility,i069,F,BTCUSDT,False,,,,,,,,,,,,,,,,,,,,,,,,,,filter: không cho hướng → không có recall/precision/backtest,0.4910838786436645,0.372352350218208,0.25211501090620664,1.47691463860013
O-H-L-C Volatility,i069,F,BTCUSDT,True,,,,,,,,,,,,,,,,,,,,,,,,,,filter: HTF không áp dụng (filter không có hướng),,,,
Relative Volatility Index,i070,F,BTCUSDT,False,,,,,,,,,,,,,,,,,,,,,,,,,,filter: không cho hướng → không có recall/precision/backtest,0.4984794765020821,0.26385215877592455,0.25211501090620664,1.04655473637817
Relative Volatility Index,i070,F,BTCUSDT,True,,,,,,,,,,,,,,,,,,,,,,,,,,filter: HTF không áp dụng (filter không có hướng),,,,
Standard Deviation,i071,F,BTCUSDT,False,,,,,,,,,,,,,,,,,,,,,,,,,,filter: không cho hướng → không có recall/precision/backtest,0.49214039262343845,0.3568608110678103,0.25211501090620664,1.4154683205299976
Standard Deviation,i071,F,BTCUSDT,True,,,,,,,,,,,,,,,,,,,,,,,,,,filter: HTF không áp dụng (filter không có hướng),,,,
Mass Index,i073,F,BTCUSDT,False,,,,,,,,,,,,,,,,,,,,,,,,,,filter: không cho hướng → không có recall/precision/backtest,0.49928534602419194,0.2532145886883334,0.25211501090620664,1.0043614133810377
Mass Index,i073,F,BTCUSDT,True,,,,,,,,,,,,,,,,,,,,,,,,,,filter: HTF không áp dụng (filter không có hướng),,,,
Net Volume,i074,D,BTCUSDT,False,36379.0,36378.0,0.4232386816569999,0.42173841332673595,3132.0,2959.0,3726.0,0.5003192848020435,0.5042244001351808,0.9288781535158347,0.5022163848300771,8.0,27.942508825929984,4.756901840490798,0.8935456233042982,0.02522728354514732,0.05507163596553858,0.026155457185015947,-5.551115123125783e-17,0.3358524899449024,0.33582555007786485,0.39853349459853205,0.38836934410907686,1.0619902402014039,1.0859209660180775,cột filter_* không áp dụng cho directional,,,,
Net Volume,i074,D,BTCUSDT,True,15433.0,13419.0,0.4305060584461867,0.4371413667188315,3132.0,2959.0,3726.0,0.16794380587484037,0.2473808719161879,0.4363929146537842,0.20653423083237563,9.0,31.084166342958685,4.222607489597781,0.8883857544976135,0.026190184799902094,0.057459307306327256,0.02796475339615714,3.122502256758253e-17,0.33112997382575066,0.33559608238385724,0.39962094213697924,0.38855726954318504,1.077286030466894,1.1250371592140467,cột filter_* không áp dụng cho directional,,,,
OBV,i075,D,BTCUSDT,False,39424.0,39423.0,0.4284953327922078,0.4286330314790858,3132.0,2959.0,3726.0,0.5140485312899106,0.521122000675904,0.9111647879763822,0.5174848136594976,6.0,28.528827037773357,5.211394531846647,0.8945534446022727,0.03058416193181818,0.04623135653409091,0.02863103693181818,2.42861286636753e-17,0.33904584565542106,0.33931046110429436,0.39800121753246753,0.39027978591177737,1.0766181456649757,1.0982711555959965,cột filter_* không áp dụng cho directional,,,,
OBV,i075,D,BTCUSDT,True,16754.0,14482.0,0.43774620986033186,0.444068498826129,3132.0,2959.0,3726.0,0.17017879948914433,0.26022304832713755,0.43478260869565216,0.21392218026596618,7.0,31.03940291954682,4.61033185083818,0.8887871329631961,0.03354129700646786,0.046877683017571975,0.030793887012764008,5.204170427930421e-17,0.3340205540117343,0.33718199765865425,0.39592336158529307,0.3901463886203563,1.105633696651742,1.1382099431868462,cột filter_* không áp dụng cho directional,,,,
Accumulation/Distribution,i076,D,BTCUSDT,False,40377.0,40377.0,0.424325729994799,0.4220967382420685,3132.0,2959.0,3726.0,0.5440613026819924,0.5417370733355863,0.9202898550724637,0.5429321950418651,4.0,26.561253418754767,5.198931116389549,0.8917085319249431,0.03722787582120314,0.0405770964833183,0.030486495770535447,-3.8163916471489756e-17,0.3446314324155744,0.34526258837342017,0.3985127671694281,0.3892958862718875,1.0647732392834395,1.0842568676599695,cột filter_* không áp dụng cho directional,,,,
Accumulation/Distribution,i076,D,BTCUSDT,True,17341.0,14777.0,0.43526901562770315,0.4389253569736753,3132.0,2959.0,3726.0,0.18358876117496808,0.2612369043595809,0.43531937734836285,0.2213101296995567,5.0,29.17809269587797,4.704377104377104,0.8861424463614245,0.03920592789205928,0.0404777704047777,0.03417385534173855,-1.3877787807814457e-17,0.3380202106315369,0.3399243788250792,0.3977884781731158,0.38957839886309803,1.0942222802096244,1.1266675931072818,cột filter_* không áp dụng cho directional,,,,
MFI,i077,D,BTCUSDT,False,29679.0,29678.0,0.43347147814953335,0.4262416604892513,3132.0,2959.0,3726.0,0.4706257982120051,0.4748225751943224,0.9170692431561996,0.472664587095715,9.0,29.45285943390732,3.9016836086404068,0.8969919035517996,0.021068494769812658,0.053897523787010224,0.028042077891377578,-3.8163916471489756e-17,0.3346611409958944,0.3348888040764561,0.39701472421577544,0.38920580901678015,1.0918272086904863,1.0951574992316582,cột filter_* không áp dụng cho directional,,,,
MFI,i077,D,BTCUSDT,True,12461.0,10832.0,0.44819837894229997,0.44045420974889216,3132.0,2959.0,3726.0,0.1574074074074074,0.2284555593105779,0.4269994632313473,0.19192250861927435,10.0,32.371149308975546,3.466666666666667,0.8919378526706346,0.02226172992192935,0.05503594341810312,0.03076447398933292,-2.0816681711721685e-17,0.3281537065066151,0.33478427173495257,0.39883636947275497,0.3896741137370753,1.123765065695487,1.130314265745863,cột filter_* không áp dụng cho directional,,,,
Chaikin Money Flow,i078,D,BTCUSDT,False,31140.0,31140.0,0.4234104046242775,0.4237957610789981,3132.0,2959.0,3726.0,0.45881226053639845,0.454883406556269,0.9015029522275899,0.4569036283040552,8.0,28.53677729256157,4.239824161510908,0.8889074600256281,0.02947239400523706,0.05267702936096719,0.028943116608167587,1.734723475976807e-17,0.3389558978157958,0.33873679860758604,0.39696371226718047,0.3898410404624278,1.0666224431599853,1.0870988867059592,cột filter_* không áp dụng cho directional,,,,
Chaikin Money Flow,i078,D,BTCUSDT,True,13197.0,11402.0,0.43919072516481017,0.4435186809331696,3132.0,2959.0,3726.0,0.15708812260536398,0.22135856708347415,0.42297369833601717,0.18831062222951897,11.0,31.889848812095344,3.7730444362835107,0.884038993161647,0.030990833697075514,0.053542848828750184,0.03142732431252728,-6.938893903907228e-18,0.33137437568089556,0.3366381353060355,0.39704857164507085,0.3899447465356955,1.1061385345000334,1.137388527152705,cột filter_* không áp dụng cho directional,,,,
Chaikin Oscillator,i079,D,BTCUSDT,False,33853.0,33854.0,0.4284701503559507,0.4247947066816329,3132.0,2959.0,3726.0,0.5574712643678161,0.5518756336600202,0.9320987654320988,0.5547529141356099,4.0,26.73159197873904,4.1800934033858725,0.8933566883903042,0.03472347440818114,0.03869039952602973,0.03322943767548492,-2.0816681711721685e-17,0.3462447281808037,0.34574053195235027,0.39883171358520664,0.38992733502688015,1.0743131395051715,1.0894201778707027,cột filter_* không áp dụng cho directional,,,,
Chaikin Oscillator,i079,D,BTCUSDT,True,14518.0,12401.0,0.43993663038986086,0.44375453592452224,3132.0,2959.0,3726.0,0.1912515964240102,0.2683338965866847,0.4420289855072464,0.22869807913314727,5.0,29.77821335194134,3.725986842105263,0.8884157295894604,0.036595914565174,0.03792667509481669,0.03706168075054894,1.3877787807814457e-17,0.3365557917179811,0.33969877102168144,0.39778895164623224,0.3900895089105717,1.1059548752402557,1.1375710594315247,cột filter_* không áp dụng cho directional,,,,
Ease of Movement,i080,D,BTCUSDT,False,35480.0,35479.0,0.4323844419391206,0.4272386482144367,3132.0,2959.0,3726.0,0.5501277139208174,0.5599864819195675,0.9439076757917337,0.5549170907896898,5.0,27.39420935412027,4.386834855734377,0.8919920909540286,0.025877409787444388,0.05316361838853188,0.028966880869995056,2.0816681711721685e-17,0.3405394034087435,0.3403901704879369,0.39800310033821873,0.38958256997096874,1.0863846074859342,1.096657502532195,cột filter_* không áp dụng cho directional,,,,
Ease of Movement,i080,D,BTCUSDT,True,15053.0,13038.0,0.4434996346243274,0.4437797208160761,3132.0,2959.0,3726.0,0.18039591315453385,0.27340317674890163,0.4463231347289318,0.22557872270563126,6.0,30.36745166315342,3.9041817583141256,0.8860451724358565,0.028152792885021434,0.05592168404888349,0.02988035063023866,-2.7755575615628914e-17,0.3331653735428866,0.3371763404346026,0.39846874377200553,0.38972235005368916,1.1130098447021166,1.1387073919546566,cột filter_* không áp dụng cho directional,,,,
Elder Force Index,i081,D,BTCUSDT,False,34509.0,34508.0,0.4384363499376974,0.43755071287817315,3132.0,2959.0,3726.0,0.5348020434227331,0.535653937140926,0.9229736983360172,0.5352158923001149,5.0,28.573055460653308,4.385878489326765,0.9000464061049809,0.03289677219758688,0.03449520470248531,0.03256161699494689,4.163336342344337e-17,0.3431583962735733,0.34284253834240414,0.3974600828769307,0.38918946331285503,1.1030953014556046,1.1242614564989966,cột filter_* không áp dụng cho directional,,,,
Elder Force Index,i081,D,BTCUSDT,True,14448.0,12777.0,0.45037375415282394,0.45104484620803004,3132.0,2959.0,3726.0,0.16922094508301405,0.2625887124028388,0.43800322061191627,0.21457888688228535,6.0,31.731843575419266,3.901667233752977,0.8950852557673019,0.034302908726178534,0.03617519224339686,0.0344366432631227,0.0,0.33411678097676606,0.3379411265232019,0.3967296511627907,0.39033810753698056,1.1352157642687044,1.155523474390207,cột filter_* không áp dụng cho directional,,,,
Price & Volume Trend,i082,D,BTCUSDT,False,25553.0,25552.0,0.4489883770985794,0.44470100187852224,3132.0,2959.0,3726.0,0.45849297573435505,0.4508279824264954,0.8671497584541062,0.4547693318010179,7.0,30.41871921182243,3.4549241793034495,0.8998195903640029,0.030068272666171424,0.03293360217906541,0.0371785347907602,2.0816681711721685e-17,0.34181308426090196,0.34145182649514605,0.39738582553907564,0.3897092204132749,1.129855038210037,1.1411097777130605,cột filter_* không áp dụng cho directional,,,,
Price & Volume Trend,i082,D,BTCUSDT,True,10606.0,9325.0,0.4620969262681501,0.45640750670241287,3132.0,2959.0,3726.0,0.1446360153256705,0.21628928692125718,0.4033816425120773,0.17944508290921032,8.0,33.07338570409559,3.072804314329738,0.8974382773343234,0.03211434935956933,0.033877854093187304,0.036569519212919996,1.3877787807814457e-17,0.33021178045212335,0.33688559905851084,0.3987601357722044,0.38715817694369975,1.1588343086835726,1.1788657295201164,cột filter_* không áp dụng cho directional,,,,
Volume,i083,F,BTCUSDT,False,,,,,,,,,,,,,,,,,,,,,,,,,,filter: không cho hướng → không có recall/precision/backtest,0.4951370216141186,0.3432503956786129,0.25211501090620664,1.3614833739761374
Volume,i083,F,BTCUSDT,True,,,,,,,,,,,,,,,,,,,,,,,,,,filter: HTF không áp dụng (filter không có hướng),,,,
Volume Oscillator,i084,F,BTCUSDT,False,,,,,,,,,,,,,,,,,,,,,,,,,,filter: không cho hướng → không có recall/precision/backtest,0.3769058100337101,0.24537021448533622,0.25211501090620664,0.973247144639953
Volume Oscillator,i084,F,BTCUSDT,True,,,,,,,,,,,,,,,,,,,,,,,,,,filter: HTF không áp dụng (filter không có hướng),,,,
Volume Profile Fixed Range,i085,F,BTCUSDT,False,,,,,,,,,,,,,,,,,,,,,,,,,,filter: không cho hướng → không có recall/precision/backtest,0.5507547094983145,0.29573249765252807,0.25211501090620664,1.1730063060884077
Volume Profile Fixed Range,i085,F,BTCUSDT,True,,,,,,,,,,,,,,,,,,,,,,,,,,filter: HTF không áp dụng (filter không có hướng),,,,
VWAP,i086,D,BTCUSDT,False,9108.0,9106.0,0.4645366710584102,0.4435537008565781,3132.0,2959.0,3726.0,0.18007662835249041,0.16627238932071645,0.42082662372517443,0.17337054670825808,13.0,36.0060753795713,2.3033536585365852,0.8825422365245374,0.03147626709573612,0.042638777152051485,0.04334271922767498,-2.7755575615628914e-17,0.33108170894952277,0.33794106437152244,0.399901185770751,0.39096749396002634,1.1616286412431704,1.1345027597151807,cột filter_* không áp dụng cho directional,,,,
VWAP,i086,D,BTCUSDT,True,3762.0,3275.0,0.4542796384901648,0.4250381679389313,3132.0,2959.0,3726.0,0.05810983397190294,0.07874281851977019,0.18491680085882983,0.06813331144311278,11.0,33.203496430887434,1.9293478260869565,0.8833841463414634,0.03836382113821138,0.04420731707317073,0.03404471544715447,-2.7755575615628914e-17,0.3203266850342913,0.334789419451683,0.39840510366826154,0.3903511450381679,1.140245529757139,1.0888610763454318,cột filter_* không áp dụng cho directional,,,,
VWMA,i087,D,BTCUSDT,False,41209.0,41208.0,0.4409230993229634,0.4397689768976898,3132.0,2959.0,3726.0,0.6024904214559387,0.616424467725583,0.9624261943102523,0.6092595632901001,4.0,27.60010400416065,4.955872276277923,0.9011382113821138,0.035338753387533874,0.034037940379403796,0.02948509485094851,2.0816681711721685e-17,0.3438879526595943,0.34467794972618554,0.3984348079303065,0.3907020481459911,1.1066380008648464,1.1255865665013463,cột filter_* không áp dụng cho directional,,,,
VWMA,i087,D,BTCUSDT,True,17612.0,15056.0,0.455087440381558,0.46174282678002126,3132.0,2959.0,3726.0,0.1995530012771392,0.3004393376140588,0.4551798174986581,0.24856345427680185,5.0,30.81231797302797,4.486292834890966,0.8968984803118468,0.03796395683859669,0.03434834190158748,0.030789220947969043,-3.469446951953614e-17,0.3368973542745192,0.33897984689211785,0.39742221212809453,0.3906117162592986,1.1450981512701086,1.182101835556576,cột filter_* không áp dụng cho directional,,,,
Pivot Points Standard,i088,D,BTCUSDT,False,3696.0,3696.0,0.454004329004329,0.43587662337662336,3132.0,2959.0,3726.0,0.08141762452107279,0.07468739438999662,0.20048309178743962,0.07814808734197998,16.0,40.302283341982395,1.7849550286181521,0.8754569826955886,0.03680233975140142,0.045576407506702415,0.04216427004630758,6.938893903907228e-18,0.3227946902760089,0.3360714873189148,0.3965503246753247,0.3913419913419914,1.1448845222256336,1.1137997787610618,cột filter_* không áp dụng cho directional,,,,
Pivot Points Standard,i088,D,BTCUSDT,True,943.0,1108.0,0.4708377518557794,0.44223826714801445,3132.0,2959.0,3726.0,0.019476372924648787,0.031767489016559645,0.06360708534621579,0.025447381382367427,14.0,38.10730516181259,1.413265306122449,0.8692927484333035,0.048343777976723366,0.048343777976723366,0.03401969561324977,-2.0816681711721685e-17,0.31543345228639946,0.3340253929435016,0.3969777306468717,0.3896209386281589,1.1860558301055162,1.135047486680565,cột filter_* không áp dụng cho directional,,,,
Balance of Power,i089,D,BTCUSDT,False,39212.0,39215.0,0.4332092216668367,0.4276169832972077,3132.0,2959.0,3726.0,0.5316091954022989,0.5471443055086178,0.9455179817498658,0.5391561319980299,6.0,27.558776736785397,4.991626267078008,0.8987710147523001,0.02843007767903114,0.046674576347070805,0.026124331221597904,1.0408340855860843e-17,0.33857289175262717,0.3387980237798219,0.39909721513822294,0.3900573760040801,1.0854729254795712,1.0962925190081132,cột filter_* không áp dụng cho directional,,,,
Balance of Power,i089,D,BTCUSDT,True,16701.0,14328.0,0.4400934075803844,0.4473757677275265,3132.0,2959.0,3726.0,0.1768837803320562,0.2663061845217979,0.45034889962426194,0.220325069775078,7.0,30.347118780843264,4.429139072847682,0.8910764954542822,0.0323122357982512,0.04962649834964387,0.02698477039782269,-1.3877787807814457e-17,0.33261865773513216,0.3362155185248427,0.3973025567331298,0.39020798436627585,1.1077034368948133,1.1465059292779336,cột filter_* không áp dụng cho directional,,,,
Accumulative Swing Index,i090,D,BTCUSDT,False,31734.0,31734.0,0.47056784521333583,0.4083002457931556,3132.0,2959.0,3726.0,0.483397190293742,0.5637039540385266,0.9296833064949007,0.5224101132818914,5.0,28.168331862420604,4.030544688534457,0.9042385743999101,0.031536342683680926,0.03243577491708359,0.031789307999325424,-6.938893903907228e-18,0.3426807324857592,0.34220025472591203,0.39913499716392514,0.39050860276044624,1.1789691421623776,1.045560182047061,cột filter_* không áp dụng cho directional,,,,
Accumulative Swing Index,i090,D,BTCUSDT,True,13404.0,11523.0,0.4810504327066547,0.4199427232491539,3132.0,2959.0,3726.0,0.16283524904214558,0.2636025684352822,0.4382716049382716,0.21178788376292892,6.0,30.428432327166288,3.5477249401300033,0.8958211143695015,0.038049853372434016,0.0344574780058651,0.03167155425219941,-4.85722573273506e-17,0.33235424696019983,0.33723722886703134,0.3979297224709042,0.38956001041395466,1.2088828894700825,1.0779923812069774,cột filter_* không áp dụng cho directional,,,,
Up/Down,i091,D,BTCUSDT,False,27225.0,27225.0,0.425307621671258,0.414435261707989,3132.0,2959.0,3726.0,0.46424010217113665,0.4626563028050017,0.9041867954911433,0.46347069446724676,9.0,28.813029091642132,3.5348837209302326,0.8770735722426238,0.025516018741294163,0.0665125997214132,0.03089780929466886,-5.898059818321144e-17,0.3391919055091647,0.33916221581204237,0.39897704315886134,0.3892231404958678,1.0659952219404076,1.0647754940263858,cột filter_* không áp dụng cho directional,,,,
Up/Down,i091,D,BTCUSDT,True,11320.0,10137.0,0.4515901060070671,0.4382953536549275,3132.0,2959.0,3726.0,0.1615581098339719,0.21933085501858737,0.42082662372517443,0.18962403546215728,11.0,32.69484808454447,3.2398090341535073,0.8711981179633675,0.02638212065199126,0.06477902873466644,0.03764073264997479,-4.163336342344337e-17,0.33124542775866356,0.33730230951418055,0.3967358657243816,0.3903127157936273,1.13826388038432,1.1229338320780469,cột filter_* không áp dụng cho directional,,,,
Spread,i092,F,BTCUSDT,False,,,,,,,,,,,,,,,,,,,,,,,,,,filter: không cho hướng → không có recall/precision/backtest,0.5148617886178862,0.25277301913999434,0.25211501090620664,1.002609952622109
Spread,i092,F,BTCUSDT,True,,,,,,,,,,,,,,,,,,,,,,,,,,filter: HTF không áp dụng (filter không có hướng),,,,
Correlation Coefficient,i093,F,BTCUSDT,False,,,,,,,,,,,,,,,,,,,,,,,,,,filter: không cho hướng → không có recall/precision/backtest,0.49772437041443585,0.28397816116499286,0.25211501090620664,1.1263833920251585
Correlation Coefficient,i093,F,BTCUSDT,True,,,,,,,,,,,,,,,,,,,,,,,,,,filter: HTF không áp dụng (filter không có hướng),,,,
Correlation-Log,i094,F,BTCUSDT,False,,,,,,,,,,,,,,,,,,,,,,,,,,filter: không cho hướng → không có recall/precision/backtest,0.4961824310926036,0.29740297524466003,0.25211501090620664,1.1796321614316796
Correlation-Log,i094,F,BTCUSDT,True,,,,,,,,,,,,,,,,,,,,,,,,,,filter: HTF không áp dụng (filter không có hướng),,,,
Rank Correlation,i095,F,BTCUSDT,False,,,,,,,,,,,,,,,,,,,,,,,,,,filter: không cho hướng → không có recall/precision/backtest,0.4966948245092207,0.2824205375849558,0.25211501090620664,1.1202051657686642
Rank Correlation,i095,F,BTCUSDT,True,,,,,,,,,,,,,,,,,,,,,,,,,,filter: HTF không áp dụng (filter không có hướng),,,,
Ratio,i096,F,BTCUSDT,False,,,,,,,,,,,,,,,,,,,,,,,,,,filter: không cho hướng → không có recall/precision/backtest,0.51488082490581,0.2527821596707007,0.25211501090620664,1.0026462080226641
Ratio,i096,F,BTCUSDT,True,,,,,,,,,,,,,,,,,,,,,,,,,,filter: HTF không áp dụng (filter không có hướng),,,,
Standard Error,i097,F,BTCUSDT,False,,,,,,,,,,,,,,,,,,,,,,,,,,filter: không cho hướng → không có recall/precision/backtest,0.49277017648225263,0.36182918584811513,0.25211501090620664,1.435175099441917
Standard Error,i097,F,BTCUSDT,True,,,,,,,,,,,,,,,,,,,,,,,,,,filter: HTF không áp dụng (filter không có hướng),,,,
Average Price,i099,D,BTCUSDT,False,29070.0,29070.0,0.4519779841761266,0.44437564499484006,3132.0,2959.0,3726.0,0.5229885057471264,0.5285569449138222,0.9326355340848095,0.5256936463634871,6.0,29.35787897472052,3.639808297139434,0.9091419131627342,0.02278465230807593,0.035252314309759065,0.03282112021943085,-2.7755575615628914e-17,0.33989465004735714,0.33960085241084426,0.3965239078087376,0.3900997592019264,1.1398505242063164,1.13913334861819,cột filter_* không áp dụng cho directional,,,,
Average Price,i099,D,BTCUSDT,True,12272.0,10436.0,0.45999022164276404,0.46377922575699504,3132.0,2959.0,3726.0,0.16954022988505746,0.25177424805677595,0.43666129898013956,0.20948941060581186,7.0,32.192766132347295,3.2232173613503274,0.9023153072077231,0.025443835392293217,0.03616133518776078,0.03607952221222286,6.938893903907228e-18,0.3303737009735422,0.3363282290930627,0.3972905801825294,0.3874329244921425,1.1578180923177896,1.197056823100229,cột filter_* không áp dụng cho directional,,,,
Typical Price,i100,D,BTCUSDT,False,30971.0,30970.0,0.4503890736495431,0.4450113012592832,3132.0,2959.0,3726.0,0.5335249042145593,0.5410611693139574,0.9374664519592056,0.5371860121490724,5.0,29.247093351394433,3.8687361419068735,0.9091201403098509,0.02519731072785735,0.033557439345220694,0.03212510961707103,2.7755575615628914e-17,0.34064649132930036,0.3402630626424847,0.3975622356397921,0.389985469809493,1.1328769014610691,1.1410971323538546,cột filter_* không áp dụng cho directional,,,,
Typical Price,i100,D,BTCUSDT,True,13131.0,11112.0,0.46135100144695756,0.46274298056155505,3132.0,2959.0,3726.0,0.17369093231162197,0.25650557620817843,0.4388083735909823,0.21392218026596618,6.0,31.778304115631208,3.4462219196732473,0.9017097293567431,0.02821436786015487,0.03526795982519359,0.034807942957908455,-6.938893903907228e-18,0.33121954734748227,0.3365435964619783,0.3985796969004646,0.39015478761699063,1.1574874611893957,1.1860497301287078,cột filter_* không áp dụng cho directional,,,,
Median Price,i101,D,BTCUSDT,False,31073.0,31071.0,0.44884626524635535,0.443661291879888,3132.0,2959.0,3726.0,0.5316091954022989,0.5346400811084826,0.9377348362855609,0.5330815957970777,6.0,29.22327229769566,3.896454531968551,0.9080553295362083,0.022375915378356388,0.03844589096826689,0.03112286411716843,3.122502256758253e-17,0.3387805496986689,0.33854796917150304,0.39841019534644223,0.3898329632132857,1.1265933213783745,1.1380804953560373,cột filter_* không áp dụng cho directional,,,,
Median Price,i101,D,BTCUSDT,True,13195.0,11172.0,0.4568397120121258,0.46142141066953096,3132.0,2959.0,3726.0,0.17337164750957854,0.25549172017573507,0.4406870638754697,0.213265473649647,7.0,31.958393113342876,3.4580074804488268,0.9009405339805825,0.02510618932038835,0.04004854368932039,0.03390473300970874,2.0816681711721685e-17,0.3303854270653528,0.33596535808169486,0.3991549829480864,0.3890664160401003,1.1445171212394505,1.1859708051027802,cột filter_* không áp dụng cho directional,,,,
SMA,i001,D,ETHUSDT,False,60620.0,60620.0,0.4662982514021775,0.4460903992081821,9069.0,8870.0,4377.0,0.6451648472819494,0.6555806087936866,0.9675576879140965,0.6503149562405931,2.0,28.969359331477097,3.0859694358845355,0.6862932459692709,0.12538866390620498,0.1121778829382233,0.07614020718630082,1.3877787807814457e-17,0.35118989107318216,0.35161891617773167,0.40894424282415043,0.3879833388320686,1.140248969350792,1.1497668960503071,cột filter_* không áp dụng cho directional,,,,
SMA,i001,D,ETHUSDT,True,25249.0,22745.0,0.4531664620381005,0.44845020883710707,9069.0,8870.0,4377.0,0.22549343918844414,0.3205186020293123,0.453050034270048,0.272478956463571,3.0,29.352137505510328,2.6568185125891426,0.6878415300546448,0.12739071038251365,0.11118700667880996,0.07358075288403157,5.551115123125783e-17,0.32019840829506435,0.3422278344767438,0.4077191175888154,0.3883600791382722,1.111467288357861,1.1547278747912715,cột filter_* không áp dụng cho directional,,,,
EMA,i002,D,ETHUSDT,False,64999.0,64998.0,0.4685149002292343,0.44859841841287423,9069.0,8870.0,4377.0,0.6400926232219649,0.655467869222097,0.9682430888736577,0.6476949662745972,2.0,29.16183854769966,3.3520211893800846,0.6876651606853635,0.12688602847157104,0.11226664393487341,0.07318216690819197,2.7755575615628914e-17,0.34988982989707046,0.34981923075845484,0.40811243249896145,0.38754577063909657,1.1480044784727959,1.1575366121867272,cột filter_* không áp dụng cho directional,,,,
EMA,i002,D,ETHUSDT,True,27150.0,24310.0,0.45535911602209944,0.4503907856849033,9069.0,8870.0,4377.0,0.2216341382732385,0.32029312288613304,0.4528215672835275,0.27041641117119125,2.0,29.326546593577884,2.9053124542660616,0.6864786130453319,0.1296006821088532,0.11574534602813699,0.06817535881767799,-4.163336342344337e-17,0.3202000943088448,0.34118882848886173,0.40846593001841625,0.3869642122583299,1.1148031758770407,1.1639081119579893,cột filter_* không áp dụng cho directional,,,,
DEMA,i003,D,ETHUSDT,False,89916.0,89914.0,0.4348614262200276,0.41659808261227393,9069.0,8870.0,4377.0,0.7444040136729518,0.761217587373168,0.9840073109435686,0.7527175427838787,1.0,23.66742770167477,4.299550814149354,0.6517899507122038,0.12552410647713297,0.15066185085842104,0.07202409195224216,2.7755575615628914e-17,0.36175159883552904,0.3608692335044612,0.40840451087681834,0.3874574593500456,1.0647811535832648,1.07520986513232,cột filter_* không áp dụng cho directional,,,,
DEMA,i003,D,ETHUSDT,True,37678.0,34212.0,0.42242157227029037,0.4189173389453993,9069.0,8870.0,4377.0,0.2600066159444261,0.38083427282976323,0.46812885538039756,0.31975026478622,1.0,24.78179551122285,3.7326910725754656,0.6528745017050094,0.12314490178185486,0.15018490946640412,0.07379568704673166,-1.3877787807814457e-17,0.3365230560068952,0.34790868131765124,0.4084731142841977,0.38844411317666316,1.0341477994470596,1.0784494467415884,cột filter_* không áp dụng cho directional,,,,
TEMA,i004,D,ETHUSDT,False,102735.0,102733.0,0.4221054168491751,0.40507918585070035,9069.0,8870.0,4377.0,0.7586282941889955,0.7741826381059752,0.9876627827278959,0.7663191928201126,1.0,21.67662522480891,4.840730492529054,0.6368269039240422,0.11870061748887856,0.17414182325210809,0.07033065533497111,6.938893903907228e-17,0.359627601083423,0.36077870540211804,0.40852630554338837,0.38763445046869066,1.0332392580882273,1.0450030572899731,cột filter_* không áp dụng cho directional,,,,
TEMA,i004,D,ETHUSDT,True,43101.0,38949.0,0.40975847428133916,0.4035790392564636,9069.0,8870.0,4377.0,0.26717388907266515,0.3847801578354002,0.47475439798949054,0.3253247115223814,1.0,22.729862538782314,4.1786707101339395,0.635093486747483,0.11699198685021574,0.17633038832956646,0.07158413807273474,6.938893903907228e-17,0.33923618449434056,0.3481813754580145,0.40773995962970694,0.3873629618218697,1.004950495049505,1.0418627463976562,cột filter_* không áp dụng cho directional,,,,
Hull MA,i005,D,ETHUSDT,False,109501.0,109498.0,0.4224162336417019,0.40209866846883047,9069.0,8870.0,4377.0,0.7761605469180726,0.7887260428410372,0.989262051633539,0.7823735994202575,1.0,21.23809523809541,5.103729921045467,0.6308122596433982,0.11694829662432506,0.18254282717631978,0.06969661655595696,5.551115123125783e-17,0.3592141422053909,0.3618451956668098,0.4080213879325304,0.38837102047525984,1.0352796351733204,1.0353467361616522,cột filter_* không áp dụng cho directional,,,,
Hull MA,i005,D,ETHUSDT,True,45872.0,41472.0,0.40977066620160446,0.3971354166666667,9069.0,8870.0,4377.0,0.27169478443047745,0.3941375422773393,0.4742974640164496,0.3322370254752216,1.0,22.207922031169282,4.385141861622698,0.6278395452887071,0.11667338748391805,0.18486087908289647,0.07062618814447837,1.3877787807814457e-17,0.3406838767098441,0.34841993692907375,0.40802995291245203,0.38888768325617284,1.0042661409456033,1.0212085230918995,cột filter_* không áp dụng cho directional,,,,
Hamming MA,i006,D,ETHUSDT,False,58006.0,58005.0,0.46652070475468055,0.4461339539694854,9069.0,8870.0,4377.0,0.6457161759841218,0.6579481397970688,0.9687000228466986,0.6517643123919951,2.0,28.80591629232347,2.9167712779312076,0.6847412480974124,0.12569761542364283,0.11093670725520041,0.0786244292237443,2.7755575615628914e-17,0.351535127115057,0.35236912629482614,0.408130193428266,0.38755279717265745,1.143068345019853,1.1511565836298936,cột filter_* không áp dụng cho directional,,,,
Hamming MA,i006,D,ETHUSDT,True,24085.0,21805.0,0.45368486609923186,0.44792478789268514,9069.0,8870.0,4377.0,0.2262652993714853,0.322435174746336,0.4541923692026502,0.27381682368024973,3.0,29.30843947613576,2.4904347826086957,0.6861406572471821,0.12744086362914747,0.11069217336085092,0.0757263057628195,1.3877787807814457e-17,0.3195684309378595,0.3424651380050308,0.4089370977787004,0.387663379958725,1.10942457547529,1.1554477700224772,cột filter_* không áp dụng cho directional,,,,
Arnaud Legoux MA,i007,D,ETHUSDT,False,99630.0,99628.0,0.4448760413530061,0.42546272132332275,9069.0,8870.0,4377.0,0.7601720145550778,0.7896279594137542,0.986748914781814,0.7747366073917163,1.0,24.058246280466662,4.7612669484547405,0.6552640230303785,0.13225585755284458,0.14470399033292758,0.06777612908384942,-2.7755575615628914e-17,0.36006958747603646,0.36070263623698656,0.40781039847435513,0.3876339984743245,1.0908894010974608,1.0975887641380453,cột filter_* không áp dụng cho directional,,,,
Arnaud Legoux MA,i007,D,ETHUSDT,True,41760.0,37609.0,0.43249521072796937,0.4260682283495972,9069.0,8870.0,4377.0,0.26563016870658285,0.3956031567080045,0.47041352524560204,0.32989575784603375,1.0,24.65252377468817,4.104675943337094,0.6544916526808586,0.13278420634219593,0.14669640491122693,0.06602773606571857,-5.551115123125783e-17,0.3380030105764425,0.34734777292128594,0.40789152298850573,0.38845223217846786,1.060319193591471,1.0968355773377234,cột filter_* không áp dụng cho directional,,,,
Least Squares MA,i008,D,ETHUSDT,False,55399.0,55398.0,0.4468492211050741,0.42936568107151885,9069.0,8870.0,4377.0,0.6286249862167824,0.6379932356257046,0.9604752113319626,0.6332571492279391,2.0,27.21047681211027,2.778591621691082,0.6658314058082755,0.1176272166538165,0.13486250321254176,0.08167887432536623,4.163336342344337e-17,0.35200302588315285,0.3535977090459527,0.4076355168865863,0.38814217119751615,1.0961979577196606,1.1062072429461034,cột filter_* không áp dụng cho directional,,,,
Least Squares MA,i008,D,ETHUSDT,True,22999.0,21057.0,0.4360624374972825,0.43382248183501926,9069.0,8870.0,4377.0,0.21590031977064725,0.310597519729425,0.4498514964587617,0.26272367467528845,2.0,28.219352361314293,2.4215803651601315,0.669050297284268,0.11369114574963844,0.13192993732926242,0.08532861963683111,0.0,0.32061790272296325,0.34396202228889633,0.4088960389582156,0.38736762121859714,1.0664383998638907,1.1199244801883093,cột filter_* không áp dụng cho directional,,,,
Smoothed MA,i009,D,ETHUSDT,False,54797.0,54797.0,0.47513550011861966,0.45524390021351535,9069.0,8870.0,4377.0,0.5834160326386592,0.6002254791431793,0.9497372629655015,0.5917275210435364,3.0,30.569836339432,2.9279041429731927,0.6976728315020815,0.11676789735890261,0.10584863167951955,0.07971063945949634,1.3877787807814457e-17,0.34372443608419184,0.3464890029777343,0.4080396737047648,0.3880139423691078,1.1644345654055241,1.1732668610666919,cột filter_* không áp dụng cho directional,,,,
Smoothed MA,i009,D,ETHUSDT,True,22813.0,20316.0,0.464691184850743,0.46003150226422523,9069.0,8870.0,4377.0,0.2035505568419892,0.2897406989853439,0.43865661411925977,0.24616756786888902,3.0,30.64902330174769,2.545770202020202,0.6976102148218445,0.11970494349063929,0.10883444051419204,0.07385040117332413,5.551115123125783e-17,0.31395033979461995,0.33955152097745683,0.40855433305571387,0.38816450088600113,1.1374036382753867,1.1851457338684623,cột filter_* không áp dụng cho directional,,,,
Adaptive MA,i010,D,ETHUSDT,False,48604.0,48602.0,0.47613365155131265,0.45862310192996175,9069.0,8870.0,4377.0,0.5708457382291322,0.574859075535513,0.9264336303404158,0.5728301466079492,3.0,31.43845773603619,2.5873979485032446,0.681268590412176,0.12007957662147023,0.10800788040329122,0.09064395256306254,-1.3877787807814457e-17,0.3467462805355974,0.35065226983532116,0.40805077771376846,0.38867844944652485,1.166849023592112,1.1799550568935262,cột filter_* không áp dụng cho directional,,,,
Adaptive MA,i010,D,ETHUSDT,True,20265.0,18055.0,0.46686405132000985,0.46147881473276103,9069.0,8870.0,4377.0,0.20013231888852134,0.2760992108229989,0.4276901987662783,0.23769440882992363,3.0,31.359907077232425,2.2465775749674055,0.6770594826326302,0.12544453646416914,0.11263214303112973,0.08486383787207093,4.163336342344337e-17,0.3135388522930106,0.34096355650318416,0.40923019985196146,0.386809747992246,1.1408347954009683,1.1930382239022888,cột filter_* không áp dụng cho directional,,,,
Multi-Timeframe MA,i011,D,ETHUSDT,False,9926.0,9926.0,0.465242796695547,0.4861978641950433,9069.0,8870.0,4377.0,0.14433785422869114,0.14825253664036075,0.39981722641078365,0.14627348235687607,11.0,41.13088459373972,1.280978509373571,0.709934665641814,0.0839738662567256,0.10386241352805534,0.10222905457340507,4.163336342344337e-17,0.2954031418779381,0.33666213386776533,0.4076415474511384,0.38920511787225465,1.1413036762434352,1.2492072736685433,cột filter_* không áp dụng cho directional,,,,
Multi-Timeframe MA,i011,D,ETHUSDT,True,4129.0,3669.0,0.4364252845725357,0.4745162169528482,9069.0,8870.0,4377.0,0.05138383504245231,0.05851183765501691,0.1601553575508339,0.05490830035119015,7.0,36.58022682674164,1.234282325029656,0.7212690951821387,0.0935370152761457,0.09964747356051704,0.0855464159811986,-1.3877787807814457e-17,0.2825194516499265,0.33456916578535223,0.4086582707677403,0.3848460070863996,1.067946780454559,1.2330028328611897,cột filter_* không áp dụng cho directional,,,,
WMA,i012,D,ETHUSDT,False,74126.0,74126.0,0.4586649758519278,0.43942746134959393,9069.0,8870.0,4377.0,0.691917521226155,0.7119503945885005,0.9776102353209961,0.7018228440827248,2.0,27.167630057802604,3.678522734009129,0.6757713026444662,0.13173359451518118,0.12136385896180216,0.07113124387855044,5.551115123125783e-17,0.35590788606067086,0.3545045521592709,0.40808623155168233,0.38819914739767425,1.1239413153144813,1.1319640042883479,cột filter_* không áp dụng cho directional,,,,
WMA,i012,D,ETHUSDT,True,30940.0,27979.0,0.4453135100193924,0.44090210515029127,9069.0,8870.0,4377.0,0.24037931414709449,0.35377677564825255,0.46058944482522274,0.2964490774290652,2.0,27.667040533886496,3.16839378238342,0.6767261088248743,0.13202255753696082,0.12217649748513947,0.06907483615302545,-1.3877787807814457e-17,0.3271782854571612,0.3439961473940368,0.40761150614091796,0.3878390936059187,1.092494945089799,1.1368170780594118,cột filter_* không áp dụng cho directional,,,,
McGinley Dynamic,i013,D,ETHUSDT,False,38540.0,38539.0,0.48617021276595745,0.4641531954643348,9069.0,8870.0,4377.0,0.4725989635020399,0.47598647125140925,0.8789124971441626,0.47427392831261495,5.0,33.74455732946428,2.262484823957912,0.7173085479804222,0.09675186631729867,0.09497206703910614,0.09096751866317299,1.3877787807814457e-17,0.3299722367943054,0.3412490450090355,0.4091826673585885,0.3880640390254029,1.188149576091161,1.1960737115194306,cột filter_* không áp dụng cho directional,,,,
McGinley Dynamic,i013,D,ETHUSDT,True,15928.0,13982.0,0.47061778001004523,0.4660992704906308,9069.0,8870.0,4377.0,0.16341382732385049,0.2209695603156708,0.39136394790952705,0.19187245665867664,4.0,32.743902439024,1.971290009699321,0.716109957853683,0.1051770774359942,0.09832043781845631,0.08039252689186639,6.938893903907228e-17,0.3023170061363652,0.33674553980743743,0.40802988448016075,0.38802031182949503,1.153390469449616,1.201223895452786,cột filter_* không áp dụng cho directional,,,,
Guppy MMA,i014,D,ETHUSDT,False,13555.0,12926.0,0.5127997049059387,0.5105987931301254,9069.0,8870.0,4377.0,0.2532804057779248,0.26110484780157833,0.6429061000685401,0.25714922793912703,14.0,41.87986651835353,0.976033391679009,0.6952822892498066,0.07432327919566899,0.11616395978344934,0.11423047177107502,1.3877787807814457e-17,0.3005322705701182,0.3370719868425485,0.40780154924382145,0.3873665480427046,1.2574736556465107,1.3181282578738194,cột filter_* không áp dụng cho directional,,,,
Guppy MMA,i014,D,ETHUSDT,True,5901.0,5136.0,0.5034739874597526,0.5124610591900312,9069.0,8870.0,4377.0,0.10353953026794575,0.1266065388951522,0.286726068083162,0.11494509169964881,12.0,41.019884541372775,0.8130841121495327,0.6797938903202061,0.08943687891056312,0.11428045638571954,0.11648877438351123,1.3877787807814457e-17,0.2875372372998035,0.3359402381431096,0.40734621250635483,0.3869256230529595,1.2359854394175767,1.324443326204554,cột filter_* không áp dụng cho directional,,,,
MA Cross,i015,D,ETHUSDT,False,17265.0,17266.0,0.490298291340863,0.47330012741804706,9069.0,8870.0,4377.0,0.34678575366633585,0.34092446448703495,0.8549234635595157,0.343887619153799,10.0,36.53995345228859,0.8784179194834023,0.6899519391974964,0.05046384262881413,0.1628478819716106,0.09673633620207892,-8.326672684688674e-17,0.3033404869990475,0.3360206634302297,0.4064494642339994,0.38804587049693035,1.2062958239221357,1.2197014925373135,cột filter_* không áp dụng cho directional,,,,
MA Cross,i015,D,ETHUSDT,True,6941.0,6173.0,0.48710560437977235,0.47383768022031425,9069.0,8870.0,4377.0,0.12294630058440842,0.14464487034949267,0.37308658898789127,0.13367523273315124,10.0,36.86006825938592,0.725378318035227,0.6963866039952996,0.0486192714453584,0.1618683901292597,0.09312573443008225,6.938893903907228e-17,0.2866501202575607,0.33458053272504834,0.40782308024780284,0.3870241373724283,1.1944042109725512,1.2243104097777406,cột filter_* không áp dụng cho directional,,,,
EMA Cross,i016,D,ETHUSDT,False,14888.0,14888.0,0.5209564750134337,0.5020150456743686,9069.0,8870.0,4377.0,0.32351968243466755,0.31679819616685456,0.7793008910212474,0.3201962205251129,10.0,39.04218928164179,0.7997815401419989,0.7211604564828819,0.051629313900728724,0.09425271552316788,0.1329575140932215,2.7755575615628914e-17,0.3054154403948343,0.3387418957581793,0.40927928533046753,0.38732200429876407,1.2728630392148816,1.296118062239333,cột filter_* không áp dụng cho directional,,,,
EMA Cross,i016,D,ETHUSDT,True,5867.0,5200.0,0.5173001534003749,0.5088461538461538,9069.0,8870.0,4377.0,0.11169919506009483,0.133032694475761,0.3299063285355266,0.1222476169240203,9.0,39.183673469387706,0.6739070662634039,0.7252135165243223,0.054771630152246564,0.09209060527292982,0.1279242480505013,0.0,0.2870525918164495,0.3355931987260656,0.40778933015169605,0.38801923076923084,1.2685475444096128,1.311394161669227,cột filter_* không áp dụng cho directional,,,,
MA-EMA Cross,i017,D,ETHUSDT,False,41822.0,41822.0,0.4417053225575056,0.4209028740854096,9069.0,8870.0,4377.0,0.5647811225052376,0.5683201803833146,0.9408270504912041,0.5665310217960867,3.0,28.397790055248656,2.0323506757229888,0.6491969391187353,0.09659855364951228,0.17352001345442314,0.0806844937773293,-6.938893903907228e-17,0.33635672818092166,0.3456827032764069,0.40868681555162345,0.387948926402372,1.0807917107903653,1.0849440362901237,cột filter_* không áp dụng cho directional,,,,
MA-EMA Cross,i017,D,ETHUSDT,True,17542.0,15706.0,0.4296545433815985,0.4221316694256972,9069.0,8870.0,4377.0,0.20024258462895578,0.27125140924464486,0.4391135480923007,0.23535314120073583,4.0,29.053055839656594,1.7296549479166667,0.6489701797599706,0.09569729049840155,0.1743095225617106,0.0810230071799172,5.551115123125783e-17,0.30765612592634145,0.3394375054108411,0.4073081746665146,0.38795364828727874,1.054863540937719,1.088098207838246,cột filter_* không áp dụng cho directional,,,,
SuperTrend,i018,D,ETHUSDT,False,9898.0,9897.0,0.5341483127904627,0.5150045468323734,9069.0,8870.0,4377.0,0.26386591685963173,0.2545659526493799,0.6748914781814028,0.2592675176988684,10.0,41.97296656390749,0.4715318869165023,0.6879183933694613,0.03038996918499628,0.07884390606736798,0.20284773137817447,5.551115123125783e-17,0.3044383252476655,0.3420799498569354,0.4087290361689231,0.3878953218146913,1.3068518884714255,1.3276895024746027,cột filter_* không áp dụng cho directional,,,,
SuperTrend,i018,D,ETHUSDT,True,3783.0,3419.0,0.5249801744647106,0.5162328166130448,9069.0,8870.0,4377.0,0.08898445253059874,0.09898534385569335,0.2778158556088645,0.09392942750432019,11.0,42.43081931633228,0.3771113409169252,0.6911040278180237,0.03274413213561286,0.07418139669660968,0.2019704433497537,2.7755575615628914e-17,0.28543249121742337,0.3364934488414071,0.4093973037272007,0.3865311494589061,1.282324455205811,1.335552949188453,cột filter_* không áp dụng cho directional,,,,
Ichimoku Cloud,i019,D,ETHUSDT,False,18321.0,17757.0,0.5010643523825119,0.4901165737455651,9069.0,8870.0,4377.0,0.27764913441393757,0.270913190529876,0.6609549920036555,0.27431852388650424,13.0,40.319413831631536,1.4964166879959049,0.70052212146194,0.08150590821654301,0.10431437208024183,0.11365759824127508,2.7755575615628914e-17,0.309384914119432,0.33899336855986545,0.4095109437257792,0.3888945204708002,1.2235676727556264,1.2602815106580167,cột filter_* không áp dụng cho directional,,,,
Ichimoku Cloud,i019,D,ETHUSDT,True,7492.0,6599.0,0.49786438868126,0.4967419305955448,9069.0,8870.0,4377.0,0.09901863491013342,0.12051860202931229,0.2828421293123144,0.10964936730029544,12.0,38.80569758948122,1.3684867394695788,0.6919384441620782,0.08710998164619511,0.1108287448821121,0.11012282930961458,5.551115123125783e-17,0.290665749568984,0.3363680726608891,0.4052589428723972,0.38983936960145477,1.2285093208616034,1.2742220753726847,cột filter_* không áp dụng cho directional,,,,
Parabolic SAR,i020,D,ETHUSDT,False,27067.0,27066.0,0.47574537259393357,0.46309022389714033,9069.0,8870.0,4377.0,0.493328922703716,0.49887260428410374,0.9111263422435458,0.4960700150510062,4.0,32.77936962750811,1.3221075502444324,0.6657962537427756,0.07819789708237587,0.13926606782257503,0.11673978135227352,-6.938893903907228e-17,0.32980662394990773,0.34732706366956556,0.4087486607307792,0.38788516958545777,1.163906865757981,1.1938848406915274,cột filter_* không áp dụng cho directional,,,,
Parabolic SAR,i020,D,ETHUSDT,True,11074.0,10136.0,0.46315694419360665,0.4690213101815312,9069.0,8870.0,4377.0,0.17278641526077848,0.23111612175873733,0.4203792551976239,0.20162773844695914,5.0,33.47398030942322,1.0993219717793659,0.6699920543833319,0.07407080427297608,0.14257967687825548,0.11335746446543657,0.0,0.30063385320291425,0.3394468850496075,0.40785172476070075,0.38676006314127864,1.1356012885941702,1.2126932299372482,cột filter_* không áp dụng cho directional,,,,
Directional Movement,i021,D,ETHUSDT,False,27504.0,27504.0,0.48422047702152415,0.45989674229203026,9069.0,8870.0,4377.0,0.39783879148748486,0.4029312288613303,0.8332190998400731,0.40035676459111436,6.0,35.17921868707179,1.6770708283313325,0.7183636927103061,0.07117523501256844,0.11769567163665164,0.09276540064047381,1.3877787807814457e-17,0.31645621161538934,0.3375639004824225,0.40914957824316467,0.386800101803374,1.1834803279052717,1.1889778212256372,cột filter_* không áp dụng cho directional,,,,
Directional Movement,i021,D,ETHUSDT,True,11209.0,10058.0,0.47024712284771164,0.4598329687810698,9069.0,8870.0,4377.0,0.1400374903517477,0.18139797068771138,0.36394790952707334,0.16048832153408774,6.0,34.49582134093902,1.4376118067978534,0.7197256177996658,0.07906076862193298,0.11995426963327764,0.08125934394512356,0.0,0.29387578874464015,0.3351745052844133,0.4070256044250156,0.3867916086697156,1.1553256545420671,1.1888390504710373,cột filter_* không áp dụng cho directional,,,,
Vortex,i022,D,ETHUSDT,False,31831.0,31827.0,0.46960510194464516,0.4550853049297766,9069.0,8870.0,4377.0,0.4397397728525747,0.44126268320180384,0.9129540781357094,0.44049278109147666,7.0,34.054616046002764,1.8442595394183896,0.7029743469876701,0.06223338982060422,0.14886343715304154,0.08592882603868404,5.551115123125783e-17,0.3181421773378536,0.33653407528992973,0.408191699915177,0.3875325981085242,1.15045235374024,1.1743149018971948,cột filter_* không áp dụng cho directional,,,,
Vortex,i022,D,ETHUSDT,True,13117.0,11583.0,0.4597850118167264,0.4559267892601226,9069.0,8870.0,4377.0,0.15690814863821811,0.19988726042841037,0.4087274388850811,0.1781593176877195,7.0,34.111187371311246,1.5791374122367101,0.7086943531520765,0.06378846728413505,0.14729608604720645,0.08022109351658202,-5.551115123125783e-17,0.2959510009386486,0.33513182642865175,0.4084356179004346,0.38853923853923855,1.125722125264818,1.173438211734382,cột filter_* không áp dụng cho directional,,,,
Williams Alligator,i023,D,ETHUSDT,False,18131.0,17918.0,0.4692515581049032,0.4498827994195781,9069.0,8870.0,4377.0,0.2786415260778476,0.27655016910935737,0.7246972812428604,0.2776074474608395,14.0,38.468315942792344,1.314524043179588,0.6619609856262834,0.06047227926078029,0.20826488706365504,0.06930184804928131,-1.3877787807814457e-17,0.29731101432891954,0.3318681179278363,0.40795047156803266,0.38775253934590914,1.1502660023930076,1.1602317296966644,cột filter_* không áp dụng cho directional,,,,
Williams Alligator,i023,D,ETHUSDT,True,7449.0,6631.0,0.46851926433078267,0.4448801085809079,9069.0,8870.0,4377.0,0.10519351637446245,0.12401352874859076,0.3212245830477496,0.1144991359607559,14.0,38.30052143913967,1.0878612716763005,0.6428010471204189,0.06426701570680628,0.21714659685863874,0.07578534031413613,1.3877787807814457e-17,0.28557213251741115,0.33367737400356207,0.40890723587058664,0.38653295128939824,1.1457837456294424,1.1509500214583903,cột filter_* không áp dụng cho directional,,,,
Williams Fractal,i024,D,ETHUSDT,False,33892.0,33601.0,0.518234391596837,0.5083777268533675,9069.0,8870.0,4377.0,0.4140478553313485,0.4298759864712514,0.8277358921635823,0.4218741289926975,7.0,38.500960922485774,2.9736395317665982,0.6643529089414558,0.05199866045605383,0.0929156391755716,0.19073279142691874,0.0,0.36027322672138196,0.36554322819608936,0.4072022896258704,0.38723103479063126,1.2726706229303888,1.3128537776633478,cột filter_* không áp dụng cho directional,,,,
Williams Fractal,i024,D,ETHUSDT,True,13908.0,12595.0,0.5077653149266609,0.5120285827709409,9069.0,8870.0,4377.0,0.1527180505017091,0.20653889515219842,0.38748000913867947,0.1793299515023134,7.0,39.823829392674114,2.4807653165072256,0.6345443349753694,0.05765086206896552,0.10606527093596059,0.20173953201970443,2.7755575615628914e-17,0.3194211381857425,0.34885606427185306,0.40788035662927813,0.38776101627630005,1.2448878860527428,1.3204746255515631,cột filter_* không áp dụng cho directional,,,,
Aroon,i025,D,ETHUSDT,False,22118.0,22127.0,0.47689664526629894,0.45564242780313646,9069.0,8870.0,4377.0,0.40004410629617376,0.3980834272829763,0.8871373086588988,0.3990746418417972,8.0,35.22924608685152,1.14535410251766,0.6818124073681981,0.048994283294516196,0.1672242218928647,0.10196908744442092,1.3877787807814457e-17,0.31194684033914993,0.3383309674286356,0.4087123609729632,0.38812536719844537,1.1668270666710914,1.1739568353700782,cột filter_* không áp dụng cho directional,,,,
Aroon,i025,D,ETHUSDT,True,9055.0,8007.0,0.4725565985643291,0.4597227426002248,9069.0,8870.0,4377.0,0.14521998015216672,0.1765501691093574,0.3929632168151702,0.1607112994035342,9.0,35.861769180613095,0.9476428416250272,0.6857833443199297,0.04965941551307405,0.16600747088551968,0.0985497692814766,-5.551115123125783e-17,0.2913718279814799,0.3356562644330859,0.40734400883489785,0.3872424128887223,1.1600921783923004,1.1871704320061924,cột filter_* không áp dụng cho directional,,,,
Trend Strength Index,i026,D,ETHUSDT,False,23468.0,23468.0,0.48606613260610193,0.4650161922618033,9069.0,8870.0,4377.0,0.4251846951152277,0.42322435174746337,0.9010737948366461,0.4242153966218853,7.0,34.25864794726289,1.2055565172234723,0.6906889827754306,0.05837666558336042,0.1444995125121872,0.10643483912902177,5.551115123125783e-17,0.315934871561904,0.3399493663412894,0.4076295380944265,0.3881114709391512,1.1924212727035148,1.1981511165762717,cột filter_* không áp dụng cho directional,,,,
Trend Strength Index,i026,D,ETHUSDT,True,9582.0,8570.0,0.48194531413066166,0.47001166861143523,9069.0,8870.0,4377.0,0.15348991068475024,0.1918827508455468,0.4034726981951108,0.17247338201683482,7.0,34.698868916112716,0.9903292181069959,0.6975594361455922,0.05754260467073427,0.14264674942141806,0.10225120976225542,1.3877787807814457e-17,0.2935140753463927,0.3363838566592981,0.4071749112920059,0.3878588098016336,1.1836321461983057,1.211811248664992,cột filter_* không áp dụng cho directional,,,,
Zig Zag,i027,D,ETHUSDT,False,11150.0,11151.0,0.5367713004484305,0.54317998385795,9069.0,8870.0,4377.0,0.5319219318557724,0.5413754227733935,0.5519762394334019,0.5365962428228999,5.0,43.31947585029281,0.0,0.2194170971829613,0.06657568963836631,0.33326834974169023,0.38073886343698216,-5.551115123125783e-17,0.3464839350259748,0.3679418154480895,0.40752914798206274,0.3869787463007802,1.3171359720067344,1.403642936596218,cột filter_* không áp dụng cho directional,,,,
Zig Zag,i027,D,ETHUSDT,True,3751.0,5177.0,0.5411890162623301,0.5470349623333978,9069.0,8870.0,4377.0,0.16694233101775277,0.26899661781285233,0.21978524103267078,0.217403422710296,5.0,43.13275700197214,0.0,0.21101819970486965,0.06296114117068372,0.34677816035415643,0.3792424987702902,-5.551115123125783e-17,0.305167679138259,0.3476086133244802,0.40839776059717403,0.3895595904964265,1.3251517723088977,1.4042394942357754,cột filter_* không áp dụng cho directional,,,,
Linear Regression Curve,i028,D,ETHUSDT,False,97736.0,97735.0,0.4251145944176148,0.4036425026858341,9069.0,8870.0,4377.0,0.7531150071672731,0.76967305524239,0.9862919808087731,0.7613021907575673,1.0,22.048973467021067,4.587070212529209,0.6357624571947725,0.11810748479977637,0.17498602278286393,0.07114403522258718,-1.3877787807814457e-17,0.35961378016055673,0.3598554914107026,0.4086170909388557,0.38787230777101345,1.040373992778554,1.0406582130223405,cột filter_* không áp dụng cho directional,,,,
Linear Regression Curve,i028,D,ETHUSDT,True,40900.0,37032.0,0.4121515892420538,0.40138258803197235,9069.0,8870.0,4377.0,0.2649685742639762,0.3846674182638106,0.47269819511080646,0.3241540777077875,1.0,23.075258075258112,3.930111618467783,0.6332474951851291,0.1172231719720413,0.1781394040379996,0.07138992880483001,-4.163336342344337e-17,0.33682911918140873,0.3472114669065092,0.40877628361858187,0.38817374162886153,1.008257097485189,1.0340281811636296,cột filter_* không áp dụng cho directional,,,,
Linear Regression Slope,i029,D,ETHUSDT,False,23468.0,23468.0,0.48606613260610193,0.4650161922618033,9069.0,8870.0,4377.0,0.4251846951152277,0.42322435174746337,0.9010737948366461,0.4242153966218853,7.0,34.25864794726289,1.2055565172234723,0.6906889827754306,0.05837666558336042,0.1444995125121872,0.10643483912902177,5.551115123125783e-17,0.315934871561904,0.3399493663412894,0.40832410090335786,0.38771944775865014,1.190392953858837,1.1993625673150894,cột filter_* không áp dụng cho directional,,,,
Linear Regression Slope,i029,D,ETHUSDT,True,9582.0,8570.0,0.48194531413066166,0.47001166861143523,9069.0,8870.0,4377.0,0.15348991068475024,0.1918827508455468,0.4034726981951108,0.17247338201683482,7.0,34.698868916112716,0.9903292181069959,0.6975594361455922,0.05754260467073427,0.14264674942141806,0.10225120976225542,1.3877787807814457e-17,0.2935140753463927,0.3363838566592981,0.4089281987059069,0.38770128354725786,1.1785573009047177,1.2123036176488293,cột filter_* không áp dụng cho directional,,,,
Keltner Channels,i030,D,ETHUSDT,False,16964.0,17080.0,0.5404385758075926,0.5416861826697892,9069.0,8870.0,4377.0,0.2220752012349763,0.24250281848928973,0.5567740461503313,0.2321757065611238,16.0,47.81943083334136,2.5671008785216602,0.5824372759856631,0.04518689196108551,0.1228878648233487,0.2494879672299027,2.7755575615628914e-17,0.33689079436056724,0.3575818677296736,0.40734201839188866,0.3878132318501171,1.3267439925327238,1.396770760207432,cột filter_* không áp dụng cho directional,,,,
Keltner Channels,i030,D,ETHUSDT,True,7401.0,6812.0,0.5306039724361573,0.5349383440986495,9069.0,8870.0,4377.0,0.09328481640754217,0.12243517474633596,0.2670779072424035,0.10769831094263894,16.0,48.86271324126737,2.0764269590454694,0.5266485998193315,0.053297199638663056,0.14634146341463414,0.27371273712737126,-5.551115123125783e-17,0.306529940145763,0.34584561819516674,0.40813403594108905,0.3885569583088667,1.3000728332119447,1.376730830987778,cột filter_* không áp dụng cho directional,,,,
Donchian Channels,i031,D,ETHUSDT,False,25761.0,24692.0,0.5354217615775785,0.5312246881581079,9069.0,8870.0,4377.0,0.29374793251736686,0.30225479143179257,0.6920265021704364,0.29795417804782875,13.0,45.06802451314817,3.251970384523525,0.6045958458989933,0.03087966699231194,0.11557575500148665,0.24894873210720808,5.551115123125783e-17,0.35756247428781135,0.3671166012271301,0.40752494080198753,0.38925562935363683,1.3138380206224844,1.3647193466160328,cột filter_* không áp dụng cho directional,,,,
Donchian Channels,i031,D,ETHUSDT,True,10540.0,9473.0,0.5241935483870968,0.5306661036630423,9069.0,8870.0,4377.0,0.11368397838791487,0.1471251409244645,0.32282385195339275,0.13021907575673114,14.0,46.63787785317801,2.6735129367831423,0.5492019871049572,0.036359792833738504,0.1418454708804566,0.2725927491808477,5.551115123125783e-17,0.31696636989860455,0.349852916025714,0.41012333965844394,0.38710017945740527,1.2781363499664564,1.3708753749659122,cột filter_* không áp dụng cho directional,,,,
Price Channel,i032,D,ETHUSDT,False,36574.0,36565.0,0.4872587083720676,0.46930124435936005,9069.0,8870.0,4377.0,0.49917300694674166,0.49887260428410374,0.9108978752570254,0.49902447182117177,4.0,34.107468123861224,2.0313007187572456,0.7026311651554065,0.09573352901095446,0.10011006866187955,0.10152523717175953,1.3877787807814457e-17,0.3336439187973152,0.3449383146802369,0.40848963744736694,0.38714891289484477,1.1928300346048555,1.2121982749486089,cột filter_* không áp dụng cho directional,,,,
Price Channel,i032,D,ETHUSDT,True,15191.0,13402.0,0.48206174708709104,0.4818683778540516,9069.0,8870.0,4377.0,0.17510199580990185,0.23280721533258172,0.4119259766963674,0.20363453927197725,5.0,34.17393929264831,1.8099340175953078,0.7063192006481231,0.09775857412908452,0.09775857412908452,0.09816365109370781,1.3877787807814457e-17,0.3047491550058263,0.33879660675792783,0.4093114344019485,0.38684151619161317,1.1777382857418561,1.245648043669049,cột filter_* không áp dụng cho directional,,,,
MA Channel,i033,D,ETHUSDT,False,37709.0,37951.0,0.5080484764910234,0.49115965323706884,9069.0,8870.0,4377.0,0.46234424964163634,0.4688838782412627,0.8745716244002741,0.46557779140420313,6.0,36.43136552922309,2.6357142857142857,0.7137235222650679,0.07844276583381755,0.08863768422164703,0.11919602767946753,4.163336342344337e-17,0.3405811813662935,0.3494108920514963,0.4084833859290885,0.3872045532397038,1.2437433050929985,1.2684759234559164,cột filter_* không áp dụng cho directional,,,,
MA Channel,i033,D,ETHUSDT,True,15547.0,13898.0,0.5035054994532707,0.5018707727730609,9069.0,8870.0,4377.0,0.1662807365751461,0.223337091319053,0.3989033584647019,0.1944924466246725,6.0,36.457311089302245,2.2592168099331422,0.70529982242863,0.08455129080726677,0.09274689250102446,0.11740199426307882,-1.3877787807814457e-17,0.3096904938104755,0.3415530179660961,0.40925258892390814,0.3883112678083177,1.2303049829866486,1.2924445267985365,cột filter_* không áp dụng cho directional,,,,
Chande Kroll Stop,i034,D,ETHUSDT,False,44147.0,44223.0,0.523546333839219,0.5178300884155304,9069.0,8870.0,4377.0,0.4453633256147315,0.46595264937993236,0.8517249257482293,0.45554378727911254,7.0,38.313807408703624,3.9035294117647057,0.6829567721982199,0.06171353023113063,0.0980711570696697,0.15725854050097976,-2.7755575615628914e-17,0.3662090108699972,0.3669642059518859,0.40797222914354314,0.3876591366483504,1.2832891467595742,1.3357871373614996,cột filter_* không áp dụng cho directional,,,,
Chande Kroll Stop,i034,D,ETHUSDT,True,18236.0,16638.0,0.5174928712436938,0.5220579396562087,9069.0,8870.0,4377.0,0.16363435880471938,0.23393461104847801,0.4002741603838245,0.1983945593399855,8.0,39.43661971830941,3.277537186970439,0.6563190257298072,0.06710047161363501,0.10560563548444869,0.17097486717210914,0.0,0.3274873903646719,0.3511169373996807,0.4083488703663084,0.3880213968025003,1.2672812607011206,1.345435957806038,cột filter_* không áp dụng cho directional,,,,
52-Week High/Low,i035,D,ETHUSDT,False,1602.0,1217.0,0.5199750312109863,0.49630238290879214,9069.0,8870.0,4377.0,0.033520785092071896,0.03664036076662908,0.050034270047978065,0.03506326997045543,17.0,62.51595679693551,1.0695754716981132,0.10130246020260492,0.06874095513748191,0.3907380607814761,0.4392185238784371,0.0,0.28494020077456467,0.33857935134731676,0.40677278401997513,0.38960558751027113,1.2782935624952043,1.2738584836022357,cột filter_* không áp dụng cho directional,,,,
52-Week High/Low,i035,D,ETHUSDT,True,1464.0,1134.0,0.5163934426229508,0.49559082892416223,9069.0,8870.0,4377.0,0.030543610100341824,0.034498308906426155,0.04592186429061001,0.032499024471821174,17.0,62.56160867282055,1.0548469387755102,0.10078125,0.0703125,0.390625,0.43828125,-5.551115123125783e-17,0.2840410332830607,0.3381681545226809,0.4110997267759563,0.3930776014109348,1.2561269419290522,1.2607964105440268,cột filter_* không áp dụng cho directional,,,,
Majority Rule,i036,D,ETHUSDT,False,34729.0,34738.0,0.4766333611679,0.46433300708158215,9069.0,8870.0,4377.0,0.43985003859300914,0.45411499436302144,0.8779986291980809,0.4469033948380623,6.5,33.9051820936542,2.269392917369309,0.6672738147020444,0.09080034797738147,0.14155611135276208,0.10036972596781209,-1.3877787807814457e-17,0.3337506600746302,0.3462958063227915,0.4090716692101702,0.38723875870804303,1.165158570106253,1.1990871178049198,cột filter_* không áp dụng cho directional,,,,
Majority Rule,i036,D,ETHUSDT,True,14248.0,12719.0,0.4676445816956766,0.46599575438320623,9069.0,8870.0,4377.0,0.15988532362994817,0.21285231116121758,0.39981722641078365,0.18607503205306875,7.0,34.519786792807984,1.899567610062893,0.6573694094734646,0.09146553522988106,0.14850107811087154,0.10266397718578285,0.0,0.3052554367381339,0.3400395593567926,0.40809587310499723,0.38622140105354197,1.1459184287692081,1.206550836157847,cột filter_* không áp dụng cho directional,,,,
ADX,i037,F,ETHUSDT,False,,,,,,,,,,,,,,,,,,,,,,,,,,filter: không cho hướng → không có recall/precision/backtest,0.4974323747638213,0.5570041715036549,0.5178290121821404,1.0756526930703045
ADX,i037,F,ETHUSDT,True,,,,,,,,,,,,,,,,,,,,,,,,,,filter: HTF không áp dụng (filter không có hướng),,,,
MACD,i038,D,ETHUSDT,False,25588.0,25588.0,0.4825699546662498,0.4600594028450836,9069.0,8870.0,4377.0,0.467195942220752,0.4685456595264938,0.9113548092300663,0.4678633145660293,5.0,32.90082569364353,1.274188337909869,0.6855041395623891,0.08452838557066825,0.11819929036073329,0.11176818450620934,2.7755575615628914e-17,0.3260247873882614,0.34535438886790876,0.408773643895576,0.38722838830701894,1.180530990372573,1.1880828388034395,cột filter_* không áp dụng cho directional,,,,
MACD,i038,D,ETHUSDT,True,10588.0,9574.0,0.47279939554212314,0.4688740338416545,9069.0,8870.0,4377.0,0.16308303010254713,0.21431792559188276,0.4139821795750514,0.18841629968225654,5.0,34.596200863519655,1.103235747303544,0.6934470797787569,0.07724758601293709,0.11615262023061779,0.1131527139776882,8.326672684688674e-17,0.29915307492872606,0.3388599795675528,0.406913486966377,0.38881867557969496,1.1619162566149845,1.2058938093511171,cột filter_* không áp dụng cho directional,,,,
RSI,i039,D,ETHUSDT,False,38536.0,38536.0,0.4864023250986091,0.4635146356653519,9069.0,8870.0,4377.0,0.4718271033189988,0.47598647125140925,0.879597898103724,0.4738837170410837,5.0,33.796815429468744,2.2641081693789977,0.7171205456432561,0.09711856867493698,0.09467207038007217,0.0910888153017348,-5.551115123125783e-17,0.3300088395687264,0.3412754017361586,0.4079172721610961,0.3878321569441562,1.1924043385603869,1.1951423505402963,cột filter_* không áp dụng cho directional,,,,
RSI,i039,D,ETHUSDT,True,15951.0,13968.0,0.4708795686790797,0.46470504009163804,9069.0,8870.0,4377.0,0.1644062189877605,0.2201803833145434,0.39113548092300665,0.19198394559339985,4.0,32.747497071040236,1.9720713731574864,0.7147075453917195,0.1061757868945153,0.0981968964000754,0.08091977131368977,0.0,0.3023047603816971,0.33673409347399935,0.4079242680709673,0.38970861970217646,1.1543308538759454,1.1924422930310739,cột filter_* không áp dụng cho directional,,,,
Stochastic,i040,D,ETHUSDT,False,127738.0,127732.0,0.42258372606428785,0.4037124604640967,9069.0,8870.0,4377.0,0.81155584959753,0.830890642615558,0.9901759195796207,0.8211160042365795,1.0,19.97735986128951,5.8987096097356275,0.6287360845233887,0.1217024739366208,0.1825937314488104,0.06696771009118013,-2.7755575615628914e-17,0.36023645285896366,0.3691099575124667,0.40856910238143695,0.3887095637741521,1.0343017217923811,1.0385966749680016,cột filter_* không áp dụng cho directional,,,,
Stochastic,i040,D,ETHUSDT,True,53403.0,48600.0,0.4112128532104938,0.4008641975308642,9069.0,8870.0,4377.0,0.2807365751461021,0.4180383314543405,0.4774960018277359,0.3486258988795362,1.0,20.864120793647217,5.126198465963567,0.6269051039447829,0.12101847723782633,0.18272485593038423,0.06935156288700649,1.3877787807814457e-17,0.3487573444428527,0.3524785215788024,0.40852386570042876,0.3877705761316873,1.006582204213344,1.0337664129387947,cột filter_* không áp dụng cho directional,,,,
Stochastic RSI,i041,D,ETHUSDT,False,77539.0,77634.0,0.4300416564567508,0.40783677254811035,9069.0,8870.0,4377.0,0.707685522108281,0.7264937993235626,0.9773817683344757,0.7169853392050839,1.0,23.652570974786077,3.655425904317386,0.6361156089878668,0.11729476742896436,0.17608632965862964,0.07050329392453919,2.7755575615628914e-17,0.3546554833758007,0.3537476375091648,0.40779672164975045,0.3878996316047093,1.0545490770916646,1.0513976795000364,cột filter_* không áp dụng cho directional,,,,
Stochastic RSI,i041,D,ETHUSDT,True,32499.0,29352.0,0.4164435828794732,0.4031411828836195,9069.0,8870.0,4377.0,0.2517366854118425,0.3591882750845547,0.4651587845556317,0.30486649200066895,1.0,24.584895554365975,3.0887408394403733,0.634689178818112,0.11764060958228265,0.1792566604538976,0.06841355114570771,0.0,0.32696889725489264,0.343741728206239,0.40890796639896604,0.38816094303624965,1.0184286370032585,1.0385928572055505,cột filter_* không áp dụng cho directional,,,,
Connors RSI,i042,D,ETHUSDT,False,154236.0,154232.0,0.4292123758396224,0.4110495876342134,9069.0,8870.0,4377.0,0.8339397949057228,0.8561443066516348,0.9936029243774275,0.8449188917999888,1.0,20.515437870839573,7.15200451143238,0.6365537174835496,0.12031575828390292,0.1830369372340961,0.060093586998451395,-1.3877787807814457e-17,0.3420515608904577,0.3619665496098092,0.4082659041987603,0.38793570724622645,1.0513059538537035,1.059581729539829,cột filter_* không áp dụng cho directional,,,,
Connors RSI,i042,D,ETHUSDT,True,64620.0,58375.0,0.4162643144537295,0.4076573875802998,9069.0,8870.0,4377.0,0.28856544271694784,0.43122886133032695,0.47909527073337904,0.3591058587435197,1.0,21.185468451242986,6.212671272982785,0.6347114067967745,0.12016763717340488,0.1838476327473409,0.061273323282479704,-6.938893903907228e-18,0.34877507500855437,0.3500517307295876,0.40812983596409785,0.3882843683083511,1.0199311046947013,1.049893894406184,cột filter_* không áp dụng cho directional,,,,
Awesome Oscillator,i043,D,ETHUSDT,False,14174.0,14175.0,0.5095950331593058,0.4963668430335097,9069.0,8870.0,4377.0,0.3105083250634028,0.30090191657271703,0.7838702307516564,0.3057584034784548,11.0,38.7604871521735,0.7421489457155676,0.7019162526614621,0.042725337118523776,0.1466997870830376,0.10865862313697658,-2.7755575615628914e-17,0.29916889012383163,0.33562030543053895,0.4063637646394807,0.38673721340388,1.2540365984930033,1.2834731849689895,cột filter_* không áp dụng cho directional,,,,
Awesome Oscillator,i043,D,ETHUSDT,True,5578.0,4992.0,0.5089637863033345,0.5042067307692307,9069.0,8870.0,4377.0,0.10861175432793031,0.12559188275084554,0.334704135252456,0.11700763699202854,11.0,39.131145129474206,0.6251402918069585,0.7071346375143843,0.045454545454545456,0.1401994629842731,0.10721135404679709,1.3877787807814457e-17,0.2845624398524677,0.33447095387330306,0.40918788096091785,0.39010416666666664,1.243838857368179,1.2924925541747971,cột filter_* không áp dụng cho directional,,,,
Accelerator Oscillator,i044,D,ETHUSDT,False,38124.0,38122.0,0.4491658797607806,0.4280467971250197,9069.0,8870.0,4377.0,0.5405226596096593,0.542728297632469,0.9371715787068768,0.5416132448854452,4.0,29.685714285713683,1.8748009842234765,0.6556162975422858,0.08020278478646856,0.1865713484721054,0.07760956919914026,-4.163336342344337e-17,0.3285988345924545,0.34148576320786944,0.40859301227573186,0.3876396831226064,1.099298975425622,1.1042388479861411,cột filter_* không áp dụng cho directional,,,,
Accelerator Oscillator,i044,D,ETHUSDT,True,15890.0,14444.0,0.4392699811202014,0.4279977845472168,9069.0,8870.0,4377.0,0.19384717168375787,0.25749718151071027,0.4327164724697281,0.22531913707564524,4.0,30.80987964708879,1.5987196765498652,0.6607849988353133,0.07768460284183555,0.18273934311670162,0.07879105520614954,2.7755575615628914e-17,0.3033682032112402,0.3378114518051725,0.40828508495909377,0.3862468845195237,1.0758903455026088,1.1080938169368786,cột filter_* không áp dụng cho directional,,,,
Momentum,i045,D,ETHUSDT,False,46334.0,46365.0,0.4689860577545647,0.445594737409684,9069.0,8870.0,4377.0,0.5362222957327158,0.5452085682074408,0.9469956591272561,0.5406655889402977,5.0,31.402334538304995,2.55980930366946,0.6956011846786857,0.08928819893060884,0.1359200143115546,0.07919060207915085,0.0,0.334101101264801,0.3416945311574057,0.4085185824664393,0.3877148711312412,1.1480164621228532,1.149284617609755,cột filter_* không áp dụng cho directional,,,,
Momentum,i045,D,ETHUSDT,True,19363.0,17213.0,0.4579868821980065,0.4478591762040318,9069.0,8870.0,4377.0,0.18921601058551107,0.2608793686583991,0.4350011423349326,0.22465020346730588,5.0,31.561682630733408,2.203067071115605,0.6984849242462123,0.08975448772438623,0.13540677033851692,0.07635381769088455,-1.3877787807814457e-17,0.30749025884910247,0.3377995545778803,0.40681970768992404,0.387346772788009,1.1257735884985243,1.1562228154902963,cột filter_* không áp dụng cho directional,,,,
Chande Momentum Oscillator,i046,D,ETHUSDT,False,48891.0,48901.0,0.4660571475322656,0.44324246947915175,9069.0,8870.0,4377.0,0.5572830521556952,0.561217587373168,0.9527073337902673,0.5592284965717153,4.0,30.814875436778376,2.665188001689903,0.6921677823404774,0.09262905252104779,0.13581219178339052,0.07939097335508428,1.3877787807814457e-17,0.3368558149596808,0.3429938276489067,0.4080986275592645,0.3884296844645304,1.142020864710172,1.1411137902351194,cột filter_* không áp dụng cho directional,,,,
Chande Momentum Oscillator,i046,D,ETHUSDT,True,20304.0,18256.0,0.45459022852639874,0.4465929009640666,9069.0,8870.0,4377.0,0.19748594111809462,0.26832018038331457,0.4402558830249029,0.2325101733652935,4.0,31.200514156534208,2.290259101344703,0.6941965339755395,0.09415875714218255,0.13684657883552911,0.07479813004674883,1.3877787807814457e-17,0.3093480674163012,0.3383208977080023,0.408343183609141,0.3870480937773883,1.1132553371125318,1.1538434322348727,cột filter_* không áp dụng cho directional,,,,
Price Oscillator,i047,D,ETHUSDT,False,14150.0,14150.0,0.5268551236749116,0.5028268551236749,9069.0,8870.0,4377.0,0.31513948616164955,0.30620067643742954,0.7722184144391135,0.31071966107363846,10.0,39.455174574570194,0.7557516193879831,0.7194464675892207,0.0493809176984705,0.09825200291332847,0.13292061179898035,-2.7755575615628914e-17,0.30388624464829095,0.3383691774206144,0.40894699646643107,0.3874204946996467,1.2883212940241247,1.2978839839474643,cột filter_* không áp dụng cho directional,,,,
Price Oscillator,i047,D,ETHUSDT,True,5519.0,4951.0,0.5250951259286103,0.5101999596041203,9069.0,8870.0,4377.0,0.10850148858749586,0.12795941375422773,0.326022389764679,0.11812252633926083,10.0,39.634656730833626,0.6356457980823463,0.7259215219976218,0.05212049147839873,0.09314308363059849,0.1288149028933809,2.7755575615628914e-17,0.28637520795956295,0.33548219614357816,0.4077640876970466,0.38430620076752164,1.287742451509698,1.3275871130498766,cột filter_* không áp dụng cho directional,,,,
Detrended Price Oscillator,i048,D,ETHUSDT,False,24513.0,24514.0,0.4950026516542243,0.4804193522069022,9069.0,8870.0,4377.0,0.3777704267284155,0.37316798196166856,0.8327621658670322,0.37549473214783435,8.0,36.90818728747089,1.5342452557557076,0.7295349577958273,0.07895365504061157,0.08580187928014014,0.10570950788342093,1.3877787807814457e-17,0.31605033749763306,0.3388729524544359,0.4082486843715579,0.38839642653177775,1.212502747966505,1.2369304128177794,cột filter_* không áp dụng cho directional,,,,
Detrended Price Oscillator,i048,D,ETHUSDT,True,9979.0,8816.0,0.4864214851187494,0.48774954627949185,9069.0,8870.0,4377.0,0.13000330797221304,0.16505073280721533,0.36120630568882794,0.14733262723674675,8.0,36.29869303951604,1.3714488636363635,0.7339487605020226,0.08360128617363344,0.0833938388134011,0.09905611451094284,0.0,0.2935536507339927,0.335899201293576,0.40835254033470286,0.3875283575317604,1.1911802598804895,1.2586164000643945,cột filter_* không áp dụng cho directional,,,,
TRIX,i049,D,ETHUSDT,False,6716.0,6716.0,0.5105717689100655,0.5004466944609887,9069.0,8870.0,4377.0,0.17058110045208955,0.1629086809470124,0.5787068768562943,0.16678744634595016,21.0,43.306169965075135,0.2908597285067873,0.6382113821138211,0.05540499849442939,0.19497139415838602,0.11141222523336344,5.551115123125783e-17,0.2877393749900669,0.3351516013968124,0.40981983323406795,0.387038415723645,1.2458444601885659,1.2930155615827035,cột filter_* không áp dụng cho directional,,,,
TRIX,i049,D,ETHUSDT,True,2500.0,2257.0,0.5196,0.49268941072219763,9069.0,8870.0,4377.0,0.05656632484287132,0.0588500563697858,0.23052318939913183,0.057695523719270864,20.0,42.629089512942485,0.22847358121330724,0.6364023870417732,0.054987212276214836,0.20119352088661552,0.10741687979539642,1.3877787807814457e-17,0.27909323513178325,0.3342038828305513,0.40721999999999997,0.3893442622950819,1.2759687638131723,1.2654338549075395,cột filter_* không áp dụng cho directional,,,,
Fisher Transform,i050,D,ETHUSDT,False,60639.0,60637.0,0.44192681277725554,0.423042037040091,9069.0,8870.0,4377.0,0.6724004851692579,0.6900789177001128,0.9792095042266392,0.6811416466915658,2.0,26.008968609865068,2.887306876704029,0.6456426350507076,0.10536715776014878,0.17228954174294597,0.07670066544619766,-2.7755575615628914e-17,0.3507295037446511,0.35193895917764806,0.4085967776513465,0.3874870128799247,1.0815719480645278,1.0917579763407044,cột filter_* không áp dụng cho directional,,,,
Fisher Transform,i050,D,ETHUSDT,True,25388.0,23008.0,0.4307546872538207,0.4221575104311544,9069.0,8870.0,4377.0,0.23982798544492226,0.33664036076662907,0.4615033127713045,0.2876971960532917,2.0,27.01014832162413,2.4692939701991365,0.6477457022380798,0.10375896493314593,0.17234295599524274,0.07615237683353156,-4.163336342344337e-17,0.3202895215488398,0.3427587166538963,0.40709784149992123,0.3877194888734354,1.0581109584534707,1.0888220028809559,cột filter_* không áp dụng cho directional,,,,
Ultimate Oscillator,i051,D,ETHUSDT,False,51747.0,51746.0,0.46033586488105593,0.4413867738569165,9069.0,8870.0,4377.0,0.5895909141029883,0.5908680947012401,0.9483664610463788,0.5902224204247728,3.0,29.88842143771744,2.7294253341475,0.6715934684684685,0.11326365427927929,0.1317039695945946,0.08343890765765766,0.0,0.3475756427250712,0.35075657465703997,0.40816665700427074,0.38868898079078573,1.1278134972113594,1.1355783046869952,cột filter_* không áp dụng cho directional,,,,
Ultimate Oscillator,i051,D,ETHUSDT,True,21721.0,19209.0,0.44776943971272043,0.44682180228018115,9069.0,8870.0,4377.0,0.20906384386371155,0.2829763246899662,0.43865661411925977,0.24561012319527287,3.0,30.392863015669704,2.379228580461587,0.6710136598735688,0.11365545289774988,0.13266433844657619,0.08266654878210512,6.938893903907228e-17,0.3161056943053235,0.34193350914887377,0.40751576815063756,0.38760476859805304,1.0987781938960535,1.1527768450742057,cột filter_* không áp dụng cho directional,,,,
Williams %R,i052,D,ETHUSDT,False,44897.0,44895.0,0.4810343675523977,0.4597171177191224,9069.0,8870.0,4377.0,0.566104311390451,0.5768883878241262,0.9467671921407357,0.5714365349239088,3.0,31.84610410604555,2.362000694685655,0.6992177643199596,0.10909243838842628,0.10211119522247455,0.08957860206913953,0.0,0.34238240056993546,0.34830988473923613,0.40819542508408124,0.38840405390355276,1.178441349393646,1.1836053540091984,cột filter_* không áp dụng cho directional,,,,
Williams %R,i052,D,ETHUSDT,True,18766.0,16599.0,0.4725567515719919,0.46840171094644256,9069.0,8870.0,4377.0,0.1977064725989635,0.27452085682074406,0.43568654329449397,0.2356876080049055,4.0,32.111000991079635,2.072045639771801,0.7021685717337891,0.10997756649930562,0.10137805789979704,0.08647580386710821,2.7755575615628914e-17,0.3112433982210504,0.340431114776429,0.4084594479377598,0.38835472016386524,1.1569245220250093,1.2061182383692972,cột filter_* không áp dụng cho directional,,,,
SMI Ergodic,i053,D,ETHUSDT,False,47716.0,47714.0,0.4606002179562411,0.4388229869639938,9069.0,8870.0,4377.0,0.6270812658507002,0.6374295377677565,0.9648160840758511,0.6321980043480685,2.0,28.073386166743674,2.3132228218966846,0.6714399969531935,0.11989183836691168,0.12171992230643257,0.08694824237346231,-2.7755575615628914e-17,0.3491684666698854,0.353035182860471,0.40787576494257693,0.38715366559081194,1.1292659617103924,1.133459465750718,cột filter_* không áp dụng cho directional,,,,
SMI Ergodic,i053,D,ETHUSDT,True,19811.0,18125.0,0.44752915047196,0.4433655172413793,9069.0,8870.0,4377.0,0.2164516484728195,0.3064261555806088,0.45099383139136395,0.26093985171971684,3.0,29.121041728319756,2.017580766341097,0.6772368546163354,0.11205667015308549,0.11994865455928497,0.09075782067129409,2.7755575615628914e-17,0.3165158908941248,0.3431446602218358,0.409123719145929,0.3871641379310345,1.0938724144525396,1.1451616350901692,cột filter_* không áp dụng cho directional,,,,
Relative Vigor Index,i054,D,ETHUSDT,False,56249.0,56250.0,0.4306387669114118,0.4088888888888889,9069.0,8870.0,4377.0,0.6081155584959753,0.6210822998872604,0.9579620744802376,0.6145270081944367,3.0,26.922248546198674,2.757902346060327,0.6412617194681046,0.08935902935228875,0.2025246645015013,0.06685458667810527,6.938893903907228e-17,0.3382110370041136,0.342766919354715,0.4087806005440096,0.38833422222222225,1.0534716332876686,1.052930350946264,cột filter_* không áp dụng cho directional,,,,
Relative Vigor Index,i054,D,ETHUSDT,True,23777.0,21266.0,0.4198174706649283,0.4086805229004044,9069.0,8870.0,4377.0,0.21711324291542616,0.3011273957158963,0.45145076536440487,0.2586543285578906,3.0,28.141943489881506,2.3746977025392986,0.6424725066363292,0.08771331058020478,0.20227531285551764,0.06753886992794843,1.3877787807814457e-17,0.3127807348986154,0.3390029698518922,0.40771964503511804,0.38858976770431675,1.0296719223052602,1.0517017092724248,cột filter_* không áp dụng cho directional,,,,
True Strength Index,i055,D,ETHUSDT,False,22054.0,22054.0,0.49052326108642424,0.4702094858075633,9069.0,8870.0,4377.0,0.43345462564781123,0.43370913190529875,0.8857665067397761,0.4335804671386365,5.0,34.006092916984834,1.0872586872586874,0.6857329842931937,0.0780977312390925,0.11601221640488656,0.12015706806282722,-1.3877787807814457e-17,0.3214686039464005,0.3443623949121138,0.4076879477645779,0.3870272966355309,1.20318313007791,1.214925897721282,cột filter_* không áp dụng cho directional,,,,
True Strength Index,i055,D,ETHUSDT,True,9117.0,8139.0,0.47811780190852254,0.47892861530900604,9069.0,8870.0,4377.0,0.1512845958760613,0.19470124013528747,0.3968471555860178,0.1727521043536429,6.0,35.67144014579646,0.9286600496277916,0.6949661073452605,0.07167463051450161,0.11390154461606845,0.11945771752416935,2.7755575615628914e-17,0.29617617545397196,0.3382820637758948,0.4070801798837337,0.3881435065732891,1.1745052339445214,1.233895729796461,cột filter_* không áp dụng cho directional,,,,
Coppock Curve,i056,D,ETHUSDT,False,16084.0,16084.0,0.5028599850783387,0.48327530465058444,9069.0,8870.0,4377.0,0.34579336200242583,0.33494926719278467,0.8533241946538725,0.3404314621773789,10.0,36.88648304884371,0.7950619792725055,0.6969399644324523,0.05169559085055497,0.14417121481572331,0.1071932299012694,0.0,0.30381542644686016,0.33709009956864117,0.40719659288734145,0.3871766973389704,1.2349317107804592,1.2482034894457514,cột filter_* không áp dụng cho directional,,,,
Coppock Curve,i056,D,ETHUSDT,True,6452.0,5707.0,0.49752014879107254,0.4900998773436131,9069.0,8870.0,4377.0,0.12107178299702283,0.14137542277339346,0.3705734521361663,0.13111098723451697,10.0,37.131609843891205,0.6562657272269753,0.7041612483745123,0.050227568270481145,0.14190507152145643,0.10370611183355007,4.163336342344337e-17,0.28669527183416105,0.3349894117274896,0.4067963422194668,0.38870685123532506,1.223020212218772,1.2608470259427051,cột filter_* không áp dụng cho directional,,,,
Rate of Change,i057,D,ETHUSDT,False,48891.0,48901.0,0.4660571475322656,0.44324246947915175,9069.0,8870.0,4377.0,0.5572830521556952,0.561217587373168,0.9527073337902673,0.5592284965717153,4.0,30.814875436778376,2.665188001689903,0.6921677823404774,0.09262905252104779,0.13581219178339052,0.07939097335508428,1.3877787807814457e-17,0.3368558149596808,0.3429938276489067,0.40841668200691333,0.3867804339379563,1.1411315160833138,1.1459795547730642,cột filter_* không áp dụng cho directional,,,,
Rate of Change,i057,D,ETHUSDT,True,20304.0,18256.0,0.45459022852639874,0.4465929009640666,9069.0,8870.0,4377.0,0.19748594111809462,0.26832018038331457,0.4402558830249029,0.2325101733652935,4.0,31.200514156534208,2.290259101344703,0.6941965339755395,0.09415875714218255,0.13684657883552911,0.07479813004674883,1.3877787807814457e-17,0.3093480674163012,0.3383208977080023,0.4081978920409771,0.38771088957055216,1.113651582700394,1.1518709249016326,cột filter_* không áp dụng cho directional,,,,
Klinger Oscillator,i058,D,ETHUSDT,False,46138.0,46139.0,0.4459881225887555,0.4254101736058432,9069.0,8870.0,4377.0,0.5723894585952145,0.5696730552423901,0.9360292437742747,0.5710463236523775,3.0,28.324270884824582,2.3708946377519,0.6614879397756952,0.09993854662774619,0.1569941619296359,0.08157935166692272,-1.3877787807814457e-17,0.3392471918350781,0.34613163817819986,0.40834128050630714,0.38764385877457247,1.0921945536237962,1.0974252886416371,cột filter_* không áp dụng cho directional,,,,
Klinger Oscillator,i058,D,ETHUSDT,True,19289.0,17427.0,0.4339260718544248,0.4322029035404832,9069.0,8870.0,4377.0,0.19969125592678355,0.2706877113866967,0.43591501028101437,0.23479569652711968,3.0,29.682620742931544,2.0683006535947714,0.6636879023734025,0.09488805611607572,0.15816277505525128,0.08326126645527049,5.551115123125783e-17,0.3104553768577022,0.3398845851013231,0.4077686764477163,0.3863487691513169,1.0641476330025619,1.1186858560204371,cột filter_* không áp dụng cho directional,,,,
Bollinger Bands,i059,D,ETHUSDT,False,18504.0,19349.0,0.5279939472546477,0.527262390821231,9069.0,8870.0,4377.0,0.26816628073657517,0.28883878241262684,0.6707790724240347,0.27838787000390214,13.0,44.88815962982972,2.2195460277427492,0.6062300766176388,0.03629550919970919,0.11677199261786253,0.24070242156478944,0.0,0.33984265499008887,0.35838720842428634,0.40715250756593174,0.3885678846452013,1.2967965011713642,1.356937646307725,cột filter_* không áp dụng cho directional,,,,
Bollinger Bands,i059,D,ETHUSDT,True,7985.0,7694.0,0.5217282404508453,0.5288536521965168,9069.0,8870.0,4377.0,0.10651670525967581,0.14374295377677565,0.3155129083847384,0.12492335135737778,14.0,46.419392584905005,1.8658199889563778,0.5597796883396023,0.04271896829661472,0.14105319720580334,0.25644814615797956,5.551115123125783e-17,0.3079196779777557,0.34607257318808315,0.4077457733249844,0.3892578632700806,1.2795429764884743,1.3586203442461477,cột filter_* không áp dụng cho directional,,,,
BB %B,i060,D,ETHUSDT,False,39093.0,39092.0,0.4855089146394495,0.46462191752788295,9069.0,8870.0,4377.0,0.5015988532362995,0.5085682074408118,0.9273474982864977,0.5050448742962261,5.0,33.42165695106877,2.1907919810961203,0.7136835436869549,0.0985575751669022,0.09407436284781444,0.09368451829832854,-2.7755575615628914e-17,0.3335354023257428,0.3436775401576544,0.4083582738597703,0.3881881203315256,1.1889288052142484,1.1968988570054135,cột filter_* không áp dụng cho directional,,,,
BB %B,i060,D,ETHUSDT,True,16237.0,14372.0,0.4758884030301164,0.4710548288338436,9069.0,8870.0,4377.0,0.1763149189546808,0.23799323562570462,0.41992232122458306,0.2068119739115893,5.0,33.26785192019,1.9176279740447009,0.7171673286991063,0.09961519364448858,0.09502234359483615,0.08819513406156902,0.0,0.30507830803866537,0.3382098396084315,0.40677772987620864,0.38688074032841635,1.1698978780744453,1.217571152376242,cột filter_* không áp dụng cho directional,,,,
Standard Error Bands,i061,D,ETHUSDT,False,26304.0,26839.0,0.5021669708029197,0.49170982525429413,9069.0,8870.0,4377.0,0.40092623221964935,0.4069898534385569,0.8115147361206305,0.40392441050225764,5.0,36.68313048579995,2.069179477681052,0.6325316976474549,0.0669858248868609,0.10547181807981448,0.19501065938586976,0.0,0.35215979632345545,0.3627829270007506,0.40853482360097326,0.387689556242781,1.2291901247894585,1.2683081536155,cột filter_* không áp dụng cho directional,,,,
Standard Error Bands,i061,D,ETHUSDT,True,11008.0,10205.0,0.4878270348837209,0.4885840274375306,9069.0,8870.0,4377.0,0.1437865255265189,0.18342728297632468,0.3744573909070139,0.16338703383689168,6.0,38.0988426048049,1.8144420131291028,0.6194160449479599,0.06502717141015013,0.11734364925854288,0.19821313438334714,-2.7755575615628914e-17,0.31191357590217544,0.34625019951616637,0.4094158793604651,0.388094071533562,1.1915195757569035,1.2589319530362326,cột filter_* không áp dụng cho directional,,,,
Envelopes,i062,D,ETHUSDT,False,0.0,2.0,,1.0,9069.0,8870.0,4377.0,0.0,0.00022547914317925591,0.0,0.00011148893472322872,4.5,91.52473549692847,0.0,,,,,,0.2733458795974392,0.33334029612764193,,0.325,,3.0769230769230766,cột filter_* không áp dụng cho directional; không có tín hiệu Long hoặc Short trong train → precision/lift/độ trễ chiều đó là NaN,,,,
Envelopes,i062,D,ETHUSDT,True,0.0,2.0,,1.0,9069.0,8870.0,4377.0,0.0,0.00022547914317925591,0.0,0.00011148893472322872,4.5,91.52473549692847,0.0,,,,,,0.2733458795974392,0.33334029612764193,,0.45,,2.2222222222222223,cột filter_* không áp dụng cho directional; không có tín hiệu Long hoặc Short trong train → precision/lift/độ trễ chiều đó là NaN,,,,
BB Width,i063,F,ETHUSDT,False,,,,,,,,,,,,,,,,,,,,,,,,,,filter: không cho hướng → không có recall/precision/backtest,0.4934345894099935,0.657177947247264,0.5178290121821404,1.2691022167296204
BB Width,i063,F,ETHUSDT,True,,,,,,,,,,,,,,,,,,,,,,,,,,filter: HTF không áp dụng (filter không có hướng),,,,
ATR,i064,F,ETHUSDT,False,,,,,,,,,,,,,,,,,,,,,,,,,,filter: không cho hướng → không có recall/precision/backtest,0.4855183398403107,0.6923795769263444,0.5178290121821404,1.3370814702108809
ATR,i064,F,ETHUSDT,True,,,,,,,,,,,,,,,,,,,,,,,,,,filter: HTF không áp dụng (filter không có hướng),,,,
Historical Volatility,i065,F,ETHUSDT,False,,,,,,,,,,,,,,,,,,,,,,,,,,filter: không cho hướng → không có recall/precision/backtest,0.492063920145824,0.6538146576738068,0.5178290121821404,1.2626072357719405
Historical Volatility,i065,F,ETHUSDT,True,,,,,,,,,,,,,,,,,,,,,,,,,,filter: HTF không áp dụng (filter không có hướng),,,,
Chaikin Volatility,i066,F,ETHUSDT,False,,,,,,,,,,,,,,,,,,,,,,,,,,filter: không cho hướng → không có recall/precision/backtest,0.49952803922906197,0.5134227015628324,0.5178290121821404,0.9914908000215367
Chaikin Volatility,i066,F,ETHUSDT,True,,,,,,,,,,,,,,,,,,,,,,,,,,filter: HTF không áp dụng (filter không có hướng),,,,
Close-to-Close Volatility,i067,F,ETHUSDT,False,,,,,,,,,,,,,,,,,,,,,,,,,,filter: không cho hướng → không có recall/precision/backtest,0.492063920145824,0.6538146576738068,0.5178290121821404,1.2626072357719405
Close-to-Close Volatility,i067,F,ETHUSDT,True,,,,,,,,,,,,,,,,,,,,,,,,,,filter: HTF không áp dụng (filter không có hướng),,,,
Non-Directional Close-to-Close Volatility,i068,F,ETHUSDT,False,,,,,,,,,,,,,,,,,,,,,,,,,,filter: không cho hướng → không có recall/precision/backtest,0.4918910000650433,0.6581662436343582,0.5178290121821404,1.271010754806561
Non-Directional Close-to-Close Volatility,i068,F,ETHUSDT,True,,,,,,,,,,,,,,,,,,,,,,,,,,filter: HTF không áp dụng (filter không có hướng),,,,
O-H-L-C Volatility,i069,F,ETHUSDT,False,,,,,,,,,,,,,,,,,,,,,,,,,,filter: không cho hướng → không có recall/precision/backtest,0.49006502746891006,0.6759044647019216,0.5178290121821404,1.3052657321258392
O-H-L-C Volatility,i069,F,ETHUSDT,True,,,,,,,,,,,,,,,,,,,,,,,,,,filter: HTF không áp dụng (filter không có hướng),,,,
Relative Volatility Index,i070,F,ETHUSDT,False,,,,,,,,,,,,,,,,,,,,,,,,,,filter: không cho hướng → không có recall/precision/backtest,0.49911715573436305,0.5268230044053424,0.5178290121821404,1.0173686526085148
Relative Volatility Index,i070,F,ETHUSDT,True,,,,,,,,,,,,,,,,,,,,,,,,,,filter: HTF không áp dụng (filter không có hướng),,,,
Standard Deviation,i071,F,ETHUSDT,False,,,,,,,,,,,,,,,,,,,,,,,,,,filter: không cho hướng → không có recall/precision/backtest,0.49339175599548823,0.6571706928095329,0.5178290121821404,1.2690882073992036
Standard Deviation,i071,F,ETHUSDT,True,,,,,,,,,,,,,,,,,,,,,,,,,,filter: HTF không áp dụng (filter không có hướng),,,,
Mass Index,i073,F,ETHUSDT,False,,,,,,,,,,,,,,,,,,,,,,,,,,filter: không cho hướng → không có recall/precision/backtest,0.49983580524439636,0.5290680513281133,0.5178290121821404,1.021704151141728
Mass Index,i073,F,ETHUSDT,True,,,,,,,,,,,,,,,,,,,,,,,,,,filter: HTF không áp dụng (filter không có hướng),,,,
Net Volume,i074,D,ETHUSDT,False,36447.0,36446.0,0.4497489505309079,0.43557592053997696,9069.0,8870.0,4377.0,0.45109714411732277,0.45231116121758735,0.9001599268905643,0.4516974190311612,7.0,32.35724743777318,2.138835838246284,0.6741987889528873,0.07992418648156353,0.1679958647171762,0.07788115984837296,0.0,0.3246801193790309,0.339139994956839,0.4082297582791451,0.38796575755912854,1.1017054524069563,1.1227174358901824,cột filter_* không áp dụng cho directional,,,,
Net Volume,i074,D,ETHUSDT,True,15048.0,13444.0,0.43846358320042533,0.4339482296935436,9069.0,8870.0,4377.0,0.15944426066821038,0.2072153325817362,0.4032442312085904,0.18306483081554156,7.0,32.76436303080723,1.8605664488017428,0.6794520547945205,0.07440846824408469,0.16899128268991281,0.07714819427148194,1.3877787807814457e-17,0.3005016172726666,0.3366084840389345,0.40907429558745345,0.3878719131210949,1.071843398448605,1.1187926091417284,cột filter_* không áp dụng cho directional,,,,
OBV,i075,D,ETHUSDT,False,39422.0,39422.0,0.458880827964081,0.439678352189133,9069.0,8870.0,4377.0,0.45958760613077515,0.4632468996617813,0.8631482750742517,0.46139695635208205,4.0,32.38559436772296,2.3908751555371217,0.6821584026162456,0.09525344879205914,0.13645471085419497,0.08613343773750029,-2.7755575615628914e-17,0.33147692605339024,0.34248909801010535,0.4089708792045051,0.38780883770483493,1.122037903668487,1.1337502125822527,cột filter_* không áp dụng cho directional,,,,
OBV,i075,D,ETHUSDT,True,16258.0,14481.0,0.44605732562430805,0.44002486016159104,9069.0,8870.0,4377.0,0.15790054030212813,0.21668545659526495,0.38770847612519993,0.18696694353085455,5.0,32.734912146677395,2.104929716887745,0.6837277242185218,0.09664037394098744,0.13561203622553317,0.08401986561495764,-5.551115123125783e-17,0.3040420368001536,0.33777665033493487,0.4094261286751138,0.38876458808093367,1.0894696121806668,1.1318542728742205,cột filter_* không áp dụng cho directional,,,,
Accumulation/Distribution,i076,D,ETHUSDT,False,41516.0,41516.0,0.4566191347914057,0.4427690528952693,9069.0,8870.0,4377.0,0.5143896791266953,0.5144306651634724,0.8827964359150103,0.5144099448129773,3.0,30.450841959626594,2.3458600672166208,0.6642374105442846,0.12176919878318342,0.11960256494430219,0.09439082572822971,2.7755575615628914e-17,0.34414365147641574,0.3511064510034485,0.40901459678196367,0.38800703343289333,1.1163883596917665,1.1411366669770617,cột filter_* không áp dụng cho directional,,,,
Accumulation/Distribution,i076,D,ETHUSDT,True,17177.0,15352.0,0.44728415904989227,0.4480849400729547,9069.0,8870.0,4377.0,0.18094608005292756,0.2411499436302142,0.4039296321681517,0.21071408662690227,3.0,31.57241263945696,2.0591204037490987,0.6662770635053153,0.11738186675571882,0.12038737685757221,0.09595369288139366,-4.163336342344337e-17,0.311853674198787,0.342008844352683,0.40747220119927813,0.3876693590411672,1.0977047212875848,1.1558430647735867,cột filter_* không áp dụng cho directional,,,,
MFI,i077,D,ETHUSDT,False,29242.0,29242.0,0.46522125709595785,0.4439846795704808,9069.0,8870.0,4377.0,0.41382732385047966,0.4131905298759865,0.8923920493488691,0.41351245888845534,8.0,33.81595025567438,1.7097315436241611,0.6866476471141487,0.06721635263504405,0.16346364861899237,0.08267235163181491,-5.551115123125783e-17,0.31614970887700544,0.33676184981461815,0.40749777716982427,0.3872973804801313,1.1416534841663133,1.1463663374641844,cột filter_* không áp dụng cho directional,,,,
MFI,i077,D,ETHUSDT,True,12065.0,10642.0,0.4542063820969747,0.4449351625634279,9069.0,8870.0,4377.0,0.14764582644172455,0.18534385569334835,0.39639022161297693,0.16628574613969563,9.0,33.94032165880137,1.4690546841882153,0.6898014729426833,0.06524175472302274,0.16474543707973102,0.08021133525456292,-2.7755575615628914e-17,0.29489546773319947,0.3354021635211541,0.408251139660174,0.39066904717158424,1.112566109368497,1.1389055923030669,cột filter_* không áp dụng cho directional,,,,
Chaikin Money Flow,i078,D,ETHUSDT,False,32654.0,32656.0,0.4515832669810743,0.4391536011758942,9069.0,8870.0,4377.0,0.42970559047304,0.4240135287485908,0.8654329449394562,0.4268911310552428,5.0,32.33032428565984,1.9684605975886773,0.6591668277061535,0.09761753581978301,0.1560058526350661,0.08720978383899733,2.7755575615628914e-17,0.3275436362227652,0.3429969568703835,0.40829301157591713,0.3869013351298384,1.1060274219195345,1.1350532068557497,cột filter_* không áp dụng cho directional,,,,
Chaikin Money Flow,i078,D,ETHUSDT,True,13598.0,11946.0,0.4419767612884248,0.43830570902394106,9069.0,8870.0,4377.0,0.15304884772301247,0.1906426155580609,0.38976467900388395,0.1716372150064106,6.0,33.14724354501063,1.728735632183908,0.6623303958595608,0.09343964190795916,0.15722478668345224,0.08700517554902784,-2.7755575615628914e-17,0.30083396291465875,0.33791177882660633,0.4087659949992647,0.3876653273062113,1.0812464018422565,1.1306291229850682,cột filter_* không áp dụng cho directional,,,,
Chaikin Oscillator,i079,D,ETHUSDT,False,34803.0,34804.0,0.4613970060052294,0.45124123663946675,9069.0,8870.0,4377.0,0.5137280846840887,0.5189402480270575,0.9040438656614119,0.5163052567032722,3.0,31.06145251396681,1.8277479385732658,0.6689831941655217,0.11444350491491385,0.11454920198710496,0.10202409893245958,-2.7755575615628914e-17,0.33983856021661124,0.3504941193203628,0.40909691693244826,0.38817808297896794,1.1278427846998835,1.1624593361287625,cột filter_* không áp dụng cho directional,,,,
Chaikin Oscillator,i079,D,ETHUSDT,True,14377.0,12968.0,0.45433678792515825,0.4574336829117828,9069.0,8870.0,4377.0,0.18116661153379646,0.24205186020293123,0.41146904272332646,0.21127153130051843,4.0,32.2200813530297,1.5914863172956537,0.675290639069955,0.10953564948592165,0.11155164303474228,0.1036220684093811,-4.163336342344337e-17,0.30805517270849275,0.34147631318219546,0.40706684287403494,0.3874344540407156,1.1161232998427995,1.1806737323978704,cột filter_* không áp dụng cho directional,,,,
Ease of Movement,i080,D,ETHUSDT,False,37354.0,37353.0,0.4643947100712106,0.4470591384895457,9069.0,8870.0,4377.0,0.4846179292093946,0.48703494926719276,0.9239204934886909,0.48581303305646917,5.0,32.17195841528583,2.0967160435770826,0.6821524310764615,0.07914217554905191,0.15521015223432774,0.08349524114015887,-1.3877787807814457e-17,0.32696277770394583,0.34022397438630897,0.4082026021309632,0.3880531684202072,1.1376573976915005,1.1520564058516933,cột filter_* không áp dụng cho directional,,,,
Ease of Movement,i080,D,ETHUSDT,True,15581.0,13701.0,0.45683845709518,0.44836143347200935,9069.0,8870.0,4377.0,0.17433013562686073,0.22683201803833145,0.4153529814941741,0.2002898712302804,5.0,32.39556692242264,1.813712807244502,0.685038387116909,0.07895886648773484,0.1556706822295737,0.08033206416578241,4.163336342344337e-17,0.30183341321395313,0.3370366125797884,0.40868686220396633,0.38770892635574045,1.1178202661850734,1.1564382530120483,cột filter_* không áp dụng cho directional,,,,
Elder Force Index,i081,D,ETHUSDT,False,33783.0,33783.0,0.4813367670129947,0.4557321729864133,9069.0,8870.0,4377.0,0.45958760613077515,0.4620067643742954,0.868859949737263,0.4607837672111043,4.0,33.376000000000936,1.9850028999917144,0.7139157314322315,0.09607619259795594,0.09641037065916623,0.09359770531064636,-5.551115123125783e-17,0.32917822238839284,0.3429645912056251,0.4077672201995086,0.38845721220732327,1.180420453555562,1.1731849960947172,cột filter_* không áp dụng cho directional,,,,
Elder Force Index,i081,D,ETHUSDT,True,13846.0,12481.0,0.47132745919399105,0.45925807226985016,9069.0,8870.0,4377.0,0.15823133752343146,0.2137542277339346,0.3867946081791181,0.18568482078153742,5.0,33.2084584084139,1.755374203821656,0.7173217712701685,0.09467623853863104,0.09837230791101002,0.08962968228019048,-5.551115123125783e-17,0.301701511209545,0.33780789778229775,0.4084464827386971,0.38635926608444837,1.153951567984298,1.1886813973020334,cột filter_* không áp dụng cho directional,,,,
Price & Volume Trend,i082,D,ETHUSDT,False,25105.0,25107.0,0.4869946225851424,0.461225952921496,9069.0,8870.0,4377.0,0.3768883008049399,0.37959413754227733,0.7968928489833219,0.3782262110485534,6.0,35.56893092576771,1.5932054901197312,0.7140801333030372,0.0869120654396728,0.09535711580701356,0.10365068545027645,0.0,0.31958827324486205,0.34101917971309686,0.40802828121888074,0.3880352093041782,1.1935315393589137,1.1886188208244373,cột filter_* không áp dụng cho directional,,,,
Price & Volume Trend,i082,D,ETHUSDT,True,10126.0,9192.0,0.4791625518467312,0.4660574412532637,9069.0,8870.0,4377.0,0.12658507001874517,0.17170236753100337,0.3474982864976011,0.14889347232287195,6.0,34.95830117654463,1.419131679389313,0.7141033195835789,0.08829306619524652,0.09742683166372029,0.10017678255745432,0.0,0.2951715966936503,0.3367181077622648,0.4096681809204029,0.3878698868581375,1.169635754405419,1.2015819145653943,cột filter_* không áp dụng cho directional,,,,
Volume,i083,F,ETHUSDT,False,,,,,,,,,,,,,,,,,,,,,,,,,,filter: không cho hướng → không có recall/precision/backtest,0.4954779019241722,0.6272396613772877,0.5178290121821404,1.2112872137736914
Volume,i083,F,ETHUSDT,True,,,,,,,,,,,,,,,,,,,,,,,,,,filter: HTF không áp dụng (filter không có hướng),,,,
Volume Oscillator,i084,F,ETHUSDT,False,,,,,,,,,,,,,,,,,,,,,,,,,,filter: không cho hướng → không có recall/precision/backtest,0.3722620326200248,0.5101958193944302,0.5178290121821404,0.9852592407761321
Volume Oscillator,i084,F,ETHUSDT,True,,,,,,,,,,,,,,,,,,,,,,,,,,filter: HTF không áp dụng (filter không có hướng),,,,
Volume Profile Fixed Range,i085,F,ETHUSDT,False,,,,,,,,,,,,,,,,,,,,,,,,,,filter: không cho hướng → không có recall/precision/backtest,0.5627041527788574,0.5774711023400056,0.5178290121821404,1.1151771892936868
Volume Profile Fixed Range,i085,F,ETHUSDT,True,,,,,,,,,,,,,,,,,,,,,,,,,,filter: HTF không áp dụng (filter không có hướng),,,,
VWAP,i086,D,ETHUSDT,False,9182.0,9184.0,0.4769113482901329,0.469838850174216,9069.0,8870.0,4377.0,0.14312493108391222,0.13641488162344984,0.3422435458076308,0.1398071241429288,8.0,38.67914826334679,1.2728407388916625,0.6632547559966915,0.09822167080231596,0.1183829611248966,0.12014061207609594,0.0,0.29703848679974515,0.33835619708246717,0.4110052276192551,0.388719512195122,1.160353485167667,1.2086834733893554,cột filter_* không áp dụng cho directional,,,,
VWAP,i086,D,ETHUSDT,True,3680.0,3308.0,0.43668478260869564,0.4507255139056832,9069.0,8870.0,4377.0,0.04895798875289448,0.05828635851183765,0.13251085218185973,0.0535704331345114,5.0,34.909909909909345,1.0830629461388708,0.6699228791773779,0.11079691516709511,0.11619537275064268,0.10308483290488432,-2.7755575615628914e-17,0.28286741098174095,0.33519852686427304,0.4065353260869565,0.38505139056831916,1.0741619598275458,1.170559371933268,cột filter_* không áp dụng cho directional,,,,
VWMA,i087,D,ETHUSDT,False,42474.0,42473.0,0.48161228045392473,0.46365926588656325,9069.0,8870.0,4377.0,0.5404123938692248,0.5454340473506201,0.9408270504912041,0.5428953676347622,4.0,32.68792710706166,2.2975391498881432,0.70108040537524,0.10621009866511898,0.10031697843653735,0.0923925175231037,-1.3877787807814457e-17,0.339540752085652,0.34695423462721986,0.40793897443141686,0.38916370400018835,1.180598841101646,1.1914247426485047,cột filter_* không áp dụng cho directional,,,,
VWMA,i087,D,ETHUSDT,True,17750.0,15636.0,0.47143661971830986,0.47192376566896904,9069.0,8870.0,4377.0,0.18800308744073216,0.2560315670800451,0.42791866575279874,0.2216400022297787,4.0,33.01115241635604,2.0295777055906994,0.7017971540336754,0.10748908668291854,0.10238675661885595,0.08832700266455014,0.0,0.3088129372722612,0.33958831036093357,0.4089633802816902,0.38874392427730875,1.1527599840200573,1.2139707817846803,cột filter_* không áp dụng cho directional,,,,
Pivot Points Standard,i088,D,ETHUSDT,False,3641.0,3641.0,0.4814611370502609,0.466355396868992,9069.0,8870.0,4377.0,0.0591024368728636,0.057271702367531006,0.14210646561571852,0.05819722392552539,9.0,40.910267878160454,1.1494597839135654,0.6400417645523362,0.0997128687026886,0.1370399373531715,0.1232054293918037,2.7755575615628914e-17,0.2840525817284121,0.33576358122131394,0.4100933809393024,0.3885745674265311,1.1740280614807619,1.2001696352841391,cột filter_* không áp dụng cho directional,,,,
Pivot Points Standard,i088,D,ETHUSDT,True,1011.0,1137.0,0.43026706231454004,0.4714160070360598,9069.0,8870.0,4377.0,0.015437203660822582,0.019729425028184894,0.04592186429061001,0.017559507218908522,6.0,37.43195216234091,0.9651162790697675,0.653355989804588,0.10620220900594732,0.1308411214953271,0.10960067969413764,-2.7755575615628914e-17,0.2764083794617067,0.33394797655197755,0.41073194856577644,0.39261213720316623,1.0475617098133654,1.200716845878136,cột filter_* không áp dụng cho directional,,,,
Balance of Power,i089,D,ETHUSDT,False,41124.0,41126.0,0.4637194825406089,0.44618975830374946,9069.0,8870.0,4377.0,0.49222626529937147,0.49819616685456597,0.9246058944482523,0.49517810357322034,5.0,31.894892035324546,2.3532095901005414,0.6851438768681687,0.09239348650457282,0.1383671648449699,0.08409547178228864,-4.163336342344337e-17,0.3324085364139125,0.3424732962906949,0.4085752845053984,0.3872452949472353,1.134967043104346,1.1522147954426296,cột filter_* không áp dụng cho directional,,,,
Balance of Power,i089,D,ETHUSDT,True,17050.0,15182.0,0.4557771260997067,0.44868923725464366,9069.0,8870.0,4377.0,0.17532252729077075,0.23438556933483654,0.4201507882111035,0.20452645074976308,5.0,31.948117699204833,2.0297748729121277,0.6868944416114228,0.09207320528075245,0.1428976145957278,0.078134738512097,-4.163336342344337e-17,0.30472008599137734,0.3376696575837277,0.4074780058651027,0.387113028586484,1.1185318459877651,1.1590651931633529,cột filter_* không áp dụng cho directional,,,,
Accumulative Swing Index,i090,D,ETHUSDT,False,31444.0,31443.0,0.5123075944536318,0.4300480234074357,9069.0,8870.0,4377.0,0.4222075201234976,0.48286358511837657,0.8885081105780215,0.4521991192374157,5.0,33.4728033472806,1.811099075077077,0.7173743083954776,0.09336661053644456,0.09156242482559539,0.09769665624248255,-6.938893903907228e-17,0.3271282639506184,0.34263410541388456,0.4089222109146419,0.3877476703876856,1.2528240843356158,1.1090924749527353,cột filter_* không áp dụng cho directional,,,,
Accumulative Swing Index,i090,D,ETHUSDT,True,13011.0,11473.0,0.5050342018292214,0.43005316830820184,9069.0,8870.0,4377.0,0.15371044216561913,0.21071025930101467,0.4000456933973041,0.18189419700094767,5.0,33.22064000390942,1.5935380933386518,0.7204715309345866,0.10108637029046921,0.09060790507743277,0.08783419369751136,5.551115123125783e-17,0.29962825815465643,0.33724372762291516,0.40883098916301597,0.3878976727970017,1.2353129171131538,1.1086768456413538,cột filter_* không áp dụng cho directional,,,,
Up/Down,i091,D,ETHUSDT,False,27907.0,27906.0,0.45630128641559464,0.43370601304378986,9069.0,8870.0,4377.0,0.40555739331789614,0.4107102593010147,0.8732008224811515,0.4081052455543787,8.0,33.39070567986304,1.5979538723862514,0.6553783574380165,0.07515495867768596,0.18414256198347106,0.08532412190082644,0.0,0.31902256416162517,0.33978701664786026,0.40774895187587346,0.38921737260804135,1.1190740879071626,1.1143028126870136,cột filter_* không áp dụng cho directional,,,,
Up/Down,i091,D,ETHUSDT,True,11595.0,10310.0,0.44941785252263905,0.43433559650824444,9069.0,8870.0,4377.0,0.1451097144117323,0.18196166854565954,0.3890792780443226,0.16333128936953006,8.0,34.88072211476522,1.4055687459529462,0.6554518664047151,0.07072691552062868,0.185494433529797,0.0883267845448592,0.0,0.29660590050084457,0.3368999144712957,0.4079818887451488,0.3861639185257032,1.1015632431746836,1.124744119456968,cột filter_* không áp dụng cho directional,,,,
Spread,i092,F,ETHUSDT,False,,,,,,,,,,,,,,,,,,,,,,,,,,filter: không cho hướng → không có recall/precision/backtest,0.5148719201585154,0.5199677090362318,0.5178290121821404,1.0041301217270135
Spread,i092,F,ETHUSDT,True,,,,,,,,,,,,,,,,,,,,,,,,,,filter: HTF không áp dụng (filter không có hướng),,,,
Correlation Coefficient,i093,F,ETHUSDT,False,,,,,,,,,,,,,,,,,,,,,,,,,,filter: không cho hướng → không có recall/precision/backtest,0.4976957209418909,0.5580992088536985,0.5178290121821404,1.0777673628247648
Correlation Coefficient,i093,F,ETHUSDT,True,,,,,,,,,,,,,,,,,,,,,,,,,,filter: HTF không áp dụng (filter không có hướng),,,,
Correlation-Log,i094,F,ETHUSDT,False,,,,,,,,,,,,,,,,,,,,,,,,,,filter: không cho hướng → không có recall/precision/backtest,0.49617910078385147,0.5711458406604298,0.5178290121821404,1.1029622273452995
Correlation-Log,i094,F,ETHUSDT,True,,,,,,,,,,,,,,,,,,,,,,,,,,filter: HTF không áp dụng (filter không có hướng),,,,
Rank Correlation,i095,F,ETHUSDT,False,,,,,,,,,,,,,,,,,,,,,,,,,,filter: không cho hướng → không có recall/precision/backtest,0.49666613257100434,0.5554806706423102,0.5178290121821404,1.0727106005542353
Rank Correlation,i095,F,ETHUSDT,True,,,,,,,,,,,,,,,,,,,,,,,,,,filter: HTF không áp dụng (filter không có hướng),,,,
Ratio,i096,F,ETHUSDT,False,,,,,,,,,,,,,,,,,,,,,,,,,,filter: không cho hướng → không có recall/precision/backtest,0.5148830251178316,0.5199626566755814,0.5178290121821404,1.0041203649143755
Ratio,i096,F,ETHUSDT,True,,,,,,,,,,,,,,,,,,,,,,,,,,filter: HTF không áp dụng (filter không có hướng),,,,
Standard Error,i097,F,ETHUSDT,False,,,,,,,,,,,,,,,,,,,,,,,,,,filter: không cho hướng → không có recall/precision/backtest,0.4936630342873551,0.6624718812262999,0.5178290121821404,1.2793255411368936
Standard Error,i097,F,ETHUSDT,True,,,,,,,,,,,,,,,,,,,,,,,,,,filter: HTF không áp dụng (filter không có hướng),,,,
Average Price,i099,D,ETHUSDT,False,29363.0,29362.0,0.49126451656847053,0.47081261494448606,9069.0,8870.0,4377.0,0.45771308854338955,0.4616685456595265,0.9024445967557688,0.459668877863872,5.0,34.6674769149668,1.610118071498852,0.7117731985824911,0.07409108806930044,0.10985693660585379,0.10427877674235464,4.163336342344337e-17,0.32363559224335026,0.34143652457768287,0.40780403909682256,0.38900619848784146,1.2046582904291256,1.2102959201540884,cột filter_* không áp dụng cho directional,,,,
Average Price,i099,D,ETHUSDT,True,12046.0,10755.0,0.4814876307487963,0.47661552766155274,9069.0,8870.0,4377.0,0.16032638659168597,0.21228861330326945,0.404615033127713,0.18601928758570713,6.0,34.64973091893364,1.3827329678935003,0.7181473684210526,0.07545263157894737,0.10635789473684211,0.10004210526315789,-2.7755575615628914e-17,0.29826493409221744,0.3371502609024181,0.40596878631911004,0.38688981868898187,1.1860213074862485,1.231915404950733,cột filter_* không áp dụng cho directional,,,,
Typical Price,i100,D,ETHUSDT,False,31479.0,31479.0,0.4922329171828838,0.46951936211442546,9069.0,8870.0,4377.0,0.470393648693351,0.4740698985343856,0.9113548092300663,0.47221138302023524,5.0,34.487769857021064,1.7341091492776886,0.7114096013217881,0.08307070954318758,0.10305051555854726,0.10246917357647707,0.0,0.3269245983050794,0.34256292321801124,0.40709202960703966,0.3876234950284317,1.2091440789396675,1.2112768398623175,cột filter_* không áp dụng cho directional,,,,
Typical Price,i100,D,ETHUSDT,True,12973.0,11571.0,0.4826177445463655,0.47532624665111056,9069.0,8870.0,4377.0,0.16451648472819494,0.21939120631341602,0.4096413068311629,0.19164947878923017,5.0,34.4242050015441,1.5012425922385777,0.7175936791050614,0.08511304075725573,0.10122819369475083,0.09606508644293202,-2.7755575615628914e-17,0.30026515920661406,0.3376407014494071,0.4079588375857551,0.38930948059804693,1.1830059802171016,1.2209470108997267,cột filter_* không áp dụng cho directional,,,,
Median Price,i101,D,ETHUSDT,False,31704.0,31702.0,0.48886575826394146,0.4652703299476374,9069.0,8870.0,4377.0,0.4663138162972764,0.4688838782412627,0.9051862005940141,0.4675845922292213,5.0,34.39482636744358,1.7633198380566801,0.7098048677503996,0.07184003377868926,0.12169375999034894,0.09666133848056217,0.0,0.32344745916360435,0.3401258649010275,0.40886954327529645,0.38665857043719637,1.1956521739130437,1.203310531618514,cột filter_* không áp dụng cho directional,,,,
Median Price,i101,D,ETHUSDT,True,13087.0,11612.0,0.4794070451593184,0.46960041336548397,9069.0,8870.0,4377.0,0.16341382732385049,0.21724915445321308,0.4053004340872744,0.19003288923574335,5.0,34.2554443790479,1.5247925911634188,0.7155411655874191,0.07323465926611163,0.11995066296638915,0.09127351218008017,-2.7755575615628914e-17,0.2987612850059534,0.33673201520211743,0.4079009704286697,0.38808990699276613,1.1753025364355025,1.2100299567291688,cột filter_* không áp dụng cho directional,,,,
SMA,i001,D,BNBUSDT,False,59741.0,59715.0,0.44200800120520245,0.4255714644561668,4998.0,4837.0,3924.0,0.6788715486194478,0.7146991937151127,0.9775739041794088,0.6964921199796644,2.0,25.22464846408506,4.8991203443758184,0.8231737066989961,0.06988778331386666,0.0641217085323122,0.04281680145482502,-2.0816681711721685e-17,0.3490934696174592,0.3492429166297177,0.40327999196531694,0.3796885204722431,1.09603255805266,1.1208436429072337,cột filter_* không áp dụng cho directional,,,,
SMA,i001,D,BNBUSDT,True,26284.0,21560.0,0.4406483031502054,0.45,4998.0,4837.0,3924.0,0.23149259703881553,0.35311143270622286,0.4439347604485219,0.2913065582104728,3.0,27.96517954298188,4.576731061428261,0.8170180722891566,0.07123493975903615,0.06780873493975903,0.04393825301204819,5.551115123125783e-17,0.3355112946701155,0.34069625669597303,0.4028325216861969,0.37928339517625237,1.093874698362777,1.1864479323986377,cột filter_* không áp dụng cho directional,,,,
EMA,i002,D,BNBUSDT,False,63377.0,63375.0,0.44364674882055005,0.432,4998.0,4837.0,3924.0,0.6756702681072428,0.7109778788505272,0.9737512742099899,0.6930350788002033,2.0,25.615212527963642,5.243771740152298,0.8255188963891267,0.07054745498687848,0.06309555552436953,0.0408380930996253,1.3877787807814457e-17,0.34620090344586885,0.34695495420200584,0.4039249254461398,0.379084023668639,1.0983396192511197,1.1395890436617697,cột filter_* không áp dụng cho directional,,,,
EMA,i002,D,BNBUSDT,True,27888.0,22776.0,0.44176706827309237,0.45692834562697576,4998.0,4837.0,3924.0,0.22829131652661064,0.35021707670043417,0.4439347604485219,0.28825622775800713,3.0,28.08219178082208,4.918724055057898,0.8185560367970791,0.07184021190535848,0.06747324336900884,0.04213050792855353,3.469446951953614e-17,0.33476062947618157,0.3396080265260439,0.40421328169822146,0.37950693712680017,1.0929058699335563,1.2040052524107292,cột filter_* không áp dụng cho directional,,,,
DEMA,i003,D,BNBUSDT,False,88455.0,88453.0,0.4176926120626307,0.3969000486133879,4998.0,4837.0,3924.0,0.779311724689876,0.7905726690097168,0.9908256880733946,0.7848500254194204,1.0,19.87767584097801,6.877315413112777,0.7970225265607416,0.06884811261372957,0.09221393556755107,0.041915425257977756,1.3877787807814457e-17,0.34819542708835116,0.35758720856074205,0.40376575659940084,0.3791618147490758,1.0344924135729705,1.0467827538911085,cột filter_* không áp dụng cho directional,,,,
DEMA,i003,D,BNBUSDT,True,39021.0,32528.0,0.41892826939340355,0.41558042302016723,4998.0,4837.0,3924.0,0.2665066026410564,0.39611329336365514,0.4610091743119266,0.3302491103202847,1.0,22.73819055244219,6.433458572276053,0.7909989444391133,0.06995489876211496,0.09149793685826696,0.04754821994050475,-2.0816681711721685e-17,0.34622014019415487,0.34606294834578905,0.4034814587017247,0.3788136374815544,1.0382838179017737,1.0970577136109656,cột filter_* không áp dụng cho directional,,,,
TEMA,i004,D,BNBUSDT,False,100677.0,100676.0,0.41083862252550235,0.38817593070841117,4998.0,4837.0,3924.0,0.7849139655862345,0.7918131072979119,0.9890417940876657,0.7883070665988815,1.0,18.292998898838324,7.792418772563177,0.7841966405041725,0.06503130401700424,0.10907196202165229,0.041700093457170975,1.3877787807814457e-17,0.3429891937222495,0.3573556532538917,0.4035618860315663,0.3794235964877429,1.0180312778431382,1.0230674483655922,cột filter_* không áp dụng cho directional,,,,
TEMA,i004,D,BNBUSDT,True,44343.0,37054.0,0.4137969916334032,0.4050035083931559,4998.0,4837.0,3924.0,0.27110844337735096,0.4019020053752326,0.46534148827726807,0.33543467208947636,1.0,21.450906816760863,7.233170731707317,0.7783143564871672,0.06581877979226078,0.11044732624216815,0.04541953747840386,3.469446951953614e-17,0.3468670994314822,0.3460934391349446,0.40397920754121286,0.3797808603659524,1.0243026965470463,1.0664136892072424,cột filter_* không áp dụng cho directional,,,,
Hull MA,i005,D,BNBUSDT,False,108369.0,108365.0,0.41131688951637463,0.3878466294467771,4998.0,4837.0,3924.0,0.7945178071228491,0.8097994624767417,0.9918450560652395,0.8020335536349771,1.0,17.966410928143997,8.321646859083192,0.7801523080588023,0.06445812296839339,0.11439241994605436,0.04099714902674997,-6.938893903907228e-18,0.33984607908944336,0.3579500821149244,0.4033773496110512,0.3797997508420615,1.0196826616888106,1.021187161357728,cột filter_* không áp dụng cho directional,,,,
Hull MA,i005,D,BNBUSDT,True,47667.0,39910.0,0.41340969643568926,0.4035078927587071,4998.0,4837.0,3924.0,0.27450980392156865,0.4116187719660947,0.46712538226299694,0.34194204372140313,1.0,20.70102811391134,7.712856043110085,0.774025923851102,0.0656982247377673,0.11569146367376901,0.04458438773736164,6.938893903907228e-18,0.34766023556936676,0.3465777873805795,0.4041821385864434,0.3803821097469306,1.022830197003553,1.0607961899868585,cột filter_* không áp dụng cho directional,,,,
Hamming MA,i006,D,BNBUSDT,False,57400.0,57398.0,0.44198606271777,0.4240043207080386,4998.0,4837.0,3924.0,0.680672268907563,0.7120115774240231,0.9801223241590215,0.696085409252669,2.0,25.147754343558827,4.681163486719043,0.8222027622866449,0.06985604768708424,0.06383370972945568,0.04410748029681523,-5.551115123125783e-17,0.34985754919961587,0.3496379743116404,0.4031925087108014,0.3792057214537092,1.0962159592969871,1.1181379834739602,cột filter_* không áp dụng cho directional,,,,
Hamming MA,i006,D,BNBUSDT,True,25246.0,20791.0,0.4408619187197972,0.4479342022990717,4998.0,4837.0,3924.0,0.2344937975190076,0.3516642547033285,0.4441896024464832,0.2921199796644636,3.0,27.77289591876547,4.374566724436741,0.8153473470344612,0.07185277799484253,0.06708603578963819,0.045713839181058064,0.0,0.33532048503887363,0.3408997282376747,0.4034857007050622,0.3796306093982974,1.0926333150082463,1.179921194998036,cột filter_* không áp dụng cho directional,,,,
Arnaud Legoux MA,i007,D,BNBUSDT,False,97652.0,97648.0,0.4279277434153934,0.40783221366541045,4998.0,4837.0,3924.0,0.7999199679871949,0.8222038453586934,0.9956676860346585,0.8108795119471276,1.0,20.6349206349212,7.54418448072715,0.8006913658433608,0.07492435437337273,0.08598093026528746,0.03840334951797903,2.0816681711721685e-17,0.34318026115192296,0.35656725346233614,0.40356879531397205,0.37890279370801244,1.0603588493071432,1.0763505058231146,cột filter_* không áp dụng cho directional,,,,
Arnaud Legoux MA,i007,D,BNBUSDT,True,43066.0,35714.0,0.4262759485440951,0.4264434115472924,4998.0,4837.0,3924.0,0.272108843537415,0.414099648542485,0.463302752293578,0.34194204372140313,1.0,23.106060606061245,7.015248021617448,0.794012214551248,0.07642945654098071,0.0886440077889892,0.040914321118782085,-4.163336342344337e-17,0.3451722121723067,0.3446421915533879,0.40349579714856265,0.3791286330290643,1.0564569731742337,1.124798747433568,cột filter_* không áp dụng cho directional,,,,
Least Squares MA,i008,D,BNBUSDT,False,54356.0,54355.0,0.421131061888292,0.41046821819519824,4998.0,4837.0,3924.0,0.6680672268907563,0.6836882365102336,0.9686544342507645,0.6757498729028978,2.0,23.293996921499176,4.43400019144252,0.8053819143743406,0.06610086759356941,0.08093341101261238,0.04758380701947756,4.85722573273506e-17,0.35263783087936357,0.35196983868464266,0.40294539701228943,0.37973415509152797,1.0451318342654947,1.0809357354127453,cột filter_* không áp dụng cho directional,,,,
Least Squares MA,i008,D,BNBUSDT,True,24004.0,19746.0,0.42155474087652056,0.4359363921806948,4998.0,4837.0,3924.0,0.22869147659063627,0.3357452966714906,0.4418960244648318,0.2813421453990849,2.0,26.689189189188145,4.176627416129749,0.8027814410742117,0.06358150501538584,0.07900731327178995,0.05462974063861248,5.551115123125783e-17,0.3377204532056775,0.34311817141742074,0.40268080319946675,0.37822850197508356,1.0468707162772413,1.1525741447412465,cột filter_* không áp dụng cho directional,,,,
Smoothed MA,i009,D,BNBUSDT,False,53322.0,53321.0,0.4511083605266119,0.4410832505016785,4998.0,4837.0,3924.0,0.6242496998799519,0.6497829232995659,0.9589704383282365,0.6368073207930859,3.0,27.503038585015315,4.576900059844404,0.8328423903842899,0.06504147621466057,0.05837142373455222,0.04374470966649738,-3.469446951953614e-17,0.3445293239764962,0.3440189471949336,0.40309722065939013,0.3792567656270513,1.119105608787589,1.163020123773943,cột filter_* không áp dụng cho directional,,,,
Smoothed MA,i009,D,BNBUSDT,True,23429.0,18984.0,0.4479064407358402,0.4697113358617783,4998.0,4837.0,3924.0,0.2110844337735094,0.32106677692784785,0.43119266055045874,0.26517539400101675,3.0,29.461477726614515,4.286046511627907,0.8258412311972871,0.0665594296148161,0.06386401182505869,0.043735327362838014,5.551115123125783e-17,0.3300791628096319,0.337862502275792,0.40389687993512313,0.38007532659081333,1.1089623688298513,1.2358374853610703,cột filter_* không áp dụng cho directional,,,,
Adaptive MA,i010,D,BNBUSDT,False,48300.0,48299.0,0.45436853002070393,0.4388910743493654,4998.0,4837.0,3924.0,0.6154461784713886,0.6410998552821997,0.9513251783893986,0.6280630401626843,3.0,27.681095311049507,4.136024217961655,0.8223178374333552,0.06820690300252549,0.06124777850528482,0.04822748105883454,-2.7755575615628914e-17,0.3500169101712411,0.34893645425427183,0.40348964803312626,0.38009793163419536,1.1260971185644906,1.1546789335642909,cột filter_* không áp dụng cho directional,,,,
Adaptive MA,i010,D,BNBUSDT,True,21013.0,17436.0,0.4498643696759149,0.46558843771507225,4998.0,4837.0,3924.0,0.20908363345338135,0.3132106677692785,0.4278797145769623,0.2602948652770717,3.0,30.03194888178935,3.859164897381458,0.8180860235654757,0.06782258837053358,0.06605038796819619,0.048041000095794616,-4.85722573273506e-17,0.3322017801934184,0.34026623969484837,0.4031861228763146,0.37929571002523516,1.115773445937572,1.2275077872198867,cột filter_* không áp dụng cho directional,,,,
Multi-Timeframe MA,i011,D,BNBUSDT,False,9597.0,9602.0,0.4557674273210378,0.4628202457821287,4998.0,4837.0,3924.0,0.1716686674669868,0.1715939632003308,0.45565749235474007,0.17163192679206915,13.0,38.00552754383818,1.6878596087456847,0.8164916674694153,0.050958481841826414,0.0650226375108371,0.06752721317792121,1.3877787807814457e-17,0.31978060178876494,0.337561641807165,0.4041419193497968,0.3779629243907519,1.1277410372432997,1.2245122892097433,cột filter_* không áp dụng cho directional,,,,
Multi-Timeframe MA,i011,D,BNBUSDT,True,4087.0,3481.0,0.43185710790310744,0.4438379775926458,4998.0,4837.0,3924.0,0.051420568227290915,0.07339259871821377,0.18501529051987767,0.06222674123029995,9.0,33.44392997068455,1.6195814648729447,0.8276186002818224,0.056129638327853455,0.06176608736496007,0.05448567402536402,2.0816681711721685e-17,0.30741011002554214,0.3345772069461565,0.4037068754587717,0.3794024705544384,1.0697293857389618,1.1698341788445523,cột filter_* không áp dụng cho directional,,,,
WMA,i012,D,BNBUSDT,False,72698.0,72684.0,0.436022999257201,0.4195008530075395,4998.0,4837.0,3924.0,0.7210884353741497,0.7545999586520571,0.9872579001019368,0.7375699034062023,2.0,23.48198309439357,5.849928109273904,0.8153450410491268,0.07386438762876685,0.07040255790751626,0.04038801341459017,-2.7755575615628914e-17,0.34798828410719707,0.35120860419355115,0.4032359899859694,0.37959936162016394,1.081309729502003,1.1051147483943924,cột filter_* không áp dụng cho directional,,,,
WMA,i012,D,BNBUSDT,True,31956.0,26392.0,0.4354424834146952,0.44183843588966354,4998.0,4837.0,3924.0,0.24769907963185275,0.3758528013231342,0.4520897043832824,0.3107269954245043,2.0,26.16244421653678,5.436853002070394,0.8099902355669474,0.07466739899914561,0.07317222018796533,0.042170145245941655,2.0816681711721685e-17,0.3395242985209425,0.34201918726437647,0.403332707472775,0.3786696726280691,1.0796111382662603,1.166817592819584,cột filter_* không áp dụng cho directional,,,,
McGinley Dynamic,i013,D,BNBUSDT,False,37376.0,37373.0,0.4614458476027397,0.4577903834318893,4998.0,4837.0,3924.0,0.5190076030412165,0.5201571221831713,0.9067278287461774,0.5195729537366548,5.0,30.76582105837422,3.4930779880018457,0.8440076250835541,0.05263288193498874,0.052162503404055156,0.05119698957740203,-2.0816681711721685e-17,0.33893232517439187,0.33988378566393124,0.4026969178082192,0.37877344607069274,1.1458886999043265,1.208612663271145,cột filter_* không áp dụng cho directional,,,,
McGinley Dynamic,i013,D,BNBUSDT,True,16163.0,13071.0,0.45548474911835674,0.4809119424680591,4998.0,4837.0,3924.0,0.17026810724289715,0.2503617945007236,0.3937308868501529,0.20965937976614132,5.0,31.673052362707605,3.2813972830607154,0.8394713204157578,0.057038367765943794,0.055434364172975745,0.04805594764532273,-4.163336342344337e-17,0.32221665195251675,0.33588522912474916,0.40352657303718364,0.3790872924795349,1.128760234276778,1.268604756763302,cột filter_* không áp dụng cho directional,,,,
Guppy MMA,i014,D,BNBUSDT,False,13244.0,12287.0,0.5048323769254002,0.505412224302108,4998.0,4837.0,3924.0,0.29591836734693877,0.28778168286127764,0.6692150866462793,0.29191662430096593,16.0,39.766355140186704,1.6647262142987085,0.8260387811634349,0.0406015037593985,0.06569054214483577,0.06766917293233082,2.7755575615628914e-17,0.3220232540357804,0.3369643580718382,0.40430006040471156,0.380642142101408,1.248657683652221,1.3277884091127765,cột filter_* không áp dụng cho directional,,,,
Guppy MMA,i014,D,BNBUSDT,True,6177.0,4807.0,0.49554800064756355,0.5177865612648221,4998.0,4837.0,3924.0,0.11164465786314526,0.14223692371304528,0.2974006116207951,0.12669039145907474,15.0,40.26898734177245,1.5946953999171156,0.8227824806772175,0.04214206845785793,0.0645933014354067,0.07048214942951785,4.163336342344337e-17,0.31120018740471384,0.33535329448344514,0.40247693054881006,0.3798210942375702,1.2312457262378829,1.363238032643225,cột filter_* không áp dụng cho directional,,,,
MA Cross,i015,D,BNBUSDT,False,16789.0,16790.0,0.471737447138007,0.4477069684335914,4998.0,4837.0,3924.0,0.3897559023609444,0.368203431879264,0.8799694189602446,0.3791560752414845,10.0,33.354245085739166,1.5217209690893903,0.8246610076066586,0.02552089075074413,0.08863410869804873,0.061183992944548564,-3.469446951953614e-17,0.3241613943864605,0.336216973490709,0.4023050807076062,0.37821917808219174,1.1725863523977318,1.1837236036092784,cột filter_* không áp dụng cho directional,,,,
MA Cross,i015,D,BNBUSDT,True,7051.0,5761.0,0.4756772089065381,0.4686686339177226,4998.0,4837.0,3924.0,0.13165266106442577,0.1674591689063469,0.3682466870540265,0.1492628368073208,10.0,34.95389773679779,1.4136628904909028,0.8203610535661439,0.024711453092630956,0.09203906481207458,0.06288842852915064,-2.7755575615628914e-17,0.3107933327492367,0.3344804472119858,0.4060416962133031,0.3792657524735289,1.1714984282221446,1.2357262179912585,cột filter_* không áp dụng cho directional,,,,
EMA Cross,i016,D,BNBUSDT,False,14430.0,14428.0,0.49424809424809424,0.4749792070973108,4998.0,4837.0,3924.0,0.36554621848739494,0.34463510440355594,0.814729867482161,0.35526182003050333,10.0,35.508155583437365,1.3586907786578988,0.8462986620049755,0.02622201304377059,0.049687352921401196,0.07779197202985276,-4.163336342344337e-17,0.3257626880351901,0.3383728119439335,0.40103950103950103,0.37875311893540337,1.2324174874719198,1.2540601868372174,cột filter_* không áp dụng cho directional,,,,
EMA Cross,i016,D,BNBUSDT,True,5967.0,4846.0,0.49673202614379086,0.5008254230293026,4998.0,4837.0,3924.0,0.11824729891956783,0.151540210874509,0.33690112130479105,0.13462125063548552,10.0,36.522961574507995,1.2853363567649283,0.8459977867945407,0.026927333087421616,0.05016599040944301,0.07690888970859461,2.7755575615628914e-17,0.31099297526527997,0.33528049936296545,0.40235461706049946,0.3783223276929427,1.2345627590228458,1.3238061472168432,cột filter_* không áp dụng cho directional,,,,
MA-EMA Cross,i017,D,BNBUSDT,False,41655.0,41654.0,0.42220621774096745,0.40219426705718536,4998.0,4837.0,3924.0,0.5972388955582233,0.6131899937978086,0.9513251783893986,0.6050838840874428,3.0,24.875609574968554,3.4189384551838082,0.7943596969511324,0.055116502276950724,0.10230962445628868,0.04821417631562826,-5.551115123125783e-17,0.3457512028395504,0.3454509919067735,0.4038434761733286,0.3796154030825371,1.0454699472717435,1.0594782608695652,cột filter_* không áp dụng cho directional,,,,
MA-EMA Cross,i017,D,BNBUSDT,True,18392.0,15227.0,0.4236080904741192,0.4237210218690484,4998.0,4837.0,3924.0,0.2110844337735094,0.30039280545792846,0.4347604485219164,0.2550076258261312,4.0,28.003478092845867,3.1827242524916945,0.7880367464905037,0.05666804293971924,0.10306564822460776,0.05222956234516928,6.938893903907228e-18,0.3287348045069343,0.33927379651686046,0.4044040887342323,0.38007486701254345,1.0474871601817741,1.114835677506307,cột filter_* không áp dụng cho directional,,,,
SuperTrend,i018,D,BNBUSDT,False,11113.0,11110.0,0.502744533429317,0.47614761476147616,4998.0,4837.0,3924.0,0.33013205282112845,0.3130039280545793,0.7571355759429154,0.3217081850533808,9.0,36.50586701434214,1.0389568052159739,0.8364181209236735,0.01877313590692755,0.03719372466067337,0.10761501850872554,2.7755575615628914e-17,0.32771327179747056,0.3414373176085226,0.40406730855754525,0.3793924392439244,1.244209869944771,1.2550266307635733,cột filter_* không áp dụng cho directional,,,,
SuperTrend,i018,D,BNBUSDT,True,4613.0,3713.0,0.5031432907001951,0.4995960140048478,4998.0,4837.0,3924.0,0.10864345738295318,0.1310729791192888,0.30937818552497454,0.11967463141840366,10.0,38.32720588235258,0.9945629443747386,0.8385542168674699,0.01855421686746988,0.03566265060240964,0.10722891566265061,-2.7755575615628914e-17,0.31084424696929047,0.3361586327081055,0.40364188163884673,0.38097225962833287,1.2465091299677766,1.3113711074193206,cột filter_* không áp dụng cho directional,,,,
Ichimoku Cloud,i019,D,BNBUSDT,False,17418.0,16674.0,0.49471810770467334,0.487345567950102,4998.0,4837.0,3924.0,0.31092436974789917,0.2927434360140583,0.7104994903160041,0.3019827147941027,15.0,38.28455023869874,2.27683223341438,0.822179952735028,0.04634272868753242,0.06277018848348608,0.06870713009395354,-1.3877787807814457e-17,0.32882767175697886,0.33908970478167966,0.40301412332070274,0.37942005517572264,1.2275453366953004,1.2844486244260211,cột filter_* không áp dụng cho directional,,,,
Ichimoku Cloud,i019,D,BNBUSDT,True,7544.0,5967.0,0.48462354188759277,0.4997486173956762,4998.0,4837.0,3924.0,0.1014405762304922,0.1352077734132727,0.29867482161060144,0.11804778851042197,16.0,38.76811594202955,2.2001714530647236,0.8149279790484505,0.0528153644696639,0.0660555798050342,0.06620107667685145,-2.7755575615628914e-17,0.31334755342215115,0.3356486082369357,0.4025583244962885,0.3803921568627451,1.2038591985248113,1.3137721385144066,cột filter_* không áp dụng cho directional,,,,
Parabolic SAR,i020,D,BNBUSDT,False,27401.0,27400.0,0.4521732783475056,0.43916058394160584,4998.0,4837.0,3924.0,0.5494197679071628,0.5703948728550755,0.9418960244648318,0.559735638027453,4.0,28.602620087336927,2.2498641452016086,0.801698597669366,0.04776482981104747,0.08167094607939956,0.06886562644018698,-2.7755575615628914e-17,0.34610487832537634,0.34781779464799517,0.40364585234115535,0.3789489051094891,1.1202227787673031,1.1588912859234146,cột filter_* không áp dụng cho directional,,,,
Parabolic SAR,i020,D,BNBUSDT,True,11675.0,10091.0,0.44950749464668094,0.46288772173223663,4998.0,4837.0,3924.0,0.18607442977190877,0.2737233822617325,0.41768603465851173,0.2291814946619217,4.0,31.18279569892412,2.0816850757770355,0.7985143918291551,0.04650966489406601,0.0821304971722799,0.07284544610449903,1.3877787807814457e-17,0.32433158100794096,0.3395825485484299,0.4034518201284797,0.38062134575364187,1.1141540878500307,1.2161370529960815,cột filter_* không áp dụng cho directional,,,,
Directional Movement,i021,D,BNBUSDT,False,28360.0,28357.0,0.4691114245416079,0.44345311563282436,4998.0,4837.0,3924.0,0.46338535414165666,0.4628902212114947,0.877420998980632,0.46314184036603967,6.0,31.626497119396223,2.7291822955738936,0.8386406381736818,0.03985342758933783,0.0665088527141838,0.05499708152279655,-2.0816681711721685e-17,0.33393374422913896,0.3381974172085099,0.4039086741889985,0.37980392848326694,1.1614294381855723,1.1675843306933082,cột filter_* không áp dụng cho directional,,,,
Directional Movement,i021,D,BNBUSDT,True,12129.0,9980.0,0.4647538956220628,0.45831663326653305,4998.0,4837.0,3924.0,0.15466186474589835,0.22079801529873888,0.3766564729867482,0.18718861209964413,6.0,32.55269320843073,2.511901175052727,0.8334173810724491,0.042528155992603796,0.07085224407463439,0.05320221886031266,4.85722573273506e-17,0.3173190273947893,0.3350598761461254,0.40375958446697996,0.380315631262525,1.1510659152168585,1.2050954407134673,cột filter_* không áp dụng cho directional,,,,
Vortex,i022,D,BNBUSDT,False,31029.0,31046.0,0.4573785813271456,0.43728660697030214,4998.0,4837.0,3924.0,0.48659463785514206,0.4800496175315278,0.9288990825688074,0.483375699034062,7.0,30.781499202551128,2.9255863793308725,0.8405281720931588,0.03325851866965925,0.0785262482875215,0.047687060949660416,4.85722573273506e-17,0.33144886588449923,0.3355011790316748,0.4022607882948209,0.3792018295432584,1.1370200492719371,1.1531764166249034,cột filter_* không áp dụng cho directional,,,,
Vortex,i022,D,BNBUSDT,True,13473.0,10744.0,0.4578787204037705,0.4672375279225614,4998.0,4837.0,3924.0,0.16486594637855143,0.22493280959272277,0.4036697247706422,0.1944077275038129,7.0,32.34825332806651,2.764016018306636,0.8340497390236414,0.03369665336198956,0.08182376420018422,0.050429843414184834,-6.245004513516506e-17,0.3176353112216883,0.33460485225896663,0.4045758183032732,0.3790161950856292,1.131750094022033,1.2327640190071583,cột filter_* không áp dụng cho directional,,,,
Williams Alligator,i023,D,BNBUSDT,False,17559.0,17193.0,0.46733868671336637,0.4537893328680277,4998.0,4837.0,3924.0,0.32252901160464187,0.3024602026049204,0.7622324159021406,0.3126588713777326,15.0,36.32431876414386,2.141444114737883,0.8070315834400341,0.028755868544600938,0.12003841229193342,0.0441741357234315,2.7755575615628914e-17,0.31920407506013354,0.33270151146029375,0.4031493820832622,0.3789071133600884,1.1592196527709107,1.1976268506650498,cột filter_* không áp dụng cho directional,,,,
Williams Alligator,i023,D,BNBUSDT,True,7745.0,6168.0,0.46287927695287284,0.4666018158236057,4998.0,4837.0,3924.0,0.11064425770308123,0.14285714285714285,0.32772680937818555,0.12648703609557702,16.0,37.72430249160702,2.0035573122529646,0.7934228187919463,0.030604026845637584,0.12644295302013422,0.04953020134228188,-1.3877787807814457e-17,0.30985797626008876,0.33359328680962425,0.4036281471917366,0.38070687418936455,1.1467963276926523,1.2256196235414358,cột filter_* không áp dụng cho directional,,,,
Williams Fractal,i024,D,BNBUSDT,False,33312.0,32245.0,0.5047730547550432,0.4939370445030237,4998.0,4837.0,3924.0,0.45398159263705484,0.46847219350837294,0.8577981651376146,0.4611082867310625,7.0,34.608378870674514,4.49373497025693,0.8055157702270304,0.02779216821575499,0.04702117933871705,0.11967088221849764,-2.7755575615628914e-17,0.37142219562955003,0.3667500552513315,0.4030844740634006,0.37919212280973796,1.2522761039802495,1.3026036533750986,cột filter_* không áp dụng cho directional,,,,
Williams Fractal,i024,D,BNBUSDT,True,14198.0,11829.0,0.5066206507958867,0.5195705469608589,4998.0,4837.0,3924.0,0.16246498599439776,0.2338226173247881,0.3830275229357798,0.19755973563802745,8.0,37.50647668393823,4.025827045850261,0.7854665825977302,0.029791929382093317,0.05201765447667087,0.13272383354350567,-2.7755575615628914e-17,0.3409569238923393,0.3487833151692876,0.4042435554303423,0.38034068813931865,1.2532559740044777,1.3660661695246774,cột filter_* không áp dụng cho directional,,,,
Aroon,i025,D,BNBUSDT,False,21415.0,21454.0,0.4603782395517161,0.4412230819427613,4998.0,4837.0,3924.0,0.44537815126050423,0.4310523051478189,0.9125891946992865,0.43833248601931873,8.0,31.85900096859056,1.9224531170805879,0.8240316004077471,0.024294937138973835,0.0914458036017669,0.060227658851512066,3.469446951953614e-17,0.3302120247624351,0.3381892304293826,0.40338781228111137,0.37950265684720796,1.14127949713783,1.1626350276657027,cột filter_* không áp dụng cho directional,,,,
Aroon,i025,D,BNBUSDT,True,9235.0,7400.0,0.45641580942068216,0.46797297297297297,4998.0,4837.0,3924.0,0.14765906362545017,0.20053752325821791,0.39067278287461776,0.17366548042704627,9.0,33.77609108159353,1.7963591484109842,0.8186892932901642,0.021547393100368427,0.09456291168918164,0.06520040192028581,-4.163336342344337e-17,0.3148652264820227,0.33549779143927516,0.40448835950189493,0.3797702702702702,1.128378107055375,1.2322527844002422,cột filter_* không áp dụng cho directional,,,,
Trend Strength Index,i026,D,BNBUSDT,False,23000.0,22999.0,0.4607826086956522,0.44741075698943433,4998.0,4837.0,3924.0,0.47018807523009204,0.46599131693198265,0.916921508664628,0.4681240467717336,7.0,30.77935222672038,2.027798098024872,0.8297957070606508,0.032774481303014615,0.07721715582812314,0.06021265580821154,-4.163336342344337e-17,0.3329114944051563,0.3394032049358748,0.40287826086956524,0.3805382842732293,1.1437266624937945,1.1757312614259599,cột filter_* không áp dụng cho directional,,,,
Trend Strength Index,i026,D,BNBUSDT,True,9878.0,8082.0,0.45889856246203686,0.4720366245978718,4998.0,4837.0,3924.0,0.15606242496998798,0.21294190614016953,0.3965341488277268,0.1840366039654296,7.0,32.94981541131566,1.9197860962566844,0.8239700374531835,0.030482729920932167,0.07958801498127341,0.0659592176446109,-2.7755575615628914e-17,0.3167905892793927,0.3361519599726191,0.4043885401903219,0.3785820341499629,1.1347961597676837,1.246854266758179,cột filter_* không áp dụng cho directional,,,,
Zig Zag,i027,D,BNBUSDT,False,6879.0,6879.0,0.5448466346852741,0.5460095944177933,4998.0,4837.0,3924.0,0.5440176070428171,0.5451726276617739,0.5474006116207951,0.5445856634468734,7.0,43.464183533253866,0.0,0.3157978893508155,0.05388551327150624,0.27758234729772946,0.35273425007994885,-1.1102230246251565e-16,0.3653683318702186,0.36657433469241724,0.40039976740805355,0.3813272277947376,1.3607566213444187,1.4318662676553,cột filter_* không áp dụng cho directional,,,,
Zig Zag,i027,D,BNBUSDT,True,2273.0,3063.0,0.5437747470303563,0.5360757427358799,4998.0,4837.0,3924.0,0.16286514605842337,0.2621459582385776,0.20285423037716616,0.21169293340111844,7.0,43.03689064558655,0.0,0.2912937347436941,0.05573637103336045,0.2827502034174125,0.37021969080553296,-1.1102230246251565e-16,0.32773281288645606,0.34693108224757907,0.401935767707875,0.378305582761998,1.352889667250438,1.4170442286947145,cột filter_* không áp dụng cho directional,,,,
Linear Regression Curve,i028,D,BNBUSDT,False,96269.0,96270.0,0.41314441824471015,0.3881790796717565,4998.0,4837.0,3924.0,0.7775110044017607,0.7895389704362208,0.9895514780835881,0.7834265378749364,1.0,18.560353932920563,7.443217121159821,0.7838573260771604,0.0651062428507054,0.1095445249402059,0.04149190613192832,-3.469446951953614e-17,0.34420545852697754,0.3563476517487636,0.40345542178686805,0.37981094837436374,1.0240150359485327,1.0220323593440614,cột filter_* không áp dụng cho directional,,,,
Linear Regression Curve,i028,D,BNBUSDT,True,42292.0,35416.0,0.41376619691667454,0.4044217302913937,4998.0,4837.0,3924.0,0.26850740296118447,0.40086830680173663,0.46508664627930685,0.33360447381799696,1.0,21.29394779754602,6.877790834312574,0.7772741141088785,0.06651266181406093,0.11116680468988363,0.04504641938717692,4.163336342344337e-17,0.34578014988103106,0.34539320021089637,0.40319327532393834,0.37975491303365716,1.0262229611449785,1.0649545704641097,cột filter_* không áp dụng cho directional,,,,
Linear Regression Slope,i029,D,BNBUSDT,False,23000.0,22999.0,0.4607826086956522,0.44741075698943433,4998.0,4837.0,3924.0,0.47018807523009204,0.46599131693198265,0.916921508664628,0.4681240467717336,7.0,30.77935222672038,2.027798098024872,0.8297957070606508,0.032774481303014615,0.07721715582812314,0.06021265580821154,-4.163336342344337e-17,0.3329114944051563,0.3394032049358748,0.4036130434782608,0.38009478672985775,1.1416444937574735,1.1771031137751953,cột filter_* không áp dụng cho directional,,,,
Linear Regression Slope,i029,D,BNBUSDT,True,9878.0,8082.0,0.45889856246203686,0.4720366245978718,4998.0,4837.0,3924.0,0.15606242496998798,0.21294190614016953,0.3965341488277268,0.1840366039654296,7.0,32.94981541131566,1.9197860962566844,0.8239700374531835,0.030482729920932167,0.07958801498127341,0.0659592176446109,-2.7755575615628914e-17,0.3167905892793927,0.3361519599726191,0.4044087872038874,0.380475129918337,1.1347393453908257,1.2406504065040653,cột filter_* không áp dụng cho directional,,,,
Keltner Channels,i030,D,BNBUSDT,False,19439.0,19005.0,0.531971809249447,0.5303867403314917,4998.0,4837.0,3924.0,0.26330532212885155,0.28757494314657844,0.6325178389398572,0.27524148449415353,16.0,43.571428571429074,4.284447870495279,0.7747877711812684,0.02297064861565777,0.05282139488431449,0.14942018531875936,-2.7755575615628914e-17,0.3579065985662809,0.3580559350394192,0.4036241576212768,0.3790739279137069,1.3179880321945439,1.399164387934983,cột filter_* không áp dụng cho directional,,,,
Keltner Channels,i030,D,BNBUSDT,True,8782.0,7415.0,0.5365520382600775,0.5505057316250843,4998.0,4837.0,3924.0,0.10464185674269708,0.14905933429811866,0.30326197757390416,0.12648703609557702,19.0,46.21465918251191,3.7703368940016433,0.7310549777117384,0.027556396055653114,0.0633526948534378,0.17803593137917062,5.551115123125783e-17,0.33331404397823583,0.34657929587642794,0.4018105215212936,0.37792312879298723,1.3353359594184826,1.4566606002212468,cột filter_* không áp dụng cho directional,,,,
Donchian Channels,i031,D,BNBUSDT,False,28284.0,26208.0,0.529451279875548,0.5275106837606838,4998.0,4837.0,3924.0,0.33813525410164064,0.3427744469712632,0.7392966360856269,0.3404168784951703,13.0,40.53075995174888,5.3779804768763,0.7661139654367118,0.015646893974778142,0.05499766464269033,0.1632414759458197,-2.7755575615628914e-17,0.37915989307534964,0.37261530484852606,0.4043204638664969,0.37882326007326006,1.3094842512111091,1.3924981366209384,cột filter_* không áp dụng cho directional,,,,
Donchian Channels,i031,D,BNBUSDT,True,12301.0,10132.0,0.5341029184619137,0.5476707461508094,4998.0,4837.0,3924.0,0.1250500200080032,0.17262766177382674,0.3422528032619776,0.14844941535332995,15.0,43.30874604847218,4.869782376025687,0.7324995152220283,0.017452006980802792,0.06379678107426799,0.1862516967229009,2.7755575615628914e-17,0.34606884992689596,0.35281775934402365,0.4029591090155272,0.3782125937623372,1.325451904454487,1.4480499993476077,cột filter_* không áp dụng cho directional,,,,
Price Channel,i032,D,BNBUSDT,False,34985.0,34969.0,0.45819636987280266,0.4607509508421745,4998.0,4837.0,3924.0,0.538015206082433,0.54103783336779,0.9271151885830785,0.5395017793594306,5.0,30.941783583292647,3.1683810375670842,0.8406854966677245,0.05146514334073839,0.052284988892415105,0.05556437109912197,2.0816681711721685e-17,0.3417391367717794,0.34263148134275884,0.4036201229098185,0.3797120306557237,1.1352168632463804,1.2134220505115545,cột filter_* không áp dụng cho directional,,,,
Price Channel,i032,D,BNBUSDT,True,15218.0,12168.0,0.45695886450256273,0.49153517422748194,4998.0,4837.0,3924.0,0.1790716286514606,0.2569774653710978,0.40468909276248727,0.2173868835790544,5.0,32.664496146717646,3.013955984970478,0.8375198948169676,0.05176112379766106,0.0536295066085392,0.05708947477683205,3.469446951953614e-17,0.32378618712610746,0.33743221178361194,0.4023984754895518,0.38068293885601573,1.135587961526528,1.2911930744902478,cột filter_* không áp dụng cho directional,,,,
MA Channel,i033,D,BNBUSDT,False,37130.0,36775.0,0.4861028817667654,0.4742624065261727,4998.0,4837.0,3924.0,0.5036014405762305,0.5162290676038868,0.9023955147808359,0.5098118962887647,6.0,33.1360946745564,4.029924021040327,0.8445398932708578,0.04201483795392425,0.04571131068592998,0.06773395808928803,-2.7755575615628914e-17,0.34770872955271354,0.34722575860716415,0.4032184217613789,0.37962474507138,1.2055572253949172,1.2492926572449807,cột filter_* không áp dụng cho directional,,,,
MA Channel,i033,D,BNBUSDT,True,16061.0,12925.0,0.48521262686009586,0.503752417794971,4998.0,4837.0,3924.0,0.16926770708283315,0.24932809592722763,0.39576962283384304,0.20864260294865278,7.0,34.72222222222247,3.743966712898752,0.836738863914998,0.044340008173273396,0.047881759978204604,0.07103936793352404,-1.3877787807814457e-17,0.328004764943253,0.33966582779744453,0.40218230496233104,0.380742746615087,1.2064494655117697,1.3230781735790782,cột filter_* không áp dụng cho directional,,,,
Chande Kroll Stop,i034,D,BNBUSDT,False,43709.0,42990.0,0.5042897343796472,0.496557338916027,4998.0,4837.0,3924.0,0.47919167667066825,0.49762249328095925,0.877420998980632,0.48825622775800714,8.0,34.982332155477195,5.938750758035173,0.8216116370353267,0.03287924266912953,0.05084276148695451,0.09466635880858924,1.3877787807814457e-17,0.3688110820238876,0.365401246542475,0.40280262646136944,0.3801174691788789,1.2519524482991693,1.306326015451694,cột filter_* không áp dụng cho directional,,,,
Chande Kroll Stop,i034,D,BNBUSDT,True,19099.0,15798.0,0.5072516885700822,0.5213318141536903,4998.0,4837.0,3924.0,0.16826730692276912,0.2544965887947075,0.39882772680937817,0.2106761565836299,9.0,37.45762711864386,5.387682155622766,0.8011547752312497,0.03570376480292229,0.05762092735521122,0.10552053261061686,-2.7755575615628914e-17,0.3443613098296116,0.3491873558385466,0.4031179642913242,0.3798455500696291,1.2583207237162541,1.372483668844154,cột filter_* không áp dụng cho directional,,,,
52-Week High/Low,i035,D,BNBUSDT,False,2196.0,1719.0,0.5619307832422586,0.5578824898196626,4998.0,4837.0,3924.0,0.038815526210484196,0.046102956377920196,0.09021406727828746,0.04239959328927301,41.0,59.142496847415096,2.756160830090791,0.44889663182346107,0.033101045296167246,0.16608594657375145,0.3519163763066202,1.1102230246251565e-16,0.31683837362064116,0.341305053600204,0.4035974499089253,0.38292611983711455,1.3923050885704615,1.45689327763008,cột filter_* không áp dụng cho directional,,,,
52-Week High/Low,i035,D,BNBUSDT,True,2113.0,1616.0,0.563180312352106,0.5606435643564357,4998.0,4837.0,3924.0,0.03681472589035614,0.04341534008683068,0.0856269113149847,0.040061006609049314,41.0,58.80691642028454,2.7849315068493152,0.45744029393753827,0.03306797305572566,0.16166564605021433,0.34782608695652173,5.551115123125783e-17,0.3158008835176546,0.34080485715339265,0.4036204448651207,0.3756188118811881,1.3953215688573604,1.4925864909390447,cột filter_* không áp dụng cho directional,,,,
Majority Rule,i036,D,BNBUSDT,False,32436.0,33157.0,0.4634973486249846,0.43906264137286244,4998.0,4837.0,3924.0,0.4679871948779512,0.46971263179656814,0.8950050968399592,0.4688357905439756,7.0,30.914826498421892,3.4748245722023885,0.811644120996639,0.050304158217827286,0.07830338046165385,0.05974834032387989,0.0,0.3437431439286595,0.3448101046961704,0.40295659144160806,0.3792924570980486,1.1502413869612786,1.1575833717657165,cột filter_* không áp dụng cho directional,,,,
Majority Rule,i036,D,BNBUSDT,True,13990.0,11803.0,0.46075768406004286,0.45395238498686774,4998.0,4837.0,3924.0,0.16306522609043617,0.22245193301633243,0.3937308868501529,0.19227249618708694,8.0,33.097408668938165,3.1717112922002326,0.7971263135320609,0.052970190864250484,0.08513832296804633,0.06476517263564228,4.163336342344337e-17,0.32502639200571287,0.3388335893574255,0.40218370264474623,0.3793993052613742,1.1456398681252278,1.1965029421288285,cột filter_* không áp dụng cho directional,,,,
ADX,i037,F,BNBUSDT,False,,,,,,,,,,,,,,,,,,,,,,,,,,filter: không cho hướng → không có recall/precision/backtest,0.4973698237242535,0.3802634516633177,0.36200775410231356,1.0504290235613145
ADX,i037,F,BNBUSDT,True,,,,,,,,,,,,,,,,,,,,,,,,,,filter: HTF không áp dụng (filter không có hướng),,,,
MACD,i038,D,BNBUSDT,False,25115.0,25115.0,0.4518813458092773,0.43440175194107106,4998.0,4837.0,3924.0,0.508203281312525,0.5203638618978705,0.9215086646279307,0.5141840366039654,4.0,28.67924528302122,2.1125331488527612,0.8179543098208859,0.048586035536805974,0.06896428443745307,0.06449537020485503,2.7755575615628914e-17,0.34246673872726485,0.34562487750617144,0.4041449333067888,0.3799203663149513,1.1181170628860797,1.1434021191192343,cột filter_* không áp dụng cho directional,,,,
MACD,i038,D,BNBUSDT,True,10985.0,9086.0,0.45125170687300864,0.462029495927801,4998.0,4837.0,3924.0,0.17286914765906364,0.243332644200951,0.4064729867482161,0.20752414844941536,5.0,31.777160392946698,2.0176017601760177,0.8164162696958593,0.043330890436057166,0.066599486991572,0.07365335287651155,-6.938893903907228e-17,0.3228908108272584,0.3391470708952593,0.4047792444242148,0.38053048646268983,1.1148094006521985,1.214172089660159,cột filter_* không áp dụng cho directional,,,,
RSI,i039,D,BNBUSDT,False,37387.0,37384.0,0.462005509936609,0.4568799486411299,4998.0,4837.0,3924.0,0.5176070428171269,0.5189166838949762,0.9064729867482161,0.5182511438739197,5.0,30.704769659578513,3.4994222324936444,0.8429412637933594,0.053144638527388786,0.05227868771339502,0.0516354099658568,-4.163336342344337e-17,0.3390573160374825,0.33998708042680265,0.40346912028245113,0.3794698266638134,1.1450827007855746,1.2039954603449856,cột filter_* không áp dụng cho directional,,,,
RSI,i039,D,BNBUSDT,True,16183.0,13047.0,0.4565284557869369,0.47911397256074195,4998.0,4837.0,3924.0,0.17026810724289715,0.24829439735373166,0.3932212028542304,0.20864260294865278,5.0,31.6258351893086,3.2923504867872047,0.837662754153037,0.05785389006478096,0.0556731447630043,0.04881021101917773,-2.7755575615628914e-17,0.3222404186346772,0.3359028724956681,0.4038435395167769,0.3780026059630567,1.1304587324417785,1.2674885437365666,cột filter_* không áp dụng cho directional,,,,
Stochastic,i040,D,BNBUSDT,False,127742.0,127747.0,0.409771257691284,0.3866940123838525,4998.0,4837.0,3924.0,0.8309323729491797,0.8480463096960926,0.9936289500509684,0.8393492628368073,1.0,16.46174519190482,9.702567056113214,0.778048066603792,0.06668834758853946,0.11437770333994601,0.040885882467722526,-1.3877787807814457e-17,0.33418473645658014,0.36532496978445983,0.40367146279219057,0.3795208498046921,1.0151107904851664,1.0189005757729828,cột filter_* không áp dụng cho directional,,,,
Stochastic,i040,D,BNBUSDT,True,56326.0,46980.0,0.41210098355999003,0.40466155810983395,4998.0,4837.0,3924.0,0.28671468587434973,0.43270622286541244,0.46992864424057085,0.3585155058464667,1.0,19.22875974600067,9.025698324022347,0.7715731054466873,0.06838236497879933,0.11469639670612118,0.04534813286839219,-5.551115123125783e-17,0.3526258907386235,0.35111456126757323,0.4031468593544722,0.3790974882928905,1.0222105766118466,1.0674340258281865,cột filter_* không áp dụng cho directional,,,,
Stochastic RSI,i041,D,BNBUSDT,False,76413.0,76485.0,0.4172850169473781,0.39398574883964177,4998.0,4837.0,3924.0,0.742296918767507,0.7579077940872442,0.9849643221202854,0.7499745805795628,1.0,19.920318725099673,5.944666844586781,0.7859658003037039,0.06644072272717269,0.10643940227557824,0.04115407469354519,-1.3877787807814457e-17,0.3476902214466637,0.3517744377733838,0.4036865454830985,0.37958553964829705,1.0336857188242576,1.0379366643015093,cột filter_* không áp dụng cho directional,,,,
Stochastic RSI,i041,D,BNBUSDT,True,33620.0,28181.0,0.41751933372992267,0.41141194421773536,4998.0,4837.0,3924.0,0.2585034013605442,0.38060781476121563,0.4599898063200816,0.31855617691916627,1.0,22.676422249477174,5.491494532199271,0.7789604644733205,0.06762510367708045,0.108957699751175,0.04445673209842411,-3.469446951953614e-17,0.3405699883926909,0.34264728498408825,0.4022932778108269,0.38064476065434155,1.03784814899705,1.0808291266389796,cột filter_* không áp dụng cho directional,,,,
Connors RSI,i042,D,BNBUSDT,False,151331.0,151329.0,0.41582359199370916,0.39549590627044384,4998.0,4837.0,3924.0,0.8597438975590236,0.8854661980566467,0.9982161060142711,0.8723945094051856,1.0,17.069701280226692,11.378490837801072,0.7876008294280171,0.06683788907234146,0.11008822401227465,0.03547305748736679,-1.3877787807814457e-17,0.3128232273502226,0.35731384365260865,0.4034394803444106,0.37931361470702907,1.0306963305592365,1.0426620372588353,cột filter_* không áp dụng cho directional,,,,
Connors RSI,i042,D,BNBUSDT,True,66843.0,55177.0,0.41610939066169983,0.4133062689163963,4998.0,4837.0,3924.0,0.2933173269307723,0.4558610709117221,0.47298674821610603,0.37325876970005084,1.0,19.821826280623263,10.522525782522164,0.7808714163667175,0.06894861416506771,0.11138499460791866,0.03879497486029607,3.469446951953614e-17,0.34804967415306765,0.34749942389485916,0.4033316876860704,0.3792214147199014,1.0316803845711593,1.0898811429773039,cột filter_* không áp dụng cho directional,,,,
Awesome Oscillator,i043,D,BNBUSDT,False,13814.0,13813.0,0.4845808599971044,0.46832693839137046,4998.0,4837.0,3924.0,0.3509403761504602,0.3320239818069051,0.8152395514780836,0.3416370106761566,10.0,35.38767395626207,1.2928800121969812,0.8324115044247787,0.024820243362831857,0.07508296460176991,0.06768528761061947,1.3877787807814457e-17,0.3212516884924232,0.33589865356425325,0.40272911539018386,0.37866140592195763,1.203242679704492,1.2367960691718685,cột filter_* không áp dụng cho directional,,,,
Awesome Oscillator,i043,D,BNBUSDT,True,5700.0,4639.0,0.4863157894736842,0.49558094416900195,4998.0,4837.0,3924.0,0.11464585834333733,0.14843911515402108,0.3351172273190622,0.13126588713777326,11.0,36.718991694629096,1.189178818112049,0.8320045558086561,0.025246772968868642,0.0772589217919514,0.06548974943052392,-4.163336342344337e-17,0.3089867499630484,0.3343618157132733,0.4035438596491228,0.3771071351584393,1.205112598904443,1.3141648565222364,cột filter_* không áp dụng cho directional,,,,
Accelerator Oscillator,i044,D,BNBUSDT,False,37877.0,37874.0,0.42469044538902234,0.4085388393092887,4998.0,4837.0,3924.0,0.5764305722288916,0.5958238577630763,0.9441896024464832,0.5859684799186579,4.0,26.351351351351727,3.123574144486692,0.7977235698769009,0.0452796886314265,0.10954471397538015,0.047452027516292544,-5.551115123125783e-17,0.34147512260904506,0.3422732716204168,0.4038532618739604,0.37939615567407714,1.0515959272394464,1.076813334029264,cột filter_* không áp dụng cho directional,,,,
Accelerator Oscillator,i044,D,BNBUSDT,True,16663.0,13803.0,0.43035467802916644,0.43526769542853005,4998.0,4837.0,3924.0,0.20448179271708683,0.29212321686996073,0.4288990825688073,0.24758515505846468,4.0,29.67433306295304,2.9198640116561436,0.7922138022791693,0.04656678428877191,0.10695898652166368,0.05426042691039509,4.163336342344337e-17,0.326237373518166,0.33843988813976256,0.4035197743503571,0.37915308266318914,1.0665020784223325,1.1479998853528743,cột filter_* không áp dụng cho directional,,,,
Momentum,i045,D,BNBUSDT,False,45560.0,45535.0,0.4438542581211589,0.4302185132315801,4998.0,4837.0,3924.0,0.5710284113645459,0.586934050031011,0.9582059123343527,0.578851042196238,4.0,28.067484662578156,4.076272082936634,0.8352280482811067,0.04771561726108067,0.07269465514887975,0.04436167930893278,4.163336342344337e-17,0.33916932229121083,0.3391641602746987,0.4034503950834066,0.37906225980015373,1.1001458011446477,1.1349547524419776,cột filter_* không áp dụng cho directional,,,,
Momentum,i045,D,BNBUSDT,True,20034.0,16128.0,0.4447938504542278,0.4595114087301587,4998.0,4837.0,3924.0,0.19647859143657462,0.2832334091378954,0.42252803261977573,0.2391459074733096,5.0,30.516468118716723,3.858852867830424,0.8314012096774194,0.047832661290322584,0.07474798387096775,0.046018145161290325,-2.7755575615628914e-17,0.32555207070902975,0.3362904865963985,0.40276030747728864,0.3798952132936508,1.104363667910124,1.2095740947779892,cột filter_* không áp dụng cho directional,,,,
Chande Momentum Oscillator,i046,D,BNBUSDT,False,48278.0,48255.0,0.4419197149840507,0.428432286809657,4998.0,4837.0,3924.0,0.589235694277711,0.6096754186479223,0.9615188583078491,0.599288256227758,4.0,27.44525547445119,4.266680459294507,0.8304599809258308,0.049464456019367616,0.07572811972709266,0.0443474433277089,-1.3877787807814457e-17,0.34076886691750424,0.3404768557606113,0.4041105679605618,0.38018547300797845,1.0935613914139926,1.1269033596153897,cột filter_* không áp dụng cho directional,,,,
Chande Momentum Oscillator,i046,D,BNBUSDT,True,21177.0,17215.0,0.44208339235963545,0.4566947429567238,4998.0,4837.0,3924.0,0.20048019207683074,0.2981186685962373,0.4278797145769623,0.24850025419420438,5.0,29.646017699115866,4.021586223623575,0.825160619803477,0.05078420256991686,0.07955404383975813,0.04450113378684807,-5.551115123125783e-17,0.3269881864302366,0.3367415539063294,0.40280020777258346,0.37928841126924195,1.09752523417076,1.2040830391533743,cột filter_* không áp dụng cho directional,,,,
Price Oscillator,i047,D,BNBUSDT,False,13686.0,13684.0,0.49590822738564955,0.4788804443145279,4998.0,4837.0,3924.0,0.3543417366946779,0.33657225553028736,0.8042813455657493,0.345602440264362,10.0,35.752688172042866,1.2895499618611748,0.8462580185317178,0.027013542409123306,0.0488952245188881,0.07783321454027085,-2.7755575615628914e-17,0.3250091798953349,0.33829546597340215,0.4032807248282917,0.3805064308681672,1.2296849238128023,1.2585344306058366,cột filter_* không áp dụng cho directional,,,,
Price Oscillator,i047,D,BNBUSDT,True,5638.0,4565.0,0.4980489535296204,0.5033953997809419,4998.0,4837.0,3924.0,0.11384553821528612,0.14595823857763077,0.3318042813455658,0.12963904422979156,11.0,36.93516699410577,1.2072176949941793,0.8467726113400039,0.02687855601334118,0.049440847557386695,0.0769079850892682,-1.3877787807814457e-17,0.3105436909093425,0.33525974266108755,0.4038577509755232,0.3816867469879518,1.233228661147588,1.3188705234159779,cột filter_* không áp dụng cho directional,,,,
Detrended Price Oscillator,i048,D,BNBUSDT,False,23779.0,23774.0,0.4741999243029564,0.461764953310339,4998.0,4837.0,3924.0,0.4211684673869548,0.4105850733925987,0.8690112130479103,0.4159633960345704,9.0,34.10071942446027,2.3736835088654846,0.850903197754852,0.040673544408869916,0.048025613660619,0.06039764417565912,-4.85722573273506e-17,0.3320048036923892,0.33827973854589527,0.40316245426636954,0.3789013207705897,1.1762006091709432,1.2186944937833037,cột filter_* không áp dụng cho directional,,,,
Detrended Price Oscillator,i048,D,BNBUSDT,True,10100.0,8188.0,0.4759405940594059,0.4887640449438202,4998.0,4837.0,3924.0,0.1364545818327331,0.191027496382055,0.3654434250764526,0.16329435688866295,9.0,34.85978611126594,2.269078947368421,0.8428104230404051,0.0467348876463762,0.05243169110665682,0.05802299820656187,6.938893903907228e-18,0.3156154216124582,0.33524577214589996,0.4042970297029703,0.3813812896922325,1.1772052701180387,1.2815627251621167,cột filter_* không áp dụng cho directional,,,,
TRIX,i049,D,BNBUSDT,False,6599.0,6596.0,0.4993180784967419,0.49378411158277746,4998.0,4837.0,3924.0,0.2068827531012405,0.1935083729584453,0.6411824668705403,0.20030503304524658,21.0,39.71729420864855,0.5922871154703522,0.7856390185157308,0.031010085804606353,0.11290079783230468,0.07045009784735812,4.163336342344337e-17,0.31298857578345907,0.33567450907429564,0.402144264282467,0.38010915706488785,1.2416391898257184,1.2990587109125717,cột filter_* không áp dụng cho directional,,,,
TRIX,i049,D,BNBUSDT,True,2590.0,2132.0,0.4972972972972973,0.5065666041275797,4998.0,4837.0,3924.0,0.06142456982793117,0.07814761215629522,0.25,0.06964921199796645,22.0,40.48009846358603,0.5474189675870348,0.7939677145284622,0.03143585386576041,0.10067969413763807,0.07391673746813934,1.3877787807814457e-17,0.3045951763017715,0.3342357257234377,0.4045559845559846,0.3798311444652908,1.229242221798053,1.3336626327488268,cột filter_* không áp dụng cho directional,,,,
Fisher Transform,i050,D,BNBUSDT,False,60346.0,60343.0,0.42284492758426406,0.40440481911737897,4998.0,4837.0,3924.0,0.7064825930372148,0.7347529460409344,0.9824159021406728,0.7203863751906456,2.0,22.076972734866835,4.751005484460695,0.7926917152990717,0.0615806355890291,0.09987423872034365,0.045853410391555625,-4.85722573273506e-17,0.3508693531313336,0.351120451466396,0.4037798694196799,0.37909533831596043,1.0472164652289002,1.0667628383768837,cột filter_* không áp dụng cho directional,,,,
Fisher Transform,i050,D,BNBUSDT,True,26602.0,22067.0,0.4232388542214871,0.42452530928535825,4998.0,4837.0,3924.0,0.2462985194077631,0.3630349390117842,0.4538735983690112,0.30371123538383327,2.0,24.94567339125055,4.41128355704698,0.7873546822623209,0.06251337279794594,0.10067042293702304,0.04946152200271022,-6.245004513516506e-17,0.3373994970525331,0.3421619159605238,0.40243214795880017,0.3786763039833235,1.0517023959646907,1.121077038145101,cột filter_* không áp dụng cho directional,,,,
Ultimate Oscillator,i051,D,BNBUSDT,False,48732.0,48731.0,0.4372896659279324,0.4308551025014878,4998.0,4837.0,3924.0,0.5984393757503002,0.6167045689476949,0.9620285423037717,0.6074224707676665,3.0,26.818830242510668,4.249871781721202,0.8181373171129684,0.06106205921279258,0.07310042243051652,0.04770020124372246,-6.938893903907228e-18,0.34684851778802134,0.3460729089806245,0.40342998440449807,0.3800691551579077,1.0839295115196124,1.1336229121841788,cột filter_* không áp dụng cho directional,,,,
Ultimate Oscillator,i051,D,BNBUSDT,True,21511.0,17196.0,0.4337315791920413,0.4541753896254943,4998.0,4837.0,3924.0,0.20828331332533012,0.2987388877403349,0.43119266055045874,0.25277071682765634,4.0,29.402643831999214,3.959310674964098,0.8111930263828998,0.060648212546946724,0.0776649510826726,0.050493809987480875,0.0,0.33039386120726694,0.3389954938232023,0.4043326670075776,0.37920446615491976,1.0727097130242824,1.197705802968961,cột filter_* không áp dụng cho directional,,,,
Williams %R,i052,D,BNBUSDT,False,43510.0,43510.0,0.45116065272351186,0.4466789243851988,4998.0,4837.0,3924.0,0.601640656262505,0.6144304320860037,0.9587155963302753,0.6079308591764108,3.0,28.84615384615308,3.7542346781644595,0.8369096027525805,0.058096131790219996,0.05578146178709206,0.04921280367010739,2.0816681711721685e-17,0.34568338444022667,0.3450274205953014,0.4038841645598713,0.3793771546770857,1.1170545723553178,1.177400691840283,cột filter_* không áp dụng cho directional,,,,
Williams %R,i052,D,BNBUSDT,True,19189.0,15276.0,0.447235395278545,0.4778737889499869,4998.0,4837.0,3924.0,0.20148059223689477,0.2991523671697333,0.4258409785932722,0.24951703101169292,4.0,31.081081081080086,3.531878787878788,0.8339880535973739,0.058010009148146156,0.05747188290372921,0.05053005435075068,6.938893903907228e-18,0.328143689039087,0.3383757373499881,0.40377038928552816,0.37858405341712487,1.107647829425848,1.2622660268879955,cột filter_* không áp dụng cho directional,,,,
SMI Ergodic,i053,D,BNBUSDT,False,46933.0,46933.0,0.43287239255960624,0.4172117699699572,4998.0,4837.0,3924.0,0.6572629051620649,0.6859623733719248,0.9709480122324159,0.671377732587697,2.0,23.815620998719584,3.7638528762124266,0.8102058589190091,0.06926198373140136,0.07094813689340176,0.04958402045618781,-2.0816681711721685e-17,0.3530068510031965,0.3516621687660149,0.4042592632049944,0.37948991114993713,1.070779155752091,1.0994014800175178,cột filter_* không áp dụng cho directional,,,,
SMI Ergodic,i053,D,BNBUSDT,True,20631.0,17111.0,0.433183074014832,0.4449769154345158,4998.0,4837.0,3924.0,0.22549019607843138,0.3347115980979946,0.4418960244648318,0.2792069140823589,3.0,26.92238191985995,3.539732142857143,0.8071822943702516,0.06785899674390071,0.06851965457033646,0.0564390543155113,-4.163336342344337e-17,0.3351152268163133,0.34245915633351925,0.40327904609568127,0.3786833031383321,1.0741521986045757,1.1750634679342247,cột filter_* không áp dụng cho directional,,,,
Relative Vigor Index,i054,D,BNBUSDT,False,55938.0,55938.0,0.41612142014373055,0.3925953734491759,4998.0,4837.0,3924.0,0.6364545818327331,0.6561918544552409,0.9668705402650357,0.6461616675139806,3.0,23.036649214659267,4.578677702236673,0.788018848104685,0.050451694228518265,0.11958642216152945,0.04194303550526726,0.0,0.34243497296200903,0.342243189535957,0.4037613071615003,0.3800243126318424,1.0306124256163216,1.0330796225385506,cột filter_* không áp dụng cho directional,,,,
Relative Vigor Index,i054,D,BNBUSDT,True,24857.0,20392.0,0.4186748199702297,0.4095723813260102,4998.0,4837.0,3924.0,0.22609043617446978,0.32354765350423814,0.4434250764525994,0.27402135231316727,3.0,26.315789473683047,4.273731679819616,0.781766704416761,0.05130237825594564,0.11978104945262363,0.04714986787466969,4.85722573273506e-17,0.33181658269747927,0.33887442525083356,0.4048477290099369,0.3787343075715967,1.0341538064054534,1.0814240303503104,cột filter_* không áp dụng cho directional,,,,
True Strength Index,i055,D,BNBUSDT,False,21410.0,21409.0,0.46001868285847736,0.44098276425802235,4998.0,4837.0,3924.0,0.47579031612645056,0.4717800289435601,0.9026503567787971,0.47381799694966953,5.0,29.603333030880673,1.8246769080712022,0.8162692847124825,0.04547579582642696,0.06647116324535679,0.07178375621573378,-4.163336342344337e-17,0.33941745161260467,0.34459356846736666,0.40366184026155993,0.3800644588724368,1.1396139961121914,1.1602841411857243,cột filter_* không áp dụng cho directional,,,,
True Strength Index,i055,D,BNBUSDT,True,9289.0,7677.0,0.4590375713209172,0.4702357691806695,4998.0,4837.0,3924.0,0.1566626650660264,0.2199710564399421,0.3873598369011213,0.18779867819013726,6.0,32.83323716099208,1.7671517671517671,0.814232292124945,0.04003519577650682,0.062362516498020236,0.08336999560052794,2.7755575615628914e-17,0.3201620794489612,0.3384819009429108,0.4040262676283777,0.37797316660153707,1.136157740474287,1.2440982872109452,cột filter_* không áp dụng cho directional,,,,
Coppock Curve,i056,D,BNBUSDT,False,15616.0,15615.0,0.4801485655737705,0.45712455971821964,4998.0,4837.0,3924.0,0.3861544617847139,0.3669629935910688,0.8733435270132518,0.37671581087951195,10.0,33.56865539978199,1.3932978126752664,0.8321181078638143,0.024887014160891834,0.07749322084965352,0.06550165712564025,4.163336342344337e-17,0.3251575142309679,0.3374513616080086,0.4037941854508197,0.3797694524495678,1.1890923219652216,1.2036896511020048,cột filter_* không áp dụng cho directional,,,,
Coppock Curve,i056,D,BNBUSDT,True,6523.0,5337.0,0.4824467269661199,0.4806070826306914,4998.0,4837.0,3924.0,0.12745098039215685,0.16415133347115982,0.36493374108053006,0.14550076258261313,10.0,35.19999999999982,1.298987076493189,0.8300260247234873,0.024886141834743004,0.08002602472348731,0.06506180871828236,2.7755575615628914e-17,0.31084825790696824,0.3348501496382894,0.403204047217538,0.37858347386172003,1.1965324512375954,1.269487750556793,cột filter_* không áp dụng cho directional,,,,
Rate of Change,i057,D,BNBUSDT,False,48278.0,48255.0,0.4419197149840507,0.428432286809657,4998.0,4837.0,3924.0,0.589235694277711,0.6096754186479223,0.9615188583078491,0.599288256227758,4.0,27.44525547445119,4.266680459294507,0.8304599809258308,0.049464456019367616,0.07572811972709266,0.0443474433277089,-1.3877787807814457e-17,0.34076886691750424,0.3404768557606113,0.40422242014996473,0.37927261423686665,1.0932587925729118,1.1296156662186232,cột filter_* không áp dụng cho directional,,,,
Rate of Change,i057,D,BNBUSDT,True,21177.0,17215.0,0.44208339235963545,0.4566947429567238,4998.0,4837.0,3924.0,0.20048019207683074,0.2981186685962373,0.4278797145769623,0.24850025419420438,5.0,29.646017699115866,4.021586223623575,0.825160619803477,0.05078420256991686,0.07955404383975813,0.04450113378684807,-5.551115123125783e-17,0.3269881864302366,0.3367415539063294,0.4022902205222648,0.3795207667731629,1.0989165776530934,1.2033458586198718,cột filter_* không áp dụng cho directional,,,,
Klinger Oscillator,i058,D,BNBUSDT,False,47604.0,47604.0,0.42250651205781026,0.40605831442735907,4998.0,4837.0,3924.0,0.6096438575430172,0.6198056646681828,0.9439347604485219,0.6146415861718353,3.0,24.324324324324206,4.0335419017335115,0.800322783107684,0.056935353716488835,0.09538240832063122,0.04735945485519591,2.7755575615628914e-17,0.3466157148469943,0.34593994425756497,0.4040416771699856,0.3789639526090245,1.045700322345846,1.0714958814203832,cột filter_* không áp dụng cho directional,,,,
Klinger Oscillator,i058,D,BNBUSDT,True,21114.0,17348.0,0.4241735341479587,0.4282914456997925,4998.0,4837.0,3924.0,0.2118847539015606,0.3018399834608228,0.43119266055045874,0.2561260803253686,3.0,27.991886409735855,3.8107337924483495,0.7980612429788005,0.05485595216524733,0.09440115963036783,0.05268164522558434,-4.163336342344337e-17,0.33156076372446747,0.3399995011604257,0.4032608695652174,0.37897452155868117,1.0518588986957467,1.1301325586170705,cột filter_* không áp dụng cho directional,,,,
Bollinger Bands,i059,D,BNBUSDT,False,17990.0,19208.0,0.522568093385214,0.5222303206997084,4998.0,4837.0,3924.0,0.29931972789115646,0.3252015712218317,0.7204383282364933,0.31204880528723944,13.0,40.26764980559731,3.3599050203527816,0.7767083192615107,0.017336485421591805,0.05403579871664978,0.15191939660024767,0.0,0.3579528843914163,0.3582863295600988,0.4035214007782102,0.37933413161182844,1.2950195265416324,1.3767026934294044,cột filter_* không áp dụng cho directional,,,,
Bollinger Bands,i059,D,BNBUSDT,True,8109.0,7248.0,0.5239856949068936,0.5509105960264901,4998.0,4837.0,3924.0,0.11124449779911964,0.16642547033285093,0.32976554536187563,0.1383833248601932,15.0,43.4532374100714,3.046704331450094,0.7384399156711173,0.019536191145467324,0.06408995080815179,0.17793394237526353,2.7755575615628914e-17,0.3325349746753276,0.34636683195023227,0.4057898631150573,0.37961506622516555,1.291273495312334,1.4512348034672626,cột filter_* không áp dụng cho directional,,,,
BB %B,i060,D,BNBUSDT,False,38725.0,38725.0,0.4580761781794706,0.4506649451258877,4998.0,4837.0,3924.0,0.5478191276510604,0.5579904899731238,0.9401121304791029,0.5528215556685308,4.0,30.183651664457443,3.4984659215428446,0.8466362195035377,0.05248586100002366,0.05068742753023025,0.05019049196620838,-3.469446951953614e-17,0.3408137695312454,0.3412475834567521,0.4035442220787605,0.37919561007101354,1.1351325409141082,1.1884761668034336,cột filter_* không áp dụng cho directional,,,,
BB %B,i060,D,BNBUSDT,True,16937.0,13596.0,0.45415362815138455,0.4809502794939688,4998.0,4837.0,3924.0,0.18087234893957582,0.26896836882365105,0.41309887869520895,0.22419928825622776,5.0,31.81842725143659,3.3204391008886565,0.8425960004907374,0.053306342780026994,0.05410379094589621,0.04999386578333947,-2.0816681711721685e-17,0.32397582322089297,0.3366517201497832,0.4033447481844483,0.37920344218887914,1.1259688645895087,1.2683172829808071,cột filter_* không áp dụng cho directional,,,,
Standard Error Bands,i061,D,BNBUSDT,False,25709.0,27183.0,0.4841884165078377,0.4688592134790126,4998.0,4837.0,3924.0,0.4545818327330932,0.4571015091999173,0.8588175331294597,0.455821047280122,5.0,32.183908045974306,3.1235196740099327,0.7913643091808369,0.04075959420917723,0.054334091483447054,0.11354200512653886,-5.551115123125783e-17,0.3650460682306675,0.3620855385694249,0.40313314403516276,0.3786189898098076,1.2010632806356527,1.238340458608628,cột filter_* không áp dụng cho directional,,,,
Standard Error Bands,i061,D,BNBUSDT,True,11103.0,9868.0,0.48338286949473114,0.49179164977705714,4998.0,4837.0,3924.0,0.15346138455382152,0.21459582385776307,0.38149847094801226,0.1835282155566853,6.0,34.78789802179221,2.9339794064203515,0.7760208352711375,0.039438191796111986,0.05897125848758255,0.1255697144451679,2.7755575615628914e-17,0.3348184959056523,0.3462192611962856,0.40476898135639017,0.3794031211998378,1.1942191515636995,1.2962245756487134,cột filter_* không áp dụng cho directional,,,,
Envelopes,i062,D,BNBUSDT,False,0.0,1.0,,1.0,4998.0,4837.0,3924.0,0.0,0.0002067397146991937,0.0,0.00010167768174885612,1.0,36.00344245473502,0.0,,,,,,0.29904834337574865,0.3333390176383986,,0.2,,5.0,cột filter_* không áp dụng cho directional; không có tín hiệu Long hoặc Short trong train → precision/lift/độ trễ chiều đó là NaN,,,,
Envelopes,i062,D,BNBUSDT,True,0.0,1.0,,1.0,4998.0,4837.0,3924.0,0.0,0.0002067397146991937,0.0,0.00010167768174885612,1.0,36.00344245473502,0.0,,,,,,0.29904834337574865,0.3333390176383986,,0.35,,2.857142857142857,cột filter_* không áp dụng cho directional; không có tín hiệu Long hoặc Short trong train → precision/lift/độ trễ chiều đó là NaN,,,,
BB Width,i063,F,BNBUSDT,False,,,,,,,,,,,,,,,,,,,,,,,,,,filter: không cho hướng → không có recall/precision/backtest,0.4929629300607891,0.45671467922973946,0.36200775410231356,1.261615736276906
BB Width,i063,F,BNBUSDT,True,,,,,,,,,,,,,,,,,,,,,,,,,,filter: HTF không áp dụng (filter không có hướng),,,,
ATR,i064,F,BNBUSDT,False,,,,,,,,,,,,,,,,,,,,,,,,,,filter: không cho hướng → không có recall/precision/backtest,0.48300696727032755,0.4855358057777953,0.36200775410231356,1.3412304025967612
ATR,i064,F,BNBUSDT,True,,,,,,,,,,,,,,,,,,,,,,,,,,filter: HTF không áp dụng (filter không có hướng),,,,
Historical Volatility,i065,F,BNBUSDT,False,,,,,,,,,,,,,,,,,,,,,,,,,,filter: không cho hướng → không có recall/precision/backtest,0.4899663058238258,0.4570667253766233,0.36200775410231356,1.2625882186143542
Historical Volatility,i065,F,BNBUSDT,True,,,,,,,,,,,,,,,,,,,,,,,,,,filter: HTF không áp dụng (filter không có hướng),,,,
Chaikin Volatility,i066,F,BNBUSDT,False,,,,,,,,,,,,,,,,,,,,,,,,,,filter: không cho hướng → không có recall/precision/backtest,0.499114814015762,0.35705113943362043,0.36200775410231356,0.9863079875706412
Chaikin Volatility,i066,F,BNBUSDT,True,,,,,,,,,,,,,,,,,,,,,,,,,,filter: HTF không áp dụng (filter không có hướng),,,,
Close-to-Close Volatility,i067,F,BNBUSDT,False,,,,,,,,,,,,,,,,,,,,,,,,,,filter: không cho hướng → không có recall/precision/backtest,0.4899663058238258,0.4570667253766233,0.36200775410231356,1.2625882186143542
Close-to-Close Volatility,i067,F,BNBUSDT,True,,,,,,,,,,,,,,,,,,,,,,,,,,filter: HTF không áp dụng (filter không có hướng),,,,
Non-Directional Close-to-Close Volatility,i068,F,BNBUSDT,False,,,,,,,,,,,,,,,,,,,,,,,,,,filter: không cho hướng → không có recall/precision/backtest,0.4889922839702019,0.4607671071114586,0.36200775410231356,1.2728100486522531
Non-Directional Close-to-Close Volatility,i068,F,BNBUSDT,True,,,,,,,,,,,,,,,,,,,,,,,,,,filter: HTF không áp dụng (filter không có hướng),,,,
O-H-L-C Volatility,i069,F,BNBUSDT,False,,,,,,,,,,,,,,,,,,,,,,,,,,filter: không cho hướng → không có recall/precision/backtest,0.48703154942447047,0.4728008260236537,0.36200775410231356,1.3060516540483464
O-H-L-C Volatility,i069,F,BNBUSDT,True,,,,,,,,,,,,,,,,,,,,,,,,,,filter: HTF không áp dụng (filter không có hướng),,,,
Relative Volatility Index,i070,F,BNBUSDT,False,,,,,,,,,,,,,,,,,,,,,,,,,,filter: không cho hướng → không có recall/precision/backtest,0.4988498927624148,0.37450510870913273,0.36200775410231356,1.0345223395499066
Relative Volatility Index,i070,F,BNBUSDT,True,,,,,,,,,,,,,,,,,,,,,,,,,,filter: HTF không áp dụng (filter không có hướng),,,,
Standard Deviation,i071,F,BNBUSDT,False,,,,,,,,,,,,,,,,,,,,,,,,,,filter: không cho hướng → không có recall/precision/backtest,0.49298831173775653,0.45667185810636873,0.36200775410231356,1.2614974484146007
Standard Deviation,i071,F,BNBUSDT,True,,,,,,,,,,,,,,,,,,,,,,,,,,filter: HTF không áp dụng (filter không có hướng),,,,
Mass Index,i073,F,BNBUSDT,False,,,,,,,,,,,,,,,,,,,,,,,,,,filter: không cho hướng → không có recall/precision/backtest,0.49976204677843067,0.3623499387375491,0.36200775410231356,1.000945241176074
Mass Index,i073,F,BNBUSDT,True,,,,,,,,,,,,,,,,,,,,,,,,,,filter: HTF không áp dụng (filter không có hướng),,,,
Net Volume,i074,D,BNBUSDT,False,35968.0,35967.0,0.4365547153024911,0.41376817638390745,4998.0,4837.0,3924.0,0.4913965586234494,0.4839776721108125,0.9138634046890928,0.48774783934926286,7.0,29.132231404958514,3.431707026124299,0.8137409010664797,0.045996469251045925,0.09504002321588353,0.04522260646659089,-1.3877787807814457e-17,0.33640031503455625,0.3383116724673665,0.40305966414590744,0.378933466789001,1.0831019676145477,1.0919283004747196,cột filter_* không áp dụng cho directional,,,,
Net Volume,i074,D,BNBUSDT,True,15487.0,12855.0,0.43468715697036225,0.4344612991054065,4998.0,4837.0,3924.0,0.16626650660264106,0.2336158776100889,0.3978083588175331,0.19938993390950685,8.0,31.47283273901522,3.2177739920499717,0.8066146645865835,0.04655226209048362,0.10034321372854914,0.04648985959438377,-2.7755575615628914e-17,0.3213410136006955,0.3357979977288858,0.40445534964809193,0.379801633605601,1.074746958715157,1.1439163517568383,cột filter_* không áp dụng cho directional,,,,
OBV,i075,D,BNBUSDT,False,38439.0,38438.0,0.4428835297484326,0.4180758624278058,4998.0,4837.0,3924.0,0.5014005602240896,0.5027909861484391,0.8914373088685015,0.5020843924758516,5.0,29.443330730000795,3.6986723565670934,0.8124614576433775,0.05659730945800882,0.08092181897083343,0.05001941392778019,4.85722573273506e-17,0.341516751382488,0.3420551128863853,0.403249304092198,0.37995603309225245,1.098287152027354,1.100326948424314,cột filter_* không áp dụng cho directional,,,,
OBV,i075,D,BNBUSDT,True,16412.0,13864.0,0.4391908359736778,0.4361656087709175,4998.0,4837.0,3924.0,0.16946778711484595,0.2435393839156502,0.39424057084607544,0.20589730554143365,5.0,31.225477668706226,3.41545352743561,0.8067681099817872,0.05933846425004406,0.08495388050055813,0.0489395452676106,2.7755575615628914e-17,0.3241306511086854,0.3370019953679637,0.40427126492810145,0.3781412290825159,1.086376584424784,1.1534463190622883,cột filter_* không áp dụng cho directional,,,,
Accumulation/Distribution,i076,D,BNBUSDT,False,38417.0,38414.0,0.4369419788114637,0.42648513562763574,4998.0,4837.0,3924.0,0.5244097639055623,0.5180897250361794,0.898572884811417,0.5213014743263854,4.0,27.977044476327663,3.6229053507454063,0.8129952819385278,0.06488479684851817,0.06900737483395172,0.05311254637900233,6.938893903907228e-18,0.34719666601276256,0.34679121803473983,0.403236848270297,0.3786731400010413,1.0835864348353739,1.1262619145008885,cột filter_* không áp dụng cho directional,,,,
Accumulation/Distribution,i076,D,BNBUSDT,True,16736.0,13680.0,0.439651051625239,0.4571637426900585,4998.0,4837.0,3924.0,0.18047218887555022,0.2503617945007236,0.4023955147808359,0.21484494153533298,4.0,30.08737543497293,3.4198266522210186,0.808974053796715,0.06718638419423947,0.07004284694120448,0.05379671506784099,0.0,0.3282225212969985,0.3395553072418866,0.40223470363288716,0.3788377192982456,1.0930211830416827,1.2067534973468403,cột filter_* không áp dụng cho directional,,,,
MFI,i077,D,BNBUSDT,False,30503.0,30502.0,0.4475625348326394,0.4185955019342994,4998.0,4837.0,3924.0,0.45778311324529813,0.4515195369030391,0.9085117227319062,0.4547025927808846,8.0,30.337078651686223,2.9494836381734477,0.828393812346393,0.03776203556455111,0.08821743530432269,0.04562671678473327,-3.469446951953614e-17,0.3311792744690673,0.33552583262265884,0.40336196439694455,0.37874073831224175,1.1095804124758712,1.1052296718849415,cột filter_* không áp dụng cho directional,,,,
MFI,i077,D,BNBUSDT,True,13170.0,10696.0,0.44935459377372816,0.4481114435302917,4998.0,4837.0,3924.0,0.1562625050020008,0.21252842671077113,0.4001019367991845,0.18393492628368074,9.0,32.22683264177088,2.7659070730985498,0.8235651843405549,0.039148612694792854,0.08992778411250475,0.04735841885214747,-6.938893903907228e-18,0.3174102991931565,0.33461832061228486,0.4032611996962795,0.37874439042632757,1.1143015844622899,1.1831500475185446,cột filter_* không áp dụng cho directional,,,,
Chaikin Money Flow,i078,D,BNBUSDT,False,29937.0,29936.0,0.4373183685740054,0.41982896846606094,4998.0,4837.0,3924.0,0.4371748699479792,0.4198883605540624,0.8723241590214067,0.42867310625317745,7.0,29.594272076372953,3.039141248854562,0.8101598807470844,0.049747172127553856,0.0884751410282641,0.051617806097097596,-1.3877787807814457e-17,0.33670007681681474,0.3400048415001223,0.40463306276514005,0.3799622528059861,1.0807776447764892,1.1049228321120397,cột filter_* không áp dụng cho directional,,,,
Chaikin Money Flow,i078,D,BNBUSDT,True,13053.0,10637.0,0.44074159197119434,0.4419479176459528,4998.0,4837.0,3924.0,0.14965986394557823,0.19950382468472194,0.3853211009174312,0.17417386883579056,8.0,32.15898825654892,2.847751937984496,0.8051526140828045,0.0528105167724388,0.08824418253248716,0.05379268661226957,-6.938893903907228e-18,0.32019585472866696,0.33642334818963526,0.4046272887458821,0.3793691830403309,1.0892532565889126,1.1649547127262816,cột filter_* không áp dụng cho directional,,,,
Chaikin Oscillator,i079,D,BNBUSDT,False,32997.0,32995.0,0.44200987968603206,0.431095620548568,4998.0,4837.0,3924.0,0.530812324929972,0.538970436220798,0.9217635066258919,0.5348246059989832,4.0,28.411633109620375,2.931283091134392,0.8123066992980663,0.06263615092918808,0.06640131242772235,0.05865583734502326,1.3877787807814457e-17,0.3473692874525009,0.34762070348029384,0.40228960208503806,0.3798605849371116,1.0987355313066176,1.1348785255515221,cột filter_* không áp dụng cho directional,,,,
Chaikin Oscillator,i079,D,BNBUSDT,True,14379.0,11795.0,0.44224215870366507,0.4595167443832132,4998.0,4837.0,3924.0,0.18507402961184474,0.2594583419474881,0.4156472986748216,0.22165734621250635,4.0,30.57627118644139,2.7271057465232222,0.8093782563390066,0.06425842306356373,0.0647447030218826,0.06161861757554706,6.938893903907228e-18,0.3268968943727427,0.339833147834252,0.4017003964114334,0.3805510809665113,1.1009253728759272,1.207503453192532,cột filter_* không áp dụng cho directional,,,,
Ease of Movement,i080,D,BNBUSDT,False,33899.0,33897.0,0.44635534971533086,0.43576127680915716,4998.0,4837.0,3924.0,0.5266106442577031,0.5257390944800496,0.9332313965341489,0.5261820030503305,5.0,29.30591259640078,3.0463958356908454,0.8177811790784821,0.04378001794479337,0.08761281469361905,0.05082598828310551,-4.85722573273506e-17,0.33977406503935353,0.34145347488042715,0.402952889465766,0.3792857775024338,1.1077110039019888,1.1488995967067628,cột filter_* không áp dụng cho directional,,,,
Ease of Movement,i080,D,BNBUSDT,True,14658.0,11975.0,0.4483558466366489,0.4624634655532359,4998.0,4837.0,3924.0,0.1788715486194478,0.24540004134794294,0.41284403669724773,0.2115912557193696,6.0,31.285714285715066,2.8954336665766007,0.8110583212834813,0.043172898161536875,0.09095916821593335,0.05480961233904841,4.163336342344337e-17,0.32258685298880374,0.33704985922461755,0.40188634192932193,0.37932359081419625,1.1156284746683414,1.2191792884818597,cột filter_* không áp dụng cho directional,,,,
Elder Force Index,i081,D,BNBUSDT,False,34918.0,34916.0,0.45283235007732403,0.4339557795852904,4998.0,4837.0,3924.0,0.5208083233293317,0.5263593136241472,0.9018858307849134,0.5235383833248602,4.0,29.600463751076774,3.237914364640884,0.8351170568561873,0.054952405454077695,0.0579109853357345,0.05201955235400051,-2.7755575615628914e-17,0.3416957983494069,0.3426459368572654,0.4040953090096798,0.3800607171497308,1.120607787274454,1.1418064535575951,cột filter_* không áp dụng cho directional,,,,
Elder Force Index,i081,D,BNBUSDT,True,14964.0,12488.0,0.45094894413258485,0.4604420243433696,4998.0,4837.0,3924.0,0.17366946778711484,0.2567707256563986,0.39143730886850153,0.21453990849008642,5.0,31.73692692932676,3.0367526055951726,0.830948241273238,0.05630600508225224,0.06045205296241808,0.05229370068209175,-3.469446951953614e-17,0.3235862636256865,0.33732915488432336,0.4037222667735899,0.37971252402306216,1.1169781338453644,1.2126068939338022,cột filter_* không áp dụng cho directional,,,,
Price & Volume Trend,i082,D,BNBUSDT,False,26376.0,26374.0,0.46201091901728847,0.43702130886479107,4998.0,4837.0,3924.0,0.4411764705882353,0.4389084143063883,0.839704383282365,0.4400610066090493,6.0,31.710079275197934,2.6357077266168174,0.8342516702252222,0.049762380329223775,0.056994283352847994,0.05899166609270611,-6.245004513516506e-17,0.3375602395744934,0.34152326805136446,0.4030785562632696,0.3799916584515053,1.1462056510779188,1.1500813219050279,cột filter_* không áp dụng cho directional,,,,
Price & Volume Trend,i082,D,BNBUSDT,True,11157.0,9420.0,0.4604284305816976,0.4597664543524416,4998.0,4837.0,3924.0,0.14705882352941177,0.20963407070498244,0.3577981651376147,0.17783426537874936,6.0,32.9836829836833,2.460196638122423,0.8313079485102169,0.054100279053020076,0.05968133945449636,0.05491043298226663,-6.938893903907228e-18,0.3188740388447491,0.33649546464474706,0.40476830689253374,0.38022823779193204,1.1375110717449073,1.2091854540378308,cột filter_* không áp dụng cho directional,,,,
Volume,i083,F,BNBUSDT,False,,,,,,,,,,,,,,,,,,,,,,,,,,filter: không cho hướng → không có recall/precision/backtest,0.4931612244120969,0.43519784352010604,0.36200775410231356,1.2021782367598317
Volume,i083,F,BNBUSDT,True,,,,,,,,,,,,,,,,,,,,,,,,,,filter: HTF không áp dụng (filter không có hướng),,,,
Volume Oscillator,i084,F,BNBUSDT,False,,,,,,,,,,,,,,,,,,,,,,,,,,filter: không cho hướng → không có recall/precision/backtest,0.3791816312803787,0.35870006317277964,0.36200775410231356,0.9908629279565125
Volume Oscillator,i084,F,BNBUSDT,True,,,,,,,,,,,,,,,,,,,,,,,,,,filter: HTF không áp dụng (filter không có hướng),,,,
Volume Profile Fixed Range,i085,F,BNBUSDT,False,,,,,,,,,,,,,,,,,,,,,,,,,,filter: không cho hướng → không có recall/precision/backtest,0.5646169904945619,0.39364353325597534,0.36200775410231356,1.0873897832164132
Volume Profile Fixed Range,i085,F,BNBUSDT,True,,,,,,,,,,,,,,,,,,,,,,,,,,filter: HTF không áp dụng (filter không có hướng),,,,
VWAP,i086,D,BNBUSDT,False,8553.0,8552.0,0.4802993101835613,0.44235266604303086,4998.0,4837.0,3924.0,0.17086834733893558,0.15443456688029772,0.3886340468909276,0.16278596847991866,10.0,37.32037394339238,1.6401151631477926,0.7861949207727371,0.06077707835901888,0.07705665291947038,0.07597134794877361,1.3877787807814457e-17,0.3218049489209949,0.3395008233377916,0.4022915935928914,0.3805951824134705,1.1939083933968844,1.1622655421908845,cột filter_* không áp dụng cho directional,,,,
VWAP,i086,D,BNBUSDT,True,3823.0,2775.0,0.4710959979074026,0.44828828828828826,4998.0,4837.0,3924.0,0.06382553021208483,0.06512301013024602,0.16411824668705402,0.06446365022877479,7.5,33.04787741036763,1.4749608763693272,0.7742752603433718,0.07430340557275542,0.08471714044469462,0.06670419363917816,0.0,0.3081808113263374,0.33543250586483603,0.40353125817420865,0.3815315315315315,1.1674337201011218,1.174970484061393,cột filter_* không áp dụng cho directional,,,,
VWMA,i087,D,BNBUSDT,False,40526.0,40525.0,0.4547204263929329,0.44935225169648363,4998.0,4837.0,3924.0,0.579031612645058,0.5904486251808972,0.9492864424057085,0.5846466700559227,4.0,29.499999999999154,3.5442744063324536,0.8371873100218404,0.05748316934230968,0.053948168329092834,0.05138135230675703,2.0816681711721685e-17,0.34501760411293453,0.3446443299619318,0.40398386221191335,0.37991610117211605,1.1255905716214112,1.1827670643864352,cột filter_* không áp dụng cho directional,,,,
VWMA,i087,D,BNBUSDT,True,17830.0,14240.0,0.45137408861469436,0.48082865168539324,4998.0,4837.0,3924.0,0.19367747098839536,0.28447384742609055,0.4192150866462793,0.23833248601931875,4.0,31.57076205287696,3.3672599649034844,0.8337700145560407,0.05723435225618632,0.05636098981077147,0.05263464337700145,4.85722573273506e-17,0.3268815003961633,0.33816006282482647,0.40303982052720133,0.37892907303370793,1.119924299351535,1.268914648949675,cột filter_* không áp dụng cho directional,,,,
Pivot Points Standard,i088,D,BNBUSDT,False,3488.0,3479.0,0.45240825688073394,0.43805691290600746,4998.0,4837.0,3924.0,0.07162865146058424,0.059954517262766176,0.17380224260958205,0.06588713777325877,12.0,39.721145841444034,1.418796992481203,0.7979301423027166,0.05510996119016818,0.07089262613195343,0.07606727037516171,4.163336342344337e-17,0.30894420328618927,0.3356990206266577,0.40402809633027525,0.3788013797068123,1.119744544970729,1.1564290321356754,cột filter_* không áp dụng cho directional,,,,
Pivot Points Standard,i088,D,BNBUSDT,True,1003.0,1025.0,0.4287138584247258,0.4165853658536585,4998.0,4837.0,3924.0,0.019007603041216486,0.023154848046309694,0.05071355759429154,0.021047280122013217,13.0,38.81527956218004,1.1798029556650247,0.7796754910333049,0.06917164816396243,0.08539709649871904,0.06575576430401367,-5.551115123125783e-17,0.3019865468036445,0.3339896409648337,0.40019940179461616,0.37956097560975616,1.0712506228201295,1.0975453026603261,cột filter_* không áp dụng cho directional,,,,
Balance of Power,i089,D,BNBUSDT,False,38506.0,38506.0,0.44338544642393396,0.43541266296161635,4998.0,4837.0,3924.0,0.5178071228491397,0.5213975604713665,0.9396024464831805,0.5195729537366548,6.0,29.17888563049894,3.5948618847334317,0.8280869988187062,0.049845968545155536,0.07666828805040188,0.04539874458573646,-4.85722573273506e-17,0.33884433858221313,0.33975862454134576,0.4041590920895445,0.3796109697190048,1.0970567162836427,1.1469970514390482,cột filter_* không áp dụng cho directional,,,,
Balance of Power,i089,D,BNBUSDT,True,16760.0,13708.0,0.4388424821002387,0.4535307849430989,4998.0,4837.0,3924.0,0.17326930772308924,0.24912135621252843,0.40953109072375127,0.21057447890188102,6.0,31.183919373505198,3.368950516585101,0.8212002840909091,0.052616003787878785,0.07889441287878787,0.04728929924242424,4.163336342344337e-17,0.322918523491954,0.3361024455076138,0.40303400954653934,0.37735993580391014,1.0888472727003562,1.201851977149927,cột filter_* không áp dụng cho directional,,,,
Accumulative Swing Index,i090,D,BNBUSDT,False,31393.0,31391.0,0.4861274806485522,0.4076327609824472,4998.0,4837.0,3924.0,0.45738295318127253,0.5447591482323755,0.9143730886850153,0.500355871886121,5.0,29.769736842106038,2.92114231989658,0.8443286203818354,0.04823336308923892,0.05214962421170847,0.055288392317217154,2.7755575615628914e-17,0.33972730662814277,0.3417706672971567,0.4033526582359125,0.37972030199738777,1.2052169998696933,1.073507944764174,cột filter_* không áp dụng cho directional,,,,
Accumulative Swing Index,i090,D,BNBUSDT,True,13620.0,10999.0,0.48487518355359766,0.43094826802436587,4998.0,4837.0,3924.0,0.15266106442577032,0.25139549307421954,0.4013761467889908,0.20122013218098628,5.0,31.1985489721885,2.768429938097918,0.8364595103578154,0.05220338983050848,0.05928436911487759,0.05205273069679849,2.7755575615628914e-17,0.3204012401763662,0.33617969122146957,0.4028046989720998,0.3808118919901809,1.2037475848492583,1.1316565398526939,cột filter_* không áp dụng cho directional,,,,
Up/Down,i091,D,BNBUSDT,False,29257.0,29258.0,0.43555388454045185,0.4009501674755622,4998.0,4837.0,3924.0,0.43597438975590236,0.4405623320239818,0.8718144750254841,0.4382308083375699,8.0,29.595015576324236,2.848143836502393,0.7971269939190976,0.04156752151816927,0.11327516817954819,0.04803031638318498,-3.469446951953614e-17,0.3347229025353977,0.338828877944965,0.4032111973202994,0.38054549183129405,1.080212770466442,1.0536195437398956,cột filter_* không áp dụng cho directional,,,,
Up/Down,i091,D,BNBUSDT,True,12481.0,10735.0,0.43562214566140534,0.4197484862598975,4998.0,4837.0,3924.0,0.1514605842336935,0.20673971469919372,0.3827726809378186,0.1786476868327402,9.0,32.670906200317354,2.67996317888923,0.7912303171852633,0.04143750470880735,0.11647705869057486,0.05085511941535448,4.163336342344337e-17,0.31940837688286156,0.33620587287393217,0.4049034532489384,0.3778761061946903,1.0758667088807978,1.11080981141378,cột filter_* không áp dụng cho directional,,,,
Spread,i092,F,BNBUSDT,False,,,,,,,,,,,,,,,,,,,,,,,,,,filter: không cho hướng → không có recall/precision/backtest,0.5300582509486402,0.36369322671008214,0.36200775410231356,1.0046559019486976
Spread,i092,F,BNBUSDT,True,,,,,,,,,,,,,,,,,,,,,,,,,,filter: HTF không áp dụng (filter không có hướng),,,,
Correlation Coefficient,i093,F,BNBUSDT,False,,,,,,,,,,,,,,,,,,,,,,,,,,filter: không cho hướng → không có recall/precision/backtest,0.49761412236506464,0.3924714043432244,0.36200775410231356,1.084151927398497
Correlation Coefficient,i093,F,BNBUSDT,True,,,,,,,,,,,,,,,,,,,,,,,,,,filter: HTF không áp dụng (filter không có hướng),,,,
Correlation-Log,i094,F,BNBUSDT,False,,,,,,,,,,,,,,,,,,,,,,,,,,filter: không cho hướng → không có recall/precision/backtest,0.49893714227699026,0.4002505420993393,0.36200775410231356,1.1056407979211884
Correlation-Log,i094,F,BNBUSDT,True,,,,,,,,,,,,,,,,,,,,,,,,,,filter: HTF không áp dụng (filter không có hướng),,,,
Rank Correlation,i095,F,BNBUSDT,False,,,,,,,,,,,,,,,,,,,,,,,,,,filter: không cho hướng → không có recall/precision/backtest,0.4964132517735447,0.39309487516257785,0.36200775410231356,1.085874185588517
Rank Correlation,i095,F,BNBUSDT,True,,,,,,,,,,,,,,,,,,,,,,,,,,filter: HTF không áp dụng (filter không có hướng),,,,
Ratio,i096,F,BNBUSDT,False,,,,,,,,,,,,,,,,,,,,,,,,,,filter: không cho hướng → không có recall/precision/backtest,0.5300519055293983,0.36369159493852726,0.36200775410231356,1.0046513943890214
Ratio,i096,F,BNBUSDT,True,,,,,,,,,,,,,,,,,,,,,,,,,,filter: HTF không áp dụng (filter không có hướng),,,,
Standard Error,i097,F,BNBUSDT,False,,,,,,,,,,,,,,,,,,,,,,,,,,filter: không cho hướng → không có recall/precision/backtest,0.491157658286483,0.4634932528890812,0.36200775410231356,1.2803406767858487
Standard Error,i097,F,BNBUSDT,True,,,,,,,,,,,,,,,,,,,,,,,,,,filter: HTF không áp dụng (filter không có hướng),,,,
Average Price,i099,D,BNBUSDT,False,28996.0,28994.0,0.46313284590978065,0.4571290611850728,4998.0,4837.0,3924.0,0.5088035214085634,0.5102336158776101,0.9222731906218145,0.509506863243518,5.0,31.29201443717665,2.614484356894554,0.8457533458970837,0.03983134762193759,0.057718721052799696,0.056696585428179,-1.3877787807814457e-17,0.33674424560256266,0.3401091675083477,0.40316250517312724,0.3789008070635304,1.1487497968366398,1.2064610385177297,cột filter_* không áp dụng cho directional,,,,
Average Price,i099,D,BNBUSDT,True,12612.0,10090.0,0.4610688233428481,0.4885034687809713,4998.0,4837.0,3924.0,0.16966786714685875,0.24105850733925988,0.4001019367991845,0.20477885104219623,6.0,32.994467049883056,2.4829799107142856,0.8419468138484696,0.04156213413614317,0.0577019568489714,0.05878909516641579,5.551115123125783e-17,0.31980342811897167,0.3363519413634905,0.40488027275610533,0.37824578790882063,1.1387781879424637,1.2914974453032884,cột filter_* không áp dụng cho directional,,,,
Typical Price,i100,D,BNBUSDT,False,31086.0,31082.0,0.46274850414977803,0.45556913969500035,4998.0,4837.0,3924.0,0.5202080832332934,0.5238784370477568,0.9278797145769623,0.5220132180986273,5.0,31.215772179627866,2.8,0.8466823305475418,0.042589893822680906,0.054575736846801295,0.05615203878297594,2.0816681711721685e-17,0.3384780687309639,0.3408736742059915,0.40317345428810397,0.3797197735023487,1.1477653085242618,1.1997508991777128,cột filter_* không áp dụng cho directional,,,,
Typical Price,i100,D,BNBUSDT,True,13541.0,10840.0,0.46045343770770253,0.4859778597785978,4998.0,4837.0,3924.0,0.17366946778711484,0.24726069878023568,0.40392456676860344,0.20986273512963904,6.0,32.86949981195952,2.660180871471636,0.8411243981984781,0.04534865662369933,0.0559093026867526,0.05761764249107004,-3.469446951953614e-17,0.3210636388092427,0.3366073418370425,0.40312015360756215,0.37922047970479705,1.1422238099163715,1.2815179711731437,cột filter_* không áp dụng cho directional,,,,
Median Price,i101,D,BNBUSDT,False,31338.0,31334.0,0.46071861637628436,0.4517776217527287,4998.0,4837.0,3924.0,0.5162064825930373,0.518709944180277,0.9232925586136596,0.5174377224199288,5.0,31.10794159536955,2.846877869605142,0.8446798521039968,0.03841187863137508,0.06394154586536768,0.05296672339926052,-4.163336342344337e-17,0.33597849452626843,0.33889319323004224,0.4031654859914481,0.3792174634582243,1.1427531184702082,1.1913418164680536,cột filter_* không áp dụng cho directional,,,,
Median Price,i101,D,BNBUSDT,True,13708.0,10901.0,0.4592938430113802,0.4825245390331162,4998.0,4837.0,3924.0,0.17286914765906364,0.24540004134794294,0.40341488277268095,0.2085409252669039,6.0,32.73970346968551,2.7036323610346726,0.838581169079905,0.04052708189688194,0.06603845859189458,0.05485329043131847,6.938893903907228e-18,0.3199461946560808,0.33586835499210616,0.40360008754012255,0.3798917530501789,1.137992426638711,1.2701632377088765,cột filter_* không áp dụng cho directional,,,,
SMA,i001,D,SOLUSDT,False,60655.0,60630.0,0.4706784271700602,0.46622134256968495,13890.0,13762.0,3703.0,0.6292296616270698,0.6439471007121058,0.9630029705644072,0.6365543179516853,2.0,31.121593291404952,2.121598639455782,0.5099350075229956,0.1850036451627914,0.1788766694070018,0.12618467790721122,-5.551115123125783e-17,0.3394661213486518,0.35335603208171035,0.39720303355040804,0.38983753917202696,1.184981954852889,1.1959375271039545,cột filter_* không áp dụng cho directional,,,,
SMA,i001,D,SOLUSDT,True,24088.0,24619.0,0.4717286615742278,0.4750396035582274,13890.0,13762.0,3703.0,0.23606911447084233,0.3073681150995495,0.4261409667836889,0.2715535946766961,2.0,31.52364273204919,1.899416749202157,0.5045030995360443,0.1880385200202737,0.18371086592069866,0.12374751452298335,0.0,0.29235184990631885,0.3428852569863894,0.39579458651610755,0.3887749299321662,1.1918522325596033,1.221888468068434,cột filter_* không áp dụng cho directional,,,,
EMA,i002,D,SOLUSDT,False,64829.0,64828.0,0.4704067624057135,0.4697044486950083,13890.0,13762.0,3703.0,0.6287257019438445,0.6443104199970935,0.9581420469889279,0.6364819904527701,2.0,31.19038968116979,2.298089653867978,0.5119122120184542,0.187597327938758,0.180771637729039,0.11971882231374889,-5.551115123125783e-17,0.3400188547849308,0.3518560514232498,0.39711394591926447,0.3895438699327451,1.1845636932160268,1.205780619204977,cột filter_* không áp dụng cho directional,,,,
EMA,i002,D,SOLUSDT,True,25694.0,26273.0,0.47131626060558884,0.4783998782019564,13890.0,13762.0,3703.0,0.2347732181425486,0.30780409824153465,0.42344045368620037,0.2711196296832056,2.0,31.404958677685368,2.067181467181467,0.507732336558194,0.1917326297273527,0.1847332160656699,0.11580181764878335,-1.3877787807814457e-17,0.2937962025595456,0.3424536443119541,0.3976122830232739,0.3897099684086324,1.1853664505077695,1.2275792691562042,cột filter_* không áp dụng cho directional,,,,
DEMA,i003,D,SOLUSDT,False,89862.0,89859.0,0.4352785382030224,0.42833772910893736,13890.0,13762.0,3703.0,0.7295896328293736,0.7427699462287458,0.9846070753443155,0.7361492839577607,1.0,25.42980295566433,2.9777101908174317,0.4778095499236163,0.18530886442868894,0.22385326491441107,0.11302832073328371,-6.938893903907228e-17,0.35695111753854963,0.359080725388576,0.39604949811933843,0.3890790015468678,1.0990508516485065,1.1009016868193553,cột filter_* không áp dụng cho directional,,,,
DEMA,i003,D,SOLUSDT,True,35862.0,36968.0,0.43617199263844736,0.4366479117074226,13890.0,13762.0,3703.0,0.27566594672426203,0.35612556314489174,0.4434242506076154,0.315709532764357,1.0,26.562500000000245,2.6930196683378327,0.47388296058081175,0.18627880914096379,0.22569799736880572,0.1141402329094187,9.71445146547012e-17,0.3099919923345151,0.3465181116527689,0.39668869555518377,0.3899575308374811,1.0995321962175024,1.1197319635542575,cột filter_* không áp dụng cho directional,,,,
TEMA,i004,D,SOLUSDT,False,102586.0,102584.0,0.4183026923751779,0.41204281369414336,13890.0,13762.0,3703.0,0.7447804175665946,0.7565760790582764,0.9827167161760735,0.7506509474902358,1.0,23.36448598130856,3.348540744384325,0.460875580261524,0.17161573144204886,0.25949878738884397,0.1080099009075832,-2.7755575615628914e-17,0.3593792866869167,0.3597569719955976,0.3972793558575244,0.3887380098260938,1.0529182707525158,1.0599498975633364,cột filter_* không áp dụng cho directional,,,,
TEMA,i004,D,SOLUSDT,True,40952.0,42128.0,0.4200039070130885,0.41853399164451194,13890.0,13762.0,3703.0,0.2802735781137509,0.3648452259845953,0.4474750202538482,0.3223636626645451,1.0,24.113475177305265,3.0260145681581685,0.45548001989719783,0.1723180235450174,0.2634927872657934,0.10870916929199138,4.163336342344337e-17,0.3145012791168962,0.3470761799180569,0.39640798984176595,0.38931945499430304,1.0595243228592373,1.0750400121941925,cột filter_* không áp dụng cho directional,,,,
Hull MA,i005,D,SOLUSDT,False,109722.0,109718.0,0.4149851442737099,0.41072567855775716,13890.0,13762.0,3703.0,0.7593232541396688,0.7735067577387008,0.9878476910613017,0.7663821785042674,1.0,22.869086105607106,3.544748490945674,0.45430485164114465,0.1692525011059972,0.2708955861009135,0.10554706115194462,0.0,0.3606871241385652,0.36032564471884493,0.3971532600572355,0.38931989281612867,1.0448992517747546,1.0549825121618899,cột filter_* không áp dụng cho directional,,,,
Hull MA,i005,D,SOLUSDT,True,43822.0,45145.0,0.41579571904522844,0.4153948388525861,13890.0,13762.0,3703.0,0.28531317494600433,0.3755994768202296,0.4493653794220902,0.3302473600462896,1.0,23.728813559322234,3.1875694701741386,0.4500798184370973,0.1696574538880234,0.2754024580231954,0.10486026965168388,0.0,0.3169420861320516,0.3472517076366583,0.39612181096253024,0.3885945287407243,1.0496663085400242,1.068967286283496,cột filter_* không áp dụng cho directional,,,,
Hamming MA,i006,D,SOLUSDT,False,58064.0,58061.0,0.4711008542298154,0.46693994247429427,13890.0,13762.0,3703.0,0.6295176385889129,0.6428571428571429,0.9651633810423981,0.6361565167076523,2.0,31.03448275862058,2.0040633120718168,0.5091469348037626,0.18494972429451834,0.1760136230943886,0.12988971780733052,-5.551115123125783e-17,0.33838246438474745,0.3537075225322217,0.39702483466519706,0.3894257763386783,1.1865777984067045,1.1990473431532764,cột filter_* không áp dụng cho directional,,,,
Hamming MA,i006,D,SOLUSDT,True,23087.0,23573.0,0.46991813574739033,0.47579858312476137,13890.0,13762.0,3703.0,0.2361411087113031,0.30576951024560384,0.42641101809343773,0.27079415593808764,2.0,31.456953642384565,1.7926546818131686,0.5048180524496849,0.18865623094124823,0.17979264078064647,0.12673307582842042,-2.7755575615628914e-17,0.2911708439191456,0.34294518237093424,0.3965196864036038,0.3882004836041234,1.1851066967431139,1.2256517011709036,cột filter_* không áp dụng cho directional,,,,
Arnaud Legoux MA,i007,D,SOLUSDT,False,99353.0,99351.0,0.44481797228065584,0.440398184215559,13890.0,13762.0,3703.0,0.7533477321814255,0.7717628251707601,0.9894679989197948,0.7625126573123101,1.0,25.89285714285633,3.2966988565194555,0.4817255950016252,0.1965311134385496,0.21476037415580193,0.10698291740402326,-1.3877787807814457e-17,0.35929325938856277,0.3590880901301257,0.3966115769025596,0.38913649585811916,1.1215456083117303,1.131731895885011,cột filter_* không áp dụng cho directional,,,,
Arnaud Legoux MA,i007,D,SOLUSDT,True,39607.0,40748.0,0.4440881662332416,0.44625503092176305,13890.0,13762.0,3703.0,0.2827933765298776,0.3718209562563581,0.4466648663246017,0.3271011138434833,1.0,26.4900662251656,2.963267595102346,0.4777712978332062,0.19889192947826478,0.21809250370104527,0.10524426898748374,-5.551115123125783e-17,0.3134822586397785,0.3462151143777506,0.396754361602747,0.38908780799057624,1.1193025438694177,1.1469262766839803,cột filter_* không áp dụng cho directional,,,,
Least Squares MA,i008,D,SOLUSDT,False,55714.0,55715.0,0.44916897009728257,0.4415328008615274,13890.0,13762.0,3703.0,0.6071994240460763,0.6138642639151286,0.955981636510937,0.6105164183422537,2.0,29.319371727748646,1.9269905004407013,0.4910523590706103,0.17484305222962915,0.2020419390330723,0.13206264966668824,2.7755575615628914e-17,0.3360768720722839,0.3537952300314747,0.3970429335535054,0.38895450058332587,1.1312856422786648,1.1351785368194696,cột filter_* không áp dụng cho directional,,,,
Least Squares MA,i008,D,SOLUSDT,True,22155.0,22930.0,0.44861205145565336,0.44845180985608374,13890.0,13762.0,3703.0,0.2257739380849532,0.28949280627815727,0.4242506076154469,0.25748589613771156,2.0,30.228136882129935,1.7504314808422505,0.48855729397096087,0.1724651087962032,0.204359892209307,0.13461770502352893,5.551115123125783e-17,0.29042921518606285,0.3435268437578454,0.39716542541187094,0.3885281290885303,1.1295345031366486,1.1542325414330534,cột filter_* không áp dụng cho directional,,,,
Smoothed MA,i009,D,SOLUSDT,False,54469.0,54469.0,0.4800345150452551,0.47639941985349465,13890.0,13762.0,3703.0,0.5742260619150468,0.5849440488301119,0.9354577369700243,0.5795602488065963,3.0,32.75862068965501,1.9952796305797844,0.5217620773371803,0.17654199359628445,0.17122902079448296,0.13046690827205235,0.0,0.33046371607360364,0.34914419713252637,0.3966494703409279,0.38948484459050103,1.2102235120411382,1.223152650148363,cột filter_* không áp dụng cho directional,,,,
Smoothed MA,i009,D,SOLUSDT,True,21498.0,21976.0,0.48139361801097774,0.4844375682562796,13890.0,13762.0,3703.0,0.21375089992800575,0.2769946228745822,0.40723737510126923,0.2452263850716042,3.0,32.926829268291904,1.8008203643382796,0.5160371902664709,0.181591707816184,0.1771431113483696,0.1252279905689755,2.7755575615628914e-17,0.285847402730088,0.3406698865684836,0.39712531398269607,0.3883782307972333,1.2121957504626701,1.2473345049794964,cột filter_* không áp dụng cho directional,,,,
Adaptive MA,i010,D,SOLUSDT,False,48667.0,48667.0,0.4792364435860028,0.48174327573098813,13890.0,13762.0,3703.0,0.5535637149028078,0.5661967737247493,0.9108830677828788,0.5598510053522349,3.0,33.599999999999,1.7710300201548743,0.5071194082980659,0.1781434165249377,0.1717952774591623,0.1429418977178341,0.0,0.32999952684772665,0.35216919851641926,0.3970400887665153,0.38905110238970964,1.2070228099002471,1.2382519231327853,cột filter_* không áp dụng cho directional,,,,
Adaptive MA,i010,D,SOLUSDT,True,19400.0,19556.0,0.4784020618556701,0.48895479648189816,13890.0,13762.0,3703.0,0.20813534917206625,0.26478709489899727,0.3988657844990548,0.23633010270504845,3.0,33.80481754161324,1.5953569645531702,0.5013175558096753,0.18192213990951125,0.17883955650574254,0.13792074777507085,8.326672684688674e-17,0.28419008174536026,0.34169953809481285,0.3963788659793814,0.38895991000204544,1.2069313046587993,1.2570827581673567,cột filter_* không áp dụng cho directional,,,,
Multi-Timeframe MA,i011,D,SOLUSDT,False,9675.0,9673.0,0.4940568475452196,0.47999586477824874,13890.0,13762.0,3703.0,0.14154067674586032,0.13748001743932567,0.35970834458547124,0.13951974540720383,7.0,41.66666666666673,0.9063583815028902,0.5052896725440806,0.14246851385390427,0.1707808564231738,0.1814609571788413,0.0,0.2640484447514613,0.33840810462689225,0.39587080103359173,0.3905200041352217,1.2480254826960482,1.2291197882197222,cột filter_* không áp dụng cho directional,,,,
Multi-Timeframe MA,i011,D,SOLUSDT,True,3710.0,4023.0,0.48355795148247976,0.4648272433507333,13890.0,13762.0,3703.0,0.05169186465082793,0.058930388024996366,0.14042668106940318,0.05529437292058441,5.0,37.426900584794346,0.8882381649585164,0.5165888424674367,0.15826984517080364,0.16539690341607274,0.1597444089456869,-5.551115123125783e-17,0.24833857873299645,0.3351278208419441,0.3955256064690027,0.38873974645786724,1.2225705329153604,1.1957286271500736,cột filter_* không áp dụng cho directional,,,,
WMA,i012,D,SOLUSDT,False,74316.0,74302.0,0.46166370633510956,0.45623267206804663,13890.0,13762.0,3703.0,0.6798416126709863,0.6945938090393838,0.9735349716446124,0.6871835671922465,2.0,29.347826086956264,2.5554916618746404,0.5016664593955975,0.1951747295112548,0.18733988309911703,0.1158189279940306,5.551115123125783e-17,0.3480545126112036,0.3549255298603922,0.3969151999569407,0.38930647896422704,1.1631293192732177,1.171911326217536,cột filter_* không áp dụng cho directional,,,,
WMA,i012,D,SOLUSDT,True,29585.0,30325.0,0.46101064728747676,0.4620939818631492,13890.0,13762.0,3703.0,0.2550755939524838,0.3312745240517367,0.43505266000540105,0.29299869810501955,2.0,29.77099236641329,2.2930093688870588,0.49640399280798564,0.19768739537479074,0.1922313844627689,0.11367722735445471,0.0,0.30043832369426776,0.34394368270045755,0.3975274632415075,0.3882522671063479,1.159695090065769,1.1901900414056694,cột filter_* không áp dụng cho directional,,,,
McGinley Dynamic,i013,D,SOLUSDT,False,38337.0,38337.0,0.48929232855987687,0.48399718287815946,13890.0,13762.0,3703.0,0.46227501799856013,0.4612701642203168,0.857412908452606,0.46177491682337624,4.0,35.44638671220979,1.5286628198695433,0.5363938924315947,0.14946266609080053,0.16145423134574832,0.1526892101318564,2.7755575615628914e-17,0.31130798296646983,0.34470111418322374,0.39676813522184834,0.38959360409004357,1.2331946170180594,1.242312958418838,cột filter_* không áp dụng cho directional,,,,
McGinley Dynamic,i013,D,SOLUSDT,True,14950.0,15225.0,0.4826086956521739,0.4908374384236453,13890.0,13762.0,3703.0,0.1695464362850972,0.21399505885772416,0.3588981906562247,0.19166787212498193,4.0,34.75177304964511,1.3742645949615326,0.534448246916769,0.16168399302640923,0.1662684832440111,0.13759927681281076,-5.551115123125783e-17,0.27233522768270857,0.3379973239919332,0.3973645484949833,0.3905254515599343,1.2145237854762143,1.2568641466593786,cột filter_* không áp dụng cho directional,,,,
Guppy MMA,i014,D,SOLUSDT,False,13279.0,12612.0,0.5128398222757737,0.5198223913732952,13890.0,13762.0,3703.0,0.24348452123830094,0.24364191251271616,0.6011342155009451,0.24356285259655722,11.0,43.697478991597585,0.5847561656065171,0.5097005988023952,0.11473053892215569,0.18538922155688622,0.1901796407185629,5.551115123125783e-17,0.26995887425760695,0.33873629919062376,0.3982001656751261,0.38962099587694266,1.2878945477239632,1.3341744846252463,cột filter_* không áp dụng cho directional,,,,
Guppy MMA,i014,D,SOLUSDT,True,5569.0,5430.0,0.5090680553061591,0.5243093922651934,13890.0,13762.0,3703.0,0.09834413246940245,0.11800610376398779,0.25438833378341885,0.10812961087805584,10.0,42.52659574468118,0.5221261444557477,0.48918563099492196,0.12375399661463231,0.19108519842016175,0.195975173970284,-2.7755575615628914e-17,0.2532737298919991,0.33631436241379853,0.3971808224097684,0.38755985267035,1.281703512817035,1.3528475373613056,cột filter_* không áp dụng cho directional,,,,
MA Cross,i015,D,SOLUSDT,False,16968.0,16966.0,0.48491277699198493,0.4846752328185783,13890.0,13762.0,3703.0,0.3089992800575954,0.31427118151431477,0.8298676748582231,0.3116230290756546,9.0,39.53488372093088,0.5438836612489307,0.5119258708459646,0.07756105931476291,0.25184464908768517,0.15866842075158727,0.0,0.2725469363869905,0.3369107000817171,0.39662600188590286,0.3898326063892491,1.2225945215046174,1.2432906454588064,cột filter_* không áp dụng cho directional,,,,
MA Cross,i015,D,SOLUSDT,True,6502.0,6624.0,0.49231005844355585,0.4880736714975845,13890.0,13762.0,3703.0,0.11706263498920086,0.13522743787240227,0.3372940858763165,0.1261029943584551,9.0,39.61651555991267,0.46896114864864863,0.5118051404662284,0.07247459653317394,0.25523012552301255,0.16049013747758517,-5.551115123125783e-17,0.2530316742886755,0.3351703942353741,0.39863888034450934,0.38943991545893725,1.234977526572658,1.2532707925493767,cột filter_* không áp dụng cho directional,,,,
EMA Cross,i016,D,SOLUSDT,False,14707.0,14708.0,0.5239681784184402,0.518017405493609,13890.0,13762.0,3703.0,0.29827213822894166,0.29269001598604855,0.7369700243046179,0.29549399681759003,8.0,41.40797081497786,0.48495412844036695,0.5388928317955998,0.07778566359119943,0.1603974449964514,0.22292405961674946,-5.551115123125783e-17,0.2759901266953035,0.3407042825830308,0.3970286258244374,0.38924734838183306,1.3197239300577144,1.3308180714578912,cột filter_* không áp dụng cho directional,,,,
EMA Cross,i016,D,SOLUSDT,True,5525.0,5613.0,0.5228959276018099,0.5273472296454659,13890.0,13762.0,3703.0,0.108207343412527,0.12454585089376544,0.29273561976775586,0.11633878200491828,8.0,41.04477611940267,0.4299000232504069,0.5447154471544715,0.07997731140102099,0.15882019285309132,0.21648704859141615,2.7755575615628914e-17,0.25367934444424745,0.3363927224960648,0.39805429864253394,0.3906467129877072,1.3136296464703876,1.3499338714826465,cột filter_* không áp dụng cho directional,,,,
MA-EMA Cross,i017,D,SOLUSDT,False,41661.0,41660.0,0.44132402006672905,0.43358137301968314,13890.0,13762.0,3703.0,0.5345572354211663,0.5404011044906264,0.9297866594652984,0.5374656444380154,3.0,30.493273542601145,1.3617590822179733,0.471731524150879,0.1398062809353132,0.2601126472094214,0.12834954770438642,-8.326672684688674e-17,0.31413487730239403,0.34647910898814094,0.396693550322844,0.3898319731156985,1.1125061642861678,1.1122262998448313,cột filter_* không áp dụng cho directional,,,,
MA-EMA Cross,i017,D,SOLUSDT,True,16672.0,17081.0,0.43761996161228406,0.4392599964873251,13890.0,13762.0,3703.0,0.2046796256299496,0.25366952477837523,0.4075074264110181,0.22906118906408215,3.0,31.178707224334396,1.1943134004845084,0.4681861348528015,0.14023425134536247,0.2639548380289121,0.12762477577292392,-1.1102230246251565e-16,0.27596340588139373,0.33960257153664597,0.3955344289827255,0.38763831157426387,1.106401692357852,1.1331697187087029,cột filter_* không áp dụng cho directional,,,,
SuperTrend,i018,D,SOLUSDT,False,9556.0,9555.0,0.5380912515696944,0.5271585557299843,13890.0,13762.0,3703.0,0.23621310295176387,0.23339630867606453,0.6111261139616527,0.23481122522783163,9.0,44.95605581682239,0.22201918684330746,0.466077026421854,0.05340349305866547,0.1278549037169727,0.35266457680250785,0.0,0.2733095882645043,0.34426927472376695,0.3974937212222687,0.39060701203558346,1.3537100659479524,1.3495880501038247,cột filter_* không áp dụng cho directional,,,,
SuperTrend,i018,D,SOLUSDT,True,3492.0,3637.0,0.5378006872852233,0.5339565576024196,13890.0,13762.0,3703.0,0.08452123830093593,0.09344572009882285,0.2371050499594923,0.08896282366555765,9.0,44.855967078189316,0.19592570401437986,0.46297975219099424,0.052886068298579635,0.13055303717135086,0.3535811423390752,1.1102230246251565e-16,0.25168516242657263,0.33749020421899195,0.3962915234822452,0.3885482540555403,1.3570834989341327,1.3742348653716874,cột filter_* không áp dụng cho directional,,,,
Ichimoku Cloud,i019,D,SOLUSDT,False,17786.0,17311.0,0.5057910716293714,0.49927791577609615,13890.0,13762.0,3703.0,0.2628509719222462,0.25497747420433076,0.6235484742101,0.2589324461160133,9.0,42.18749999999934,1.0020065476819093,0.5033222591362126,0.12819337839385955,0.17436132432122808,0.19412303814869974,-5.551115123125783e-17,0.281919743230496,0.3419469486727386,0.39640728662993363,0.3895124487320201,1.27593787674633,1.2818022052989464,cột filter_* không áp dụng cho directional,,,,
Ichimoku Cloud,i019,D,SOLUSDT,True,7037.0,7044.0,0.5060395054710815,0.4981544576944918,13890.0,13762.0,3703.0,0.09791216702663787,0.11400959162912368,0.2535781798541723,0.10592362216114566,8.0,40.68381063705368,0.9583764219234746,0.4858080159748966,0.1386392811296534,0.18199971473398943,0.19355298816146055,8.326672684688674e-17,0.25798687207180154,0.3375096836758025,0.40019184311496386,0.3880394662123793,1.2644923033219109,1.2837726599228056,cột filter_* không áp dụng cho directional,,,,
Parabolic SAR,i020,D,SOLUSDT,False,28023.0,28022.0,0.48385254969132496,0.48022981942759263,13890.0,13762.0,3703.0,0.47242620590352774,0.48205202732161023,0.8914393734809614,0.47721683784174745,4.0,35.34743202416878,0.8938594896041705,0.490647283750732,0.11202590512935341,0.2169210100244583,0.18040580109545626,-2.7755575615628914e-17,0.3035576830672024,0.34798267310364467,0.39624415658566176,0.3885911069873671,1.221096997014576,1.235822978942245,cột filter_* không áp dụng cho directional,,,,
Parabolic SAR,i020,D,SOLUSDT,True,10986.0,11399.0,0.4788822137265611,0.4881129923677516,13890.0,13762.0,3703.0,0.17724982001439885,0.22264205784043017,0.38131244936537945,0.1998408795023868,4.0,36.31207022213741,0.7712597290285385,0.4928200692041522,0.10899653979238755,0.22136678200692042,0.17681660899653978,2.7755575615628914e-17,0.26807948513228375,0.33966397903391865,0.3971463681048607,0.3886656724274059,1.205807863765027,1.255868544600939,cột filter_* không áp dụng cho directional,,,,
Directional Movement,i021,D,SOLUSDT,False,28445.0,28445.0,0.4898927755317279,0.4765688170152927,13890.0,13762.0,3703.0,0.3951043916486681,0.3952913820665601,0.8268971104509857,0.3951974540720382,5.0,36.58536585365731,1.1558255897069336,0.5335215483519847,0.10728256063131399,0.20092520153746726,0.15827068947923398,5.551115123125783e-17,0.2942661886650942,0.3408004199645778,0.39608367024081564,0.3891791175953595,1.2368416381162017,1.2245487886397717,cột filter_* không áp dụng cho directional,,,,
Directional Movement,i021,D,SOLUSDT,True,11104.0,11144.0,0.48180835734870314,0.4792713567839196,13890.0,13762.0,3703.0,0.1470842332613391,0.17722714721697427,0.34323521469079127,0.1620859250687111,5.0,35.75418994413347,1.014601077698592,0.5338755732456519,0.11421649216924808,0.2087912087912088,0.14311672579389115,5.551115123125783e-17,0.2631132463348785,0.33642524448694294,0.39674891930835743,0.38882806891600863,1.2143911020315512,1.2326048325679073,cột filter_* không áp dụng cho directional,,,,
Vortex,i022,D,SOLUSDT,False,31142.0,31138.0,0.46930190739194655,0.4735692722718222,13890.0,13762.0,3703.0,0.4132469402447804,0.4231943031536114,0.8941398865784499,0.41819759872703605,6.0,36.65207877461689,1.231126050420168,0.5352531972417145,0.09401865184240105,0.23515295118320725,0.13557519973267718,2.7755575615628914e-17,0.2921791208013206,0.33755408850915525,0.3974182775672725,0.3887340227374912,1.1808765069002294,1.2182346915171343,cột filter_* không áp dụng cho directional,,,,
Vortex,i022,D,SOLUSDT,True,12155.0,12317.0,0.4661456190867956,0.48096127303726555,13890.0,13762.0,3703.0,0.1537077033837293,0.192559221043453,0.37564137186065355,0.1730435411543469,6.0,36.860387671673735,1.0919689119170986,0.5325260052786834,0.09408476944573824,0.23932619158515758,0.13406303369042075,0.0,0.2635410555412753,0.3357180113677262,0.3974413821472645,0.38974993910854916,1.1728663396054566,1.2340252679380488,cột filter_* không áp dụng cho directional,,,,
Williams Alligator,i023,D,SOLUSDT,False,17948.0,17373.0,0.4568754178738578,0.4517930121452829,13890.0,13762.0,3703.0,0.25629949604031677,0.25054497892748145,0.6986227383202809,0.25343555619846664,13.0,40.86021505376328,0.8693069306930693,0.46943752594437527,0.09376297218762972,0.32596513075965133,0.11083437110834371,-5.551115123125783e-17,0.2659976915134963,0.332607163616038,0.39583240472476044,0.3886663213031715,1.1542142897359382,1.1624187313952283,cột filter_* không áp dụng cho directional,,,,
Williams Alligator,i023,D,SOLUSDT,True,7071.0,7052.0,0.46924056003394143,0.4438457175269427,13890.0,13762.0,3703.0,0.10143988480921526,0.11226565906118297,0.29462597893599785,0.10682771589758426,13.0,40.65040650406538,0.757478368355995,0.45003257328990226,0.0945928338762215,0.3468403908794788,0.10853420195439739,5.551115123125783e-17,0.2509319429339945,0.3336886938927904,0.3954674020647716,0.3899744753261486,1.1865467484399306,1.1381404312570451,cột filter_* không áp dụng cho directional,,,,
Williams Fractal,i024,D,SOLUSDT,False,32227.0,32362.0,0.5221087907655072,0.5254928619986404,13890.0,13762.0,3703.0,0.383585313174946,0.3992152303444267,0.7742371050499595,0.3913640966295385,7.0,42.30769230769281,2.148659507633867,0.4732906330266281,0.07845368533992261,0.1396755210196053,0.308580160613844,0.0,0.336083226271817,0.3668520078384618,0.3967853042479908,0.389625177677523,1.3158470970970972,1.348713820628834,cột filter_* không áp dụng cho directional,,,,
Williams Fractal,i024,D,SOLUSDT,True,12700.0,13355.0,0.5285826771653543,0.5342568326469487,13890.0,13762.0,3703.0,0.150755939524838,0.19110594390350238,0.34053470159330274,0.1708375524374367,7.0,42.79379157427899,1.8778613199665832,0.4517899565822889,0.0788891619562546,0.15106086671581878,0.31826001474563775,-5.551115123125783e-17,0.2856063649754235,0.34873907144108607,0.39592519685039373,0.38861475102957693,1.3350569283547953,1.37477239665122,cột filter_* không áp dụng cho directional,,,,
Aroon,i025,D,SOLUSDT,False,21482.0,21490.0,0.47351270831393727,0.4758957654723127,13890.0,13762.0,3703.0,0.36097912167026636,0.37494550210725186,0.8730758844180394,0.36792998698105017,8.0,38.06451612903106,0.7102260013425822,0.508483586585744,0.07526691179727994,0.2510521419394852,0.1651973596774908,2.7755575615628914e-17,0.28253211238086706,0.339419500118699,0.39688809235639144,0.38924616100511866,1.193063529577349,1.2226087580246028,cột filter_* không áp dụng cho directional,,,,
Aroon,i025,D,SOLUSDT,True,8350.0,8522.0,0.47497005988023955,0.4813424078854729,13890.0,13762.0,3703.0,0.13700503959683225,0.1666908879523325,0.3626789089927086,0.15177925647331114,8.0,38.5770528683923,0.6063176895306859,0.510222626079055,0.0755338482507951,0.2546569741026806,0.15958655156746934,-8.326672684688674e-17,0.25776952267346687,0.3361367103812561,0.3951616766467066,0.39016076038488623,1.2019638744090193,1.2337027624475554,cột filter_* không áp dụng cho directional,,,,
Trend Strength Index,i026,D,SOLUSDT,False,23136.0,23135.0,0.48426694329183956,0.48627620488437434,13890.0,13762.0,3703.0,0.38934485241180705,0.4004505159133847,0.8798271671617607,0.3948719803269203,7.0,37.17948717948792,0.7734358467941032,0.5160599571734475,0.09350463954318344,0.22227820464374187,0.16815719863962716,-2.7755575615628914e-17,0.2875308249240412,0.3410042430828996,0.397620591286307,0.3890836395072401,1.2179121350965016,1.2497986435518722,cột filter_* không áp dụng cho directional,,,,
Trend Strength Index,i026,D,SOLUSDT,True,9012.0,9151.0,0.48723923657345763,0.49415364441044696,13890.0,13762.0,3703.0,0.14910007199424047,0.17940706292690015,0.36753983256818795,0.16418342253724866,7.0,37.67123287671193,0.663616336214201,0.5190270270270271,0.09178378378378378,0.22205405405405407,0.16713513513513514,-5.551115123125783e-17,0.2604803013038193,0.3369975546727988,0.397175987572126,0.3883783193093651,1.226759048430581,1.2723512612371801,cột filter_* không áp dụng cho directional,,,,
Zig Zag,i027,D,SOLUSDT,False,15668.0,15667.0,0.5260403369925963,0.5358396629858939,13890.0,13762.0,3703.0,0.5229661627069835,0.5348059875018166,0.5436132865244396,0.5288586720671199,4.0,43.386243386243336,0.0,0.12355422506463465,0.0722547285344945,0.38739964621036876,0.4167914001905021,-5.551115123125783e-17,0.31573138986621707,0.3678902875780616,0.3953599693643095,0.3894236292844834,1.3305351521511013,1.3759813804068117,cột filter_* không áp dụng cho directional,,,,
Zig Zag,i027,D,SOLUSDT,True,5446.0,7191.0,0.5328681601175175,0.5370602141565847,13890.0,13762.0,3703.0,0.18135349172066234,0.25396018020636535,0.2025384823116392,0.21748878923766815,4.0,42.85714285714275,0.0,0.11084624553039332,0.07151370679380215,0.39809296781883197,0.4195470798569726,0.0,0.27170545734964074,0.3477008081649331,0.3968968049944914,0.3896120150187735,1.3425861670136479,1.3784487989434986,cột filter_* không áp dụng cho directional,,,,
Linear Regression Curve,i028,D,SOLUSDT,False,97737.0,97722.0,0.41892016329537435,0.41290599864922944,13890.0,13762.0,3703.0,0.7357091432685385,0.7472024415055951,0.9856872805833108,0.7414291913785621,1.0,23.749999999999797,3.181517058628685,0.4582227477773398,0.17074409845399202,0.26173520781325277,0.10929794595541541,6.938893903907228e-17,0.35793301342803724,0.35927060696389845,0.3972088359577233,0.3887231125028141,1.054659729019628,1.0622110838501795,cột filter_* không áp dụng cho directional,,,,
Linear Regression Curve,i028,D,SOLUSDT,True,39023.0,40185.0,0.4219050303667068,0.4179420181659823,13890.0,13762.0,3703.0,0.2783297336213103,0.36186600784769657,0.44828517418309477,0.3199045277014321,1.0,24.637376497791763,2.8589377498572244,0.4532851639861586,0.17151624627304185,0.2657293956342902,0.10946919410650939,-4.163336342344337e-17,0.3120187583121174,0.34657199059520577,0.39705686390077655,0.38813612044295137,1.0625808762548927,1.0767923832726922,cột filter_* không áp dụng cho directional,,,,
Linear Regression Slope,i029,D,SOLUSDT,False,23136.0,23135.0,0.48426694329183956,0.48627620488437434,13890.0,13762.0,3703.0,0.38934485241180705,0.4004505159133847,0.8798271671617607,0.3948719803269203,7.0,37.17948717948792,0.7734358467941032,0.5160599571734475,0.09350463954318344,0.22227820464374187,0.16815719863962716,-2.7755575615628914e-17,0.2875308249240412,0.3410042430828996,0.3969095781466113,0.38826453425545704,1.2200938701281732,1.2524352908433067,cột filter_* không áp dụng cho directional,,,,
Linear Regression Slope,i029,D,SOLUSDT,True,9012.0,9151.0,0.48723923657345763,0.49415364441044696,13890.0,13762.0,3703.0,0.14910007199424047,0.17940706292690015,0.36753983256818795,0.16418342253724866,7.0,37.67123287671193,0.663616336214201,0.5190270270270271,0.09178378378378378,0.22205405405405407,0.16713513513513514,-5.551115123125783e-17,0.2604803013038193,0.3369975546727988,0.3982301375943187,0.3901704731723309,1.2235117098792092,1.2665070229242812,cột filter_* không áp dụng cho directional,,,,
Keltner Channels,i030,D,SOLUSDT,False,16558.0,16578.0,0.5446309940814108,0.5380021715526602,13890.0,13762.0,3703.0,0.20676745860331172,0.21661095770963523,0.4871725627869295,0.21166642557500362,13.0,52.07373271889409,2.0130599451482305,0.3701559313112705,0.0655306270149352,0.16935324692413975,0.3949601947496546,-1.1102230246251565e-16,0.3064176129213952,0.3592474901099463,0.3973698514313323,0.3881529738207262,1.370589621028474,1.386057064710636,cột filter_* không áp dụng cho directional,,,,
Keltner Channels,i030,D,SOLUSDT,True,6970.0,7497.0,0.5588235294117647,0.5367480325463518,13890.0,13762.0,3703.0,0.09150467962562996,0.10957709635227438,0.22333243316230084,0.10049905974251411,13.0,52.559423544825165,1.7506932889628397,0.32162492364080636,0.07605375687232743,0.1893708002443494,0.4129505192425168,0.0,0.2716457704082115,0.3459877702538215,0.39573170731707324,0.3895424836601308,1.4121272545998367,1.3778934392548963,cột filter_* không áp dụng cho directional,,,,
Donchian Channels,i031,D,SOLUSDT,False,25968.0,25840.0,0.5366219963031423,0.5342105263157895,13890.0,13762.0,3703.0,0.2706263498920086,0.28237174829239936,0.6338104239805563,0.27647186460292206,11.0,48.19710496662914,2.699259407526021,0.4008891104740538,0.05002285097012755,0.16028916864015955,0.38879886991565915,0.0,0.33387055430196283,0.37020897370166445,0.39677487677141093,0.38953366873065015,1.3524596130422335,1.3714104047965585,cột filter_* không áp dụng cho directional,,,,
Donchian Channels,i031,D,SOLUSDT,True,10463.0,10992.0,0.5506069005065469,0.5334788937409025,13890.0,13762.0,3703.0,0.11310295176385889,0.13740735358232814,0.28112341344855524,0.1251989006220165,12.0,49.090909090911204,2.3710859427048634,0.35778229908443543,0.05249237029501526,0.18402848423194304,0.4056968463886063,-1.6653345369377348e-16,0.2846470551603532,0.3506357006458187,0.396138774730001,0.39063864628820966,1.3899343756031655,1.3656582593912294,cột filter_* không áp dụng cho directional,,,,
Price Channel,i032,D,SOLUSDT,False,35832.0,35796.0,0.49062290689886134,0.49488769694937984,13890.0,13762.0,3703.0,0.47278617710583154,0.4735503560528993,0.8900891169322172,0.47316649790250254,4.0,36.309523809523625,1.3716727716727717,0.5353535353535354,0.1436159964770319,0.159386783364985,0.16164368480444774,-2.7755575615628914e-17,0.31060257326011714,0.34602211166282504,0.3967877874525564,0.38888982009163037,1.236486914198499,1.272565316399319,cột filter_* không áp dụng cho directional,,,,
Price Channel,i032,D,SOLUSDT,True,14041.0,14246.0,0.4914179901716402,0.4990874631475502,13890.0,13762.0,3703.0,0.17336213102951764,0.21523034442668218,0.37780178233864437,0.19419933458700997,4.0,36.41025641025557,1.2555768946668637,0.534145828955663,0.1465293829235834,0.1589269454367164,0.16039784268403726,-5.551115123125783e-17,0.27263084573963603,0.3391111705522183,0.39737198205256036,0.38935139688333564,1.2366699525047047,1.2818432581534969,cột filter_* không áp dụng cho directional,,,,
MA Channel,i033,D,SOLUSDT,False,37602.0,37433.0,0.5114355619381947,0.5152672775358641,13890.0,13762.0,3703.0,0.44110871130309576,0.4563290219444848,0.8439103429651634,0.4486836395197454,5.0,39.053254437869676,1.8610610352819985,0.5352448241866579,0.12134406835359843,0.1420473217219849,0.2013637857377588,0.0,0.32146344282312456,0.3524307679415009,0.39677410776022554,0.38801725750006677,1.2889842152887159,1.327949382601302,cột filter_* không áp dụng cho directional,,,,
MA Channel,i033,D,SOLUSDT,True,14532.0,15018.0,0.5154830718414534,0.5233719536556133,13890.0,13762.0,3703.0,0.16594672426205903,0.21493968899869206,0.36375911423170404,0.1903298133950528,6.0,39.20352422907549,1.6311649016641452,0.5242622719909853,0.12648778082963588,0.1469821818437918,0.20226776533558702,2.7755575615628914e-17,0.2787039354391055,0.3423573190301757,0.39737475915221576,0.3900153149553869,1.2972214766262893,1.3419266720730718,cột filter_* không áp dụng cho directional,,,,
Chande Kroll Stop,i034,D,SOLUSDT,False,44449.0,44383.0,0.5246237260680781,0.5302705991032602,13890.0,13762.0,3703.0,0.4303095752339813,0.45255050138061326,0.8258169052119902,0.4413785621293216,6.0,40.952380952379556,2.835287951254668,0.504907332412216,0.0981228262423174,0.151341178712659,0.24562866263280766,-2.7755575615628914e-17,0.3460273509210838,0.3664591808639766,0.3974453868478481,0.3896345447581281,1.3199894713306033,1.3609434949676606,cột filter_* không áp dụng cho directional,,,,
Chande Kroll Stop,i034,D,SOLUSDT,True,17601.0,18139.0,0.5336060451110732,0.5388389657643751,13890.0,13762.0,3703.0,0.16839452843772498,0.22009882284551663,0.3645692681609506,0.19412700708809488,7.0,41.58878504672899,2.4970229234891335,0.4816580185833233,0.10196693616507783,0.16151804030409075,0.2548570049475081,5.551115123125783e-17,0.2940747060761362,0.34965952523946386,0.3943838418271689,0.38904845912123054,1.3530119353746641,1.3850176067564597,cột filter_* không áp dụng cho directional,,,,
52-Week High/Low,i035,D,SOLUSDT,False,2051.0,1790.0,0.5290102389078498,0.4659217877094972,13890.0,13762.0,3703.0,0.03282937365010799,0.03277139950588577,0.04779908182554685,0.03280052075799219,15.0,62.24527575380644,1.2287822878228782,0.08896982310093653,0.0712799167533819,0.3636836628511967,0.4760665972944849,5.551115123125783e-17,0.2492271325815937,0.3382429754464685,0.3982691370063383,0.3879888268156425,1.3282732447817838,1.2008639308855291,cột filter_* không áp dụng cho directional,,,,
52-Week High/Low,i035,D,SOLUSDT,True,1911.0,1685.0,0.5196232339089482,0.4658753709198813,13890.0,13762.0,3703.0,0.03023758099352052,0.03073681150995495,0.044828517418309476,0.030486040792709387,14.0,62.234042553190974,1.2249752229930624,0.09020902090209021,0.07150715071507151,0.3613861386138614,0.4768976897689769,-5.551115123125783e-17,0.24843090690009476,0.33788817145908984,0.40049712192569337,0.3892581602373887,1.297445613118181,1.1968287848757433,cột filter_* không áp dụng cho directional,,,,
Majority Rule,i036,D,SOLUSDT,False,32859.0,34565.0,0.47956419854529964,0.4684218139736728,13890.0,13762.0,3703.0,0.393304535637149,0.42355762243859907,0.8501215230893869,0.4083610588745841,6.0,36.19770702051502,1.5896121883656509,0.48814658210007045,0.13587033121916842,0.21541930937279774,0.16056377730796337,2.7755575615628914e-17,0.30732388785307824,0.3461770455097835,0.3972792842143705,0.3888919427166208,1.207121079805733,1.2045037773256313,cột filter_* không áp dụng cho directional,,,,
Majority Rule,i036,D,SOLUSDT,True,12907.0,13948.0,0.48291624699775315,0.47203900200745624,13890.0,13762.0,3703.0,0.15053995680345572,0.19517511989536404,0.36402916554145287,0.17275423115868654,6.0,36.708860759493035,1.421061224489796,0.4815500783587406,0.13719903120102578,0.2205442370708078,0.16070665336942586,2.7755575615628914e-17,0.2716214266543345,0.3396697485087145,0.3981444177578058,0.3880377114998566,1.2129172869416311,1.2164771310059401,cột filter_* không áp dụng cho directional,,,,
ADX,i037,F,SOLUSDT,False,,,,,,,,,,,,,,,,,,,,,,,,,,filter: không cho hướng → không có recall/precision/backtest,0.4983002073382183,0.6938340857141038,0.6595655574257064,1.0519562125441295
ADX,i037,F,SOLUSDT,True,,,,,,,,,,,,,,,,,,,,,,,,,,filter: HTF không áp dụng (filter không có hướng),,,,
MACD,i038,D,SOLUSDT,False,25626.0,25628.0,0.48552251619449,0.48103636647416886,13890.0,13762.0,3703.0,0.4349892008639309,0.43881703240808023,0.8771266540642723,0.43689425719658614,4.0,35.29411764705846,0.8495661817470155,0.5087222473946533,0.12573629361123698,0.18237426370638876,0.18316719528772088,8.326672684688674e-17,0.29978018155592806,0.3469048576093395,0.39513775072192303,0.3877458248790385,1.2287424203519723,1.2405971531072792,cột filter_* không áp dụng cho directional,,,,
MACD,i038,D,SOLUSDT,True,10072.0,10429.0,0.48858220810166797,0.4867197238469652,13890.0,13762.0,3703.0,0.16184305255579554,0.1997529428862084,0.3724007561436673,0.18071025603934615,5.0,36.4534657320868,0.7562735257214555,0.5081873571972582,0.11624143183549124,0.17945544554455445,0.19611576542269613,2.7755575615628914e-17,0.2671846445998908,0.3398541017172691,0.3974583002382844,0.3900901332821939,1.2292665867306154,1.2477109322190132,cột filter_* không áp dụng cho directional,,,,
RSI,i039,D,SOLUSDT,False,38390.0,38391.0,0.48937223235217503,0.48349873668307675,13890.0,13762.0,3703.0,0.4619150467962563,0.4616334835053045,0.8566027545233594,0.46177491682337624,4.0,35.39823008849622,1.5310206386048555,0.5370004057618178,0.15000507202272267,0.16068167985392576,0.15231284236153378,-5.551115123125783e-17,0.311179430470582,0.3445542684781247,0.3963271685334723,0.38981141413352094,1.2347683207361155,1.2403401212809673,cột filter_* không áp dụng cho directional,,,,
RSI,i039,D,SOLUSDT,True,15011.0,15210.0,0.4829125308107388,0.4908612754766601,13890.0,13762.0,3703.0,0.1705543556515479,0.2140677227147217,0.358358088036727,0.19221032836684507,4.0,34.71648301193787,1.3735320686540198,0.5355346317554495,0.16193731458790145,0.16548432864697538,0.13704372500967368,2.7755575615628914e-17,0.27228281529084736,0.3379313194381322,0.3977283325561255,0.38883957922419465,1.2141768420347387,1.2623747727945216,cột filter_* không áp dụng cho directional,,,,
Stochastic,i040,D,SOLUSDT,False,128591.0,128611.0,0.418419640565825,0.41202540995715764,13890.0,13762.0,3703.0,0.803959683225342,0.8139805260863247,0.9910883067782879,0.8089469116157963,1.0,21.70542635658937,4.140097545988709,0.45333297873755035,0.17563129130486815,0.26687100248660295,0.10416472747097855,-5.551115123125783e-17,0.36817139735170684,0.3670082638015493,0.39685047942702056,0.3893325609784544,1.0543508506527353,1.0582865427994836,cột filter_* không áp dụng cho directional,,,,
Stochastic,i040,D,SOLUSDT,True,51522.0,52733.0,0.41848142541050426,0.4185045417480515,13890.0,13762.0,3703.0,0.30043196544276457,0.3955093736375527,0.4509856872805833,0.34775061478374075,1.0,22.619047619047254,3.752613857877016,0.4493690721649485,0.17723711340206186,0.269080412371134,0.10431340206185567,1.3877787807814457e-17,0.3276696963107178,0.35078371655564516,0.3968731803889601,0.3888731913602488,1.0544462213354069,1.0761979767341496,cột filter_* không áp dụng cho directional,,,,
Stochastic RSI,i041,D,SOLUSDT,False,77048.0,77052.0,0.4261888692762953,0.41956081607226287,13890.0,13762.0,3703.0,0.6900647948164147,0.6972823717482924,0.9751552795031055,0.6936568783451468,1.0,25.479238118569064,2.499166374166374,0.4619553606566594,0.16923595884634846,0.25997638724911454,0.10883229324787766,2.7755575615628914e-17,0.3434408105548387,0.35194505445359847,0.3964982867822656,0.3891969059855683,1.0748819944090555,1.0780168331754942,cột filter_* không áp dụng cho directional,,,,
Stochastic RSI,i041,D,SOLUSDT,True,30815.0,31676.0,0.4251176375141976,0.42536936481879023,13890.0,13762.0,3703.0,0.2622750179985601,0.33527103618660076,0.4409937888198758,0.2986040792709388,1.0,26.46399366921588,2.214256825075834,0.4574157084389008,0.17092184759306178,0.2659186457666286,0.1057437982014088,2.7755575615628914e-17,0.2980215874422268,0.3424607640128452,0.39580236897614796,0.38927894936229324,1.0740654196029238,1.092710935219126,cột filter_* không áp dụng cho directional,,,,
Connors RSI,i042,D,SOLUSDT,False,153744.0,153741.0,0.4248295868456655,0.42096122699865357,13890.0,13762.0,3703.0,0.8277177825773938,0.8450806568812672,0.9959492303537673,0.8363590337046145,1.0,21.978021978022372,4.974342718627634,0.46078635792415934,0.1759753396712332,0.26909400341502726,0.09414429898958022,-1.3877787807814457e-17,0.35728960721658476,0.35961233807272036,0.39693353886980953,0.3891174117509317,1.0702788886403616,1.0818360070407351,cột filter_* không áp dụng cho directional,,,,
Connors RSI,i042,D,SOLUSDT,True,61347.0,63013.0,0.42502485859129213,0.4259121133734309,13890.0,13762.0,3703.0,0.30943124550036,0.41302136317395727,0.4555765595463138,0.3609865470852018,1.0,22.807017543859125,4.489073613848658,0.45683574067853544,0.17766767439256523,0.2720719964169746,0.09342458851192476,-1.1102230246251565e-16,0.3311132236255637,0.3482331130451308,0.39739596068267397,0.3891411296081761,1.0695248584337782,1.0944926685140666,cột filter_* không áp dụng cho directional,,,,
Awesome Oscillator,i043,D,SOLUSDT,False,13963.0,13964.0,0.5069827400988326,0.5050128902893154,13890.0,13762.0,3703.0,0.2782577393808495,0.2767039674465921,0.7434512557385903,0.2774844495877333,9.0,41.4045706900872,0.4486859773642816,0.512394897071615,0.07002029573789505,0.23832995071035082,0.17925485648013917,-2.7755575615628914e-17,0.2679067104317206,0.3366800684515147,0.39736446322423546,0.3881194500143226,1.275863311945786,1.3011790320497443,cột filter_* không áp dụng cho directional,,,,
Awesome Oscillator,i043,D,SOLUSDT,True,5249.0,5335.0,0.5187654791388836,0.5105904404873477,13890.0,13762.0,3703.0,0.10251979841612671,0.11589885191105943,0.2975965433432352,0.10917835961232461,9.0,41.23711340206152,0.39966027663188547,0.514307961845435,0.06793848549737201,0.2433326844461748,0.1744208682110181,2.7755575615628914e-17,0.25026470147037017,0.3347978903421092,0.39431320251476465,0.38868791002811626,1.3156178282401259,1.3136257324042147,cột filter_* không áp dụng cho directional,,,,
Accelerator Oscillator,i044,D,SOLUSDT,False,38075.0,38074.0,0.4466973079448457,0.4416399642800862,13890.0,13762.0,3703.0,0.5073434125269979,0.5167126871094317,0.9246556845800702,0.5120063648199046,4.0,31.896551724138416,1.261062450233193,0.47868922175494966,0.11456315267211643,0.27975712328119834,0.12699050229173559,0.0,0.30454509357253073,0.3421060623311932,0.39650164149704525,0.38866549351263324,1.126596364792539,1.1362983636357495,cột filter_* không áp dụng cho directional,,,,
Accelerator Oscillator,i044,D,SOLUSDT,True,15224.0,15581.0,0.44732002101944296,0.4491367691419036,13890.0,13762.0,3703.0,0.1925845932325414,0.241970643801773,0.4031866054550365,0.21716331549255027,4.0,32.822470150713315,1.129901307015204,0.4783197034770842,0.11243160557745485,0.28052009178090254,0.12872859916455845,-2.7755575615628914e-17,0.27119000505110197,0.33794045865788847,0.3959701786652654,0.38924651819523776,1.1296810848919667,1.1538620081288078,cột filter_* không áp dụng cho directional,,,,
Momentum,i045,D,SOLUSDT,False,45957.0,45952.0,0.46854668494462215,0.46694376740947074,13890.0,13762.0,3703.0,0.5142548596112311,0.5248510390931551,0.9330272751822847,0.5195284247070736,4.0,33.53658536585347,1.7748162280455642,0.5274637666346409,0.13289314990085652,0.2085692675647499,0.13107381589975264,2.7755575615628914e-17,0.315570275426903,0.3435007410421978,0.3971560371651761,0.3892050400417827,1.1797546583680782,1.1997372062790925,cột filter_* không áp dụng cho directional,,,,
Momentum,i045,D,SOLUSDT,True,18080.0,18560.0,0.4688606194690266,0.4742456896551724,13890.0,13762.0,3703.0,0.19301655867530598,0.2461851475076297,0.3988657844990548,0.21947779545783308,4.0,33.7823943874922,1.58600583090379,0.5236816280150819,0.13361913124322092,0.2153297866845721,0.12736945405712516,-2.7755575615628914e-17,0.27714285844339054,0.3384184417495261,0.39720685840707964,0.38946928879310344,1.1803940680916243,1.2176715938881242,cột filter_* không áp dụng cho directional,,,,
Chande Momentum Oscillator,i046,D,SOLUSDT,False,48633.0,48650.0,0.4680361071700286,0.46269270298047277,13890.0,13762.0,3703.0,0.5319654427645788,0.5413457346315943,0.943289224952741,0.5366338782004918,4.0,33.054906314318565,1.85893519528693,0.5177750860394916,0.1367979850416258,0.21441618119244005,0.13101074772644247,8.326672684688674e-17,0.32002338242493517,0.3453376305901245,0.39697838915962413,0.38964028776978415,1.1789964389770151,1.187486811563621,cột filter_* không áp dụng cho directional,,,,
Chande Momentum Oscillator,i046,D,SOLUSDT,True,19163.0,19675.0,0.4684026509419193,0.4719186785260483,13890.0,13762.0,3703.0,0.20028797696184306,0.253088213922395,0.4048069133135296,0.22656589035151165,4.0,33.02558579221483,1.669629057187017,0.5163046119453759,0.13976770180298392,0.21524031685862857,0.12868736939301162,-2.7755575615628914e-17,0.28003038249406864,0.339320123058417,0.3969524604706987,0.3885997458703939,1.179996844928222,1.2144080986698405,cột filter_* không áp dụng cho directional,,,,
Price Oscillator,i047,D,SOLUSDT,False,13952.0,13953.0,0.5232941513761468,0.5228983014405504,13890.0,13762.0,3703.0,0.28725701943844495,0.2838976892893475,0.7267080745341615,0.28558512946622305,9.0,42.01779303270622,0.4523989421987155,0.5365945296062519,0.07664562669071236,0.16283438533213104,0.22392545837090472,2.7755575615628914e-17,0.27416995120452503,0.340297213172029,0.39657038417431195,0.3885974342435318,1.3195492458814917,1.3456041017318014,cột filter_* không áp dụng cho directional,,,,
Price Oscillator,i047,D,SOLUSDT,True,5235.0,5286.0,0.5216809933142311,0.5346197502837684,13890.0,13762.0,3703.0,0.10266378689704823,0.11982270018892603,0.2878746961922765,0.11120352958194706,9.0,41.599999999998545,0.40835546969331077,0.5400886381950041,0.07614826752618856,0.16337630942788073,0.22038678485092666,0.0,0.25277181975436985,0.3361954864914701,0.39739255014326647,0.3906451002648505,1.3127598721369,1.3685561393738348,cột filter_* không áp dụng cho directional,,,,
Detrended Price Oscillator,i048,D,SOLUSDT,False,24470.0,24464.0,0.4984470780547609,0.497097776324395,13890.0,13762.0,3703.0,0.3597552195824334,0.358087487283825,0.8109640831758034,0.3589252133661218,7.0,38.888888888889106,1.0323329207920793,0.5487874348958334,0.12593587239583334,0.14750162760416666,0.17777506510416666,-5.551115123125783e-17,0.29103502398876563,0.3413528283512335,0.3963322435635471,0.3894314094179202,1.2576495759544248,1.2764706808508404,cột filter_* không áp dụng cho directional,,,,
Detrended Price Oscillator,i048,D,SOLUSDT,True,9325.0,9594.0,0.5035924932975872,0.5072962268084219,13890.0,13762.0,3703.0,0.13239740820734341,0.1594971661095771,0.3302727518228463,0.14588456531173152,7.0,38.23529411764743,0.948639908693171,0.5532278751603249,0.12986318939717828,0.1513467293715263,0.1655622060709705,2.7755575615628914e-17,0.26139069403443155,0.3368055297584631,0.3963109919571045,0.38998853450072957,1.2707002922394202,1.3007977977041603,cột filter_* không áp dụng cho directional,,,,
TRIX,i049,D,SOLUSDT,False,6616.0,6616.0,0.4969770253929867,0.5037787182587666,13890.0,13762.0,3703.0,0.1484521238300936,0.14510972242406628,0.5230893869835269,0.14678865904817012,18.0,46.15384615384577,0.1319212808539026,0.4250491604900923,0.0892451973982756,0.3140220844047799,0.1716835577068522,-8.326672684688674e-17,0.2533651458437055,0.3355051575198189,0.39651602176541717,0.38889056831922614,1.2533592543884728,1.2954253954681487,cột filter_* không áp dụng cho directional,,,,
TRIX,i049,D,SOLUSDT,True,2324.0,2430.0,0.5090361445783133,0.5004115226337449,13890.0,13762.0,3703.0,0.05161987041036717,0.05391658189216684,0.19821766135565758,0.05276291045855634,18.0,45.60669456066899,0.11536707706338349,0.4089171974522293,0.08577494692144373,0.3205944798301486,0.18471337579617833,2.7755575615628914e-17,0.24383717929074467,0.33432030687757636,0.3955464716006884,0.38617283950617287,1.286918683709546,1.2958226768968457,cột filter_* không áp dụng cho directional,,,,
Fisher Transform,i050,D,SOLUSDT,False,60690.0,60687.0,0.44346679848409953,0.4356122398536754,13890.0,13762.0,3703.0,0.6455003599712023,0.6633483505304462,0.9721847150958682,0.6543830464342543,2.0,28.378378378379104,1.9893984789121917,0.4710923603863172,0.1524982727446455,0.2543254884090141,0.12208387846002322,0.0,0.33385112018067414,0.3506253647719748,0.39682237600922715,0.3893016626295583,1.1175448394416845,1.1189580771664573,cột filter_* không áp dụng cho directional,,,,
Fisher Transform,i050,D,SOLUSDT,True,24279.0,24922.0,0.4447876765929404,0.44225985073429097,13890.0,13762.0,3703.0,0.2474442044636429,0.31223659351838395,0.4374831217931407,0.2796904383046434,2.0,29.256787850896977,1.7808424203549285,0.4680788897005113,0.15237399561723886,0.25701241782322864,0.12253469685902119,5.551115123125783e-17,0.28985880396647934,0.341950057894476,0.3974278182791713,0.3890377979295402,1.119165936895996,1.13680432361071,cột filter_* không áp dụng cho directional,,,,
Ultimate Oscillator,i051,D,SOLUSDT,False,49500.0,49501.0,0.4624848484848485,0.46211187652774693,13890.0,13762.0,3703.0,0.5476601871850252,0.5555151867461124,0.9308668647042938,0.5515695067264574,3.0,32.03592814371234,1.8540028878549655,0.5018691413221122,0.16651325305731407,0.19401499070125675,0.13760261491931697,-2.7755575615628914e-17,0.3274741388323559,0.35023984046412227,0.3968292929292929,0.3890830488272964,1.1654503755781307,1.1876947040498445,cột filter_* không áp dụng cho directional,,,,
Ultimate Oscillator,i051,D,SOLUSDT,True,19680.0,19850.0,0.46504065040650405,0.4714861460957179,13890.0,13762.0,3703.0,0.2071994240460763,0.2597006249091702,0.4069673237915204,0.23332851150007233,3.0,32.43243243243153,1.6700590526448047,0.5001189400066607,0.1695608734954089,0.1940149388648366,0.13630524763309387,-8.326672684688674e-17,0.2839175922317876,0.3414377731421148,0.3961128048780488,0.3885793450881612,1.174010647168238,1.2133587439876576,cột filter_* không áp dụng cho directional,,,,
Williams %R,i052,D,SOLUSDT,False,44174.0,44221.0,0.4824331054466428,0.48804866466158614,13890.0,13762.0,3703.0,0.541612670986321,0.5478128179043744,0.9300567107750473,0.544698394329524,3.0,34.307539990681626,1.6094780071328219,0.5271416641026768,0.15961935739088393,0.16647619884840226,0.146762779658037,-2.7755575615628914e-17,0.3232643493596809,0.34969135595577794,0.3977622583420111,0.3896304923000385,1.2128679766088528,1.25259360934657,cột filter_* không áp dụng cho directional,,,,
Williams %R,i052,D,SOLUSDT,True,17443.0,17753.0,0.4836324026830247,0.4967047822903171,13890.0,13762.0,3703.0,0.19964002879769618,0.2552681296323209,0.4031866054550365,0.22732532909012007,3.0,34.659090909091304,1.4666409564211338,0.5260840486010478,0.16185486567829674,0.16692676401738937,0.14513432170326607,-5.551115123125783e-17,0.2806201852880522,0.3409947576736216,0.3974201685489881,0.38849208584464595,1.2169296904301665,1.2785454334556106,cột filter_* không áp dụng cho directional,,,,
SMI Ergodic,i053,D,SOLUSDT,False,47568.0,47566.0,0.4633577194752775,0.4582264642812093,13890.0,13762.0,3703.0,0.598488120950324,0.6086324662113065,0.9600324061571699,0.6035368146969478,2.0,30.392156862744535,1.5765658960679707,0.4943563951108252,0.17741778271633818,0.186502134627756,0.1417236875450806,2.7755575615628914e-17,0.33047163485465875,0.3536059059835877,0.3962033299697275,0.3886158180212757,1.1694947629811214,1.1791245827675563,cột filter_* không áp dụng cho directional,,,,
SMI Ergodic,i053,D,SOLUSDT,True,18883.0,19582.0,0.4650744055499656,0.46808293330609746,13890.0,13762.0,3703.0,0.22491000719942406,0.2856416218572882,0.42344045368620037,0.2551352524229712,2.0,31.390134529147616,1.4301287255015656,0.49334698055271237,0.1727835453526344,0.18789296680801287,0.14597650728664036,-5.551115123125783e-17,0.2857899438450414,0.34317639682785334,0.39624000423661493,0.38914053722806663,1.1737189596642699,1.2028634606930309,cột filter_* không áp dụng cho directional,,,,
Relative Vigor Index,i054,D,SOLUSDT,False,55647.0,55647.0,0.42676155048789693,0.42111883839200676,13890.0,13762.0,3703.0,0.5813534917206623,0.587705275396018,0.9535511747231974,0.5845146824822798,3.0,28.78787878787859,1.8782370265055346,0.46485837284751685,0.12977289742949838,0.2973234339905166,0.10804529573246818,0.0,0.3195982371602863,0.3429237796560203,0.39755781982856214,0.3888017323485543,1.0734578197252622,1.0831197583617778,cột filter_* không áp dụng cho directional,,,,
Relative Vigor Index,i054,D,SOLUSDT,True,22339.0,22848.0,0.4255338197770715,0.4269082633053221,13890.0,13762.0,3703.0,0.2226061915046796,0.2797558494404883,0.422360248447205,0.25104874873426875,3.0,29.696969696970143,1.6727016223841993,0.46202800169707253,0.125197670382227,0.30204034404288965,0.11073398387781078,-2.7755575615628914e-17,0.281908188329368,0.3388311629289848,0.3971417699986571,0.3898853291316527,1.0714909685236846,1.0949585208967119,cột filter_* không áp dụng cho directional,,,,
True Strength Index,i055,D,SOLUSDT,False,21893.0,21894.0,0.4937651304069794,0.489814561066959,13890.0,13762.0,3703.0,0.3976961843052556,0.4043743641912513,0.8587631650013503,0.40101981773470274,5.0,36.54970760233932,0.7016609433036652,0.5085157057475397,0.1142317889722734,0.1832561901766054,0.19399631510358153,0.0,0.29302860327342234,0.3455067528813756,0.3972890878362947,0.3899104777564629,1.2428358732330405,1.256223130717959,cột filter_* không áp dụng cho directional,,,,
True Strength Index,i055,D,SOLUSDT,True,8599.0,8884.0,0.4970345388998721,0.4969608284556506,13890.0,13762.0,3703.0,0.14802015838732901,0.18042435692486558,0.3594382932757224,0.16414725878779113,6.0,37.82952955457346,0.6323679727427598,0.5119399590629975,0.10200136456675006,0.18035023879918127,0.20570843757107118,-2.7755575615628914e-17,0.26337572432414286,0.3390423765155379,0.395732061867659,0.38724110760918506,1.2559875400393783,1.2833369667902041,cột filter_* không áp dụng cho directional,,,,
Coppock Curve,i056,D,SOLUSDT,False,15821.0,15822.0,0.4997787750458252,0.4982303122234863,13890.0,13762.0,3703.0,0.3074874010079194,0.3120186019473914,0.8236564947339995,0.3097425141038623,9.0,39.78315262718971,0.481876883340508,0.5147290733615089,0.0778401564372674,0.22765407178452027,0.17977669841670346,2.7755575615628914e-17,0.2735626737395645,0.33849201972724896,0.3972252070033499,0.3896536468208823,1.258174874691702,1.2786491703297593,cột filter_* không áp dụng cho directional,,,,
Coppock Curve,i056,D,SOLUSDT,True,6028.0,6161.0,0.5056403450564034,0.5064112968673916,13890.0,13762.0,3703.0,0.11497480201583873,0.1347914547304171,0.33513367539832567,0.12483726312744105,9.0,39.902676399026575,0.4095461325378223,0.5171898355754858,0.07241322039528318,0.22803521009799035,0.18236173393124067,-2.7755575615628914e-17,0.2532891324719156,0.335754753721826,0.39615129396151294,0.38725044635611106,1.2763819095477387,1.3077100404468007,cột filter_* không áp dụng cho directional,,,,
Rate of Change,i057,D,SOLUSDT,False,48633.0,48650.0,0.4680361071700286,0.46269270298047277,13890.0,13762.0,3703.0,0.5319654427645788,0.5413457346315943,0.943289224952741,0.5366338782004918,4.0,33.054906314318565,1.85893519528693,0.5177750860394916,0.1367979850416258,0.21441618119244005,0.13101074772644247,8.326672684688674e-17,0.32002338242493517,0.3453376305901245,0.39577344601402337,0.3885601233299075,1.1825859260740923,1.1907879249554976,cột filter_* không áp dụng cho directional,,,,
Rate of Change,i057,D,SOLUSDT,True,19163.0,19675.0,0.4684026509419193,0.4719186785260483,13890.0,13762.0,3703.0,0.20028797696184306,0.253088213922395,0.4048069133135296,0.22656589035151165,4.0,33.02558579221483,1.669629057187017,0.5163046119453759,0.13976770180298392,0.21524031685862857,0.12868736939301162,-2.7755575615628914e-17,0.28003038249406864,0.339320123058417,0.3965636904451287,0.3895806861499365,1.181153651299124,1.2113502935420741,cột filter_* không áp dụng cho directional,,,,
Klinger Oscillator,i058,D,SOLUSDT,False,49312.0,49311.0,0.44638221933809213,0.43990184745797084,13890.0,13762.0,3703.0,0.5557955363570914,0.5571137916000581,0.9386983526870105,0.5564516129032258,2.0,30.04115226337398,1.7620208874516248,0.48405834046504853,0.15018481764052513,0.24113694714033396,0.1246198947540924,1.3877787807814457e-17,0.3222129257021041,0.3473311642687533,0.39629806132381573,0.3887824217720184,1.126380022771175,1.131485949012193,cột filter_* không áp dụng cho directional,,,,
Klinger Oscillator,i058,D,SOLUSDT,True,19839.0,20147.0,0.44583900398205556,0.4459224698466273,13890.0,13762.0,3703.0,0.20943124550035996,0.25940996948118006,0.40993788819875776,0.23430493273542602,3.0,31.06060606060563,1.6111041640615231,0.4814731236178183,0.14582299047705014,0.24461795369409217,0.1280859322110394,2.7755575615628914e-17,0.2819261020668236,0.34046603955961413,0.395458440445587,0.3894500421899042,1.1273978713912434,1.1450055759120599,cột filter_* không áp dụng cho directional,,,,
Bollinger Bands,i059,D,SOLUSDT,False,18458.0,19627.0,0.5310434499945823,0.5330921689509349,13890.0,13762.0,3703.0,0.24506839452843773,0.26260717918907134,0.6286794490953281,0.2537971936930421,12.0,47.69230769230796,1.7490905200085598,0.424354657687991,0.052525252525252523,0.15673400673400673,0.3663860830527497,-5.551115123125783e-17,0.30826973943524755,0.35817774847846917,0.39550601365261684,0.38910939012584705,1.342693743364953,1.3700316221577702,cột filter_* không áp dụng cho directional,,,,
Bollinger Bands,i059,D,SOLUSDT,True,7779.0,8435.0,0.5410721172387196,0.5331357439241257,13890.0,13762.0,3703.0,0.1033117350611951,0.1264351111757012,0.272481771536592,0.11481990452770144,12.0,48.455879013578915,1.5815009560229445,0.3851891315929675,0.05700586041555674,0.1795418220564731,0.3782631859350027,-5.551115123125783e-17,0.27209583050993624,0.34529556731973465,0.39547499678621933,0.3897332542975697,1.3681575867897542,1.3679503559043618,cột filter_* không áp dụng cho directional,,,,
BB %B,i060,D,SOLUSDT,False,39207.0,39206.0,0.4857550947534879,0.4903841248788451,13890.0,13762.0,3703.0,0.487544996400288,0.4960034878651359,0.9081825546853902,0.49175466512368005,4.0,35.37832310838434,1.4961381993986205,0.540556026107319,0.15151213193164267,0.15639479846544765,0.15153704349559066,-2.7755575615628914e-17,0.3140328973253862,0.34600557778834823,0.3973231820848318,0.3892401673213284,1.222569224893037,1.2598497432923452,cột filter_* không áp dụng cho directional,,,,
BB %B,i060,D,SOLUSDT,True,15400.0,15662.0,0.4841558441558442,0.49495594432384116,13890.0,13762.0,3703.0,0.18135349172066234,0.22794651940124983,0.38698352687010534,0.2045421669318675,4.0,35.35911602210022,1.3467343772041191,0.5363315251671502,0.15497666204112526,0.16059038728396619,0.1481014255077583,5.551115123125783e-17,0.27465616213462346,0.3390361552031587,0.39612337662337666,0.3892989401098199,1.2222349720505548,1.2714032670734108,cột filter_* không áp dụng cho directional,,,,
Standard Error Bands,i061,D,SOLUSDT,False,26558.0,27320.0,0.5112583778899014,0.5067715959004392,13890.0,13762.0,3703.0,0.37429805615550754,0.38119459380903936,0.7815284904131785,0.37773036308404456,5.0,39.52702702702746,1.5553639703126172,0.4520884520884521,0.10043470043470043,0.14847854847854847,0.298998298998299,5.551115123125783e-17,0.3248112444712267,0.3629749222741711,0.3970234957451615,0.38956808199121523,1.2877282663846779,1.3008550220802404,cột filter_* không áp dụng cho directional,,,,
Standard Error Bands,i061,D,SOLUSDT,True,10693.0,11269.0,0.5138875900121574,0.5082083592155471,13890.0,13762.0,3703.0,0.1435565154787617,0.17054207237320157,0.339994598973805,0.15698683639519745,5.0,40.609529702969674,1.455,0.4432960893854749,0.09534450651769087,0.1590316573556797,0.30232774674115453,-5.551115123125783e-17,0.2783730040227586,0.34620699660686655,0.39670812681193307,0.38887212707427454,1.2953795379537951,1.3068778239240564,cột filter_* không áp dụng cho directional,,,,
Envelopes,i062,D,SOLUSDT,False,0.0,2.0,,1.0,13890.0,13762.0,3703.0,0.0,7.266385699752942e-05,0.0,3.616374945754376e-05,1.0,28.99301644514526,1.0,,,,,,0.23769876940943213,0.33333808783465746,,0.5,,2.0,cột filter_* không áp dụng cho directional; không có tín hiệu Long hoặc Short trong train → precision/lift/độ trễ chiều đó là NaN,,,,
Envelopes,i062,D,SOLUSDT,True,0.0,2.0,,1.0,13890.0,13762.0,3703.0,0.0,7.266385699752942e-05,0.0,3.616374945754376e-05,1.0,28.99301644514526,1.0,,,,,,0.23769876940943213,0.33333808783465746,,0.325,,3.0769230769230766,cột filter_* không áp dụng cho directional; không có tín hiệu Long hoặc Short trong train → precision/lift/độ trễ chiều đó là NaN,,,,
BB Width,i063,F,SOLUSDT,False,,,,,,,,,,,,,,,,,,,,,,,,,,filter: không cho hướng → không có recall/precision/backtest,0.4948101990732442,0.7823117910706157,0.6595655574257064,1.1861016426084914
BB Width,i063,F,SOLUSDT,True,,,,,,,,,,,,,,,,,,,,,,,,,,filter: HTF không áp dụng (filter không có hướng),,,,
ATR,i064,F,SOLUSDT,False,,,,,,,,,,,,,,,,,,,,,,,,,,filter: không cho hướng → không có recall/precision/backtest,0.48424340586733844,0.8134629307492474,0.6595655574257064,1.2333314279238663
ATR,i064,F,SOLUSDT,True,,,,,,,,,,,,,,,,,,,,,,,,,,filter: HTF không áp dụng (filter không có hướng),,,,
Historical Volatility,i065,F,SOLUSDT,False,,,,,,,,,,,,,,,,,,,,,,,,,,filter: không cho hướng → không có recall/precision/backtest,0.4915105548954505,0.7763415248165146,0.6595655574257064,1.1770498263229305
Historical Volatility,i065,F,SOLUSDT,True,,,,,,,,,,,,,,,,,,,,,,,,,,filter: HTF không áp dụng (filter không có hướng),,,,
Chaikin Volatility,i066,F,SOLUSDT,False,,,,,,,,,,,,,,,,,,,,,,,,,,filter: không cho hướng → không có recall/precision/backtest,0.49929168695894954,0.6611065041192862,0.6595655574257064,1.0023363055821077
Chaikin Volatility,i066,F,SOLUSDT,True,,,,,,,,,,,,,,,,,,,,,,,,,,filter: HTF không áp dụng (filter không có hướng),,,,
Close-to-Close Volatility,i067,F,SOLUSDT,False,,,,,,,,,,,,,,,,,,,,,,,,,,filter: không cho hướng → không có recall/precision/backtest,0.4915105548954505,0.7763415248165146,0.6595655574257064,1.1770498263229305
Close-to-Close Volatility,i067,F,SOLUSDT,True,,,,,,,,,,,,,,,,,,,,,,,,,,filter: HTF không áp dụng (filter không có hướng),,,,
Non-Directional Close-to-Close Volatility,i068,F,SOLUSDT,False,,,,,,,,,,,,,,,,,,,,,,,,,,filter: không cho hướng → không có recall/precision/backtest,0.49168664167609233,0.7814450950975173,0.6595655574257064,1.184787601929228
Non-Directional Close-to-Close Volatility,i068,F,SOLUSDT,True,,,,,,,,,,,,,,,,,,,,,,,,,,filter: HTF không áp dụng (filter không có hướng),,,,
O-H-L-C Volatility,i069,F,SOLUSDT,False,,,,,,,,,,,,,,,,,,,,,,,,,,filter: không cho hướng → không có recall/precision/backtest,0.48785715078897984,0.7983325258266646,0.6595655574257064,1.2103914718387776
O-H-L-C Volatility,i069,F,SOLUSDT,True,,,,,,,,,,,,,,,,,,,,,,,,,,filter: HTF không áp dụng (filter không có hướng),,,,
Relative Volatility Index,i070,F,SOLUSDT,False,,,,,,,,,,,,,,,,,,,,,,,,,,filter: không cho hướng → không có recall/precision/backtest,0.49857147616245034,0.666923333916668,0.6595655574257064,1.011155489258231
Relative Volatility Index,i070,F,SOLUSDT,True,,,,,,,,,,,,,,,,,,,,,,,,,,filter: HTF không áp dụng (filter không có hướng),,,,
Standard Deviation,i071,F,SOLUSDT,False,,,,,,,,,,,,,,,,,,,,,,,,,,filter: không cho hướng → không có recall/precision/backtest,0.49473246707097884,0.7822775880589358,0.6595655574257064,1.1860497857289214
Standard Deviation,i071,F,SOLUSDT,True,,,,,,,,,,,,,,,,,,,,,,,,,,filter: HTF không áp dụng (filter không có hướng),,,,
Mass Index,i073,F,SOLUSDT,False,,,,,,,,,,,,,,,,,,,,,,,,,,filter: không cho hướng → không có recall/precision/backtest,0.4996581378267719,0.67549607899165,0.6595655574257064,1.0241530525458615
Mass Index,i073,F,SOLUSDT,True,,,,,,,,,,,,,,,,,,,,,,,,,,filter: HTF không áp dụng (filter không có hướng),,,,
Net Volume,i074,D,SOLUSDT,False,36492.0,36494.0,0.4503178778910446,0.44494985477064725,13890.0,13762.0,3703.0,0.4159827213822894,0.42944339485539895,0.8930596813394545,0.42268190365977143,5.0,34.13173652694596,1.524108036012004,0.4952499069825127,0.12171648269874737,0.25578568770928933,0.1272479226094506,2.7755575615628914e-17,0.3015305329563395,0.34061258101140385,0.39566617340787025,0.3891105387186935,1.1381257943090246,1.1435050210560416,cột filter_* không áp dụng cho directional,,,,
Net Volume,i074,D,SOLUSDT,True,14303.0,14727.0,0.4524225686918828,0.44863176478576766,13890.0,13762.0,3703.0,0.15687544996400288,0.1977183548902776,0.3759114231704024,0.17720237234196443,6.0,34.8915248946471,1.3633184996821361,0.4915997993981946,0.12205366098294884,0.25915245737211634,0.12719408224674023,-5.551115123125783e-17,0.2693106159975162,0.33739352379097554,0.398017898343005,0.39040537787736806,1.1366890046286129,1.1491434037742414,cột filter_* không áp dụng cho directional,,,,
OBV,i075,D,SOLUSDT,False,40584.0,40587.0,0.4619800906761285,0.4522384014585951,13890.0,13762.0,3703.0,0.44924406047516197,0.45625635808748727,0.8674048069133136,0.4527339794589903,4.0,33.65384615384586,1.7053588455915072,0.4959039644178183,0.1490684639299249,0.21780470646969388,0.1372228651825629,5.551115123125783e-17,0.31292415160470066,0.3453996170211149,0.3967696629213483,0.38962229285239114,1.1643533612793044,1.1607097688065968,cột filter_* không áp dụng cho directional,,,,
OBV,i075,D,SOLUSDT,True,15815.0,16466.0,0.45931078090420485,0.4556054901008138,13890.0,13762.0,3703.0,0.16616270698344132,0.20978055515186747,0.36402916554145287,0.18787067843193983,4.0,33.58208955223999,1.5583065871924193,0.49346274621752784,0.15124179274907223,0.21935483870967742,0.13594062232372253,-2.7755575615628914e-17,0.2750375911704325,0.3392416275429826,0.39753082516598165,0.38887100692335724,1.1554092206872968,1.1716108477858553,cột filter_* không áp dụng cho directional,,,,
Accumulation/Distribution,i076,D,SOLUSDT,False,39886.0,39888.0,0.46126460412174697,0.46159245888487765,13890.0,13762.0,3703.0,0.4800575953923686,0.47863682604272634,0.86119362678909,0.47935049905974253,3.0,32.91139240506398,1.5910362442228168,0.491644167209757,0.1763103994041523,0.17908016013406572,0.15296527325202494,5.551115123125783e-17,0.32159172183829815,0.35169949420422736,0.3976871584014442,0.3892411251504212,1.1598679876309326,1.185877927740797,cột filter_* không áp dụng cho directional,,,,
Accumulation/Distribution,i076,D,SOLUSDT,True,15824.0,15852.0,0.45987108190091003,0.4714231642694928,13890.0,13762.0,3703.0,0.180849532037437,0.22082546141549195,0.36699972994869023,0.2007449732388254,3.0,33.3333333333328,1.4442836468885674,0.4923195084485407,0.17470164244357791,0.18108235850171334,0.15189649060616803,-2.7755575615628914e-17,0.2787663979603663,0.3416954643297642,0.3965021486349848,0.3883926318445622,1.1598198987926847,1.2137798856548858,cột filter_* không áp dụng cho directional,,,,
MFI,i077,D,SOLUSDT,False,29884.0,29885.0,0.46145094364877526,0.45323741007194246,13890.0,13762.0,3703.0,0.38452123830093593,0.39732597006249093,0.8800972184715096,0.3908939678865905,7.0,36.00766283524978,1.2194341768552743,0.5062896959980268,0.10686316828019979,0.2541468829006598,0.13270025282111364,0.0,0.29093560891103143,0.3380673229919084,0.39706029982599383,0.38894763259160114,1.1621684259317784,1.1652916025017852,cột filter_* không áp dụng cho directional,,,,
MFI,i077,D,SOLUSDT,True,11748.0,11793.0,0.4637385086823289,0.45552446366488597,13890.0,13762.0,3703.0,0.14521238300935926,0.17846243278593227,0.36943019173642994,0.16176045132359324,7.0,36.25730994151951,1.0856017805170348,0.5028692712837041,0.10714566464900559,0.25894190708277653,0.1310431569845138,0.0,0.2630343779987148,0.3360422237765209,0.3976251276813075,0.3895361655219197,1.166270631301779,1.1694022377987725,cột filter_* không áp dụng cho directional,,,,
Chaikin Money Flow,i078,D,SOLUSDT,False,30874.0,30876.0,0.450249400790309,0.45251975644513537,13890.0,13762.0,3703.0,0.37976961843052554,0.3839558203749455,0.8374291115311909,0.38185303052220454,5.0,34.280666330136036,1.348389458272328,0.48339581426926825,0.14198423709301297,0.23369837943147267,0.14092156920624613,-5.551115123125783e-17,0.2996367165882214,0.3432537190098592,0.3974185398717367,0.3886206114781708,1.1329350687454667,1.1644255170200972,cột filter_* không áp dụng cho directional,,,,
Chaikin Money Flow,i078,D,SOLUSDT,True,12205.0,12237.0,0.4498975829578042,0.459262891231511,13890.0,13762.0,3703.0,0.14290856731461482,0.1718500217991571,0.35187685660275453,0.15731231014031535,5.0,34.657039711190826,1.2340350256500974,0.4848098417223014,0.1422999024829345,0.22999024829345135,0.14290000750131274,-5.551115123125783e-17,0.2670696864859298,0.3380450720167825,0.39813600983203606,0.38775026558797093,1.1300097751710654,1.1844295980947965,cột filter_* không áp dụng cho directional,,,,
Chaikin Oscillator,i079,D,SOLUSDT,False,33755.0,33756.0,0.47124870389571916,0.4671169569854248,13890.0,13762.0,3703.0,0.47329013678905685,0.4760209271908153,0.8871185525249797,0.4746492116302618,3.0,33.73349858765206,1.2345521023765997,0.4966514119879451,0.1661457751981248,0.16999665141198794,0.1672061614019422,2.7755575615628914e-17,0.3144101403576384,0.35066146519751334,0.3972581839727448,0.38936337243749264,1.1862529783100724,1.199694141904461,cột filter_* không áp dụng cho directional,,,,
Chaikin Oscillator,i079,D,SOLUSDT,True,13448.0,13421.0,0.47085068411659725,0.47686461515535356,13890.0,13762.0,3703.0,0.18099352051835854,0.2175555878506031,0.3796921415068863,0.19918993201215102,4.0,34.28571428571454,1.1065953138559446,0.499540213623824,0.16460352267100517,0.1669378227346679,0.16891844097050293,-8.326672684688674e-17,0.2746855336354177,0.34131845689324547,0.3974605889351576,0.38936740928395797,1.1846474775727074,1.2247163059494421,cột filter_* không áp dụng cho directional,,,,
Ease of Movement,i080,D,SOLUSDT,False,35659.0,35659.0,0.46263215457528256,0.4679884461145854,13890.0,13762.0,3703.0,0.45197984161267096,0.4601802063653539,0.9044018363489063,0.45606104440908435,4.0,34.999999999999744,1.3784461152882206,0.5134135787900244,0.11383840767838879,0.2376157134240684,0.13513230010751842,0.0,0.3012834686804904,0.34064372488240524,0.3963291174738495,0.3886550379988222,1.1672928739731263,1.2041229377193965,cột filter_* không áp dụng cho directional,,,,
Ease of Movement,i080,D,SOLUSDT,True,13983.0,14241.0,0.45905742687549167,0.47580928305596515,13890.0,13762.0,3703.0,0.1693304535637149,0.21348641185874145,0.38482311639211453,0.19130623463040647,5.0,35.294117647060396,1.2142963514519731,0.5130081841772574,0.11570962805243197,0.241333422050702,0.12994876571960876,-5.551115123125783e-17,0.2680806863312749,0.3367916688963704,0.39653865407995414,0.38971280106734085,1.1576612321454338,1.2209228995117025,cột filter_* không áp dụng cho directional,,,,
Elder Force Index,i081,D,SOLUSDT,False,36525.0,36527.0,0.4838603696098563,0.47343061297122674,13890.0,13762.0,3703.0,0.45961123110151186,0.47137044034297343,0.871995679179044,0.4654636192680457,3.0,34.92063492063573,1.438944099378882,0.5302210786115633,0.15262826235362076,0.1617392217612771,0.15541143727353884,-2.7755575615628914e-17,0.3113008273719167,0.34609876315337856,0.3964243668720055,0.3878131245380129,1.2205616254817189,1.2207699611383878,cột filter_* không áp dụng cho directional,,,,
Elder Force Index,i081,D,SOLUSDT,True,14371.0,14652.0,0.48563078421821726,0.4838929838929839,13890.0,13762.0,3703.0,0.17077033837293015,0.21733759627961052,0.37537132055090466,0.19394618834080718,4.0,34.78260869565249,1.3034207019102622,0.5288217199411529,0.15775043466631003,0.1673799652266952,0.14604788016584191,-2.7755575615628914e-17,0.27293381581416903,0.3390109446013608,0.39617980655486745,0.3897624897624898,1.2257837885307807,1.2415073194648736,cột filter_* không áp dụng cho directional,,,,
Price & Volume Trend,i082,D,SOLUSDT,False,27342.0,27345.0,0.4909662789847122,0.474894861949168,13890.0,13762.0,3703.0,0.37840172786177106,0.38628106379886645,0.7955711585201188,0.3823231592651526,4.0,36.734693877549894,1.1576416629678947,0.5303957279768009,0.13717862573823247,0.16200445591823745,0.17042119036672915,2.7755575615628914e-17,0.29816944630716957,0.3440312778015171,0.39507351327627827,0.38919912232583653,1.24272132270577,1.2201848223891605,cột filter_* không áp dụng cho directional,,,,
Price & Volume Trend,i082,D,SOLUSDT,True,10649.0,10864.0,0.4851159733308292,0.48223490427098675,13890.0,13762.0,3703.0,0.1392368610511159,0.17475657607905828,0.3264920334863624,0.15691450889628236,4.0,36.40028379773006,1.048305695746215,0.5327691753691034,0.1419697515304285,0.16537630536550235,0.1598847677349658,-5.551115123125783e-17,0.26512425237616555,0.3378878504295432,0.39654897173443515,0.3887794550810015,1.2233444237896207,1.2403816558941212,cột filter_* không áp dụng cho directional,,,,
Volume,i083,F,SOLUSDT,False,,,,,,,,,,,,,,,,,,,,,,,,,,filter: không cho hướng → không có recall/precision/backtest,0.4950798815300831,0.7534670152907551,0.6595655574257064,1.142368649799646
Volume,i083,F,SOLUSDT,True,,,,,,,,,,,,,,,,,,,,,,,,,,filter: HTF không áp dụng (filter không có hướng),,,,
Volume Oscillator,i084,F,SOLUSDT,False,,,,,,,,,,,,,,,,,,,,,,,,,,filter: không cho hướng → không có recall/precision/backtest,0.3857886863450254,0.6582384144084872,0.6595655574257064,0.9979878527581107
Volume Oscillator,i084,F,SOLUSDT,True,,,,,,,,,,,,,,,,,,,,,,,,,,filter: HTF không áp dụng (filter không có hướng),,,,
Volume Profile Fixed Range,i085,F,SOLUSDT,False,,,,,,,,,,,,,,,,,,,,,,,,,,filter: không cho hướng → không có recall/precision/backtest,0.6073074427598986,0.691094457316452,0.6595655574257064,1.0478025262777566
Volume Profile Fixed Range,i085,F,SOLUSDT,True,,,,,,,,,,,,,,,,,,,,,,,,,,filter: HTF không áp dụng (filter không có hướng),,,,
VWAP,i086,D,SOLUSDT,False,8532.0,8534.0,0.49109235818096575,0.4900398406374502,13890.0,13762.0,3703.0,0.1289416846652268,0.1259264641767185,0.30029705644072374,0.12744105308838422,6.0,41.32676171782303,0.8871872303710094,0.4748102139406487,0.15550954681389464,0.18276972624798712,0.18691051299746952,2.7755575615628914e-17,0.26268677147294567,0.3388515676444517,0.39719292076887014,0.3880419498476682,1.2364076309072398,1.2628527426733702,cột filter_* không áp dụng cho directional,,,,
VWAP,i086,D,SOLUSDT,True,3380.0,3365.0,0.4588757396449704,0.4600297176820208,13890.0,13762.0,3703.0,0.04643628509719223,0.052753960180206366,0.11639211450175534,0.049580500506292494,5.0,38.02787230594703,0.7885682574916759,0.47833241908941304,0.17059791552386178,0.18129456939111355,0.16977509599561164,0.0,0.24771289344876288,0.3353738690270805,0.39831360946745564,0.3895096582466568,1.1520463492535096,1.1810482948043028,cột filter_* không áp dụng cho directional,,,,
VWMA,i087,D,SOLUSDT,False,41630.0,41631.0,0.4834494355032429,0.489539045422882,13890.0,13762.0,3703.0,0.5186465082793377,0.5220171486702514,0.9200648123143397,0.5203240271951396,3.0,34.999999999999645,1.5384096656364148,0.5300432697930066,0.15876505671851246,0.15986434335165478,0.15132733013682612,-2.7755575615628914e-17,0.3192495263858551,0.3482636315534675,0.39687124669709345,0.39029088900098485,1.2181518301632697,1.2542927832006008,cột filter_* không áp dụng cho directional,,,,
VWMA,i087,D,SOLUSDT,True,16396.0,16667.0,0.4842034642595755,0.49655006899862003,13890.0,13762.0,3703.0,0.1925845932325414,0.24080802208981253,0.3953551174723197,0.21658469550122958,4.0,35.294117647060396,1.3954112437944453,0.5287274453941121,0.16096866096866097,0.1607312440645774,0.14957264957264957,-2.7755575615628914e-17,0.277893214538218,0.34017840826827667,0.3978348377653086,0.3894792104157917,1.2170966901224916,1.2749077632886334,cột filter_* không áp dụng cho directional,,,,
Pivot Points Standard,i088,D,SOLUSDT,False,3204.0,3220.0,0.465980024968789,0.4919254658385093,13890.0,13762.0,3703.0,0.04996400287976962,0.051446010754250836,0.11963273021874156,0.050701576739476346,6.0,41.90476190476124,0.734959349593496,0.44069315805198683,0.1568568867642665,0.19510008963250672,0.2073498655512399,2.7755575615628914e-17,0.24830705694993319,0.33595123678532274,0.4008270911360799,0.3922360248447205,1.1625462332100447,1.2541567695961997,cột filter_* không áp dụng cho directional,,,,
Pivot Points Standard,i088,D,SOLUSDT,True,779.0,1000.0,0.47753530166880614,0.5,13890.0,13762.0,3703.0,0.013678905687544997,0.017148670251416944,0.035646772886848505,0.01540575726891364,4.0,39.82802911374351,0.6308243727598566,0.4101433296582139,0.18632855567805953,0.2160970231532525,0.1874310915104741,2.7755575615628914e-17,0.24073823409969008,0.3341012994906523,0.39736842105263154,0.38635,1.2017444677758036,1.2941633234114145,cột filter_* không áp dụng cho directional,,,,
Balance of Power,i089,D,SOLUSDT,False,39847.0,39847.0,0.4577759931738901,0.4673626621828494,13890.0,13762.0,3703.0,0.4581713462922966,0.4667199534951315,0.9087226573048879,0.46242586431361205,5.0,34.38048245614071,1.6130510153541358,0.5101797805276675,0.14109269203829092,0.21351856175577866,0.1352089656782629,0.0,0.3097687586717075,0.3434453397247644,0.3971867392777374,0.3884972519888574,1.152546014014292,1.20300120474534,cột filter_* không áp dụng cho directional,,,,
Balance of Power,i089,D,SOLUSDT,True,15534.0,16022.0,0.45712630359212053,0.47228810385719633,13890.0,13762.0,3703.0,0.16961843052555794,0.2150123528556896,0.3856332703213611,0.19221032836684507,5.0,34.45945945945908,1.4535073409461663,0.5053884414969209,0.1443036475603979,0.2153600189483657,0.13494789199431548,2.7755575615628914e-17,0.27312993455405904,0.3382689642165673,0.39741534698081626,0.38919922606416174,1.1502482404490197,1.21348674978952,cột filter_* không áp dụng cho directional,,,,
Accumulative Swing Index,i090,D,SOLUSDT,False,31293.0,31293.0,0.5158022560956125,0.4493337168056754,13890.0,13762.0,3703.0,0.40201583873290136,0.4695538439180352,0.8757763975155279,0.4356285259655721,4.0,35.57692307692242,1.2212701942573092,0.5431077075098815,0.14056324110671936,0.15192687747035574,0.1644021739130435,-5.551115123125783e-17,0.3045864857590068,0.3451569233240352,0.3959607579969961,0.388842552647557,1.3026600380927786,1.1555672437243436,cột filter_* không áp dụng cho directional,,,,
Accumulative Swing Index,i090,D,SOLUSDT,True,12297.0,12418.0,0.520289501504432,0.4565147366725721,13890.0,13762.0,3703.0,0.15377969762419005,0.2054207237320157,0.3707804482851742,0.17948068855778967,4.0,35.384615384615216,1.1063762626262625,0.5415876027830487,0.1472169512966477,0.15377925363693865,0.15741619228336495,-2.7755575615628914e-17,0.2687420043801846,0.33842977078782316,0.3963487029356754,0.3895756160412305,1.3127064568415436,1.1718257454395122,cột filter_* không áp dụng cho directional,,,,
Up/Down,i091,D,SOLUSDT,False,27326.0,27331.0,0.4540730439874113,0.43650067688705135,13890.0,13762.0,3703.0,0.35730741540676747,0.3689144019764569,0.8352687010532001,0.3630840445537393,7.0,35.789473684211316,1.1295971978984238,0.4712886308915202,0.11599986806952736,0.279890497707708,0.13282100333124444,2.7755575615628914e-17,0.29033497529453683,0.3402232805016681,0.39733404084022544,0.38938019099191395,1.142799250291272,1.1210140808013418,cột filter_* không áp dụng cho directional,,,,
Up/Down,i091,D,SOLUSDT,True,10722.0,11047.0,0.4579369520611826,0.4403910563954015,13890.0,13762.0,3703.0,0.13959683225341973,0.16363900595843628,0.34998649743451254,0.15156227397656588,8.0,37.172774869110434,1.0335338071806086,0.4705686176421544,0.11389027847256962,0.2773886943471736,0.13815240953810237,0.0,0.26290716282952903,0.3370350866034448,0.3977756015668719,0.3878473793790169,1.1512444460075733,1.1354751374123304,cột filter_* không áp dụng cho directional,,,,
Spread,i092,F,SOLUSDT,False,,,,,,,,,,,,,,,,,,,,,,,,,,filter: không cho hướng → không có recall/precision/backtest,0.5244578192841993,0.6647217357374252,0.6595655574257064,1.0078175372465528
Spread,i092,F,SOLUSDT,True,,,,,,,,,,,,,,,,,,,,,,,,,,filter: HTF không áp dụng (filter không có hướng),,,,
Correlation Coefficient,i093,F,SOLUSDT,False,,,,,,,,,,,,,,,,,,,,,,,,,,filter: không cho hướng → không có recall/precision/backtest,0.4976862831570615,0.6967427094257109,0.6595655574257064,1.056366120973793
Correlation Coefficient,i093,F,SOLUSDT,True,,,,,,,,,,,,,,,,,,,,,,,,,,filter: HTF không áp dụng (filter không có hướng),,,,
Correlation-Log,i094,F,SOLUSDT,False,,,,,,,,,,,,,,,,,,,,,,,,,,filter: không cho hướng → không có recall/precision/backtest,0.4964584347947478,0.70190731515595,0.6595655574257064,1.0641964354468478
Correlation-Log,i094,F,SOLUSDT,True,,,,,,,,,,,,,,,,,,,,,,,,,,filter: HTF không áp dụng (filter không có hướng),,,,
Rank Correlation,i095,F,SOLUSDT,False,,,,,,,,,,,,,,,,,,,,,,,,,,filter: không cho hướng → không có recall/precision/backtest,0.4962299978901314,0.6953700181260769,0.6595655574257064,1.0542849157256116
Rank Correlation,i095,F,SOLUSDT,True,,,,,,,,,,,,,,,,,,,,,,,,,,filter: HTF không áp dụng (filter không có hướng),,,,
Ratio,i096,F,SOLUSDT,False,,,,,,,,,,,,,,,,,,,,,,,,,,filter: không cho hướng → không có recall/precision/backtest,0.5244816147950968,0.6647339225329535,0.6595655574257064,1.0078360142506824
Ratio,i096,F,SOLUSDT,True,,,,,,,,,,,,,,,,,,,,,,,,,,filter: HTF không áp dụng (filter không có hướng),,,,
Standard Error,i097,F,SOLUSDT,False,,,,,,,,,,,,,,,,,,,,,,,,,,filter: không cho hướng → không có recall/precision/backtest,0.49378381936986315,0.7881240221417626,0.6595655574257064,1.194913853928064
Standard Error,i097,F,SOLUSDT,True,,,,,,,,,,,,,,,,,,,,,,,,,,filter: HTF không áp dụng (filter không có hướng),,,,
Average Price,i099,D,SOLUSDT,False,29331.0,29344.0,0.49272101189867373,0.49625136314067614,13890.0,13762.0,3703.0,0.4368610511159107,0.4447754686818776,0.8790170132325141,0.4407999421380009,5.0,37.01559504775565,1.0765345765345766,0.5435757391861367,0.1091332052189744,0.18219210410977377,0.16509895148511514,2.7755575615628914e-17,0.2982250431842581,0.34256930985959094,0.39647131021785825,0.38911702562704475,1.2427658677948903,1.2753267794977339,cột filter_* không áp dụng cho directional,,,,
Average Price,i099,D,SOLUSDT,True,11456.0,11629.0,0.4911836592178771,0.503396680712013,13890.0,13762.0,3703.0,0.16263498920086394,0.2022235140241244,0.36699972994869023,0.18233762476493562,5.0,37.096774193548036,0.9567255116388065,0.546018614270941,0.11125473974491555,0.17959324370906585,0.16313340227507755,2.7755575615628914e-17,0.2658653276620334,0.3375655998083196,0.39706267458100564,0.38905752859231224,1.2370431437208023,1.293887519754219,cột filter_* không áp dụng cho directional,,,,
Typical Price,i100,D,SOLUSDT,False,31427.0,31421.0,0.4934610366881981,0.49552846822188984,13890.0,13762.0,3703.0,0.45089992800575956,0.4594535677953786,0.8873886038347286,0.4551569506726457,5.0,36.63579720040985,1.1608492943548387,0.544255587031791,0.12190745986779981,0.169845766446333,0.16399118665407617,0.0,0.3027063881708509,0.3438868852490709,0.39591752314888473,0.39009897839024854,1.2463733172593932,1.2702634348510684,cột filter_* không áp dụng cho directional,,,,
Typical Price,i100,D,SOLUSDT,True,12339.0,12476.0,0.4925844882081206,0.5025649246553382,13890.0,13762.0,3703.0,0.1681785457163427,0.20956256358087488,0.37321091007291385,0.18877477216837843,5.0,36.699754120754214,1.0342320508936687,0.5453597497393118,0.1251303441084463,0.16820405871500763,0.1613058474372343,-2.7755575615628914e-17,0.26821678976877145,0.3381021476709529,0.39684334224815626,0.3876042000641231,1.241256777592844,1.2965930827689602,cột filter_* không áp dụng cho directional,,,,
Median Price,i101,D,SOLUSDT,False,31627.0,31627.0,0.488506655705568,0.4898030164100294,13890.0,13762.0,3703.0,0.44377249820014397,0.45385845080656884,0.8887388603834728,0.448792130768118,5.0,36.74698795180812,1.1891599261193555,0.5434035836969641,0.10494228329155449,0.19889827623557083,0.15275585677591064,0.0,0.2984712377098602,0.34108444202196936,0.39620419262022954,0.3891168937932779,1.2329669014225006,1.2587554645474786,cột filter_* không áp dụng cho directional,,,,
Median Price,i101,D,SOLUSDT,True,12438.0,12531.0,0.48649300530631934,0.49533157768733543,13890.0,13762.0,3703.0,0.16594672426205903,0.20672867315797122,0.3707804482851742,0.18624330970635036,5.0,36.742424242424384,1.0590219224283306,0.5442530092046259,0.10518448587837306,0.19998426559672725,0.15057823932027378,0.0,0.2664286518126687,0.3370558848519111,0.3972664415500885,0.3900367089617748,1.2246013114223264,1.2699614326196154,cột filter_* không áp dụng cho directional,,,,
SMA,i001,D,XRPUSDT,False,60253.0,60234.0,0.4591970524289247,0.47365275425839226,16145.0,15919.0,3551.0,0.5471043666769898,0.55926879829135,0.9726837510560405,0.5531437125748503,2.0,32.71028037383253,2.088201982067013,0.5634867551214049,0.15461431971254802,0.1590318717043351,0.12286705346171195,2.7755575615628914e-17,0.34843540602987044,0.3566582936413171,0.388808855990573,0.39724574160772985,1.18103547631142,1.1923419300643188,cột filter_* không áp dụng cho directional,,,,
SMA,i001,D,XRPUSDT,True,24310.0,23671.0,0.4594816947758124,0.4739554729415741,16145.0,15919.0,3551.0,0.22966862805822236,0.22520258810226773,0.44325542100816673,0.2274513473053892,2.0,33.49514563106759,1.9033494981391677,0.5658408877774305,0.15149265395436073,0.15876055017192872,0.12390590809628009,-1.3877787807814457e-17,0.30246076994020704,0.3439074074266297,0.3890477169888935,0.39630349372650076,1.181042002590468,1.1959406879936894,cột filter_* không áp dụng cho directional,,,,
EMA,i002,D,XRPUSDT,False,64539.0,64536.0,0.4598459845984598,0.47554853105243583,16145.0,15919.0,3551.0,0.5524930318984206,0.5649224197499843,0.9695860321036328,0.5586639221556886,2.0,32.63315474314538,2.250046825248174,0.5597828459982244,0.15947428937371738,0.16203589153943557,0.1187069730886227,-1.3877787807814457e-17,0.3496658766963861,0.35611739223622346,0.38886642185345294,0.3971341576794347,1.182529420788499,1.197450589068435,cột filter_* không áp dụng cho directional,,,,
EMA,i002,D,XRPUSDT,True,26040.0,25314.0,0.4588325652841782,0.4742435016196571,16145.0,15919.0,3551.0,0.2322081139671725,0.22721276462089326,0.4404393128696142,0.22972804391217566,2.0,33.33333333333387,2.0518477043673014,0.5616948286558885,0.1579139447465421,0.16203788182913031,0.1183533447684391,1.3877787807814457e-17,0.30363306209725754,0.34339065809116254,0.3895967741935484,0.39562100023702296,1.1777114074775015,1.198731870491026,cột filter_* không áp dụng cho directional,,,,
DEMA,i003,D,XRPUSDT,False,89600.0,89598.0,0.42818080357142857,0.43965267081854503,16145.0,15919.0,3551.0,0.6568597088882007,0.6730950436585212,0.9884539566319347,0.6649201596806387,1.0,27.689230378460827,2.8373338703181634,0.5373665480427047,0.15650476631736673,0.1976715529223884,0.10845713271754025,-6.938893903907228e-17,0.3644245802503659,0.36371517517131835,0.38849832589285715,0.3970468090805598,1.102143239838607,1.107306898742361,cột filter_* không áp dụng cho directional,,,,
DEMA,i003,D,XRPUSDT,True,36211.0,35706.0,0.43279666399712796,0.43973001736402845,16145.0,15919.0,3551.0,0.28039640755651907,0.27306991645203843,0.46184173472261336,0.27675898203592814,1.0,29.134753815145203,2.6052881871789992,0.5392166535122336,0.15267363851617996,0.19578729281767956,0.11232241515390687,0.0,0.32009288646269085,0.3482298741748384,0.38814034409433595,0.3959054500644149,1.1150519923585642,1.1106945289398849,cột filter_* không áp dụng cho directional,,,,
TEMA,i004,D,XRPUSDT,False,102552.0,102550.0,0.41511623371557843,0.4233934666016577,16145.0,15919.0,3551.0,0.6817590585320533,0.6906212701802877,0.9870459025626585,0.6861589321357285,1.0,25.7018729122101,3.1736846232259075,0.5206612264087581,0.14811270065148768,0.22859157767479346,0.10263449526496071,2.7755575615628914e-17,0.36535978123298446,0.36401767546317565,0.3894950854200796,0.39652218430034136,1.0657804148359558,1.067767412178288,cột filter_* không áp dụng cho directional,,,,
TEMA,i004,D,XRPUSDT,True,41416.0,40953.0,0.4186787714892795,0.4220692012795155,16145.0,15919.0,3551.0,0.29470424279962837,0.2780325397323953,0.4632497887918896,0.28642714570858285,1.0,26.87500000000118,2.9047926863052913,0.5233327747989276,0.14533763404825736,0.2272117962466488,0.10411779490616623,-1.3877787807814457e-17,0.3235817719183089,0.3481387246312238,0.3898022503380336,0.3962127316680097,1.0740799241825936,1.0652590579375203,cột filter_* không áp dụng cho directional,,,,
Hull MA,i005,D,XRPUSDT,False,109578.0,109574.0,0.4131486247239409,0.4209575264205012,16145.0,15919.0,3551.0,0.7031279033756581,0.7084615867830893,0.9884539566319347,0.7057759481037924,1.0,25.213737668981075,3.3312165263963274,0.5175806628363887,0.1454201042628802,0.2367675376113468,0.10023169528938429,-1.3877787807814457e-17,0.3653546773183076,0.3639875077979075,0.3890712551789593,0.39670542281928195,1.061884215871735,1.0611337839267885,cột filter_* không áp dụng cho directional,,,,
Hull MA,i005,D,XRPUSDT,True,44288.0,43742.0,0.41636560693641617,0.4200996753692104,16145.0,15919.0,3551.0,0.3046144317126045,0.28638733588793264,0.4638130104196001,0.29556511976047906,1.0,26.42857142857225,3.044408486156059,0.5209708282891397,0.14248057171867068,0.23419377513961026,0.10235482485257938,2.7755575615628914e-17,0.32624769885073723,0.34863730944377025,0.3894384483381502,0.39719948790636,1.0691435545544414,1.057654121317118,cột filter_* không áp dụng cho directional,,,,
Hamming MA,i006,D,XRPUSDT,False,57843.0,57840.0,0.45903566550835884,0.47295988934993083,16145.0,15919.0,3551.0,0.5432641684732116,0.5550599912054778,0.9740918051253168,0.5491205089820359,2.0,32.624113475176856,1.9911706066647679,0.5618615944961554,0.15166329421286928,0.1591096721974909,0.1273654390934844,5.551115123125783e-17,0.34747132339569403,0.35684429159249986,0.3889710077278149,0.3970219571230982,1.180128226496439,1.1912688476403026,cột filter_* không áp dụng cho directional,,,,
Hamming MA,i006,D,XRPUSDT,True,23336.0,22705.0,0.4599760027425437,0.4746091169345959,16145.0,15919.0,3551.0,0.22836791576339424,0.22444877190778315,0.44522669670515347,0.22642215568862276,2.0,33.488372093023585,1.8108811220450176,0.5654885654885655,0.1493212669683258,0.15633280339162692,0.1288573641514818,-5.551115123125783e-17,0.3013688870640188,0.3439291641092055,0.3890062564278368,0.3974961462232988,1.182438573010129,1.1939967756768586,cột filter_* không áp dụng cho directional,,,,
Arnaud Legoux MA,i007,D,XRPUSDT,False,99179.0,99179.0,0.4386916585164198,0.45046834511338085,16145.0,15919.0,3551.0,0.6859708888200682,0.7070795904265343,0.9907068431427767,0.6964508483033932,1.0,28.282828282828476,3.101512631049557,0.5400737029372255,0.16646697890571108,0.19056566096648878,0.10289365719057474,-1.3877787807814457e-17,0.3662087821504587,0.3643360903527563,0.389531554058823,0.3967089807318081,1.1262031379624078,1.135513353598406,cột filter_* không áp dụng cho directional,,,,
Arnaud Legoux MA,i007,D,XRPUSDT,True,40098.0,39287.0,0.44007182403112377,0.4482907832107313,16145.0,15919.0,3551.0,0.2948281201610406,0.2857591557258622,0.46184173472261336,0.2903255988023952,1.0,29.268292682926738,2.828842816695589,0.5429782219502799,0.16166972601808416,0.1910168377637274,0.10433521426790854,0.0,0.32335049242966624,0.3481451408840674,0.3888024340366103,0.3969697355359279,1.1318648894818542,1.1292820159338282,cột filter_* không áp dụng cho directional,,,,
Least Squares MA,i008,D,XRPUSDT,False,55304.0,55302.0,0.4371835671922465,0.4524791146793968,16145.0,15919.0,3551.0,0.5219572623103128,0.5291789685281739,0.9670515347789355,0.5255426646706587,2.0,30.851063829788316,1.919053487798866,0.5463235892842603,0.14785440925006108,0.1796922074749613,0.12612979399071736,-5.551115123125783e-17,0.3451003444603599,0.35650546227876395,0.3891445465065818,0.3965191132327945,1.1234477551257478,1.1411281312276829,cột filter_* không áp dụng cho directional,,,,
Least Squares MA,i008,D,XRPUSDT,True,22358.0,21896.0,0.4400661955452187,0.45428388746803067,16145.0,15919.0,3551.0,0.21827191080829977,0.21471197939569067,0.44578991833286397,0.21650449101796407,2.0,32.18390804597801,1.758475073313783,0.5520680071930685,0.14153179663233612,0.17614843877717837,0.13025175739741704,0.0,0.30045974270516806,0.34431452100800386,0.38885186510421316,0.3965587321885276,1.131706531553552,1.1455652103811447,cột filter_* không áp dụng cho directional,,,,
Smoothed MA,i009,D,XRPUSDT,False,54147.0,54146.0,0.4687979020074981,0.48208547261108853,16145.0,15919.0,3551.0,0.4978011768349334,0.5051196683208744,0.9481836102506336,0.5014346307385229,2.0,34.21052631578898,1.9886860375417845,0.5692180403478506,0.14790691124177024,0.15510685490969264,0.12776819350068655,-5.551115123125783e-17,0.3404358851109546,0.35271155807600213,0.3897159584095148,0.3962434898238097,1.2029220048384155,1.2166394779771614,cột filter_* không áp dụng cho directional,,,,
Smoothed MA,i009,D,XRPUSDT,True,21821.0,21009.0,0.4668896934146006,0.48284068732448,16145.0,15919.0,3551.0,0.2073087643233199,0.20177146805703877,0.4246691072937201,0.20455963073852296,3.0,34.48275862068952,1.8139333085409695,0.5706729487065517,0.14890212463330074,0.15512489999111032,0.12530002666903725,-5.551115123125783e-17,0.2960122849733029,0.3416059338004825,0.38938178818569275,0.39693940692084345,1.1990537502795202,1.2164090511193986,cột filter_* không áp dụng cho directional,,,,
Adaptive MA,i010,D,XRPUSDT,False,48653.0,48652.0,0.46784370953486937,0.48166570747348514,16145.0,15919.0,3551.0,0.4758748838649737,0.48300772661599345,0.9290340749084764,0.47941616766467066,2.0,35.00000000000025,1.7894595897380965,0.5548337866129253,0.14823220959126573,0.15711518519243187,0.1398188186033771,5.551115123125783e-17,0.340121436304371,0.3551555041152128,0.3893326208044724,0.39634547397845926,1.2016555627118288,1.2152673339210702,cột filter_* không áp dụng cho directional,,,,
Adaptive MA,i010,D,XRPUSDT,True,19639.0,18887.0,0.4620398187280411,0.47863609890400804,16145.0,15919.0,3551.0,0.19677918860328275,0.19216031157736038,0.41960011264432556,0.19448602794411177,3.0,35.32261794634571,1.6166192078695314,0.5532039976484421,0.15020576131687244,0.1578973153047227,0.13869292572996278,-2.7755575615628914e-17,0.29442313583705504,0.3424488871281616,0.38909313101481746,0.3980171546566421,1.1874787342633548,1.2025514310229004,cột filter_* không áp dụng cho directional,,,,
Multi-Timeframe MA,i011,D,XRPUSDT,False,10009.0,10005.0,0.4766709961035068,0.4773613193403298,16145.0,15919.0,3551.0,0.11743573861876742,0.11030843645957661,0.4069276260208392,0.11389720558882235,7.0,41.62436548223379,0.9693937610359035,0.5584217063150855,0.11875417980319099,0.1527658354829464,0.1700582783987771,5.551115123125783e-17,0.2746492149024852,0.3383386197268626,0.3887850934159257,0.3966016991504248,1.2260526552481785,1.2036290322580645,cột filter_* không áp dụng cho directional,,,,
Multi-Timeframe MA,i011,D,XRPUSDT,True,3923.0,3858.0,0.4715778740759623,0.46086054950751687,16145.0,15919.0,3551.0,0.04787860018581604,0.04102016458320246,0.15601239087580962,0.04447355289421158,4.0,38.192699609157074,0.9247474747474748,0.5682639056104021,0.12930411750541776,0.1545870455092704,0.1478449313749097,5.551115123125783e-17,0.25886643150767735,0.33513912092737913,0.38527912312006113,0.3967470191809228,1.2239902080783356,1.1615980139156568,cột filter_* không áp dụng cho directional,,,,
WMA,i012,D,XRPUSDT,False,73882.0,73885.0,0.4522887848190358,0.4654801380523787,16145.0,15919.0,3551.0,0.603716320842366,0.6187574596394246,0.9819769079132639,0.611183882235529,2.0,31.09756097560935,2.4554236700745107,0.5548968846533848,0.16408409309771257,0.1677234582723646,0.11329556397653798,5.551115123125783e-17,0.3567288921640031,0.3593380361514837,0.38906837930754445,0.39574067808080116,1.1624917594794253,1.1762251490288758,cột filter_* không áp dụng cho directional,,,,
WMA,i012,D,XRPUSDT,True,29787.0,29173.0,0.45348642025044483,0.464264902478319,16145.0,15919.0,3551.0,0.2566119541653763,0.25133488284439975,0.45311179949310054,0.25399201596806387,2.0,31.914893617020624,2.228134932841177,0.5583866115080858,0.1607120471355146,0.1671994484141908,0.11370189294220885,1.3877787807814457e-17,0.3104982775916572,0.3453558070398375,0.3893779165407728,0.3965738868131491,1.1646433990895297,1.17068954340169,cột filter_* không áp dụng cho directional,,,,
McGinley Dynamic,i013,D,XRPUSDT,False,38069.0,38070.0,0.4752423231500696,0.4940372997110586,16145.0,15919.0,3551.0,0.3935583772065655,0.3955650480557824,0.8822866798085046,0.3945546407185629,3.0,36.713805379747114,1.5580968068930563,0.5784041387395193,0.12790845842146845,0.14383648920716635,0.14985091363184586,-2.7755575615628914e-17,0.3227587037354781,0.34784021195166753,0.3889069846857023,0.3975886524822695,1.221994826177112,1.2425840039111535,cột filter_* không áp dụng cho directional,,,,
McGinley Dynamic,i013,D,XRPUSDT,True,15250.0,14444.0,0.46681967213114756,0.49321517585156466,16145.0,15919.0,3551.0,0.16004955094456488,0.15428104780451032,0.3846803717262743,0.15718562874251496,3.0,36.28241619228197,1.4146113019044646,0.5737492718917869,0.1344249563135072,0.1478868681638729,0.14393890363083295,2.7755575615628914e-17,0.28309323179947926,0.33892530748157085,0.3905901639344262,0.39658681805594015,1.1951649458574667,1.2436499485013006,cột filter_* không áp dụng cho directional,,,,
Guppy MMA,i014,D,XRPUSDT,False,13197.0,12813.0,0.4948094263847844,0.5250917037383906,16145.0,15919.0,3551.0,0.19033756580984826,0.1914064953828758,0.6282737257110673,0.19086826347305388,10.0,43.820224719099244,0.7065022153035565,0.5457967377666249,0.09802383939774154,0.1816185696361355,0.17456085319949813,0.0,0.2800081142739532,0.33885769335020804,0.38910358414791235,0.3971708421134785,1.2716650438169428,1.3220801933601234,cột filter_* không áp dụng cho directional,,,,
Guppy MMA,i014,D,XRPUSDT,True,5710.0,5237.0,0.48458844133099827,0.5342753484819553,16145.0,15919.0,3551.0,0.0836172189532363,0.08254287329606132,0.278231484088989,0.08308383233532934,9.0,42.73023072372385,0.6289704271631983,0.5319583797844667,0.10460795243403939,0.18877740616871053,0.17465626161278336,0.0,0.26320385830211307,0.3360838481775044,0.3881961471103327,0.3977181592514799,1.2483082197960844,1.3433516575845594,cột filter_* không áp dụng cho directional,,,,
MA Cross,i015,D,XRPUSDT,False,16931.0,16938.0,0.4660090957415392,0.4852993269571378,16145.0,15919.0,3551.0,0.24707339733663672,0.24593253345059363,0.8422979442410589,0.2465069860279441,9.0,39.484978540772204,0.6352455254703993,0.542654428740357,0.07061208401373952,0.24320063066614112,0.14353285657976236,2.7755575615628914e-17,0.282463537038382,0.33726349039652664,0.3886244167503397,0.3956635966465935,1.1991245934526882,1.226545305330697,cột filter_* không áp dụng cho directional,,,,
MA Cross,i015,D,XRPUSDT,True,6644.0,6314.0,0.4638771824202288,0.47719353816914795,16145.0,15919.0,3551.0,0.09798699287705172,0.08895031094918023,0.35454801464376234,0.093500499001996,9.0,40.0,0.5600187925769321,0.5415998834329011,0.07052309485647676,0.24304240128223809,0.14483462042838408,-5.551115123125783e-17,0.26279468733484646,0.33495297873006,0.3892760385310054,0.3957871396895787,1.1916407292129836,1.2056822729091639,cột filter_* không áp dụng cho directional,,,,
EMA Cross,i016,D,XRPUSDT,False,14810.0,14811.0,0.5017555705604322,0.5254878131118763,16145.0,15919.0,3551.0,0.2387736141220192,0.23405992838746154,0.7693607434525486,0.23643338323353294,8.0,41.87327823691463,0.5755842140987104,0.570278336919553,0.06781425695842298,0.15943638509058097,0.20247102103144304,2.7755575615628914e-17,0.2864608207758275,0.3411668438056314,0.3887069547602971,0.39775167105529674,1.290832500977114,1.3211454567058785,cột filter_* không áp dụng cho directional,,,,
EMA Cross,i016,D,XRPUSDT,True,5682.0,5367.0,0.5005279831045406,0.534004099124278,16145.0,15919.0,3551.0,0.09303189842056364,0.08750549657641812,0.3125880033793298,0.0902881736526946,8.0,41.704035874437885,0.5111111111111111,0.5748267465817569,0.06948866828994194,0.15826933882749578,0.1974152463008054,-2.7755575615628914e-17,0.2637905446935459,0.33630431779268727,0.3889211545230552,0.39748462828395753,1.286965178632034,1.3434584915389303,cột filter_* không áp dụng cho directional,,,,
MA-EMA Cross,i017,D,XRPUSDT,False,41691.0,41687.0,0.42949317598522463,0.44205627653704993,16145.0,15919.0,3551.0,0.4458346237225147,0.4541114391607513,0.939735285834976,0.4499438622754491,3.0,31.987054813141803,1.4314906552578248,0.5288453362809284,0.11697559731315364,0.23329223705467222,0.12088682935124564,2.7755575615628914e-17,0.3221398163123882,0.3467541245089347,0.38927706219567776,0.396404154772471,1.103309744382862,1.1151655985815347,cột filter_* không áp dụng cho directional,,,,
MA-EMA Cross,i017,D,XRPUSDT,True,16929.0,16570.0,0.4305038691003603,0.44423657211828604,16145.0,15919.0,3551.0,0.18922266955713843,0.18468496764872167,0.43311743170937766,0.1869698103792415,3.0,33.121019108279334,1.2806318863666535,0.5319893899204244,0.11427055702917772,0.23342175066312998,0.1203183023872679,-2.7755575615628914e-17,0.28565839811081656,0.33959809994856016,0.387846299249808,0.39810500905250457,1.1099857596503118,1.1158778764818238,cột filter_* không áp dụng cho directional,,,,
SuperTrend,i018,D,XRPUSDT,False,9574.0,9574.0,0.512116147900564,0.5279924796323375,16145.0,15919.0,3551.0,0.17627748528956333,0.17425717695835166,0.6612221909321317,0.1752744510978044,9.0,45.3464833819789,0.33596887550200805,0.5385201305767138,0.04069640914036997,0.1251360174102285,0.2956474428726877,5.551115123125783e-17,0.2808607845871319,0.34254042650664385,0.3889649049509087,0.39814079799456864,1.3166127364760538,1.326145128285849,cột filter_* không áp dụng cho directional,,,,
SuperTrend,i018,D,XRPUSDT,True,3519.0,3510.0,0.505541346973572,0.5364672364672365,16145.0,15919.0,3551.0,0.06336327036234128,0.06507946479050192,0.2652773866516474,0.06421531936127745,9.0,45.48022598870107,0.29323558813728756,0.5414315414315415,0.039204039204039205,0.12652212652212652,0.29284229284229285,-5.551115123125783e-17,0.26077380404084555,0.3366528401488107,0.38820687695368,0.3993732193732194,1.3022472732596442,1.3432729347981167,cột filter_* không áp dụng cho directional,,,,
Ichimoku Cloud,i019,D,XRPUSDT,False,17988.0,17752.0,0.48732488325550366,0.5047318611987381,16145.0,15919.0,3551.0,0.2126354908640446,0.20748790753188015,0.6462968177978035,0.21007984031936128,8.0,42.139737991266806,1.1422876757834126,0.5530698345731098,0.1117464194515377,0.15421338958587766,0.18097035638947484,5.551115123125783e-17,0.2922911076905457,0.34217478403044027,0.3886062930842784,0.39696372239747635,1.2540324022745968,1.271481076785537,cột filter_* không áp dụng cho directional,,,,
Ichimoku Cloud,i019,D,XRPUSDT,True,7270.0,6789.0,0.48679504814305363,0.5011047282368537,16145.0,15919.0,3551.0,0.08751935583772065,0.07852252025881022,0.27119121374260774,0.08305264471057884,7.0,40.800912510019806,1.1014892443463873,0.5490306265805002,0.1170272548468671,0.15903343635852768,0.17490868221410508,-2.7755575615628914e-17,0.26745511081329537,0.336957213265286,0.39040577716643743,0.3963470319634704,1.246895093807804,1.2643080124869925,cột filter_* không áp dụng cho directional,,,,
Parabolic SAR,i020,D,XRPUSDT,False,27872.0,27872.0,0.46631027554535015,0.4801592996555683,16145.0,15919.0,3551.0,0.37794982966862806,0.3863936176895534,0.9070684314277668,0.38214196606786427,4.0,36.3636363636378,0.9786092800827194,0.537256504563411,0.09120010897697861,0.20491077509876038,0.16663261136085003,-2.7755575615628914e-17,0.3115252011951935,0.34766954479731177,0.389433840413318,0.3964857204362801,1.1974056364758667,1.2110380649452306,cột filter_* không áp dụng cho directional,,,,
Parabolic SAR,i020,D,XRPUSDT,True,11035.0,10947.0,0.4678749433620299,0.4835114643281264,16145.0,15919.0,3551.0,0.1544750696810158,0.15748476663106978,0.4049563503238524,0.1559693113772455,4.0,37.24489795918286,0.8578971890045038,0.5466770779108103,0.08971022037133437,0.19946208571924345,0.16415061599861183,2.7755575615628914e-17,0.2775640858833284,0.3394392199218384,0.38831445400996834,0.39588928473554397,1.2048867574474043,1.2213300106142415,cột filter_* không áp dụng cho directional,,,,
Directional Movement,i021,D,XRPUSDT,False,28058.0,28058.0,0.47120250908831707,0.48567253546225675,16145.0,15919.0,3551.0,0.32424899349643854,0.32627677617940826,0.8442692199380456,0.3252557385229541,5.0,37.83783783783705,1.2173977805913458,0.5692223588902555,0.0907475741424081,0.19000273336066695,0.1500273336066694,5.551115123125783e-17,0.3040009128614108,0.34204887921416655,0.38964644664623277,0.396585644023095,1.2093078562477706,1.2246346855509824,cột filter_* không áp dụng cho directional,,,,
Directional Movement,i021,D,XRPUSDT,True,11252.0,10490.0,0.46400639886242445,0.4811248808388942,16145.0,15919.0,3551.0,0.13230102198823165,0.12500785225202588,0.3621515066178541,0.1286801397205589,4.0,37.32556630103202,1.0872135994087213,0.5671953982917901,0.09491023182848178,0.19426529545058394,0.14362907442914416,0.0,0.27328177779111534,0.3368067004526278,0.389592961251333,0.3957864632983794,1.1910030339667406,1.2156173226070621,cột filter_* không áp dụng cho directional,,,,
Vortex,i022,D,XRPUSDT,False,31197.0,31155.0,0.4552681347565471,0.47533301235756703,16145.0,15919.0,3551.0,0.3405388665221431,0.34531063509014387,0.9096029287524641,0.34290793413173654,5.0,36.89320388349548,1.3226010544815465,0.5611577684463107,0.08251349730053989,0.22984403119376126,0.1264847030593881,0.0,0.3023861901081886,0.33909398059412466,0.38945251145943516,0.39666666666666667,1.1689952468157783,1.1983185185484884,cột filter_* không áp dụng cho directional,,,,
Vortex,i022,D,XRPUSDT,True,12491.0,11841.0,0.45064446401409014,0.4761422177180981,16145.0,15919.0,3551.0,0.1411582533292041,0.13373955650480557,0.3928470853280766,0.1374750499001996,6.0,37.38317757009373,1.1830087885576426,0.5644852659778032,0.08143895905089935,0.22931496364332185,0.12476081132797551,2.7755575615628914e-17,0.27378793443045785,0.3360585748606273,0.3891882155151709,0.39721729583650023,1.1579088113384142,1.198694575258587,cột filter_* không áp dụng cho directional,,,,
Williams Alligator,i023,D,XRPUSDT,False,17861.0,17582.0,0.4392811152790997,0.4588215220111478,16145.0,15919.0,3551.0,0.2065035614741406,0.20177146805703877,0.7164179104477612,0.20415419161676646,12.0,40.256988773937614,0.9795379537953796,0.5080901177675371,0.08540706605222734,0.31443932411674347,0.09206349206349207,0.0,0.27557091329307337,0.33267428629973145,0.38939029169699346,0.39632578773745875,1.1281254942558483,1.1576877816365776,cột filter_* không áp dụng cho directional,,,,
Williams Alligator,i023,D,XRPUSDT,True,7272.0,6811.0,0.43564356435643564,0.45852297753633825,16145.0,15919.0,3551.0,0.08597088882006813,0.08009297066398643,0.311743170937764,0.08305264471057884,12.0,40.327036178934044,0.8697612732095491,0.4967915811088296,0.08393223819301848,0.32636036960985626,0.09291581108829569,-2.7755575615628914e-17,0.2606732054711599,0.333382024898409,0.3902640264026403,0.39563206577595067,1.1162790697674418,1.158963130647765,cột filter_* không áp dụng cho directional,,,,
Williams Fractal,i024,D,XRPUSDT,False,31924.0,32301.0,0.5084262623731362,0.5218723878517693,16145.0,15919.0,3551.0,0.3268504180860948,0.32847540674665493,0.8039988735567446,0.3276571856287425,6.0,43.277310924369566,2.1603173415163535,0.521790795516588,0.06420014773420689,0.134919870250827,0.27908918649837816,-5.551115123125783e-17,0.34375860190234103,0.36666488405490716,0.38799649166771083,0.396882449459769,1.310388813537428,1.3149293665218376,cột filter_* không áp dụng cho directional,,,,
Williams Fractal,i024,D,XRPUSDT,True,12780.0,12747.0,0.5149452269170579,0.5275751157135012,16145.0,15919.0,3551.0,0.13998141839578818,0.138199635655506,0.36440439312869616,0.13909680638722555,6.0,44.148936170213126,1.8849496002780675,0.5060960641518697,0.06529743883479257,0.1413141314131413,0.2872923656001964,5.551115123125783e-17,0.2950046079864214,0.3485239575258771,0.3870344287949922,0.39687769671295203,1.330489456765663,1.3293140936944061,cột filter_* không áp dụng cho directional,,,,
Aroon,i025,D,XRPUSDT,False,21462.0,21475.0,0.4573665082471345,0.47543655413271246,16145.0,15919.0,3551.0,0.29160730876432334,0.29210377536277404,0.8822866798085046,0.2918537924151697,7.0,38.43137254901941,0.8189896725642463,0.5478154598227926,0.062546375103662,0.24455501724062678,0.14508314783291867,-2.7755575615628914e-17,0.2913231405409897,0.33926427357350725,0.38971670860124863,0.39784167636786966,1.1735871163663756,1.1950395908072076,cột filter_* không áp dụng cho directional,,,,
Aroon,i025,D,XRPUSDT,True,8499.0,8134.0,0.45358277444405226,0.47811654782394886,16145.0,15919.0,3551.0,0.11811706410653453,0.11326088322130787,0.3782033230076035,0.1157060878243513,8.0,38.96103896103735,0.712843855135563,0.5528180897738778,0.061874226572167845,0.24018449769377884,0.1451231859601755,0.0,0.2675047357008394,0.33597731333658576,0.3871749617602071,0.3962380132776002,1.1715188719382483,1.206639776605647,cột filter_* không áp dụng cho directional,,,,
Trend Strength Index,i026,D,XRPUSDT,False,23101.0,23103.0,0.47019609540712526,0.48625719603514694,16145.0,15919.0,3551.0,0.3158872716011149,0.3195552484452541,0.8955223880597015,0.3177083333333333,6.0,37.45019920318825,0.8656392608663126,0.5586112493777999,0.07893645262983243,0.2106769537083126,0.1517753442840551,-2.7755575615628914e-17,0.29730003782597547,0.34158834444552405,0.3891000389593524,0.3961779855430031,1.2084195536568543,1.2273705601503349,cột filter_* không áp dụng cho directional,,,,
Trend Strength Index,i026,D,XRPUSDT,True,9171.0,8818.0,0.46636135644967835,0.48548423678838737,16145.0,15919.0,3551.0,0.12765562093527408,0.1245053081223695,0.3872148690509716,0.12609156686626746,7.0,38.09523809523752,0.754891103728313,0.5645212596755381,0.07740430495175485,0.20994592301982823,0.1481285123528788,-2.7755575615628914e-17,0.2700869301118766,0.33675861720377753,0.39062261476392984,0.3967396234973917,1.1938923626619025,1.2236847746859323,cột filter_* không áp dụng cho directional,,,,
Zig Zag,i027,D,XRPUSDT,False,17801.0,17803.0,0.5176675467670355,0.5289557939673089,16145.0,15919.0,3551.0,0.517745432022298,0.5250957974747158,0.5390030977189524,0.5213947105788423,3.0,43.48428278935318,0.0,0.10163799198680179,0.059627621965590384,0.45816639170398304,0.3805679943436248,0.0,0.3431003476297076,0.37816601122965626,0.38945003089714064,0.3963657810481379,1.329227129792574,1.334514277616382,cột filter_* không áp dụng cho directional,,,,
Zig Zag,i027,D,XRPUSDT,True,7383.0,6946.0,0.5179466341595558,0.5318168730204434,16145.0,15919.0,3551.0,0.21678538247135337,0.2074250895156731,0.20163334272036046,0.21213822355289422,3.0,43.56300013563003,0.0,0.09440610776684774,0.05946263397445309,0.4648362942299222,0.381294964028777,0.0,0.2899842952539186,0.3518068420283626,0.3914668833807395,0.39676792398502736,1.3230918275551868,1.3403726482701066,cột filter_* không áp dụng cho directional,,,,
Linear Regression Curve,i028,D,XRPUSDT,False,97600.0,97595.0,0.4160040983606557,0.424253291664532,16145.0,15919.0,3551.0,0.6707959120470735,0.677994848922671,0.987609124190369,0.6743700099800399,1.0,26.08695652173899,3.0282928770393953,0.5213361840477789,0.1467205004064035,0.22924691663427219,0.10269639891154539,0.0,0.3632533929728499,0.3623706934722342,0.388811475409836,0.3966437829806855,1.0699378096342365,1.0696078190772778,cột filter_* không áp dụng cho directional,,,,
Linear Regression Curve,i028,D,XRPUSDT,True,39470.0,38943.0,0.4192551304788447,0.4233366715455923,16145.0,15919.0,3551.0,0.2899349643852586,0.276399271311012,0.46353139960574485,0.2832148203592814,1.0,27.241379310344204,2.750069917031789,0.5243174155446352,0.1437449040304987,0.22807906741003547,0.10385861301483065,2.7755575615628914e-17,0.32116659831651256,0.347546056849026,0.389317202938941,0.3968710679711373,1.0768985478008766,1.066685646070778,cột filter_* không áp dụng cho directional,,,,
Linear Regression Slope,i029,D,XRPUSDT,False,23101.0,23103.0,0.47019609540712526,0.48625719603514694,16145.0,15919.0,3551.0,0.3158872716011149,0.3195552484452541,0.8955223880597015,0.3177083333333333,6.0,37.45019920318825,0.8656392608663126,0.5586112493777999,0.07893645262983243,0.2106769537083126,0.1517753442840551,-2.7755575615628914e-17,0.29730003782597547,0.34158834444552405,0.3895783732305961,0.39672336925940355,1.2069358252820943,1.2256832687796628,cột filter_* không áp dụng cho directional,,,,
Linear Regression Slope,i029,D,XRPUSDT,True,9171.0,8818.0,0.46636135644967835,0.48548423678838737,16145.0,15919.0,3551.0,0.12765562093527408,0.1245053081223695,0.3872148690509716,0.12609156686626746,7.0,38.09523809523752,0.754891103728313,0.5645212596755381,0.07740430495175485,0.20994592301982823,0.1481285123528788,-2.7755575615628914e-17,0.2700869301118766,0.33675861720377753,0.38893795660233343,0.39569063279655253,1.1990636257867366,1.226928808896022,cột filter_* không áp dụng cho directional,,,,
Keltner Channels,i030,D,XRPUSDT,False,15898.0,16705.0,0.5309472889671657,0.5382220891948518,16145.0,15919.0,3551.0,0.16314648497986992,0.16822664740247503,0.5215432272599267,0.1656686626746507,12.0,51.46367041198543,2.1176716917922946,0.4664161887812273,0.049568255223782214,0.15226418825390547,0.331751367741085,5.551115123125783e-17,0.3095307736550649,0.35486485323185896,0.3883098502956347,0.39751870697395997,1.367328921898159,1.3539541152464778,cột filter_* không áp dụng cho directional,,,,
Keltner Channels,i030,D,XRPUSDT,True,6624.0,7515.0,0.5356280193236715,0.5443779108449767,16145.0,15919.0,3551.0,0.07383090740167235,0.08078396884226396,0.25344973246972685,0.07728293413173652,12.0,52.30721124495552,1.8413262285375962,0.4256923076923077,0.054461538461538464,0.16507692307692307,0.3547692307692308,0.0,0.2798889292002738,0.3446337610095835,0.3900588768115942,0.39718562874251495,1.373197871311079,1.370588136757291,cột filter_* không áp dụng cho directional,,,,
Donchian Channels,i031,D,XRPUSDT,False,25584.0,25474.0,0.5243511569731082,0.5356441862290964,16145.0,15919.0,3551.0,0.2314648497986993,0.2301023933664175,0.6693889045339341,0.2307884231536926,10.0,49.16666666666553,2.7032832157103406,0.47441453454454535,0.04008667388949079,0.14801233436119676,0.33748645720476705,0.0,0.33788104417922443,0.36690065727921345,0.38869410569105683,0.3964493208761875,1.3490072252082843,1.3511038057658318,cột filter_* không áp dụng cho directional,,,,
Donchian Channels,i031,D,XRPUSDT,True,10263.0,10663.0,0.5340543700672318,0.5419675513457751,16145.0,15919.0,3551.0,0.10102198823165066,0.10006909981782776,0.3100535060546325,0.10054890219560879,11.0,50.344827586206854,2.38728323699422,0.43689219946203184,0.04324436168011587,0.16376991516656322,0.35609352369128905,-5.551115123125783e-17,0.2930440628668042,0.34953533017231503,0.3893257332164085,0.3958079339773047,1.3717417691739764,1.3692690439521384,cột filter_* không áp dụng cho directional,,,,
Price Channel,i032,D,XRPUSDT,False,35619.0,35585.0,0.47895785956933096,0.4948152311367149,16145.0,15919.0,3551.0,0.3979560235366987,0.3980149506878573,0.9062235989862011,0.3979852794411178,4.0,36.90476190476231,1.4130421177795858,0.573790234289468,0.12111342237792862,0.1505638274578498,0.15453251587475367,-2.7755575615628914e-17,0.3219029007754506,0.3489126560027001,0.3896628204048401,0.39755655472811574,1.2291597619493637,1.2446411089237686,cột filter_* không áp dụng cho directional,,,,
Price Channel,i032,D,XRPUSDT,True,14266.0,13568.0,0.47967194728725643,0.4967570754716981,16145.0,15919.0,3551.0,0.16562403220811397,0.15415541177209624,0.3950999718389186,0.1599301397205589,4.0,37.22627737226341,1.2971979788700045,0.5731527612097397,0.1263770963441162,0.15051575328047154,0.14995438916567258,0.0,0.2827310995549298,0.33959016142309806,0.3881010794896958,0.3988944575471697,1.2359459239793016,1.2453346143897126,cột filter_* không áp dụng cho directional,,,,
MA Channel,i033,D,XRPUSDT,False,37526.0,37292.0,0.49592282684005756,0.5172959347849405,16145.0,15919.0,3551.0,0.37268504180860945,0.3806143601985049,0.8679245283018868,0.37662175648702595,5.0,39.753592390204695,1.9081673043937195,0.5772137497629818,0.10073949670883332,0.1322967738440285,0.18974997968415636,5.551115123125783e-17,0.33086943577748285,0.353998067829802,0.38915685124980015,0.39648852300761556,1.2743520388947855,1.3046933385635593,cột filter_* không áp dụng cho directional,,,,
MA Channel,i033,D,XRPUSDT,True,14974.0,14394.0,0.4967276612795512,0.5147283590384882,16145.0,15919.0,3551.0,0.1562712914214927,0.1523965073182989,0.3829907068431428,0.15434755489021956,5.0,40.079365079365246,1.7081946425741006,0.5701397975346051,0.10577783899180497,0.1366297086977481,0.1874526547758419,-5.551115123125783e-17,0.28825829990997626,0.342329721768885,0.3875851475891546,0.3976379046825066,1.2815962230990574,1.294465022014117,cột filter_* không áp dụng cho directional,,,,
Chande Kroll Stop,i034,D,XRPUSDT,False,44091.0,44775.0,0.5088566827697263,0.5298045784477945,16145.0,15919.0,3551.0,0.3747909569526169,0.3847603492681701,0.8420163334272036,0.37974051896207583,5.0,41.26745075540238,2.8146511934590532,0.552027723143205,0.08483188161468577,0.14254940526365084,0.22059098997845836,-2.7755575615628914e-17,0.3524351643426611,0.3663001149699439,0.3890850740513937,0.3968654383026243,1.3078288443994954,1.3349728328920376,cột filter_* không áp dụng cho directional,,,,
Chande Kroll Stop,i034,D,XRPUSDT,True,17974.0,17757.0,0.5168020474018026,0.5314523849749394,16145.0,15919.0,3551.0,0.16339423970269434,0.1601231233117658,0.38270909602928754,0.16177020958083832,6.0,42.03065903537837,2.526122823098075,0.5291384886798001,0.08773890032343429,0.1524257571302558,0.23069685386650984,0.0,0.3032937570068669,0.34941062141777435,0.389014687882497,0.39697584051360024,1.3284898064257773,1.3387524648536693,cột filter_* không áp dụng cho directional,,,,
52-Week High/Low,i035,D,XRPUSDT,False,1746.0,1613.0,0.584192439862543,0.49287042777433354,16145.0,15919.0,3551.0,0.02719108082997832,0.024059300207299454,0.054350887074063645,0.02563622754491018,11.0,60.229445506691626,1.1527093596059113,0.16709844559585493,0.07124352331606218,0.3536269430051813,0.40803108808290156,-5.551115123125783e-17,0.2590598271866147,0.33791156665789085,0.3958476517754869,0.39352138871667697,1.4758012008970554,1.252461599054746,cột filter_* không áp dụng cho directional,,,,
52-Week High/Low,i035,D,XRPUSDT,True,1621.0,1519.0,0.5848241826033312,0.4950625411454905,16145.0,15919.0,3551.0,0.025394859089501395,0.0224260317859162,0.04984511405237961,0.023920908183632735,11.0,59.954954954954765,1.1652542372881356,0.16805555555555557,0.06736111111111111,0.35208333333333336,0.4125,-5.551115123125783e-17,0.25842677810258846,0.3376462853495621,0.3901912399753239,0.3961487820934826,1.4988142292490116,1.2496884088076443,cột filter_* không áp dụng cho directional,,,,
Majority Rule,i036,D,XRPUSDT,False,32230.0,34639.0,0.4735650015513497,0.46652616992407403,16145.0,15919.0,3551.0,0.33830907401672344,0.35454488347257995,0.863700366094058,0.34636976047904194,5.0,36.6733466933867,1.6137021096450999,0.5351802742199402,0.12035208486147943,0.19739886023810868,0.14706878068047172,0.0,0.31870677781543444,0.34875912137567155,0.39024045919950356,0.39703080342966024,1.213521023736926,1.1750377197287813,cột filter_* không áp dụng cho directional,,,,
Majority Rule,i036,D,XRPUSDT,True,12888.0,13596.0,0.4786623215394165,0.465210355987055,16145.0,15919.0,3551.0,0.1423970269433261,0.139518813995854,0.38383553928470854,0.1409680638722555,5.0,37.391304347826335,1.466428692843787,0.5325232308791994,0.11965689778413152,0.19792709077912796,0.1498927805575411,2.7755575615628914e-17,0.28255776122224335,0.3404612514180166,0.38876862197392925,0.3971278317152104,1.231226736121506,1.1714373026382805,cột filter_* không áp dụng cho directional,,,,
ADX,i037,F,XRPUSDT,False,,,,,,,,,,,,,,,,,,,,,,,,,,filter: không cho hướng → không có recall/precision/backtest,0.4974403068776186,0.6196880351829469,0.5950338621938006,1.0414332268389737
ADX,i037,F,XRPUSDT,True,,,,,,,,,,,,,,,,,,,,,,,,,,filter: HTF không áp dụng (filter không có hướng),,,,
MACD,i038,D,XRPUSDT,False,25487.0,25488.0,0.4711029152116765,0.4833254865034526,16145.0,15919.0,3551.0,0.35137813564571074,0.35379106727809534,0.9022810475922275,0.3525760978043912,4.0,36.25899280575518,0.932042180715418,0.557919621749409,0.102517918120755,0.1720514841082217,0.16751097602161433,-2.7755575615628914e-17,0.3085842490156569,0.34704594581545883,0.38976929414995876,0.39709863465160083,1.2086711864748014,1.2171421514141036,cột filter_* không áp dụng cho directional,,,,
MACD,i038,D,XRPUSDT,True,10152.0,9979.0,0.47793538219070136,0.48622106423489325,16145.0,15919.0,3551.0,0.14351192319603592,0.14058672027137384,0.3981976907913264,0.14205963073852296,5.0,37.77777777777837,0.8482157815379461,0.5655509734343531,0.09494581375275726,0.16342188548959433,0.1760813273232953,2.7755575615628914e-17,0.27621817263132675,0.3393182371191548,0.3896424349881797,0.3966028660186391,1.2265999266871437,1.2259645753846933,cột filter_* không áp dụng cho directional,,,,
RSI,i039,D,XRPUSDT,False,38082.0,38083.0,0.47599915970799855,0.4933960034661135,16145.0,15919.0,3551.0,0.3943016413750387,0.39619322821785286,0.8814418473669389,0.3952407684630739,3.0,36.723163841807526,1.5557172688729988,0.5779657562168773,0.12793008560945782,0.14459335507541785,0.14951080309824705,-2.7755575615628914e-17,0.3228269906334078,0.34789261999792886,0.38927839924373725,0.39753039413911717,1.222773112077979,1.2411529048856773,cột filter_* không áp dụng cho directional,,,,
RSI,i039,D,XRPUSDT,True,15272.0,14435.0,0.46856993190151913,0.49310703152060964,16145.0,15919.0,3551.0,0.161350263239393,0.15453231986933852,0.3846803717262743,0.15796531936127745,3.0,36.29629629629705,1.4095786036386253,0.5733169182919717,0.13406337069915117,0.14903129657228018,0.1435884144365969,0.0,0.28322778163457346,0.33901357565497875,0.38849201152435825,0.3963283685486664,1.2061250115876323,1.2441880790071669,cột filter_* không áp dụng cho directional,,,,
Stochastic,i040,D,XRPUSDT,False,128289.0,128287.0,0.41436911972187795,0.4234256004115772,16145.0,15919.0,3551.0,0.7465469185506348,0.7577109114894152,0.9940861729090397,0.7520895708582834,1.0,24.418604651162852,3.840007234581299,0.51762946269878,0.15092188306941118,0.2334252198233365,0.09802343440847233,2.7755575615628914e-17,0.3704071684078371,0.3704453115463819,0.3892169242881307,0.3971996383109746,1.0646225635736424,1.06602715504003,cột filter_* không áp dụng cho directional,,,,
Stochastic,i040,D,XRPUSDT,True,51828.0,51305.0,0.41662807748707265,0.42383783256992497,16145.0,15919.0,3551.0,0.32133787550325177,0.30969281990074754,0.4674739509997184,0.3155563872255489,1.0,25.673086879983376,3.5269145865172353,0.5205619198929676,0.14825654318922987,0.22995233715193578,0.10122919976586671,1.3877787807814457e-17,0.3357953881465139,0.3519483844522138,0.3890098016516169,0.3972702465646623,1.0709963494960717,1.066875348040791,cột filter_* không áp dụng cho directional,,,,
Stochastic RSI,i041,D,XRPUSDT,False,76955.0,76901.0,0.4215710480150737,0.42879806504466783,16145.0,15919.0,3551.0,0.6150510994115825,0.6215214523525348,0.9805688538439876,0.6182634730538922,1.0,27.777777777777775,2.426542521239166,0.5201212134917853,0.14281029862391026,0.23351688734608034,0.10355160053822408,1.3877787807814457e-17,0.35131002602406314,0.3553018407478001,0.38919823273341564,0.39644022834553516,1.0831782175738502,1.081620971802412,cột filter_* không áp dụng cho directional,,,,
Stochastic RSI,i041,D,XRPUSDT,True,31067.0,30686.0,0.4243731290436798,0.4272632470833605,16145.0,15919.0,3551.0,0.2652833694642304,0.2535963314278535,0.4556462968177978,0.25948103792415167,1.0,28.869609409031572,2.179412356610988,0.5220542613796605,0.14019403237633257,0.2353206610637938,0.1024310451802132,-2.7755575615628914e-17,0.3081405463324349,0.3437103655230626,0.38956770850098177,0.39676725542592717,1.0893437001660786,1.0768611603916156,cột filter_* không áp dụng cho directional,,,,
Connors RSI,i042,D,XRPUSDT,False,152905.0,152903.0,0.42020862627121414,0.4313715231225025,16145.0,15919.0,3551.0,0.7781356457107463,0.797914441861926,0.9957758377921713,0.7879553393213573,1.0,24.46808510638245,4.539842366584494,0.5222724632399002,0.1526725816922744,0.23742297748265925,0.08763197758516612,6.938893903907228e-17,0.35958913277052734,0.3653846673045937,0.3888172394624113,0.39694381405204604,1.0807355837724824,1.086731945055434,cột filter_* không áp dụng cho directional,,,,
Connors RSI,i042,D,XRPUSDT,True,61920.0,60882.0,0.42193152454780364,0.42907591734831313,16145.0,15919.0,3551.0,0.3368844843604831,0.3222564231421572,0.46775556181357364,0.32962200598802394,1.0,25.35211267605656,4.171381847914963,0.5244993125735263,0.15053931087267727,0.23627627457372471,0.08868510198007172,-1.3877787807814457e-17,0.338322826176733,0.3496504790414637,0.3892603359173127,0.39701553825432806,1.0839314608140065,1.0807534617787358,cột filter_* không áp dụng cho directional,,,,
Awesome Oscillator,i043,D,XRPUSDT,False,14012.0,14014.0,0.4855837853268627,0.5029256457827886,16145.0,15919.0,3551.0,0.2193868070610096,0.21427225328224134,0.7654181920585751,0.21684755489021956,9.0,41.32653061224475,0.5508220452900424,0.5457880626499224,0.058275716099901224,0.24079300126993086,0.15514321998024552,-2.7755575615628914e-17,0.27769142123985663,0.33678051934391595,0.3899229232086783,0.3954616811759669,1.2453327476389193,1.2717430530494405,cột filter_* không áp dụng cho directional,,,,
Awesome Oscillator,i043,D,XRPUSDT,True,5365.0,5110.0,0.4803355079217148,0.5056751467710372,16145.0,15919.0,3551.0,0.08355528027253019,0.07902506438846661,0.31455927907631653,0.08130613772455089,9.0,41.50943396226444,0.4892588614393126,0.5462928114414753,0.060030109145652995,0.24030861874294318,0.15336846066992849,0.0,0.260226018786005,0.33465401266101463,0.3915004659832247,0.3945401174168297,1.2269091601599693,1.2816824562273699,cột filter_* không áp dụng cho directional,,,,
Accelerator Oscillator,i044,D,XRPUSDT,False,38116.0,38113.0,0.433859796410956,0.4446776690368116,16145.0,15919.0,3551.0,0.4182719108082998,0.4245241535272316,0.9366375668825683,0.421375998003992,4.0,32.89473684210434,1.3418661281701016,0.5286355979786637,0.09397810218978102,0.2635691559049223,0.11381714392663297,2.7755575615628914e-17,0.31244235700572354,0.34221471140681364,0.3884392381152272,0.39720961351769735,1.1169309221079649,1.1195037932207534,cột filter_* không áp dụng cho directional,,,,
Accelerator Oscillator,i044,D,XRPUSDT,True,15453.0,15150.0,0.43868504497508576,0.4475907590759076,16145.0,15919.0,3551.0,0.17695881077733044,0.17161882027765563,0.4226978315967333,0.17430763473053892,4.0,33.86881720430112,1.2222849083215797,0.5345303056973537,0.09370416006571614,0.2563515812943731,0.11541395294255706,1.3877787807814457e-17,0.2806142685863124,0.33775568566351805,0.3875752281110464,0.39781518151815176,1.1318707005944033,1.1251223680499098,cột filter_* không áp dụng cho directional,,,,
Momentum,i045,D,XRPUSDT,False,45842.0,45866.0,0.4547140177130143,0.4693018793877818,16145.0,15919.0,3551.0,0.42681944874574174,0.4440605565676236,0.9448042804843706,0.43537924151696605,4.0,34.26573426573442,1.8357493502743285,0.5662977826421824,0.1143337792370992,0.19488021403380762,0.1244882240869107,4.163336342344337e-17,0.3249459137164274,0.345654886163032,0.38841128223026916,0.39769655082195965,1.170702393354881,1.1800501624110848,cột filter_* không áp dụng cho directional,,,,
Momentum,i045,D,XRPUSDT,True,18396.0,17881.0,0.4501522070015221,0.4734634528270231,16145.0,15919.0,3551.0,0.17633942397026944,0.17827752999560273,0.42072655589974656,0.17730164670658682,4.0,34.969325153374506,1.6622092213400195,0.5681515616999488,0.11351766513056835,0.196415770609319,0.12191500256016385,-8.326672684688674e-17,0.2865691036533889,0.33856268648258675,0.38882637529897807,0.3976483418153347,1.1577203492314252,1.1906586876876666,cột filter_* không áp dụng cho directional,,,,
Chande Momentum Oscillator,i046,D,XRPUSDT,False,48527.0,48567.0,0.4542831825581635,0.4695986987048819,16145.0,15919.0,3551.0,0.44886961907711365,0.46196369118663233,0.9470571669952126,0.4553705089820359,4.0,34.12747963788072,1.9014139389890894,0.565234868496612,0.11674514758240497,0.19488151295892195,0.12313847096206118,-5.551115123125783e-17,0.32870554059302043,0.34706247410597957,0.3889824221567375,0.39621450779335765,1.1678758645168639,1.185213285904708,cột filter_* không áp dụng cho directional,,,,
Chande Momentum Oscillator,i046,D,XRPUSDT,True,19466.0,18957.0,0.4528922223363814,0.47169910850873026,16145.0,15919.0,3551.0,0.1869928770517188,0.1849990577297569,0.4252323289214306,0.18600299401197604,4.0,34.54915003695432,1.7168852020337169,0.5677715944834261,0.11700943624485846,0.19477377207839341,0.12044519719332204,-1.3877787807814457e-17,0.28908660834044714,0.3392665285249124,0.3894046028973595,0.3947328163738989,1.1630376707584942,1.19498326194883,cột filter_* không áp dụng cho directional,,,,
Price Oscillator,i047,D,XRPUSDT,False,14044.0,14045.0,0.5062660210766163,0.5228907084371662,16145.0,15919.0,3551.0,0.23028801486528336,0.22545386016709593,0.7580963108983385,0.2278879740518962,8.0,42.15246636771237,0.5422542254225422,0.5663366336633663,0.06585991932526586,0.1603960396039604,0.2074074074074074,5.551115123125783e-17,0.28496546579357723,0.34092806260684677,0.3902912275704927,0.39767888928444284,1.2971493728620296,1.3148565903963907,cột filter_* không áp dụng cho directional,,,,
Price Oscillator,i047,D,XRPUSDT,True,5356.0,5079.0,0.501680358476475,0.5323882654065761,16145.0,15919.0,3551.0,0.08882006813254878,0.08411332370123752,0.3041396789636722,0.08648328343313373,8.0,41.99999999999978,0.4798858032701791,0.5719666931007137,0.06819984139571768,0.15681998413957177,0.20301348136399683,5.551115123125783e-17,0.26304919876466965,0.3361846757990214,0.38819081404032857,0.39627879503839336,1.292355048938268,1.3434689720276247,cột filter_* không áp dụng cho directional,,,,
Detrended Price Oscillator,i048,D,XRPUSDT,False,24373.0,24360.0,0.4852500718007631,0.5018062397372742,16145.0,15919.0,3551.0,0.2980489315577578,0.29172686726553176,0.8242748521543227,0.2949101796407186,6.0,39.59731543624077,1.1216183477347976,0.5874726521351592,0.10756826837371364,0.13714447775706992,0.1678146017340572,2.7755575615628914e-17,0.3024962996272755,0.34332074741638885,0.38857342140893614,0.39629310344827584,1.248798927217629,1.266250246019661,cột filter_* không áp dụng cho directional,,,,
Detrended Price Oscillator,i048,D,XRPUSDT,True,9438.0,9174.0,0.48198770926043655,0.499672988881622,16145.0,15919.0,3551.0,0.11848869619077114,0.10804698787612287,0.3444100253449732,0.11330464071856287,6.0,39.726027397260665,1.0415980230642503,0.5872982382107818,0.10676231670007384,0.13967718113725078,0.16626226395189367,-5.551115123125783e-17,0.2718522708221516,0.33721928072276747,0.38827611782157234,0.39633202528885986,1.2413529628467344,1.2607434095628376,cột filter_* không áp dụng cho directional,,,,
TRIX,i049,D,XRPUSDT,False,6693.0,6696.0,0.4751232631107127,0.5028375149342891,16145.0,15919.0,3551.0,0.11192319603592443,0.1106853445568189,0.5637848493382146,0.11130863273453094,18.0,45.57823129251672,0.22527373900556452,0.4871382636655949,0.07702426191172172,0.2889505992399883,0.1468868751826951,0.0,0.26287406722319473,0.3348942884811655,0.3903705363812938,0.3955794504181601,1.2171084106784043,1.2711416490486256,cột filter_* không áp dụng cho directional,,,,
TRIX,i049,D,XRPUSDT,True,2444.0,2298.0,0.47217675941080195,0.5117493472584856,16145.0,15919.0,3551.0,0.04063177454320223,0.038256171870092344,0.21458744015770206,0.039452345309381236,18.0,44.49152542373038,0.19536260483473114,0.4929519071310116,0.08084577114427861,0.2815091210613599,0.14469320066334992,2.7755575615628914e-17,0.2538072732737307,0.33395061540346554,0.39024140752864156,0.39819408181026983,1.2099606815203146,1.2851756734604665,cột filter_* không áp dụng cho directional,,,,
Fisher Transform,i050,D,XRPUSDT,False,60417.0,60415.0,0.43322243739344884,0.4438467268062567,16145.0,15919.0,3551.0,0.5596779188603282,0.5690055908034424,0.9791607997747114,0.564308882235529,2.0,30.348258706467625,1.9750591071345789,0.5299146558967027,0.12301932402753415,0.23386347891455272,0.11320254116121044,-1.3877787807814457e-17,0.34062729651844315,0.3517874556483571,0.389190128606187,0.3969030869817099,1.1131382980985551,1.1182748166096024,cột filter_* không áp dụng cho directional,,,,
Fisher Transform,i050,D,XRPUSDT,True,24588.0,24001.0,0.4380592158776639,0.4458980875796842,16145.0,15919.0,3551.0,0.2393310622483741,0.23123311765814436,0.45423824274852154,0.23531062874251496,2.0,31.458036609167557,1.7965713037781175,0.5337070364360526,0.12051925062693612,0.23126567340315682,0.11450803953385455,-5.551115123125783e-17,0.29882404700093534,0.34203992073253425,0.38918374816983897,0.3973563601516603,1.125584554693419,1.1221616973980153,cột filter_* không áp dụng cho directional,,,,
Ultimate Oscillator,i051,D,XRPUSDT,False,49642.0,49641.0,0.450505620240925,0.46745633649604157,16145.0,15919.0,3551.0,0.4712914214927222,0.470695395439412,0.9439594480428048,0.4709955089820359,3.0,33.33333333333103,1.8886420288284382,0.546486949398667,0.14208586215884128,0.18047436422534163,0.1309528242171501,-5.551115123125783e-17,0.3381489611956532,0.3536031820244761,0.38926513839087873,0.39694103664309743,1.157323314651804,1.177646787163371,cột filter_* không áp dụng cho directional,,,,
Ultimate Oscillator,i051,D,XRPUSDT,True,20175.0,19314.0,0.44738537794299876,0.46505125815470644,16145.0,15919.0,3551.0,0.19752245277175595,0.18713487028079653,0.4221346099690228,0.19236526946107785,3.0,33.73493975903521,1.7100560845180643,0.5516502956100741,0.13979796098878078,0.17871607467063916,0.12983566873050603,-2.7755575615628914e-17,0.2941853527538553,0.3420930247502521,0.39085006195786864,0.3962954333643989,1.1446470692672535,1.1734963842671526,cột filter_* không áp dụng cho directional,,,,
Williams %R,i052,D,XRPUSDT,False,43904.0,43902.0,0.47152879008746357,0.48974989749897496,16145.0,15919.0,3551.0,0.45655001548467017,0.46604686224009045,0.9442410588566601,0.46126497005988026,3.0,35.42435424354247,1.639475279722207,0.576453303510734,0.13325877683485735,0.14852093064052804,0.14176698901388066,0.0,0.3330169967424546,0.3520788193723523,0.38869806851311955,0.39702063687303535,1.2130978471058398,1.2335628227194493,cột filter_* không áp dụng cho directional,,,,
Williams %R,i052,D,XRPUSDT,True,17706.0,16991.0,0.4686546933242968,0.4929080101230063,16145.0,15919.0,3551.0,0.1881697119851347,0.18386833343803002,0.4215713883413123,0.18603418163672655,3.0,35.92814371257502,1.5146073438756367,0.5781180648024856,0.13293386595650244,0.14647137150466044,0.14247669773635152,-5.551115123125783e-17,0.290330990263874,0.3413242122121129,0.38953744493392073,0.39648931787416875,1.2031056305865464,1.2431810591160424,cột filter_* không áp dụng cho directional,,,,
SMI Ergodic,i053,D,XRPUSDT,False,47741.0,47738.0,0.449487861586477,0.46648372365830154,16145.0,15919.0,3551.0,0.506162898730257,0.5203216282429801,0.966488313151225,0.5131923652694611,2.0,32.03883495145645,1.6186453462060644,0.5505787327781105,0.14567834437981875,0.16683735579988793,0.13690556704218276,2.7755575615628914e-17,0.3401775866040484,0.3559078387038113,0.38928384407532307,0.39676777410029745,1.154653265033791,1.1757097075640544,cột filter_* không áp dụng cho directional,,,,
SMI Ergodic,i053,D,XRPUSDT,True,19239.0,18950.0,0.45168667810177243,0.47065963060686017,16145.0,15919.0,3551.0,0.21145865593062868,0.21106853445568188,0.44184736693889043,0.21126497005988024,2.0,33.489827856025364,1.4814814814814814,0.5548590864917395,0.1392128279883382,0.16535471331389698,0.14057337220602525,0.0,0.29582610587576713,0.3436245008548103,0.38799313893653525,0.39717941952506597,1.1641615089890949,1.1850050820096858,cột filter_* không áp dụng cho directional,,,,
Relative Vigor Index,i054,D,XRPUSDT,False,55912.0,55912.0,0.4160108742309343,0.4243632851623981,16145.0,15919.0,3551.0,0.49290802105915144,0.49601105597085243,0.9583215995494226,0.49444860279441116,3.0,30.120481927710298,1.935607830918627,0.5191325940435245,0.10719188117895646,0.2726838070854605,0.10099171769205854,1.3877787807814457e-17,0.32708595950678304,0.34375779599487877,0.3889612247817999,0.3958989125769065,1.0695433059280106,1.0718980822660433,cột filter_* không áp dụng cho directional,,,,
Relative Vigor Index,i054,D,XRPUSDT,True,22759.0,22171.0,0.4146491497868975,0.42767579270217854,16145.0,15919.0,3551.0,0.20904304738309074,0.20466109680256298,0.44128414531117993,0.20686751497005987,3.0,31.543624161075005,1.7423170731707318,0.5218176925147053,0.10530160316789051,0.27242320556687555,0.10045749875052862,0.0,0.2908760408224592,0.3386304960108156,0.38898238059668705,0.396619457850345,1.0659844005037924,1.0783026002308538,cột filter_* không áp dụng cho directional,,,,
True Strength Index,i055,D,XRPUSDT,False,21837.0,21838.0,0.477354948023996,0.48955948346918216,16145.0,15919.0,3551.0,0.317807370703004,0.31804761605628495,0.8794705716699521,0.3179266467065868,5.0,37.19512195121955,0.8018322444995118,0.555186170212766,0.09219858156028368,0.17304964539007092,0.17956560283687945,-2.7755575615628914e-17,0.3023567591264654,0.34569801925837274,0.3887072400054953,0.39632750251854565,1.2280577743219998,1.2352397458116695,cột filter_* không áp dụng cho directional,,,,
True Strength Index,i055,D,XRPUSDT,True,8703.0,8482.0,0.4840859473744686,0.4924546097618486,16145.0,15919.0,3551.0,0.1291421492722205,0.12419121804133426,0.38270909602928754,0.12668413173652696,6.0,38.86010362694384,0.7334440140195536,0.561341671404207,0.08197839681637294,0.16634451392836838,0.19033541785105174,-2.7755575615628914e-17,0.27286934036740407,0.33872288309189486,0.38787199816155343,0.39967578401320447,1.2480559299690432,1.2321352192445538,cột filter_* không áp dụng cho directional,,,,
Coppock Curve,i056,D,XRPUSDT,False,15878.0,15879.0,0.48091699206449173,0.4951193400088167,16145.0,15919.0,3551.0,0.245401052957572,0.24021609397575225,0.836947338777809,0.24282684630738524,9.0,39.90820859386476,0.5855177542294107,0.5503413494064826,0.0696844824404945,0.21803308936588967,0.1619410787871333,-8.326672684688674e-17,0.28334271398010075,0.3385848486332947,0.38876747701221814,0.3970212229989294,1.237029897049175,1.2470853227162413,cột filter_* không áp dụng cho directional,,,,
Coppock Curve,i056,D,XRPUSDT,True,6189.0,5901.0,0.48069154952334786,0.49110320284697506,16145.0,15919.0,3551.0,0.0973056673892846,0.08769395062503926,0.348634187552802,0.09253368263473054,9.0,40.29304029303928,0.5127229488703924,0.5525172912980537,0.06803924722534985,0.21392954801351133,0.16551391346308508,5.551115123125783e-17,0.2631990727257522,0.3355550149988291,0.38965907254806914,0.39624639891543806,1.2336208326422293,1.2393884315192987,cột filter_* không áp dụng cho directional,,,,
Rate of Change,i057,D,XRPUSDT,False,48527.0,48567.0,0.4542831825581635,0.4695986987048819,16145.0,15919.0,3551.0,0.44886961907711365,0.46196369118663233,0.9470571669952126,0.4553705089820359,4.0,34.12747963788072,1.9014139389890894,0.565234868496612,0.11674514758240497,0.19488151295892195,0.12313847096206118,-5.551115123125783e-17,0.32870554059302043,0.34706247410597957,0.38885156716879266,0.39699590256758704,1.168268874073917,1.182880467198108,cột filter_* không áp dụng cho directional,,,,
Rate of Change,i057,D,XRPUSDT,True,19466.0,18957.0,0.4528922223363814,0.47169910850873026,16145.0,15919.0,3551.0,0.1869928770517188,0.1849990577297569,0.4252323289214306,0.18600299401197604,4.0,34.54915003695432,1.7168852020337169,0.5677715944834261,0.11700943624485846,0.19477377207839341,0.12044519719332204,-1.3877787807814457e-17,0.28908660834044714,0.3392665285249124,0.38961522654885444,0.3974494909532099,1.162408939578732,1.1868152287160973,cột filter_* không áp dụng cho directional,,,,
Klinger Oscillator,i058,D,XRPUSDT,False,50261.0,50259.0,0.4343725751576769,0.4454724526950397,16145.0,15919.0,3551.0,0.47395478476308456,0.48263081851875117,0.9394536750211208,0.4782622255489022,2.0,31.54761904761968,1.8229875207541106,0.5386063695625144,0.12497557683084957,0.2210696459972646,0.11534840760937139,1.3877787807814457e-17,0.3303907972600822,0.3480694506535991,0.38938441336224916,0.39735768718040554,1.1155366271776643,1.1210867867085945,cột filter_* không áp dụng cho directional,,,,
Klinger Oscillator,i058,D,XRPUSDT,True,20425.0,19845.0,0.4394614443084455,0.4489795918367347,16145.0,15919.0,3551.0,0.19851347166305358,0.19486148627426345,0.42776682624612783,0.1967003493013972,2.0,33.333333333333115,1.6829798108867877,0.5422623302358828,0.120487848463188,0.22029127948534669,0.11695854181558256,-1.3877787807814457e-17,0.291589555406803,0.34043871184854835,0.3888518971848225,0.3960216679264299,1.130151215642824,1.133724814067858,cột filter_* không áp dụng cho directional,,,,
Bollinger Bands,i059,D,XRPUSDT,False,18505.0,19740.0,0.5185085112131856,0.5347011144883486,16145.0,15919.0,3551.0,0.20390213688448436,0.21370689113637792,0.6651647423261053,0.20876996007984033,10.0,48.806206018533224,1.831934628975265,0.49538546559823154,0.043437413650179606,0.1458966565349544,0.3152804642166344,5.551115123125783e-17,0.31515666754068583,0.35621739264905844,0.3901594163739529,0.39680597771023307,1.3289657751492405,1.3475127506239666,cột filter_* không áp dụng cho directional,,,,
Bollinger Bands,i059,D,XRPUSDT,True,7759.0,8172.0,0.5228766593633201,0.5386686245717083,16145.0,15919.0,3551.0,0.0901207804273769,0.09146303159746215,0.3027316248943959,0.09078717564870259,11.0,49.818377195295824,1.6595584545910687,0.4586456102783726,0.045369379014989296,0.15444325481798715,0.341541755888651,0.0,0.2817864778144204,0.3448710671541595,0.38805258409588866,0.39760768477728836,1.3474376432295991,1.354774178656613,cột filter_* không áp dụng cho directional,,,,
BB %B,i060,D,XRPUSDT,False,39128.0,39110.0,0.4754651400531589,0.49289184351828175,16145.0,15919.0,3551.0,0.4127593682254568,0.421069162635844,0.9236834694452267,0.41688498003992014,4.0,36.3636363636367,1.5458641196612002,0.5849790618727854,0.12652080184354636,0.14359342864930497,0.1449067076343633,0.0,0.32499213955449957,0.34882323683610217,0.38869351870783075,0.3968320122730759,1.2232391773183946,1.2420667392607008,cột filter_* không áp dụng cho directional,,,,
BB %B,i060,D,XRPUSDT,True,15616.0,15067.0,0.47240010245901637,0.4926660914581536,16145.0,15919.0,3551.0,0.16989780117683492,0.16408065833280985,0.4043931286961419,0.16700973053892215,4.0,36.70886075949338,1.415549992637314,0.5864131461310835,0.1281244097462696,0.1426682616634137,0.14279418245923314,2.7755575615628914e-17,0.2848386454209567,0.33955116382467,0.3901767418032787,0.3962965421119002,1.210733628754308,1.2431753475129794,cột filter_* không áp dụng cho directional,,,,
Standard Error Bands,i061,D,XRPUSDT,False,26573.0,27410.0,0.49941670116283443,0.5081721999270339,16145.0,15919.0,3551.0,0.3096314648497987,0.30686600917143037,0.8138552520416784,0.30825848303393216,5.0,41.17647058823452,1.6414592140284954,0.5128626367471903,0.07964007019377964,0.1410969644924019,0.2664003285666281,5.551115123125783e-17,0.33157926646204583,0.36151544784865824,0.3877902382117187,0.397493615468807,1.287852689293772,1.2784411627031838,cột filter_* không áp dụng cho directional,,,,
Standard Error Bands,i061,D,XRPUSDT,True,10659.0,10931.0,0.5018294399099352,0.5116640746500778,16145.0,15919.0,3551.0,0.12647878600185816,0.12274640366857215,0.36806533370881445,0.12462574850299402,5.0,42.53246753246767,1.5359230624174995,0.5088279489105936,0.07240796393688956,0.13899323816679188,0.279770848985725,0.0,0.28783160578758277,0.34582383565036884,0.3893048128342246,0.3962217546427591,1.28903990746096,1.291357853663042,cột filter_* không áp dụng cho directional,,,,
Envelopes,i062,D,XRPUSDT,False,3.0,3.0,1.0,0.6666666666666666,16145.0,15919.0,3551.0,0.00012387736141220192,0.00012563603241409635,0.0,0.000124750499001996,3.5,63.10763517287019,0.25,0.0,0.0,1.0,0.0,0.0,0.24835986908448018,0.3333463260943095,0.39999999999999997,0.45,2.5,1.4814814814814814,cột filter_* không áp dụng cho directional,,,,
Envelopes,i062,D,XRPUSDT,True,0.0,3.0,,0.6666666666666666,16145.0,15919.0,3551.0,0.0,0.00012563603241409635,0.0,6.2375249500998e-05,2.0,48.60835075129987,0.0,0.0,0.0,1.0,0.0,0.0,0.24834363617935915,0.3333385802809216,,0.45,,1.4814814814814814,cột filter_* không áp dụng cho directional; không có tín hiệu Long hoặc Short trong train → precision/lift/độ trễ chiều đó là NaN,,,,
BB Width,i063,F,XRPUSDT,False,,,,,,,,,,,,,,,,,,,,,,,,,,filter: không cho hướng → không có recall/precision/backtest,0.4913547891723474,0.7045798692388409,0.5950338621938006,1.184100458822899
BB Width,i063,F,XRPUSDT,True,,,,,,,,,,,,,,,,,,,,,,,,,,filter: HTF không áp dụng (filter không có hướng),,,,
ATR,i064,F,XRPUSDT,False,,,,,,,,,,,,,,,,,,,,,,,,,,filter: không cho hướng → không có recall/precision/backtest,0.4784555857152149,0.732554361161031,0.5950338621938006,1.2311137360489248
ATR,i064,F,XRPUSDT,True,,,,,,,,,,,,,,,,,,,,,,,,,,filter: HTF không áp dụng (filter không có hướng),,,,
Historical Volatility,i065,F,XRPUSDT,False,,,,,,,,,,,,,,,,,,,,,,,,,,filter: không cho hướng → không có recall/precision/backtest,0.4872570591846739,0.7023559135513866,0.5950338621938006,1.1803629308791028
Historical Volatility,i065,F,XRPUSDT,True,,,,,,,,,,,,,,,,,,,,,,,,,,filter: HTF không áp dụng (filter không có hướng),,,,
Chaikin Volatility,i066,F,XRPUSDT,False,,,,,,,,,,,,,,,,,,,,,,,,,,filter: không cho hướng → không có recall/precision/backtest,0.4992821437013464,0.5920876201854335,0.5950338621938006,0.9950486145485825
Chaikin Volatility,i066,F,XRPUSDT,True,,,,,,,,,,,,,,,,,,,,,,,,,,filter: HTF không áp dụng (filter không có hướng),,,,
Close-to-Close Volatility,i067,F,XRPUSDT,False,,,,,,,,,,,,,,,,,,,,,,,,,,filter: không cho hướng → không có recall/precision/backtest,0.4872570591846739,0.7023559135513866,0.5950338621938006,1.1803629308791028
Close-to-Close Volatility,i067,F,XRPUSDT,True,,,,,,,,,,,,,,,,,,,,,,,,,,filter: HTF không áp dụng (filter không có hướng),,,,
Non-Directional Close-to-Close Volatility,i068,F,XRPUSDT,False,,,,,,,,,,,,,,,,,,,,,,,,,,filter: không cho hướng → không có recall/precision/backtest,0.4870508242259447,0.7062004091045301,0.5950338621938006,1.1868239002413663
Non-Directional Close-to-Close Volatility,i068,F,XRPUSDT,True,,,,,,,,,,,,,,,,,,,,,,,,,,filter: HTF không áp dụng (filter không có hướng),,,,
O-H-L-C Volatility,i069,F,XRPUSDT,False,,,,,,,,,,,,,,,,,,,,,,,,,,filter: không cho hướng → không có recall/precision/backtest,0.48306097098591416,0.7195111938705472,0.5950338621938006,1.2091936939820824
O-H-L-C Volatility,i069,F,XRPUSDT,True,,,,,,,,,,,,,,,,,,,,,,,,,,filter: HTF không áp dụng (filter không có hướng),,,,
Relative Volatility Index,i070,F,XRPUSDT,False,,,,,,,,,,,,,,,,,,,,,,,,,,filter: không cho hướng → không có recall/precision/backtest,0.49891409362115274,0.6094470412413749,0.5950338621938006,1.0242224518020455
Relative Volatility Index,i070,F,XRPUSDT,True,,,,,,,,,,,,,,,,,,,,,,,,,,filter: HTF không áp dụng (filter không có hướng),,,,
Standard Deviation,i071,F,XRPUSDT,False,,,,,,,,,,,,,,,,,,,,,,,,,,filter: không cho hướng → không có recall/precision/backtest,0.4913547891723474,0.7045734118976511,0.5950338621938006,1.1840896067662345
Standard Deviation,i071,F,XRPUSDT,True,,,,,,,,,,,,,,,,,,,,,,,,,,filter: HTF không áp dụng (filter không có hướng),,,,
Mass Index,i073,F,XRPUSDT,False,,,,,,,,,,,,,,,,,,,,,,,,,,filter: không cho hướng → không có recall/precision/backtest,0.49999286109758245,0.601354824380493,0.5950338621938006,1.0106228612996713
Mass Index,i073,F,XRPUSDT,True,,,,,,,,,,,,,,,,,,,,,,,,,,filter: HTF không áp dụng (filter không có hướng),,,,
Net Volume,i074,D,XRPUSDT,False,37072.0,37072.0,0.4398467846353043,0.4477772982304704,16145.0,15919.0,3551.0,0.3500774233508826,0.36032414096362836,0.8955223880597015,0.3551646706586826,5.0,34.51552041687294,1.6341982427237782,0.5471894854260634,0.10921965177748678,0.23138852514670935,0.11220233764974052,-2.7755575615628914e-17,0.31002454091948256,0.34060208956314647,0.3892614372032801,0.3970179650410013,1.1299521159749701,1.1278514769079204,cột filter_* không áp dụng cho directional,,,,
Net Volume,i074,D,XRPUSDT,True,14653.0,14449.0,0.43963693441616053,0.442037511246453,16145.0,15919.0,3551.0,0.14580365438216167,0.1392675419310258,0.3945367502112081,0.14255863273453093,5.0,35.08771929824606,1.4778968519758875,0.546549499170405,0.10667977631659804,0.2303201622319179,0.11645056228107908,2.7755575615628914e-17,0.2784521674664837,0.33685526911376523,0.38881798949020674,0.3983805107619905,1.1307011154308584,1.1095861853306,cột filter_* không áp dụng cho directional,,,,
OBV,i075,D,XRPUSDT,False,41232.0,41234.0,0.45292491268917345,0.4574380365717612,16145.0,15919.0,3551.0,0.3831526788479405,0.39669577234750925,0.8780625176006759,0.38987649700598803,3.0,34.40860215053674,1.7696395415839683,0.5429900509693071,0.1320305370695987,0.19666585056422356,0.1283135613968706,8.326672684688674e-17,0.32363075557794024,0.34744038071627165,0.38966458090803263,0.39558616675559005,1.1623456040929503,1.156354986635278,cột filter_* không áp dụng cho directional,,,,
OBV,i075,D,XRPUSDT,True,16570.0,15894.0,0.45552202776101386,0.4582861457153643,16145.0,15919.0,3551.0,0.16265097553422111,0.15610277027451472,0.39256547451422136,0.1593999500998004,3.0,34.59119496855333,1.596617986164489,0.5472436479128857,0.13112522686025407,0.19526996370235936,0.12636116152450091,-5.551115123125783e-17,0.285608018555315,0.3396708738903709,0.3901056125528063,0.3956681766704417,1.1676889875542422,1.1582587954680978,cột filter_* không áp dụng cho directional,,,,
Accumulation/Distribution,i076,D,XRPUSDT,False,41137.0,41139.0,0.4492063106206092,0.46272393592454847,16145.0,15919.0,3551.0,0.40452152369154537,0.410704189961681,0.8797521824838074,0.40759106786427146,2.0,33.89121338912066,1.7014141913172358,0.5413417930787963,0.15761488796050133,0.1580393646254552,0.1430039543352472,0.0,0.3325378201641616,0.3535636260872376,0.39000413253275645,0.39641824059894504,1.1517988481388215,1.1672619686355066,cột filter_* không áp dụng cho directional,,,,
Accumulation/Distribution,i076,D,XRPUSDT,True,16593.0,15901.0,0.44711625384198156,0.4609144078988743,16145.0,15919.0,3551.0,0.16587178693093838,0.16313838808970413,0.3903125880033793,0.16451472055888225,3.0,34.10852713178257,1.5517189611169495,0.5435591119125437,0.1548517975881889,0.15389383523047448,0.14769525526879296,-2.7755575615628914e-17,0.28968268815321674,0.3420247516246268,0.39008618091966496,0.3955757499528331,1.1461986497134116,1.1651735677776807,cột filter_* không áp dụng cho directional,,,,
MFI,i077,D,XRPUSDT,False,30519.0,30519.0,0.44663979815852417,0.4561420754284216,16145.0,15919.0,3551.0,0.317807370703004,0.3248947798228532,0.8910166150380174,0.3213260978043912,6.0,36.15819209039516,1.3510061632137818,0.5572478050528579,0.09335244579824405,0.23144000477811622,0.11795974437078181,6.938893903907228e-17,0.3003275233534659,0.33821564235806184,0.3891035092892952,0.39657098856450074,1.1478688510785215,1.1502154433423257,cột filter_* không áp dụng cho directional,,,,
MFI,i077,D,XRPUSDT,True,12074.0,11795.0,0.4425211197614709,0.45095379398050023,16145.0,15919.0,3551.0,0.13019510684422422,0.12557321439788932,0.3863700366094058,0.1279004491017964,6.0,36.54822335025349,1.211035994883976,0.5622018626485954,0.09063375482698569,0.2313167259786477,0.11584765654577119,6.938893903907228e-17,0.2725307475988769,0.3355314204861571,0.3897796918999503,0.397414158541755,1.1353108665165101,1.13472,cột filter_* không áp dụng cho directional,,,,
Chaikin Money Flow,i078,D,XRPUSDT,False,31718.0,31720.0,0.44012863358345417,0.45081967213114754,16145.0,15919.0,3551.0,0.31873645091359554,0.31792198002387084,0.8420163334272036,0.3183320858283433,4.0,35.01683501683557,1.488368568614079,0.5332878503610211,0.12584569901643072,0.2136846892944454,0.1271817613281028,-2.7755575615628914e-17,0.31013743383314113,0.3441327806932124,0.3885017970868277,0.39742749054224463,1.132886995333739,1.1343444599568473,cột filter_* không áp dụng cho directional,,,,
Chaikin Money Flow,i078,D,XRPUSDT,True,12653.0,12292.0,0.4355488816881372,0.44801496908558414,16145.0,15919.0,3551.0,0.13087643233199134,0.12519630630064701,0.3641227823148409,0.1280563872255489,5.0,35.384615384615174,1.330802000370439,0.5373016442880735,0.12263947727435916,0.21074172470740288,0.12931715373016442,8.326672684688674e-17,0.27760959104952354,0.3381583456473509,0.38952817513633137,0.3952896192645623,1.118144744050155,1.1333840992817306,cột filter_* không áp dụng cho directional,,,,
Chaikin Oscillator,i079,D,XRPUSDT,False,34392.0,34392.0,0.45548383344963944,0.4703710165154687,16145.0,15919.0,3551.0,0.39417776401362653,0.40008794522268987,0.894959166431991,0.3971120259481038,3.0,34.782608695651476,1.3312173967695304,0.5454225542742678,0.1448216122570516,0.15337556169129987,0.15638027177738076,0.0,0.32530598569149366,0.35232317162514165,0.3896763782274948,0.39686409630146546,1.1688771988732813,1.1852193758494243,cột filter_* không áp dụng cho directional,,,,
Chaikin Oscillator,i079,D,XRPUSDT,True,13898.0,13281.0,0.45215138868902,0.47074768466229955,16145.0,15919.0,3551.0,0.16190771136574791,0.16163075570073496,0.3976344691636159,0.16177020958083832,3.0,35.76642335766504,1.1877557205637217,0.5500239022058322,0.14170593457624803,0.14689612784265518,0.16137403537526462,-2.7755575615628914e-17,0.285232886033204,0.34155470640313074,0.3874802129802849,0.3968451170845569,1.1669018792245414,1.1862252158239257,cột filter_* không áp dụng cho directional,,,,
Ease of Movement,i080,D,XRPUSDT,False,34660.0,34660.0,0.45049047893825733,0.47487016733987303,16145.0,15919.0,3551.0,0.37361412201920097,0.3730761982536592,0.9160799774711349,0.37334705588822353,4.0,35.646606282036174,1.417761429322123,0.5473997905871614,0.09485327677396838,0.2262195613069509,0.13152737133191936,0.0,0.31140400816605357,0.3430616954115713,0.3894258511252164,0.3961699365262551,1.1568068160770513,1.1986527082385068,cột filter_* không áp dụng cho directional,,,,
Ease of Movement,i080,D,XRPUSDT,True,13954.0,13257.0,0.4532033825426401,0.48035000377159237,16145.0,15919.0,3551.0,0.15534221121090122,0.1466800678434575,0.3976344691636159,0.15104166666666666,4.0,36.20689655172416,1.3037569944044765,0.547489496521799,0.09608099731386459,0.22267373786073422,0.13375576830360217,0.0,0.27873013059590507,0.33780647595504804,0.3894295542496774,0.39756732292373836,1.1637621685283674,1.2082230507252565,cột filter_* không áp dụng cho directional,,,,
Elder Force Index,i081,D,XRPUSDT,False,36883.0,36884.0,0.47159938182902694,0.47540939160611645,16145.0,15919.0,3551.0,0.38934654691855064,0.4037942081789057,0.885947620388623,0.3965194610778443,3.0,35.79182856470054,1.4916141235813367,0.5699830063340028,0.13257634275709357,0.15088315567227972,0.14655749523662392,0.0,0.3229259010248862,0.3488757540557395,0.3898015345823279,0.3958491486823555,1.2098448569073628,1.2009862675935754,cột filter_* không áp dụng cho directional,,,,
Elder Force Index,i081,D,XRPUSDT,True,14721.0,14209.0,0.466000951022349,0.4736434654092477,16145.0,15919.0,3551.0,0.15887271601114897,0.1586783089390037,0.3891861447479583,0.15877619760479042,3.0,35.833333333334906,1.3441989803800403,0.5741199478487614,0.1333767926988266,0.1483050847457627,0.14419817470664928,-2.7755575615628914e-17,0.28393606802857607,0.3398647581346131,0.3872698865566198,0.39545710465198114,1.2032976670759514,1.1977113569019675,cột filter_* không áp dụng cho directional,,,,
Price & Volume Trend,i082,D,XRPUSDT,False,27928.0,27929.0,0.4738255514179318,0.48118443195245086,16145.0,15919.0,3551.0,0.32065655001548465,0.32847540674665493,0.8130104196001127,0.32453842315369263,4.0,37.428571428571594,1.2388475137290302,0.5716977899605962,0.11944492033578893,0.1495631317457598,0.15929415795785506,5.551115123125783e-17,0.3105528709362555,0.3462834550929515,0.38900744772271556,0.3966790790934155,1.2180372231733583,1.213032038523854,cột filter_* không áp dụng cho directional,,,,
Price & Volume Trend,i082,D,XRPUSDT,True,11167.0,10640.0,0.4638667502462613,0.4778195488721805,16145.0,15919.0,3551.0,0.12994735212139982,0.12896538727306991,0.34891579836665726,0.12945983033932135,4.0,37.087647296582546,1.1051948051948053,0.5813046868231829,0.12405787057090878,0.14588928354847094,0.1487481590574374,-5.551115123125783e-17,0.2761048541102061,0.33832286065925704,0.38901674576878303,0.3958082706766917,1.1924081811171345,1.2071995061024838,cột filter_* không áp dụng cho directional,,,,
Volume,i083,F,XRPUSDT,False,,,,,,,,,,,,,,,,,,,,,,,,,,filter: không cho hướng → không có recall/precision/backtest,0.49290631063109486,0.6793014550873342,0.5950338621938006,1.1416181468779805
Volume,i083,F,XRPUSDT,True,,,,,,,,,,,,,,,,,,,,,,,,,,filter: HTF không áp dụng (filter không có hướng),,,,
Volume Oscillator,i084,F,XRPUSDT,False,,,,,,,,,,,,,,,,,,,,,,,,,,filter: không cho hướng → không có recall/precision/backtest,0.38382229526817685,0.5906870241628159,0.5950338621938006,0.992694805611636
Volume Oscillator,i084,F,XRPUSDT,True,,,,,,,,,,,,,,,,,,,,,,,,,,filter: HTF không áp dụng (filter không có hướng),,,,
Volume Profile Fixed Range,i085,F,XRPUSDT,False,,,,,,,,,,,,,,,,,,,,,,,,,,filter: không cho hướng → không có recall/precision/backtest,0.5673190565861134,0.6393323434253613,0.5950338621938006,1.0744469920892212
Volume Profile Fixed Range,i085,F,XRPUSDT,True,,,,,,,,,,,,,,,,,,,,,,,,,,filter: HTF không áp dụng (filter không có hướng),,,,
VWAP,i086,D,XRPUSDT,False,8987.0,8986.0,0.48314231667964835,0.47852214555975964,16145.0,15919.0,3551.0,0.109817280891917,0.10383818079025064,0.3534215713883413,0.10684880239520958,5.0,41.4965986394553,0.9314249092074343,0.5488157753724145,0.12667452577430072,0.15025184867645483,0.17425785017682993,-2.7755575615628914e-17,0.2731236417095123,0.33841408379970345,0.38984644486480474,0.39565991542399287,1.2393144096701916,1.2094279124711707,cột filter_* không áp dụng cho directional,,,,
VWAP,i086,D,XRPUSDT,True,3392.0,3380.0,0.4658018867924528,0.4582840236686391,16145.0,15919.0,3551.0,0.04422421802415608,0.039638168226647404,0.13658124471979724,0.04194735528942116,4.0,39.03212172442886,0.7672131147540984,0.5506450727422454,0.14191600329398846,0.15015097447158934,0.15728794949217678,2.7755575615628914e-17,0.2579817200254287,0.33516751239980414,0.3920548349056604,0.3925295857988166,1.1881039214949054,1.1675146033540607,cột filter_* không áp dụng cho directional,,,,
VWMA,i087,D,XRPUSDT,False,41306.0,41307.0,0.47194112235510577,0.49098215798775025,16145.0,15919.0,3551.0,0.4368535150201301,0.4405427476600289,0.9324134046747395,0.438685129740519,3.0,35.93749999999973,1.5743223801576798,0.5702880620010271,0.1327559643307344,0.1499369718474252,0.1470190018208133,2.7755575615628914e-17,0.3302964814148046,0.3515477114579025,0.3886905050113785,0.39726075483574214,1.2141822768253374,1.235919108573309,cột filter_* không áp dụng cho directional,,,,
VWMA,i087,D,XRPUSDT,True,16575.0,15931.0,0.47058823529411764,0.4924989015127738,16145.0,15919.0,3551.0,0.1801796221740477,0.17331490671524594,0.410025344973247,0.17677145708582834,3.0,36.4313399778521,1.449606962380685,0.5738434163701067,0.13386714116251483,0.1461447212336892,0.1461447212336892,0.0,0.28817401057914965,0.3409085332421619,0.38816591251885374,0.39592304312346993,1.2123378692384807,1.243925833736296,cột filter_* không áp dụng cho directional,,,,
Pivot Points Standard,i088,D,XRPUSDT,False,3626.0,3627.0,0.44704908990623277,0.48635235732009924,16145.0,15919.0,3551.0,0.041065345308144936,0.04064325648596017,0.15995494226978316,0.04085578842315369,6.0,42.26916376306755,0.873269435569755,0.5643743536711479,0.11789038262668046,0.15382626680455017,0.1639089968976215,2.7755575615628914e-17,0.2582493794792234,0.3350602488887993,0.38761720904578045,0.3948166528811691,1.1533262184276059,1.2318435754189943,cột filter_* không áp dụng cho directional,,,,
Pivot Points Standard,i088,D,XRPUSDT,True,987.0,1128.0,0.41033434650455924,0.46631205673758863,16145.0,15919.0,3551.0,0.01164447197274698,0.01174696903071801,0.05406927626020839,0.011695359281437126,4.0,41.39072847682147,0.7283950617283951,0.5920608108108109,0.11148648648648649,0.14611486486486486,0.15033783783783783,-5.551115123125783e-17,0.25115024030947064,0.33375261220732383,0.3949341438703141,0.3960106382978723,1.038994356080041,1.1775240653682562,cột filter_* không áp dụng cho directional,,,,
Balance of Power,i089,D,XRPUSDT,False,40116.0,40116.0,0.450892412005185,0.46652208595074285,16145.0,15919.0,3551.0,0.3884174667079591,0.3970726804447516,0.9174880315404111,0.39271457085828343,4.0,34.651960636791955,1.6769085173501577,0.5554353082041954,0.12166985194225056,0.19604411798567778,0.1268507218678763,-2.7755575615628914e-17,0.32026958491873314,0.3455857361822041,0.38965500049855417,0.39692641340113666,1.157158028071702,1.1753364608650327,cột filter_* không áp dụng cho directional,,,,
Balance of Power,i089,D,XRPUSDT,True,16118.0,15418.0,0.45024196550440504,0.46348423920093396,16145.0,15919.0,3551.0,0.1614122019200991,0.15434386582071738,0.4038299070684314,0.15790294411177644,4.0,35.11904761904787,1.530552562721256,0.5586295453218935,0.11953539952139147,0.19477032627093913,0.127064728885776,-5.551115123125783e-17,0.28345373260938417,0.338679775311149,0.3899522273234893,0.3969775586976262,1.154608010818981,1.1675325948436426,cột filter_* không áp dụng cho directional,,,,
Accumulative Swing Index,i090,D,XRPUSDT,False,31143.0,31143.0,0.4994059660276788,0.4532639758533218,16145.0,15919.0,3551.0,0.334344998451533,0.38520007538161943,0.8893269501548859,0.3595933133732535,4.0,36.538461538460744,1.2917347494553377,0.5844804856363246,0.12094919827084036,0.1393445135972039,0.15522580249563112,0.0,0.31473511725876296,0.34673041861613485,0.38899913303149986,0.39732845262177696,1.2838228253512292,1.1407790528527557,cột filter_* không áp dụng cho directional,,,,
Accumulative Swing Index,i090,D,XRPUSDT,True,12503.0,11900.0,0.49876029752859313,0.4461344537815126,16145.0,15919.0,3551.0,0.14016723443790646,0.14699415792449275,0.3846803717262743,0.1435566367265469,4.0,36.480686695279914,1.1658569274585358,0.5853165344532587,0.12124747239072951,0.1425571628558096,0.15087883030020222,-5.551115123125783e-17,0.2792391272895636,0.3390046002378105,0.38909461729184996,0.39771428571428574,1.2818483612033258,1.1217461122379986,cột filter_* không áp dụng cho directional,,,,
Up/Down,i091,D,XRPUSDT,False,29145.0,29145.0,0.4361296963458569,0.4291645222165037,16145.0,15919.0,3551.0,0.3017033137194178,0.30146365977762424,0.8434243874964799,0.3015843313373254,5.0,35.4838709677417,1.3163047769443348,0.5261104895527804,0.1019624444377249,0.2611048955278038,0.11082217048169091,0.0,0.29930591074585505,0.33901963703945687,0.38905301080802884,0.39735460627895003,1.1210032674983132,1.0800542272189555,cột filter_* không áp dụng cho directional,,,,
Up/Down,i091,D,XRPUSDT,True,11881.0,11275.0,0.4372527565019779,0.4225277161862528,16145.0,15919.0,3551.0,0.12753174357386188,0.11514542370751932,0.37538721486905097,0.12138223552894212,6.0,36.11111111111086,1.1917703349282296,0.525801318481473,0.10025005683109797,0.25846783359854514,0.11548079108888384,-2.7755575615628914e-17,0.2729398231281818,0.3363507496846179,0.3892559548859523,0.396350332594235,1.1233039623763448,1.066046074493438,cột filter_* không áp dụng cho directional,,,,
Spread,i092,F,XRPUSDT,False,,,,,,,,,,,,,,,,,,,,,,,,,,filter: không cho hướng → không có recall/precision/backtest,0.519659744046552,0.595539233195041,0.5950338621938006,1.0008493146917339
Spread,i092,F,XRPUSDT,True,,,,,,,,,,,,,,,,,,,,,,,,,,filter: HTF không áp dụng (filter không có hướng),,,,
Correlation Coefficient,i093,F,XRPUSDT,False,,,,,,,,,,,,,,,,,,,,,,,,,,filter: không cho hướng → không có recall/precision/backtest,0.4975688071211345,0.6279037883956868,0.5950338621938006,1.0552404296466418
Correlation Coefficient,i093,F,XRPUSDT,True,,,,,,,,,,,,,,,,,,,,,,,,,,filter: HTF không áp dụng (filter không có hướng),,,,
Correlation-Log,i094,F,XRPUSDT,False,,,,,,,,,,,,,,,,,,,,,,,,,,filter: không cho hướng → không có recall/precision/backtest,0.49910605077504683,0.6347489439339374,0.5950338621938006,1.0667442380400223
Correlation-Log,i094,F,XRPUSDT,True,,,,,,,,,,,,,,,,,,,,,,,,,,filter: HTF không áp dụng (filter không có hướng),,,,
Rank Correlation,i095,F,XRPUSDT,False,,,,,,,,,,,,,,,,,,,,,,,,,,filter: không cho hướng → không có recall/precision/backtest,0.4965201816771344,0.6266642384042482,0.5950338621938006,1.0531572709052746
Rank Correlation,i095,F,XRPUSDT,True,,,,,,,,,,,,,,,,,,,,,,,,,,filter: HTF không áp dụng (filter không có hướng),,,,
Ratio,i096,F,XRPUSDT,False,,,,,,,,,,,,,,,,,,,,,,,,,,filter: không cho hướng → không có recall/precision/backtest,0.5196613304693114,0.5955190983246227,0.5950338621938006,1.0008154764991577
Ratio,i096,F,XRPUSDT,True,,,,,,,,,,,,,,,,,,,,,,,,,,filter: HTF không áp dụng (filter không có hướng),,,,
Standard Error,i097,F,XRPUSDT,False,,,,,,,,,,,,,,,,,,,,,,,,,,filter: không cho hướng → không có recall/precision/backtest,0.49020780551726106,0.710312554611297,0.5950338621938006,1.193734675859423
Standard Error,i097,F,XRPUSDT,True,,,,,,,,,,,,,,,,,,,,,,,,,,filter: HTF không áp dụng (filter không có hướng),,,,
Average Price,i099,D,XRPUSDT,False,29210.0,29218.0,0.4818555289284492,0.49589294270655077,16145.0,15919.0,3551.0,0.3633323010219882,0.3648470381305358,0.9022810475922275,0.3640843313373254,4.0,37.676056338027955,1.1447103105256082,0.5771162603803911,0.09104607554245915,0.17425663005625502,0.1575810340208947,2.7755575615628914e-17,0.30914925086935213,0.3445685865544541,0.3888377268058884,0.39723458142241086,1.2392201057409127,1.2483629721532947,cột filter_* không áp dụng cho directional,,,,
Average Price,i099,D,XRPUSDT,True,11640.0,11157.0,0.4809278350515464,0.4987899973111051,16145.0,15919.0,3551.0,0.14970579126664602,0.14046108423895973,0.3903125880033793,0.14511601796407186,5.0,38.028169014085364,1.039410498426892,0.5808836169847,0.09051057246003094,0.17423070311156955,0.1543751074436995,0.0,0.27603026304358086,0.33789249959274764,0.38943728522336774,0.3986376266021332,1.2349301243092399,1.251236621998381,cột filter_* không áp dụng cho directional,,,,
Typical Price,i100,D,XRPUSDT,False,31250.0,31256.0,0.480608,0.49824033785513183,16145.0,15919.0,3551.0,0.3768349334159182,0.38117972234436837,0.9076316530554773,0.37899201596806387,4.0,37.46898263027288,1.2221788617886178,0.5813122767437489,0.10036347684401829,0.16221720874851162,0.15610703766372125,-2.7755575615628914e-17,0.3138416501027799,0.3462520910651034,0.3886672,0.39715414640389046,1.2365540493254898,1.2545263403807967,cột filter_* không áp dụng cho directional,,,,
Typical Price,i100,D,XRPUSDT,True,12457.0,11973.0,0.4790880629365016,0.499457111834962,16145.0,15919.0,3551.0,0.154598947042428,0.1466800678434575,0.39369191776964235,0.15066741516966067,4.0,37.850467289718814,1.1204045593193128,0.5830796346739304,0.10174651498157347,0.16095177054959142,0.15422207979490465,0.0,0.27836435867310144,0.33850092765121564,0.389616280003211,0.3998872463041845,1.22964077099795,1.2489948515513225,cột filter_* không áp dụng cho directional,,,,
Median Price,i101,D,XRPUSDT,False,31459.0,31463.0,0.47528529196732255,0.4920700505355497,16145.0,15919.0,3551.0,0.37218953236296065,0.37489792072366357,0.9098845395663193,0.3735341816367265,4.0,37.42069613037297,1.2457259337190951,0.5759049495198227,0.08695518345235163,0.19148608717064763,0.14565377985717803,-5.551115123125783e-17,0.30934899090057083,0.3432783478863253,0.3891795670555326,0.3987000603883927,1.2212493465760585,1.234186044657733,cột filter_* không áp dụng cho directional,,,,
Median Price,i101,D,XRPUSDT,True,12632.0,11978.0,0.47450918302723244,0.49474035732175653,16145.0,15919.0,3551.0,0.153979560235367,0.14504679942207424,0.39538158265277384,0.14954466067864272,5.0,37.90613718411658,1.1324407162445556,0.5775413711583924,0.08699763593380615,0.19243498817966903,0.1430260047281324,-2.7755575615628914e-17,0.276523050454768,0.3374160881201456,0.3915729892336922,0.3965854065787277,1.2118026423524417,1.247500157884765,cột filter_* không áp dụng cho directional,,,,
