indicator,key,kind,htf,n_long_median,n_short_median,precision_long_median,precision_short_median,n_fast_up_waves_median,n_fast_down_waves_median,n_slow_waves_median,recall_fast_up_median,recall_fast_down_median,recall_slow_median,recall_fast_median,latency_min_median_median,travelled_pct_median_median,repeat_signals_per_caught_wave_median,false_in_flat_share_median,false_in_pullback_share_median,false_counter_wave_share_median,false_late_share_median,false_other_share_median,bar_macro_f1_median,bar_balanced_accuracy_median,random_precision_long_median,random_precision_short_median,lift_long_median,lift_short_median,filter_on_share_median,fast_wave_share_when_on_median,fast_wave_share_all_median,filter_lift_median,n_long_worst,n_short_worst,precision_long_worst,precision_short_worst,n_fast_up_waves_worst,n_fast_down_waves_worst,n_slow_waves_worst,recall_fast_up_worst,recall_fast_down_worst,recall_slow_worst,recall_fast_worst,latency_min_median_worst,travelled_pct_median_worst,repeat_signals_per_caught_wave_worst,false_in_flat_share_worst,false_in_pullback_share_worst,false_counter_wave_share_worst,false_late_share_worst,false_other_share_worst,bar_macro_f1_worst,bar_balanced_accuracy_worst,random_precision_long_worst,random_precision_short_worst,lift_long_worst,lift_short_worst,filter_on_share_worst,fast_wave_share_when_on_worst,fast_wave_share_all_worst,filter_lift_worst
SMA,i001,D,False,4178.0,4179.0,0.4854041013268999,0.4743801652892562,1258.0,1239.0,65.0,0.6065182829888712,0.6464891041162227,1.0,0.6263516219463356,30.0,32.946255768944596,1.801718845917741,0.38480782351603365,0.23080428343586237,0.2347054810097794,0.14350693654764612,5.551115123125783e-17,0.334083120484417,0.3566224647323845,0.4246575342465754,0.38715353097131844,1.1473859844271412,1.2073317307692308,,,,,4145.0,4149.0,0.4624468587623996,0.40727446757597513,491.0,470.0,11.0,0.4875199150292087,0.5318471337579618,0.9705882352941176,0.5096894080169897,45.0,35.12035010940908,4.350791717417783,0.8027748132337247,0.28182245185533117,0.28511038046031,0.22545796148426492,-2.7755575615628914e-17,0.3061690339280005,0.3463272854912702,0.3901039206424185,0.3632780581590963,1.0929871282734134,1.1087947882736156,,,,
SMA,i001,D,True,1683.0,1597.0,0.48712328767123286,0.45209768315591736,1258.0,1239.0,65.0,0.22892271662763466,0.28490718321226793,0.47058823529411764,0.2563075690828995,45.0,33.86761321579475,1.478978978978979,0.4097261039686976,0.2319731693683622,0.22023476802683062,0.13806595863610957,0.0,0.2748544084113779,0.34298376766483907,0.42522281639928694,0.3865269461077844,1.1814077700769376,1.2189239332096473,,,,,1553.0,1352.0,0.45692216280451575,0.4349112426035503,491.0,470.0,11.0,0.21136484333510355,0.21602972399150744,0.4,0.2136979028404566,60.0,35.671342685370334,4.182072829131653,0.7968384074941453,0.2812105926860025,0.2994955863808323,0.2068095838587642,-5.551115123125783e-17,0.23289804980691764,0.3393703134309343,0.39342269326683293,0.36320754716981135,1.074547614057151,1.164985881403792,,,,
EMA,i002,D,False,4488.0,4489.0,0.4824521422060164,0.476073892722012,1258.0,1239.0,65.0,0.5906200317965024,0.6343825665859564,0.9926470588235294,0.6123348017621145,30.0,32.73779139016469,1.9956057752667922,0.397773496039392,0.23463569165786693,0.22650396060800684,0.13637336758724042,6.938893903907228e-18,0.3309347317654547,0.35186097074656164,0.42542316258351887,0.38846504213163285,1.1376069942151141,1.2064638032657433,,,,,4388.0,4391.0,0.45805739514348787,0.4087770104700379,491.0,470.0,11.0,0.48539564524694634,0.5339702760084926,0.9411764705882353,0.5096894080169897,30.0,35.08464969565519,4.800495662949195,0.8045472676505784,0.29137168141592923,0.28053097345132744,0.21283185840707963,0.0,0.30757730580718173,0.34262987300621695,0.3886975717439293,0.3668523056359991,1.107554584016447,1.114282244352684,,,,
EMA,i002,D,True,1773.0,1699.0,0.4808362369337979,0.4502648616833431,1258.0,1239.0,65.0,0.22833723653395785,0.27764326069410816,0.47794117647058826,0.2498533724340176,30.0,33.22187148286284,1.6547987616099071,0.4187631027253669,0.2431865828092243,0.21278825995807127,0.12526205450733752,2.7755575615628914e-17,0.2722776834162876,0.33948659911678997,0.42563451776649747,0.3838791643139469,1.1890989325541181,1.1887933236821937,,,,,1668.0,1428.0,0.4506486181613085,0.4173669467787115,491.0,470.0,11.0,0.21136484333510355,0.2218683651804671,0.4307692307692308,0.2166179984072206,52.5,35.352286773794674,4.594285714285714,0.7937533656435111,0.30669800235017625,0.29612220916568743,0.17743830787309048,-4.85722573273506e-17,0.2346078239933251,0.336732557795066,0.3848432055749129,0.3591036414565826,1.05876896574571,1.140769460184909,,,,
DEMA,i003,D,False,6080.0,6081.0,0.46074688796680496,0.44217024041585445,1258.0,1239.0,65.0,0.7178060413354531,0.7489911218724778,1.0,0.7332799359231077,15.0,28.610222076734328,2.4688818565400843,0.3624629080118694,0.23696824445775913,0.25845697329376854,0.12937685459940654,0.00014110342881336335,0.3532494563087898,0.36056813793600284,0.4224207961007311,0.3844066390041494,1.0957692307692308,1.129109198382246,,,,,5960.0,5960.0,0.4434811058400131,0.379707284986022,491.0,470.0,11.0,0.6101964949548593,0.6374734607218684,0.9926470588235294,0.6238385983541279,15.0,32.4517942794293,6.166284403669724,0.7711302384647947,0.3092877840475827,0.3214884855879213,0.1900259264907732,4.163336342344337e-17,0.3361910372857479,0.35367852019476403,0.3870440045804024,0.3653775167785235,1.0651206687339898,1.0364485142292845,,,,
DEMA,i003,D,True,2507.0,2408.0,0.47831632653061223,0.43438538205980065,1258.0,1239.0,65.0,0.2742448330683625,0.3346883468834688,0.5,0.3143772527032439,30.0,31.0825162522258,2.1412776412776413,0.38740388136213844,0.23214939582570487,0.2413035518125229,0.13914317099963383,4.163336342344337e-17,0.2969863989426187,0.34802774531676856,0.42427203829278026,0.3865522745411013,1.1684669713336102,1.1657872131549885,,,,,2352.0,2032.0,0.45392899880335064,0.406496062992126,491.0,470.0,11.0,0.2708443972384493,0.2606157112526539,0.4461538461538462,0.2657286965755243,30.0,34.26300652064142,6.144329896907217,0.764299424184261,0.300039169604387,0.3176654915785351,0.20054837446141793,-2.7755575615628914e-17,0.2587710624228832,0.34612230831083707,0.3884567645841952,0.3615649606299213,1.069900813237437,1.0985087166561647,,,,
TEMA,i004,D,False,6963.0,6965.0,0.450334900954824,0.4241773962804006,1258.0,1239.0,65.0,0.746422893481717,0.7538337368845843,1.0,0.750100120144173,15.0,26.468104195691566,2.759029927760578,0.35353278166772756,0.23174318966619772,0.28084022915340545,0.12056015276893699,5.551115123125783e-17,0.35731694631465477,0.36108196431346967,0.42452776187750435,0.3887752161383285,1.0645183037821073,1.0815444381622863,,,,,6878.0,6876.0,0.4278328306764326,0.3743231689940154,491.0,470.0,11.0,0.6457780138077536,0.667728237791932,0.9926470588235294,0.6567560392885585,15.0,30.61224489795913,6.931111111111111,0.76454898157129,0.28835843757978047,0.36813888179729387,0.17538932856778147,-5.551115123125783e-17,0.3442811612281684,0.3561906776544737,0.3897027143472641,0.36493600930773706,1.0417696897768107,1.0177239709443098,,,,
TEMA,i004,D,True,2885.0,2798.0,0.45727733526430125,0.41029306647605435,1258.0,1239.0,65.0,0.29952203929899096,0.3372502937720329,0.5073529411764706,0.32599118942731276,15.0,29.01538461538481,2.4011834319526626,0.3749617385981022,0.23018059381695746,0.27150290786654424,0.12335475971839609,1.3877787807814457e-17,0.30117827646045864,0.34718112051398253,0.4273310225303293,0.38577277379733876,1.1176496615194018,1.0996927640639897,,,,,2756.0,2362.0,0.43951473136915076,0.384419983065199,491.0,470.0,11.0,0.2822014051522248,0.2776008492569002,0.47058823529411764,0.28855853464295195,30.0,31.99268738574055,6.625,0.7503192848020435,0.27255339496334074,0.3815747529486771,0.18106471150781,-2.7755575615628914e-17,0.2657392708790375,0.3457188240182052,0.38953193033381717,0.36571096474234793,1.0285111732976435,1.0466255547230705,,,,
Hull MA,i005,D,False,7426.0,7428.0,0.44954496788008563,0.4222731562626399,1258.0,1239.0,65.0,0.7583465818759937,0.778046811945117,1.0,0.7681217460953144,15.0,26.27878787878768,2.882501260716087,0.3385609960493236,0.23106332138590202,0.2984556446785586,0.11780198730994852,0.00011402508551884571,0.3608795490720958,0.36400166802419576,0.4231324163969795,0.3846360101890334,1.0669386064150161,1.0772696785732712,,,,,7336.0,7332.0,0.4293024508483706,0.37690660957987693,491.0,470.0,11.0,0.6648964418481147,0.678343949044586,0.9926470588235294,0.6716219803557207,15.0,29.624597423510522,7.210129310344827,0.7586088939566704,0.29053254437869824,0.377396449704142,0.16828402366863907,-5.551115123125783e-17,0.3444960543412985,0.3601562848200175,0.38899138163210345,0.3649754500818331,1.0466946076063754,1.0275584088712177,,,,
Hull MA,i005,D,True,3082.0,2938.0,0.4534056252117926,0.4104833219877468,1258.0,1239.0,65.0,0.3053637812002124,0.3495887191539365,0.5220588235294118,0.3360032038446135,15.0,28.858350951374373,2.4735632183908045,0.3537042375324301,0.2288844047275872,0.29518593254540215,0.12222542519458057,0.0,0.3050299383637125,0.3487244293978806,0.42277741726151846,0.38757951653944017,1.1177220569485764,1.107416364369206,,,,,2951.0,2542.0,0.436404931862427,0.3780487804878049,491.0,470.0,11.0,0.29093799682034976,0.28556263269639065,0.47692307692307695,0.2954605787098487,15.0,30.87327523602028,6.846698113207547,0.7455980570734669,0.2773982773982774,0.38966438966438965,0.17226017226017226,-2.7755575615628914e-17,0.2703311559196339,0.34746284761046325,0.3929525718102872,0.365991345397325,1.0322333077513433,1.0329445907454182,,,,
Hamming MA,i006,D,False,3973.0,3974.0,0.4878357830714648,0.47624938149430973,1258.0,1239.0,65.0,0.6112877583465819,0.6448748991121872,1.0,0.6279535442531037,45.0,32.86730641959004,1.6821800367421922,0.38535414165666265,0.2257363592467407,0.2319327731092437,0.14645858343337334,2.0816681711721685e-17,0.33196785090039715,0.3567011530832611,0.4246287128712871,0.3877152988855117,1.1611774992713495,1.2093607664520183,,,,,3946.0,3948.0,0.46960220165123845,0.40563663814796175,491.0,470.0,11.0,0.4875199150292087,0.5191082802547771,0.9705882352941176,0.5033182904167772,45.0,35.80533024333709,4.119951040391677,0.8006272401433692,0.2813745019920319,0.2863545816733068,0.22933266932270915,-5.551115123125783e-17,0.30380753377451475,0.3475445155057848,0.39013009757317985,0.3660417715148465,1.0919171286839804,1.1081703502560754,,,,
Hamming MA,i006,D,True,1607.0,1521.0,0.494996664442962,0.45956607495069035,1258.0,1239.0,65.0,0.22972972972972974,0.2841000807102502,0.47058823529411764,0.2567080496595915,45.0,33.84790716949863,1.4032983508245878,0.41120381406436235,0.22943980929678187,0.21752085816448152,0.14183551847437426,0.0,0.2743781436896755,0.3437586702119984,0.4238332296204107,0.38793969849246235,1.1850768105340157,1.200860551535302,,,,,1483.0,1288.0,0.4673304293714997,0.43788819875776397,491.0,470.0,11.0,0.2097716409984068,0.21656050955414013,0.4,0.21316697637377224,60.0,37.19527506438477,3.9411764705882355,0.7987730061349694,0.28465679676985195,0.3082099596231494,0.19986541049798115,-8.326672684688674e-17,0.23147371028454125,0.33962298410016706,0.3892261507671781,0.36599378881987576,1.1020566550252233,1.1834419707102346,,,,
Arnaud Legoux MA,i007,D,False,6828.0,6831.0,0.46684350132625996,0.45091848450057403,1258.0,1239.0,65.0,0.7329093799682035,0.7812752219531881,1.0,0.7569082899479376,15.0,28.800241764883637,2.8081841432225065,0.3586188508198907,0.2516042780748663,0.2610318624183442,0.11931742434342088,4.163336342344337e-17,0.3586286771087326,0.363162830529879,0.4233783008036739,0.38897156328274646,1.116233348022101,1.1505153884179495,,,,,6738.0,6737.0,0.4484447004608295,0.3883765188113014,491.0,470.0,11.0,0.6468401486988847,0.6735668789808917,1.0,0.6602070613220069,15.0,32.43014394580861,6.767032967032967,0.773119918699187,0.321090859257229,0.3179388789913663,0.18034808825544743,2.7755575615628914e-17,0.34471473922701407,0.3568035627600808,0.3883856566820276,0.3652466695944957,1.067402336432683,1.0633266533066132,,,,
Arnaud Legoux MA,i007,D,True,2861.0,2695.0,0.4783748361730013,0.4352504638218924,1258.0,1239.0,65.0,0.2963356346255975,0.3523035230352303,0.5294117647058824,0.3275931117340809,15.0,30.18348243977822,2.4080188679245285,0.3723127035830619,0.2504885993485342,0.25732899022801303,0.11986970684039087,2.7755575615628914e-17,0.30066573347803116,0.346981244264914,0.4253932191541419,0.38577801570306924,1.1728395061728396,1.16511281513764,,,,,2658.0,2254.0,0.4567185802245563,0.4028393966282165,491.0,470.0,11.0,0.28139904610492844,0.2786624203821656,0.46153846153846156,0.2874966817095832,30.0,33.64916773367458,6.463592233009709,0.7649690295939435,0.3121488764044944,0.3377808988764045,0.17310393258426968,1.3877787807814457e-17,0.2636048246652899,0.34464973884160727,0.3875950742484606,0.3661934338952973,1.0788381742738589,1.1000726920281074,,,,
Least Squares MA,i008,D,False,3731.0,3733.0,0.4712581344902386,0.44773282650013574,1258.0,1239.0,65.0,0.5890302066772655,0.5996771589991929,1.0,0.5943131758109732,30.0,32.81899109792272,1.5248547449967722,0.36005089058524176,0.21669582604348914,0.2501272264631043,0.15394402035623408,1.3877787807814457e-17,0.3240378161768664,0.3547726427292907,0.4203150461705595,0.3864399891628285,1.1540449728612043,1.1441854010546764,,,,,3682.0,3683.0,0.454618046313548,0.38391906283280086,491.0,470.0,11.0,0.4705257567711099,0.49575371549893843,0.9411764705882353,0.48314308468277145,30.0,35.441634896897675,4.014267185473411,0.7866147146458858,0.2929318703750957,0.293952538912988,0.22505741260525644,-8.326672684688674e-17,0.2946998185780199,0.3451145185402242,0.3866214057507987,0.3636753281542995,1.0562770562770563,1.0486128785950624,,,,
Least Squares MA,i008,D,True,1455.0,1407.0,0.49325153374233127,0.44065387348969437,1258.0,1239.0,65.0,0.2233704292527822,0.2598870056497175,0.4632352941176471,0.24148978774529437,45.0,35.70281329923255,1.3914421553090333,0.38562091503267976,0.21196013289036544,0.23006535947712417,0.16666666666666666,0.0,0.2717302886191104,0.3441651787305722,0.4268041237113403,0.3821499668214997,1.1465378421900159,1.1650683533972659,,,,,1386.0,1223.0,0.47228070175438597,0.42518397383483236,491.0,470.0,11.0,0.1980881571959639,0.19532908704883228,0.4307692307692308,0.19670825590655694,60.0,37.23662330903012,3.990936555891239,0.7857596948506039,0.2680763983628922,0.30218281036834926,0.22987721691678034,-2.7755575615628914e-17,0.22922837977850233,0.3413152709811221,0.3813333333333333,0.36655764513491407,1.1248437716983752,1.1211573236889691,,,,
Smoothed MA,i009,D,False,3699.0,3701.0,0.4849773996277586,0.48432518597236984,1258.0,1239.0,65.0,0.5445151033386327,0.579499596448749,0.9846153846153847,0.5618742490989187,45.0,33.95509088748948,1.713019768234492,0.4151624548736462,0.22073233625580196,0.21995874161939144,0.14388860237235687,1.3877787807814457e-17,0.3184391720262068,0.34841321835874656,0.4229859080031907,0.3837586685159501,1.1465568721123927,1.2416987365051257,,,,,3602.0,3605.0,0.459033893781692,0.4222342439816067,491.0,470.0,11.0,0.4306956983536909,0.4745222929936306,0.9411764705882353,0.4526148128484205,45.0,36.48648648648648,4.016949152542373,0.8171963537817196,0.27768640350877194,0.2722039473684211,0.22889254385964913,-2.7755575615628914e-17,0.29217053788704667,0.3402631184610227,0.3900186816119562,0.3669055991344333,1.1174839278961304,1.1507980389988572,,,,
Smoothed MA,i009,D,True,1484.0,1386.0,0.4844838505383154,0.45021645021645024,1258.0,1239.0,65.0,0.2066744730679157,0.24051654560129138,0.45588235294117646,0.22228739002932552,45.0,33.16605989045226,1.450261780104712,0.42947903430749684,0.2312579415501906,0.210292249047014,0.1289707750952986,-4.163336342344337e-17,0.2630742441862895,0.3376553327211201,0.42654986522911054,0.38009002770083106,1.1741249446167477,1.2150493421052633,,,,,1364.0,1190.0,0.4528301886792453,0.4184873949579832,491.0,470.0,11.0,0.18481147105682422,0.18630573248407642,0.4153846153846154,0.1855588001061853,60.0,35.96955750249514,3.806153846153846,0.8025099075297226,0.30007283321194467,0.2753095411507647,0.1937363437727604,-5.551115123125783e-17,0.22478567096469937,0.33489189139387504,0.3896685472496474,0.3620588235294117,1.0616113744075828,1.1552346570397112,,,,
Adaptive MA,i010,D,False,3189.0,3190.0,0.48863272494396415,0.48768,1258.0,1239.0,65.0,0.5206677265500795,0.5512510088781275,0.9692307692307692,0.5358430116139368,45.0,35.25766470971932,1.4218415417558887,0.3927786499215071,0.20915619389587073,0.2335949764521193,0.1620094191522763,4.85722573273506e-17,0.3149067615324493,0.3524236892280877,0.4269490484960098,0.383856,1.1676514032496308,1.2402690650744463,,,,,3123.0,3125.0,0.4717791411042945,0.41976066277999385,491.0,470.0,11.0,0.4142326075411577,0.45063694267515925,0.9117647058823529,0.43243960711441465,45.0,38.16761026209508,3.535904255319149,0.7934508816120907,0.26360225140712945,0.26704190118824267,0.2607879924953096,-4.163336342344337e-17,0.2837369116272976,0.345703765697607,0.39092024539877307,0.36571034059527463,1.132997843278217,1.1477954440575575,,,,
Adaptive MA,i010,D,True,1264.0,1170.0,0.4841040462427746,0.4564102564102564,1258.0,1239.0,65.0,0.18521462639109698,0.22760290556900725,0.4632352941176471,0.20624749699639566,45.0,34.3034453242028,1.2236598890942698,0.40610687022900765,0.21603053435114503,0.23740458015267177,0.14045801526717558,2.7755575615628914e-17,0.2590627516938569,0.33882672388973195,0.42987271280827366,0.387629276054097,1.200458565345562,1.2541099107562237,,,,,1185.0,1014.0,0.4638027048528242,0.43096646942800787,491.0,470.0,11.0,0.18056293149229952,0.18418259023354563,0.4,0.1823732413060791,75.0,36.386285655758435,3.350609756097561,0.7901990811638591,0.28455941794664513,0.28860145513338725,0.22150363783346808,-1.3877787807814457e-17,0.21950471102179944,0.33745256509891547,0.3929588607594936,0.36341222879684426,1.078930322938836,1.1520587917432183,,,,
Multi-Timeframe MA,i011,D,False,1248.0,1248.0,0.5040064102564102,0.4807692307692308,1258.0,1239.0,65.0,0.26788553259141495,0.2639225181598063,0.8014705882352942,0.26591910292350823,90.0,40.82568807339471,0.7963483146067416,0.4277821625887924,0.16179952644041043,0.2138910812943962,0.19652722967640096,2.7755575615628914e-17,0.262330381817446,0.34165396958079536,0.42023237179487183,0.38582978723404254,1.2179756404871902,1.2315270935960594,,,,,1176.0,1175.0,0.48984375,0.44630071599045346,491.0,470.0,11.0,0.19224641529474243,0.19798301486199577,0.5882352941176471,0.19511547650650385,150.0,42.57322175732239,1.6985446985446986,0.8210689388071263,0.2202797202797203,0.2910839160839161,0.29895104895104896,-5.551115123125783e-17,0.22276690863278648,0.33835426620668224,0.3956640625,0.35964403973509934,1.1605887316021373,1.2013585638039788,,,,
Multi-Timeframe MA,i011,D,True,519.0,453.0,0.448512585812357,0.46799116997792495,1258.0,1239.0,65.0,0.08982511923688394,0.09200968523002422,0.2967032967032967,0.09090909090909091,60.0,36.770499964440454,0.7663934426229508,0.43738656987295826,0.18874773139745918,0.21052631578947367,0.16333938294010888,0.0,0.23401230710918539,0.3358290925255912,0.4234892787524367,0.37715517241379304,1.1244979919678715,1.2087504634779387,,,,,437.0,365.0,0.4346978557504873,0.4251101321585903,491.0,470.0,11.0,0.07010090281465746,0.0737791932059448,0.23529411764705882,0.07194053623573135,120.0,38.66790009250699,1.6363636363636365,0.845360824742268,0.25,0.3146551724137931,0.2629310344827586,-5.551115123125783e-17,0.19049305630153043,0.33473029141450567,0.3930635838150288,0.3636150234741784,1.0264672036823934,1.083356721863598,,,,
WMA,i012,D,False,5097.0,5098.0,0.47845084409136046,0.4630305358171692,1258.0,1239.0,65.0,0.6526232114467408,0.7013720742534302,1.0,0.6768121746095315,30.0,31.57976052529947,2.196011396011396,0.37886268056317424,0.23739956172388604,0.24282318522581825,0.12982263667946609,5.551115123125783e-17,0.3444126428288914,0.3580853769770748,0.4254611837048424,0.3841076037323804,1.1431281333273113,1.1841846758349703,,,,,5035.0,5037.0,0.4578128003075149,0.404276186739898,491.0,470.0,11.0,0.5459373340414233,0.5902335456475584,1.0,0.5680913193522698,30.0,34.077705533281964,5.2750885478158205,0.7906655142610198,0.3048547400611621,0.29281345565749234,0.20317278287461774,-2.7755575615628914e-17,0.3223499474087927,0.35018863228760716,0.3907072842590813,0.3674836924293338,1.074319689000686,1.0970935803257744,,,,
WMA,i012,D,True,2098.0,1964.0,0.4848351648351648,0.4465376782077393,1258.0,1239.0,65.0,0.2529274004683841,0.3143631436314363,0.5147058823529411,0.2843412094513416,30.0,32.79279279279277,1.8322056833558864,0.4016282225237449,0.24378109452736318,0.2265943012211669,0.127996381727725,0.0,0.2842560778759175,0.3437383065946162,0.4207816968541468,0.3844751108920651,1.1660316300433218,1.206779661016949,,,,,1942.0,1651.0,0.4642516682554814,0.4179285281647486,491.0,470.0,11.0,0.23898035050451408,0.24522292993630573,0.4461538461538462,0.24210246880807007,45.0,34.487199877752516,4.955145118733509,0.7841389019239794,0.3069156991418476,0.3099444724886421,0.17869762746087833,-6.938893903907228e-17,0.24282112417922289,0.3410389000735537,0.39012896825396826,0.3591762568140521,1.0983867755427206,1.1383696780893042,,,,
McGinley Dynamic,i013,D,False,2540.0,2544.0,0.4905349794238683,0.4932406334492082,1258.0,1239.0,65.0,0.43402225755166934,0.4600484261501211,0.9485294117647058,0.446936323588306,60.0,37.063453025085494,1.2710280373831775,0.43527571372702384,0.18341806804849434,0.21314039890496675,0.167774736018772,-2.7755575615628914e-17,0.2948090463502589,0.3449831408475103,0.4278543307086613,0.38832716810521994,1.1575799401886362,1.2661511598902468,,,,,2430.0,2433.0,0.4748840803709428,0.43793638479441427,491.0,470.0,11.0,0.33297928836962293,0.35403397027600847,0.9117647058823529,0.3435094239447836,75.0,38.71951219512182,2.959881129271917,0.8367716250452407,0.23983739837398374,0.2646341463414634,0.2654471544715447,-5.551115123125783e-17,0.2637253912282013,0.33492289045200413,0.386920401854714,0.3623958746529155,1.134006734006734,1.1996599723727552,,,,
McGinley Dynamic,i013,D,True,1003.0,936.0,0.49019607843137253,0.4693181818181818,1258.0,1239.0,65.0,0.15398126463700235,0.18724778046811946,0.4411764705882353,0.17008797653958943,45.0,33.2865914366496,1.1283783783783783,0.4502868068833652,0.2045889101338432,0.20650095602294455,0.13862332695984703,2.7755575615628914e-17,0.24959069708808088,0.3361277782179728,0.4247258225324028,0.3844188376753507,1.187663355985363,1.2331502745881178,,,,,885.0,826.0,0.46161515453639085,0.4261501210653753,491.0,470.0,11.0,0.1417950079660117,0.14384288747346072,0.38461538461538464,0.14281921953809398,90.0,35.60411311053969,2.7314487632508833,0.8235877106045589,0.2762312633832976,0.2955032119914347,0.20877944325481798,-2.7755575615628914e-17,0.20863271350317622,0.3320470317047406,0.3876160990712074,0.36319612590799033,1.084028223220013,1.1601241062997436,,,,
Guppy MMA,i014,D,False,855.0,814.0,0.5027382256297919,0.5170731707317073,1258.0,1239.0,65.0,0.22575516693163752,0.22760290556900725,0.7538461538461538,0.22667200640768922,150.0,43.60554699537808,0.3821138211382114,0.40973871733966744,0.12945368171021376,0.26247030878859856,0.19833729216152018,5.551115123125783e-17,0.24736324758213402,0.33861212450301964,0.4232201533406353,0.37853598014888334,1.1878881987577639,1.2802520406701992,,,,,797.0,806.0,0.49005847953216375,0.4594594594594595,491.0,470.0,11.0,0.17047265002655337,0.1751592356687898,0.5588235294117647,0.17281656490576056,240.0,45.77362292879534,1.2456575682382134,0.8064876957494407,0.21268163804491413,0.3062200956937799,0.2813738441215324,-5.551115123125783e-17,0.20385439132172192,0.3349597355466802,0.38923976608187144,0.36573170731707316,1.147945205479452,1.2550860719874806,,,,
Guppy MMA,i014,D,True,426.0,405.0,0.49682875264270615,0.49318801089918257,1258.0,1239.0,65.0,0.10492845786963434,0.11339600470035252,0.3956043956043956,0.10692831397677213,127.5,40.2442716552475,0.4006849315068493,0.4068965517241379,0.12183908045977011,0.25517241379310346,0.2160919540229885,0.0,0.23463654567664902,0.3361101746966895,0.4122065727699531,0.39045977011494254,1.2228260869565217,1.3397483345669874,,,,,387.0,348.0,0.4859154929577465,0.4666666666666667,491.0,470.0,11.0,0.08550185873605948,0.09447983014861996,0.29411764705882354,0.08999203610299973,225.0,43.50705264884359,1.1801801801801801,0.7915690866510539,0.23097112860892388,0.33070866141732286,0.2440944881889764,-1.1102230246251565e-16,0.18800199628603698,0.33489708149294123,0.3932624113475177,0.3681198910081744,1.125209480488389,1.190176322418136,,,,
MA Cross,i015,D,False,1132.0,1135.0,0.4891020052310375,0.46240276577355227,1258.0,1239.0,65.0,0.3251192368839428,0.3042776432606941,0.9264705882352942,0.3147777332799359,150.0,40.54969699861619,0.41086186540731995,0.3887959866220736,0.11036789297658862,0.3377926421404682,0.16220735785953178,2.7755575615628914e-17,0.25276612150462924,0.33700876482797,0.4235930735930736,0.3876007162041182,1.1622064445658111,1.1932493463275493,,,,,1106.0,1107.0,0.45671378091872794,0.4372822299651568,491.0,470.0,11.0,0.2177376526818906,0.22452229299363058,0.7941176470588235,0.2211308733740377,150.0,42.89536436134137,1.1974637681159421,0.8060064935064936,0.1358974358974359,0.41367521367521365,0.23846153846153847,-4.163336342344337e-17,0.2097784809370817,0.335483455540442,0.3863074204946996,0.3664634146341464,1.1434977578475336,1.1889687734735488,,,,
MA Cross,i015,D,True,452.0,413.0,0.5176211453744494,0.47435897435897434,1258.0,1239.0,65.0,0.12798092209856915,0.11380145278450363,0.4117647058823529,0.12094513416099319,150.0,41.12554112554104,0.3569230769230769,0.4079822616407982,0.11086474501108648,0.30598669623059865,0.17516629711751663,2.7755575615628914e-17,0.23223277868111206,0.3349353075183949,0.4178414096916299,0.38329297820823244,1.2387981022667371,1.2047244094488188,,,,,406.0,348.0,0.46808510638297873,0.43825665859564167,491.0,470.0,11.0,0.08815719596388741,0.08545647558386411,0.35384615384615387,0.08680647730289355,165.0,43.87966804979236,1.1528384279475983,0.8141176470588235,0.13539192399049882,0.4251781472684085,0.24228028503562946,0.0,0.1867971747579905,0.3341560173666451,0.3878250591016549,0.3649425287356322,1.135283820955239,1.1433986102337335,,,,
EMA Cross,i016,D,False,954.0,955.0,0.5167714884696016,0.5122994652406417,1258.0,1239.0,65.0,0.287758346581876,0.27522195318805487,0.8970588235294118,0.2815378454144974,135.0,43.94768755399018,0.3381578947368421,0.4061784897025172,0.10068649885583524,0.25813221406086045,0.2299771167048055,-2.7755575615628914e-17,0.2543118966325452,0.3402383841410496,0.42242489270386274,0.38074866310160427,1.27254254508509,1.339882657934234,,,,,932.0,934.0,0.4948559670781893,0.4787018255578093,491.0,470.0,11.0,0.2012745618693574,0.208067940552017,0.7352941176470589,0.20467215290682242,150.0,45.09486293590929,1.0903732809430255,0.8507014028056112,0.14429530201342283,0.2751677852348993,0.3523489932885906,-5.551115123125783e-17,0.21317549547019723,0.3357231043267946,0.38328189300411525,0.3662303664921466,1.1572769953051643,1.300096405453794,,,,
EMA Cross,i016,D,True,345.0,313.0,0.5149700598802395,0.5143769968051118,1258.0,1239.0,65.0,0.09220985691573927,0.09929494712103408,0.35384615384615387,0.09411293552262716,127.5,42.322510366153686,0.32558139534883723,0.4307692307692308,0.12,0.23076923076923078,0.21846153846153846,0.0,0.231308139829692,0.33605856021429054,0.418695652173913,0.38130990415335464,1.2609970674486806,1.3489736070381233,,,,,334.0,277.0,0.4985507246376812,0.4729241877256318,491.0,470.0,11.0,0.07966011683483802,0.07855626326963906,0.29411764705882354,0.07910804353597027,150.0,44.70332048601603,0.9902912621359223,0.8802395209580839,0.14511041009463724,0.2807570977917981,0.35646687697160884,-5.551115123125783e-17,0.18722642569025993,0.3331288592296076,0.38850746268656716,0.3538338658146965,1.1416980585337584,1.3232323232323229,,,,
MA-EMA Cross,i017,D,False,2740.0,2741.0,0.463932625411937,0.43816125501641734,1258.0,1239.0,65.0,0.5349761526232114,0.5343018563357547,0.9705882352941176,0.5346415698838606,45.0,32.27862637329889,1.0257142857142858,0.3501513622603431,0.1585043017868961,0.32021527077026574,0.14833501513622604,-2.7755575615628914e-17,0.2961505850133579,0.3461656896460743,0.42518248175182477,0.3871611721611722,1.1218884120171675,1.1158080550006966,,,,,2731.0,2730.0,0.4506084466714388,0.3880760790051207,491.0,470.0,11.0,0.4073287307488051,0.4267515923566879,0.9090909090909091,0.4170427395805681,60.0,35.01724900245078,2.807377049180328,0.7660855784469097,0.23922633186291142,0.3844587716321683,0.1985069562266712,-6.938893903907228e-17,0.25946166676384363,0.34360775837556146,0.3927523264137437,0.36537763253449534,1.0624575695858793,1.05383392928089,,,,
MA-EMA Cross,i017,D,True,1092.0,1034.0,0.4819672131147541,0.43333333333333335,1258.0,1239.0,65.0,0.212241653418124,0.23163841807909605,0.4485294117647059,0.22186623948738488,60.0,35.177962610422284,0.8642611683848798,0.3711340206185567,0.15311418685121106,0.30927835051546393,0.16323024054982818,-2.7755575615628914e-17,0.2557247727080721,0.33970375261908975,0.4257890365448505,0.3905909090909091,1.1723398029844925,1.164162493043962,,,,,1046.0,912.0,0.46854460093896716,0.40789473684210525,491.0,470.0,11.0,0.17365905469994689,0.1740976645435244,0.4307692307692308,0.17387841783912927,75.0,38.00515907136706,2.675925925925926,0.7750653879686138,0.22030825022665457,0.3871260199456029,0.20761559383499548,-2.7755575615628914e-17,0.2107703524250146,0.33886728878416067,0.386338028169014,0.3643229166666666,1.0878815911193338,1.0651174049866863,,,,
SuperTrend,i018,D,False,493.0,492.0,0.5557809330628803,0.5452793834296724,1258.0,1239.0,65.0,0.1820349761526232,0.17998385794995964,0.6544117647058824,0.18101722066479775,165.0,49.95414246407866,0.07272727272727272,0.2590909090909091,0.07272727272727272,0.26157407407407407,0.3900226757369615,5.551115123125783e-17,0.244723994781143,0.3433686694053402,0.4250965250965251,0.3871951219512196,1.3079019073569482,1.3887454827052144,,,,,469.0,470.0,0.5208333333333334,0.48936170212765956,491.0,470.0,11.0,0.12267657992565056,0.131104033970276,0.47692307692307695,0.12689142553756305,195.0,52.22493021485366,0.3918269230769231,0.7327935222672065,0.07482993197278912,0.2789115646258503,0.5486111111111112,0.0,0.20126630900253992,0.34178879022237774,0.3917708333333333,0.36859344894026974,1.2475247524752475,1.2957746478873238,,,,
SuperTrend,i018,D,True,164.0,152.0,0.5426829268292683,0.5657894736842105,1258.0,1239.0,65.0,0.05961844197138315,0.05229142185663925,0.2967032967032967,0.0552663195835002,180.0,48.55919936833977,0.06358381502890173,0.2866666666666667,0.05925925925925926,0.23129251700680273,0.4,0.0,0.22675019597279766,0.3365127239899899,0.42042682926829267,0.3788961038961039,1.2952158693115516,1.5622161671207995,,,,,155.0,137.0,0.535031847133758,0.4861111111111111,491.0,470.0,11.0,0.04195432819968136,0.04617834394904458,0.18461538461538463,0.04406689673480223,225.0,50.29542097488918,0.4050632911392405,0.7253521126760564,0.08163265306122448,0.31851851851851853,0.5333333333333333,-5.551115123125783e-17,0.18057476276615622,0.336407165062031,0.3925806451612903,0.3621710526315789,1.2863705972434916,1.289134438305709,,,,
Ichimoku Cloud,i019,D,False,1175.0,1112.0,0.5262295081967213,0.49162011173184356,1258.0,1239.0,65.0,0.26788553259141495,0.24778046811945117,0.7272727272727273,0.2579094913896676,120.0,43.21601542485767,0.7337192474674384,0.3976660682226212,0.16666666666666666,0.21005385996409337,0.22172351885098743,2.7755575615628914e-17,0.2616439660114085,0.3430091692620636,0.4221276595744681,0.38496240601503756,1.2281205164992826,1.3037109375,,,,,1082.0,1064.0,0.49366018596787825,0.4712230215827338,491.0,470.0,11.0,0.186404673393521,0.18683651804670912,0.5882352941176471,0.18662065303955402,210.0,44.8851774530272,1.845291479820628,0.7816780821917808,0.2106280193236715,0.30821256038647343,0.3033816425120773,-2.7755575615628914e-17,0.2208547666393997,0.34141831693353386,0.3934065934065934,0.35966726618705036,1.2102650755095576,1.236126224156692,,,,
Ichimoku Cloud,i019,D,True,513.0,445.0,0.5167652859960552,0.48523206751054854,1258.0,1239.0,65.0,0.09538950715421304,0.10411622276029056,0.3230769230769231,0.09971966359631558,105.0,39.816711700068566,0.7851851851851852,0.3814229249011858,0.1801980198019802,0.21541501976284586,0.2134387351778656,0.0,0.23693861151720394,0.33767559505617384,0.4264132553606238,0.3850210970464135,1.2464046021093,1.2602739726027397,,,,,461.0,381.0,0.48598130841121495,0.4404494382022472,491.0,470.0,11.0,0.07912904938927244,0.08174097664543524,0.2727272727272727,0.08043535970268118,210.0,42.45703957865613,1.6839622641509433,0.82,0.21551724137931033,0.35344827586206895,0.2650862068965517,-6.938893903907228e-17,0.19190198110791137,0.33618487956710313,0.3899065420560748,0.36076115485564303,1.1702857142857142,1.1316397228637414,,,,
Parabolic SAR,i020,D,False,1817.0,1818.0,0.4831756046267087,0.4952731092436975,1258.0,1239.0,65.0,0.43243243243243246,0.46408393866020986,0.9632352941176471,0.44813776531838206,60.0,37.73880013406305,0.5639288738357324,0.3413068844807468,0.1254773595199127,0.3080513418903151,0.20245040840140024,-2.7755575615628914e-17,0.279539024935168,0.34623882497880154,0.4263962375073486,0.3857668067226891,1.1388391010616297,1.2644543277454667,,,,,1701.0,1703.0,0.46748193440800445,0.4213421342134213,491.0,470.0,11.0,0.32342007434944237,0.34447983014861994,0.8823529411764706,0.3339527475444651,60.0,40.199009900990035,1.8442503639010188,0.7711442786069652,0.15329218106995884,0.37037037037037035,0.29835390946502055,-5.551115123125783e-17,0.24574341510149286,0.3446926847490777,0.3930239021678711,0.36453862660944203,1.1014938770276335,1.1410695665127364,,,,
Parabolic SAR,i020,D,True,697.0,607.0,0.4891304347826087,0.5213204951856947,1258.0,1239.0,65.0,0.16295707472178061,0.18563357546408393,0.4485294117647059,0.17420905086103325,75.0,39.77163980964377,0.4458874458874459,0.3652892561983471,0.11764705882352941,0.2909090909090909,0.19834710743801653,-5.551115123125783e-17,0.24273302481816714,0.33899442942682745,0.4246894409937888,0.38387372013651877,1.2227342549923197,1.3414634146341462,,,,,644.0,565.0,0.48717948717948717,0.4424778761061947,491.0,470.0,11.0,0.12798725438130643,0.13853503184713375,0.4117647058823529,0.1332625431377754,105.0,42.346616541353455,1.795774647887324,0.7767857142857143,0.14949201741654572,0.3802612481857765,0.2844702467343977,-5.551115123125783e-17,0.20070645544195606,0.3380885241966451,0.38734472049689445,0.3636738056013179,1.1138795251355709,1.201634222542658,,,,
Directional Movement,i021,D,False,1688.0,1689.0,0.4988358556461001,0.48016577856719955,1258.0,1239.0,65.0,0.3386327503974563,0.36077481840193704,0.9076923076923077,0.3496195434521426,90.0,39.28958773394924,0.8208154506437768,0.4219128329297821,0.13619854721549637,0.2669491525423729,0.17493946731234866,9.71445146547012e-17,0.26927485913231347,0.33867489262786665,0.4241421568627451,0.388539119804401,1.1600693441201964,1.249115079052938,,,,,1632.0,1636.0,0.48187995469988676,0.43067345783814376,491.0,470.0,11.0,0.25597450876261285,0.2770700636942675,0.8181818181818182,0.2665250862755508,120.0,40.37725550632517,2.1802721088435373,0.8355023425299323,0.176,0.35446153846153844,0.24184615384615385,-5.551115123125783e-17,0.23240399681437066,0.3338847980196931,0.3884182464454976,0.3624053581828771,1.1301460823373173,1.1686117936117937,,,,
Directional Movement,i021,D,True,648.0,585.0,0.4937106918238994,0.45729537366548045,1258.0,1239.0,65.0,0.12177985948477751,0.12925969447708577,0.4117647058823529,0.12551319648093842,75.0,36.882800608828006,0.7818181818181819,0.44631901840490795,0.15503875968992248,0.2331288343558282,0.1579754601226994,0.0,0.23761772460777483,0.33495705820894117,0.42299382716049383,0.3738362760834671,1.218562874251497,1.2088535754824064,,,,,588.0,489.0,0.4645061728395062,0.43558282208588955,491.0,470.0,11.0,0.10727562400424855,0.10509554140127389,0.35294117647058826,0.10618529333687285,120.0,38.85808778154892,2.0,0.836940836940837,0.2097053726169844,0.34488734835355284,0.21490467937608318,-4.85722573273506e-17,0.19457003240332152,0.3324135298801867,0.3871855345911949,0.36032719836400817,1.0624169986719785,1.1558353946480775,,,,
Vortex,i022,D,False,2196.0,2196.0,0.4848901098901099,0.4660574412532637,1258.0,1239.0,65.0,0.4379968203497615,0.4358353510895884,0.9846153846153847,0.4369243091710052,90.0,36.712749615975,1.0623376623376624,0.4035014589412255,0.13123135918193438,0.3251354731137974,0.13714047519799916,-2.0816681711721685e-17,0.27657780947333466,0.33715597198946007,0.42609830361026535,0.38342503438789544,1.1504695794201714,1.1923076923076925,,,,,2126.0,2128.0,0.4512750455373406,0.417597141581063,491.0,470.0,11.0,0.3096123207647371,0.33067940552016983,0.8529411764705882,0.3201486594106716,105.0,39.31623931623933,2.602760736196319,0.8133333333333334,0.14529540481400438,0.4262582056892779,0.20525164113785557,-8.326672684688674e-17,0.2413929804533287,0.3329788608964956,0.38825136612021866,0.3625725770433229,1.1066825405041671,1.151761517615176,,,,
Vortex,i022,D,True,880.0,853.0,0.4923413566739606,0.4484304932735426,1258.0,1239.0,65.0,0.16216216216216217,0.17675544794188863,0.4411764705882353,0.16940328394072887,105.0,38.16261458748519,0.9155555555555556,0.41966173361522197,0.13497652582159625,0.313953488372093,0.13107822410147993,1.3877787807814457e-17,0.24281616920696816,0.335917246399635,0.4213636363636364,0.3852713178294574,1.2211701869385774,1.20309534238575,,,,,792.0,669.0,0.47123623011015914,0.42907385697538103,491.0,470.0,11.0,0.13170472650026555,0.131104033970276,0.4153846153846154,0.13140430050438015,135.0,39.14691943127964,2.5522388059701493,0.8096304591265397,0.15005727376861397,0.43309859154929575,0.1983568075117371,-5.551115123125783e-17,0.2015948259097481,0.3323306093739791,0.38531211750306005,0.3601644245142003,1.1115227862171173,1.0964649490713003,,,,
Williams Alligator,i023,D,False,1189.0,1144.0,0.46804979253112033,0.4493617021276596,1258.0,1239.0,65.0,0.2742448330683625,0.2639225181598063,0.8897058823529411,0.26912294753704447,165.0,39.65014577259449,0.6151724137931035,0.390527950310559,0.11691348402182385,0.38509316770186336,0.1048136645962733,4.163336342344337e-17,0.2477200532027105,0.33284556577453017,0.42530612244897964,0.38576512455516015,1.11983032873807,1.1527125859622311,,,,,1156.0,1124.0,0.4499579478553406,0.41370106761565834,491.0,470.0,11.0,0.19437068507700478,0.18205944798301485,0.7058823529411765,0.18821343243960711,225.0,43.18181818181789,1.6790123456790123,0.8073322932917316,0.15773115773115773,0.49259547934528447,0.1561771561771562,-4.163336342344337e-17,0.20230628998684083,0.3324742222520579,0.3945332211942809,0.3635195035460993,1.0908013042189506,1.0724169741697416,,,,
Williams Alligator,i023,D,True,574.0,511.0,0.45265151515151514,0.4515366430260047,1258.0,1239.0,65.0,0.12162162162162163,0.12590799031476999,0.4175824175824176,0.12374849819783741,150.0,38.90832240282583,0.5299401197604791,0.39279869067103107,0.11947626841243862,0.3878887070376432,0.09983633387888707,0.0,0.23256385959481754,0.33362221509682827,0.42700348432055746,0.3885518590998043,1.0782934833567746,1.1781140861466823,,,,,526.0,423.0,0.4355400696864111,0.4376163873370577,491.0,470.0,11.0,0.09293680297397769,0.09182590233545647,0.35294117647058826,0.09238120520307937,225.0,42.28456913827658,1.5080645161290323,0.8120437956204379,0.14715719063545152,0.5083612040133779,0.15551839464882944,-8.326672684688674e-17,0.18652545016925495,0.3335480337398861,0.387310606060606,0.3644208037825059,1.0199918400652794,1.124670973917205,,,,
Williams Fractal,i024,D,False,2180.0,2089.0,0.5317247542448614,0.5276073619631901,1258.0,1239.0,65.0,0.3934817170111288,0.4075867635189669,0.9340659340659341,0.4004805766920304,105.0,42.93083093881143,1.5623818525519848,0.3313343328335832,0.08704253214638971,0.2303848075962019,0.3343328335832084,1.1102230246251565e-16,0.31559276300574995,0.3657406094753351,0.4217895224849328,0.3872412132883968,1.283582089552239,1.3564649700779787,,,,,2138.0,2074.0,0.5206305053314789,0.4684065934065934,491.0,470.0,11.0,0.29952203929899096,0.30095541401273884,0.8235294117647058,0.300238916910008,120.0,46.95652173913005,3.5523349436392913,0.7858759619737438,0.12212570260602963,0.25469831849653807,0.4690853346959632,-2.7755575615628914e-17,0.2811514139327949,0.3639077930968153,0.38840037418147805,0.36328351012536164,1.2343372169707627,1.2656192007917855,,,,
Williams Fractal,i024,D,True,904.0,829.0,0.5508849557522124,0.5295774647887324,1258.0,1239.0,65.0,0.16136724960254373,0.18966908797417273,0.46153846153846156,0.17541049259110933,120.0,44.81952496727119,1.3053763440860215,0.3156626506024096,0.08706467661691543,0.22650602409638554,0.344578313253012,5.551115123125783e-17,0.2658598345100887,0.3493058091513613,0.4219755826859045,0.39095982142857144,1.3283810356128467,1.4118434258949482,,,,,892.0,710.0,0.5183129855715871,0.5121359223300971,491.0,470.0,11.0,0.14710568242166755,0.13800424628450106,0.4117647058823529,0.14255375630475178,165.0,49.66666666666655,3.2837837837837838,0.749112426035503,0.1175,0.27114427860696516,0.475,-2.7755575615628914e-17,0.22224039687177935,0.3479114920387907,0.39153587443946186,0.36274271844660194,1.2106747667606856,1.2911883107201434,,,,
Aroon,i025,D,False,1528.0,1524.0,0.47815072830905636,0.4632352941176471,1258.0,1239.0,65.0,0.39666136724960255,0.3930589184826473,0.967032967032967,0.394873848618342,120.0,38.66880799428995,0.5719733079122974,0.37965260545905705,0.09739454094292804,0.3616625310173697,0.1606699751861042,-2.7755575615628914e-17,0.2636806582593344,0.3388088364357101,0.42437937619350735,0.38450031826861875,1.171423857449266,1.2010398613518196,,,,,1494.0,1496.0,0.4645203679369251,0.42002518891687657,491.0,470.0,11.0,0.27349973446627723,0.27123142250530785,0.8823529411764706,0.27236527740907884,135.0,42.405587022584804,1.7272727272727273,0.7977077363896848,0.12539382482671707,0.43856332703213613,0.240705734089477,-6.938893903907228e-17,0.2224171735614392,0.3372543125847735,0.3927398160315374,0.36687657430730475,1.0999417249417252,1.1448678338482665,,,,
Aroon,i025,D,True,619.0,551.0,0.498220640569395,0.4486607142857143,1258.0,1239.0,65.0,0.1589825119236884,0.14850686037126715,0.4411764705882353,0.1537845414497397,135.0,40.66125290023194,0.4632352941176471,0.3974151857835218,0.0888529886914378,0.36348949919224555,0.15024232633279483,0.0,0.23683163284691744,0.33588441505653105,0.4122775800711744,0.39428312159709616,1.2084592145015105,1.1976355692624003,,,,,562.0,448.0,0.48677248677248675,0.44283121597096187,491.0,470.0,11.0,0.11630377057886351,0.1035031847133758,0.36923076923076925,0.10990177860366339,165.0,42.95135135135135,1.6589147286821706,0.7973856209150327,0.11683848797250859,0.42783505154639173,0.25257731958762886,-5.551115123125783e-17,0.19213905265555542,0.335084893109357,0.38641975308641974,0.3655133928571429,1.1728605523354927,1.1231300345224395,,,,
Trend Strength Index,i026,D,False,1567.0,1566.0,0.5047923322683706,0.47573435504469985,1258.0,1239.0,65.0,0.41255961844197137,0.4019370460048426,0.9705882352941176,0.40728874649579494,105.0,38.34626705913826,0.6024096385542169,0.4009809932556714,0.11833231146535868,0.3108522378908645,0.16983445738810546,-2.7755575615628914e-17,0.2693377902705288,0.3403675132210627,0.4284083898827884,0.38607918263090674,1.183670530635755,1.2322196493549455,,,,,1543.0,1544.0,0.47479259731971923,0.43453865336658354,491.0,470.0,11.0,0.2835900159320234,0.2892781316348195,0.9411764705882353,0.2864348287762145,105.0,41.08270921523933,1.722397476340694,0.8099885189437428,0.14849624060150377,0.37531328320802004,0.2650375939849624,-5.551115123125783e-17,0.2293558053087267,0.33880897321366726,0.391576260370134,0.3600374064837905,1.1148158886633808,1.206926406926407,,,,
Trend Strength Index,i026,D,True,619.0,580.0,0.5076452599388379,0.4857685009487666,1258.0,1239.0,65.0,0.14626391096979333,0.1493139628732849,0.4338235294117647,0.14777733279935923,120.0,39.321887925002194,0.5306122448979592,0.4203125,0.1234375,0.2953125,0.1609375,5.551115123125783e-17,0.2380049663936219,0.3361693629664697,0.4193861066235864,0.3812602291325696,1.2024995777740248,1.2897526501766785,,,,,564.0,456.0,0.4798061389337641,0.4554794520547945,491.0,470.0,11.0,0.11736590546999469,0.11146496815286625,0.35384615384615387,0.11441465357048049,135.0,42.331288343558256,1.633587786259542,0.8180300500834724,0.14189189189189189,0.3647469458987784,0.268760907504363,-5.551115123125783e-17,0.19483769288828146,0.335078341711505,0.3947952218430034,0.3604364326375712,1.1440677966101696,1.1715481171548117,,,,
Zig Zag,i027,D,False,1281.0,1280.0,0.538558786346397,0.5340909090909091,1258.0,1239.0,65.0,0.5364238410596026,0.5246166263115416,0.5808823529411765,0.5327783558792925,60.0,43.47106486186203,0.0,0.07802013422818792,0.07220708446866485,0.4400494437577256,0.3699664429530201,0.0,0.30680495539590735,0.3654419133093311,0.43220802919708035,0.38527177089421394,1.2514651519249842,1.3880461165048543,,,,,548.0,549.0,0.519298245614035,0.5197264597580221,491.0,470.0,11.0,0.5187353629976581,0.5201698513800425,0.4411764705882353,0.5237589593841253,105.0,43.72693726937265,0.0,0.2885375494071146,0.0834363411619283,0.5419426048565121,0.44932014833127315,0.0,0.2627501445764032,0.36367635235500334,0.3861506055818852,0.35631313131313136,1.2136752136752136,1.2717209422062046,,,,
Zig Zag,i027,D,True,406.0,578.0,0.5394088669950738,0.5315568022440392,1258.0,1239.0,65.0,0.17515274949083504,0.2170212765957447,0.2647058823529412,0.20104124949939928,60.0,42.857142857143124,0.0,0.07725321888412018,0.07168458781362007,0.44518272425249167,0.3773049645390071,0.0,0.24850741528372758,0.3460886570549518,0.41977401129943503,0.38891156462585036,1.3139969237530214,1.4028336540143431,,,,,177.0,224.0,0.527336860670194,0.5127388535031847,491.0,470.0,11.0,0.16772655007949125,0.19798301486199577,0.24615384615384617,0.19156061620897522,135.0,43.99290150842929,0.0,0.2727272727272727,0.0944206008583691,0.5219858156028369,0.45514950166112955,-5.551115123125783e-17,0.20851642477081445,0.3445356695489888,0.3908863920099875,0.3635350318471337,1.2231404958677687,1.2983898595409384,,,,
Linear Regression Curve,i028,D,False,6655.0,6657.0,0.44740785136350014,0.42354533152909335,1258.0,1239.0,65.0,0.7368839427662957,0.7433414043583535,1.0,0.7400881057268722,15.0,26.54677799186487,2.6121275483533717,0.34492908750334494,0.23436041083099907,0.2881990901792882,0.12055124431362055,0.00012766500702154904,0.35309931365669217,0.3633931331295313,0.42147368421052633,0.38492647058823526,1.0739260739260739,1.0801794547336938,,,,,6502.0,6498.0,0.428099173553719,0.3791192330736968,491.0,470.0,11.0,0.6319702602230484,0.6518046709129511,0.9926470588235294,0.6418900982213963,15.0,30.52584168449518,6.519294377067255,0.7626707519468914,0.2919113721302723,0.36292044847837696,0.1777896422851041,-5.551115123125783e-17,0.3410950433945899,0.3564252540344785,0.39015026296018035,0.3664994008388256,1.039802207751506,1.0344334321038113,,,,
Linear Regression Curve,i028,D,True,2732.0,2651.0,0.45529988683515654,0.4152715394038383,1258.0,1239.0,65.0,0.2893481717011129,0.3384253819036428,0.5073529411764706,0.3239887865438526,15.0,29.142857142857213,2.2467222884386175,0.3633419689119171,0.23121761658031087,0.282059585492228,0.12338082901554404,0.0,0.29892356304697876,0.3478312118595798,0.42203513909224,0.3867927927927927,1.132645111024542,1.127556959920173,,,,,2635.0,2234.0,0.4381405563689605,0.38630259623992835,491.0,470.0,11.0,0.281615925058548,0.27123142250530785,0.46153846153846156,0.28006371117600215,30.0,32.341991341991374,6.322738386308068,0.7487249234954098,0.27839568587799124,0.3724300640377486,0.18099089989888775,-2.7755575615628914e-17,0.26253054368067125,0.34728469626406744,0.3896774193548388,0.3650179051029544,1.038161318300087,1.0563278656982058,,,,
Linear Regression Slope,i029,D,False,1567.0,1566.0,0.5047923322683706,0.47573435504469985,1258.0,1239.0,65.0,0.41255961844197137,0.4019370460048426,0.9705882352941176,0.40728874649579494,105.0,38.34626705913826,0.6024096385542169,0.4009809932556714,0.11833231146535868,0.3108522378908645,0.16983445738810546,-2.7755575615628914e-17,0.2693377902705288,0.3403675132210627,0.42341147439851945,0.3868773946360153,1.1976396882057259,1.229677312866221,,,,,1543.0,1544.0,0.47479259731971923,0.43453865336658354,491.0,470.0,11.0,0.2835900159320234,0.2892781316348195,0.9411764705882353,0.2864348287762145,105.0,41.08270921523933,1.722397476340694,0.8099885189437428,0.14849624060150377,0.37531328320802004,0.2650375939849624,-5.551115123125783e-17,0.2293558053087267,0.33880897321366726,0.3870134014039566,0.36088082901554414,1.125091441111924,1.1873935264054514,,,,
Linear Regression Slope,i029,D,True,619.0,580.0,0.5076452599388379,0.4857685009487666,1258.0,1239.0,65.0,0.14626391096979333,0.1493139628732849,0.4338235294117647,0.14777733279935923,120.0,39.321887925002194,0.5306122448979592,0.4203125,0.1234375,0.2953125,0.1609375,5.551115123125783e-17,0.2380049663936219,0.3361693629664697,0.4274636510500808,0.39091653027823237,1.209855564995752,1.2727653338915639,,,,,564.0,456.0,0.4798061389337641,0.4554794520547945,491.0,470.0,11.0,0.11736590546999469,0.11146496815286625,0.35384615384615387,0.11441465357048049,135.0,42.331288343558256,1.633587786259542,0.8180300500834724,0.14189189189189189,0.3647469458987784,0.268760907504363,-5.551115123125783e-17,0.19483769288828146,0.335078341711505,0.39453924914675764,0.3657495256166984,1.1224489795918366,1.1423663302555294,,,,
Keltner Channels,i030,D,False,817.0,824.0,0.5601552393272963,0.5351941747572816,1258.0,1239.0,65.0,0.16534181240063592,0.18159806295399517,0.5454545454545454,0.17340808970764918,195.0,56.156984912025855,1.0347826086956522,0.16899441340782123,0.0935754189944134,0.28444444444444444,0.41201117318435754,5.551115123125783e-17,0.2685881488991027,0.35399315885697114,0.4196026490066226,0.3869785082174463,1.3448694596235578,1.4178373080692583,,,,,755.0,704.0,0.5422276621787026,0.5298295454545454,491.0,470.0,11.0,0.1332979288369623,0.14225053078556263,0.4153846153846154,0.1377754181045925,315.0,57.69881556683585,2.261111111111111,0.5945578231292517,0.12148148148148148,0.3254189944134078,0.5403556771545828,-1.1102230246251565e-16,0.22303183772758187,0.35281932806341315,0.39036222509702456,0.3654733009708738,1.2973484848484849,1.362892426722214,,,,
Keltner Channels,i030,D,True,449.0,424.0,0.5545657015590201,0.5428571428571428,1258.0,1239.0,65.0,0.0945945945945946,0.11138014527845036,0.3235294117647059,0.10292350820985183,195.0,55.64941688990128,1.0037037037037038,0.13744075829383887,0.1066350710900474,0.26631853785900783,0.43601895734597157,0.0,0.24887960120085809,0.34601630027154884,0.4301569506726457,0.3929372197309417,1.3116591928251122,1.364647713226205,,,,,445.0,393.0,0.5258426966292135,0.531390134529148,491.0,470.0,11.0,0.08138173302107728,0.0870488322717622,0.2,0.08468277143615609,360.0,58.22580645161277,2.0972222222222223,0.5427807486631016,0.1462140992167102,0.31990521327014215,0.5261904761904762,-1.1102230246251565e-16,0.19971971092729288,0.3445075843176717,0.38819599109131403,0.3671428571428571,1.277039353661715,1.3523537803138372,,,,
Donchian Channels,i031,D,False,1532.0,1430.0,0.5518900343642612,0.5390813859790492,1258.0,1239.0,65.0,0.26391096979332274,0.2655367231638418,0.7279411764705882,0.2647176611934321,180.0,50.59543230016333,1.502121640735502,0.23739837398373984,0.04933437744714174,0.2698295033358043,0.4113821138211382,5.551115123125783e-17,0.2952471575544003,0.36637298441870003,0.4244861800141743,0.38351387948544347,1.3144116836594102,1.3948082138705928,,,,,1411.0,1241.0,0.5336640680368533,0.5146533238027162,491.0,470.0,11.0,0.2103027084439724,0.1947983014861996,0.5882352941176471,0.20254844704008496,225.0,53.59066427289054,3.43640350877193,0.6965966690803765,0.08048780487804878,0.29444009397024273,0.5337286879169756,0.0,0.2609598196888762,0.3627378999773265,0.39360824742268047,0.36276816608996537,1.25719478945774,1.3835180888545155,,,,
Donchian Channels,i031,D,True,710.0,626.0,0.5626450116009281,0.5463258785942492,1258.0,1239.0,65.0,0.12177985948477751,0.14043583535108958,0.4264705882352941,0.1301561874249099,195.0,52.93847814355094,1.2947976878612717,0.2120689655172414,0.06,0.2775862068965517,0.4241379310344828,0.0,0.25883308916723685,0.35016863586566754,0.42591463414634145,0.3815247252747253,1.346830985915493,1.4653465346534653,,,,,656.0,574.0,0.5228658536585366,0.5348432055749129,491.0,470.0,11.0,0.11046202867764206,0.10668789808917198,0.3230769230769231,0.10857446243695248,285.0,55.17351729926823,3.1593625498007967,0.6110210696920584,0.08620689655172414,0.32,0.5259026687598116,-1.1102230246251565e-16,0.2155217034871083,0.34891524247981787,0.38380177514792896,0.35669491525423724,1.2276306370794559,1.3542126157917955,,,,
Price Channel,i032,D,False,2521.0,2521.0,0.49826321883442687,0.502356637863315,1258.0,1239.0,65.0,0.5023847376788553,0.4915254237288136,0.9779411764705882,0.4969963956748098,60.0,38.14904938688031,1.1418711656441718,0.4088098918083462,0.17812982998454405,0.2275888717156105,0.18547140649149924,6.938893903907228e-18,0.3022947820877498,0.3495847948062356,0.42487456580470856,0.3853871098500203,1.1727301630558207,1.2727169789956405,,,,,2416.0,2423.0,0.46878680800942285,0.4343514478381595,491.0,470.0,11.0,0.3590015932023367,0.3821656050955414,0.9117647058823529,0.3705866737456862,60.0,39.59390862944167,2.803698435277383,0.8211920529801324,0.23036006546644844,0.27782324058919805,0.2692307692307692,-8.326672684688674e-17,0.2671965909758282,0.34113852661009236,0.39257950530035346,0.3644861741642592,1.1290248495705295,1.1709977542508823,,,,
Price Channel,i032,D,True,1011.0,945.0,0.5129682997118156,0.47724867724867726,1258.0,1239.0,65.0,0.17647058823529413,0.2032520325203252,0.4264705882352941,0.19062875450540648,60.0,37.86494327334331,1.0279441117764472,0.42829076620825146,0.19155206286836934,0.21709233791748528,0.16306483300589392,0.0,0.2540391481176991,0.33912584637109416,0.4225264169068204,0.3852911646586345,1.2140502444015004,1.2670107930549035,,,,,922.0,744.0,0.4817012858555885,0.4529569892473118,491.0,470.0,11.0,0.1449814126394052,0.15127388535031847,0.38461538461538464,0.14812848420493763,105.0,38.628244340547965,2.7670250896057347,0.8285714285714286,0.23561346362649294,0.2953311617806732,0.23887079261672095,-4.85722573273506e-17,0.21152689127436688,0.33576805502103807,0.38833682008368203,0.3624327956989247,1.1294063079777366,1.2361244346991915,,,,
MA Channel,i033,D,False,2563.0,2492.0,0.5285657211346384,0.5204654895666132,1258.0,1239.0,65.0,0.43481717011128773,0.4543987086359968,0.9558823529411765,0.44453344012815377,90.0,40.56297365571967,1.5585970915312233,0.4116172168825742,0.14876723777684914,0.21938988717091518,0.21980777267028834,0.0,0.3081696733561329,0.35438689940214196,0.4243308030363564,0.38509947218838814,1.2456454194520288,1.338883447600392,,,,,2503.0,2443.0,0.5028901734104047,0.45712037765538943,491.0,470.0,11.0,0.33616569304301647,0.3471337579617834,0.8529411764705882,0.3416511813113884,105.0,42.30463803575635,3.5954545454545452,0.8251222264009026,0.1976843910806175,0.23799313893653518,0.34176672384219553,-1.1102230246251565e-16,0.2790564873777864,0.3440099128959743,0.3866859344894026,0.36381498158002457,1.193505923650724,1.2480532731861873,,,,
MA Channel,i033,D,True,1048.0,987.0,0.5373514431239389,0.5075987841945289,1258.0,1239.0,65.0,0.16978922716627634,0.1977401129943503,0.4485294117647059,0.18221866239487386,90.0,41.104069345119875,1.3195020746887967,0.4124872057318321,0.15250767656090072,0.22289156626506024,0.20880245649948823,0.0,0.2599868190571026,0.34306036562603764,0.4249495967741935,0.3849137931034483,1.3280179394543417,1.3355000738661544,,,,,992.0,809.0,0.5050403225806451,0.4857849196538937,491.0,470.0,11.0,0.15082315454062667,0.15233545647558386,0.4117647058823529,0.15157950623838598,135.0,41.79357021996644,3.482876712328767,0.8199791883454735,0.21007502679528403,0.25187566988210075,0.31939978563772775,-5.551115123125783e-17,0.22085522151384593,0.3393477082824985,0.3866570327552986,0.357663782447466,1.1884711184912822,1.2792511700468019,,,,
Chande Kroll Stop,i034,D,False,3147.0,2982.0,0.5330604534005038,0.5385642737896494,1258.0,1239.0,65.0,0.44753577106518283,0.4608555286521388,0.9485294117647058,0.4541449739687625,105.0,41.621783585401595,2.284757118927973,0.39195979899497485,0.13603732950466618,0.2089016511127064,0.26310122038765255,2.7755575615628914e-17,0.3338736648689546,0.3659970373073978,0.42712531486146094,0.3839034205231388,1.253952676916367,1.4181318924664512,,,,,3096.0,2792.0,0.5083979328165374,0.4814077025232404,491.0,470.0,11.0,0.35422198619224643,0.363588110403397,0.8823529411764706,0.35890629147863023,120.0,44.06438954927844,5.259316770186335,0.8078673602080624,0.1694364161849711,0.26011560693641617,0.36307803468208094,-5.551115123125783e-17,0.30460772382087564,0.3642062616990158,0.39081072351421187,0.3632163323782235,1.2256549232158986,1.317642782498069,,,,
Chande Kroll Stop,i034,D,True,1383.0,1218.0,0.5469863901490603,0.5336617405582923,1258.0,1239.0,65.0,0.1931637519872814,0.21951219512195122,0.47058823529411764,0.2146575891069283,120.0,43.30060183718742,1.9168141592920354,0.3795379537953795,0.14108910891089108,0.22607260726072606,0.2533003300330033,0.0,0.27948143670213543,0.3514315071753973,0.42631959508315254,0.3878539493293592,1.3204292832502875,1.4202289184769914,,,,,1344.0,994.0,0.5126488095238095,0.5160965794768612,491.0,470.0,11.0,0.17740046838407494,0.17038216560509553,0.4461538461538462,0.17440934430581365,150.0,45.74049803407579,4.789137380191693,0.7753922378199835,0.17585931254996004,0.27848101265822783,0.36118143459915614,-5.551115123125783e-17,0.23684672725129705,0.34934285033701956,0.3882440476190476,0.3616197183098592,1.2418156404031488,1.3591516828031351,,,,
52-Week High/Low,i035,D,False,560.0,507.0,0.5588785046728972,0.5533980582524272,1258.0,1239.0,65.0,0.11446740858505565,0.11138014527845036,0.40441176470588236,0.11293552262715258,195.0,58.834327673244715,1.09,0.14822546972860126,0.05010438413361169,0.33992094861660077,0.430062630480167,0.0,0.25174993392234496,0.3478219007624208,0.41930783242258657,0.3831067961165048,1.353463587921847,1.4402618657937805,,,,,535.0,393.0,0.5214285714285715,0.5069033530571992,491.0,470.0,11.0,0.09612320764737121,0.08492569002123142,0.27692307692307694,0.0905229625696841,495.0,62.09674482738499,2.493087557603687,0.4897959183673469,0.1087962962962963,0.37160751565762007,0.5395256916996047,-1.1102230246251565e-16,0.20774946323078924,0.3473980032973696,0.3856074766355141,0.36489151873767256,1.2164132472401583,1.359537572254335,,,,
52-Week High/Low,i035,D,True,400.0,330.0,0.5561797752808989,0.5504087193460491,1258.0,1239.0,65.0,0.07669789227166277,0.08071025020177562,0.2867647058823529,0.07689227072486984,195.0,58.67346938775502,1.0490196078431373,0.10238907849829351,0.058997050147492625,0.34812286689419797,0.4402730375426621,0.0,0.24189494177135407,0.34375801589655636,0.429375,0.3904632152588555,1.3702623906705538,1.4096301465457086,,,,,356.0,262.0,0.5212765957446809,0.52,491.0,470.0,11.0,0.06797663303239511,0.05997876857749469,0.18461538461538463,0.06397663923546588,525.0,62.61052262489416,2.5165562913907285,0.42024539877300615,0.10921501706484642,0.3805309734513274,0.5227272727272727,-5.551115123125783e-17,0.1959560795424046,0.3429799673431983,0.38988764044943824,0.37,1.1893203883495145,1.2984557201386697,,,,
Majority Rule,i036,D,False,2429.0,2411.0,0.4779744750926307,0.46191848497324,1258.0,1239.0,65.0,0.4332273449920509,0.42534301856335754,0.9705882352941176,0.4293151782138566,75.0,36.26049961819593,1.3389232127096204,0.36590996537129666,0.17929973066564064,0.2835706040784917,0.17121969988457098,-5.551115123125783e-17,0.29707679352118,0.34791089592629826,0.4227037773359842,0.38600927096502313,1.1504091806979586,1.188758262273576,,,,,2331.0,2297.0,0.4624624624624625,0.43094151804230607,491.0,470.0,11.0,0.3069569835369092,0.3359872611464968,0.8823529411764706,0.32147597557738256,105.0,39.093071733658526,3.128482972136223,0.781439393939394,0.2147887323943662,0.3634585289514867,0.23865414710485133,-5.551115123125783e-17,0.2573892618436993,0.34537311206297816,0.38942513942513945,0.36538780588967235,1.1084061291708436,1.1769642295185145,,,,
Majority Rule,i036,D,True,1035.0,949.0,0.49010791366906475,0.45934959349593496,1258.0,1239.0,65.0,0.17329093799682035,0.18724778046811946,0.47058823529411764,0.1802162595114137,90.0,37.73771301555932,1.1911764705882353,0.39422180801491147,0.1602982292637465,0.2805219012115564,0.16495806150978565,0.0,0.2549515931429522,0.33999770094287807,0.41990338164251206,0.3896907216494846,1.1649451602598233,1.192123469930814,,,,,924.0,779.0,0.47053140096618357,0.4313222079589217,491.0,470.0,11.0,0.14391927774827404,0.14012738853503184,0.4,0.14202282983806744,135.0,40.000000000000306,2.872852233676976,0.7686939182452642,0.2200392927308448,0.3889980353634578,0.22083333333333333,-5.551115123125783e-17,0.2080840588388538,0.3381314839507923,0.38852813852813856,0.3618100128369705,1.1033505415527887,1.1740259740259742,,,,
ADX,i037,F,False,,,,,,,,,,,,,,,,,,,,,,,,,,0.4853872150030939,0.9099779357685708,0.8976391070493598,1.0054317269761803,,,,,,,,,,,,,,,,,,,,,,,,,,0.47745989432094066,0.6756151035322777,0.6664523809523809,1.0045320328756933
ADX,i037,F,True,,,,,,,,,,,,,,,,,,,,,,,,,,,,,,,,,,,,,,,,,,,,,,,,,,,,,,,,,,
MACD,i038,D,False,1665.0,1665.0,0.4991066110780226,0.48481238832638474,1258.0,1239.0,65.0,0.4189189189189189,0.4213075060532688,0.9705882352941176,0.4201041249499399,75.0,37.006847171532485,0.627927927927928,0.3563892145369285,0.15582089552238806,0.2608440797186401,0.20867526377491208,0.0,0.27975142684003845,0.346820109499644,0.42593805836807624,0.38666666666666666,1.1717821436062363,1.23352023033793,,,,,1647.0,1646.0,0.4741955069823922,0.4270959902794654,491.0,470.0,11.0,0.30430164630908124,0.3232484076433121,0.8529411764705882,0.31377754181045925,75.0,40.88798198705321,1.7251552795031055,0.7877280265339967,0.20421686746987952,0.3042168674698795,0.30120481927710846,-5.551115123125783e-17,0.24131816360895217,0.34387954176381647,0.39153104279686557,0.3669330965068088,1.1070947622085194,1.1631369953673065,,,,
MACD,i038,D,True,655.0,561.0,0.5182724252491694,0.5008912655971479,1258.0,1239.0,65.0,0.14626391096979333,0.15819209039548024,0.4338235294117647,0.15218261914297157,90.0,41.52668669021884,0.6157635467980296,0.39095315024232635,0.13989637305699482,0.2197092084006462,0.2310177705977383,-2.7755575615628914e-17,0.2440297992352333,0.3390473861261263,0.41885496183206106,0.3829768270944741,1.2120183330504157,1.3078892250407261,,,,,602.0,479.0,0.48244274809160304,0.46346555323590816,491.0,470.0,11.0,0.12214551248008497,0.12101910828025478,0.38235294117647056,0.12158216087071941,135.0,44.03508771929817,1.864,0.7909698996655519,0.1583198707592892,0.29360967184801384,0.3592400690846287,-1.1102230246251565e-16,0.2016553941213197,0.33878332887190715,0.3839700996677741,0.3633611691022964,1.1518133770730818,1.2754955472565357,,,,
RSI,i039,D,False,2520.0,2524.0,0.4936507936507937,0.49715678310316813,1258.0,1239.0,65.0,0.431637519872814,0.4632768361581921,0.9485294117647058,0.447336804164998,60.0,37.01442393933952,1.2580645161290323,0.4386867088607595,0.18473101265822786,0.2143987341772152,0.1617879746835443,0.0,0.2937172523249975,0.34421513229746853,0.4226190476190476,0.3856417546709992,1.168075117370892,1.2869301241394264,,,,,2459.0,2462.0,0.47045280122793554,0.43444530643910007,491.0,470.0,11.0,0.32819968135953265,0.3657112526539278,0.9117647058823529,0.346960445978232,75.0,39.057535697330536,2.943952802359882,0.8406374501992032,0.2376753507014028,0.26733466933867733,0.26693386773547095,-2.7755575615628914e-17,0.26481213806257475,0.33527234209791246,0.39029163468917877,0.36377036462373935,1.1383305096387197,1.1942844956280656,,,,
RSI,i039,D,True,1005.0,909.0,0.47935548841893255,0.4675467546754675,1258.0,1239.0,65.0,0.1563231850117096,0.18401937046004843,0.4411764705882353,0.1683284457478006,45.0,32.99629599618042,1.1146067415730336,0.45170731707317074,0.20390243902439023,0.20878048780487804,0.13560975609756099,4.163336342344337e-17,0.24928269739401998,0.33614730918846236,0.4240796019900498,0.38463488843813387,1.1900860303154444,1.249683784467493,,,,,921.0,811.0,0.4616915422885572,0.42663378545006164,491.0,470.0,11.0,0.1412639405204461,0.1454352441613588,0.38461538461538464,0.14335014600477833,75.0,35.90361445783157,2.7208480565371023,0.8336633663366336,0.27157894736842103,0.30105263157894735,0.2073684210526316,-2.7755575615628914e-17,0.20891940898834482,0.33200802967172754,0.3901309164149044,0.3654513888888889,1.0778697220454063,1.1575777852124456,,,,
Stochastic,i040,D,False,8625.0,8625.0,0.4453820367587562,0.423768115942029,1258.0,1239.0,65.0,0.7941176470588235,0.8200161420500404,1.0,0.8069683620344413,15.0,25.40895333329498,3.3514423076923077,0.33350649350649353,0.2368940101733624,0.29672727272727273,0.1148051948051948,0.00010248001639681648,0.36392279523423404,0.37264602440645694,0.4242086956521739,0.3846011560693641,1.0850552093582597,1.0810730870478276,,,,,8530.0,8528.0,0.4286878565607172,0.37263060564031436,491.0,470.0,11.0,0.7020711630377058,0.7388535031847133,0.9926470588235294,0.7204672152906823,15.0,28.84254619278879,8.320634920634921,0.7445726579307648,0.3004714080754253,0.37179749948759994,0.16632506661201066,-5.551115123125783e-17,0.3436605309716701,0.36810839233229836,0.3902957270927931,0.3664875173370319,1.035850147191268,1.016762066953656,,,,
Stochastic,i040,D,True,3589.0,3425.0,0.45700961818711744,0.4113868613138686,1258.0,1239.0,65.0,0.32554434413170474,0.38249118683901295,0.5294117647058824,0.3536243492190629,15.0,27.859726542918363,2.912663755458515,0.3522358231326505,0.23757182113414937,0.2875343492380715,0.12265800649512866,-5.551115123125783e-17,0.3196428831902284,0.3540567228089469,0.4236974087489552,0.3860813410277549,1.1279358342624897,1.1194898091093204,,,,,3427.0,2929.0,0.44236941931718704,0.3888699214749061,491.0,470.0,11.0,0.30269320843091335,0.30254777070063693,0.5,0.31404300504380145,15.0,30.13891568589615,7.954233409610984,0.7389495579823193,0.2887577002053388,0.3760266940451745,0.17428131416837783,-8.326672684688674e-17,0.2825428819870151,0.35121486229270144,0.39184417858185,0.3640884844681519,1.0521447566192623,1.0511003356956359,,,,
Stochastic RSI,i041,D,False,5171.0,5179.0,0.45152671755725193,0.42582731076454927,1258.0,1239.0,65.0,0.678060413354531,0.70863599677159,1.0,0.6932318782539046,15.0,28.506462422211797,2.0323119777158776,0.34560570071258906,0.21065417317369425,0.2996267390566678,0.12419409569053275,5.551115123125783e-17,0.33536603338303794,0.35294943024934966,0.4225076103500761,0.38607839351226103,1.0721844463457468,1.0815118946987077,,,,,5121.0,5146.0,0.4280735721200387,0.3801605504587156,491.0,470.0,11.0,0.5507169410515136,0.5875796178343949,0.9846153846153847,0.5691531722856384,30.0,32.352941176470516,5.161662817551963,0.7551087134216119,0.27692307692307694,0.37925669835782194,0.1790838375108038,-1.3877787807814457e-16,0.31010409577735953,0.35131924753626403,0.3893223620522749,0.36529343179168283,1.0529126429620401,1.0375586854460095,,,,
Stochastic RSI,i041,D,True,2162.0,2069.0,0.45287698412698413,0.41216216216216217,1258.0,1239.0,65.0,0.26947535771065184,0.3130081300813008,0.5,0.29995995194233077,30.0,30.341463414634003,1.6871794871794872,0.36553417928776094,0.21894273127753303,0.28694228407695455,0.12075317232910356,-2.7755575615628914e-17,0.28074198005236184,0.3430940967577783,0.4180619796484736,0.3869575253924285,1.1217684050053993,1.1153305203938115,,,,,2016.0,1734.0,0.4356191415885545,0.39273356401384085,491.0,470.0,11.0,0.24882903981264637,0.24150743099787686,0.47692307692307695,0.246349880541545,30.0,34.39597315436218,4.954430379746835,0.7464485578992682,0.2758169934640523,0.38562091503267976,0.17777777777777778,-5.551115123125783e-17,0.24136396694537396,0.34156852350171835,0.388332511100148,0.3622549019607843,1.049952978923494,1.0310291858678957,,,,
Connors RSI,i042,D,False,10527.0,10529.0,0.4487777037953011,0.4232353491855458,1258.0,1239.0,65.0,0.8187599364069952,0.847457627118644,1.0,0.8329995995194233,15.0,24.929971988794968,4.193006993006993,0.3409662808253649,0.24009481882831019,0.3128669686294246,0.1019963093440698,0.00016224547740737588,0.3641277036809774,0.36559841140038735,0.42415504166276563,0.3855446861050432,1.0859968214727176,1.0784570978745736,,,,,10329.0,10332.0,0.43072546230440967,0.378792201616738,491.0,470.0,11.0,0.7419012214551248,0.7701698513800425,0.9705882352941176,0.7560392885585346,15.0,28.684210526315358,10.103626943005182,0.7579297477082826,0.2944754181449569,0.389423889170468,0.148673762459875,-2.7755575615628914e-17,0.3160815092209126,0.35858895851920547,0.38918444760550025,0.3665747193186218,1.0443367200123959,1.031851919016593,,,,
Connors RSI,i042,D,True,4423.0,4203.0,0.45962732919254656,0.41605839416058393,1258.0,1239.0,65.0,0.34419551934826886,0.3895417156286721,0.5441176470588235,0.36523828594313174,15.0,27.59907078829317,3.6716101694915255,0.3576104746317512,0.23138297872340424,0.3060556464811784,0.10495090016366612,-2.7755575615628914e-17,0.3227859308568969,0.34949334673595867,0.422699525209134,0.386157354618016,1.137351106907457,1.1331203407880726,,,,,4186.0,3497.0,0.4445763114170425,0.39176436945953674,491.0,470.0,11.0,0.31381733021077285,0.31475583864118895,0.47058823529411764,0.3307671887443589,15.0,29.32581121468738,9.675615212527964,0.7461555122373836,0.2916046758767269,0.39107332624867164,0.15132837407013816,-5.551115123125783e-17,0.29098789603855624,0.3487957504219295,0.39065986233088057,0.36667143265656277,1.0654685494223364,1.059048312255482,,,,
Awesome Oscillator,i043,D,False,918.0,920.0,0.5082508250825083,0.4912087912087912,1258.0,1239.0,65.0,0.2742448330683625,0.26311541565778856,0.9076923076923077,0.2687224669603524,150.0,41.13200502818526,0.31095890410958904,0.39491150442477874,0.08849557522123894,0.3440265486725664,0.17146017699115043,8.326672684688674e-17,0.24462659083900581,0.33602814617976845,0.42658643326039386,0.3826373626373626,1.2003077712233907,1.2837449741527858,,,,,909.0,910.0,0.4740820734341253,0.4645426515930113,491.0,470.0,11.0,0.19224641529474243,0.19532908704883228,0.7647058823529411,0.19378816033979293,165.0,45.01992031872539,1.0595238095238095,0.8141858141858141,0.11978021978021978,0.4230769230769231,0.2549450549450549,2.7755575615628914e-17,0.20309372446378918,0.33436396630509596,0.39373650107991365,0.3670652173913044,1.1788666586797651,1.2473060344827587,,,,
Awesome Oscillator,i043,D,True,344.0,322.0,0.5119760479041916,0.5111731843575419,1258.0,1239.0,65.0,0.09618441971383147,0.10411622276029056,0.37362637362637363,0.1001201441730076,150.0,41.31295981890214,0.25274725274725274,0.43283582089552236,0.08841463414634146,0.33432835820895523,0.1373134328358209,-2.7755575615628914e-17,0.22806299832541108,0.3346733645734099,0.42457627118644065,0.38268156424581,1.314878892733564,1.347414420975965,,,,,327.0,283.0,0.4941860465116279,0.49469964664310956,491.0,470.0,11.0,0.07594264471587892,0.07908704883227176,0.35294117647058826,0.07751526413591718,165.0,44.024094012605005,0.9315068493150684,0.8392857142857143,0.0955223880597015,0.46646341463414637,0.25914634146341464,-8.326672684688674e-17,0.1834808984136954,0.3334660091407286,0.38937125748502993,0.357773851590106,1.1197691197691197,1.242763411810112,,,,
Accelerator Oscillator,i044,D,False,2546.0,2546.0,0.45078125,0.44501178318931656,1258.0,1239.0,65.0,0.5079491255961844,0.4995964487489911,0.9705882352941176,0.5038045654785743,60.0,33.44327953822584,0.9613928841786525,0.34497659344616494,0.13587731811697576,0.3734245588764854,0.13359740727403674,5.551115123125783e-17,0.2857288160754979,0.34096253092736495,0.4228790259230165,0.3873405103668262,1.0978498119165931,1.1437285550895921,,,,,2507.0,2508.0,0.4396720031237798,0.39585775693630326,491.0,470.0,11.0,0.37599575146043546,0.3991507430997877,0.9117647058823529,0.38757632067958586,60.0,36.86407003676086,2.6380281690140843,0.7696476964769647,0.1830113014947138,0.46190302588406856,0.18155304411228582,-2.7755575615628914e-17,0.24661729950855207,0.3373583158617604,0.38762202264740336,0.36532033426183846,1.0538331583032738,1.0775449420274439,,,,
Accelerator Oscillator,i044,D,True,1011.0,944.0,0.4805194805194805,0.45475113122171945,1258.0,1239.0,65.0,0.1915739268680445,0.21630347054075869,0.47058823529411764,0.2038446135362435,75.0,36.282937328879896,0.8563432835820896,0.3704052780395853,0.1291234684260132,0.36192271442035817,0.13854853911404336,1.3877787807814457e-17,0.249553070443398,0.3374469053486653,0.4198813056379822,0.3840551181102362,1.1780563418250438,1.1826677994902293,,,,,924.0,798.0,0.4614572333685322,0.43609022556390975,491.0,470.0,11.0,0.16038236856080723,0.1597664543524416,0.4153846153846154,0.1600743297053358,75.0,39.095640631549664,2.6366559485530545,0.7781007751937985,0.15836653386454183,0.45219123505976094,0.2061752988047809,-6.938893903907228e-17,0.20493948619130767,0.33700019809716836,0.39171066525871173,0.36074660633484157,1.0933140436085564,1.1513706793802143,,,,
Momentum,i045,D,False,3270.0,3271.0,0.4769038701622971,0.4698868847447264,1258.0,1239.0,65.0,0.5190779014308426,0.5343018563357547,0.9926470588235294,0.52663195835002,60.0,35.28606811978066,1.5144927536231885,0.39941520467836256,0.17799539170506912,0.27807017543859647,0.14005847953216374,0.0,0.3041767494103136,0.343885651999613,0.42337404580152666,0.3842710599937831,1.1460098806389962,1.1956902252129606,,,,,3143.0,3146.0,0.45168195718654436,0.4095354523227384,491.0,470.0,11.0,0.3919277748274031,0.4299363057324841,0.9411764705882353,0.41093708521369793,75.0,37.11523897793823,3.736551724137931,0.8172423171063367,0.22338516746411483,0.3456937799043062,0.21261961722488038,-4.163336342344337e-17,0.27400454418613995,0.33671150831448515,0.38637614678899085,0.36644945963127784,1.0937835324415193,1.1149941754035615,,,,
Momentum,i045,D,True,1299.0,1199.0,0.4905814905814906,0.4553794829024187,1258.0,1239.0,65.0,0.20190779014308427,0.2195318805488297,0.45054945054945056,0.210652783340008,75.0,35.65217391304344,1.3194945848375452,0.4253731343283582,0.18582089552238806,0.2582089552238806,0.13059701492537312,0.0,0.2570544663119077,0.3372086917243257,0.4251347190146267,0.38298611111111114,1.1559541604384653,1.2383315609122063,,,,,1217.0,972.0,0.4658997534921939,0.4434156378600823,491.0,470.0,11.0,0.16409984067976632,0.1762208067940552,0.4117647058823529,0.17016193257233872,97.5,36.912404467959945,3.529220779220779,0.8205128205128205,0.23143080531665364,0.3377638780297107,0.19546520719311963,-4.163336342344337e-17,0.21749628451255223,0.3350042117635808,0.39301561216105174,0.3669991326973113,1.1081937528293344,1.1605909235838028,,,,
Chande Momentum Oscillator,i046,D,False,3395.0,3393.0,0.4766869388937156,0.4683318465655665,1258.0,1239.0,65.0,0.5286168521462639,0.5560936238902341,1.0,0.5422507008410092,60.0,34.869215291750486,1.5701198026779422,0.3925233644859813,0.1823969000830335,0.28587135788894996,0.1377130291368884,0.0,0.307567273526856,0.3459414102574097,0.42599189110918045,0.38431460005947066,1.1190047248376898,1.2039439543331605,,,,,3266.0,3262.0,0.4429411764705882,0.40848806366047746,491.0,470.0,11.0,0.4030801911842804,0.4442675159235669,0.9411764705882353,0.42367932041412265,60.0,36.54497645691909,3.703311258278146,0.8092607208629308,0.242998585572843,0.3318246110325318,0.21442715700141443,-2.7755575615628914e-17,0.2781969658097296,0.3405007409218565,0.38994117647058824,0.3672900061312079,1.1034050116753213,1.1075595333226786,,,,
Chande Momentum Oscillator,i046,D,True,1342.0,1287.0,0.47983310152990266,0.44731800766283525,1258.0,1239.0,65.0,0.20508744038155802,0.23083131557707828,0.4632352941176471,0.21786143372046457,75.0,35.95146871008944,1.3111888111888113,0.40751043115438107,0.18636995827538247,0.2705146036161335,0.1356050069541029,-1.3877787807814457e-17,0.25943334174108196,0.338297587637789,0.42693370165745853,0.3864413364413364,1.1889356195406018,1.2183668145056092,,,,,1258.0,1044.0,0.45901639344262296,0.43871513102282333,491.0,470.0,11.0,0.16941051513542218,0.17993630573248406,0.38235294117647056,0.17467480753915582,90.0,37.94295592048389,3.485981308411215,0.8068264342774146,0.24553571428571427,0.33705357142857145,0.20014880952380953,-5.551115123125783e-17,0.2190996269173794,0.3373990387373485,0.39283476898981984,0.3671455938697318,1.0616113744075832,1.1561274756207904,,,,
Price Oscillator,i047,D,False,906.0,907.0,0.522075055187638,0.5135135135135135,1258.0,1239.0,65.0,0.2774244833068362,0.26715092816787733,0.8823529411764706,0.2723267921505807,135.0,43.62272240085757,0.3074829931972789,0.4151624548736462,0.09626955475330927,0.25872442839951865,0.2286401925391095,0.0,0.2524208028515866,0.33947527801056254,0.4267270668176669,0.38468926553672317,1.257961783439491,1.31298589116038,,,,,883.0,885.0,0.5,0.4819532908704883,491.0,470.0,11.0,0.19490175252257036,0.19851380042462846,0.7058823529411765,0.19670825590655694,150.0,45.29411764705892,1.038,0.8480340063761955,0.13707865168539327,0.2930011862396204,0.3475682087781732,-5.551115123125783e-17,0.21156468517856455,0.3358213783674761,0.38923076923076927,0.3657111356119074,1.179313678105365,1.279806008352418,,,,
Price Oscillator,i047,D,True,331.0,299.0,0.5348101265822784,0.5250836120401338,1258.0,1239.0,65.0,0.09062003179650238,0.0963572267920094,0.32967032967032966,0.09251101321585903,135.0,42.059113521265616,0.30952380952380953,0.4407894736842105,0.10067114093959731,0.2138157894736842,0.22697368421052633,2.7755575615628914e-17,0.23084858179253206,0.33587942491153816,0.41812688821752264,0.3779761904761905,1.3264688067837673,1.3343055049216186,,,,,315.0,273.0,0.5045317220543807,0.47619047619047616,491.0,470.0,11.0,0.07541157727031333,0.07537154989384288,0.29411764705882354,0.07539155826917972,150.0,44.539074462954,0.9507389162561576,0.8827361563517915,0.14381270903010032,0.2953020134228188,0.36577181208053694,-5.551115123125783e-17,0.18722507265629293,0.33305634458861805,0.3784126984126985,0.36007326007326,1.172022684310019,1.301775147928994,,,,
Detrended Price Oscillator,i048,D,False,1590.0,1594.0,0.5132075471698113,0.5022595222724339,1258.0,1239.0,65.0,0.3521462639109698,0.35108958837772397,0.967032967032967,0.35162194633560273,97.5,39.84152334152328,0.814498933901919,0.4271034039820167,0.17212588310854207,0.21258831085420682,0.18818240205523443,-2.7755575615628914e-17,0.2712144282654801,0.34076765622598,0.42317610062893085,0.3873143963847644,1.209887916474743,1.2929453965723399,,,,,1547.0,1549.0,0.47072879330943845,0.44339622641509435,491.0,470.0,11.0,0.25544344131704727,0.27016985138004246,0.8823529411764706,0.2628086010087603,135.0,41.368078175895725,2.0501672240802677,0.8424618859401468,0.20278330019880716,0.25579854208084823,0.28893306825712395,-8.326672684688674e-17,0.23445051792423863,0.3350410067414685,0.3890681003584229,0.3609067850348763,1.1830501183050117,1.208614593378335,,,,
Detrended Price Oscillator,i048,D,True,614.0,577.0,0.5271186440677966,0.4662045060658579,1258.0,1239.0,65.0,0.11844197138314785,0.12994350282485875,0.41911764705882354,0.12414897877452943,90.0,37.65923179139676,0.7921686746987951,0.4624,0.1648,0.2032,0.1696,0.0,0.23977382984243492,0.3363054271691585,0.4206026058631922,0.3916382252559727,1.249586776859504,1.2425612949297786,,,,,590.0,468.0,0.4837133550488599,0.44017094017094016,491.0,470.0,11.0,0.10621348911311737,0.10881104033970276,0.3384615384615385,0.10751260950358375,150.0,40.256959314774925,1.8442622950819672,0.8557993730407524,0.22841726618705036,0.26618705035971224,0.2607913669064748,-5.551115123125783e-17,0.19589616791753717,0.33261207614206495,0.39140233722871454,0.369806338028169,1.1500484027105518,1.1803422553751646,,,,
TRIX,i049,D,False,429.0,429.0,0.5119047619047619,0.4918793503480278,1258.0,1239.0,65.0,0.143879173290938,0.13559322033898305,0.6923076923076923,0.13976772126551862,285.0,46.854466926435535,0.08375634517766498,0.34942528735632183,0.12439024390243902,0.3563218390804598,0.15172413793103448,-2.7755575615628914e-17,0.23068799071050025,0.3346993359167625,0.4255244755244755,0.38064133016627083,1.2319031324032637,1.3451776649746194,,,,,414.0,415.0,0.4988344988344988,0.45785876993166286,491.0,470.0,11.0,0.10674455655868295,0.09607218683651805,0.47058823529411764,0.10140695513671356,330.0,50.79667156142924,0.3654970760233918,0.7745803357314148,0.1425287356321839,0.5024390243902439,0.1902439024390244,-2.7755575615628914e-17,0.1852205587921453,0.3339822029771537,0.38877551020408163,0.3624096385542169,1.1722815666940565,1.1443210930828351,,,,
TRIX,i049,D,True,174.0,163.0,0.49324324324324326,0.5120481927710844,1258.0,1239.0,65.0,0.051669316375198726,0.05170387779083431,0.3076923076923077,0.048858630356427714,285.0,48.126801152737634,0.08450704225352113,0.3387096774193548,0.12941176470588237,0.3978494623655914,0.1388888888888889,0.0,0.22212880703741275,0.3339479492850809,0.4306547619047619,0.37911764705882356,1.2318840579710146,1.3333333333333335,,,,,148.0,128.0,0.4880952380952381,0.4117647058823529,491.0,470.0,11.0,0.04142326075411577,0.04193205944798301,0.17647058823529413,0.04167772763472259,330.0,51.56950672645725,0.27972027972027974,0.7402597402597403,0.14516129032258066,0.4931506849315068,0.1917808219178082,-5.551115123125783e-17,0.17613968139271752,0.33341766713130055,0.3956081081081081,0.365,1.133379405666897,1.0861132660977502,,,,
Fisher Transform,i050,D,False,4111.0,4112.0,0.46202225447508466,0.448566610455312,1258.0,1239.0,65.0,0.6494435612082671,0.6642453591606134,0.9926470588235294,0.6567881457749299,30.0,30.88865167612721,1.6032863849765258,0.3412786812207619,0.17459959395443267,0.3223435063488527,0.14591222989529962,0.0,0.32571750484011985,0.3525516571527975,0.42557215128884607,0.38544487427466156,1.104412555546121,1.1432079815809668,,,,,4024.0,4022.0,0.45256190242706545,0.3883851997059544,491.0,470.0,11.0,0.5124800849707913,0.5440552016985138,0.9705882352941176,0.5282718343509424,30.0,34.21052631578983,4.070913461538462,0.757665468386551,0.238585496866607,0.3977170993733214,0.19717994628469113,-1.1102230246251565e-16,0.2923555945376417,0.3512212457486326,0.3894186329360253,0.365180102915952,1.0523615426274835,1.0635442528349996,,,,
Fisher Transform,i050,D,True,1690.0,1593.0,0.4780673871582963,0.43565599497802887,1258.0,1239.0,65.0,0.2543720190779014,0.2967479674796748,0.49264705882352944,0.27873448137765316,45.0,33.88483610163364,1.356353591160221,0.36198347107438017,0.17355853232382062,0.3140495867768595,0.14600550964187328,-2.7755575615628914e-17,0.27255077616578416,0.3427292704710027,0.42443786982248516,0.38580570098894706,1.1463755236765265,1.191806331471136,,,,,1573.0,1342.0,0.45396825396825397,0.4068554396423249,491.0,470.0,11.0,0.22039298990971853,0.22452229299363058,0.4307692307692308,0.2224581895407486,45.0,36.66312433581291,3.9782608695652173,0.7448630136986302,0.22716763005780347,0.3965317919075145,0.20404624277456648,-8.326672684688674e-17,0.22921599958484298,0.341607561558694,0.39152380952380955,0.3616700889801506,1.0790464240903388,1.1097560975609757,,,,
Ultimate Oscillator,i051,D,False,3631.0,3630.0,0.4657312466270912,0.46828261990716863,1258.0,1239.0,65.0,0.5834658187599364,0.5924132364810331,0.989010989010989,0.5879054865839006,45.0,33.127952063589994,1.7010443864229765,0.3507751937984496,0.21181001283697048,0.26283914728682173,0.15188953488372092,3.469446951953614e-17,0.3301096640930327,0.3543971644507909,0.42177502579979365,0.3863751051303616,1.1071690726694396,1.1815330169709646,,,,,3386.0,3389.0,0.4461580831726797,0.4039913700107875,491.0,470.0,11.0,0.4248539564524695,0.46125265392781317,0.9411764705882353,0.44305813644810194,45.0,35.93287265547878,4.037958115183246,0.7859188544152744,0.2758988015978695,0.311051930758988,0.23621837549933422,-2.7755575615628914e-17,0.2940496473864825,0.3467103636344396,0.3904571743321399,0.36302588996763746,1.0795596697523142,1.1128445137805516,,,,
Ultimate Oscillator,i051,D,True,1495.0,1446.0,0.46956521739130436,0.4515463917525773,1258.0,1239.0,65.0,0.23052464228934816,0.24254742547425473,0.47058823529411764,0.24380442062960483,45.0,34.38829876186489,1.3938931297709924,0.3677156177156177,0.21682626538987687,0.24825174825174826,0.14918414918414918,2.7755575615628914e-17,0.2733835132056052,0.34286848741046416,0.4229346485819975,0.3884300341296928,1.182977127859018,1.2161108705067125,,,,,1320.0,1086.0,0.43403205918618987,0.429097605893186,491.0,470.0,11.0,0.18003186404673394,0.18895966029723993,0.4307692307692308,0.18449694717281656,75.0,36.58194799658998,3.966966966966967,0.7905138339920948,0.282899366643209,0.32090077410274453,0.21956368754398312,-8.326672684688674e-17,0.22591278107351717,0.33957704765509794,0.39162342475908074,0.36459484346224674,1.0262390670553936,1.1570975695667487,,,,
Williams %R,i052,D,False,3119.0,3116.0,0.48763906056860323,0.49706699598641557,1258.0,1239.0,65.0,0.5508744038155803,0.5657788539144472,0.9852941176470589,0.5582699239086905,45.0,35.463783418156005,1.3882030178326474,0.3924551262549437,0.20878778435649736,0.22330392455126255,0.1642835412229997,-3.469446951953614e-17,0.31539926099265553,0.3518174893130213,0.42622635460083363,0.38766318537859,1.1552103946533248,1.2548502250504423,,,,,3034.0,3030.0,0.47032688035544273,0.42586649550706035,491.0,470.0,11.0,0.4221986192246415,0.45329087048832273,0.9411764705882353,0.4377488717812583,45.0,38.255977496484014,3.3535620052770447,0.8139125330202525,0.2547478716437459,0.27865094957432873,0.2554027504911591,-5.551115123125783e-17,0.28371451448441104,0.344569739089229,0.38589336718502065,0.3660622593068036,1.1290807883255602,1.1633717617148118,,,,
Williams %R,i052,D,True,1251.0,1211.0,0.5072024260803639,0.4715111478117259,1258.0,1239.0,65.0,0.1915739268680445,0.23306233062330622,0.4485294117647059,0.21385662795354426,45.0,35.69984007380417,1.230357142857143,0.4086429112964367,0.22572614107883818,0.20394238059135708,0.16148597422289612,-2.7755575615628914e-17,0.2624966645683367,0.34056702642060577,0.42062350119904074,0.38559935639581655,1.1834011955297585,1.2433436532507738,,,,,1144.0,935.0,0.4572342126298961,0.44171122994652406,491.0,470.0,11.0,0.17472118959107807,0.17781316348195328,0.4,0.1762675869392089,90.0,38.40418453117073,3.3333333333333335,0.8123980424143556,0.257243195785777,0.2923617208077261,0.23617208077260754,-5.551115123125783e-17,0.2207467523935517,0.33713250393483757,0.3917091836734694,0.36609625668449197,1.087039148612695,1.2065439672801637,,,,
SMI Ergodic,i053,D,False,3242.0,3242.0,0.4836822660098522,0.458128078817734,1258.0,1239.0,65.0,0.5842607313195548,0.5980629539951574,0.9926470588235294,0.5911093311974369,30.0,32.50402310057211,1.2733766233766233,0.36281640965958684,0.20657698056801196,0.2438172825138202,0.17369799243526332,2.7755575615628914e-17,0.3195669590906377,0.35570753205180256,0.425338669950739,0.38407960199004976,1.137169743032935,1.1786138613861386,,,,,3217.0,3216.0,0.4598159509202454,0.39386503067484663,491.0,470.0,11.0,0.4599044078597982,0.49522292993630573,0.9705882352941176,0.47756835678258563,45.0,36.0924221261129,3.4028497409326426,0.7867273213807867,0.28114630467571644,0.2772247360482655,0.2473604826546003,-5.551115123125783e-17,0.28623014659196855,0.34773918295872724,0.3950647748303517,0.3646001239925604,1.0697973165857837,1.0742971887550201,,,,
SMI Ergodic,i053,D,True,1283.0,1217.0,0.4937062937062937,0.45110928512736237,1258.0,1239.0,65.0,0.21621621621621623,0.25343018563357544,0.47058823529411764,0.23468161794152984,45.0,36.28779979144956,1.168026101141925,0.3894736842105263,0.18646616541353384,0.23458646616541354,0.18947368421052632,0.0,0.2664724505430463,0.3434671060252558,0.4263055339049103,0.38079315707620526,1.1411023112978826,1.2023731048121293,,,,,1208.0,1033.0,0.48402182385035075,0.4335971855760774,491.0,470.0,11.0,0.186404673393521,0.1942675159235669,0.4153846153846154,0.19033713830634458,60.0,38.47583643122718,3.4012345679012346,0.7967836257309941,0.25061626951520133,0.28019720624486444,0.2645850451930978,0.0,0.22401568331037403,0.34156405331912776,0.38851239669421483,0.36380826737027266,1.1353871469055674,1.13511837072263,,,,
Relative Vigor Index,i054,D,False,3789.0,3789.0,0.45194598888006354,0.4250780437044745,1258.0,1239.0,65.0,0.5922098569157392,0.5940274414850686,1.0,0.5931117340808971,45.0,31.771832460917793,1.4974126778783958,0.33897911832946637,0.15411848005664386,0.37331786542923434,0.11276102088167053,2.7755575615628914e-17,0.305235429611529,0.3424346464840524,0.4225936524453694,0.38633112582781465,1.0735941395549264,1.08546185272528,,,,,3777.0,3775.0,0.4259699129057799,0.3833027041218168,491.0,470.0,11.0,0.45778013807753587,0.4978768577494692,0.989010989010989,0.4778338200159278,45.0,34.32048772302667,3.915275994865212,0.7558295964125561,0.20624408703878902,0.4491485335856197,0.17455061494796595,-5.551115123125783e-17,0.2750481130672751,0.34144106799741686,0.38742412245975194,0.36435944944415033,1.039725355566454,1.0432297249017506,,,,
Relative Vigor Index,i054,D,True,1570.0,1478.0,0.4723529411764706,0.4294117647058823,1258.0,1239.0,65.0,0.2313195548489666,0.2588075880758808,0.47794117647058826,0.24629555466559871,45.0,34.772468532262565,1.328149300155521,0.36603557085484795,0.15375788869764773,0.35972461273666095,0.12048192771084337,0.0,0.2620125834183982,0.3393770334727065,0.4257006369426753,0.38364544319600496,1.1176213379973763,1.143681989784588,,,,,1414.0,1249.0,0.43797121315969845,0.41232986389111287,491.0,470.0,11.0,0.19490175252257036,0.2070063694267516,0.4307692307692308,0.20095566764003187,60.0,37.28489483747619,3.727272727272727,0.758830694275274,0.1958955223880597,0.457089552238806,0.17661691542288557,-8.326672684688674e-17,0.2211037113399618,0.3377119827521162,0.39187799862919814,0.3605284227381905,1.0398743173486942,1.0552720352910647,,,,
True Strength Index,i055,D,False,1445.0,1446.0,0.5024221453287198,0.49269311064718163,1258.0,1239.0,65.0,0.397456279809221,0.38498789346246975,0.967032967032967,0.3912695234281137,75.0,39.02265520209842,0.5019230769230769,0.36827195467422097,0.14943342776203966,0.26770538243626063,0.21458923512747877,2.7755575615628914e-17,0.2733883797179823,0.3466768089641714,0.4211350974930362,0.3831258644536653,1.236270753512133,1.2621445761654335,,,,,1436.0,1437.0,0.4861111111111111,0.42390548992355803,491.0,470.0,11.0,0.2857142857142857,0.28662420382165604,0.8529411764705882,0.2861693655428723,90.0,41.57464730043474,1.4741100323624596,0.7782026768642447,0.17049408489909534,0.3180236604036186,0.3180236604036186,-8.326672684688674e-17,0.23311953102742644,0.3430436489610445,0.3933014354066986,0.3632785763175907,1.1297611362169142,1.1518126888217521,,,,
True Strength Index,i055,D,True,542.0,481.0,0.5228426395939086,0.501039501039501,1258.0,1239.0,65.0,0.1383147853736089,0.14043583535108958,0.4117647058823529,0.13936724068882658,105.0,43.18012438808468,0.5026737967914439,0.39558232931726905,0.11044176706827309,0.25903614457831325,0.23493975903614459,0.0,0.2401035651218707,0.3389480841344063,0.42976588628762535,0.3830882352941177,1.2373540856031129,1.2959381044487428,,,,,531.0,425.0,0.5160075329566854,0.47294117647058825,491.0,470.0,11.0,0.11205523101433883,0.10987261146496816,0.3956043956043956,0.11096363153703212,165.0,44.73681104840246,1.597457627118644,0.7865384615384615,0.138671875,0.30724070450097846,0.350293542074364,-2.7755575615628914e-17,0.1962223023281647,0.3377829967982109,0.3889719626168225,0.36347826086956525,1.173789173789174,1.2754697009790947,,,,
Coppock Curve,i056,D,False,1074.0,1074.0,0.5043394406943105,0.49162011173184356,1258.0,1239.0,65.0,0.3251192368839428,0.31234866828087166,0.9076923076923077,0.3187825390468562,150.0,41.53586935389782,0.3473684210526316,0.38388625592417064,0.11374407582938388,0.3241706161137441,0.17725118483412322,5.551115123125783e-17,0.2538139621734728,0.33842335502593507,0.418901303538175,0.38858381502890177,1.2357142857142858,1.2544547398431931,,,,,1037.0,1038.0,0.4818941504178273,0.45597775718257644,491.0,470.0,11.0,0.2219861922464153,0.2223991507430998,0.8181818181818182,0.2221927263074064,150.0,43.61702127659588,1.1147540983606556,0.8159509202453987,0.13346228239845262,0.38781431334622823,0.26595744680851063,5.551115123125783e-17,0.20955628450397654,0.3360950542599824,0.38997214484679665,0.3665080875356802,1.1341542449773168,1.2031267701370794,,,,
Coppock Curve,i056,D,True,408.0,372.0,0.5363881401617251,0.4962962962962963,1258.0,1239.0,65.0,0.1232114467408585,0.11460855528652139,0.4117647058823529,0.11894273127753303,150.0,40.74534161490644,0.3072100313479624,0.38903394255874674,0.1122715404699739,0.33159268929503916,0.1671018276762402,-2.7755575615628914e-17,0.23202923005409923,0.33553812478414474,0.42254901960784325,0.37930107526881723,1.2819025522041758,1.2473423104181431,,,,,371.0,329.0,0.4916467780429594,0.44984802431610943,491.0,470.0,11.0,0.08975039830058418,0.0875796178343949,0.3384615384615385,0.08866471993628883,165.0,44.39024390243928,1.0521739130434782,0.8316062176165803,0.1232876712328767,0.3917808219178082,0.27945205479452057,-5.551115123125783e-17,0.18656079437818018,0.3341972419934247,0.3880710659898477,0.354874651810585,1.1132126452310185,1.22040072859745,,,,
Rate of Change,i057,D,False,3395.0,3393.0,0.4766869388937156,0.4683318465655665,1258.0,1239.0,65.0,0.5286168521462639,0.5560936238902341,1.0,0.5422507008410092,60.0,34.869215291750486,1.5701198026779422,0.3925233644859813,0.1823969000830335,0.28587135788894996,0.1377130291368884,0.0,0.307567273526856,0.3459414102574097,0.42541268462206777,0.3867677668748142,1.120528268491099,1.2108864457599753,,,,,3266.0,3262.0,0.4429411764705882,0.40848806366047746,491.0,470.0,11.0,0.4030801911842804,0.4442675159235669,0.9411764705882353,0.42367932041412265,60.0,36.54497645691909,3.703311258278146,0.8092607208629308,0.242998585572843,0.3318246110325318,0.21442715700141443,-2.7755575615628914e-17,0.2781969658097296,0.3405007409218565,0.39372058823529416,0.36445432250153276,1.096387604862181,1.110043248438251,,,,
Rate of Change,i057,D,True,1342.0,1287.0,0.47983310152990266,0.44731800766283525,1258.0,1239.0,65.0,0.20508744038155802,0.23083131557707828,0.4632352941176471,0.21786143372046457,75.0,35.95146871008944,1.3111888111888113,0.40751043115438107,0.18636995827538247,0.2705146036161335,0.1356050069541029,-1.3877787807814457e-17,0.25943334174108196,0.338297587637789,0.4273135359116022,0.3858853410740203,1.187878787878788,1.2449459332393042,,,,,1258.0,1044.0,0.45901639344262296,0.43871513102282333,491.0,470.0,11.0,0.16941051513542218,0.17993630573248406,0.38235294117647056,0.17467480753915582,90.0,37.94295592048389,3.485981308411215,0.8068264342774146,0.24553571428571427,0.33705357142857145,0.20014880952380953,-5.551115123125783e-17,0.2190996269173794,0.3373990387373485,0.38641346906812846,0.359147509578544,1.07102495001304,1.131444313262495,,,,
Klinger Oscillator,i058,D,False,3397.0,3396.0,0.46205684148842663,0.45159313725490197,1258.0,1239.0,65.0,0.5556438791732909,0.559322033898305,0.9538461538461539,0.5574689627553063,30.0,33.3438369833517,1.3473177441540578,0.34537695590327167,0.18830997090716742,0.30896159317211946,0.14139402560455192,2.7755575615628914e-17,0.3083924926757401,0.3480647044394316,0.4260036775973031,0.38368004687957813,1.1064350203230098,1.1541774332472008,,,,,3228.0,3226.0,0.44908987485779295,0.4004959702417855,491.0,470.0,11.0,0.45353159851301117,0.4872611464968153,0.9090909090909091,0.4704008494823467,45.0,35.18821603927943,3.350326797385621,0.7705802968960864,0.25047696920141727,0.3679476696647588,0.20005451076587627,-4.85722573273506e-17,0.2760879577894967,0.3434897924740294,0.3869738339021615,0.36542991755005894,1.050544379551518,1.0885041492901977,,,,
Klinger Oscillator,i058,D,True,1340.0,1224.0,0.4892638036809816,0.45709123757904246,1258.0,1239.0,65.0,0.20429252782193957,0.23648103309120258,0.45588235294117646,0.22026431718061673,45.0,36.74678640797484,1.3096885813148789,0.3629737609329446,0.17366946778711484,0.30685131195335275,0.14723032069970846,-2.7755575615628914e-17,0.2604137531108504,0.33980256161385647,0.4263522884882109,0.3876461988304093,1.1662329212752112,1.206193969030155,,,,,1304.0,1082.0,0.46119402985074626,0.4288354898336414,491.0,470.0,11.0,0.19118428040361127,0.18949044585987262,0.38235294117647056,0.19033713830634458,60.0,37.78000694274289,3.459375,0.7624434389140271,0.2370153621068032,0.36649597659107536,0.21799561082662766,-5.551115123125783e-17,0.2202347775198937,0.3395475991979719,0.38873134328358205,0.36136783733826255,1.109640998500485,1.1387678904791536,,,,
Bollinger Bands,i059,D,False,1259.0,1364.0,0.5583067092651757,0.544436146377894,1258.0,1239.0,65.0,0.26788553259141495,0.2857142857142857,0.7384615384615385,0.276732078494193,165.0,49.31863964924749,1.30446549391069,0.2914572864321608,0.07058823529411765,0.2537688442211055,0.37018425460636517,5.551115123125783e-17,0.288792347590531,0.3602092673199571,0.42017815646785434,0.38633040935672514,1.303345930500507,1.3822525597269624,,,,,1252.0,1327.0,0.5476374903175832,0.4996232102486812,491.0,470.0,11.0,0.20870950610727562,0.21921443736730362,0.5882352941176471,0.2139633660737988,225.0,52.32464194862443,2.685466377440347,0.7378800328677074,0.09280138768430182,0.28739495798319326,0.5125758889852559,0.0,0.24920238518277257,0.3581004974140463,0.38636724960254376,0.3646994134897361,1.2903821303304415,1.3344962930658526,,,,
Bollinger Bands,i059,D,True,628.0,603.0,0.57166392092257,0.549165120593692,1258.0,1239.0,65.0,0.12082670906200318,0.14043583535108958,0.4117647058823529,0.13055666800160193,180.0,51.01758722053784,1.1810344827586208,0.2688356164383562,0.07246376811594203,0.2551369863013699,0.3955479452054795,-5.551115123125783e-17,0.255020010273886,0.3471338609330949,0.42062101910828026,0.39071207430340554,1.4097073518915058,1.4263074484944533,,,,,602.0,539.0,0.5270700636942676,0.5240464344941956,491.0,470.0,11.0,0.11099309612320765,0.11411889596602973,0.3384615384615385,0.11255641093708521,285.0,54.049719326383396,2.5637860082304527,0.6685606060606061,0.09392265193370165,0.3170289855072464,0.5138121546961326,-1.1102230246251565e-16,0.20915342318754124,0.3465065177353841,0.3865733113673806,0.36354359925788493,1.2530759038425139,1.328289197141656,,,,
BB %B,i060,D,False,2698.0,2699.0,0.5001845699520118,0.49318181818181817,1258.0,1239.0,65.0,0.4753577106518283,0.49556093623890235,0.9705882352941176,0.4853824589507409,60.0,36.93273019115709,1.2807843137254902,0.43261109070877707,0.1928020565552699,0.20381931692985678,0.17076753580609622,2.0816681711721685e-17,0.29863109221519274,0.34503381320539006,0.42464008859357705,0.38590909090909087,1.177902377537271,1.2506406970784214,,,,,2620.0,2623.0,0.46255994098118774,0.4268247499073731,491.0,470.0,11.0,0.35422198619224643,0.3869426751592357,0.9411764705882353,0.3705866737456862,75.0,39.106973653446204,3.061253561253561,0.8313458262350937,0.23520485584218512,0.26251896813353565,0.26593323216995446,-2.7755575615628914e-17,0.2713623823206898,0.33802738922691206,0.3916635927701955,0.36589782691574535,1.1349852711835036,1.165991902834008,,,,
BB %B,i060,D,True,1062.0,966.0,0.5165031222123104,0.4648033126293996,1258.0,1239.0,65.0,0.17447306791569087,0.1977401129943503,0.42857142857142855,0.18462154585502602,60.0,36.70432326743426,1.1190965092402465,0.45496750232126276,0.19870009285051068,0.1977715877437326,0.14856081708449395,2.7755575615628914e-17,0.25171765191252354,0.33723765443945114,0.4232580037664784,0.39086584205518554,1.205389283143063,1.2575713873665992,,,,,987.0,780.0,0.4726930320150659,0.4371794871794872,491.0,470.0,11.0,0.14763674986723313,0.14968152866242038,0.4,0.14865941067162197,105.0,38.733905579399014,3.0456140350877194,0.8273244781783681,0.2407960199004975,0.2746268656716418,0.23184079601990049,-5.551115123125783e-17,0.21346235584987686,0.3343490740628634,0.3909999999999999,0.36494736842105263,1.1167964404894326,1.1700120089209127,,,,
Standard Error Bands,i061,D,False,1667.0,1815.0,0.5247465712581991,0.5293466223698782,1258.0,1239.0,65.0,0.3505564387917329,0.37691686844229216,0.8602941176470589,0.36363636363636365,90.0,42.504018937223506,1.2266112266112266,0.32448733413751507,0.1136919315403423,0.22738238841978287,0.3238841978287093,0.0,0.3027426126389919,0.36251915764869813,0.4272262334536703,0.38913867822318526,1.2382197152094654,1.3324509155084934,,,,,1662.0,1770.0,0.5138055222088835,0.47062146892655365,491.0,470.0,11.0,0.27137546468401486,0.28609341825902335,0.6764705882352942,0.2787363950092912,90.0,46.7576791808872,2.590831918505942,0.7475672581568403,0.13467397928092625,0.24938875305623473,0.4606946983546618,-2.7755575615628914e-17,0.267471348293205,0.3615906283014873,0.3896243291592129,0.36322115384615383,1.1964497868474386,1.2860892388451444,,,,
Standard Error Bands,i061,D,True,679.0,686.0,0.5425531914893617,0.5422740524781341,1258.0,1239.0,65.0,0.1383147853736089,0.15311653116531165,0.41911764705882354,0.1513816579895875,105.0,47.32263386830681,1.0997506234413965,0.32253086419753085,0.10618066561014262,0.25617283950617287,0.30709876543209874,2.7755575615628914e-17,0.2545548519325958,0.3463816981405434,0.42098674521354945,0.3929419525065963,1.281971303805365,1.3719343536787756,,,,,658.0,602.0,0.508100147275405,0.4833887043189369,491.0,470.0,11.0,0.12214551248008497,0.12632696390658174,0.35384615384615387,0.12423679320414123,165.0,48.633879781420916,2.5098039215686274,0.7162790697674418,0.11609907120743033,0.2801857585139319,0.4613003095975232,-1.1102230246251565e-16,0.21191842509823067,0.3449640080816129,0.3911808669656203,0.36187707641196015,1.2069267098128384,1.3357815010328207,,,,
Envelopes,i062,D,False,2.0,1.0,0.6666666666666666,0.8333333333333333,1258.0,1239.0,65.0,0.0,0.0005875440658049354,0.0,0.00040048057669203043,30.0,54.99249249249244,0.0,0.0,0.0,1.0,0.0,0.0,0.21718434447304677,0.3333662779205377,0.375,0.45000000000000007,1.5730337078651684,1.6498316498316496,,,,,0.0,0.0,0.0,0.0,491.0,470.0,11.0,0.0,0.0,0.0,0.0,60.0,66.41242168346503,0.0,0.0,0.0,1.0,0.0,0.0,0.17044562208762506,0.3333333333333333,0.35,0.4,0.0,0.0,,,,
Envelopes,i062,D,True,0.0,1.0,0.8571428571428572,0.8333333333333333,1258.0,1239.0,65.0,0.0,0.0005875440658049354,0.0,0.00040048057669203043,30.0,45.64646213774982,0.0,0.0,0.0,1.0,0.0,0.0,0.21717737538473492,0.3333662779205377,0.475,0.3833333333333333,1.8537414965986394,1.9111111111111112,,,,,0.0,0.0,0.7142857142857143,0.0,491.0,470.0,11.0,0.0,0.0,0.0,0.0,60.0,61.32315521628497,0.0,0.0,0.0,1.0,0.0,0.0,0.17039323851722302,0.3333333333333333,0.35,0.35,1.6666666666666667,0.0,,,,
BB Width,i063,F,False,,,,,,,,,,,,,,,,,,,,,,,,,,0.4838748066166845,0.9238952941758622,0.8976391070493598,1.0292502709834128,,,,,,,,,,,,,,,,,,,,,,,,,,0.48096054072064354,0.7163137867108986,0.6664523809523809,1.010315249031699
BB Width,i063,F,True,,,,,,,,,,,,,,,,,,,,,,,,,,,,,,,,,,,,,,,,,,,,,,,,,,,,,,,,,,
ATR,i064,F,False,,,,,,,,,,,,,,,,,,,,,,,,,,0.46782331381788755,0.9324922419494328,0.8976391070493598,1.0388275584545767,,,,,,,,,,,,,,,,,,,,,,,,,,0.4589898605226829,0.7348274993704357,0.6664523809523809,1.012623945815731
ATR,i064,F,True,,,,,,,,,,,,,,,,,,,,,,,,,,,,,,,,,,,,,,,,,,,,,,,,,,,,,,,,,,
Historical Volatility,i065,F,False,,,,,,,,,,,,,,,,,,,,,,,,,,0.489290304155362,0.9148802322767965,0.8976391070493598,1.0192071903864686,,,,,,,,,,,,,,,,,,,,,,,,,,0.4871117458050696,0.7092274158391862,0.6664523809523809,1.0082074307953122
Historical Volatility,i065,F,True,,,,,,,,,,,,,,,,,,,,,,,,,,,,,,,,,,,,,,,,,,,,,,,,,,,,,,,,,,
Chaikin Volatility,i066,F,False,,,,,,,,,,,,,,,,,,,,,,,,,,0.5047721052005236,0.8956841311722579,0.8976391070493598,0.9977598455180531,,,,,,,,,,,,,,,,,,,,,,,,,,0.5040238095238095,0.6586045632764892,0.6664523809523809,0.9882244885003233
Chaikin Volatility,i066,F,True,,,,,,,,,,,,,,,,,,,,,,,,,,,,,,,,,,,,,,,,,,,,,,,,,,,,,,,,,,
Close-to-Close Volatility,i067,F,False,,,,,,,,,,,,,,,,,,,,,,,,,,0.489290304155362,0.9148802322767965,0.8976391070493598,1.0192071903864686,,,,,,,,,,,,,,,,,,,,,,,,,,0.4871117458050696,0.7092274158391862,0.6664523809523809,1.0082074307953122
Close-to-Close Volatility,i067,F,True,,,,,,,,,,,,,,,,,,,,,,,,,,,,,,,,,,,,,,,,,,,,,,,,,,,,,,,,,,
Non-Directional Close-to-Close Volatility,i068,F,False,,,,,,,,,,,,,,,,,,,,,,,,,,0.4878611891274337,0.9152460051483802,0.8976391070493598,1.019614673604068,,,,,,,,,,,,,,,,,,,,,,,,,,0.482494347256932,0.7092617709746173,0.6664523809523809,1.0089737548270616
Non-Directional Close-to-Close Volatility,i068,F,True,,,,,,,,,,,,,,,,,,,,,,,,,,,,,,,,,,,,,,,,,,,,,,,,,,,,,,,,,,
O-H-L-C Volatility,i069,F,False,,,,,,,,,,,,,,,,,,,,,,,,,,0.48142857142857143,0.9227431839471478,0.8976391070493598,1.0265608877361678,,,,,,,,,,,,,,,,,,,,,,,,,,0.4782101630370106,0.7165182987141444,0.6664523809523809,1.008932771532126
O-H-L-C Volatility,i069,F,True,,,,,,,,,,,,,,,,,,,,,,,,,,,,,,,,,,,,,,,,,,,,,,,,,,,,,,,,,,
Relative Volatility Index,i070,F,False,,,,,,,,,,,,,,,,,,,,,,,,,,0.4981434759841957,0.9062380588460068,0.8976391070493598,1.0095795200199251,,,,,,,,,,,,,,,,,,,,,,,,,,0.4976794002142092,0.6798760133524082,0.6664523809523809,1.0033598748646428
Relative Volatility Index,i070,F,True,,,,,,,,,,,,,,,,,,,,,,,,,,,,,,,,,,,,,,,,,,,,,,,,,,,,,,,,,,
Standard Deviation,i071,F,False,,,,,,,,,,,,,,,,,,,,,,,,,,0.4838272045697965,0.9237699237699237,0.8976391070493598,1.0291106041563394,,,,,,,,,,,,,,,,,,,,,,,,,,0.48079394545194915,0.7160017578983349,0.6664523809523809,1.0103740173860984
Standard Deviation,i071,F,True,,,,,,,,,,,,,,,,,,,,,,,,,,,,,,,,,,,,,,,,,,,,,,,,,,,,,,,,,,
Mass Index,i073,F,False,,,,,,,,,,,,,,,,,,,,,,,,,,0.5106858965205389,0.9016683754310747,0.8976391070493598,1.003872398857101,,,,,,,,,,,,,,,,,,,,,,,,,,0.5070570034511483,0.6693120472477276,0.6664523809523809,0.9941913118134158
Mass Index,i073,F,True,,,,,,,,,,,,,,,,,,,,,,,,,,,,,,,,,,,,,,,,,,,,,,,,,,,,,,,,,,
Net Volume,i074,D,False,2690.0,2691.0,0.46498194945848376,0.4428416877028489,1258.0,1239.0,65.0,0.4626391096979332,0.4665052461662631,0.9852941176470589,0.4645574689627553,75.0,34.64834476160576,1.2622549019607843,0.3779554937413074,0.16759388038942977,0.3143254520166898,0.14012517385257303,0.0,0.29224095132254496,0.34271503661127944,0.4240022379709063,0.3845654525784349,1.1057840334286344,1.1386243386243386,,,,,2559.0,2560.0,0.445724907063197,0.4005891016200295,491.0,470.0,11.0,0.3377588953797132,0.3667728237791932,0.8529411764705882,0.3522697106450757,90.0,37.05755785026575,3.1378299120234603,0.7956535841712618,0.20383217707300957,0.4096465147010241,0.1952428146679881,-8.326672684688674e-17,0.25929338221039866,0.33780820302065234,0.3904275092936803,0.36531664212076587,1.082217645039478,1.0965531142914735,,,,
Net Volume,i074,D,True,1075.0,1011.0,0.4680451127819549,0.4520276953511375,1258.0,1239.0,65.0,0.17965023847376788,0.19647696476964768,0.4411764705882353,0.18902683219863836,90.0,36.95980280621908,1.1144578313253013,0.39464285714285713,0.15803571428571428,0.3098214285714286,0.1375,-2.7755575615628914e-17,0.25150976038453304,0.3372786636090847,0.4259868421052631,0.38486607142857143,1.1259849995253013,1.1445028800400703,,,,,1005.0,816.0,0.4557213930348259,0.40808823529411764,491.0,470.0,11.0,0.1449814126394052,0.14012738853503184,0.4,0.14255375630475178,135.0,38.15789473684229,2.8976109215017063,0.808206958073149,0.1984469370146678,0.41932700603968937,0.18809318377911993,-4.163336342344337e-17,0.2103648800990837,0.3347470349259741,0.39522388059701485,0.36110491071428574,1.058467741935484,1.1076001995676037,,,,
OBV,i075,D,False,2973.0,2975.0,0.4746957078795644,0.45419602818705956,1258.0,1239.0,65.0,0.4753577106518283,0.48668280871670705,0.9692307692307692,0.4809771726071286,45.0,34.75589476971405,1.4248417721518987,0.39519443566234586,0.19443566234587417,0.26557066076509644,0.14479924122668353,6.938893903907228e-18,0.30120535926989306,0.347360588335728,0.42248570467541197,0.38715566944266494,1.1201783368496478,1.1716690757588641,,,,,2936.0,2936.0,0.45757675800594255,0.4176271186440678,491.0,470.0,11.0,0.36537440254912373,0.3975583864118896,0.8823529411764706,0.3814706663127157,60.0,36.57219973009491,3.4318840579710144,0.7899571341090018,0.25,0.3450956937799043,0.21800239234449761,-2.7755575615628914e-17,0.27694337252785617,0.3406381851187952,0.3906074612083196,0.36442372881355933,1.098642391901436,1.1459932096181573,,,,
OBV,i075,D,True,1231.0,1078.0,0.47157190635451507,0.4489795918367347,1258.0,1239.0,65.0,0.17965023847376788,0.20016142050040356,0.4153846153846154,0.18982779335202243,45.0,34.9047619047621,1.2794411177644711,0.4158102766798419,0.19130434782608696,0.26798418972332017,0.12490118577075099,5.551115123125783e-17,0.25462396510757696,0.3390768860812232,0.4257709251101322,0.3829268292682927,1.1501983100534574,1.1596980951239968,,,,,1141.0,939.0,0.45491470349309504,0.410010649627263,491.0,470.0,11.0,0.1571959638874137,0.15392781316348195,0.38235294117647056,0.1555614547385187,105.0,37.38601823708183,3.204081632653061,0.7798238590872698,0.25326170376055257,0.3622409823484267,0.20114472608340148,-5.551115123125783e-17,0.2162162236283657,0.33492313816255614,0.3838737949167396,0.3621405750798722,1.0583354500042335,1.132186443170122,,,,
Accumulation/Distribution,i076,D,False,3096.0,3097.0,0.46608527131782945,0.46711739397664415,1258.0,1239.0,65.0,0.5254372019077902,0.5221953188054883,0.9560439560439561,0.5238285943131759,30.0,33.0742490157974,1.4744525547445255,0.3726725866513893,0.2420509882555142,0.222572328845603,0.16270409624749355,-6.938893903907228e-17,0.3216483800953967,0.35583569983910146,0.42446186961869614,0.3870578778135048,1.1098388811646356,1.1940298507462688,,,,,2771.0,2772.0,0.4588313413014608,0.4258214404248258,491.0,470.0,11.0,0.3940520446096654,0.4156050955414013,0.9117647058823529,0.4048314308468277,45.0,37.42128582202117,3.444915254237288,0.8053571428571429,0.29144797777091697,0.2692188947205928,0.24575486261191726,-1.1102230246251565e-16,0.28768873867282724,0.3458016249162706,0.38746770025839794,0.36129148629148633,1.061321660330991,1.1500022408461434,,,,
Accumulation/Distribution,i076,D,True,1213.0,1222.0,0.4905008635578584,0.4674022066198596,1258.0,1239.0,65.0,0.19793322734499205,0.2086720867208672,0.4485294117647059,0.21145374449339208,30.0,35.66312669795024,1.2857142857142858,0.3834849545136459,0.22603219034289712,0.2344296710986704,0.15605318404478657,4.163336342344337e-17,0.26702920426362203,0.34324793279136195,0.4221189591078067,0.38780687397708674,1.1720993075494004,1.2143423137876388,,,,,1136.0,884.0,0.43643122676579926,0.41855203619909503,491.0,470.0,11.0,0.16409984067976632,0.16878980891719744,0.38461538461538464,0.1664454473055482,75.0,37.747754928529254,3.4093959731543624,0.8040816326530612,0.30434782608695654,0.2838392124692371,0.2280557834290402,-5.551115123125783e-17,0.2218787466906981,0.337346402703166,0.3871478873239437,0.3661484453360081,1.0339057683839719,1.138811942136042,,,,
MFI,i077,D,False,2153.0,2153.0,0.4719669117647059,0.448292220113852,1258.0,1239.0,65.0,0.4014308426073132,0.4188861985472155,0.9779411764705882,0.41009211053263916,105.0,37.04122674710887,1.0239190432382705,0.3957520589510186,0.13610749891634158,0.3233636757693975,0.1447767663632423,2.7755575615628914e-17,0.27616402106594273,0.3391158153598595,0.42710843373493973,0.3841318785578748,1.0958012368449606,1.1783383312753573,,,,,2089.0,2089.0,0.4575011611704598,0.4206896551724138,491.0,470.0,11.0,0.3069569835369092,0.339171974522293,0.8823529411764706,0.32306875497743565,120.0,39.50736108571933,2.4753086419753085,0.7804068078040681,0.1794871794871795,0.41114058355437666,0.20557029177718833,-5.551115123125783e-17,0.23926583836118662,0.33776868504699514,0.3881328379006038,0.3660124461464816,1.0833018000973027,1.1439644933425017,,,,
MFI,i077,D,True,868.0,777.0,0.4816053511705686,0.46454767726161367,1258.0,1239.0,65.0,0.15659777424483307,0.1791767554479419,0.43956043956043955,0.16780136163396075,105.0,38.687349710591576,0.918918918918919,0.4177215189873418,0.1323360184119678,0.29689298043728424,0.15304948216340622,-2.7755575615628914e-17,0.2450063700366012,0.33595904675130345,0.4279377880184333,0.3834352078239609,1.1620977353992847,1.210931107838324,,,,,819.0,666.0,0.45614035087719296,0.42492492492492495,491.0,470.0,11.0,0.1332979288369623,0.12579617834394904,0.38461538461538464,0.12954605787098486,150.0,40.354989626926596,2.4301075268817205,0.770345596432553,0.16802800466744458,0.4130688448074679,0.21236872812135357,-8.326672684688674e-17,0.19975208114740572,0.3352671166526005,0.3925146198830409,0.3593843843843844,1.089945755014507,1.1823689158136619,,,,
Chaikin Money Flow,i078,D,False,2441.0,2441.0,0.4674313805817288,0.4438138479001135,1258.0,1239.0,65.0,0.4610492845786963,0.44229217110573044,0.9560439560439561,0.4517420905086103,45.0,34.29046353878829,1.25,0.36924142708694146,0.1852264291017075,0.28160720471077244,0.15206096293730517,2.7755575615628914e-17,0.2973609335039227,0.34726660356521083,0.4265796443435489,0.38646046702171244,1.0950530950530948,1.1352461567187404,,,,,2194.0,2196.0,0.4495560936238902,0.40692275221612495,491.0,470.0,11.0,0.3175783324482209,0.3471337579617834,0.9090909090909091,0.332359968144412,82.5,36.79749329262128,2.8275862068965516,0.7876172607879925,0.23211567732115676,0.3698630136986301,0.2161339421613394,-8.326672684688674e-17,0.25836747362819296,0.34034539737842157,0.3899313962873285,0.3646264246517518,1.0874096412257752,1.1159990738596897,,,,
Chaikin Money Flow,i078,D,True,981.0,973.0,0.4750254841997961,0.4397590361445783,1258.0,1239.0,65.0,0.178060413354531,0.18157181571815717,0.4117647058823529,0.18822587104525432,60.0,36.329976807770834,1.0685483870967742,0.3713550600343053,0.19811320754716982,0.29073756432247,0.13979416809605488,0.0,0.2540391661298489,0.33906507833776006,0.4281164695177434,0.3797533401849949,1.151877133105802,1.1416408668730649,,,,,902.0,707.0,0.4490022172949002,0.41725601131541723,491.0,470.0,11.0,0.13170472650026555,0.14118895966029724,0.4,0.1364481019378816,150.0,37.832138779866774,2.763440860215054,0.7864372469635628,0.22055888223552894,0.3872255489021956,0.2155688622754491,-8.326672684688674e-17,0.20890235411389,0.3356439803911832,0.38980044345898,0.3630120481927711,1.0541976620616365,1.0883301096067053,,,,
Chaikin Oscillator,i079,D,False,2539.0,2539.0,0.4694761717211501,0.48041876696393954,1258.0,1239.0,65.0,0.5135135135135135,0.519774011299435,0.9560439560439561,0.5166199439327193,45.0,34.05318582358097,1.0621301775147929,0.3638392857142857,0.22163187855787475,0.22172619047619047,0.18340773809523808,5.551115123125783e-17,0.31009266608925884,0.35470787707011353,0.4200930954228085,0.3882434029145333,1.1357340720221605,1.2282407857629098,,,,,2392.0,2393.0,0.4615689381933439,0.41963578780680916,491.0,470.0,11.0,0.38024429102496016,0.39543524416135883,0.9411764705882353,0.38784178391292806,60.0,37.70491803278701,2.7546099290780144,0.7812389380530973,0.2835820895522388,0.2564102564102564,0.2797550707998469,-2.7755575615628914e-17,0.27329378888114003,0.3484027431471805,0.39083759339362956,0.36468725257323825,1.069641463526603,1.1506730351715155,,,,
Chaikin Oscillator,i079,D,True,1057.0,940.0,0.49092849519743864,0.4765957446808511,1258.0,1239.0,65.0,0.20429252782193957,0.2018970189701897,0.47058823529411764,0.21098459477561957,45.0,36.84591928926386,0.8944543828264758,0.37604456824512533,0.2181987000928505,0.22191272051996286,0.18384401114206128,1.3877787807814457e-17,0.2610170357384271,0.34246613653101354,0.42287037037037045,0.3888829787234042,1.1611979965245838,1.2255505402817675,,,,,924.0,735.0,0.4583333333333333,0.43537414965986393,491.0,470.0,11.0,0.15985130111524162,0.15711252653927812,0.38461538461538464,0.15848155030528271,90.0,38.526912181303544,2.697986577181208,0.7855044074436827,0.2832310838445808,0.2607361963190184,0.27096114519427406,-5.551115123125783e-17,0.2150516298267721,0.3393438982295205,0.3889069264069264,0.36190476190476184,1.0838624917889204,1.190033469691335,,,,
Ease of Movement,i080,D,False,2458.0,2459.0,0.46919431279620855,0.4658360128617363,1258.0,1239.0,65.0,0.4578696343402226,0.4406779661016949,0.9852941176470589,0.44933920704845814,75.0,36.212887772244564,1.1947723440134908,0.40300809872734283,0.13035094485152332,0.325106054762823,0.14153490165831084,-1.3877787807814457e-17,0.28130810960209507,0.33706117080258163,0.4241857659831122,0.38542204995693374,1.1500079201647395,1.1915246334766618,,,,,2321.0,2322.0,0.45711871567384876,0.42407333599043445,491.0,470.0,11.0,0.3244822092405735,0.3471337579617834,0.9411764705882353,0.33581099017786037,90.0,39.357648339684246,2.8971684053651265,0.8070050035739814,0.15675010258514568,0.4222404595814526,0.20886335658596636,-2.7755575615628914e-17,0.24604406671729998,0.33398553871812825,0.3880439374735952,0.36586010573403815,1.0686034139797382,1.1540756006291013,,,,
Ease of Movement,i080,D,True,982.0,906.0,0.49160671462829736,0.46909492273730685,1258.0,1239.0,65.0,0.16931637519872814,0.18321226795803067,0.4632352941176471,0.1762114537444934,75.0,37.09293089753765,1.0683760683760684,0.4225900681596884,0.12658227848101267,0.30963972736124634,0.14118792599805258,5.551115123125783e-17,0.24628991737967354,0.3359812080526678,0.4219959266802443,0.38944906444906446,1.1584699453551912,1.2008674437516942,,,,,834.0,732.0,0.47845303867403316,0.41939890710382516,491.0,470.0,11.0,0.14232607541157727,0.13800424628450106,0.38235294117647056,0.14016458720467215,135.0,38.855076751299144,2.8612099644128115,0.8077689243027888,0.1689989235737352,0.4198895027624309,0.2121546961325967,0.0,0.20423880409323933,0.333522819928254,0.39138121546961324,0.3614754098360655,1.1235244519392917,1.1137018241667809,,,,
Elder Force Index,i081,D,False,2431.0,2432.0,0.4967824967824968,0.48607186112232537,1258.0,1239.0,65.0,0.431637519872814,0.4519774011299435,0.9692307692307692,0.4417300760913096,60.0,37.281119731175636,1.1475128644939965,0.40487387772552375,0.19666524155622062,0.21675929884566053,0.18170158187259514,0.0,0.29602700881332605,0.34659086142578016,0.4268339768339768,0.3896245458215583,1.1825558771888198,1.2153372132831222,,,,,2331.0,2335.0,0.47162426614481406,0.4222861842105263,491.0,470.0,11.0,0.3382899628252788,0.37154989384288745,0.9117647058823529,0.35492434297849745,60.0,38.31992062617168,2.788375558867362,0.8311884935654807,0.2574178027265437,0.24659182036888533,0.2594226142742582,-4.85722573273506e-17,0.26394773239114705,0.3373903072607276,0.38913894324853227,0.36546052631578946,1.1302536917834154,1.1554905490549057,,,,
Elder Force Index,i081,D,True,970.0,813.0,0.5086705202312138,0.4661746617466175,1258.0,1239.0,65.0,0.1680327868852459,0.18507638072855465,0.46153846153846156,0.17653958944281525,60.0,36.545299860848836,1.025229357798165,0.41755888650963596,0.20235546038543897,0.21948608137044967,0.16059957173447537,0.0,0.24919572936027604,0.3375742281899803,0.4246568109820486,0.3886223862238623,1.2325674060300171,1.2523653879236196,,,,,919.0,734.0,0.4720168954593453,0.444141689373297,491.0,470.0,11.0,0.1417950079660117,0.1454352441613588,0.4153846153846154,0.14361560923812053,105.0,37.94642857142831,2.7527675276752768,0.822198275862069,0.2690631808278867,0.2701525054466231,0.2222222222222222,-5.551115123125783e-17,0.20955749221910513,0.3336152533375085,0.3880927835051547,0.35572207084468666,1.1115255501678476,1.1995568919132773,,,,
Price & Volume Trend,i082,D,False,1804.0,1806.0,0.49611973392461195,0.48388800845219226,1258.0,1239.0,65.0,0.34737678855325915,0.37368845843422116,0.8823529411764706,0.3604325190228274,75.0,38.679245283019185,0.8432601880877743,0.3996447602131439,0.16933096506808762,0.2291296625222025,0.20189461219656601,-3.469446951953614e-17,0.2793568791428648,0.34383842799900166,0.42469987995198083,0.3897352782279849,1.2175977837873493,1.256007689842999,,,,,1666.0,1669.0,0.483615221987315,0.43853820598006643,491.0,470.0,11.0,0.2782793414763675,0.29670912951167727,0.8181818181818182,0.2874966817095832,90.0,40.559199988857834,2.1590524534686972,0.8289131565262611,0.2345205479452055,0.25424657534246575,0.27287671232876715,-5.551115123125783e-17,0.2456230506456346,0.33803458688816135,0.391992600422833,0.3599769319492503,1.1452335252719132,1.1975504649580404,,,,
Price & Volume Trend,i082,D,True,689.0,583.0,0.5233990147783252,0.4631956912028725,1258.0,1239.0,65.0,0.12646370023419204,0.13866039952996476,0.38461538461538464,0.13255131964809383,60.0,37.03138711075066,0.8017751479289941,0.4166666666666667,0.18209876543209877,0.2175925925925926,0.18364197530864199,0.0,0.24162268548999677,0.33744518180444594,0.427617602427921,0.38617594254937165,1.2158489486482624,1.2319178721418573,,,,,659.0,520.0,0.47040971168437024,0.4528301886792453,491.0,470.0,11.0,0.11524163568773234,0.1173036093418259,0.3384615384615385,0.11627289620387576,127.5,40.44318102226752,2.180672268907563,0.8286118980169972,0.2655786350148368,0.2744807121661721,0.24480712166172106,-1.1102230246251565e-16,0.20004182832408737,0.33406610498972733,0.39187227866473145,0.36605769230769225,1.100070972320795,1.199056921522398,,,,
Volume,i083,F,False,,,,,,,,,,,,,,,,,,,,,,,,,,0.4906904761904762,0.9141021305377072,0.8976391070493598,1.0167912411762743,,,,,,,,,,,,,,,,,,,,,,,,,,0.488206592883494,0.6984327235673735,0.6664523809523809,1.0072132805404752
Volume,i083,F,True,,,,,,,,,,,,,,,,,,,,,,,,,,,,,,,,,,,,,,,,,,,,,,,,,,,,,,,,,,
Volume Oscillator,i084,F,False,,,,,,,,,,,,,,,,,,,,,,,,,,0.3901080592183558,0.9002372331127482,0.8976391070493598,1.0011122800856442,,,,,,,,,,,,,,,,,,,,,,,,,,0.3755952380952381,0.6635816164817749,0.6664523809523809,0.9956924687304687
Volume Oscillator,i084,F,True,,,,,,,,,,,,,,,,,,,,,,,,,,,,,,,,,,,,,,,,,,,,,,,,,,,,,,,,,,
Volume Profile Fixed Range,i085,F,False,,,,,,,,,,,,,,,,,,,,,,,,,,0.5343091752945377,0.9098857064796685,0.8976391070493598,1.0136431215330677,,,,,,,,,,,,,,,,,,,,,,,,,,0.5226569565424342,0.6840755735492577,0.6664523809523809,1.0066910434497491
Volume Profile Fixed Range,i085,F,True,,,,,,,,,,,,,,,,,,,,,,,,,,,,,,,,,,,,,,,,,,,,,,,,,,,,,,,,,,
VWAP,i086,D,False,2289.0,2293.0,0.494586401039411,0.4871347579590057,1258.0,1239.0,65.0,0.40620031796502387,0.4100080710250202,0.9090909090909091,0.408089707649179,60.0,36.068097938602925,1.186219739292365,0.4168081494057725,0.1799660441426146,0.22198641765704585,0.18123938879456705,5.551115123125783e-17,0.29139993883874277,0.34567745210992307,0.4268239405854085,0.3845909090909091,1.178380643133969,1.2302858938108703,,,,,2166.0,2165.0,0.4844910441240716,0.42875703767864876,491.0,470.0,11.0,0.3154540626659586,0.3317409766454352,0.8461538461538461,0.32359968144412,75.0,39.321626230774285,2.7566718995290422,0.8226065969428801,0.25045454545454543,0.28863636363636364,0.25545454545454543,-2.7755575615628914e-17,0.2576470587572726,0.3392762135536879,0.3900608960417573,0.36755196304849885,1.13510747185261,1.1629272876776695,,,,
VWAP,i086,D,True,915.0,874.0,0.4964705882352941,0.45423340961098396,1258.0,1239.0,65.0,0.15500794912559618,0.17029862792574657,0.4117647058823529,0.16259511413696437,45.0,35.58838154164562,1.0302325581395348,0.43125,0.20104166666666667,0.19895833333333332,0.16875,-2.7755575615628914e-17,0.2490801997116453,0.33765708769377095,0.42245901639344263,0.3912797281993205,1.204052780395853,1.2107443538687692,,,,,825.0,638.0,0.4721311475409836,0.4278996865203762,491.0,470.0,11.0,0.12639405204460966,0.12951167728237792,0.36923076923076925,0.12795327847093177,105.0,37.53306878306868,2.503731343283582,0.8218579234972677,0.26401869158878505,0.3212616822429907,0.2161214953271028,-8.326672684688674e-17,0.2055729408401,0.3338715644705476,0.3847058823529412,0.35965909090909093,1.1175785797438882,1.1517261386713085,,,,
VWMA,i087,D,False,2842.0,2843.0,0.5022390630382363,0.4901893287435456,1258.0,1239.0,65.0,0.5238473767885533,0.5246166263115416,0.9852941176470589,0.5242290748898678,60.0,36.91181201583267,1.2798833819241981,0.417634996582365,0.19958988380041012,0.21496924128503075,0.16780587833219412,2.7755575615628914e-17,0.30612046678101584,0.34830413668581633,0.4247502583534275,0.38731884057971017,1.1824338023600016,1.2516442375796824,,,,,2721.0,2723.0,0.4608010955152345,0.42103411888849807,491.0,470.0,11.0,0.3786510886882634,0.4150743099787686,0.9411764705882353,0.39686753384656226,60.0,38.93805309734463,3.0773405698778835,0.8183581124757595,0.23433538572980803,0.27091633466135456,0.27308946034045634,0.0,0.27642179661435734,0.34274045228762723,0.3883943854844231,0.36294528094013956,1.1408462230951797,1.1513490116866254,,,,
VWMA,i087,D,True,1140.0,1070.0,0.5119658119658119,0.4635514018691589,1258.0,1239.0,65.0,0.1836248012718601,0.21138211382113822,0.42857142857142855,0.197436924309171,60.0,36.5606936416185,1.1791907514450868,0.4390451832907076,0.2020460358056266,0.20630861040068202,0.1526001705029838,0.0,0.25683484723277666,0.3387629586083021,0.4226890756302521,0.38480839416058393,1.223155929038282,1.2549773445008925,,,,,1047.0,803.0,0.4745614035087719,0.43586550435865506,491.0,470.0,11.0,0.1609134360063728,0.15605095541401273,0.4,0.15848155030528271,90.0,37.78684344722081,3.110738255033557,0.8117001828153565,0.24216524216524216,0.2744539411206078,0.2564102564102564,-8.326672684688674e-17,0.21679171206687253,0.33649567086409743,0.38945454545454544,0.3638231631382316,1.1205468102734049,1.182923920820415,,,,
Pivot Points Standard,i088,D,False,942.0,944.0,0.49413020277481323,0.4809322033898305,1258.0,1239.0,65.0,0.21303656597774245,0.2033898305084746,0.5846153846153846,0.20824989987985582,90.0,40.405597780044914,0.7365591397849462,0.39810924369747897,0.1638655462184874,0.24054621848739496,0.19747899159663865,2.7755575615628914e-17,0.2544738485913979,0.33969192445234814,0.425880469583778,0.3892898052691868,1.1854139446490082,1.2426920462270563,,,,,875.0,873.0,0.4707631318136769,0.4529236868186323,491.0,470.0,11.0,0.14710568242166755,0.14915074309978768,0.5454545454545454,0.14812848420493763,150.0,43.14339068076597,1.4961636828644502,0.8011049723756906,0.2569360675512666,0.3148371531966224,0.27744270205066346,-8.326672684688674e-17,0.2120245627831944,0.33917100619238155,0.38954352441613593,0.3644697720515362,1.081265649897564,1.1922268907563025,,,,
Pivot Points Standard,i088,D,True,353.0,368.0,0.48284313725490197,0.47540983606557374,1258.0,1239.0,65.0,0.0643879173290938,0.08555286521388217,0.26373626373626374,0.07488986784140969,75.0,36.27967283409657,0.7044334975369458,0.39086294416243655,0.20304568527918782,0.23604060913705585,0.1700507614213198,0.0,0.23091088013232655,0.33514173924931295,0.4251428571428571,0.3880434782608695,1.1557922769640478,1.2461334511710116,,,,,297.0,316.0,0.42857142857142855,0.4462025316455696,491.0,470.0,11.0,0.05469994689325544,0.05997876857749469,0.17647058823529413,0.05734005840191134,120.0,38.26055654991065,1.4242424242424243,0.7927710843373494,0.309375,0.33125,0.23125,-5.551115123125783e-17,0.1863069295072776,0.33443340891692386,0.38725212464589237,0.35806962025316463,1.0080645161290323,1.1611675126903553,,,,
Balance of Power,i089,D,False,2895.0,2897.0,0.47434624296590533,0.4618570935450466,1258.0,1239.0,65.0,0.48569157392686807,0.48668280871670705,0.9692307692307692,0.48618342010412496,60.0,34.75070721357849,1.4933437744714173,0.39575411913814956,0.19316400125431168,0.2674271229404309,0.13719898605830164,0.0,0.2997331692259401,0.3431418098847237,0.42341939755047997,0.3869175008629617,1.1281966943507935,1.1789210581128928,,,,,2755.0,2754.0,0.4534766543500168,0.4176056338028169,491.0,470.0,11.0,0.3643122676579926,0.3874734607218684,0.9117647058823529,0.3758959384125299,75.0,36.70033670033683,3.3094890510948907,0.8092356687898089,0.21775490511418463,0.358957864265037,0.21389514313284014,-5.551115123125783e-17,0.26686904440745557,0.3371900847110738,0.3903762176687941,0.3642156862745098,1.1123433970014374,1.1419767945693515,,,,
Balance of Power,i089,D,True,1190.0,1124.0,0.4760180995475113,0.46886120996441283,1258.0,1239.0,65.0,0.18521462639109698,0.2122679580306699,0.45054945054945056,0.1986383660392471,60.0,36.19976099072852,1.3065134099616857,0.4150641025641026,0.20352564102564102,0.24759615384615385,0.13381410256410256,-4.163336342344337e-17,0.2557580397357888,0.33750929030663207,0.41923076923076924,0.3859202714164547,1.1720142602495542,1.178443649373882,,,,,1105.0,885.0,0.45568561872909696,0.392090395480226,491.0,470.0,11.0,0.15866510538641687,0.15498938428874734,0.4,0.15848155030528271,105.0,36.63591316658806,3.179310344827586,0.7981180496150556,0.21991701244813278,0.36929460580912865,0.1983402489626556,-1.1102230246251565e-16,0.21278499083373392,0.3339310091516707,0.39702015775635413,0.3614689265536723,1.0869565217391304,1.0847139731165991,,,,
Accumulative Swing Index,i090,D,False,2062.0,2063.0,0.531934731934732,0.4601951720595788,1258.0,1239.0,65.0,0.40540540540540543,0.4519774011299435,0.9230769230769231,0.42851421706047255,75.0,37.577226418564415,0.8911504424778761,0.42498719918074757,0.17979700338327695,0.20174091141833078,0.19098822324628775,2.7755575615628914e-17,0.2872216323511588,0.3468559015335327,0.4236382322713258,0.3845290385553929,1.2663755458515285,1.173731343283582,,,,,1946.0,1947.0,0.520368574199806,0.37668997668997667,491.0,470.0,11.0,0.3069569835369092,0.3487261146496815,0.8529411764705882,0.3278470931775949,90.0,40.02988670185671,2.503076923076923,0.8252883383169586,0.24059787849566056,0.2569913211186114,0.2786885245901639,-5.551115123125783e-17,0.2522179695147651,0.33920392698875973,0.3902521823472357,0.36244593945218645,1.2394090810341083,1.0364954140209095,,,,
Accumulative Swing Index,i090,D,True,868.0,645.0,0.5272496831432193,0.44651162790697674,1258.0,1239.0,65.0,0.15580286168521462,0.15040650406504066,0.4175824175824176,0.15458550260312376,75.0,36.69404551971716,0.8902439024390244,0.4534246575342466,0.17945205479452056,0.18356164383561643,0.18356164383561643,-2.7755575615628914e-17,0.2461919396743408,0.3382845540564116,0.4267427122940431,0.3857758620689655,1.2918042198937851,1.1390152264188251,,,,,789.0,572.0,0.5184331797235023,0.3513986013986014,491.0,470.0,11.0,0.13913967073818376,0.1173036093418259,0.36923076923076925,0.12821874170427397,135.0,39.67046894803536,2.6603053435114505,0.8285714285714286,0.2430025445292621,0.25190839694656486,0.2786259541984733,-5.551115123125783e-17,0.20443992782403597,0.3353311171858468,0.4002424242424242,0.35926573426573427,1.2074159907300115,0.9781021897810219,,,,
Up/Down,i091,D,False,2275.0,2276.0,0.4663736263736264,0.4112478031634446,1258.0,1239.0,65.0,0.3894039735099338,0.420500403551251,0.9538461538461539,0.408089707649179,90.0,35.578105781058035,1.172062904717854,0.365767878077374,0.15974729241877256,0.33216100039077767,0.13872606486908948,-2.7755575615628914e-17,0.2814832994465913,0.33937320510794006,0.4227587700303161,0.38615992970123025,1.1289248578599602,1.064489589266502,,,,,1982.0,1980.0,0.446518668012109,0.3895321908290875,491.0,470.0,11.0,0.26022304832713755,0.27016985138004246,0.7352941176470589,0.26519777010883994,105.0,37.397665625513916,2.856697819314642,0.7903167091372406,0.20751761942051683,0.4389193422083007,0.1851996867658575,-4.163336342344337e-17,0.24373163405683274,0.3384868895159749,0.38985872855701315,0.36593330245484024,1.0472311842174855,1.0505494505494504,,,,
Up/Down,i091,D,True,949.0,780.0,0.4671890303623898,0.4025641025641026,1258.0,1239.0,65.0,0.15659777424483307,0.14634146341463414,0.4411764705882353,0.16419703644373249,105.0,38.05565339908398,1.0160550458715596,0.38058252427184464,0.1563106796116505,0.3145631067961165,0.14854368932038836,2.7755575615628914e-17,0.24666286950835722,0.335966566836536,0.4243794326241135,0.38418903150525086,1.167682926829268,1.0912250217202435,,,,,840.0,668.0,0.45595238095238094,0.38772455089820357,491.0,470.0,11.0,0.11895910780669144,0.11093418259023355,0.3235294117647059,0.11494558003716485,165.0,39.52917794606478,2.693140794223827,0.769825918762089,0.20249221183800623,0.4485981308411215,0.18691588785046728,-2.7755575615628914e-17,0.2016804668219604,0.334489656101262,0.39047619047619053,0.3611526946107785,1.0511238431026884,1.013042159538975,,,,
Spread,i092,F,False,,,,,,,,,,,,,,,,,,,,,,,,,,0.5112142857142857,0.900521609538003,0.8976391070493598,1.0026711240334163,,,,,,,,,,,,,,,,,,,,,,,,,,0.5020231351454277,0.672209026128266,0.6664523809523809,1.000249526350019
Spread,i092,F,True,,,,,,,,,,,,,,,,,,,,,,,,,,,,,,,,,,,,,,,,,,,,,,,,,,,,,,,,,,
Correlation Coefficient,i093,F,False,,,,,,,,,,,,,,,,,,,,,,,,,,0.49804845542386594,0.9058304473646758,0.8976391070493598,1.0091254271911592,,,,,,,,,,,,,,,,,,,,,,,,,,0.49546590503391646,0.6731343991650458,0.6664523809523809,1.0003974049701265
Correlation Coefficient,i093,F,True,,,,,,,,,,,,,,,,,,,,,,,,,,,,,,,,,,,,,,,,,,,,,,,,,,,,,,,,,,
Correlation-Log,i094,F,False,,,,,,,,,,,,,,,,,,,,,,,,,,0.4975,0.9098698066245453,0.8976391070493598,1.0110213099723906,,,,,,,,,,,,,,,,,,,,,,,,,,0.4972154790803941,0.6737975592246949,0.6664523809523809,1.0018780247152752
Correlation-Log,i094,F,True,,,,,,,,,,,,,,,,,,,,,,,,,,,,,,,,,,,,,,,,,,,,,,,,,,,,,,,,,,
Rank Correlation,i095,F,False,,,,,,,,,,,,,,,,,,,,,,,,,,0.502927316864201,0.9059246640166572,0.8976391070493598,1.00522089206454,,,,,,,,,,,,,,,,,,,,,,,,,,0.49687016541711293,0.669931856899489,0.6664523809523809,0.9981631584079402
Rank Correlation,i095,F,True,,,,,,,,,,,,,,,,,,,,,,,,,,,,,,,,,,,,,,,,,,,,,,,,,,,,,,,,,,
Ratio,i096,F,False,,,,,,,,,,,,,,,,,,,,,,,,,,0.5114047619047619,0.900456493385504,0.8976391070493598,1.0027541873455834,,,,,,,,,,,,,,,,,,,,,,,,,,0.5021183415052125,0.6722379999068858,0.6664523809523809,1.000260041744466
Ratio,i096,F,True,,,,,,,,,,,,,,,,,,,,,,,,,,,,,,,,,,,,,,,,,,,,,,,,,,,,,,,,,,
Standard Error,i097,F,False,,,,,,,,,,,,,,,,,,,,,,,,,,0.4877067713911698,0.9199783858132338,0.8976391070493598,1.0204464688661676,,,,,,,,,,,,,,,,,,,,,,,,,,0.4844828406873245,0.7101870698846564,0.6664523809523809,1.009805374087165
Standard Error,i097,F,True,,,,,,,,,,,,,,,,,,,,,,,,,,,,,,,,,,,,,,,,,,,,,,,,,,,,,,,,,,
Average Price,i099,D,False,2020.0,2019.0,0.5056234718826406,0.502053388090349,1258.0,1239.0,65.0,0.43481717011128773,0.4487489911218725,0.9632352941176471,0.4417300760913096,75.0,38.84517226712036,0.8935622317596567,0.42003948667324775,0.14500484966052377,0.24679170779861798,0.18213228035538007,0.0,0.28189387348209455,0.34199040653557894,0.4260635696821516,0.3841632443531828,1.1867324687248937,1.2810883582512573,,,,,1942.0,1943.0,0.47079207920792077,0.43033596837944665,491.0,470.0,11.0,0.32076473712161446,0.339171974522293,0.8823529411764706,0.32997079904433235,90.0,40.23668639053252,2.2518853695324283,0.8262265016047684,0.16735966735966737,0.3201663201663202,0.27598752598752596,-2.7755575615628914e-17,0.24596641461184832,0.33667994565316883,0.38972772277227724,0.36317550180133823,1.146474820143885,1.1714862138533964,,,,
Average Price,i099,D,True,804.0,708.0,0.5196629213483146,0.4887005649717514,1258.0,1239.0,65.0,0.15421303656597773,0.17594834543987087,0.42857142857142855,0.16499799759711653,75.0,38.99308983218188,0.7785388127853882,0.44501278772378516,0.1534526854219949,0.24552429667519182,0.15601023017902813,2.7755575615628914e-17,0.24400896953059117,0.3364252878746254,0.417226368159204,0.3895833333333333,1.2212683467183607,1.276259674616964,,,,,712.0,572.0,0.47761194029850745,0.4458041958041958,491.0,470.0,11.0,0.13064259160913436,0.13588110403397027,0.4,0.1332625431377754,120.0,40.39724643172933,2.1868131868131866,0.8465608465608465,0.17174515235457063,0.3254847645429363,0.2590027700831025,-5.551115123125783e-17,0.20106050876680448,0.33449521705745444,0.3800964187327824,0.36092657342657336,1.1447309584140706,1.2348322626695216,,,,
Typical Price,i100,D,False,2162.0,2162.0,0.5123247945867568,0.5013661202185792,1258.0,1239.0,65.0,0.44753577106518283,0.46569814366424533,0.9705882352941176,0.4565478574289147,75.0,38.10427765212775,0.9833610648918469,0.4252660805182786,0.15976597659765976,0.23461360481258678,0.17954650624710783,1.3877787807814457e-17,0.2874195724510639,0.3437923431346203,0.42365864939870485,0.3880183220829315,1.1972533599389636,1.2809257781324819,,,,,2069.0,2070.0,0.46918123275068996,0.4343200740055504,491.0,470.0,11.0,0.33191715347849177,0.3481953290870488,0.8823529411764706,0.3400584019113353,75.0,40.28985507246375,2.4336810730253355,0.8231000429368828,0.1860236220472441,0.29773622047244097,0.2736220472440945,-8.326672684688674e-17,0.25162609853064977,0.3385061629197721,0.3918813247470101,0.3631884057971015,1.1529013592445005,1.1802413273001509,,,,
Typical Price,i100,D,True,853.0,770.0,0.513203214695752,0.4864864864864865,1258.0,1239.0,65.0,0.15659777424483307,0.1824051654560129,0.4175824175824176,0.16940328394072887,75.0,37.89778905400527,0.8463251670378619,0.4534746760895171,0.16489988221436985,0.22850412249705537,0.15312131919905772,-2.7755575615628914e-17,0.24594112217389683,0.3366280161786604,0.4264947245017586,0.3784848484848485,1.220303777748929,1.29317980513729,,,,,755.0,598.0,0.4806565064478312,0.4414715719063545,491.0,470.0,11.0,0.1370154009559214,0.13694267515923567,0.4,0.13697902840456597,105.0,40.52419354838713,2.380434782608696,0.8382716049382716,0.19919786096256684,0.29411764705882354,0.2540106951871658,-5.551115123125783e-17,0.204452775160801,0.33538870308595614,0.39090330788804073,0.36346153846153845,1.1269928532160525,1.198748559196443,,,,
Median Price,i101,D,False,2192.0,2192.0,0.5,0.4988814317673378,1258.0,1239.0,65.0,0.4435612082670906,0.46569814366424533,0.9692307692307692,0.45454545454545453,75.0,38.21904142486686,1.003338898163606,0.4202247191011236,0.1349934469200524,0.2701123595505618,0.1649438202247191,0.0,0.2822181111920872,0.3401755720759552,0.42247090420769917,0.38628993800667616,1.1962280144098327,1.2708725138200263,,,,,2092.0,2093.0,0.46462370437133843,0.42563868613138683,491.0,470.0,11.0,0.33297928836962293,0.34501061571125263,0.8823529411764706,0.33899654897796655,90.0,39.86486486486448,2.4465875370919883,0.8301647655259823,0.1601338432122371,0.34464627151051624,0.25478011472275336,-2.0816681711721685e-17,0.24664418410160685,0.33458740744699084,0.3872915727805318,0.36395985401459857,1.1594822975719328,1.1694660315868637,,,,
Median Price,i101,D,True,876.0,782.0,0.5084525357607282,0.4782608695652174,1258.0,1239.0,65.0,0.15977742448330684,0.18292682926829268,0.43956043956043955,0.1726071285542651,75.0,38.07985907222529,0.8555798687089715,0.446242774566474,0.15144508670520232,0.25780346820809247,0.14450867052023122,2.7755575615628914e-17,0.24452941771242961,0.3355434004141564,0.42397260273972603,0.3844086021505376,1.2422202464117873,1.2790364209922571,,,,,769.0,624.0,0.478310502283105,0.453525641025641,491.0,470.0,11.0,0.13913967073818376,0.14012738853503184,0.4,0.1396336607379878,105.0,40.31830238726807,2.409252669039146,0.8429951690821256,0.1585677749360614,0.3567774936061381,0.23657289002557544,0.0,0.20211035050575774,0.3343141248215114,0.38996259351620954,0.36081730769230763,1.128163704900377,1.2254259501965925,,,,
