indicator,key,symbol,htf,n_trades,n_long,n_short,win_rate,gross_pct,fees_pct,slippage_pct,funding_pct,net_pct,profit_factor,max_drawdown_pct,expectancy_net_pct,expectancy_gross_pct,avg_win_pct,avg_loss_pct,avg_hold_min,tp_share,sl_share,opposite_exit_share,time_exit_share
SMA,i001,BTCUSDT,False,4448,2359,2089,0.22009892086330934,-6.255343425833704,444.8026194524731,0.9207295714696523,-0.19280200000000186,-452.1714944497764,0.5530584417072886,452.1870837052791,-0.1016572604428454,-0.0014063272090453472,0.5715322945162207,-0.291640706480587,66.18412769784173,0.08880395683453238,0.02990107913669065,0.8810701438848921,0.0002248201438848921
SMA,i001,BTCUSDT,True,1278,662,616,0.4131455399061033,34.67323999294302,127.82081243689957,0.27001450323272824,-1.0148940000000106,-94.43248094718929,0.8232807656642124,109.39513905868421,-0.07389083016211995,0.02713086071435291,0.8332045349298193,-0.7124859671868452,267.12910798122067,0.2730829420970266,0.4045383411580595,0.02112676056338028,0.30125195618153366
EMA,i002,BTCUSDT,False,4746,2492,2254,0.1997471554993679,-5.753410233324097,474.593611596519,0.9819660525981946,-0.09083500000000529,-481.4198228824412,0.5256456492784123,482.10641448350236,-0.10143696225925858,-0.0012122651144804248,0.5627374487871226,-0.2672182528521942,60.01748841129372,0.08154235145385588,0.025495153813737886,0.8925410872313527,0.00042140750105351877
EMA,i002,BTCUSDT,True,1277,672,605,0.4244322631166797,53.94681653540213,127.7222506970987,0.2695336387004315,-1.0248890000000104,-75.069856800397,0.8574273369723148,86.55487784782807,-0.05878610556021692,0.04224496204808311,0.8329661733119516,-0.7163775819530268,266.6797180892717,0.2826938136256852,0.4032889584964761,0.01957713390759593,0.29444009397024273
DEMA,i003,BTCUSDT,False,6383,3325,3058,0.22998590004699984,-46.77670823145912,638.3024195940754,1.3246825949985308,0.1737150000000009,-686.230095420533,0.49438323703049,687.7192414571616,-0.10750902325247266,-0.007328326528506833,0.4570734318423822,-0.27613710953512716,50.44649851167163,0.06141312862290459,0.032743224189252705,0.9058436471878427,0.0
DEMA,i003,BTCUSDT,True,1601,793,808,0.4066208619612742,24.015814732651886,160.12407923470371,0.3394699633625103,-1.150964000000015,-137.59869846541434,0.7994620250246304,154.36752225247187,-0.08594547062174539,0.015000508889851272,0.8426254101746877,-0.7222608847254063,251.579637726421,0.27482823235477827,0.41474078700811995,0.03310430980637102,0.2773266708307308
TEMA,i004,BTCUSDT,False,7320,3875,3445,0.25136612021857924,-30.940058393904923,732.0030758735728,1.5154846230326424,-0.010148000000009382,-764.4687668905103,0.4813317816997007,764.4687668905103,-0.10443562389214622,-0.004226783933593569,0.3855643087412111,-0.268961148717945,43.35710382513661,0.04685792349726776,0.03538251366120219,0.9176229508196722,0.0001366120218579235
TEMA,i004,BTCUSDT,True,1751,879,872,0.4089091947458595,33.23045388173343,175.1269016761777,0.3714833547843206,-1.2081680000000146,-143.4760991492286,0.8082662644980575,148.474981390476,-0.08193951978825162,0.01897798622600425,0.8447388287041255,-0.7230039618370846,248.1233580810965,0.278697886921759,0.4106225014277556,0.03826384922901199,0.2724157624214734
Hull MA,i005,BTCUSDT,False,7774,4116,3658,0.2589400565989195,-37.89599849327314,777.3992981618817,1.6106017149217156,0.01306899999999481,-816.8928293700766,0.47147988661026685,816.9046958702779,-0.10508011697582667,-0.004874710379891066,0.36201199425187425,-0.2682907435860266,40.728325186519164,0.042706457422176484,0.033830717777206074,0.9234628248006175,0.0
Hull MA,i005,BTCUSDT,True,1805,914,891,0.41329639889196673,47.14376845887245,180.52197692112748,0.383332324879014,-1.334316000000012,-135.09585678713404,0.824435347349249,148.129191138556,-0.07484535002057288,0.02611843127915371,0.8503989683043663,-0.7266227451767623,245.54072022160665,0.2853185595567867,0.4121883656509695,0.038781163434903045,0.26371191135734073
Hamming MA,i006,BTCUSDT,False,4250,2275,1975,0.2336470588235294,-9.703741935068777,424.99636856218467,0.8812560454454113,-0.11153300000000142,-435.69289954269885,0.5599977600408669,436.1976033944905,-0.10251597636298797,-0.002283233396486771,0.558422149873493,-0.3040239773924094,69.97905882352941,0.09129411764705882,0.036470588235294116,0.8722352941176471,0.0
Hamming MA,i006,BTCUSDT,True,1287,668,619,0.40404040404040403,19.352031416932913,128.71733558218148,0.27195134163669266,-0.95724500000001,-110.59450050688527,0.797214889741416,122.89859827929754,-0.08593201282586267,0.015036543447500321,0.8361217601534301,-0.7110532148457224,267.1903651903652,0.26728826728826727,0.40792540792540793,0.024087024087024088,0.3006993006993007
Arnaud Legoux MA,i007,BTCUSDT,False,7095,3965,3130,0.22677942212825933,-17.17229855035288,709.4839470421393,1.471175302082313,-0.1320479999999934,-728.2594688945745,0.4769333992375079,728.2594688945742,-0.10264404071805137,-0.0024203380620652407,0.4126965541645507,-0.253789322738851,43.219027484143766,0.05369978858350952,0.020014094432699085,0.9261451726568005,0.00014094432699083862
Arnaud Legoux MA,i007,BTCUSDT,True,1647,839,808,0.4074074074074074,35.99271199556051,164.71720170589577,0.3496753409241082,-1.1700960000000158,-130.2442610512594,0.8144336153543584,150.08618484852218,-0.07907969705601663,0.021853498479393146,0.8519075359625367,-0.7191334197562719,253.15239829993928,0.27929568913175473,0.40922890103217974,0.03460837887067395,0.2768670309653916
Least Squares MA,i008,BTCUSDT,False,4087,2287,1800,0.24051871788597995,-22.302254445504353,408.6995141450796,0.8481405572240655,-0.37247400000000735,-432.22238314780805,0.5759747102304308,433.02147429949935,-0.1057554154998307,-0.0054568765464899326,0.5972626970563155,-0.32839291699554324,77.25691216050893,0.10031808172253487,0.06068020552972841,0.838757034499633,0.00024467824810374357
Least Squares MA,i008,BTCUSDT,True,1248,646,602,0.4046474358974359,-4.051057927169199,124.80808913963335,0.26328367098305333,-1.0351350000000166,-130.15756573778563,0.7649617999715993,144.63286604620737,-0.10429292126425131,-0.003246040005744551,0.8388403933822506,-0.7453189292002992,261.89903846153845,0.2692307692307692,0.43349358974358976,0.01842948717948718,0.27884615384615385
Smoothed MA,i009,BTCUSDT,False,3939,2087,1852,0.19928915968519928,23.115273687558513,393.88980040419074,0.8169009184146776,-0.21921900000000613,-371.81064663504685,0.568663593077152,373.34574309788286,-0.0943921418215402,0.0058683101517031004,0.6244410900732116,-0.27330275914474245,68.88499619192689,0.09444021325209444,0.02691038334602691,0.8776339172378776,0.0010154861640010156
Smoothed MA,i009,BTCUSDT,True,1132,597,535,0.43197879858657245,59.115530285220316,113.21239007390014,0.23850846580478713,-0.9197940000000145,-55.25516225448462,0.8803522704390594,64.09836940303546,-0.04881198079018075,0.05222219989860453,0.831411497823375,-0.7182198828773172,271.4028268551237,0.2862190812720848,0.4001766784452297,0.01678445229681979,0.2968197879858657
Adaptive MA,i010,BTCUSDT,False,3518,1885,1633,0.1961341671404207,-28.235956056313118,351.79668281598333,0.7275136804104857,-0.2988219999999989,-381.05897455270696,0.5546020847111877,382.1604635264002,-0.10831693421054774,-0.008026138731186218,0.6876642095231633,-0.302527326422804,77.39567936327458,0.10375213189312109,0.03723706651506538,0.8533257532689028,0.005685048322910745
Adaptive MA,i010,BTCUSDT,True,1102,581,521,0.4237749546279492,47.182601878353935,110.21613969351769,0.23193701604616734,-0.8236600000000096,-64.08913483120993,0.8578601130084349,73.47721917261777,-0.05815710964719595,0.04281542820177308,0.8282625743178293,-0.7100594599017892,268.7568058076225,0.28039927404718695,0.39201451905626133,0.016333938294010888,0.31125226860254085
Multi-Timeframe MA,i011,BTCUSDT,False,1469,727,742,0.20830496936691628,5.521048028738862,146.90282492378563,0.30432926774843394,-0.16445900000000477,-141.85056516279522,0.6517203014621683,150.8005252958501,-0.09656267199645692,0.003758371700979484,0.8674465694549244,-0.35020568823387965,124.09394145677331,0.13955071477195372,0.06262763784887679,0.7120490129339687,0.08577263444520082
Multi-Timeframe MA,i011,BTCUSDT,True,492,268,224,0.4451219512195122,33.35617967740377,49.20679008565864,0.1035584610715832,-0.502177000000008,-16.456345869326462,0.9116418946494179,30.533830366052655,-0.033447857457980616,0.06779711316545482,0.7752953370104351,-0.6822198706029734,279.7621951219512,0.27235772357723576,0.35365853658536583,0.02032520325203252,0.35365853658536583
WMA,i012,BTCUSDT,False,5379,2918,2461,0.2171407324781558,-5.408064662773581,537.9020204043362,1.1136538276151438,-0.1337949999999978,-544.557533894725,0.5275641500213452,544.5575338947255,-0.10123768988561535,-0.0010054033580170257,0.5206349971777036,-0.2737257683681507,56.16899051868377,0.07529280535415504,0.026770775237032907,0.8979364194088121,0.0
WMA,i012,BTCUSDT,True,1424,722,702,0.40519662921348315,25.44911044990188,142.42006387798642,0.30180107872487644,-1.0343790000000124,-118.30713350680944,0.8046214290431302,132.05727623033857,-0.0830808521817482,0.017871566327178286,0.8444030331810884,-0.7149087174171163,262.27036516853934,0.2731741573033708,0.41151685393258425,0.027387640449438203,0.28792134831460675
McGinley Dynamic,i013,BTCUSDT,False,2795,1463,1332,0.1813953488372093,6.140268472688659,279.4964749426791,0.5794694644573917,-0.2442730000000045,-274.1799489344478,0.5877795102220851,277.89485118570923,-0.09809658280302248,0.002196876018851041,0.771103367177216,-0.2907033899009162,84.13202146690519,0.11520572450805008,0.03041144901610018,0.8443649373881932,0.01001788908765653
McGinley Dynamic,i013,BTCUSDT,True,871,457,414,0.43283582089552236,60.51046884184714,87.10882359832985,0.18271858396071017,-0.6371520000000146,-27.418225340443424,0.9198489054545993,46.415750040534846,-0.031479018760555026,0.0694724096921322,0.834651214497325,-0.6924731441415688,278.8610792192882,0.28587830080367393,0.373134328358209,0.014925373134328358,0.32606199770378874
Guppy MMA,i014,BTCUSDT,False,1098,576,522,0.3870673952641166,13.75695987376423,109.79656524834343,0.22748972831222988,-0.2925389999999975,-96.55963410289145,0.7856331063893044,103.46352806680021,-0.087941378964382,0.012529107353155038,0.8326619954537527,-0.6693030938643929,251.03005464480876,0.24681238615664844,0.30601092896174864,0.21311475409836064,0.23406193078324225
Guppy MMA,i014,BTCUSDT,True,613,343,270,0.42088091353996737,24.89523256390388,61.30079896312808,0.1275685749974635,-0.6297180000000059,-37.162852974221664,0.8522345300822709,44.677300398750134,-0.060624556238534515,0.04061212490033259,0.8307598677843624,-0.7084476024298229,281.0962479608483,0.2724306688417618,0.3817292006525285,0.0032626427406199023,0.3425774877650897
MA Cross,i015,BTCUSDT,False,1496,711,785,0.33288770053475936,16.886495606885198,149.60435996166152,0.3105631881076476,-0.115591000000001,-133.14401854288397,0.7416235910666321,144.3522720453782,-0.0890000123949759,0.01128776444310508,0.7674021229690815,-0.5163429617048964,181.23529411764707,0.2038770053475936,0.21524064171122995,0.5327540106951871,0.0481283422459893
MA Cross,i015,BTCUSDT,True,695,385,310,0.4330935251798561,47.35362619673816,69.50660726899926,0.14502558451435493,-0.7749350000000061,-23.072941656775452,0.91410174816193,45.916255916134396,-0.03319847720399346,0.06813471395214124,0.8157304730608131,-0.6817457209342138,287.0273381294964,0.2820143884892086,0.36258992805755397,0.007194244604316547,0.34820143884892085
EMA Cross,i016,BTCUSDT,False,1280,627,653,0.3109375,39.713340389568565,127.99618075032137,0.26489673399286,0.05699600000000152,-88.49074109474566,0.7989419176074852,100.72491613871443,-0.06913339148027005,0.031026047179350442,0.8835038201768324,-0.4990082330216836,186.96796875,0.2171875,0.146875,0.53984375,0.09609375
EMA Cross,i016,BTCUSDT,True,548,300,248,0.44343065693430656,48.22662828346351,54.79517179433464,0.1140094027091119,-0.5418570000000086,-7.224409913580255,0.9656736649799466,31.25830418669287,-0.013183229769307032,0.08800479613770713,0.8363711762111061,-0.6900413302717345,288.18978102189783,0.2846715328467153,0.35766423357664234,0.010948905109489052,0.3467153284671533
MA-EMA Cross,i017,BTCUSDT,False,3097,1806,1291,0.3257991604778818,48.567391757031075,309.7157583561485,0.6431164924691704,-0.5225270000000084,-262.3140100915866,0.6844179746397185,264.14283546572733,-0.08469938976157139,0.01568207677011013,0.5638186899472085,-0.3980876763641379,100.69777203745561,0.11591863093316113,0.11591863093316113,0.7678398450113013,0.00032289312237649337
MA-EMA Cross,i017,BTCUSDT,True,1222,637,585,0.4206219312602291,25.576887673472736,122.21491914446273,0.2583048723617163,-1.1241960000000142,-98.0205323433517,0.8114296949036849,104.50379187025445,-0.08021320159030418,0.02093034997829193,0.8206000348679008,-0.7341934325783229,267.2422258592471,0.2692307692307692,0.4165302782324059,0.01718494271685761,0.29705400981996727
SuperTrend,i018,BTCUSDT,False,872,429,443,0.4139908256880734,36.1223646761873,87.20748543734045,0.1796732550295659,-0.0466919999999972,-51.311486016182705,0.8537542179037327,75.2244381032902,-0.058843447266264566,0.04142473013324232,0.8297684223994138,-0.6866103454058142,242.3841743119266,0.2672018348623853,0.31995412844036697,0.18577981651376146,0.22706422018348624
SuperTrend,i018,BTCUSDT,True,343,194,149,0.46355685131195334,36.94955831633614,34.303069282660175,0.07017100915501405,-0.36625700000000116,2.210061024520943,1.0166045490003002,19.320033917548926,0.0064433266021018745,0.10772465981439107,0.851004988560442,-0.7233681095466812,264.8396501457726,0.31486880466472306,0.36443148688046645,0.008746355685131196,0.3119533527696793
Ichimoku Cloud,i019,BTCUSDT,False,1207,621,586,0.32145816072908034,7.456800683955533,120.71740793265913,0.2521296818391843,-0.18722399999999592,-113.69996093054277,0.7448278940076758,118.02597465140643,-0.09420046473118705,0.006177962455638387,0.8553647023749895,-0.5440555133724527,197.67771333885668,0.21458160729080364,0.1996685998342999,0.4250207125103563,0.16072908036454017
Ichimoku Cloud,i019,BTCUSDT,True,544,289,255,0.4338235294117647,31.019680741878197,54.4149054667685,0.1141168970487138,-0.5123100000000013,-24.021651621939014,0.8885727534202463,47.32082399109109,-0.044157447834446716,0.05702147195198198,0.8116942219611974,-0.6999398961194209,276.48161764705884,0.2757352941176471,0.3639705882352941,0.011029411764705883,0.3492647058823529
Parabolic SAR,i020,BTCUSDT,False,2194,1043,1151,0.3263445761166819,-24.389434543642597,219.396080731421,0.4559657867393138,0.02696999999999821,-244.21451106180285,0.6636900940835473,250.47605153269572,-0.11131016912570776,-0.011116424131104191,0.6731070195371898,-0.4913120007107109,140.84503190519598,0.16317228805834094,0.17000911577028258,0.6595259799453054,0.007292616226071103
Parabolic SAR,i020,BTCUSDT,True,950,505,445,0.41789473684210526,31.482926937690713,95.00892311665376,0.19927351225030882,-0.8517270000000134,-64.57699669121337,0.8381963391432318,70.97112564336288,-0.06797578599075091,0.03313992309230601,0.8426452029356775,-0.7217127346413694,271.0021052631579,0.2789473684210526,0.4063157894736842,0.011578947368421053,0.3031578947368421
Directional Movement,i021,BTCUSDT,False,2012,1027,985,0.2345924453280318,9.431409201816743,201.20747206133473,0.4176975548414362,-0.11881000000000126,-192.31257041435947,0.6536803936206561,199.8589936874278,-0.0955827884763218,0.004687579126151462,0.7690490743808408,-0.36058683994942614,111.55914512922465,0.14463220675944333,0.0720675944333996,0.7559642147117296,0.027335984095427434
Directional Movement,i021,BTCUSDT,True,731,396,335,0.44049247606019154,46.51103391119816,73.11031714573288,0.15327820631574018,-0.549642000000015,-27.30220344085046,0.9048143646991098,47.85787855095841,-0.037349115514159315,0.06362658537783607,0.8059904586674519,-0.701298609124132,279.4158686730506,0.2763337893296854,0.3734610123119015,0.016415868673050615,0.3337893296853625
Vortex,i022,BTCUSDT,False,2539,1343,1196,0.26270185112248917,3.9356060662186554,253.91780403222603,0.5264463503444251,-0.192955000000006,-250.70159931635177,0.6318299181663445,251.50381375684626,-0.09874029118406923,0.0015500614675930111,0.645034528824099,-0.363749802372877,108.43599842457661,0.12721543914927136,0.09885781803859787,0.7648680582906656,0.009058684521465145
Vortex,i022,BTCUSDT,True,890,474,416,0.41460674157303373,34.23468854406896,89.00464638242991,0.1864968001556834,-0.9517250000000078,-55.90817963851664,0.8442757879128585,66.66069014586044,-0.06281817936911983,0.038465942184347145,0.8214425182525915,-0.6890987886251878,281.92808988764045,0.2662921348314607,0.3808988764044944,0.017977528089887642,0.3348314606741573
Williams Alligator,i023,BTCUSDT,False,1450,724,726,0.3896551724137931,51.78703385746986,145.02095944216606,0.301544928837467,-0.3886349999999968,-93.92410551353368,0.8159511295026458,107.94102136328611,-0.06477524518174736,0.035715195763772314,0.7369866336178625,-0.5766345237374304,204.32137931034484,0.21517241379310345,0.27034482758620687,0.38482758620689655,0.1296551724137931
Williams Alligator,i023,BTCUSDT,True,731,407,324,0.43365253077975374,42.74552535804108,73.09747071599598,0.15249949461350376,-0.6517150000000113,-31.156159852568422,0.8932944425016475,49.53617635344797,-0.04262128570802794,0.058475410886513104,0.822796156085104,-0.7052718389650878,279.984952120383,0.28454172366621067,0.3734610123119015,0.015047879616963064,0.32694938440492477
Williams Fractal,i024,BTCUSDT,False,2099,1029,1070,0.32920438303954264,-7.008996858610006,209.91462762108438,0.43781246162250526,0.012482999999994214,-217.34895394131692,0.7335007614084944,228.62389944967111,-0.10354881083435775,-0.0033392076506002888,0.8657332614633448,-0.5792405096679604,177.412577417818,0.2329680800381134,0.22677465459742735,0.4873749404478323,0.05288232491662696
Williams Fractal,i024,BTCUSDT,True,1013,529,484,0.40177690029615004,16.026404755588775,101.30416293966698,0.21273745695015678,-0.949698000000012,-86.44019364102839,0.8043991946287585,95.08950418066821,-0.08533089204445052,0.015820735198014586,0.8734183467992112,-0.7292433346341707,257.40276406712735,0.28232971372161897,0.4146100691016782,0.012833168805528134,0.29022704837117475
Aroon,i025,BTCUSDT,False,1924,1004,920,0.30613305613305614,-31.065826535537987,192.4069720772964,0.40071346920319895,-0.3046970000000063,-224.1782090820376,0.648061774412726,227.51886436250572,-0.11651674068712972,-0.016146479488325358,0.7008548225785672,-0.4771398498732687,147.4558212058212,0.16372141372141372,0.18243243243243243,0.6418918918918919,0.011954261954261955
Aroon,i025,BTCUSDT,True,845,457,388,0.3988165680473373,14.85033186740865,84.49599204831864,0.17715621753688293,-0.8361870000000079,-70.65900339844688,0.8021036765852301,79.60317971041026,-0.0836201223650259,0.017574357239536865,0.8498267319150925,-0.7028555355390413,277.41656804733725,0.26627218934911245,0.4,0.010650887573964497,0.3230769230769231
Trend Strength Index,i026,BTCUSDT,False,1925,922,1003,0.28779220779220777,-19.08921554431452,192.51084102811564,0.3998141503062052,0.21358600000000563,-211.78628472273635,0.6591332860986235,223.5596407770228,-0.11001884920661628,-0.009916475607436113,0.7392251212269744,-0.45318526760210076,145.79792207792207,0.16675324675324676,0.15168831168831168,0.6664935064935065,0.015064935064935066
Trend Strength Index,i026,BTCUSDT,True,831,451,380,0.4139590854392298,25.615760982675006,83.09820979501052,0.17390123215663691,-0.7000030000000091,-58.356353044492174,0.831636349546163,66.96384006279116,-0.07022425155775232,0.03082522380586643,0.8379436811387494,-0.711722750218115,276.5367027677497,0.27075812274368233,0.394705174488568,0.010830324909747292,0.3237063778580024
Zig Zag,i027,BTCUSDT,False,1020,511,509,0.4019607843137255,18.657087758819223,101.98885536071407,0.2185121736506995,-0.20405499999999296,-83.75433477554553,0.8217148370295527,98.38576004864858,-0.08211209291720149,0.018291262508646298,0.9415195954443935,-0.7701268342749948,174.08039215686276,0.31176470588235294,0.4519607843137255,0.07549019607843137,0.1607843137254902
Zig Zag,i027,BTCUSDT,True,398,177,221,0.44974874371859297,40.47437990842517,39.7792542945701,0.08600223548387695,-0.22170199999999846,0.3874213783712034,1.0021805167987328,21.805683524269607,0.0009734205486713654,0.10169442188046526,0.9947571503815696,-0.8112972992690858,165.9396984924623,0.3844221105527638,0.46984924623115576,0.0,0.1457286432160804
Linear Regression Curve,i028,BTCUSDT,False,6985,3914,3071,0.26055833929849676,-24.654471627907682,698.4946352101202,1.447161492690624,-0.0650170000000044,-724.6612853307186,0.4951457543883547,724.6671672820836,-0.10374535223059678,-0.0035296308701371053,0.39050870439723895,-0.2779065106163976,44.97752326413744,0.049821045096635645,0.03836793128131711,0.9116678596993557,0.00014316392269148176
Linear Regression Curve,i028,BTCUSDT,True,1735,870,865,0.41037463976945243,35.10254689678758,173.51978341571876,0.368349357535352,-1.1856000000000138,-139.97118587646656,0.8110261593414135,149.7408030187763,-0.0806750350873006,0.020232015502471227,0.8437073281123652,-0.7240379310776839,249.35965417867436,0.27780979827089336,0.41095100864553313,0.040345821325648415,0.27089337175792505
Linear Regression Slope,i029,BTCUSDT,False,1925,922,1003,0.28779220779220777,-19.08921554431452,192.51084102811564,0.3998141503062052,0.21358600000000563,-211.78628472273635,0.6591332860986235,223.5596407770228,-0.11001884920661628,-0.009916475607436113,0.7392251212269744,-0.45318526760210076,145.79792207792207,0.16675324675324676,0.15168831168831168,0.6664935064935065,0.015064935064935066
Linear Regression Slope,i029,BTCUSDT,True,831,451,380,0.4139590854392298,25.615760982675006,83.09820979501052,0.17390123215663691,-0.7000030000000091,-58.356353044492174,0.831636349546163,66.96384006279116,-0.07022425155775232,0.03082522380586643,0.8379436811387494,-0.711722750218115,276.5367027677497,0.27075812274368233,0.394705174488568,0.010830324909747292,0.3237063778580024
Keltner Channels,i030,BTCUSDT,False,1010,489,521,0.43663366336633663,70.27590841515783,101.01079053941517,0.21085342750829986,-0.34433100000000394,-31.290066551765648,0.9261830645167816,42.90376382745411,-0.030980263912639257,0.06958010734174042,0.8902433156605525,-0.7449690136345681,234.30693069306932,0.31386138613861386,0.40594059405940597,0.023762376237623763,0.25643564356435644
Keltner Channels,i030,BTCUSDT,True,584,294,290,0.4417808219178082,40.21925258505986,58.398002640246396,0.12266508421795845,-0.6338890000000081,-18.935304139404504,0.9247973332745941,28.782425007761848,-0.032423465992131,0.06886858319359565,0.9025388531077865,-0.7723629700650718,224.0736301369863,0.3270547945205479,0.4332191780821918,0.0,0.23972602739726026
Donchian Channels,i031,BTCUSDT,False,1539,775,764,0.40350877192982454,24.477038564652396,153.91733255682007,0.3209044134392435,-0.3501319999999998,-130.1113304056069,0.8047859311924784,135.82969945730505,-0.0845427747924671,0.01590450848905289,0.8637593860303066,-0.7260412953490493,233.364522417154,0.27810266406757633,0.3664717348927875,0.16049382716049382,0.1949317738791423
Donchian Channels,i031,BTCUSDT,True,820,428,392,0.4195121951219512,14.818443963264361,82.01456799189995,0.17218181280673253,-0.8769670000000088,-68.24527284144233,0.8150232089974293,77.22538882005625,-0.08322594248956382,0.018071273125932145,0.8741115663922515,-0.7750833018495311,239.31341463414634,0.2926829268292683,0.4402439024390244,0.007317073170731708,0.2597560975609756
Price Channel,i032,BTCUSDT,False,2797,1371,1426,0.21272792277440114,-21.10684393364588,279.70295764160943,0.5788713946493591,-0.0753650000000055,-301.46403796990467,0.600197037348049,301.4866113726024,-0.10778120771180001,-0.007546243808954552,0.7606176266980784,-0.34243030238658556,97.73578834465499,0.12978190918841617,0.053628888094386845,0.8030032177332856,0.013585984983911333
Price Channel,i032,BTCUSDT,True,893,472,421,0.41209406494960804,31.682942189885477,89.31187210246138,0.18749495011619768,-0.6783490000000151,-58.49477386269211,0.8420669354396316,69.16884374493122,-0.06550366613963282,0.0354792185776993,0.8475060356937328,-0.7054799904723539,273.0481522956327,0.2799552071668533,0.39529675251959684,0.010078387458006719,0.3146696528555431
MA Channel,i033,BTCUSDT,False,2192,1117,1075,0.28604014598540145,-6.061796139576225,219.21527378046295,0.45606622708174616,-0.17795699999999548,-225.91109314712094,0.7036046694592282,231.07659559342787,-0.10306163008536538,-0.0027654179468869643,0.8553175273814445,-0.48702567592031093,156.79744525547446,0.20529197080291972,0.12956204379562045,0.6368613138686131,0.028284671532846715
MA Channel,i033,BTCUSDT,True,940,503,437,0.4276595744680851,55.014347625589075,94.01000279030747,0.19741358907636003,-0.8084630000000141,-40.00153175379475,0.895183710357457,46.83943987966012,-0.04255482101467527,0.05852590172935008,0.8498337162798847,-0.7093581518555918,268.83404255319147,0.2957446808510638,0.3882978723404255,0.014893617021276596,0.30106382978723406
Chande Kroll Stop,i034,BTCUSDT,False,2408,1225,1183,0.311046511627907,8.564967016213199,240.8026376647634,0.5033478223085386,-0.4403839999999992,-233.18140247085876,0.7364749274133593,236.22207929564772,-0.09683613059421045,0.00355687999012176,0.870057824465923,-0.533366312836549,169.0236710963455,0.22425249169435216,0.1972591362126246,0.5436046511627907,0.03488372093023256
Chande Kroll Stop,i034,BTCUSDT,True,1159,601,558,0.4167385677308024,29.440055981399404,115.89489815320474,0.24355503586924568,-0.9083990000000075,-87.60679620767456,0.825067493090157,101.4721033005151,-0.07558826247426624,0.02540125623934375,0.8554795343522199,-0.7408334486683386,251.3183779119931,0.2907679033649698,0.42105263157894735,0.013805004314063849,0.274374460742019
52-Week High/Low,i035,BTCUSDT,False,671,351,320,0.4128166915052161,7.697616791677831,67.09693523696625,0.1394605606372323,-0.513420000000003,-60.052199005925644,0.804782567743255,69.5722041258085,-0.08949657079869694,0.011471858109803026,0.8937357094012857,-0.7807537830205121,214.49180327868854,0.30849478390462,0.46497764530551416,0.0014903129657228018,0.22503725782414308
52-Week High/Low,i035,BTCUSDT,True,471,251,220,0.4182590233545648,1.6809699488872565,47.0943752883295,0.09845487037965792,-0.5647410000000086,-46.07660120982191,0.7937910449991189,51.34214203128962,-0.09782717878943081,0.0035689383203551094,0.9003531409480625,-0.8154969707174825,201.79617834394904,0.31422505307855625,0.4840764331210191,0.0,0.20169851380042464
Majority Rule,i036,BTCUSDT,False,2211,1100,1111,0.3147896879240163,-17.181998929787834,221.10273808036817,0.4613594685115338,-0.03540499999999912,-238.78150147866754,0.6817284286301308,245.4250815297044,-0.10799706082255428,-0.007771143794567089,0.7348606551232197,-0.49521090260358314,155.36544549977387,0.18136589778380824,0.18679330619629128,0.5920398009950248,0.03980099502487562
Majority Rule,i036,BTCUSDT,True,1001,536,465,0.41058941058941056,14.906111193070892,100.10228081979136,0.21089375425953366,-1.0142370000000118,-86.42130038098001,0.7973673192103973,93.74683613934403,-0.08633496541556444,0.014891219973097794,0.827423624452363,-0.7228684915777985,270.6683316683317,0.2677322677322677,0.4085914085914086,0.013986013986013986,0.3096903096903097
MACD,i038,BTCUSDT,False,2028,1109,919,0.3032544378698225,-9.376076532421918,202.793689194992,0.42188578828103,-0.45560600000000234,-213.04725751569492,0.6900095573919878,218.21667873661767,-0.10505288832134858,-0.00462331189961633,0.77109455126413,-0.48639094589039966,151.82692307692307,0.18293885601577908,0.16420118343195267,0.623767258382643,0.029092702169625246
MACD,i038,BTCUSDT,True,807,437,370,0.4052044609665427,13.061617618342503,80.7060849050267,0.16931989187675064,-0.8781680000000125,-68.69195517856096,0.800879785274541,72.98922885400914,-0.08512014272436302,0.016185399774897774,0.8449093286914351,-0.7187027201263755,269.5737298636927,0.2701363073110285,0.41759603469640644,0.004956629491945477,0.3073110285006196
RSI,i039,BTCUSDT,False,2799,1465,1334,0.1847088245802072,21.52756778885303,279.90272989476665,0.5811504419614382,-0.2719420000000045,-259.228254547875,0.6067862307251991,264.382932840538,-0.09261459612285639,0.00769116391170169,0.7737466691615382,-0.2888936382578397,84.2261521972133,0.11789924973204716,0.030725259021078956,0.8420864594498035,0.009289031797070382
RSI,i039,BTCUSDT,True,876,461,415,0.430365296803653,61.610093608980776,87.61251471736219,0.18426050440093816,-0.7165580000000146,-26.90323961278237,0.9216701809852001,48.652312812764364,-0.030711460745185357,0.0703311570878776,0.8396758126715734,-0.6882986392584479,278.5171232876712,0.2853881278538813,0.3710045662100457,0.0182648401826484,0.3253424657534247
Stochastic,i040,BTCUSDT,False,8938,4622,4316,0.2466994853434773,-17.033172811152475,893.8076058488845,1.8530615064777822,0.1572839999999973,-912.5365561665149,0.46260160489809554,913.8519177116002,-0.10209628061831671,-0.0019057029325523019,0.35624801036769543,-0.2522001216437373,35.566793466099796,0.03938241217274558,0.024054598344148578,0.9365629894831058,0.0
Stochastic,i040,BTCUSDT,True,1912,939,973,0.40324267782426776,39.43572458806525,191.21329912283844,0.4074546771224629,-1.3849840000000158,-153.57001321189568,0.8130694145710837,163.3518182837233,-0.08031904456689105,0.020625378968653373,0.8663618138743534,-0.7200131215679422,239.22123430962344,0.27981171548117156,0.4131799163179916,0.04707112970711297,0.25993723849372385
Stochastic RSI,i041,BTCUSDT,False,5545,2965,2580,0.27844905320108204,-51.2470540072332,554.5030894567801,1.1498239822865999,0.005385000000006411,-606.8945824462999,0.5125634091070063,607.6739236368406,-0.10944897789834084,-0.009242029577499226,0.41332858048168397,-0.3111906800075031,57.28295761947701,0.060955816050495944,0.05933273219116321,0.8797114517583409,0.0
Stochastic RSI,i041,BTCUSDT,True,1634,837,797,0.40269277845777235,1.5529791685716332,163.41704178294273,0.346315823307049,-1.1699580000000136,-163.38033643767815,0.7707487277906321,164.2674668503745,-0.09998796599613106,0.0009504156478406568,0.8347856108349945,-0.7301939225072792,251.73072215422278,0.26744186046511625,0.42472460220318237,0.03733170134638923,0.27050183598531213
Connors RSI,i042,BTCUSDT,False,10784,5336,5448,0.22273738872403562,-21.411674308090276,1078.4141943015798,2.2317818219662637,0.23297099999998833,-1101.8246794316362,0.41560365969165974,1102.1036953658042,-0.10217216982860128,-0.001985503923227956,0.32622058960275074,-0.2249351629273972,28.861646884272997,0.03310459940652819,0.01650593471810089,0.9503894658753709,0.0
Connors RSI,i042,BTCUSDT,True,1961,995,966,0.40846506884242734,19.143648767527665,196.11956511887018,0.41631759735105195,-1.4646730000000157,-178.85690694869356,0.7911264102567066,192.16371089658463,-0.09120698977495847,0.009762187030865713,0.8457374308574588,-0.7381832664357915,237.2901580826109,0.2758796532381438,0.4273329933707292,0.04130545639979602,0.25548189699133095
Awesome Oscillator,i043,BTCUSDT,False,1322,631,691,0.35703479576399394,69.6866325650991,132.19728332411637,0.27516841170115636,0.054759000000002354,-62.731060170718436,0.8606414189106526,76.08258884794104,-0.0474516340171849,0.05271303522322171,0.820784517596289,-0.5295780617366668,191.2034795763994,0.23071104387291982,0.2027231467473525,0.47049924357034795,0.09606656580937972
Awesome Oscillator,i043,BTCUSDT,True,580,317,263,0.43448275862068964,51.135775710681685,57.99678219009272,0.12098039564200008,-0.5733650000000121,-7.555351875053057,0.9659246790410767,35.538235793298675,-0.013026468750091478,0.08816513053565807,0.8498797115700417,-0.6759909731423889,287.7741379310345,0.296551724137931,0.34655172413793106,0.013793103448275862,0.3431034482758621
Accelerator Oscillator,i044,BTCUSDT,False,2942,1567,1375,0.3127124405166553,-0.4175620144414638,294.199337766728,0.6115638477894014,-0.32973600000000747,-295.5581996289589,0.6467383174882744,295.55819962895856,-0.10046165860943539,-0.00014193134413374026,0.5881488395847216,-0.4137760296967867,105.58565601631543,0.1257647858599592,0.13222297756628143,0.7399728076138681,0.0020394289598912306
Accelerator Oscillator,i044,BTCUSDT,True,1135,592,543,0.41145374449339206,24.732702293207776,113.50795154434789,0.23874716917628744,-1.1922000000000104,-90.20619642031642,0.8141588098682835,90.34997105684984,-0.07947682503992637,0.02179092713057954,0.8462265345196283,-0.7266377066481778,264.47312775330397,0.27224669603524226,0.40881057268722465,0.014977973568281937,0.3039647577092511
Momentum,i045,BTCUSDT,False,3530,1805,1725,0.23172804532577904,19.007921410091377,353.0132198849728,0.731395524236281,-0.1997860000000044,-334.9364799991177,0.58665747044272,338.5195182887388,-0.09488285552382937,0.005384680286144866,0.5811438691557298,-0.29878767144856366,79.81699716713881,0.09971671388101983,0.043909348441926344,0.854957507082153,0.00141643059490085
Momentum,i045,BTCUSDT,True,1095,583,512,0.41278538812785387,25.449444489411157,109.50478567753427,0.23060526483127589,-0.9197980000000072,-85.2057444529544,0.8166534907384586,95.29663836139619,-0.07781346525383964,0.02324150181681384,0.8396448284467022,-0.7227452673574866,271.70045662100455,0.27031963470319637,0.4045662100456621,0.021004566210045664,0.3041095890410959
Chande Momentum Oscillator,i046,BTCUSDT,False,3666,1992,1674,0.24277141298417895,42.31086490199857,366.59092488891207,0.7599451580627605,-0.25456600000001034,-325.29457114497626,0.6098978100215583,328.2716797596565,-0.08873283446398697,0.011541425232405502,0.5714332331487241,-0.3003855002331919,78.92007637752319,0.09901800327332243,0.04746317512274959,0.8527004909983633,0.0008183306055646482
Chande Momentum Oscillator,i046,BTCUSDT,True,1103,592,511,0.42067089755213055,43.502128506627734,110.31005078448806,0.23239761366985867,-0.9510740000000091,-67.99139389153017,0.8504462461062315,80.27746037399488,-0.061642242875367334,0.03943982638860175,0.8332695544691839,-0.7114686497108476,273.24841341795104,0.27651858567543064,0.39075249320036265,0.01813236627379873,0.314596554850408
Price Oscillator,i047,BTCUSDT,False,1239,600,639,0.32364810330912025,59.18944507811479,123.8989013857425,0.25682294583013476,0.1417939999999978,-64.82448525345787,0.8452606044918135,76.03933761846557,-0.05232000424007898,0.04777194921558901,0.8830482544314575,-0.4999126912654801,192.0540758676352,0.22356739305891848,0.1493139628732849,0.519774011299435,0.10734463276836158
Price Oscillator,i047,BTCUSDT,True,524,289,235,0.45229007633587787,51.545966993286804,52.39808578872489,0.10904168633434545,-0.504069000000008,-1.4652294817724552,0.992596206595892,28.723198330825372,-0.002796239469031403,0.09837016601772292,0.8288493895078347,-0.6895558703663041,287.2538167938931,0.2958015267175573,0.3511450381679389,0.015267175572519083,0.3377862595419847
Detrended Price Oscillator,i048,BTCUSDT,False,1949,967,982,0.22216521292970753,18.4712692539697,194.89535883808284,0.4033007747832708,0.015259999999999298,-176.8121303588964,0.6786163059599889,183.061859532327,-0.09071941013796635,0.009477305928152746,0.8622329454430684,-0.3629017122267448,124.86146741918932,0.15546434068753207,0.06157003591585428,0.7408927655207799,0.04207285787583376
Detrended Price Oscillator,i048,BTCUSDT,True,667,357,310,0.4332833583208396,42.09474008219799,66.70920684799277,0.1396752820932816,-0.6001700000000142,-25.35431204788808,0.9044221699593606,50.23810458222433,-0.038012461840911664,0.06311055484587405,0.8301718857994723,-0.7017830345077659,281.952023988006,0.2863568215892054,0.37181409295352325,0.017991004497751123,0.3238380809595202
TRIX,i049,BTCUSDT,False,743,362,381,0.4185733512786003,30.04628744010194,74.313189683639,0.1529164256586474,0.07976200000000205,-44.34005666919572,0.8443417972275935,59.46148960422871,-0.05967706146594309,0.040439148640783226,0.7733607586034191,-0.6593871587843959,273.349932705249,0.2449528936742934,0.31763122476446837,0.16150740242261102,0.2759084791386272
TRIX,i049,BTCUSDT,True,318,173,145,0.4276729559748428,7.893448053496021,31.798922478817083,0.06555418409423328,-0.32940000000000147,-24.30042860941529,0.8119037007163014,31.967549951214842,-0.07641644216797262,0.02482216369023906,0.7712573134123838,-0.7098429847994479,293.69182389937106,0.2578616352201258,0.3805031446540881,0.009433962264150943,0.3522012578616352
Fisher Transform,i050,BTCUSDT,False,4423,2349,2074,0.2846484286683247,-6.955875905703257,442.29804435303475,0.9169169985939243,-0.2884140000000094,-450.45925125733197,0.5752359656671918,450.7558444860096,-0.1018447323665684,-0.0015726601640748941,0.484538259856065,-0.3351747536081282,70.90097219082071,0.08320144698168663,0.07008817544652951,0.8467103775717839,0.0
Fisher Transform,i050,BTCUSDT,True,1461,765,696,0.3997262149212868,12.797201314825513,146.10215528206572,0.3091621954654318,-1.2575110000000127,-134.87162716270566,0.7877447075997668,147.3046640306043,-0.09231459764730025,0.008759206923220748,0.8571063571264976,-0.7245401821260893,257.96988364134154,0.27104722792607805,0.41478439425051333,0.03148528405201916,0.28268309377138945
Ultimate Oscillator,i051,BTCUSDT,False,3987,1954,2033,0.23049912214697768,-67.75225608322506,398.7175826057106,0.8278264421289541,0.02662299999999919,-467.27104213106475,0.510883574127421,467.34964543448524,-0.11719865616530341,-0.016993292220522965,0.5310837924649643,-0.3113875643436659,72.12916980185604,0.08452470529219965,0.05292199648858791,0.8600451467268623,0.002508151492350138
Ultimate Oscillator,i051,BTCUSDT,True,1219,649,570,0.4077112387202625,30.245340886884765,121.91845226875104,0.2579749819319201,-1.0792820000000127,-93.01036836379821,0.8199445142093414,103.46696611502591,-0.07630054828859574,0.02481160039941326,0.8522226697843435,-0.7154640377376966,261.8523379819524,0.27891714520098443,0.4044298605414274,0.027071369975389663,0.2895816242821985
Williams %R,i052,BTCUSDT,False,3393,1763,1630,0.2207486000589449,-6.967437454951608,339.30583550080013,0.7050255199999623,-0.1138929999999998,-347.09219147575163,0.5939302531114738,348.18930349970015,-0.10229654921183368,-0.0020534740509730648,0.6777941849679632,-0.32328291831193495,85.37046861184793,0.11523725316828765,0.044798113763631006,0.8376068376068376,0.002357795461243737
Williams %R,i052,BTCUSDT,True,1064,581,483,0.4182330827067669,45.24022328017377,106.4082936152709,0.2243660513306503,-0.9869220000000144,-62.37935838642781,0.8569784615037335,69.25643094387792,-0.058627216528597564,0.042519006842268586,0.8399421080311075,-0.7046100104366244,272.8881578947368,0.2744360902255639,0.39379699248120303,0.014097744360902255,0.3176691729323308
SMI Ergodic,i053,BTCUSDT,False,3589,1877,1712,0.2685984954026191,-42.50329588351587,358.9145037485095,0.7449190272451369,-0.07263000000000663,-402.23534865927047,0.579402795714178,402.2353486592695,-0.11207449112824476,-0.011842656975067112,0.5748008542329022,-0.3643212846246812,88.59041515742547,0.10727222067428253,0.07439398161047646,0.8180551685706325,0.00027862914460852607
SMI Ergodic,i053,BTCUSDT,True,1210,636,574,0.4132231404958678,14.90036655187743,121.01018181936102,0.25512777003471704,-1.056254000000014,-107.42119703751834,0.7945183165249123,117.77143159353724,-0.08877784879133746,0.012314352522212751,0.8307125694703337,-0.7363063123558946,265.58760330578514,0.2694214876033058,0.41983471074380163,0.01652892561983471,0.29421487603305785
Relative Vigor Index,i054,BTCUSDT,False,4171,2249,1922,0.3111963557899784,17.28377316804075,417.10361576356877,0.8654369612736853,-0.3349500000000096,-401.02022955680167,0.6014088200799215,403.5209270976174,-0.09614486443462039,0.004143796012476804,0.4661585964700087,-0.35018937966406993,75.01222728362502,0.08295372812275234,0.08870774394629585,0.8280987772716375,0.0002397506593143131
Relative Vigor Index,i054,BTCUSDT,True,1386,711,675,0.4155844155844156,46.16946751929293,138.5968377761319,0.2922624603114304,-0.9774900000000121,-93.69712271715044,0.8405719392482071,102.61751393926819,-0.06760254164296568,0.03331130412647397,0.8576575115880314,-0.7255652461627858,261.44660894660893,0.28354978354978355,0.4134199134199134,0.026695526695526696,0.2763347763347763
True Strength Index,i055,BTCUSDT,False,1835,960,875,0.3188010899182561,2.798551339661426,183.49910886248816,0.3816378927323216,-0.3123540000000006,-181.39454941555906,0.7188079550320361,184.5021954319364,-0.09885261548531828,0.0015250960979081342,0.7926440641577357,-0.5160730615582675,164.99455040871933,0.2010899182561308,0.1885558583106267,0.5689373297002724,0.04141689373297003
True Strength Index,i055,BTCUSDT,True,736,398,338,0.4076086956521739,33.30364794662988,73.61079037537375,0.1542819625902323,-0.8851270000000123,-41.34655139133411,0.8630207385182201,44.39942652011551,-0.056177379607790914,0.04524952166661668,0.8683292865145871,-0.6923058196002527,274.51902173913044,0.2826086956521739,0.39266304347826086,0.006793478260869565,0.3179347826086957
Coppock Curve,i056,BTCUSDT,False,1426,676,750,0.32538569424964936,-3.226445970478997,142.59810050724343,0.295991600581736,0.060724999999998565,-146.05981307830416,0.7187191258432216,154.90752323289087,-0.10242623638029745,-0.002262584832032957,0.804325354223254,-0.5397783549250458,190.9929873772791,0.2061711079943899,0.22370266479663395,0.511921458625526,0.05820476858345021
Coppock Curve,i056,BTCUSDT,True,656,358,298,0.43902439024390244,50.17785392183496,65.60203293819022,0.13688845813297576,-0.7327890000000092,-16.293856474488248,0.9345066798588182,35.73602810239739,-0.024838195845256476,0.07649063097840694,0.8072662603036792,-0.6760503789183365,288.3628048780488,0.2774390243902439,0.36128048780487804,0.004573170731707317,0.3567073170731707
Rate of Change,i057,BTCUSDT,False,3666,1992,1674,0.24277141298417895,42.31086490199857,366.59092488891207,0.7599451580627605,-0.25456600000001034,-325.29457114497626,0.6098978100215583,328.2716797596565,-0.08873283446398697,0.011541425232405502,0.5714332331487241,-0.3003855002331919,78.92007637752319,0.09901800327332243,0.04746317512274959,0.8527004909983633,0.0008183306055646482
Rate of Change,i057,BTCUSDT,True,1103,592,511,0.42067089755213055,43.502128506627734,110.31005078448806,0.23239761366985867,-0.9510740000000091,-67.99139389153017,0.8504462461062315,80.27746037399488,-0.061642242875367334,0.03943982638860175,0.8332695544691839,-0.7114686497108476,273.24841341795104,0.27651858567543064,0.39075249320036265,0.01813236627379873,0.314596554850408
Klinger Oscillator,i058,BTCUSDT,False,3578,1877,1701,0.2548910005589715,-44.07102077329318,357.79285374385665,0.7426241129476207,0.02940799999999915,-402.57709063009753,0.5711813840513594,402.9094167998933,-0.11251455858862425,-0.012317222127806926,0.5879692752851462,-0.35213993611783595,87.75433202906652,0.10396869759642258,0.08440469536053662,0.8040804918949134,0.007546115148127445
Klinger Oscillator,i058,BTCUSDT,True,1163,600,563,0.40240756663800514,16.14229426473178,116.31119179071385,0.24572219689301553,-1.1182940000000088,-101.5329137228751,0.7976942062372755,106.5734057241952,-0.08730259133523224,0.013879874690225091,0.8554391327956056,-0.722127234347077,260.201203783319,0.2751504729148753,0.41616509028374893,0.015477214101461736,0.293207222699914
Bollinger Bands,i059,BTCUSDT,False,1447,703,744,0.3897719419488597,26.679915025014623,144.7148187869871,0.30157954777950347,-0.42672300000000124,-118.763206309752,0.8075083266946674,130.54072839330567,-0.0820754708429523,0.018438089167252678,0.883360288163872,-0.6987297948291913,228.3552176917761,0.2791983413959917,0.3441603317208017,0.18037318590186593,0.1962681409813407
Bollinger Bands,i059,BTCUSDT,True,750,384,366,0.416,16.028050185338994,75.01020637553796,0.1573811008378634,-0.8031920000000119,-59.94272929103687,0.8219668005302789,69.9361376527786,-0.07992363905471582,0.02137073358045199,0.8870236497296939,-0.7687080091477202,234.424,0.296,0.44133333333333336,0.005333333333333333,0.25733333333333336
BB %B,i060,BTCUSDT,False,2954,1560,1394,0.20616113744075829,7.152033673030889,295.38613336540936,0.6118561560632945,-0.2323440000000029,-289.07829984844176,0.611620328922083,292.5905022270438,-0.09785995255532896,0.00242113529892718,0.7475213853080668,-0.3174067477616437,92.81516587677726,0.12322274881516587,0.043331076506431955,0.8276912660798916,0.005754908598510494
BB %B,i060,BTCUSDT,True,926,491,435,0.42116630669546434,42.21986177369449,92.60913957527896,0.19402316862484276,-0.7440940000000105,-51.32739497020934,0.8662232398643498,68.65459172081141,-0.05542915223564723,0.04559380321133315,0.852184779843218,-0.7158198863975082,274.49352051835854,0.28509719222462204,0.3963282937365011,0.01079913606911447,0.3077753779697624
Standard Error Bands,i061,BTCUSDT,False,1870,922,948,0.3481283422459893,-17.557629522279083,187.00943900754493,0.3899862704565284,-0.12564400000000253,-205.08269880028055,0.7226394156335868,210.81159469228905,-0.10966989240656716,-0.009389106696405927,0.8207765458551008,-0.6065695079179254,177.92139037433154,0.2320855614973262,0.2711229946524064,0.4294117647058823,0.06737967914438503
Standard Error Bands,i061,BTCUSDT,True,880,464,416,0.4068181818181818,-12.333673826859727,87.99147117672447,0.1848775922130639,-0.8707300000000098,-101.38075259579729,0.7466181486000789,104.62870910422389,-0.11520540067704237,-0.014015538439613324,0.8344407822819668,-0.7664953115952899,249.61363636363637,0.26704545454545453,0.4431818181818182,0.004545454545454545,0.2852272727272727
Envelopes,i062,BTCUSDT,False,0,0,0,,,,,,,,,,,,,,,,,
Envelopes,i062,BTCUSDT,True,0,0,0,,,,,,,,,,,,,,,,,
Net Volume,i074,BTCUSDT,False,3021,1373,1648,0.25289639192320423,-18.51955771346666,302.1024366739158,0.6253355733281749,0.04476499999999629,-321.2025649607107,0.5817845061352255,323.2885406702519,-0.10632325884167845,-0.006130273986582807,0.5848542886427475,-0.3402885429702126,90.21185038066865,0.10493214167494207,0.08771929824561403,0.7990731545845746,0.00827540549486925
Net Volume,i074,BTCUSDT,True,1038,551,487,0.40173410404624277,23.002057374274465,103.80124555143423,0.2188438582209507,-1.0713400000000157,-82.08937203538072,0.8146261411646243,92.91334160885295,-0.07908417344449009,0.022159978202576553,0.865088881509428,-0.7130940992348022,267.94797687861274,0.27842003853564545,0.4026974951830443,0.018304431599229287,0.30057803468208094
OBV,i075,BTCUSDT,False,3204,1562,1642,0.19756554307116106,-19.129596271867467,320.4179323680683,0.662312613035565,-0.03045000000000083,-340.2402912529713,0.5528412747048459,344.1295223530784,-0.10619235057833062,-0.005970535665376862,0.6645394714053425,-0.295952460775011,77.47253433208489,0.09925093632958802,0.048064918851435705,0.8408239700374532,0.011860174781523096
OBV,i075,BTCUSDT,True,1002,543,459,0.3902195608782435,9.714432933644513,100.20777146978052,0.21144671078288127,-0.8787640000000096,-91.58354924691889,0.7891523779414518,97.66007532387059,-0.09140074775141606,0.009695042847948615,0.8766633989488437,-0.7108984259180307,260.1516966067864,0.27844311377245506,0.42015968063872255,0.020958083832335328,0.28043912175648705
Accumulation/Distribution,i076,BTCUSDT,False,3271,1507,1764,0.22378477529807397,-35.017645282266976,327.0972634498821,0.6837221159591989,0.26152299999999895,-362.53710784810835,0.5476540971926757,362.98391444369156,-0.11083372297404719,-0.010705486176174556,0.5996213183270042,-0.315659674227442,78.50382146132681,0.0963008254356466,0.0498318557016203,0.8425557933353715,0.011311525527361662
Accumulation/Distribution,i076,BTCUSDT,True,1056,560,496,0.4270833333333333,44.444372170050784,105.60379382938505,0.22434606692947828,-0.9798120000000082,-62.363579726263765,0.8577090329237876,68.656892292382,-0.05905642019532553,0.042087473645881425,0.8335221534679829,-0.7244331751079737,257.842803030303,0.2821969696969697,0.39204545454545453,0.030303030303030304,0.29545454545454547
MFI,i077,BTCUSDT,False,2482,1292,1190,0.273972602739726,4.552063453316569,248.20143150278477,0.5156635168325474,-0.07194100000000422,-244.2369725663008,0.6340458246895948,244.24285451766644,-0.09840329273420662,0.0018340304002081257,0.6222951779941348,-0.3703649798015052,112.08380338436744,0.12489927477840451,0.10878323932312652,0.7534246575342466,0.0128928283642224
MFI,i077,BTCUSDT,True,923,489,434,0.409534127843987,26.42367932870404,92.30853246183312,0.19406939587672425,-0.8685340000000137,-66.9474565290058,0.8230850395924934,72.75666826561489,-0.07253245561105721,0.028628038275952377,0.8239909285885626,-0.6943413349274908,272.49620801733477,0.27085590465872156,0.38678223185265437,0.020585048754062838,0.3217768147345612
Chaikin Money Flow,i078,BTCUSDT,False,2674,1328,1346,0.27412116679132387,9.362159608265841,267.40288534083686,0.5573350035754602,-0.2456230000000051,-258.8436837361465,0.6203088524904875,259.78518517117305,-0.09680018090357011,0.003501181603689544,0.5769140351564397,-0.3512218812497768,96.59611069558713,0.11331338818249813,0.0931189229618549,0.7718773373223635,0.02169035153328347
Chaikin Money Flow,i078,BTCUSDT,True,943,498,445,0.4443266171792153,57.075716462612434,94.31526531007927,0.1985745401590118,-0.9169610000000142,-38.35508438762585,0.8975000414334797,52.47267930645223,-0.04067347230925329,0.06052568023606833,0.8015298618578635,-0.7141146879886845,269.33297985153763,0.2799575821845175,0.3806998939554613,0.019088016967126194,0.32025450689289503
Chaikin Oscillator,i079,BTCUSDT,False,2842,1360,1482,0.25791695988740326,-73.15942538050005,284.1879843329592,0.5931516381837331,0.19671299999999936,-357.743848351643,0.5631113756127107,358.38285648314314,-0.12587749766067663,-0.025742232716572853,0.6290595556650137,-0.38826197375727733,98.38001407459535,0.11787473610133709,0.09570724841660802,0.7776213933849402,0.008796622097114707
Chaikin Oscillator,i079,BTCUSDT,True,1062,559,503,0.4133709981167608,32.171079001238866,106.21736213773481,0.22442491971359396,-0.9240370000000105,-75.19474505620953,0.8323784322794916,86.30251946901978,-0.07080484468569637,0.030292918080262587,0.8505775023337855,-0.7200614262933248,262.8145009416196,0.2824858757062147,0.3983050847457627,0.02071563088512241,0.2984934086629002
Ease of Movement,i080,BTCUSDT,False,2806,1478,1328,0.25302922309337134,6.053649534295191,280.6059029834083,0.5835830853343261,-0.15002899999999622,-275.28586553444745,0.6179722341523755,279.8980645655355,-0.09810615307713735,0.0021573947021721993,0.6271906831112246,-0.3437935355646073,98.22594440484676,0.12009978617248752,0.08267997148966501,0.7893799002138275,0.007840342124019958
Ease of Movement,i080,BTCUSDT,True,955,499,456,0.4094240837696335,33.37766178258315,95.50666713241779,0.200747027392624,-0.8591480000000096,-63.18890037722728,0.8368010613228734,70.16980741775066,-0.06616638782955736,0.03495043118595094,0.8286457983651512,-0.6865060417340451,278.8575916230366,0.2670157068062827,0.3832460732984293,0.020942408376963352,0.3287958115183246
Elder Force Index,i081,BTCUSDT,False,2696,1362,1334,0.20252225519287834,-40.96019772792133,269.616366531509,0.5602486614576703,-0.023845000000003717,-311.16065792088807,0.5680120198334637,313.5188434941527,-0.11541567430300001,-0.015192951679496042,0.7493382494624238,-0.33502294982668435,95.85014836795253,0.12091988130563798,0.06231454005934718,0.8041543026706232,0.012611275964391691
Elder Force Index,i081,BTCUSDT,True,884,476,408,0.417420814479638,27.374963804985853,88.41247067791635,0.18578515370008267,-0.6745010000000139,-61.89779302663059,0.8338505426795139,75.87859314489076,-0.07002012785817939,0.03096715362554961,0.8418565338994923,-0.7233841825932878,267.61425339366514,0.27714932126696834,0.4117647058823529,0.012443438914027148,0.2986425339366516
Price & Volume Trend,i082,BTCUSDT,False,2069,1015,1054,0.22667955534074433,-11.10667247419751,206.91131195254692,0.42986290389320486,-0.03730600000000335,-218.48515333063764,0.6243464649208799,224.38975304933382,-0.10559939745318399,-0.005368135560269459,0.7742607876688254,-0.36350841421707303,109.7834702754954,0.1416143064282262,0.0763653939101015,0.7462542290961818,0.035766070565490575
Price & Volume Trend,i082,BTCUSDT,True,732,401,331,0.430327868852459,19.037573743760127,73.2153207095066,0.15374385483109937,-0.6871970000000045,-55.01868782057757,0.823059589645317,68.00668402175008,-0.07516214183139013,0.02600761440404389,0.8124636205256396,-0.7456708112377793,269.2581967213115,0.27595628415300544,0.4139344262295082,0.01366120218579235,0.296448087431694
VWAP,i086,BTCUSDT,False,2529,1247,1282,0.19019375247133255,-1.6014395018785321,252.90562767812457,0.5265693563409125,-0.06114400000000466,-255.09478053634402,0.5865408216823875,259.23303530640595,-0.10086784521010045,-0.0006332303289357581,0.7523537713471621,-0.30125827370816843,89.30090945037564,0.11269276393831554,0.03558718861209965,0.8275998418347172,0.024120205614867538
VWAP,i086,BTCUSDT,True,839,443,396,0.4052443384982122,12.327592874152804,83.91051693752114,0.17698218262174029,-0.7887800000000053,-72.54868624599008,0.7938889031998789,89.60966983401639,-0.08647042460785469,0.014693197704592138,0.8218810980867343,-0.7053872937785166,266.2264600715137,0.265792610250298,0.39690107270560193,0.021454112038140644,0.31585220500595945
VWMA,i087,BTCUSDT,False,3110,1546,1564,0.20964630225080386,4.470829466469994,310.99650541520447,0.6449199990619011,0.016959999999997744,-307.1536359477965,0.6104230311171992,308.70901754237707,-0.0987632269928606,0.0014375657448456574,0.7381518317305191,-0.3207602238552054,90.16109324758843,0.12218649517684887,0.04405144694533762,0.8286173633440514,0.005144694533762058
VWMA,i087,BTCUSDT,True,976,523,453,0.4364754098360656,63.39453914077671,97.61258682256373,0.20455774099369337,-0.7811090000000154,-35.20371442278072,0.9115108306725244,53.80324781675993,-0.03606937953153762,0.06495342125079581,0.8512372210594165,-0.7233286738074401,268.6331967213115,0.29508196721311475,0.3975409836065574,0.009221311475409836,0.29815573770491804
Pivot Points Standard,i088,BTCUSDT,False,1170,564,606,0.19743589743589743,-3.261400255700697,117.00705209071725,0.2413613657778711,-0.059942000000002604,-120.56975571219584,0.6347934739639385,127.63893803318578,-0.10305107325828704,-0.002787521586068972,0.9072361039447113,-0.35158817435934403,111.53247863247863,0.14102564102564102,0.06495726495726496,0.7264957264957265,0.06752136752136752
Pivot Points Standard,i088,BTCUSDT,True,411,218,193,0.45498783454987834,28.222516314684853,41.09639019430148,0.08526875295777687,-0.3327310000000078,-13.291873632574402,0.9163461570369114,31.327322447310014,-0.032340325140083705,0.0686679229067758,0.7786069272301058,-0.7093364688598401,280.5839416058394,0.26763990267639903,0.36739659367396593,0.0267639902676399,0.3381995133819951
Balance of Power,i089,BTCUSDT,False,3133,1531,1602,0.24066390041493776,24.571984773744184,313.2996591504746,0.6525540932483873,0.15637300000000448,-289.22385546997884,0.61835821228397,292.29292621074467,-0.09231530656558533,0.007842957157275513,0.621508362706395,-0.3185545022911311,87.32812001276731,0.1117140121289499,0.06479412703479094,0.8135971911905522,0.00989466964570699
Balance of Power,i089,BTCUSDT,True,1019,536,483,0.4200196270853778,35.38934875700662,101.90886886847194,0.21494406699349486,-0.9647290000000133,-67.6991931784588,0.8384878877415983,77.88447695224284,-0.06643689222616174,0.03472948847596332,0.8211668719465456,-0.7092362341312695,270.47791952894994,0.26594700686947986,0.39352306182531893,0.022571148184494603,0.3179587831207066
Accumulative Swing Index,i090,BTCUSDT,False,2367,1591,776,0.22306717363751585,-3.431856717365045,236.68824136756547,0.49002451540598596,-0.3906920000000095,-241.00081460033644,0.6092393353679504,243.47735778629334,-0.10181698969173487,-0.0014498760952112567,0.711642184348101,-0.33537133656124735,98.95564005069708,0.12420785804816223,0.051964512040557666,0.812843261512463,0.010984368398817067
Accumulative Swing Index,i090,BTCUSDT,True,844,490,354,0.4146919431279621,37.647850355890924,84.40144619861624,0.1772282979781542,-0.9149750000000141,-47.84579914070351,0.8582356922582217,51.675511810014655,-0.05668933547476719,0.04460645776764327,0.827590389817303,-0.6832033108841286,282.68957345971563,0.2665876777251185,0.3767772511848341,0.013033175355450236,0.34360189573459715
Up/Down,i091,BTCUSDT,False,2695,1562,1133,0.2782931354359926,-28.608671996698696,269.49278818509816,0.5635081181795941,-0.4911550000000103,-299.15612329997646,0.5779127310478115,300.33672044444677,-0.1110041273840358,-0.010615462707494878,0.5461307647117519,-0.3643980446446223,97.2860853432282,0.10204081632653061,0.09944341372912802,0.787012987012987,0.01150278293135436
Up/Down,i091,BTCUSDT,True,993,551,442,0.3987915407854985,-4.626667634237858,99.30856078391658,0.20947415849784873,-0.9636470000000169,-105.10834957665232,0.7567757306485529,106.46892317021113,-0.1058492946391262,-0.004659282612525536,0.825852179909734,-0.723862333033345,268.2487411883182,0.25478348439073517,0.4219536757301108,0.025176233635448138,0.2980866062437059
Average Price,i099,BTCUSDT,False,2301,1111,1190,0.23381138635375923,-0.11640957221972226,230.10193181088826,0.47669866252191895,0.12530599999999464,-230.5697340456299,0.6500559096440635,237.82533935314208,-0.1002041434357366,-5.059086146011397e-05,0.7961081500146516,-0.37372428743818065,117.35462842242504,0.15080399826162538,0.07648848326814428,0.7601043024771839,0.012603215993046502
Average Price,i099,BTCUSDT,True,838,448,390,0.4212410501193317,46.37574573784,83.80540251042005,0.1752992963168811,-0.6740620000000133,-38.27901806889694,0.887810006591232,54.78218002940246,-0.04567901917529468,0.05534098536735083,0.8581278491961247,-0.7035013378043897,276.6515513126492,0.28878281622911695,0.3854415274463007,0.010739856801909307,0.315035799522673
Typical Price,i100,BTCUSDT,False,2427,1246,1181,0.22826534816646066,6.335377245489237,242.68891211107163,0.5024278159374373,-0.05514600000000479,-236.91110868151978,0.6476883140185216,243.78565962818243,-0.09761479550124424,0.002610373813551396,0.7861667519790807,-0.359021617340059,111.86485372888339,0.1450350226617223,0.06221672847136382,0.7820354346930367,0.010712814173877214
Typical Price,i100,BTCUSDT,True,851,455,396,0.43478260869565216,57.756113464486845,85.10688731440767,0.17810797986708174,-0.6774100000000126,-28.20629182978791,0.9175217173899542,45.673942434128335,-0.033144878765908235,0.06786852346003154,0.8480491323158328,-0.7109864257518629,277.17273795534663,0.29494712103407755,0.3783783783783784,0.011750881316098707,0.31492361927144535
Median Price,i101,BTCUSDT,False,2464,1193,1271,0.23741883116883117,16.804486056017097,246.40387736131834,0.510629034683901,0.03695299999999669,-230.07306733998513,0.6538219608167005,236.5851974223009,-0.09337380979707188,0.006820002457799148,0.7427965988979988,-0.3537036070757394,111.05681818181819,0.14082792207792208,0.06818181818181818,0.7804383116883117,0.010551948051948052
Median Price,i101,BTCUSDT,True,858,455,403,0.4324009324009324,64.22912934001526,85.80892775173469,0.1797316443744606,-0.7146400000000118,-22.4741700560939,0.9339145413665771,37.199946366929815,-0.026193671394048837,0.07485912510491288,0.8560733596212314,-0.698310855185977,280.1037296037296,0.2972027972027972,0.3706293706293706,0.011655011655011656,0.32051282051282054
SMA,i001,ETHUSDT,False,4912,2362,2550,0.26078990228013027,30.576214839443793,491.19915400822595,3.4610470538775666,-0.12483699999999921,-464.2088232226598,0.6883671075035493,467.46593004388285,-0.09450505358767504,0.006224799437997515,0.8004626650455636,-0.41024552386285507,55.93017100977199,0.17406351791530944,0.10179153094462541,0.7239413680781759,0.00020358306188925082
SMA,i001,ETHUSDT,True,1730,848,882,0.4005780346820809,0.5361952296247363,172.9935871319698,1.2320053783457592,-1.3582980000000109,-175.04769528069085,0.8028521732331215,191.13166724436687,-0.10118363889057275,0.000309939439089443,1.0286479282981134,-0.8562205492683541,146.73583815028903,0.3630057803468208,0.5549132947976878,0.013294797687861272,0.06878612716763005
EMA,i002,ETHUSDT,False,5090,2457,2633,0.23045186640471513,-13.04200947420292,508.9932619973104,3.5784418697841476,0.23838100000000442,-525.3753323412974,0.6394896196162996,527.6893723148729,-0.10321715763090324,-0.002562280839725525,0.7944880892592144,-0.37204744984487,49.676424361493126,0.15402750491159137,0.08094302554027505,0.7648330058939097,0.00019646365422396856
EMA,i002,ETHUSDT,True,1712,827,885,0.4007009345794392,1.3831013838033424,171.19316148280666,1.2213619075495799,-1.188193000000014,-172.2196150065529,0.8030363673371572,190.12402017605262,-0.10059556951317343,0.0008078863223150365,1.0235467097979452,-0.8522150662065723,144.72605140186917,0.36156542056074764,0.5508177570093458,0.015186915887850467,0.07242990654205607
DEMA,i003,ETHUSDT,False,6951,3394,3557,0.26542943461372465,-60.159466557871156,695.09507761359,4.8833335250294345,0.32315299999999536,-759.8147246964904,0.6162641471712896,762.3069198060916,-0.1093101315920717,-0.008654793059685103,0.661372083927497,-0.3877881354372743,44.52424111638613,0.13293051359516617,0.0961012803913106,0.7708243418213206,0.00014386419220256078
DEMA,i003,ETHUSDT,True,2305,1130,1175,0.39739696312364425,-9.077164750069066,230.48853951315368,1.6352375329065996,-1.4327330000000238,-242.63367479612938,0.7950000042238584,253.66456958737768,-0.10526406715667218,-0.003938032429531049,1.0272328068068626,-0.8521086579058427,140.98047722342733,0.358351409978308,0.5531453362255966,0.02299349240780911,0.06550976138828633
TEMA,i004,ETHUSDT,False,7859,3963,3896,0.29189464308436186,-23.922365218261245,785.8770929203736,5.529025955702615,0.12249099999999702,-815.2059930943375,0.6210796951655855,816.7691691107264,-0.10372897227310567,-0.003043945186189241,0.5824697872253164,-0.3865932946970734,39.71739407049243,0.11871739407049244,0.10293930525512152,0.7783433006743861,0.0
TEMA,i004,ETHUSDT,True,2619,1253,1366,0.3951890034364261,-17.625461633383686,261.9124759351484,1.860660143271911,-1.5602970000000251,-282.958894711804,0.7894258151517474,288.70581469384933,-0.10804081508659948,-0.0067298440753660515,1.024918179827987,-0.8483265219910167,137.90645284459717,0.3554791905307369,0.5517373043146239,0.027109583810614738,0.06567392134402443
Hull MA,i005,ETHUSDT,False,8322,4171,4151,0.3126652247055996,8.098360772299928,832.1942675373564,5.870571257364126,0.34129699999999963,-829.6251810224207,0.6322860917369172,829.6251810224242,-0.09969060093996886,0.0009731267450492583,0.5482494507489103,-0.3944353587187212,37.54602259072338,0.11235279980773852,0.1050228310502283,0.7825042057197789,0.0001201634222542658
Hull MA,i005,ETHUSDT,True,2771,1328,1443,0.39985564778058463,-2.226742766576306,277.09319905115154,1.96387779176223,-1.5749660000000256,-282.8587856094901,0.8003981318241684,293.80121641343936,-0.10207823370966802,-0.000803588151056047,1.0236968729064186,-0.8521436685446794,135.0505232767954,0.3597979068928185,0.5503428365211115,0.028870443883074703,0.06098881270299531
Hamming MA,i006,ETHUSDT,False,4747,2330,2417,0.2801769538655993,67.19350693039954,474.69785594854164,3.360904440831643,0.08662199999999831,-410.77863145897373,0.7194213714015589,414.54532894540364,-0.0865343651693646,0.014154941422034873,0.7919266343358582,-0.42845802022992835,58.7537392037076,0.1830629871497788,0.11417737518432694,0.7025489783020855,0.0002106593638087213
Hamming MA,i006,ETHUSDT,True,1726,838,888,0.40498261877172653,12.15073415868908,172.60515436018466,1.2320687531089707,-1.3998130000000095,-163.08630195460455,0.8149029829294997,183.2260420214172,-0.0944880080849389,0.007039822803411981,1.0271805726850927,-0.8579216380345515,146.8997682502897,0.36616454229432216,0.552143684820394,0.010428736964078795,0.0712630359212051
Arnaud Legoux MA,i007,ETHUSDT,False,7681,3833,3848,0.25790912641583125,-56.397835351712054,768.086597206147,5.403369333467397,0.3072529999999961,-829.5805488913263,0.5889090942679469,830.7512800592214,-0.10800423758512256,-0.0073425120884926505,0.5999077559546583,-0.3540347041118429,38.69769561255045,0.11300611899492254,0.0726467907824502,0.8143470902226273,0.0
Arnaud Legoux MA,i007,ETHUSDT,True,2429,1174,1255,0.40057636887608067,4.917600310662074,242.87946598772234,1.7311410935897429,-1.445270000000019,-241.13827677065004,0.8053266836704025,254.71461684439265,-0.09927471254452451,0.002024536974335971,1.0252244967377728,-0.8507429341322136,140.57883902840675,0.362289007822149,0.5491972004940304,0.025113215314944422,0.06340057636887608
Least Squares MA,i008,ETHUSDT,False,4467,2300,2167,0.2813969106783076,-28.788365183153463,446.67111032276273,3.137183503299274,0.2660010000000047,-478.33065800921554,0.6850339459275994,480.45381246806534,-0.1070809621690655,-0.006444675438359853,0.8276396396642873,-0.47310706699913535,64.79561226774122,0.19229908215804792,0.15894336243563914,0.6480859637340497,0.000671591672263264
Least Squares MA,i008,ETHUSDT,True,1664,809,855,0.4020432692307692,10.902643491771347,166.39691535197318,1.1805424327669307,-1.2892760000000139,-157.96409029296882,0.8136250172526457,163.29318006628694,-0.0949303427241399,0.006552069406112589,1.0307869947119026,-0.8518196881962127,147.00240384615384,0.3659855769230769,0.5480769230769231,0.010216346153846154,0.07572115384615384
Smoothed MA,i009,ETHUSDT,False,4314,2127,2187,0.22438572090866946,-28.09594007099231,431.39338988976465,3.0331338053115537,0.1739370000000044,-462.3485267660685,0.6421993829500724,466.1540931100018,-0.10717397467919992,-0.006512735296938413,0.8572804493360481,-0.38619127367703615,54.03175707000464,0.1671302735280482,0.08854891052387576,0.7440890125173852,0.0002318034306907742
Smoothed MA,i009,ETHUSDT,True,1458,701,757,0.3943758573388203,-13.384983041051024,145.8021980558871,1.0305138474025173,-1.2096370000000145,-161.42733194434064,0.7846731539767157,173.63650647469672,-0.1107183346669003,-0.009180372456139249,1.0230570190237562,-0.8490205185537943,150.2482853223594,0.3559670781893004,0.5500685871056241,0.01440329218106996,0.07956104252400549
Adaptive MA,i010,ETHUSDT,False,3730,1848,1882,0.24718498659517427,54.904920049543726,372.9734086559441,2.608423728391708,0.19692700000000038,-320.47998533479205,0.7238391842659722,327.06915398391203,-0.08591956711388526,0.014719817707652474,0.9110663861871485,-0.41327749052683155,62.19758713136729,0.19624664879356568,0.10428954423592493,0.6983914209115282,0.0010723860589812334
Adaptive MA,i010,ETHUSDT,True,1352,670,682,0.40236686390532544,2.5053245852115213,135.1855436952609,0.9524304207610409,-0.9943620000000143,-134.62701153081042,0.8047514523061362,153.8287299373269,-0.09957619196065859,0.0018530507287067466,1.0200166539677737,-0.8533614743679202,150.55621301775147,0.3624260355029586,0.5488165680473372,0.011834319526627219,0.07692307692307693
Multi-Timeframe MA,i011,ETHUSDT,False,1569,776,793,0.2638623326959847,42.777828180280466,156.8721443467572,1.1017835602346429,-0.14292000000000565,-115.33901972671137,0.7887375849434414,120.3600804547085,-0.07351116617381222,0.027264390172262884,1.0401266191171386,-0.47268522947290614,85.18674314850223,0.2447418738049713,0.14021669853409816,0.5908221797323135,0.024219247928616953
Multi-Timeframe MA,i011,ETHUSDT,True,592,295,297,0.38006756756756754,-16.35113906827629,59.20659750012249,0.4213289457896562,-0.3502680000000085,-76.32933351418845,0.7462101041329147,82.46265967334804,-0.12893468499018318,-0.0276201673450613,0.9974606000661347,-0.8195040014416044,165.13682432432432,0.3327702702702703,0.5405405405405406,0.02027027027027027,0.10641891891891891
WMA,i012,ETHUSDT,False,5880,2993,2887,0.2522108843537415,27.849684857126565,587.9797515528289,4.152246324658325,-0.001285000000004078,-564.2835980203607,0.6586653405537274,566.7977307485834,-0.09596659830278244,0.004736340962096354,0.7342444928098439,-0.37597638864165556,47.7530612244898,0.1486394557823129,0.08078231292517007,0.7704081632653061,0.00017006802721088434
WMA,i012,ETHUSDT,True,1959,956,1003,0.4047983665135273,8.354304462021812,195.8875772294632,1.4010023052204634,-1.518365000000017,-190.45264007266186,0.8096757782755024,202.05602642046608,-0.09721931601463087,0.004264576039827367,1.02171764764535,-0.8582116077662301,146.54160285860132,0.36498213374170496,0.554364471669219,0.014293006636038795,0.06636038795303727
McGinley Dynamic,i013,ETHUSDT,False,2987,1447,1540,0.23200535654502846,58.518226168971324,298.67685697011666,2.0885769728143657,0.002114999999997761,-242.24509277395975,0.73687940860457,245.86832496868416,-0.08109979671039831,0.019590969591219056,0.9789563723938528,-0.4013347248661289,64.86006026113157,0.20220957482423838,0.09440910612654838,0.7013726146635421,0.002008704385671242
McGinley Dynamic,i013,ETHUSDT,True,1059,512,547,0.40321057601510857,8.191807777063643,105.89592544383129,0.7431616713441053,-0.7767190000000085,-99.22399833811174,0.8147182614769845,108.98409657972307,-0.09369593799632837,0.007735418108653108,1.0217947858668404,-0.8473581833912225,157.22946175637395,0.3635505193578848,0.5420207743153919,0.015108593012275733,0.07932011331444759
Guppy MMA,i014,ETHUSDT,False,1311,672,639,0.40350877192982454,29.990072289120352,131.0827435854605,0.921881857272208,-0.5863000000000034,-102.60085315361236,0.841260855306126,106.41927541424955,-0.07826152033074932,0.02287572256988585,1.0278788863777004,-0.8265329719276417,156.6178489702517,0.36536994660564454,0.4965675057208238,0.06407322654462243,0.07398932112890923
Guppy MMA,i014,ETHUSDT,True,666,334,332,0.4099099099099099,9.46591243930186,66.59457970653206,0.4616204520967029,-0.5004560000000059,-58.090743719326895,0.8265739131922509,60.997967358518736,-0.08722333891790826,0.014213081740693483,1.01417186817505,-0.8523146659824824,155.7927927927928,0.3663663663663664,0.5420420420420421,0.0,0.0915915915915916
MA Cross,i015,ETHUSDT,False,1785,857,928,0.36694677871148457,23.268075560527734,178.48710503117405,1.264320747647343,-0.07091999999998556,-156.55427021829368,0.7994888580701011,156.5542702182936,-0.08770547351164912,0.01303533644847492,0.9530101440217711,-0.6909521367721715,125.59663865546219,0.30364145658263303,0.39103641456582633,0.29635854341736695,0.008963585434173669
MA Cross,i015,ETHUSDT,True,746,384,362,0.4101876675603217,22.37241731316988,74.5946785757115,0.5279225060095158,-0.7323960000000022,-53.48257976855114,0.8558475415343768,61.852384375236525,-0.07169246617768249,0.029989835540442197,1.0376843694897873,-0.8432136291646045,162.45174262734585,0.3753351206434316,0.5294906166219839,0.00804289544235925,0.0871313672922252
EMA Cross,i016,ETHUSDT,False,1439,721,718,0.37178596247394025,71.4204012744602,143.88273735252062,1.005733822126365,-0.09734499999999995,-73.56541490018678,0.8830299124552013,79.93785004785553,-0.051122595483104084,0.049631967529159285,1.038055340656843,-0.6957135200792011,131.16539263377345,0.3405142460041696,0.33217512161223073,0.2974287699791522,0.029881862404447533
EMA Cross,i016,ETHUSDT,True,566,293,273,0.4169611307420495,19.737345815568997,56.59280488075446,0.3941330818540475,-0.36066800000000465,-37.61026014703951,0.8654304409804442,47.77912406499094,-0.06644922287462811,0.034871635716552996,1.024895703161127,-0.8469262002820166,162.81272084805653,0.37809187279151946,0.5282685512367491,0.0035335689045936395,0.09010600706713781
MA-EMA Cross,i017,ETHUSDT,False,3633,1891,1742,0.3674649050371594,53.47675472276264,363.27494405060173,2.5542167306313224,0.12191300000000135,-312.2304930584705,0.7678243781304845,316.39461896894767,-0.08594288275763018,0.014719723292805574,0.7734626173208201,-0.5852058690956333,79.66253784750894,0.22213047068538397,0.26947426369391686,0.5083952656206991,0.0
MA-EMA Cross,i017,ETHUSDT,True,1564,779,785,0.39705882352941174,-14.244817220406725,156.40694819589734,1.0933088115376886,-1.1798750000000107,-172.92494922784178,0.7862296782593053,184.6294395127875,-0.11056582431447684,-0.009107939399237036,1.0241606350145387,-0.8578247121652919,152.21547314578004,0.3561381074168798,0.5613810741687979,0.008312020460358057,0.0741687979539642
SuperTrend,i018,ETHUSDT,False,902,447,455,0.4268292682926829,44.81789973460544,90.188761291503,0.6341953224386363,-0.14125999999999928,-46.146316879336204,0.8950852311532292,51.31168521479359,-0.05115999654028404,0.04968725026009472,1.022595972019646,-0.8507655050423594,148.45343680709536,0.3835920177383592,0.5044345898004434,0.04212860310421286,0.06984478935698447
SuperTrend,i018,ETHUSDT,True,300,157,143,0.43333333333333335,15.132222581079768,29.99388993563066,0.20869762439595746,-0.28442900000000104,-15.354793978946846,0.895898055313475,17.87683976092726,-0.05118264659648949,0.050440741936932564,1.016483639179254,-0.8676333357191167,142.74666666666667,0.39,0.5333333333333333,0.0033333333333333335,0.07333333333333333
Ichimoku Cloud,i019,ETHUSDT,False,1425,731,694,0.3719298245614035,19.677095694976366,142.51562609584698,1.00642192487813,-0.17793300000000875,-124.02288532574875,0.8125996229333894,124.4822247383881,-0.08703360373736754,0.013808488207000957,1.0146870488952409,-0.7394491857432697,134.4140350877193,0.33614035087719296,0.39228070175438595,0.21754385964912282,0.05403508771929825
Ichimoku Cloud,i019,ETHUSDT,True,635,317,318,0.38740157480314963,-15.416343348153049,63.50014043061351,0.44763998670922184,-0.3943020000000076,-79.7584257654758,0.7596549088300862,84.74481842580353,-0.1256038201031115,-0.024277706060083542,1.0247609283567445,-0.8530838409800383,149.68661417322835,0.352755905511811,0.5574803149606299,0.014173228346456693,0.07559055118110236
Parabolic SAR,i020,ETHUSDT,False,2535,1257,1278,0.3767258382642998,43.83115113451183,253.4800898978922,1.7822679668030867,0.05735599999999946,-211.37385073018345,0.8060091497842024,216.43267266715344,-0.08338218963715323,0.017290394924856737,0.9196161999265207,-0.6896248871265891,109.38343195266272,0.2962524654832347,0.35660749506903355,0.3428007889546351,0.004339250493096647
Parabolic SAR,i020,ETHUSDT,True,1074,552,522,0.4180633147113594,26.936565510383815,107.38216493637455,0.7508340418516015,-0.8395190000000126,-82.03595246784236,0.8467517566187224,97.46778708266567,-0.07638356840581226,0.025080601033876923,1.0095282697456511,-0.8565026329338236,153.3389199255121,0.3715083798882682,0.5353817504655494,0.006517690875232775,0.08659217877094973
Directional Movement,i021,ETHUSDT,False,2103,1081,1022,0.3067047075606277,88.43157522646702,210.28149601172422,1.4730791094329312,-0.24550200000000447,-123.56850189469016,0.8310454983851102,127.24770548451623,-0.05875820346870668,0.04205020219993676,0.9423301802229571,-0.5016265213569941,86.66761768901569,0.2553495007132668,0.1821207798383262,0.555397051830718,0.007132667617689016
Directional Movement,i021,ETHUSDT,True,794,403,391,0.4005037783375315,-1.2148325050548858,79.39014310189975,0.5600041097596662,-0.6897490000000063,-81.8547287167143,0.7959263032118746,85.93329896283348,-0.10309159787999284,-0.0015300157494394027,1.00392779626192,-0.8426549746386656,166.3375314861461,0.3526448362720403,0.5390428211586902,0.011335012594458438,0.09697732997481108
Vortex,i022,ETHUSDT,False,2951,1457,1494,0.31955269400203323,21.413990634273826,295.10874997061734,2.076867513194638,0.10102700000000994,-275.6705998495382,0.7317018434804251,276.30965595924664,-0.09341599452712239,0.0072565200387237645,0.797251268825058,-0.5116925031631315,80.15418502202643,0.21450355811589292,0.22805828532700778,0.5570992883768214,0.00033886818027787193
Vortex,i022,ETHUSDT,True,1117,549,568,0.39659803043867503,-4.731716732485303,111.7033830229944,0.784286775310395,-0.7494570000000043,-117.9688435307901,0.7930168847422406,126.10498428751853,-0.10561221444117287,-0.004236093762296601,1.0202605891130088,-0.8456146654419185,153.1110116383169,0.35810205908683973,0.5470008952551477,0.009847806624888093,0.08504923903312445
Williams Alligator,i023,ETHUSDT,False,1693,830,863,0.39574719432959243,27.29646442342436,169.32540055451392,1.1886580719787654,-0.4757070000000036,-143.69330120306833,0.8113160986331914,150.93680031108175,-0.08487495641055424,0.01612313315028019,0.922182689667492,-0.7444337275467136,137.6272888363851,0.30773774365032486,0.43591258121677495,0.21264028352037803,0.04370939161252215
Williams Alligator,i023,ETHUSDT,True,849,435,414,0.38633686690223795,-36.16864496572118,84.90335011499207,0.6012503325746643,-0.613666000000005,-122.28691141328791,0.7251073441854263,127.416024710329,-0.1440364092029304,-0.04260146639071988,0.9834341817320144,-0.8538451497531453,161.510011778563,0.3309776207302709,0.5606595995288575,0.007067137809187279,0.10129564193168433
Williams Fractal,i024,ETHUSDT,False,2704,1361,1343,0.3849852071005917,76.13133308663872,270.3839893924632,1.9061813617764687,-0.3001680000000081,-196.45900566760096,0.845206291050355,200.85139055672965,-0.07265495771730805,0.028155078804230294,1.0304587865304278,-0.7631789551688375,117.41826923076923,0.35355029585798814,0.41531065088757396,0.21523668639053253,0.015902366863905327
Williams Fractal,i024,ETHUSDT,True,1248,628,620,0.40865384615384615,20.12457028600716,124.79992779667191,0.8725505921748693,-0.9106350000000102,-106.45854310283963,0.8326101707736221,110.27606612164618,-0.08530331979394201,0.016125456959941636,1.0383003199462872,-0.8617773797770272,133.90144230769232,0.37900641025641024,0.5504807692307693,0.008814102564102564,0.06169871794871795
Aroon,i025,ETHUSDT,False,2277,1134,1143,0.383399209486166,59.721933124792926,227.7062578734228,1.6034094037975617,0.05566000000000694,-169.5320741524274,0.8168693629867574,170.10757227563326,-0.07445413884603751,0.026228341293277526,0.8662220479693273,-0.6593617678273862,104.610891523935,0.2815107597716293,0.3403601229688186,0.37725076855511636,0.000878348704435661
Aroon,i025,ETHUSDT,True,958,496,462,0.42171189979123175,38.8745977672692,95.80493873222915,0.6728659483716238,-0.891265000000006,-58.494471913331566,0.8760754668551468,75.98203650697558,-0.061058947717465104,0.04057891207439374,1.023570325491971,-0.8520160350398697,157.80375782881003,0.38204592901878914,0.5292275574112735,0.006263048016701462,0.0824634655532359
Trend Strength Index,i026,ETHUSDT,False,2352,1172,1180,0.350765306122449,36.94871781059293,235.18424385123592,1.6559908933714347,-0.05806699999999633,-199.94958393401447,0.7949371244953132,200.93308680235057,-0.08501257820323745,0.015709488865048016,0.9395335493777832,-0.6385492876035924,103.98681972789116,0.28784013605442177,0.3307823129251701,0.3788265306122449,0.002551020408163265
Trend Strength Index,i026,ETHUSDT,True,983,496,487,0.38657171922685657,-24.47986177183261,98.2941260853881,0.6918542191412854,-0.7897480000000089,-124.255590076362,0.7571705270721548,128.99327907576452,-0.12640446599833366,-0.024903216451508253,1.0195878299134473,-0.8485886657437346,157.16581892166838,0.34893184130213634,0.5574771108850458,0.009155645981688708,0.0844354018311292
Zig Zag,i027,ETHUSDT,False,2369,1163,1206,0.4242296327564373,140.89349527255894,236.91725613291754,1.7127147602678892,0.05604800000000217,-97.68042762062647,0.9138983671132296,100.87000667142225,-0.04123276809650759,0.059473826624127875,1.0316395990778502,-0.8317289037345056,102.29590544533558,0.3858168003376952,0.4926129168425496,0.08104685521317011,0.040523427606585054
Zig Zag,i027,ETHUSDT,True,968,397,571,0.42355371900826444,41.412990193733535,96.79658128728964,0.7036218559548925,-0.49640700000000443,-56.58361994951101,0.8857986098037707,67.73586259248853,-0.058454152840403936,0.04278201466294786,1.070460077476844,-0.8879431034319303,94.21280991735537,0.4080578512396694,0.5619834710743802,0.0,0.029958677685950414
Linear Regression Curve,i028,ETHUSDT,False,7543,3807,3736,0.3063767731671749,-18.239605918228264,754.314413574419,5.314107889820861,0.24905899999999637,-777.619068382468,0.6336378091863087,778.6182729343843,-0.10309148460592178,-0.0024180837754511817,0.581965704776702,-0.4056845971180095,41.06562375712581,0.12143709399443192,0.11507357815192894,0.7634893278536391,0.0
Linear Regression Curve,i028,ETHUSDT,True,2615,1264,1351,0.39732313575525813,-18.139328499058006,261.48988162346404,1.8556391992837116,-1.4596470000000248,-282.94449632180584,0.7897932330852158,292.205076461999,-0.10820057220719154,-0.006936645697536522,1.0231808870256873,-0.8540795926024713,136.55181644359465,0.35602294455066924,0.5533460803059274,0.025239005736137667,0.06539196940726577
Linear Regression Slope,i029,ETHUSDT,False,2352,1172,1180,0.350765306122449,36.94871781059293,235.18424385123592,1.6559908933714347,-0.05806699999999633,-199.94958393401447,0.7949371244953132,200.93308680235057,-0.08501257820323745,0.015709488865048016,0.9395335493777832,-0.6385492876035924,103.98681972789116,0.28784013605442177,0.3307823129251701,0.3788265306122449,0.002551020408163265
Linear Regression Slope,i029,ETHUSDT,True,983,496,487,0.38657171922685657,-24.47986177183261,98.2941260853881,0.6918542191412854,-0.7897480000000089,-124.255590076362,0.7571705270721548,128.99327907576452,-0.12640446599833366,-0.024903216451508253,1.0195878299134473,-0.8485886657437346,157.16581892166838,0.34893184130213634,0.5574771108850458,0.009155645981688708,0.0844354018311292
Keltner Channels,i030,ETHUSDT,False,1134,567,567,0.41887125220458554,41.10349652939185,113.38830912865929,0.7946014980200542,-0.6105080000000053,-73.68992209728752,0.8709783714896079,76.19872468497515,-0.06498229461841933,0.03624646960263831,1.0472716304194876,-0.8666827716943005,118.30246913580247,0.3924162257495591,0.54673721340388,0.0,0.06084656084656084
Keltner Channels,i030,ETHUSDT,True,667,337,330,0.4122938530734633,18.7141733414111,66.687109594012,0.46934684969716556,-0.5270900000000033,-48.96937310229808,0.8561813928747606,50.66552352175068,-0.07341735097795814,0.028057231396418438,1.0600895596320428,-0.8686071479620151,109.35982008995502,0.39430284857571213,0.5562218890554723,0.0,0.049475262368815595
Donchian Channels,i031,ETHUSDT,False,1926,990,936,0.421079958463136,94.74894431339833,192.59389917232554,1.352285453223369,-0.8471420000000186,-100.04438231215059,0.8949884990746727,100.97960321615406,-0.05194412373424226,0.04919467513675926,1.0513624008688602,-0.854438824589055,129.236240913811,0.3940809968847352,0.5202492211838006,0.035306334371754934,0.05036344755970924
Donchian Channels,i031,ETHUSDT,True,951,489,462,0.4216614090431125,34.23572590126393,95.08601574737668,0.66209233779049,-0.8180710000000122,-62.330453183903245,0.870322011697722,65.0203649869796,-0.06554201176015062,0.03599971177840582,1.0432048916269594,-0.873919299502389,117.41009463722398,0.3932702418506835,0.5520504731861199,0.0,0.054679284963196635
Price Channel,i032,ETHUSDT,False,3171,1560,1611,0.2478713339640492,-57.00094636311235,317.082073423743,2.2382955606807213,0.09448500000000747,-376.22683034753607,0.6704128880008757,378.4922180146344,-0.11864611489988523,-0.017975700524475672,0.9736421155137965,-0.47862034932552633,73.62976978871019,0.2141280353200883,0.15042573320719016,0.6345001576789656,0.000946073793755913
Price Channel,i032,ETHUSDT,True,1179,595,584,0.40458015267175573,6.972428189097624,117.89440661553094,0.8356634662576825,-0.8532320000000102,-112.61087389269102,0.813405271979533,131.3847331914388,-0.09551388794969552,0.005913849184985262,1.02912840042783,-0.8596939044113476,145.0178117048346,0.36895674300254455,0.5504664970313825,0.010178117048346057,0.07039864291772689
MA Channel,i033,ETHUSDT,False,2670,1324,1346,0.3595505617977528,71.58661901752322,267.01596897657726,1.8857262283833935,-0.29556000000000077,-197.61063618743742,0.8351116509636846,200.16312942812618,-0.07401147422750465,0.02681146779682517,1.0425422313478179,-0.700848642269791,113.91722846441948,0.33632958801498125,0.32771535580524347,0.32808988764044944,0.007865168539325843
MA Channel,i033,ETHUSDT,True,1156,571,585,0.4005190311418685,0.16631738918799766,115.59313431312432,0.8119133852409174,-0.9151110000000098,-117.15384130917728,0.8038479095120693,130.0172929086852,-0.10134415338164124,0.00014387317403806026,1.0369468287327437,-0.8618473636543111,143.47750865051904,0.370242214532872,0.5570934256055363,0.009515570934256055,0.06314878892733564
Chande Kroll Stop,i034,ETHUSDT,False,3093,1623,1470,0.3802133850630456,174.63734870207307,309.29067788423356,2.1760258957569305,-0.8420870000000004,-137.67144207791742,0.8983297076064176,141.15751558979142,-0.04451065052632312,0.05646212373167574,1.0343755092052078,-0.7063625669813468,112.41933397995474,0.3527319754283867,0.36113805366957646,0.2809569996766893,0.005172971225347559
Chande Kroll Stop,i034,ETHUSDT,True,1443,720,723,0.42134442134442135,63.3930573358593,144.29510733960365,1.010078709139557,-1.1388900000000086,-83.05101871288392,0.8846858155328459,99.88639623904399,-0.057554413522442074,0.04393143266518316,1.0479672648530607,-0.8625330727467603,134.3042273042273,0.3963963963963964,0.5398475398475399,0.006237006237006237,0.05751905751905752
52-Week High/Low,i035,ETHUSDT,False,784,441,343,0.44005102040816324,60.77510420057561,78.38788012074897,0.5410012081099331,-0.4273920000000071,-18.58116912828329,0.9518177154171471,31.479252184115303,-0.023700470826891952,0.07751926556195869,1.0639478384741583,-0.8784582537627971,99.15306122448979,0.42091836734693877,0.5357142857142857,0.0,0.04336734693877551
52-Week High/Low,i035,ETHUSDT,True,537,301,236,0.4376163873370577,38.989078410531405,53.68896318062628,0.36842939944397285,-0.3702910000000009,-15.438605169538835,0.9417611533785444,23.88683020201042,-0.028749730297092803,0.07260536016858735,1.0623514258648066,-0.8777853981714187,92.61080074487896,0.41899441340782123,0.5363128491620112,0.0,0.0446927374301676
Majority Rule,i036,ETHUSDT,False,2804,1435,1369,0.3509272467902996,-10.249359901944544,280.4237303717112,1.9809985957215732,-0.42808600000000596,-293.08217486937735,0.7558654738393861,294.78249929575617,-0.10452288690063387,-0.0036552638737320053,0.9221670759816164,-0.6596124052941142,106.17403708987162,0.27639087018544933,0.35271041369472184,0.3609129814550642,0.009985734664764621
Majority Rule,i036,ETHUSDT,True,1258,613,645,0.38553259141494434,-17.99920780565779,125.79945949042678,0.8872070768076055,-1.014431000000013,-145.70030537289222,0.7773455858327508,167.42013286210369,-0.11581900268115437,-0.014307796347899675,1.0488214255614166,-0.846544239029986,147.73767885532592,0.35930047694753575,0.5588235294117647,0.00794912559618442,0.0739268680445151
MACD,i038,ETHUSDT,False,2412,1214,1198,0.33955223880597013,4.176079012059908,241.19278731973674,1.6911967364412195,0.05010000000000628,-238.65780504411808,0.7696803874286691,243.9547390043729,-0.09894602199175706,0.001731376041484207,0.9738032939094486,-0.6504725064381396,104.96517412935323,0.2922885572139303,0.310530679933665,0.3922056384742952,0.004975124378109453
MACD,i038,ETHUSDT,True,965,514,451,0.39067357512953366,-10.942241746271296,96.4866625173681,0.6729135724453754,-0.8997800000000056,-109.00159783608478,0.7807417324666526,118.95647056788144,-0.11295502366433657,-0.011339110617897717,1.0295393012256955,-0.8454726435343061,155.17720207253885,0.35544041450777203,0.5512953367875648,0.0062176165803108805,0.08704663212435233
RSI,i039,ETHUSDT,False,2967,1453,1514,0.23255813953488372,65.45584760603688,296.67966211143073,2.0728661829240482,-0.10623100000000185,-233.4029116883179,0.7438250570136423,235.94030313427527,-0.07866629986124633,0.022061290059331606,0.9821805617600066,-0.40013504580708054,64.96663296258848,0.20390967307044153,0.09403437815975733,0.7000337040781934,0.0020222446916076846
RSI,i039,ETHUSDT,True,1051,523,528,0.4072312083729781,17.21209679757074,105.09187329605105,0.7358745796793145,-0.8157140000000087,-89.43136507815963,0.8302873398362773,100.43845186820938,-0.08509168894211191,0.016376876115671495,1.0222574066346664,-0.8458387401569771,158.65080875356804,0.368220742150333,0.5375832540437678,0.013320647002854425,0.08087535680304472
Stochastic,i040,ETHUSDT,False,9468,4714,4754,0.2917194761301225,-15.708305299639303,946.7967909659222,6.662721128289483,0.031151000000002264,-969.136666393851,0.5969015882725252,969.1366663938479,-0.10235917473530322,-0.0016590943493493136,0.5195806851756847,-0.35851752443320795,33.09442332065906,0.09727503168567807,0.08069286016054077,0.8219264892268695,0.00010561892691170258
Stochastic,i040,ETHUSDT,True,2958,1405,1553,0.3931710615280595,-26.180908588453267,295.79136341928603,2.1117155524300877,-1.720751000000024,-325.8047385601694,0.7860367384080791,326.69352836963594,-0.11014358977693355,-0.00885088187574485,1.02915625307096,-0.848308334753034,131.9496281271129,0.35868830290736986,0.5513860716700474,0.033468559837728194,0.05645706558485463
Stochastic RSI,i041,ETHUSDT,False,6164,3024,3140,0.30434782608695654,-91.96949612236085,616.3816692810273,4.3250669624741525,0.27073699999999723,-712.4054953658623,0.6316069334387506,717.2331701510523,-0.11557519392697312,-0.014920424419591311,0.6510732732457488,-0.45098389831503904,49.72809863724854,0.1419532770927969,0.15785204412719014,0.700194678780013,0.0
Stochastic RSI,i041,ETHUSDT,True,2348,1138,1210,0.3977853492333901,-3.4931835798662214,234.80459388299172,1.662689850856413,-1.5464640000000214,-241.50693131371438,0.7993782228268027,259.2175223710206,-0.10285644434144564,-0.0014877272486653412,1.0302840178653727,-0.8513381923620741,143.37308347529813,0.360732538330494,0.5536626916524702,0.019591141396933562,0.06601362862010221
Connors RSI,i042,ETHUSDT,False,11448,5676,5772,0.26572327044025157,-18.608020389164615,1144.8041256871093,8.053139306478856,0.06532499999999891,-1171.3999603827529,0.5502670102403656,1171.8035957546283,-0.10232354650443333,-0.0016254385385363918,0.4711559998333112,-0.3098568298686278,26.60438504542278,0.07721872816212438,0.05651642208245982,0.8662648497554158,0.0
Connors RSI,i042,ETHUSDT,True,3016,1419,1597,0.40251989389920423,20.95667982888436,301.5850288447969,2.1554308278925913,-1.6862250000000258,-284.47000484380516,0.8143897098532756,296.8285510064414,-0.09432029338322451,0.006948501269523993,1.0281299754579794,-0.850510430105323,133.23275862068965,0.365053050397878,0.5467506631299734,0.03050397877984085,0.057692307692307696
Awesome Oscillator,i043,ETHUSDT,False,1454,717,737,0.3878954607977992,91.60039407540252,145.3970491268525,1.0179250369332562,-0.15370700000000126,-54.968287088383235,0.9107788228322937,58.49854229733326,-0.037804874201088884,0.06299889551265647,0.9948968935054665,-0.692236106770187,139.42159559834937,0.3363136176066025,0.36932599724896836,0.25997248968363135,0.0343878954607978
Awesome Oscillator,i043,ETHUSDT,True,590,299,291,0.4135593220338983,14.361070255286146,58.99893799008389,0.4139831732971162,-0.366885999999999,-45.41873690809485,0.8455866876102153,50.39744541338101,-0.07698091001372008,0.024340797042857874,1.0193389603645626,-0.8501082174481163,163.464406779661,0.3711864406779661,0.535593220338983,0.003389830508474576,0.08983050847457627
Accelerator Oscillator,i044,ETHUSDT,False,3405,1710,1695,0.34889867841409694,-29.483165002337664,340.49470874129526,2.393866213409692,0.0359760000000054,-372.3357639570426,0.7115792651295638,377.20686283243845,-0.10934971041322837,-0.008658785610084483,0.7732414354524286,-0.5822943569122814,82.26578560939794,0.21644640234948606,0.2872246696035242,0.4957415565345081,0.0005873715124816446
Accelerator Oscillator,i044,ETHUSDT,True,1436,740,696,0.3906685236768802,-32.05004862489245,143.5736519166424,1.0097527325283133,-1.0132160000000106,-177.64666927406316,0.7631844395490983,189.53304797386025,-0.12370937971731419,-0.022318975365523987,1.0205011061939349,-0.8573117598272694,152.12534818941504,0.35097493036211697,0.5619777158774373,0.008356545961002786,0.0786908077994429
Momentum,i045,ETHUSDT,False,3934,2009,1925,0.2979156075241485,107.51228775657992,393.3749325016139,2.7650034715238045,-0.06429400000000512,-288.6919422165578,0.7590789017069753,289.7573806860786,-0.07338381856038581,0.027329000446512437,0.776102597291233,-0.4338465554822168,65.54550076258262,0.1929334011184545,0.143111337061515,0.6639552618200305,0.0
Momentum,i045,ETHUSDT,True,1381,685,696,0.4055032585083273,18.125468721823857,138.09514050828375,0.9835447510982062,-1.1828630000000138,-122.13607953755812,0.8232317552535406,130.4862632009378,-0.08844031827484296,0.013124886836947037,1.0157195541713058,-0.8415822531954803,151.2599565532223,0.3620564808110065,0.5329471397538016,0.01955104996379435,0.08544532947139753
Chande Momentum Oscillator,i046,ETHUSDT,False,4148,2111,2037,0.29725168756027,72.97201509862919,414.7755011149526,2.9258737398314363,-0.06673399999999542,-344.79609375615485,0.7297362283723025,345.1527548620074,-0.08312345558248671,0.01759209621471292,0.7550528216968506,-0.43765908161522177,63.350289296046284,0.18539054966248794,0.14922854387656703,0.665380906460945,0.0
Chande Momentum Oscillator,i046,ETHUSDT,True,1448,711,737,0.40331491712707185,4.863390433616777,144.78986604169737,1.031281380440708,-1.2025430000000106,-142.16029998852133,0.8062416246538298,161.44181042293138,-0.09817700275450368,0.003358695050840315,1.0129085009612901,-0.8491885006364753,149.75828729281767,0.35980662983425415,0.5421270718232044,0.017265193370165747,0.08080110497237569
Price Oscillator,i047,ETHUSDT,False,1389,698,691,0.37724982001439883,74.68005761478473,138.88437042799262,0.9738091492745059,-0.13188000000000258,-65.31000196248242,0.893025938670886,74.89304580522493,-0.04701943985779871,0.05376534025542457,1.040480628484449,-0.7058056084258194,135.64650827933767,0.34557235421166305,0.3441324694024478,0.27429805615550756,0.03599712023038157
Price Oscillator,i047,ETHUSDT,True,541,284,257,0.4195933456561922,19.91909925058365,54.09198511731288,0.3784845028224947,-0.35062200000000476,-34.901992369551735,0.8691817941609608,43.231739251592685,-0.06451384911192558,0.03681903743176275,1.0215668570302037,-0.8496741048261399,164.5822550831793,0.3789279112754159,0.5268022181146026,0.0036968576709796672,0.09057301293900184
Detrended Price Oscillator,i048,ETHUSDT,False,2069,990,1079,0.28806186563557273,62.55572189896845,206.88141922145346,1.4486441713024307,-0.1551210000000052,-145.92946249378744,0.8080348049346238,147.4030266215224,-0.07053139801536366,0.030234761671806887,1.030633598616248,-0.5160808467542914,92.27839536007733,0.26292895118414694,0.18221362977283712,0.5398743354277429,0.014983083615273078
Detrended Price Oscillator,i048,ETHUSDT,True,760,362,398,0.40789473684210525,17.88296018638993,76.01154653003638,0.5339765278121408,-0.5608310000000072,-59.2233938714586,0.8431159331087943,76.12180651161746,-0.0779255182519192,0.023530210771565696,1.0266917100870925,-0.838884053329905,154.56052631578947,0.37105263157894736,0.5289473684210526,0.018421052631578946,0.08157894736842106
TRIX,i049,ETHUSDT,False,808,400,408,0.41707920792079206,34.79930476606202,80.79372157258365,0.5625875814600911,-0.158624000000009,-46.71562838798171,0.8774421839171969,49.14354375621582,-0.0578163717673041,0.04306844649265102,0.9924526380151738,-0.8092827333314125,169.39975247524754,0.3613861386138614,0.4863861386138614,0.06188118811881188,0.09034653465346534
TRIX,i049,ETHUSDT,True,329,162,167,0.4012158054711246,-7.670549017172645,32.91133647429913,0.2291748104165707,-0.22770300000000415,-41.038763301888345,0.7576200997349917,45.24994259707492,-0.12473788237656032,-0.023314738654020197,0.9717962509249611,-0.8594714133197117,166.7386018237082,0.3343465045592705,0.5562310030395137,0.0,0.1094224924012158
Fisher Transform,i050,ETHUSDT,False,5066,2543,2523,0.3274772996446901,53.24970086561559,506.6011353498647,3.57351165831667,0.13421999999999684,-456.7907261425658,0.7229277812956287,460.6044927877651,-0.09016792857137106,0.010511192433007419,0.7184107532432018,-0.48389614492898075,60.64528227398342,0.18101065929727594,0.18022108172127912,0.6385708645874457,0.00019739439399921041
Fisher Transform,i050,ETHUSDT,True,1988,982,1006,0.40643863179074446,6.122838701956179,198.79394451388436,1.409467011880174,-1.4475780000000185,-195.52815082380835,0.8066105468170552,204.6513147931686,-0.09835420061559777,0.003079898743438722,1.0093203814299454,-0.8568296771349191,146.9738430583501,0.36016096579476864,0.5472837022132797,0.01609657947686117,0.07645875251509054
Ultimate Oscillator,i051,ETHUSDT,False,4573,2086,2487,0.29258692324513447,-8.90740989266633,457.3172516937431,3.2544680589512334,0.1321300000000037,-469.3469996453606,0.6664427135144375,477.31093324915975,-0.10263437560580815,-0.0019478263487133895,0.700858466955378,-0.4349600087887655,55.808878198119395,0.16422479772578177,0.13907719221517603,0.6960419855674612,0.000656024491581019
Ultimate Oscillator,i051,ETHUSDT,True,1693,851,842,0.4004725339633786,2.917793143194547,169.26867270058867,1.2116387254773098,-1.267465000000014,-168.8299832828714,0.8039696058770777,174.74270597674445,-0.09972237642225128,0.001723445447840843,1.0212594802099189,-0.8485161683400952,146.3177790903721,0.3614884819846427,0.5475487300649734,0.012404016538688719,0.07855877141169522
Williams %R,i052,ETHUSDT,False,3911,1860,2051,0.2587573510611097,-26.491962827618597,391.0709425745033,2.7600292424628963,0.2688270000000048,-420.0541076445848,0.6856612995464111,424.71474180761237,-0.10740324920597924,-0.006773705657790488,0.905391697307148,-0.4609556762053876,65.91817949373562,0.2042955765788801,0.13986192789567886,0.655842495525441,0.0
Williams %R,i052,ETHUSDT,True,1407,688,719,0.39516702203269366,-17.003448315031054,140.69843692986277,1.003562112412988,-1.0876250000000132,-159.79307235730684,0.7811134625516137,172.4383219233277,-0.11357005853397785,-0.012084895746290729,1.0256005078026609,-0.8578460102180802,148.41222459132908,0.35963041933191187,0.5614783226723525,0.011371712864250177,0.06751954513148543
SMI Ergodic,i053,ETHUSDT,False,4080,2023,2057,0.304656862745098,-2.1057979546169503,408.00293307620643,2.8666006651915334,0.1521700000000043,-412.823161696015,0.7192209895028813,416.2078093491336,-0.10118214747451348,-0.0005161269496610172,0.8507278316781346,-0.518250918742311,71.88627450980393,0.2181372549019608,0.1892156862745098,0.5924019607843137,0.00024509803921568627
SMI Ergodic,i053,ETHUSDT,True,1598,793,805,0.3973717146433041,-16.231630729355906,159.82007903119865,1.131116168537254,-1.295692000000014,-178.47851792909185,0.7844025666845865,191.07951126366564,-0.11168868456138412,-0.010157466038395435,1.022604372693456,-0.8596389351915226,148.93366708385483,0.3566958698372966,0.5594493116395495,0.007509386733416771,0.07634543178973717
Relative Vigor Index,i054,ETHUSDT,False,4805,2517,2288,0.35359001040582727,43.04633531708208,480.49482705767616,3.3974856436080656,0.08778300000000612,-440.75819438420217,0.7245896651522306,446.460404117843,-0.09172907271263313,0.008958654592524887,0.6825255577303448,-0.5152508425524978,61.650780437044745,0.17898022892819979,0.22081165452653487,0.6002081165452654,0.0
Relative Vigor Index,i054,ETHUSDT,True,1897,939,958,0.3974696889826041,-2.087255047893255,189.68784284389892,1.3452247577730048,-1.3131130000000124,-194.4334356495652,0.7993537628646166,207.26428008571924,-0.10249522174463112,-0.0011002925924582263,1.0273244127534977,-0.8478005624371849,147.51555086979442,0.3584607274644175,0.5461254612546126,0.020031628887717447,0.0753821823932525
True Strength Index,i055,ETHUSDT,False,2139,1055,1084,0.3506311360448808,16.23377528971548,213.91294338813313,1.4985607742582923,0.03349500000000534,-199.14423387267593,0.7887987885005823,202.06338209452466,-0.09310155861275171,0.007589422762840336,0.9916908417991502,-0.6788425955522237,113.52220663861618,0.3076203833567087,0.3380084151472651,0.34315100514259,0.011220196353436185
True Strength Index,i055,ETHUSDT,True,846,440,406,0.40543735224586286,8.235967106565912,84.6037341308661,0.589483488877383,-0.7389330000000037,-77.69618351317757,0.8175299049402732,86.49191014737093,-0.09183946041746757,0.009735185705160652,1.0148865947352363,-0.846525418503705,154.77304964539007,0.3628841607565012,0.5401891252955082,0.00591016548463357,0.09101654846335698
Coppock Curve,i056,ETHUSDT,False,1697,837,860,0.3700648202710666,44.202223549499486,169.67595467450258,1.1989377784766966,-0.24644599999999356,-126.91911490347978,0.831921454716626,126.91911490347974,-0.07479028574159091,0.026047273747495277,1.0003165060260817,-0.7063778116818138,130.9222156747201,0.3270477312905127,0.394814378314673,0.2657631113730112,0.012374779021803181
Coppock Curve,i056,ETHUSDT,True,708,367,341,0.403954802259887,9.782224579904952,70.79610471956903,0.4980032498817967,-0.7655740000000082,-62.27745738954587,0.8252918404647503,65.57296600778326,-0.08796251043721169,0.013816701384046542,1.0286300388992091,-0.8447053282339329,160.62429378531073,0.365819209039548,0.5423728813559322,0.005649717514124294,0.08615819209039548
Rate of Change,i057,ETHUSDT,False,4148,2111,2037,0.29725168756027,72.97201509862919,414.7755011149526,2.9258737398314363,-0.06673399999999542,-344.79609375615485,0.7297362283723025,345.1527548620074,-0.08312345558248671,0.01759209621471292,0.7550528216968506,-0.43765908161522177,63.350289296046284,0.18539054966248794,0.14922854387656703,0.665380906460945,0.0
Rate of Change,i057,ETHUSDT,True,1448,711,737,0.40331491712707185,4.863390433616777,144.78986604169737,1.031281380440708,-1.2025430000000106,-142.16029998852133,0.8062416246538298,161.44181042293138,-0.09817700275450368,0.003358695050840315,1.0129085009612901,-0.8491885006364753,149.75828729281767,0.35980662983425415,0.5421270718232044,0.017265193370165747,0.08080110497237569
Klinger Oscillator,i058,ETHUSDT,False,4069,1976,2093,0.29663307938068323,-27.394072644878364,406.8761588693579,2.861167506386401,0.1248129999999994,-437.0065860206226,0.6912264421856321,440.5687592736456,-0.10739901352190281,-0.006732384528109699,0.8105148073757956,-0.49451361234214114,68.709510936348,0.1990661096092406,0.19390513639714918,0.6040796264438437,0.0029491275497665276
Klinger Oscillator,i058,ETHUSDT,True,1566,791,775,0.39655172413793105,-11.020371293125208,156.58828271432918,1.105926100044638,-1.0634310000000071,-169.77801110749903,0.7904192077853806,186.29749187265787,-0.10841507733556768,-0.0070372741335410025,1.0310882771549947,-0.8572315674293658,147.65389527458493,0.3614303959131545,0.5574712643678161,0.012132822477650063,0.06896551724137931
Bollinger Bands,i059,ETHUSDT,False,1858,902,956,0.41388589881593113,73.72492100199624,185.78587784254395,1.3145501478003165,-0.5195590000000073,-113.89506598834802,0.87569006749923,114.31640705560922,-0.06129982023054253,0.03967972066845868,1.0433335280384446,-0.8413393471532709,128.6415500538213,0.38266953713670615,0.5086114101184069,0.05705059203444564,0.05166846071044134
Bollinger Bands,i059,ETHUSDT,True,908,440,468,0.3975770925110132,-6.899110252628304,90.78115640650002,0.6423509724584437,-0.5811770000000067,-98.90379463158678,0.7917058802620053,101.50993773921815,-0.10892488395549205,-0.007598139044744829,1.0413401499868564,-0.8680577491349946,118.33370044052863,0.368942731277533,0.5693832599118943,0.0022026431718061676,0.05947136563876652
BB %B,i060,ETHUSDT,False,3257,1617,1640,0.24531777709548663,17.11209539837092,325.693931240173,2.2873050008052904,0.03595100000001106,-310.8331898426074,0.7143385292108155,314.53278343002836,-0.09543542825993472,0.005253943935637372,0.9728211708704181,-0.4426840135752935,70.57230580288609,0.21154436598096407,0.1237334970832054,0.6641080749155664,0.0006140620202640467
BB %B,i060,ETHUSDT,True,1148,585,563,0.3893728222996516,-18.886579689969718,114.79246148643054,0.8103726656043735,-0.8171810000000085,-135.30659484200464,0.7717262646075614,150.34974542243793,-0.1178628874930354,-0.016451724468614735,1.0233372361168247,-0.8455611118205782,152.79181184668988,0.3519163763066202,0.554006968641115,0.010452961672473868,0.08362369337979095
Standard Error Bands,i061,ETHUSDT,False,2376,1152,1224,0.38215488215488214,47.10391587235444,237.58759058871237,1.6788548054740442,-0.3117959999999964,-192.47432552183196,0.8280637110251616,196.44348779702437,-0.08100771276171378,0.019824880417657592,1.0208999009492912,-0.76256909780912,112.82996632996633,0.3468013468013468,0.4335016835016835,0.20202020202020202,0.017676767676767676
Standard Error Bands,i061,ETHUSDT,True,1045,514,531,0.3990430622009569,-7.129468544446982,104.48763326862938,0.7349489027007389,-0.7236629999999998,-113.0757137157771,0.7921206514626407,115.67691641909717,-0.10820642460839913,-0.0068224579372698395,1.033268694386455,-0.8661604447053007,132.6727272727273,0.36650717703349284,0.5655502392344498,0.003827751196172249,0.06411483253588517
Envelopes,i062,ETHUSDT,False,3,2,1,0.0,-2.400000000000002,0.2996,0.0028066120645425913,0.0,-2.702406612064545,0.0,2.702406612064545,-0.900802204021515,-0.8000000000000007,0.0,-0.900802204021515,1.3333333333333333,0.0,1.0,0.0,0.0
Envelopes,i062,ETHUSDT,True,1,0,1,0.0,-0.8000000000000007,0.10040000000000002,0.0008012820512820513,0.0,-0.9012012820512828,0.0,0.9012012820512828,-0.9012012820512828,-0.8000000000000007,0.0,-0.9012012820512828,1.0,0.0,1.0,0.0,0.0
Net Volume,i074,ETHUSDT,False,3312,1662,1650,0.3134057971014493,27.901901419303766,331.2152140207808,2.310114077289348,-0.3739839999999979,-305.9974106787664,0.7185896301048315,307.8990878155623,-0.09239052254793673,0.008424487143509591,0.7527681691763598,-0.47817536072287936,71.71678743961353,0.18961352657004832,0.1890096618357488,0.6192632850241546,0.002113526570048309
Net Volume,i074,ETHUSDT,True,1267,633,634,0.39621152328334647,-1.375445067005332,126.70523515267679,0.8899303047358016,-1.2716270000000116,-130.24223752441793,0.797117257353157,139.2950035128749,-0.10279576758044034,-0.0010855920023720063,1.0193544798612206,-0.8391610279931383,150.06314127861089,0.35674822415153906,0.5445935280189423,0.012628255722178374,0.08602999210734018
OBV,i075,ETHUSDT,False,3523,1866,1657,0.2512063582174283,33.720093011751516,352.28800613614357,2.454318575677803,-0.3588310000000047,-321.3810627000699,0.7041716735324004,322.8614763584504,-0.0912236908033125,0.009571414422864466,0.8644020854413572,-0.41181838829252115,59.22707919386886,0.18592108998013057,0.12319046267385751,0.6891853533919955,0.0017030939540164632
OBV,i075,ETHUSDT,True,1243,632,611,0.39420756234915527,-10.363822926755716,124.28561304232417,0.8716355379628095,-1.1354740000000068,-136.65654550704272,0.7872071218928146,141.12352232044262,-0.10994090547630146,-0.008337749739948283,1.0317305348973085,-0.8528612318814393,152.0498793242156,0.3588093322606597,0.5575221238938053,0.012067578439259855,0.07160096540627514
Accumulation/Distribution,i076,ETHUSDT,False,3849,1816,2033,0.2722785138997142,-12.01613509137407,384.89912434923076,2.7372445535540137,0.2066259999999997,-399.4458779941589,0.6694433983848314,400.1695291860071,-0.10377913172100776,-0.003121884928909865,0.7719064848137805,-0.43141873405176745,56.066250974279036,0.17459080280592362,0.13250194855806702,0.6910885944401143,0.0018186541958950377
Accumulation/Distribution,i076,ETHUSDT,True,1484,739,745,0.3908355795148248,-25.306197381679528,148.38566771272627,1.0524103900366717,-1.0507490000000115,-175.79502448444248,0.7696137553767644,175.79502448444254,-0.11846025908655154,-0.017052693653422865,1.0124996019804495,-0.8440760991516629,146.00134770889488,0.34838274932614555,0.5518867924528302,0.018194070080862535,0.08153638814016173
MFI,i077,ETHUSDT,False,2795,1361,1434,0.32379248658318427,-8.028706457319835,279.47270745207754,1.9609810639108989,0.14229700000001483,-289.32009797330824,0.7120590561653113,291.02631477055917,-0.10351345186880437,-0.0028725246716707815,0.790574158933084,-0.5316347681522483,82.6339892665474,0.21395348837209302,0.23935599284436493,0.5445438282647584,0.002146690518783542
MFI,i077,ETHUSDT,True,1102,550,552,0.4029038112522686,16.958236737007205,110.19376405028034,0.7718021029795891,-0.8306260000000044,-94.83795541625271,0.8279030158913392,98.77018238455649,-0.08605985064995708,0.015388599579861348,1.0275558059241592,-0.837496555085987,152.68148820326678,0.367513611615245,0.5353901996370236,0.012704174228675136,0.08439201451905626
Chaikin Money Flow,i078,ETHUSDT,False,3239,1510,1729,0.321395492435937,0.14687498976149183,323.90927902605,2.30683408003907,0.038655999999997644,-326.0305821163276,0.6907925708844213,328.66478138938675,-0.10065779009457473,4.534578257532937e-05,0.6996894865867495,-0.4797121645373674,65.08335906143871,0.17906761346094474,0.18585983328187713,0.6326026551404754,0.002469898116702686
Chaikin Money Flow,i078,ETHUSDT,True,1267,634,633,0.39936858721389107,0.21501449302526732,126.68388632185712,0.9027863489922825,-0.8794870000000093,-128.25114517782416,0.8021421894193143,135.6930476592909,-0.10122426612298668,0.00016970362511860087,1.027564033691692,-0.851772071256006,149.31254932912393,0.3638516179952644,0.5516969218626677,0.014206787687450671,0.0702446724546172
Chaikin Oscillator,i079,ETHUSDT,False,3288,1590,1698,0.31843065693430656,20.615850613698996,328.7894528836227,2.3242679120970564,0.12381400000000503,-310.37405618202075,0.73688623762375,316.8863064817547,-0.09439600248844912,0.0062700275589108855,0.8302246255585738,-0.5263807403578079,73.96776155717761,0.2208029197080292,0.2086374695863747,0.5690389294403893,0.0015206812652068127
Chaikin Oscillator,i079,ETHUSDT,True,1394,706,688,0.3945480631276901,-6.3179316257494955,139.3896189288139,0.9813320919132263,-1.1365390000000173,-147.8254216464766,0.7925619614653306,151.99624459393164,-0.10604406143936629,-0.004532232156204803,1.0269073551898238,-0.8443417855460661,149.98134863701577,0.35724533715925394,0.5480631276901005,0.015781922525107604,0.07890961262553801
Ease of Movement,i080,ETHUSDT,False,3149,1485,1664,0.3115274690377898,-4.0201223164272,314.87234980396283,2.216549498040416,0.3185270000000061,-320.79049461843044,0.7047563496530294,320.790494618431,-0.10187059213033675,-0.0012766345876237533,0.7805683089908328,-0.5011660543073974,75.82819942838996,0.20387424579231503,0.21435376309939663,0.5795490631946649,0.0022229279136233727
Ease of Movement,i080,ETHUSDT,True,1163,567,596,0.39810834049871024,-6.469946117640324,116.29889984628483,0.8246568513229616,-0.7731370000000088,-124.36663981524813,0.7910906004974676,131.06544704249458,-0.1069360617499984,-0.005563152293757802,1.0171644033248486,-0.8504482265066471,155.73344797936372,0.35683576956147894,0.5460017196904557,0.01117798796216681,0.08598452278589853
Elder Force Index,i081,ETHUSDT,False,2865,1484,1381,0.26771378708551485,18.767688721022445,286.48574750703466,2.002031005221019,0.012305000000003272,-269.7077847912333,0.7238438389220241,269.80016283487595,-0.09413884285906919,0.0065506766914563514,0.9216971900001804,-0.46551455172610656,73.15462478184992,0.2164048865619546,0.15043630017452006,0.6282722513089005,0.004886561954624782
Elder Force Index,i081,ETHUSDT,True,1073,551,522,0.38676607642124883,-13.501704257611403,107.28994969114136,0.7491679040643878,-0.812404000000012,-122.35322585281716,0.7785515928045283,132.74520383987561,-0.11402910144717349,-0.01258313537522032,1.0365306866697659,-0.8396861106698633,152.05684995340167,0.3560111835973905,0.5507921714818267,0.016775396085740912,0.07642124883504194
Price & Volume Trend,i082,ETHUSDT,False,2156,1138,1018,0.28385899814471244,30.51615789501326,215.57415799430385,1.4961096733464307,0.029860999999995808,-186.52424877263698,0.7634466994479316,186.5242487726368,-0.08651403004296707,0.014154062103438435,0.9836341251670535,-0.5106919257609285,82.87987012987013,0.24768089053803338,0.19294990723562153,0.5477736549165121,0.011595547309833023
Price & Volume Trend,i082,ETHUSDT,True,798,414,384,0.39473684210526316,1.6210556990259417,79.80150275811727,0.5540728590762372,-0.5653710000000044,-79.29989091816756,0.8067158585442852,81.81781737376292,-0.09937329688993429,0.0020313981190801275,1.0507185703219097,-0.8494332102889629,154.1704260651629,0.3684210526315789,0.5513784461152882,0.012531328320802004,0.06766917293233082
VWAP,i086,ETHUSDT,False,2710,1291,1419,0.23321033210332104,31.852010949769706,270.98581230533307,1.8983401869103251,-0.10539700000000193,-241.1375385424737,0.7184887465760147,244.6349390998798,-0.08898064152858808,0.011753509575560777,0.9738048989348566,-0.4122147423817629,66.90442804428044,0.2007380073800738,0.1025830258302583,0.6911439114391144,0.005535055350553505
VWAP,i086,ETHUSDT,True,1020,507,513,0.3911764705882353,-9.131046025341815,102.00329648414063,0.7156921507031394,-0.6831870000000109,-112.5332216601856,0.7842006052153966,117.09525665431948,-0.11032668790214274,-0.00895200590719786,1.0249078213195568,-0.8397285706387906,152.79019607843136,0.35294117647058826,0.546078431372549,0.022549019607843137,0.0784313725490196
VWMA,i087,ETHUSDT,False,3490,1714,1776,0.2475644699140401,-7.512807736195626,348.99866517519513,2.450135018547216,0.17327800000001112,-358.7883299299379,0.6980573088988596,362.6622055183068,-0.10280467906301945,-0.002152666973121956,0.960043968165002,-0.45250050206568915,68.76446991404012,0.21002865329512893,0.12550143266475644,0.6641833810888252,0.00028653295128939826
VWMA,i087,ETHUSDT,True,1235,622,613,0.3991902834008097,-1.6083430313824976,123.49544198057738,0.8741182493121024,-0.9772800000000094,-126.955183261272,0.7995446248420321,139.11823588949787,-0.10279771923989635,-0.001302302049702427,1.0271373436828495,-0.8535497219634998,150.6825910931174,0.36356275303643726,0.5497975708502024,0.012145748987854251,0.07449392712550608
Pivot Points Standard,i088,ETHUSDT,False,1186,591,595,0.2748735244519393,47.6461019054776,118.61058108274246,0.8425937793608054,-0.03257600000000414,-71.83964895662567,0.8267778108634873,75.44113244773463,-0.0605730598285208,0.04017377900967757,1.0517969112251857,-0.48223888606515836,85.61551433389545,0.2563237774030354,0.1399662731871838,0.5809443507588533,0.022765598650927487
Pivot Points Standard,i088,ETHUSDT,True,455,203,252,0.4065934065934066,3.1580877347850422,45.490706605021956,0.3245068973475151,-0.17489300000000257,-42.832018767584415,0.8116840482932443,51.123537726984495,-0.094136304983702,0.00694085216436273,0.997922276286967,-0.8423986662247162,166.36703296703297,0.34945054945054943,0.5384615384615384,0.015384615384615385,0.0967032967032967
Balance of Power,i089,ETHUSDT,False,3615,1726,1889,0.27717842323651454,7.84279079179192,361.50477794273456,2.5529198235417843,-0.12724199999999594,-356.3421489744845,0.6855877748785603,358.89281494503535,-0.09857320856832212,0.002169513358725289,0.7754666299614194,-0.43373888717789,64.5253112033195,0.18091286307053941,0.14605809128630706,0.6721991701244814,0.0008298755186721991
Balance of Power,i089,ETHUSDT,True,1292,629,663,0.3831269349845201,-36.16301770884668,129.1919787838701,0.9207942019123178,-1.0839650000000092,-167.3597556946291,0.7529755773206128,179.3392241511882,-0.1295354146243259,-0.027989951787033035,1.0305921531316502,-0.8500663381365067,154.8374613003096,0.3498452012383901,0.5673374613003096,0.008513931888544891,0.07430340557275542
Accumulative Swing Index,i090,ETHUSDT,False,2441,1508,933,0.30069643588693157,118.59553977113126,244.09744654067538,1.712648276099967,-0.0664059999999936,-127.28096104564408,0.8457238364501617,127.70539995951363,-0.05214295823254571,0.04858481760390466,0.950598504193902,-0.4833159127849842,81.90249897582957,0.25112658746415406,0.15075788611224908,0.5948381810733306,0.0032773453502662844
Accumulative Swing Index,i090,ETHUSDT,True,934,494,440,0.4079229122055675,14.479775494525471,93.405115152804,0.6576924370780943,-0.7415530000000083,-80.32458509535664,0.8284100671632932,84.86073484721481,-0.08600062644042467,0.015502971621547613,1.0178342927754818,-0.8465089523378214,163.00856531049251,0.3683083511777302,0.5342612419700214,0.006423982869379015,0.09100642398286937
Up/Down,i091,ETHUSDT,False,2910,1673,1237,0.32061855670103095,-31.338236484820182,290.98824407789937,2.0610507337025843,0.10721900000000106,-324.28031229642204,0.6753378747477993,324.2803122964224,-0.11143653343519658,-0.010769153431209684,0.7229835541148166,-0.5052220375748843,76.0553264604811,0.18350515463917524,0.22714776632302405,0.5862542955326461,0.003092783505154639
Up/Down,i091,ETHUSDT,True,1169,593,576,0.39520958083832336,-12.261375764755012,116.89748729927115,0.8312035802851743,-0.7127900000000088,-130.70285664431134,0.7807602170067325,133.44942331551366,-0.1118074051704973,-0.010488773109285724,1.0074915600330951,-0.8432304913431419,155.562874251497,0.3481608212147134,0.5466210436270317,0.017964071856287425,0.0872540633019675
Average Price,i099,ETHUSDT,False,2652,1335,1317,0.2888386123680241,-13.237877678363596,265.1910919786098,1.8651235572161946,-0.007774999999989995,-280.30186821418954,0.725007007815407,282.4154276980566,-0.10569452044275625,-0.004991658249760028,0.9647566938525732,-0.540458905464083,88.0576923076923,0.2462292609351433,0.20852187028657618,0.5422322775263951,0.0030165912518853697
Average Price,i099,ETHUSDT,True,1026,540,486,0.391812865497076,-13.736955266289685,102.58752506765892,0.7205241042826451,-0.8151720000000076,-117.86017643823126,0.7780981934193476,130.50193854356286,-0.11487346631406554,-0.01338884528878137,1.0280508649344402,-0.8511804874068529,154.81384015594543,0.3557504873294347,0.5545808966861598,0.00682261208576998,0.08284600389863547
Typical Price,i100,ETHUSDT,False,2790,1431,1359,0.278494623655914,14.280149403406783,278.98722805608907,1.9617406646037494,-0.09815999999999336,-266.766979317286,0.7398540026981058,268.92834683564445,-0.09561540477322078,0.0051183331195006395,0.9764273419070687,-0.5094143189165815,83.39641577060932,0.24157706093189965,0.1824372759856631,0.5734767025089605,0.0025089605734767025
Typical Price,i100,ETHUSDT,True,1061,549,512,0.3892554194156456,-16.26607493719161,106.08236841682634,0.7479301049388003,-0.8458700000000053,-123.94224345895677,0.7751807030862335,136.00823079427659,-0.11681644058337112,-0.015330890609982668,1.034757705480704,-0.8507672466396412,152.7181903864279,0.35721017907634306,0.5579641847313855,0.006597549481621112,0.07822808671065033
Median Price,i101,ETHUSDT,False,2845,1437,1408,0.28330404217926186,8.264756006908591,284.48564111358894,2.0040032668074095,-0.0031999999999945917,-278.2280883734877,0.7309251119944127,280.6004056307126,-0.0977954616427022,0.002905010898737642,0.9377037327290116,-0.5071198121398093,82.6713532513181,0.23374340949033393,0.1936731107205624,0.5704745166959578,0.00210896309314587
Median Price,i101,ETHUSDT,True,1065,551,514,0.39624413145539905,-4.846295396297407,106.48675375395223,0.7491069479794643,-0.8719300000000065,-112.95408609822913,0.7938118084489364,123.12622051142978,-0.10606017474012125,-0.0045505121091994425,1.0304887636507243,-0.8519756521910338,152.81126760563382,0.3615023474178404,0.5521126760563381,0.006572769953051643,0.07981220657276995
SMA,i001,BNBUSDT,False,4556,2241,2315,0.2473661106233538,25.016003351591344,455.5955707837397,12.720410988329006,0.11061699999999935,-443.18936142047727,0.6234897925605482,444.7113794305129,-0.09727597924066665,0.005490782122825141,0.6512054159946528,-0.34327730103425214,63.523046532045655,0.12115891132572432,0.05421422300263389,0.8246268656716418,0.0
SMA,i001,BNBUSDT,True,1456,786,670,0.3873626373626374,-29.587627746853673,145.5994530093644,4.023800930662858,-1.3220210000000001,-180.53290268688093,0.7462408186216926,182.05492069691613,-0.12399237821901163,-0.02032117290305884,0.9413139551104674,-0.7975717190237495,206.28777472527472,0.30425824175824173,0.4945054945054945,0.028846153846153848,0.1723901098901099
EMA,i002,BNBUSDT,False,4815,2409,2406,0.21806853582554517,-6.963977266167587,481.4957755371946,13.42584092548502,0.2980459999999992,-501.58754772884714,0.5764284522612588,503.29762771502465,-0.10417186868719568,-0.0014463088818624271,0.6500938785102239,-0.3145248659135676,57.62159916926272,0.10924195223260644,0.04299065420560748,0.8477673935617861,0.0
EMA,i002,BNBUSDT,True,1452,785,667,0.38636363636363635,-32.30780205914077,145.2063218130623,4.018738813145514,-1.327698,-182.86056068534856,0.742323147699394,184.57064067152302,-0.12593702526539158,-0.02225055238232835,0.9390198705399483,-0.7964654411428278,204.47865013774106,0.30303030303030304,0.49586776859504134,0.0337465564738292,0.16735537190082644
DEMA,i003,BNBUSDT,False,6448,3229,3219,0.2603908188585608,18.64977203502609,644.7993224356342,18.06190428591299,0.3606889999999991,-643.8507656865211,0.590289363130786,644.7246584119108,-0.09985278624170613,0.0028923343726777436,0.5524872226579097,-0.32951914710193997,49.0950682382134,0.09522332506203474,0.0559863523573201,0.8487903225806451,0.0
DEMA,i003,BNBUSDT,True,1873,988,885,0.394554191137213,-33.703689353652145,187.31375864005315,5.188957794705703,-1.5519870000000002,-227.758392788411,0.7498476262269173,228.6322855138012,-0.1216008503942397,-0.017994495116739,0.9238433641450022,-0.8028912159537634,197.94180459156433,0.3016550987720235,0.4922584089695675,0.041110517885744796,0.16497597437266417
TEMA,i004,BNBUSDT,False,7364,3690,3674,0.27281368821292773,8.474477842639683,736.405447631479,20.633463999561823,0.16890699999999959,-748.3955267884012,0.5628157886617124,748.6897062482874,-0.10162894171488338,0.0011507981861270619,0.4795711502717518,-0.31967394354516354,42.863661053775125,0.07455187398153178,0.05730581205866377,0.8681423139598045,0.0
TEMA,i004,BNBUSDT,True,2084,1089,995,0.3968330134357006,-10.316647203380025,208.41467242599697,5.775517824332097,-1.939989,-226.4468264537091,0.7748346583104956,226.74100591359723,-0.10865970559199092,-0.004950406527533601,0.9422545092142471,-0.8000726376880599,191.23992322456814,0.31333973128598847,0.4899232245681382,0.04222648752399232,0.15451055662188098
Hull MA,i005,BNBUSDT,False,7832,4135,3697,0.2960929519918284,42.278776699927874,783.217477342878,21.89613283426061,0.20458099999999907,-762.6302524772109,0.5750028763656806,763.7960673780759,-0.09737362774223837,0.005398209486711936,0.4449357548936345,-0.32549179540641204,40.40053626149132,0.0702247191011236,0.05669050051072523,0.8730847803881512,0.0
Hull MA,i005,BNBUSDT,True,2179,1142,1037,0.4015603487838458,10.49297420004256,217.91250697441012,6.0254216195321035,-1.8079870000000005,-215.25294139389962,0.7923848464469797,216.41875629476567,-0.09878519568329491,0.004815499862341698,0.9388974386763721,-0.7950829756408935,189.3978889398807,0.3152822395594309,0.48187241854061497,0.04589261128958238,0.15695273061037174
Hamming MA,i006,BNBUSDT,False,4385,2289,2096,0.2636259977194983,37.96297010575286,438.48618197322463,12.245132960987846,0.3993489999999992,-412.36899582845956,0.6439194022227545,413.5315855134821,-0.09404082002929522,0.008657461825713308,0.6450767243349407,-0.3586490211085943,66.7049030786773,0.12611174458380844,0.06316989737742304,0.8107183580387686,0.0
Hamming MA,i006,BNBUSDT,True,1460,780,680,0.38835616438356163,-22.596228355261783,146.00742298332162,4.039945740357596,-1.3009390000000003,-173.944536078941,0.7544184627766782,175.10712576396278,-0.11914009320475412,-0.015476868736480673,0.9424196377407323,-0.7931651407367707,206.29794520547946,0.3041095890410959,0.4910958904109589,0.02671232876712329,0.1780821917808219
Arnaud Legoux MA,i007,BNBUSDT,False,7187,3779,3408,0.25504382913593987,51.44074955395506,718.7048417052125,20.08055683229958,0.6790329999999992,-686.6656159835569,0.5756849218431039,688.4993204939868,-0.09554273215299247,0.007157471762064152,0.508252151856437,-0.3022584628943605,42.57144844858773,0.08348406845693614,0.04132461388618339,0.8751913176568805,0.0
Arnaud Legoux MA,i007,BNBUSDT,True,1962,1034,928,0.39143730886850153,-36.306762433257134,196.2036961926686,5.432953029153982,-1.6314510000000004,-239.57486265507967,0.7493839876996432,241.46288290280137,-0.12210747332063185,-0.01850497575599242,0.9327722591402616,-0.8006230801296487,195.4434250764526,0.30428134556574926,0.4979612640163099,0.03873598369011213,0.15902140672782875
Least Squares MA,i008,BNBUSDT,False,4218,2269,1949,0.2633949739212897,13.796209897061074,421.8133025765771,11.822640771924304,0.09015299999999946,-419.74958045144035,0.6508055797253736,421.01656003578955,-0.09951388820565205,0.003270794190863223,0.70414189376029,-0.38688484854171956,73.39829302987198,0.13987671882408725,0.0908013276434329,0.7693219535324799,0.0
Least Squares MA,i008,BNBUSDT,True,1419,763,656,0.3890063424947146,-25.627744614627,141.90742100071492,3.9638988189946023,-1.0602340000000001,-172.55929843433654,0.7508552473891539,173.82627801868608,-0.12160627091919417,-0.018060426085008456,0.9421146652658823,-0.7988542026079626,206.76532769556025,0.3079633544749824,0.49682875264270615,0.028188865398167725,0.16701902748414377
Smoothed MA,i009,BNBUSDT,False,4051,2036,2015,0.2194519871636633,28.938381272019154,405.08449473177325,11.292937712214869,0.21630099999999916,-387.2227501719689,0.6226687694300879,387.99654506654264,-0.09558695388100936,0.007143515495437955,0.71877578231355,-0.32454599008498264,64.77783263391755,0.1276228091829178,0.04542088373241175,0.826215749197729,0.0007405578869414959
Smoothed MA,i009,BNBUSDT,True,1269,689,580,0.39243498817966904,-17.019734485925152,126.90115560943076,3.5109277700740407,-1.0793119999999998,-148.51112986542998,0.7579520613633695,149.50191639702658,-0.11703004717527973,-0.013411926308845669,0.9338347038497823,-0.7957987190436077,210.33333333333334,0.3049645390070922,0.4909377462568952,0.026792750197005517,0.1773049645390071
Adaptive MA,i010,BNBUSDT,False,3544,1753,1791,0.22432279909706546,2.2252390927588905,354.3902224717582,9.8638028595348,0.5228979999999992,-361.5058882385341,0.6274982421033307,362.64593333595315,-0.10200504747136967,0.0006278891345256463,0.7660064627557021,-0.35303056607105027,72.85045146726863,0.13882618510158012,0.05699774266365688,0.7996613995485328,0.004514672686230248
Adaptive MA,i010,BNBUSDT,True,1210,657,553,0.387603305785124,-25.706920167017454,120.99963293712848,3.3524552705288007,-0.9614000000000001,-151.02040837467473,0.744686946459827,152.31173336230611,-0.12481025485510308,-0.021245388567783022,0.9392117539519227,-0.7982600822916686,206.66611570247935,0.30247933884297523,0.49669421487603305,0.0256198347107438,0.17520661157024794
Multi-Timeframe MA,i011,BNBUSDT,False,1461,635,826,0.2518822724161533,63.79881470971925,146.1072199055079,4.088080141094092,-0.02684199999999988,-86.42332733688272,0.8044870113240956,101.59310442010904,-0.05915354369396491,0.04366790876777499,0.9663325004200005,-0.4044224039262973,109.43874058863791,0.2053388090349076,0.08555783709787816,0.6536618754277892,0.055441478439425054
Multi-Timeframe MA,i011,BNBUSDT,True,515,296,219,0.38058252427184464,-8.846328618715503,51.48981121625047,1.4348903343258137,-0.29903900000000044,-62.070069169291784,0.7450050436394071,63.956149077922284,-0.12052440615396463,-0.017177337123719424,0.9252386802309297,-0.7630622272556551,226.38252427184466,0.287378640776699,0.47184466019417476,0.02330097087378641,0.2174757281553398
WMA,i012,BNBUSDT,False,5470,2775,2695,0.23948811700182815,10.041897536752343,547.0001190536049,15.301625460601104,0.39662399999999925,-551.8632229774537,0.5868356480917898,553.2101976343843,-0.10088907184231327,0.0018358130780168815,0.5983479422653581,-0.3210814969579502,54.20859232175503,0.10292504570383912,0.04753199268738574,0.8495429616087752,0.0
WMA,i012,BNBUSDT,True,1639,867,772,0.37827943868212327,-51.53455998281269,163.9098744845847,4.538384414561539,-1.4270330000000002,-221.4098518819589,0.7251713201944869,222.75682653888808,-0.13508837820741848,-0.03144268455327193,0.9422883464365163,-0.790607091926005,202.9810860280659,0.29591214154972545,0.49908480780964004,0.03172666259914582,0.1732763880414887
McGinley Dynamic,i013,BNBUSDT,False,2837,1337,1500,0.21008107155445893,37.51821212567054,283.6915141395851,7.903588767892542,0.16945200000000024,-253.9074387818071,0.6725589815862142,261.1040169244874,-0.08949856848142654,0.013224607728470403,0.8750370851228098,-0.34601942950245507,79.1825872400423,0.1575608036658442,0.05604511808248149,0.7772294677476207,0.009164610504053579
McGinley Dynamic,i013,BNBUSDT,True,953,518,435,0.39244491080797483,-16.03922360807336,95.30539212886866,2.647994619092843,-0.548644,-114.54125435603486,0.7517365472670337,117.33455081243626,-0.12019019344809534,-0.016830245129143086,0.9273489967495641,-0.7968389967882069,208.501573976915,0.30220356768100737,0.4879328436516264,0.023084994753410283,0.18677859391395593
Guppy MMA,i014,BNBUSDT,False,1181,609,572,0.4072819644369179,24.09364300841833,118.10236179498132,3.271041413590249,-0.006530999999999508,-97.28629120015324,0.818219159496387,111.26095696355445,-0.08237619915338971,0.020401052505011286,0.9103913204038625,-0.7645493090205872,212.55546147332768,0.3065198983911939,0.4055884843353091,0.12785774767146485,0.16003386960203217
Guppy MMA,i014,BNBUSDT,True,601,340,261,0.43094841930116473,15.943524990662706,60.09579293642897,1.6741476392863066,-0.21459699999999995,-46.04101258505258,0.8330850043507132,54.20528148356042,-0.0766073420716349,0.026528327771485366,0.8872358140694206,-0.8065353462837208,223.69217970049917,0.30948419301164726,0.46589018302828616,0.013311148086522463,0.2113144758735441
MA Cross,i015,BNBUSDT,False,1577,737,840,0.3538363982244769,2.1790340491273485,157.70206661717108,4.375619363735699,0.5423939999999999,-159.3562579317794,0.7490674782613758,159.9062736610592,-0.10105025867582715,0.0013817590672969872,0.8525088868917841,-0.6232151293595632,164.2124286620165,0.24857324032974001,0.31135066582117943,0.4032974001268231,0.03677869372225745
MA Cross,i015,BNBUSDT,True,676,382,294,0.39644970414201186,-17.279017494156513,67.6105003469033,1.8771400013036863,-0.11221100000000003,-86.87886884236346,0.7293239619527128,87.07575066446466,-0.12851903674905837,-0.02556067676650372,0.873474106834795,-0.7866910036129622,230.82396449704143,0.2781065088757396,0.4822485207100592,0.014792899408284023,0.22485207100591717
EMA Cross,i016,BNBUSDT,False,1346,644,702,0.33655274888558695,25.008185380195812,134.59049304645356,3.750470211027167,0.6438980000000005,-112.6888798772849,0.7917110991369416,120.70157724580591,-0.08372130748683872,0.01857963252614845,0.9455477493747634,-0.605847715950787,170.50074294205052,0.25928677563150077,0.2473997028231798,0.4182763744427935,0.075037147102526
EMA Cross,i016,BNBUSDT,True,546,313,233,0.4249084249084249,12.851040575138805,54.60197811130336,1.5301993779680252,-0.08325400000000005,-43.364390914132585,0.8263525375006592,49.49969571923778,-0.07942196138119521,0.023536704350071075,0.889492293091359,-0.7953076525838466,223.56959706959708,0.3058608058608059,0.46703296703296704,0.01282051282051282,0.21428571428571427
MA-EMA Cross,i017,BNBUSDT,False,3299,1705,1594,0.34798423764777203,63.50930576295315,329.9128314143366,9.168716296884325,0.2768529999999995,-275.29538894826777,0.7335024636886359,277.39944538059433,-0.08344813244870196,0.019251077830540513,0.6600326624512522,-0.48024773846690155,92.03516217035465,0.16307972112761443,0.1670203091846014,0.6698999696877842,0.0
MA-EMA Cross,i017,BNBUSDT,True,1363,743,620,0.39251650770359503,-31.446278693519236,136.29848524984382,3.781205145919869,-0.9353729999999998,-172.4613420892829,0.7418061783258886,173.5819960581443,-0.1265306985247857,-0.023071371015054465,0.926152662887175,-0.8067065419491806,213.87600880410858,0.30007336757153336,0.4996331621423331,0.022743947175348497,0.17754952311078503
SuperTrend,i018,BNBUSDT,False,917,465,452,0.44929116684841874,73.28178725634076,91.67679300992293,2.561711046120646,0.7593670000000002,-20.197349799702803,0.9475934417566483,46.55720615791399,-0.022025463249403274,0.07991470802218185,0.8864078198162224,-0.7631631120078938,216.34351145038167,0.31842966194111233,0.37949836423118866,0.13086150490730644,0.17121046892039257
SuperTrend,i018,BNBUSDT,True,328,193,135,0.4878048780487805,40.257674115534094,32.79299562842147,0.9183384468674961,0.005748999999999728,6.55208904024512,1.0490018668644348,11.278069423097275,0.01997588122025951,0.12273681132784783,0.8766443600625908,-0.7958988605343418,225.6798780487805,0.34146341463414637,0.4176829268292683,0.006097560975609756,0.2347560975609756
Ichimoku Cloud,i019,BNBUSDT,False,1225,621,604,0.37387755102040815,59.14072978899263,122.49358838261952,3.383882120305498,-0.01808899999999967,-66.75482971393238,0.8654559459974729,88.50176158061956,-0.054493738541985616,0.048278146766524595,0.9375569789936286,-0.6468786520117527,175.45469387755102,0.29061224489795917,0.27591836734693875,0.3159183673469388,0.11755102040816326
Ichimoku Cloud,i019,BNBUSDT,True,529,295,234,0.43289224952741023,33.41721765525074,52.89979378839351,1.4614354678880332,-0.11130400000000033,-21.055315601030806,0.9106595993788485,40.055607701004206,-0.03980210888663668,0.06317054377174053,0.9372046775221119,-0.7855839558453148,220.19092627599244,0.34026465028355385,0.444234404536862,0.01890359168241966,0.19659735349716445
Parabolic SAR,i020,BNBUSDT,False,2428,1185,1243,0.35584843492586493,36.65494064725555,242.79613309080082,6.751199223862857,0.5784160000000008,-212.31397566740813,0.7633771913203745,214.6543819768692,-0.08744397679876777,0.015096763034289765,0.7927703790565833,-0.5737005007495499,126.07125205930807,0.22487644151565075,0.2355848434925865,0.5362438220757826,0.0032948929159802307
Parabolic SAR,i020,BNBUSDT,True,1018,571,447,0.393909626719057,-25.01683472602505,101.81418817756955,2.8304519567588473,-0.7829809999999996,-130.44445586035346,0.7365670327318417,132.22865515489318,-0.12813797235791108,-0.024574493836959775,0.9095433563048425,-0.8025467451192793,213.27013752455795,0.2956777996070727,0.49803536345776034,0.01669941060903733,0.18958742632612965
Directional Movement,i021,BNBUSDT,False,2026,1118,908,0.26061204343534056,45.77721229370133,202.58603499907233,5.6125190363918565,0.3479910000000003,-162.0733507417629,0.7309887905441707,174.2980521993207,-0.07999671803640815,0.022594872800444882,0.8340998221602338,-0.40218828894684,109.07946692991115,0.18015794669299112,0.09723593287265547,0.694471865745311,0.02813425468904245
Directional Movement,i021,BNBUSDT,True,757,454,303,0.4108322324966975,8.810421908262855,75.69423672956914,2.0901442935066927,-0.4732130000000001,-69.447172114813,0.8034384641348046,72.35463877630667,-0.09173998958363672,0.011638602256622001,0.9127424715928943,-0.7921750690139083,222.93923381770145,0.3104359313077939,0.46367239101717306,0.017173051519154558,0.20871862615587847
Vortex,i022,BNBUSDT,False,2579,1140,1439,0.2974020938348197,38.16337363037897,257.89780414911496,7.145307047989366,0.7748569999999998,-226.10488056672534,0.7198171515259599,230.28817171006395,-0.08767153182114205,0.014797740841558346,0.7573475369587671,-0.44535896325281443,103.54866227219853,0.17875145405195814,0.16246607212097713,0.6475378053509112,0.011244668476153548
Vortex,i022,BNBUSDT,True,951,533,418,0.4185068349106204,18.54690840851928,95.09890757107374,2.6338180512536593,-0.5190460000000001,-79.70486321380812,0.8187969237176733,90.5276863814771,-0.08381163324270044,0.019502532501071798,0.9049245794509896,-0.7954156344218843,216.40799158780231,0.31440588853838064,0.46898002103049424,0.016824395373291272,0.19978969505783387
Williams Alligator,i023,BNBUSDT,False,1509,777,732,0.40821736249171636,64.62099289935998,150.91064961811634,4.185929597098269,0.15171500000000038,-90.32387131585466,0.848708158347849,98.19482377408296,-0.05985677356915484,0.04282371961521536,0.8225545302389278,-0.6685525889619643,179.66070245195493,0.2624254473161034,0.3472498343273691,0.2962226640159046,0.09410205434062292
Williams Alligator,i023,BNBUSDT,True,749,430,319,0.4045393858477971,22.404047532935103,74.89774844651551,2.0876681291284997,-0.3058809999999998,-54.8872500427089,0.838946374751105,60.24157516018833,-0.0732807076671681,0.029911945971875967,0.9436100125635498,-0.7641279906938666,224.47797062750334,0.3164218958611482,0.45927903871829107,0.017356475300400534,0.20694259012016022
Williams Fractal,i024,BNBUSDT,False,2265,1161,1104,0.3576158940397351,5.6258019507477215,226.4853620316542,6.27117690680325,0.44330999999999987,-226.68742698770976,0.7661573759196726,228.270194828373,-0.1000827492219469,0.002483797770749546,0.9169311467220874,-0.6662554335619247,160.9973509933775,0.2772626931567329,0.31567328918322296,0.35673289183222956,0.05033112582781457
Williams Fractal,i024,BNBUSDT,True,1065,602,463,0.41502347417840374,10.867349382808289,106.50171197147193,2.946643811564309,-0.6458769999999999,-99.22688340022796,0.804951838361563,103.01228338374209,-0.09317078253542532,0.01020408392751952,0.9264780120539264,-0.8165813238010649,203.1718309859155,0.3183098591549296,0.49014084507042255,0.013145539906103286,0.1784037558685446
Aroon,i025,BNBUSDT,False,2019,953,1066,0.3447251114413076,-15.009615811191724,201.8864026279996,5.565639110696016,0.6084220000000001,-221.85323554988736,0.7113662882059172,229.44275058445834,-0.1098827318226287,-0.00743418316552339,0.7856023121504386,-0.5809769046157163,135.5715700842001,0.2119861317483903,0.26399207528479446,0.5081723625557206,0.0158494304110946
Aroon,i025,BNBUSDT,True,868,510,358,0.4078341013824885,-9.402100664406742,86.78965681506352,2.3907498295621505,-0.3284109999999998,-98.9109183090324,0.7603905857660862,101.90868455740973,-0.11395267086294057,-0.010831913207841869,0.8866941144899231,-0.8031140755612164,219.96198156682027,0.30069124423963134,0.48963133640552997,0.010368663594470046,0.19930875576036866
Trend Strength Index,i026,BNBUSDT,False,2031,955,1076,0.3293943870014771,32.64657243623954,203.09507118388663,5.626925554810391,0.5950199999999994,-175.48040430245746,0.7646275639281097,180.30200700002516,-0.0864009868549766,0.01607413709317555,0.8521123428162538,-0.5473888117815943,134.5371738060069,0.22895125553914328,0.23682914820285575,0.5199409158050221,0.014278680452978828
Trend Strength Index,i026,BNBUSDT,True,863,494,369,0.4159907300115875,21.94327540649912,86.29395576472393,2.3913867150979673,-0.42134,-67.16340707332277,0.8341350345053271,71.00219289258646,-0.07782550066433694,0.02542673859385761,0.9408490918972702,-0.8034290298897674,215.29432213209734,0.3302433371958285,0.47740440324449596,0.013904982618771726,0.17844727694090382
Zig Zag,i027,BNBUSDT,False,1464,717,747,0.42008196721311475,59.376312258565065,146.40484377501073,3.9581848964379827,0.5012909999999995,-90.48542541288366,0.8704377380787831,99.71556969762219,-0.06180698457164184,0.04055759034054991,0.9884682111762527,-0.8226070380285971,140.3886612021858,0.3551912568306011,0.46994535519125685,0.08128415300546447,0.0935792349726776
Zig Zag,i027,BNBUSDT,True,581,272,309,0.43201376936316693,26.331037671853352,58.10555760254667,1.5729584093309517,-0.15293800000000024,-33.500416340024266,0.884171880805814,48.71017352629461,-0.05765992485374227,0.045320202533310414,1.0188240250389162,-0.8764401412872493,131.42857142857142,0.387263339070568,0.5352839931153184,0.0,0.0774526678141136
Linear Regression Curve,i028,BNBUSDT,False,7009,3439,3570,0.2906263375659866,34.77605793592874,700.919411310785,19.58783784537525,0.11261599999999952,-685.6185752202315,0.5900281559951835,686.587238613336,-0.09781974250538329,0.004961629039225102,0.48440682281087255,-0.33635464064480675,45.076330432301326,0.08032529604793837,0.0644885147667285,0.8551861891853332,0.0
Linear Regression Curve,i028,BNBUSDT,True,2079,1094,985,0.40355940355940356,13.34299601672162,207.91187344852258,5.751368019941648,-1.752027,-202.07227245174258,0.7960371134405494,203.04093584484644,-0.09719686024614843,0.0064179875020306,0.939998003533121,-0.7989762882387348,190.35113035113037,0.31842231842231844,0.4834054834054834,0.044733044733044736,0.15343915343915343
Linear Regression Slope,i029,BNBUSDT,False,2031,955,1076,0.3293943870014771,32.64657243623954,203.09507118388663,5.626925554810391,0.5950199999999994,-175.48040430245746,0.7646275639281097,180.30200700002516,-0.0864009868549766,0.01607413709317555,0.8521123428162538,-0.5473888117815943,134.5371738060069,0.22895125553914328,0.23682914820285575,0.5199409158050221,0.014278680452978828
Linear Regression Slope,i029,BNBUSDT,True,863,494,369,0.4159907300115875,21.94327540649912,86.29395576472393,2.3913867150979673,-0.42134,-67.16340707332277,0.8341350345053271,71.00219289258646,-0.07782550066433694,0.02542673859385761,0.9408490918972702,-0.8034290298897674,215.29432213209734,0.3302433371958285,0.47740440324449596,0.013904982618771726,0.17844727694090382
Keltner Channels,i030,BNBUSDT,False,1127,560,567,0.40195208518189884,2.6392198686360224,112.69782240059942,3.128554640651261,-0.3287899999999998,-113.51594717261466,0.7895230047415118,115.09462546985303,-0.10072399926585152,0.002341809998789727,0.9399804667041333,-0.8001885735750551,197.40372670807454,0.3194321206743567,0.4889086069210293,0.01419698314108252,0.1774622892635315
Keltner Channels,i030,BNBUSDT,True,651,359,292,0.41013824884792627,9.624215456899442,65.09704488706598,1.8091540882195198,-0.42774999999999963,-57.70973351838605,0.8158017156169953,57.70973351838609,-0.08864782414498626,0.014783741101228022,0.9572752729880045,-0.815891227620269,181.1720430107527,0.3317972350230415,0.5084485407066052,0.0,0.1597542242703533
Donchian Channels,i031,BNBUSDT,False,1721,883,838,0.4032539221382917,25.37038844761399,172.11645770430687,4.779676009770362,0.04622599999999952,-151.47951926646326,0.8108361102490301,159.0018387771825,-0.08801831450695134,0.01474165511191981,0.9355980188886109,-0.7797317861491327,194.92504357931435,0.3126089482858803,0.4264962231260895,0.12492736780941313,0.13596746077861707
Donchian Channels,i031,BNBUSDT,True,905,517,388,0.425414364640884,29.9367820117603,90.51988777086851,2.513579427222433,-0.41526200000000024,-63.511947186330616,0.850641792209712,67.46477496504924,-0.07017894716721616,0.03307931714006663,0.9395336093773903,-0.817754589993511,197.09060773480664,0.33480662983425413,0.487292817679558,0.004419889502762431,0.1734806629834254
Price Channel,i032,BNBUSDT,False,2782,1207,1575,0.24227174694464415,30.050609521610294,278.19279903010056,7.747329517803673,-0.09240100000000048,-255.98192002629395,0.6912316588294976,257.90915016275864,-0.09201363049111932,0.010801800690729797,0.8502374926065072,-0.3932836764910246,90.3393242271747,0.17397555715312724,0.08231488138030194,0.7365204888569374,0.007189072609633357
Price Channel,i032,BNBUSDT,True,980,544,436,0.4163265306122449,22.905513259166398,97.99987030806349,2.722497510576743,-0.5296179999999999,-78.34647255947385,0.8290587983897699,80.92662600099504,-0.07994538016272842,0.0233729727134351,0.9313177168750424,-0.8012659109169425,209.49897959183673,0.32040816326530613,0.4744897959183674,0.019387755102040816,0.18571428571428572
MA Channel,i033,BNBUSDT,False,2352,1186,1166,0.33163265306122447,79.76932709070746,235.1930464132339,6.517436569439042,0.20894999999999958,-161.73220589196546,0.8215512671485792,163.9609676176323,-0.06876369298127784,0.03391553022564093,0.9546036898689738,-0.5765414020291126,141.49659863945578,0.27253401360544216,0.20790816326530612,0.49362244897959184,0.025935374149659865
MA Channel,i033,BNBUSDT,True,1024,558,466,0.4248046875,29.150643157051558,102.41097717727901,2.8384672239655817,-0.9130779999999996,-77.01187924419304,0.839160974577772,78.30031581623109,-0.07520691332440727,0.028467424958058162,0.923681637315662,-0.8129259617597725,206.6611328125,0.328125,0.4736328125,0.015625,0.1826171875
Chande Kroll Stop,i034,BNBUSDT,False,2560,1353,1207,0.34609375,56.256244829948585,255.9967741104415,7.088484255988445,0.18551600000000126,-206.64349753648133,0.8017504008949728,211.3607831087651,-0.08072011622518803,0.021975095636698666,0.9432241026519343,-0.622664308534107,152.20234375,0.279296875,0.2765625,0.410546875,0.03359375
Chande Kroll Stop,i034,BNBUSDT,True,1224,680,544,0.40604575163398693,-3.8131042761199163,122.38903253040117,3.409574663827572,-0.8707579999999995,-130.48246947034866,0.7803779789323768,133.49654497248426,-0.10660332473067702,-0.0031152812713398006,0.9328781061080735,-0.8172254308198916,199.0498366013072,0.315359477124183,0.505718954248366,0.00980392156862745,0.16911764705882354
52-Week High/Low,i035,BNBUSDT,False,762,406,356,0.40813648293963256,3.5575185154780087,76.22863046199254,2.1102615377873133,-0.6428909999999999,-75.42426448430184,0.7944030824325142,76.58187412294474,-0.09898197438884757,0.004668659469131245,0.937076433999442,-0.8134257992419698,185.1745406824147,0.32545931758530183,0.5,0.0,0.17454068241469817
52-Week High/Low,i035,BNBUSDT,True,527,298,229,0.4250474383301708,23.39098679721535,52.72474116376118,1.4557659108661893,-0.4513,-31.240820277412013,0.8745733350669737,35.33513484444017,-0.05928049388503229,0.044385174188264424,0.9724801994154942,-0.8220342737507679,174.40037950664137,0.3548387096774194,0.4971537001897533,0.0,0.14800759013282733
Majority Rule,i036,BNBUSDT,False,2383,1223,1160,0.34074695761644985,8.046351145267018,238.31587349896645,6.610138376193163,0.04580800000000069,-236.83385272989258,0.7421124300116912,238.37191113234098,-0.09938474726390793,0.003376563636284942,0.8393189848434043,-0.5845708901481456,137.44313890054553,0.23541754091481326,0.2647922786403693,0.4754511120436425,0.02433906840117499
Majority Rule,i036,BNBUSDT,True,1090,597,493,0.39908256880733944,-19.257627512489385,109.01056625601124,3.016010356391156,-0.9399559999999995,-132.22416012489182,0.7535161908238546,138.26459103473908,-0.1213065689219191,-0.017667548176595764,0.929235411484731,-0.8189947543828242,205.29357798165137,0.3110091743119266,0.5100917431192661,0.010091743119266056,0.1688073394495413
MACD,i038,BNBUSDT,False,2222,1132,1090,0.34338433843384336,31.828276267182186,222.20674536389825,6.176957540411171,0.4490070000000004,-196.1064196371272,0.7669473223437083,199.05024860819782,-0.08825671450815806,0.014324156735905574,0.8458214822251197,-0.5767431189683985,133.76102610261026,0.23852385238523852,0.22367236723672368,0.5202520252025202,0.01755175517551755
MACD,i038,BNBUSDT,True,889,499,390,0.39707536557930256,-23.918303886963365,88.91441320286529,2.466026538257239,-0.42552599999999935,-115.72426962808589,0.7402156868695849,118.66809859915648,-0.1301735316401416,-0.026904728781736068,0.9341037265197727,-0.8310874721820254,204.54893138357704,0.31046119235095615,0.5208098987626547,0.010123734533183352,0.15860517435320584
RSI,i039,BNBUSDT,False,2824,1339,1485,0.21175637393767704,47.75447224692799,282.3907847162828,7.8700492179001715,0.2249110000000003,-242.28145068725496,0.6821743285161408,247.4706613515659,-0.08579371483259736,0.016910223883473085,0.8696117120479362,-0.34245698764237226,79.11402266288952,0.15793201133144477,0.054178470254957506,0.7790368271954674,0.008852691218130312
RSI,i039,BNBUSDT,True,950,525,425,0.39052631578947367,-17.450614084370365,95.00093729078026,2.639479697382265,-0.4962049999999999,-115.58723607253287,0.7484644227707288,117.80786490886364,-0.1216707748131925,-0.018369067457231963,0.9270597174314076,-0.7936552525726861,210.7157894736842,0.30105263157894735,0.4884210526315789,0.023157894736842106,0.18736842105263157
Stochastic,i040,BNBUSDT,False,9021,4965,4056,0.27646602372242546,33.32489118811498,902.0895383509459,25.218527939973445,0.2689959999999994,-893.7141791028043,0.5454535740490833,894.1676085300486,-0.09907041116315313,0.0036941460135367457,0.43001315679373814,-0.3012359418027252,34.89602039685179,0.0634076044784392,0.045338654251191664,0.8912537412703692,0.0
Stochastic,i040,BNBUSDT,True,2315,1185,1130,0.4,-0.9103143622073318,231.51185605833166,6.420064988877278,-1.9844129999999998,-240.82664840941626,0.7824168906628949,241.2800778366625,-0.10402878980968307,-0.00039322434652584525,0.9352045123159258,-0.7968509912267557,183.96285097192225,0.31360691144708425,0.48639308855291574,0.05356371490280778,0.14643628509719223
Stochastic RSI,i041,BNBUSDT,False,5620,2529,3091,0.2987544483985765,6.780313636232638,562.0023482423101,15.709735443434003,0.23579599999999998,-570.6959740495114,0.6071037786255115,570.6959740495112,-0.10154732634332943,0.0012064615011090102,0.5252175102041288,-0.36857045767121116,55.47935943060498,0.09412811387900356,0.08701067615658363,0.8188612099644128,0.0
Stochastic RSI,i041,BNBUSDT,True,1873,1001,872,0.41110517885744796,29.97902892549006,187.30774604275163,5.2011273368539195,-1.3336950000000003,-163.8635394541155,0.8141184357514836,164.87684084077057,-0.08748720739675148,0.016005888374527526,0.9320578685039059,-0.7992276502285792,199.12226374799786,0.3198077949813134,0.4794447410571276,0.034703683929524824,0.16604378003203418
Connors RSI,i042,BNBUSDT,False,10778,5782,4996,0.253850436073483,57.52324678119021,1077.799501854902,30.08594223868679,0.6062909999999996,-1049.7559063123986,0.5069848222710183,1050.8005834763105,-0.09739802433776198,0.005337098420967731,0.39455441029541855,-0.264767069495233,28.8700129894229,0.052143254778252,0.03089627017999629,0.9169604750417517,0.0
Connors RSI,i042,BNBUSDT,True,2363,1226,1137,0.39949217096910705,-1.0315084636852934,236.30416856345926,6.526352002975039,-1.7515530000000001,-245.6135820301196,0.7829916207452811,246.65825919403184,-0.10394142278041456,-0.00043652495289263365,0.93877387601544,-0.797615307250666,182.7300042319086,0.3161235717308506,0.4913245873889124,0.04739737621667372,0.14515446466356327
Awesome Oscillator,i043,BNBUSDT,False,1343,626,717,0.35443037974683544,28.2960797945885,134.2990822251535,3.7420368847647323,0.5348439999999997,-109.21019531532971,0.7987544131784574,111.05650127888049,-0.08131809033159323,0.02106930736752681,0.9106324799124688,-0.6259184034067644,173.16976917349217,0.2628443782576322,0.29188384214445273,0.3685778108711839,0.0766939687267312
Awesome Oscillator,i043,BNBUSDT,True,562,323,239,0.4110320284697509,11.117202572345564,56.19632774498824,1.5672502498542045,-0.08075300000000034,-46.7271284224969,0.8179959646307938,55.35325859351845,-0.08314435662365996,0.019781499239049045,0.9091326535831094,-0.7756397927498344,222.9270462633452,0.30604982206405695,0.45373665480427045,0.01601423487544484,0.22419928825622776
Accelerator Oscillator,i044,BNBUSDT,False,3045,1587,1458,0.3389162561576355,33.49302920264672,304.50494161031116,8.468065445803564,0.6221669999999999,-278.85781085346804,0.7127389051221537,280.50897755646986,-0.09157891982051494,0.010999352775910251,0.6704351420101904,-0.4822388859453476,99.29392446633825,0.16617405582922826,0.1832512315270936,0.6505747126436782,0.0
Accelerator Oscillator,i044,BNBUSDT,True,1244,690,554,0.3946945337620579,-22.491753364461854,124.3992351438857,3.44993421164653,-0.8392459999999994,-151.1801687199941,0.7515624984689543,158.99470901883595,-0.12152746681671552,-0.018080187592011136,0.9314537211702887,-0.8081327301654794,213.34967845659165,0.3046623794212219,0.5048231511254019,0.016881028938906754,0.17363344051446947
Momentum,i045,BNBUSDT,False,3552,1785,1767,0.27336711711711714,72.99038409038243,355.1968820412229,9.89112165624931,0.5773509999999997,-291.52026860708975,0.6932256314618606,293.08304951288625,-0.08207214769343743,0.0205490946200401,0.6784300354249952,-0.36818126036604426,77.94960585585585,0.14358108108108109,0.08980855855855856,0.7657657657657657,0.0008445945945945946
Momentum,i045,BNBUSDT,True,1179,663,516,0.4003392705682782,13.387214646186452,117.88831531873178,3.2803393453133567,-1.043583,-108.8250230178587,0.8050972234865836,112.92423565935685,-0.0923028185053933,0.011354719801684862,0.9523949238456005,-0.7897530793111486,209.25614927905005,0.32061068702290074,0.4817642069550466,0.021204410517387615,0.17642069550466496
Chande Momentum Oscillator,i046,BNBUSDT,False,3688,1949,1739,0.2738611713665944,46.099236921750276,368.7913130551403,10.257716724955582,0.2495220000000003,-332.70027085834556,0.667057270408428,334.434843514534,-0.09021157018935617,0.012499793091580877,0.659971781776651,-0.37314106439610273,77.20851409978307,0.13964208242950107,0.0938177874186551,0.7659978308026031,0.0005422993492407809
Chande Momentum Oscillator,i046,BNBUSDT,True,1238,681,557,0.3966074313408724,-18.937825060722524,123.79344547966105,3.4418252218654133,-0.9618049999999996,-147.134900762249,0.7553877510572005,149.65123400955076,-0.1188488697594903,-0.015297112326916417,0.925392438088458,-0.8052243478764151,209.26413570274636,0.3045234248788368,0.49676898222940225,0.025040387722132473,0.17366720516962844
Price Oscillator,i047,BNBUSDT,False,1297,620,677,0.3430994602929838,32.00921184654215,129.696695755603,3.610975509390885,0.4410010000000007,-100.85745841845176,0.8067672683734969,106.51172495560158,-0.07776211134807383,0.02467942316618516,0.9462711196585644,-0.6126151486696161,173.91750192752505,0.2644564379336931,0.25674633770239014,0.39784117193523516,0.08095605242868158
Price Oscillator,i047,BNBUSDT,True,523,298,225,0.4187380497131931,12.168355159893707,52.30136899068181,1.4628993807500144,0.0015849999999997593,-41.594328211538105,0.826173028594833,42.902154802017265,-0.07953026426680326,0.02326645346059982,0.9027008447686641,-0.787124385578538,224.6940726577438,0.30975143403441685,0.4627151051625239,0.019120458891013385,0.2084130019120459
Detrended Price Oscillator,i048,BNBUSDT,False,1916,885,1031,0.26252609603340293,53.346079646933006,191.59356093513375,5.35888480302527,0.4741240000000003,-143.13224209122603,0.766315051178776,148.33403604439513,-0.07470367541295722,0.02784242152762683,0.9331384901978195,-0.43347551497574616,119.7562630480167,0.20302713987473903,0.11012526096033402,0.6456158663883089,0.04123173277661795
Detrended Price Oscillator,i048,BNBUSDT,True,676,383,293,0.4437869822485207,46.978671380604794,67.60700326653095,1.8834100809174303,-0.2277800000000003,-22.739521966843583,0.9235953720996929,43.761617891673396,-0.033638346104798204,0.06949507600681183,0.9162672397165799,-0.7915417390473871,223.75295857988166,0.3328402366863905,0.4467455621301775,0.022189349112426034,0.19822485207100593
TRIX,i049,BNBUSDT,False,751,365,386,0.4434087882822903,61.107851349830945,75.10319497872183,2.095374663668798,0.09735500000000002,-15.993363292559682,0.9479663400615367,39.6959576729712,-0.021296089603940988,0.08136864360829686,0.8749920587990078,-0.7353246862981561,230.37416777629826,0.31158455392809586,0.37683089214380827,0.10252996005326231,0.20905459387483355
TRIX,i049,BNBUSDT,True,297,174,123,0.46464646464646464,31.743053896229746,29.69925418644017,0.8307680628778964,-0.12829799999999975,1.0847336469116744,1.0087959821465269,17.770456695723567,0.0036523018414534496,0.10687896934757489,0.9014943928620962,-0.7756068714972175,228.15488215488216,0.3468013468013468,0.42424242424242425,0.010101010101010102,0.21885521885521886
Fisher Transform,i050,BNBUSDT,False,4561,2239,2322,0.3133084849813637,87.64304562208862,456.13509230162225,12.729465927646451,0.8050719999999998,-380.41644060718005,0.6951635998908903,382.4435586933429,-0.08340636715789959,0.019215752164457055,0.6070818490090124,-0.3984471273438886,68.28370971278228,0.13089234816926112,0.10480157860118396,0.7643060732295549,0.0
Fisher Transform,i050,BNBUSDT,True,1633,883,750,0.3992651561543172,-8.736230684492241,163.3115975250746,4.529450488058422,-1.116341,-177.69361969762528,0.773206164734769,179.3929361254237,-0.1088142190432488,-0.005349804460803576,0.9291552842262404,-0.7986777421132863,206.48193508879362,0.30740967544396813,0.49050826699326394,0.025719534598897736,0.17636252296387017
Ultimate Oscillator,i051,BNBUSDT,False,3815,1612,2203,0.27024901703800785,-13.564781278743077,381.48895141906127,10.651397153022707,0.3064879999999997,-405.39864185082706,0.6167714877234736,405.4904005982763,-0.10626438842747761,-0.0035556438476390764,0.6328344305523357,-0.37997519387582085,70.61048492791612,0.12870249017038007,0.09200524246395805,0.7761467889908257,0.003145478374836173
Ultimate Oscillator,i051,BNBUSDT,True,1303,708,595,0.3914044512663085,-40.880409188933555,130.30269499335415,3.613244659123606,-0.8843879999999998,-175.68073684141132,0.7255349308146812,176.62576667251267,-0.13482788706171245,-0.03137406691399351,0.9105949015236301,-0.8071678898089064,205.76438986953184,0.2908672294704528,0.49884881043745205,0.026093630084420567,0.1841903300076746
Williams %R,i052,BNBUSDT,False,3426,1617,1809,0.2475189725627554,30.29207129986766,342.60318935401733,9.52917138098519,0.31075599999999964,-321.52953343513485,0.6727265283474996,323.2980606511276,-0.09384983462788525,0.008841818826581338,0.7793863020676863,-0.38108964995676214,80.57238762405137,0.15761821366024517,0.07063631056625802,0.7697022767075307,0.0020431990659661413
Williams %R,i052,BNBUSDT,True,1182,656,526,0.3942470389170897,-17.79268132991636,118.21081592116587,3.2756381131057317,-1.1063339999999995,-140.38546936418794,0.7569994583527903,143.33767848161492,-0.11876943262621653,-0.01505302988994616,0.9384790210888163,-0.8068668899323693,206.03130287648054,0.30710659898477155,0.49915397631133673,0.015228426395939087,0.1785109983079526
SMI Ergodic,i053,BNBUSDT,False,3723,1988,1735,0.29331184528605964,17.38076931308069,372.3113620693154,10.401083455999947,0.7042959999999997,-364.6273802122347,0.6775063136925344,364.62738021223544,-0.09793912979109178,0.0046684849081602715,0.7014856139596608,-0.42974141796130155,82.38812785388127,0.15739994627988182,0.10878323932312652,0.7332796132151491,0.0005372011818426001
SMI Ergodic,i053,BNBUSDT,True,1366,743,623,0.39751098096632503,-18.475785442432503,136.61394990851693,3.80965476664752,-0.8941599999999996,-159.79355011759696,0.7589859666611914,159.79355011759682,-0.11697917285329207,-0.013525465184796852,0.9267248982758711,-0.8055955891632988,208.83382137628112,0.3052708638360176,0.49487554904831627,0.022693997071742314,0.17715959004392387
Relative Vigor Index,i054,BNBUSDT,False,4332,2176,2156,0.33910433979686055,54.96015750579225,433.2214810351535,12.105189259645169,0.5804490000000002,-389.78606378900633,0.6761910529090072,391.9738338517513,-0.08997831574076787,0.012687016968096087,0.5540960922362645,-0.42045170215999966,70.98407202216066,0.12188365650969529,0.13319482917820868,0.7449215143120961,0.0
Relative Vigor Index,i054,BNBUSDT,True,1548,829,719,0.3979328165374677,-11.942159800833341,154.80125161663744,4.29915615491583,-1.1855879999999996,-172.2281555723866,0.7680995242056283,172.702436474086,-0.1112584984317743,-0.0077145735147502205,0.9260603605698667,-0.796868388072344,211.40051679586563,0.30749354005167956,0.4896640826873385,0.025839793281653745,0.17700258397932817
True Strength Index,i055,BNBUSDT,False,1979,992,987,0.34411318847902983,35.88088298089637,197.9065627802061,5.50492159786843,0.7618320000000003,-166.76876939717818,0.7846186527116268,169.3034338747977,-0.08426921141848316,0.018130815048456983,0.8921094734541563,-0.5965295229733887,142.73825164224357,0.25315816068721575,0.2425467407781708,0.4770085901970692,0.027286508337544216
True Strength Index,i055,BNBUSDT,True,792,446,346,0.4116161616161616,6.638605291451338,79.20390002087422,2.2029223787745154,-0.248108,-75.01632510819739,0.8024676409100685,77.64971890463531,-0.09471758220731995,0.008382077388196135,0.9348188549510981,-0.8149512270863848,204.18939393939394,0.3244949494949495,0.4911616161616162,0.007575757575757576,0.17676767676767677
Coppock Curve,i056,BNBUSDT,False,1520,704,816,0.3394736842105263,-29.180541418338425,151.99522547869253,4.21587025086488,0.41679299999999986,-184.97484414789585,0.7133002807935218,187.96955791101664,-0.12169397641308938,-0.01919772461732791,0.8918834309081034,-0.6426162295781646,169.18223684210525,0.25394736842105264,0.3269736842105263,0.3815789473684211,0.0375
Coppock Curve,i056,BNBUSDT,True,647,365,282,0.3910355486862442,-18.16945132823935,64.6993927100447,1.7956286339469958,-0.13412900000000014,-84.79860167223103,0.7268215985283215,86.29930049116385,-0.1310642993388424,-0.028082614108561593,0.8917633811085134,-0.7878546626717892,228.05718701700155,0.2797527047913447,0.49149922720247297,0.010819165378670788,0.21792890262751158
Rate of Change,i057,BNBUSDT,False,3688,1949,1739,0.2738611713665944,46.099236921750276,368.7913130551403,10.257716724955582,0.2495220000000003,-332.70027085834556,0.667057270408428,334.434843514534,-0.09021157018935617,0.012499793091580877,0.659971781776651,-0.37314106439610273,77.20851409978307,0.13964208242950107,0.0938177874186551,0.7659978308026031,0.0005422993492407809
Rate of Change,i057,BNBUSDT,True,1238,681,557,0.3966074313408724,-18.937825060722524,123.79344547966105,3.4418252218654133,-0.9618049999999996,-147.134900762249,0.7553877510572005,149.65123400955076,-0.1188488697594903,-0.015297112326916417,0.925392438088458,-0.8052243478764151,209.26413570274636,0.3045234248788368,0.49676898222940225,0.025040387722132473,0.17366720516962844
Klinger Oscillator,i058,BNBUSDT,False,3903,1808,2095,0.2738918780425314,2.9069089355820754,390.3129986938528,10.892490575769672,-0.1880879999999992,-398.4866683340405,0.6513779256358573,401.02189387814116,-0.10209753224033832,0.0007447883514173905,0.6964889734474865,-0.40332864535970475,77.45836535997951,0.14271073533179607,0.11427107353317961,0.7407122726108122,0.0023059185242121443
Klinger Oscillator,i058,BNBUSDT,True,1343,733,610,0.4043186895011169,6.8042239755138905,134.29537195709895,3.7241768140976794,-1.1777299999999995,-132.39305479568276,0.7933112833095802,134.0593856984458,-0.09858008547705344,0.005066436318327543,0.9358198135641392,-0.800679016951263,207.34251675353687,0.31720029784065523,0.4892032762472077,0.018615040953090096,0.17498138495904692
Bollinger Bands,i059,BNBUSDT,False,1627,797,830,0.40012292562999385,13.635575895884811,162.69093643591663,4.493176254073382,-0.04094000000000005,-153.5894767941052,0.7981846309621349,158.69934875004034,-0.09440041597670878,0.008380808786653234,0.9331030246328216,-0.7797536330226148,192.20897357098954,0.3146896127842655,0.43700061462815,0.11001843884449908,0.13829133374308544
Bollinger Bands,i059,BNBUSDT,True,833,453,380,0.4069627851140456,1.221097920480152,83.31676759268318,2.3048920220837994,-0.462478,-84.86303969428684,0.7898673673811595,88.1781798101381,-0.10187639819242117,0.0014659038661226315,0.9409781859716821,-0.8175195237625243,190.93157262905163,0.32533013205282113,0.5066026410564226,0.003601440576230492,0.1644657863145258
BB %B,i060,BNBUSDT,False,2971,1456,1515,0.23392797038034333,44.6215599106782,297.0826640603625,8.2703083101816,-0.08828999999999983,-260.8197024598659,0.6921531317270384,261.666827566827,-0.08778852321099491,0.015019037331093303,0.8437679771501697,-0.3722488781103841,86.25782564792999,0.16526422080107708,0.06563446650959273,0.7640525075732076,0.005048805116122518
BB %B,i060,BNBUSDT,True,1000,560,440,0.41,13.673225278596268,99.99708965287705,2.7729282876632775,-0.6239730000000002,-89.72076566194407,0.8097769135085968,90.83545893229783,-0.08972076566194406,0.013673225278596268,0.9315609633113672,-0.7994250179993297,209.949,0.32,0.483,0.022,0.175
Standard Error Bands,i061,BNBUSDT,False,2085,993,1092,0.3712230215827338,8.701950841719498,208.49803592288526,5.778806972257445,0.11714299999999911,-205.45774905342324,0.7694034544690448,208.08263341760386,-0.09854088683617422,0.004173597526004554,0.8856923630138027,-0.6796213867476022,155.74340527577937,0.2719424460431655,0.3405275779376499,0.3376498800959233,0.04988009592326139
Standard Error Bands,i061,BNBUSDT,True,950,516,434,0.3968421052631579,-26.80683290151191,95.01032865854563,2.641440777398259,-0.4902890000000001,-124.94889133745582,0.736894070309293,126.46675443579166,-0.13152514877626928,-0.02821771884369675,0.9282511215394385,-0.8287950508862552,192.82526315789474,0.30736842105263157,0.5221052631578947,0.007368421052631579,0.1631578947368421
Envelopes,i062,BNBUSDT,False,2,0,2,0.0,-1.6000000000000014,0.20080000000000003,0.005731479664553213,0.0,-1.8065314796645546,0.0,1.8065314796645546,-0.9032657398322773,-0.8000000000000007,0.0,-0.9032657398322773,2.0,0.0,1.0,0.0,0.0
Envelopes,i062,BNBUSDT,True,1,0,1,0.0,-0.8000000000000007,0.10040000000000002,0.003698566805362922,0.0,-0.9040985668053636,0.0,0.9040985668053636,-0.9040985668053636,-0.8000000000000007,0.0,-0.9040985668053636,3.0,0.0,1.0,0.0,0.0
Net Volume,i074,BNBUSDT,False,2987,1531,1456,0.2879142952795447,3.9399776744029724,298.67646646880576,8.315431113359221,0.45702999999999966,-302.594889907762,0.6496909627738878,304.3538655308726,-0.10130394707323802,0.0013190417390033387,0.6525572554760678,-0.40610913475184784,87.02376966856377,0.14161365918982258,0.13726146635420153,0.7140944091061265,0.007030465349849347
Net Volume,i074,BNBUSDT,True,1068,589,479,0.3838951310861423,-33.75181775226197,106.79117814117154,2.9538387704693787,-0.90423,-144.4010646639029,0.7287173084479821,145.82636218395862,-0.13520698938567688,-0.03160282561073218,0.9460705809823706,-0.8089513721378037,207.15168539325842,0.30337078651685395,0.5121722846441947,0.017790262172284643,0.16666666666666666
OBV,i075,BNBUSDT,False,3296,1667,1629,0.23300970873786409,43.364748201823154,329.588087975464,9.094563084888293,0.37618999999999975,-294.9417128585292,0.6619194056819641,295.6783842032643,-0.08948474297892269,0.01315678040103858,0.7518995908108659,-0.3450951734973394,72.90200242718447,0.14016990291262135,0.0703883495145631,0.7815533980582524,0.007888349514563107
OBV,i075,BNBUSDT,True,1104,624,480,0.4003623188405797,-13.05094285586822,110.38209121338905,3.030662248543712,-0.5171120000000008,-126.98080831780096,0.7633715997831474,127.64524399869511,-0.11501884811395013,-0.01182150621002556,0.9267977034408323,-0.8106123764934272,202.68659420289856,0.3125,0.49728260869565216,0.02355072463768116,0.16666666666666666
Accumulation/Distribution,i076,BNBUSDT,False,3147,1350,1797,0.261518906895456,34.62378640109448,314.6736761125517,8.789599344465204,0.28388999999999964,-288.5555990559224,0.6679215442535911,288.55559905592196,-0.09169227806035031,0.011002156466823794,0.7052034394722867,-0.3738976031590423,73.98792500794407,0.14585319351763584,0.0823006037496028,0.7616777883698761,0.010168414362885288
Accumulation/Distribution,i076,BNBUSDT,True,1111,599,512,0.38793879387938796,-25.077676446472243,111.11151325801589,3.09941677330669,-0.9559009999999997,-140.2445074777948,0.7400574786524938,142.4730753159496,-0.12623267999801513,-0.02257216601842686,0.9263960957215575,-0.7934135657849796,204.7038703870387,0.29972997299729975,0.49324932493249324,0.0333033303330333,0.17371737173717372
MFI,i077,BNBUSDT,False,2530,1221,1309,0.30434782608695654,15.885273192103666,252.97953203751447,7.00070397633333,0.5939520000000004,-243.50101082174413,0.6934888337946926,244.23214618446062,-0.09624545882282377,0.006278764107550856,0.715489418699845,-0.4513794677389914,104.01106719367588,0.16877470355731225,0.1683794466403162,0.650197628458498,0.012648221343873518
MFI,i077,BNBUSDT,True,960,528,432,0.39895833333333336,2.1085910413898956,96.0035497904292,2.6558958719026573,-0.6810519999999999,-97.23190662094194,0.7874838245414787,98.12026650531881,-0.10128323606348119,0.002196449001447808,0.9407184856836673,-0.79294122467554,211.315625,0.31145833333333334,0.484375,0.021875,0.18229166666666666
Chaikin Money Flow,i078,BNBUSDT,False,2581,1145,1436,0.29523440526927547,-8.57637612183998,258.0990428724254,7.203635766738133,0.8227690000000006,-273.0562857610035,0.6388754104287261,274.3945701648864,-0.1057947639523454,-0.0033228888499961173,0.6339519160906926,-0.4156831477856576,88.0453312669508,0.14180550174351025,0.13909337466098412,0.7008911274699728,0.01820999612553274
Chaikin Money Flow,i078,BNBUSDT,True,975,547,428,0.4041025641025641,-10.777827213082514,97.4963005860203,2.7066041741300326,-0.6769119999999996,-111.65764397323285,0.7605480317023318,111.90472807897056,-0.11452066048536703,-0.011054181757007706,0.9001201282639913,-0.802590317571851,202.61333333333334,0.29743589743589743,0.49230769230769234,0.027692307692307693,0.18256410256410258
Chaikin Oscillator,i079,BNBUSDT,False,2841,1282,1559,0.30306230200633577,26.270738280908855,284.085533112662,7.919972309599804,0.6503530000000001,-265.0844141413529,0.7000574627998353,266.32623768344024,-0.09330672796246142,0.009247003970752853,0.7185825574983168,-0.4463555536097998,90.37873988032383,0.17282646955297432,0.13727560718057022,0.6839141147483281,0.00598380851812742
Chaikin Oscillator,i079,BNBUSDT,True,1104,623,481,0.3867753623188406,-34.428661916761506,110.40151469003176,3.0778313179921355,-0.7110249999999999,-148.61903292478544,0.7258990214556263,152.40637067802314,-0.13461868924346507,-0.031185382170979624,0.921747951166135,-0.8008942512152512,209.21014492753622,0.2916666666666667,0.5009057971014492,0.020833333333333332,0.18659420289855072
Ease of Movement,i080,BNBUSDT,False,2896,1436,1460,0.28763812154696133,36.42145861580366,289.5921952706938,8.032975388234373,0.7449989999999995,-260.4587130431246,0.6940022475620792,261.02902319394866,-0.08993740091268114,0.012576470516506788,0.7091474233947902,-0.41259259172611956,93.46236187845304,0.16091160220994474,0.13535911602209943,0.6978591160220995,0.005870165745856353
Ease of Movement,i080,BNBUSDT,True,1015,572,443,0.39901477832512317,-0.6790160655734012,101.49818554974439,2.8081563444345155,-0.4645370000000003,-105.4498949597523,0.7815463681716535,113.16550032988776,-0.10389152212783477,-0.0006689813453925134,0.9315080410362213,-0.7913289370154458,211.9487684729064,0.31133004926108376,0.4827586206896552,0.023645320197044337,0.18226600985221675
Elder Force Index,i081,BNBUSDT,False,2739,1448,1291,0.24790069368382622,48.61341159722284,273.89585846994595,7.624776813538958,0.057929999999999524,-232.849293686262,0.698578231894454,235.26268704730543,-0.08501252051342169,0.017748598611618416,0.7947775410239291,-0.37500157477743196,87.91128148959474,0.16137276378240234,0.08032128514056225,0.7484483388097846,0.009857612267250822
Elder Force Index,i081,BNBUSDT,True,963,543,420,0.3862928348909657,-26.809245461073296,96.29740287842044,2.666186763332943,-0.689411,-126.46224610282668,0.7343131681269893,128.994415945169,-0.13132112783263414,-0.027839299544209026,0.9395702072179881,-0.8053847092858177,208.72585669781932,0.3011422637590862,0.5036344755970924,0.018691588785046728,0.17653167185877466
Price & Volume Trend,i082,BNBUSDT,False,2066,1118,948,0.26524685382381413,67.26157807399103,206.59812758098778,5.749206132909254,0.07795100000000078,-145.00780463990597,0.7671179488671244,152.92371442709737,-0.0701877079573601,0.032556426947720735,0.8716395863479258,-0.4101886020807439,103.30832526621491,0.1931268151016457,0.10164569215876089,0.6771539206195547,0.028073572120038724
Price & Volume Trend,i082,BNBUSDT,True,736,420,316,0.39945652173913043,-2.8277307350807357,73.59841906550851,2.038132002804697,-0.30786000000000074,-78.77214180339395,0.7769808526297758,82.78459869215841,-0.1070273665806983,-0.003842025455272739,0.9334552206665672,-0.7991130694103274,213.69021739130434,0.3111413043478261,0.48097826086956524,0.017663043478260868,0.19021739130434784
VWAP,i086,BNBUSDT,False,2457,1130,1327,0.22425722425722425,48.15930109410622,245.71577074930238,6.831050001624317,0.04073099999999956,-204.34678865682048,0.7012458244032161,210.17118971040514,-0.08316922615255208,0.01960085514615638,0.8705075105882177,-0.35886486200993106,83.76923076923077,0.16361416361416362,0.05657305657305657,0.7627187627187627,0.017094017094017096
VWAP,i086,BNBUSDT,True,863,493,370,0.406720741599073,10.59863457204755,86.31580278547564,2.39030621348207,-0.373442,-78.48091642691016,0.805595949377231,82.16377860352716,-0.09093964823512185,0.012281152458919524,0.9265501130966516,-0.7884765744606149,209.22595596755505,0.3128621089223638,0.48088064889918886,0.0220162224797219,0.1842410196987254
VWMA,i087,BNBUSDT,False,3091,1463,1628,0.24069880297638305,32.78327688831288,309.0991857490656,8.598937682521465,0.13049599999999975,-284.7843505432742,0.6811812467854061,285.8639221386732,-0.09213340360507091,0.01060604234497343,0.8178280628575144,-0.38059157618630807,85.47201552895503,0.16337754771918472,0.07214493691362019,0.7609187965059852,0.0035587188612099642
VWMA,i087,BNBUSDT,True,1044,591,453,0.3888888888888889,-23.659171806081723,104.40490320408398,2.899760980784312,-0.6806309999999997,-131.64446699095004,0.7438579291927356,134.21314876539597,-0.12609623274995213,-0.022662041959848396,0.9416416449678248,-0.8055657912976282,208.84099616858236,0.3055555555555556,0.5019157088122606,0.019157088122605363,0.17337164750957854
Pivot Points Standard,i088,BNBUSDT,False,1143,548,595,0.24496937882764655,38.56117707396225,114.30500804281596,3.1999392557559068,-0.038256999999999194,-78.98202722460961,0.7699572285669918,85.00994925273984,-0.06910063624200316,0.0337368128381122,0.9441222978051509,-0.3978404062688897,106.44619422572178,0.1942257217847769,0.0804899387576553,0.6666666666666666,0.05861767279090114
Pivot Points Standard,i088,BNBUSDT,True,431,234,197,0.35498839907192575,-33.475915790006006,43.092324673766605,1.1961697287322717,-0.1473449999999994,-77.91175519250487,0.6343192126636352,82.29424201974284,-0.18076973362530133,-0.07767033825987472,0.8833184055390427,-0.7664009756833755,210.71461716937355,0.2505800464037123,0.4965197215777262,0.03944315545243619,0.21345707656612528
Balance of Power,i089,BNBUSDT,False,3139,1479,1660,0.2666454284804078,46.80295025195608,313.8909727593843,8.751478111849076,0.3979710000000001,-275.44152961927733,0.6784084133688992,279.6848014426802,-0.0877481776423311,0.014910146623751537,0.6942094326034045,-0.3720655189871099,82.48423064670277,0.14558776680471489,0.0942975469894871,0.7550175215036636,0.005097164702134438
Balance of Power,i089,BNBUSDT,True,1082,582,500,0.38632162661737524,-30.843667784844886,108.22213008476429,3.0216816097135406,-0.8709559999999993,-142.95843547932273,0.7327703696419,143.9777488651129,-0.1321242472082465,-0.028506162462888066,0.9378141771641455,-0.8056698215872524,214.15896487985214,0.30406654343807765,0.5083179297597042,0.021256931608133085,0.16635859519408502
Accumulative Swing Index,i090,BNBUSDT,False,2403,1566,837,0.24927174365376611,-12.512686593388588,240.29648800509455,6.67723885762673,0.36869500000000033,-259.1177184561099,0.6480795451555394,259.37492741485994,-0.1078309273641739,-0.0052071105257547184,0.7966252957624856,-0.40814649147330306,92.88680815647108,0.16354556803995007,0.09696213066999584,0.7311693716188098,0.008322929671244279
Accumulative Swing Index,i090,BNBUSDT,True,901,534,367,0.38623751387347394,-28.216249991628494,90.11975073371632,2.4901043318771,-0.4781869999999997,-121.30429205722191,0.7229258077084263,121.75692467572307,-0.13463295455851487,-0.031316592665514426,0.909482981118908,-0.7916896374079601,214.93673695893452,0.29189789123196447,0.49278579356270813,0.016648168701442843,0.19866814650388456
Up/Down,i091,BNBUSDT,False,2532,1456,1076,0.3127962085308057,-27.265615386956497,253.18039757866782,7.076940255863862,-0.0041150000000010085,-287.5270682214882,0.616163588443347,289.66822289060013,-0.11355729392633815,-0.010768410500377764,0.5827783567671292,-0.43051007286267495,90.13467614533965,0.12717219589257503,0.15758293838862558,0.7041864139020537,0.011058451816745656
Up/Down,i091,BNBUSDT,True,1014,588,426,0.3826429980276134,-44.65781279427612,101.39936334922768,2.8286526975022994,-0.7159429999999999,-149.6017718410061,0.6991513443144076,152.31335653962344,-0.14753626414300405,-0.04404123549731372,0.8960415186552859,-0.7943544426186215,212.15976331360946,0.28106508875739644,0.5029585798816568,0.03353057199211045,0.18244575936883628
Average Price,i099,BNBUSDT,False,2344,1112,1232,0.2781569965870307,56.86593150529151,234.38390865678662,6.510208830135605,0.3705880000000001,-183.65759798163074,0.7587472238399428,189.5655949747404,-0.0783522175689551,0.024260209686557812,0.8859028517854078,-0.4499209558780831,109.31100682593856,0.20776450511945393,0.12457337883959044,0.6569965870307167,0.010665529010238909
Average Price,i099,BNBUSDT,True,893,505,388,0.40313549832026874,4.485818082457705,89.29832565424353,2.474936594046178,-0.5500580000000002,-87.83750216583199,0.7938840405626173,90.22223124901033,-0.0983622644634177,0.005023312522349053,0.9397729225750459,-0.79954175289465,211.50279955207168,0.3180291153415454,0.48824188129899215,0.0167973124300112,0.1769316909294513
Typical Price,i100,BNBUSDT,False,2448,1167,1281,0.26919934640522875,66.74746554360318,244.80029096212598,6.79921735985465,0.41816899999999974,-184.43387377837746,0.7581507455463293,188.46891287418933,-0.07534063471338949,0.027266121545589536,0.8773362761539021,-0.42627081037663433,103.58986928104575,0.198937908496732,0.10089869281045752,0.690359477124183,0.00980392156862745
Typical Price,i100,BNBUSDT,True,896,508,388,0.4029017857142857,5.6215341774598855,89.60013912114964,2.4839565332378633,-0.5478870000000002,-87.01044847692762,0.7963483398320925,90.72053490499354,-0.09710987553228528,0.0062740336802007655,0.9424955957597585,-0.798600670179814,211.671875,0.32142857142857145,0.48549107142857145,0.016741071428571428,0.17633928571428573
Median Price,i101,BNBUSDT,False,2489,1181,1308,0.2699879469666533,68.80817465773005,248.88026082947957,6.907629999935345,0.363009,-186.61670717168488,0.7587197407527417,191.35751402299198,-0.07497657981988143,0.027644907455897972,0.8732545197447105,-0.4256707454265989,103.24467657693853,0.1984732824427481,0.11169144234632382,0.680996384089996,0.008838891120932101
Median Price,i101,BNBUSDT,True,918,514,404,0.40413943355119825,4.854356231286561,91.79958374789823,2.543969996237953,-0.5626770000000003,-90.05187451284964,0.7948827643946618,92.8881627437551,-0.09809572387020658,0.005287969750856819,0.940632052014467,-0.8026076157407988,211.5479302832244,0.31917211328976036,0.4880174291938998,0.018518518518518517,0.17429193899782136
SMA,i001,SOLUSDT,False,5110,2514,2596,0.2812133072407045,-10.220701623831108,510.9926038221843,6.004101028535112,0.07511700000000279,-527.1422894745506,0.7117251805826413,529.0458171849381,-0.10315896075822907,-0.0020001373040765377,0.9056840362409193,-0.4978519601287099,49.9,0.22093933463796478,0.1559686888454012,0.6230919765166341,0.0
SMA,i001,SOLUSDT,True,1968,940,1028,0.40853658536585363,30.351326289391444,196.80446941530133,2.320093351273284,-1.8283350000000025,-170.60157147718314,0.8337437275662452,186.91509127706723,-0.08668779038474753,0.01542242189501598,1.0640977357428711,-0.8815602671945462,110.60315040650407,0.38871951219512196,0.5701219512195121,0.010670731707317074,0.03048780487804878
EMA,i002,SOLUSDT,False,5271,2581,2690,0.26199962056535764,33.464225940878464,527.0849881308848,6.178648381398546,0.292129000000004,-499.5072815714048,0.7139806229549434,500.25101312526976,-0.09476518337533765,0.0063487433012480495,0.9028988793071876,-0.44894874907316984,44.95636501612597,0.20698159741984443,0.12730032251944604,0.6655283627395181,0.00018971732119142478
EMA,i002,SOLUSDT,True,1971,936,1035,0.4165398274987316,65.25250297403502,197.09303040599843,2.3098785345184267,-1.759448000000001,-135.90985396648182,0.86566032104829,152.29198735637098,-0.06895477116513538,0.033106292731626095,1.0667213662187682,-0.8797287788105136,110.3039066463724,0.3987823439878234,0.5601217656012176,0.011161846778285134,0.029934043632673768
DEMA,i003,SOLUSDT,False,7221,3542,3679,0.29621936019941836,6.791924216339962,722.1138470732748,8.506666484495678,-0.12446799999999486,-723.9530573414304,0.6973336056515106,725.7794531545597,-0.10025662059845318,0.0009405794510926412,0.7797870418091049,-0.4706646083768408,41.51447167982274,0.18723168536213822,0.14416285832987122,0.6684669713336103,0.00013848497438027975
DEMA,i003,SOLUSDT,True,2698,1270,1428,0.41475166790214973,88.01600477826787,269.8052520930264,3.1829775303832424,-2.108857,-187.0810818451418,0.8650280132618288,195.46683256004715,-0.06934065301895545,0.03262268524027719,1.0714855475019496,-0.8778172321088179,106.0533728687917,0.3995552260934025,0.5596738324684952,0.01816160118606375,0.02260934025203855
TEMA,i004,SOLUSDT,False,8200,4062,4138,0.3157317073170732,-30.78691692516944,820.0324987371747,9.662286734364494,-0.471651999999996,-860.9533543967087,0.6720824132234623,866.5398485066535,-0.10499431151179375,-0.003754502064045054,0.6815620395775611,-0.46792327122848243,37.162926829268294,0.16,0.1474390243902439,0.692560975609756,0.0
TEMA,i004,SOLUSDT,True,3100,1456,1644,0.4029032258064516,29.873671718830707,310.0030754140387,3.6645034408971835,-2.509267000000002,-286.3031741361052,0.823974660028822,298.0511974124522,-0.09235586262455006,0.009636668296397002,1.073006588538521,-0.8787079433931484,103.79612903225807,0.38903225806451613,0.5719354838709677,0.016774193548387096,0.022258064516129033
Hull MA,i005,SOLUSDT,False,8778,4391,4387,0.334358623832308,19.972380191146467,877.8105989188205,10.357367206489657,-0.24163399999999646,-868.4372199341636,0.6849421926745547,868.4372199341647,-0.09893338117272313,0.0022752768502103515,0.6432710347078932,-0.4717504204692503,35.02039188881294,0.14992025518341306,0.15083162451583504,0.6992481203007519,0.0
Hull MA,i005,SOLUSDT,True,3302,1554,1748,0.403694730466384,36.3856600091065,330.1966807803328,3.9003871785355972,-2.441661000000003,-300.153068949762,0.8258973560047169,305.1650475536717,-0.09090038429732343,0.01101927922747017,1.0681527133480344,-0.8755716789449932,102.69351907934585,0.387946698970321,0.5693519079345851,0.01968503937007874,0.02301635372501514
Hamming MA,i006,SOLUSDT,False,4956,2423,2533,0.2943906376109766,-17.153914622034584,495.5813535368283,5.834271937679114,0.34458800000000195,-518.224952096542,0.7177035964644255,518.5549492960821,-0.10456516386128772,-0.0034612418527107712,0.9030313036693178,-0.5249492777094873,52.40032284100081,0.22941888619854722,0.17756255044390637,0.5928167877320419,0.00020177562550443906
Hamming MA,i006,SOLUSDT,True,1973,947,1026,0.40800810947795235,29.853668188575234,197.30467661492415,2.3274118238238657,-1.8365750000000027,-171.61499525017274,0.8329670099595153,180.95857795225626,-0.08698175126719349,0.015131103998264181,1.0631263884313178,-0.8796504605628286,110.8342625443487,0.3882412569690826,0.5681702990369994,0.012164216928535226,0.031424227065382664
Arnaud Legoux MA,i007,SOLUSDT,False,7905,3919,3986,0.29108159392789373,-0.7374958954209365,790.4850558808378,9.326680366936992,0.05901100000000603,-800.4902211431956,0.6724647658238041,800.8165915908829,-0.10126378509085333,-9.329486343085851e-05,0.7142511049306978,-0.43611384967679007,36.51372549019608,0.16242884250474382,0.12080961416824794,0.7166350411132195,0.0001265022137887413
Arnaud Legoux MA,i007,SOLUSDT,True,2864,1354,1510,0.4127094972067039,77.11622650878238,286.3985437317807,3.3957506130248305,-2.3964680000000023,-215.0745358360231,0.8543665712077361,224.96343740985142,-0.07509585748464494,0.026926056741893294,1.067467571429829,-0.8780149852949353,105.9518156424581,0.3959497206703911,0.5618016759776536,0.018505586592178772,0.023743016759776536
Least Squares MA,i008,SOLUSDT,False,4776,2423,2353,0.304857621440536,-14.897966007969032,477.6075522210465,5.627214244662039,-0.026766999999994906,-498.1594994736775,0.7287538474871357,499.78676456069263,-0.10430475282112174,-0.003119339616408926,0.9192302663130432,-0.5531803515739363,57.58061139028476,0.24225293132328307,0.2129396984924623,0.5448073701842546,0.0
Least Squares MA,i008,SOLUSDT,True,1892,899,993,0.4022198731501057,16.874257128787097,189.21492230550436,2.2338149225984205,-1.614043000000001,-176.18852309931566,0.8219210381568381,183.29653857369536,-0.09312289804403576,0.008918740554327217,1.0685883623140313,-0.8747871501505688,110.97040169133193,0.38530655391120505,0.5692389006342494,0.015856236786469344,0.02959830866807611
Smoothed MA,i009,SOLUSDT,False,4406,2125,2281,0.2623694961416251,28.912914690975345,440.5936876069962,5.164378785464401,0.37126200000000426,-416.47388970148523,0.7270995087762838,417.75351448470053,-0.09452426003211195,0.00656216856354411,0.9598856050311421,-0.4695697381899956,48.805038583749436,0.224239673172946,0.14003631411711304,0.6354970494779846,0.00022696323195642307
Smoothed MA,i009,SOLUSDT,True,1681,815,866,0.4199881023200476,71.22196000568204,168.0971374030549,1.968224414883383,-1.549999000000002,-100.3934008122562,0.8827504382792271,113.84294709299448,-0.059722427609908514,0.04236880428654494,1.0705998518681095,-0.8781916884421965,111.99762046400951,0.4045211183819155,0.5556216537775134,0.011302795954788817,0.028554431885782272
Adaptive MA,i010,SOLUSDT,False,3902,1980,1922,0.27370579190158895,17.59547305312369,390.17376465807246,4.584166570890524,0.4920320000000044,-376.67042617583934,0.736229321813412,378.5279037718343,-0.09653265663142988,0.004509347271430981,0.9844119223926177,-0.5038893293193913,53.8754484879549,0.23910814966683752,0.15966171194259354,0.6007175807278319,0.0005125576627370579
Adaptive MA,i010,SOLUSDT,True,1568,743,825,0.4139030612244898,44.764924290802874,156.8222399126017,1.8465795919368533,-1.6098010000000045,-115.51369621373568,0.8569711219388612,134.10180642397722,-0.07366944911590285,0.028549058858930405,1.0664272631518406,-0.8788084766042221,110.01339285714286,0.3947704081632653,0.5625,0.010841836734693877,0.03188775510204082
Multi-Timeframe MA,i011,SOLUSDT,False,1580,817,763,0.3056962025316456,57.263141839206355,157.98325994404803,1.8579717015901047,0.12816899999999995,-102.44992080643178,0.8348091341345348,110.81619768045437,-0.0648417220293872,0.036242494834940735,1.0719281077085612,-0.5653520481583107,65.48291139240506,0.2955696202531646,0.2069620253164557,0.4879746835443038,0.00949367088607595
Multi-Timeframe MA,i011,SOLUSDT,True,604,303,301,0.41887417218543044,20.219633052785348,60.3886347839253,0.7134691350298495,-0.40090300000000106,-41.2833738661698,0.8661616224565344,49.489653943526946,-0.06834995673206921,0.0334762136635519,1.0560219259462913,-0.8787946470956735,111.26158940397352,0.3956953642384106,0.5562913907284768,0.009933774834437087,0.0380794701986755
WMA,i012,SOLUSDT,False,6056,2977,3079,0.2813738441215324,19.984432181453858,605.569761970597,7.118125836230188,0.16464300000000373,-592.5388126253735,0.707042620399562,594.0531861732129,-0.09784326496455968,0.00329993926378036,0.8392442296268593,-0.46475436119244984,43.761063408190225,0.19996697490092472,0.13705416116248348,0.6629788639365918,0.0
WMA,i012,SOLUSDT,True,2290,1101,1189,0.4131004366812227,55.198177791311686,228.99476787065672,2.6977415019261506,-2.155742000000004,-178.6500735812712,0.8491916989853262,185.0980579997153,-0.07801313256824069,0.02410400776913174,1.0633899608172233,-0.8814114408589022,107.5414847161572,0.39344978165938865,0.5650655021834061,0.013537117903930132,0.02794759825327511
McGinley Dynamic,i013,SOLUSDT,False,3046,1575,1471,0.2646093237032173,20.66588044655051,304.55459754087553,3.574065048935815,0.23043600000000158,-287.2323461432608,0.7418923383407228,289.6354378173671,-0.09429820950205542,0.006784596338329123,1.0243262292215523,-0.4968032530784964,54.421208141825346,0.2449113591595535,0.1582403151674327,0.5961917268548916,0.0006565988181221273
McGinley Dynamic,i013,SOLUSDT,True,1231,579,652,0.421608448415922,59.51737384044797,123.09870944457361,1.4490237541574873,-1.0402890000000022,-66.07064835828314,0.8941000219501063,79.73682610595144,-0.053672338227687355,0.04834880084520551,1.0748093757651205,-0.8762594303095235,108.41998375304631,0.40779853777416736,0.5523964256701869,0.012185215272136474,0.02761982128350934
Guppy MMA,i014,SOLUSDT,False,1409,683,726,0.4137686302342087,40.33279273858007,140.89914986151882,1.6531141603819042,-0.16570800000000147,-102.38517928332067,0.8583020615694011,104.53700149371447,-0.07266513788738159,0.02862511904796314,1.063763695014973,-0.8747692657107141,118.27963094393186,0.39460610361958837,0.5521646557842441,0.017033356990773598,0.0361958836053939
Guppy MMA,i014,SOLUSDT,True,708,324,384,0.4209039548022599,28.072353638922152,70.79378725966099,0.830442657534489,-0.43827900000000164,-43.990155278273335,0.878181085887633,47.14404636657567,-0.06213298768117702,0.03965021700412733,1.064164056780085,-0.8807586443871674,117.03531073446328,0.4025423728813559,0.556497175141243,0.0014124293785310734,0.03954802259887006
MA Cross,i015,SOLUSDT,False,1890,931,959,0.38994708994708993,55.11893361578431,188.96082576775387,2.226838758882294,0.23475100000000054,-135.83397991085187,0.8470819241987948,139.14325000514145,-0.07186983064066237,0.029163456939568417,1.0209571799150814,-0.7704071305362244,103.17724867724868,0.355026455026455,0.46084656084656084,0.1814814814814815,0.0026455026455026454
MA Cross,i015,SOLUSDT,True,792,382,410,0.4356060606060606,58.08027828803167,79.18525592632895,0.9391084493726932,-0.6331050000000024,-22.67719108766999,0.9422358500885505,52.397900277623044,-0.02863281702988635,0.0733336847071107,1.0721891358580835,-0.8782604987890574,120.42550505050505,0.41919191919191917,0.5416666666666666,0.007575757575757576,0.03156565656565657
EMA Cross,i016,SOLUSDT,False,1563,777,786,0.3704414587332054,12.654841532047879,156.28362631801917,1.841663801281643,0.14563800000000146,-145.32481058725295,0.8110616750278833,145.32481058725278,-0.0929781257755937,0.008096507698047267,1.0774447796321875,-0.7816720914576115,104.1919385796545,0.3602047344849648,0.436340371081254,0.19641714651311581,0.007037747920665387
EMA Cross,i016,SOLUSDT,True,625,299,326,0.4128,13.822359647691718,62.48332984717842,0.739693352012645,-0.38799399999999934,-49.78865755149934,0.8458708209944478,55.73528582354433,-0.07966185208239895,0.02211577543630675,1.059082737731422,-0.8801961958752214,119.6816,0.3936,0.5664,0.0016,0.0384
MA-EMA Cross,i017,SOLUSDT,False,3907,1979,1928,0.36882518556437166,35.942100625690784,390.6643559585373,4.58588024015199,-0.3095240000000012,-359.6176595729985,0.7776693356547645,362.6779378872266,-0.09204444831661084,0.009199411473173992,0.8729163707213154,-0.655916524648181,69.08599948809828,0.2659329408753519,0.3358075249552086,0.3980035833120041,0.0002559508574353724
MA-EMA Cross,i017,SOLUSDT,True,1716,818,898,0.42424242424242425,80.37216701184013,171.5892938538311,2.024560116982692,-1.562453000000003,-94.80413995897365,0.8908267474463103,110.23317935563296,-0.0552471678082597,0.046836927163077004,1.0626076119185082,-0.878929637080615,116.53787878787878,0.4026806526806527,0.5501165501165501,0.011655011655011656,0.035547785547785545
SuperTrend,i018,SOLUSDT,False,970,484,486,0.41030927835051545,15.350162030617598,96.99278440595755,1.1409964618436363,0.24696700000000002,-82.53665183718358,0.8366204936628903,94.24892569478538,-0.08508933179091091,0.01582490930991505,1.061927077092445,-0.883188161748211,116.15463917525773,0.388659793814433,0.565979381443299,0.016494845360824743,0.0288659793814433
SuperTrend,i018,SOLUSDT,True,318,164,154,0.44339622641509435,25.812869181974406,31.78318189236471,0.37644016641892153,-0.10133100000000034,-6.448083876809227,0.9584649466809976,16.69323487220013,-0.020276993323299457,0.08117254459740379,1.0552929274396654,-0.8770869302022715,115.95597484276729,0.41823899371069184,0.5377358490566038,0.0,0.0440251572327044
Ichimoku Cloud,i019,SOLUSDT,False,1539,762,777,0.4061078622482131,73.63632489412207,153.91486586094493,1.8103715123522497,-0.2633140000000026,-82.3522264791751,0.8894756470461648,84.60865155238729,-0.05351021863494159,0.04784686477850687,1.0604041259772305,-0.8152131348084729,98.65432098765432,0.38596491228070173,0.4632878492527615,0.12800519818063677,0.022742040285899934
Ichimoku Cloud,i019,SOLUSDT,True,689,326,363,0.3918722786647315,-12.428421206960639,68.90374599938586,0.8088527062952131,-0.6615530000000021,-82.80257291264172,0.7769118689542771,84.68123526536203,-0.12017789972807216,-0.018038347179913844,1.068010097445043,-0.8858360363312728,107.49346879535558,0.37445573294629897,0.5892597968069666,0.002902757619738752,0.033381712626995644
Parabolic SAR,i020,SOLUSDT,False,3033,1531,1502,0.3653148697659083,-54.990009527461666,303.2594873501626,3.5698039667285206,-0.026077999999998866,-361.8453788443528,0.7499475084658916,363.78629669858816,-0.11930279553061418,-0.01813056693948621,0.9794515335955551,-0.7517286639315469,85.24629080118694,0.314540059347181,0.4289482360698978,0.2551928783382789,0.0013188262446422684
Parabolic SAR,i020,SOLUSDT,True,1268,620,648,0.4085173501577287,16.477775698810838,126.77580768452634,1.4969221829580022,-0.9335950000000013,-112.7285491686735,0.8304655024241333,117.60157325999864,-0.08890264130021569,0.012995091245118957,1.0660256900992908,-0.8865731421868082,114.03470031545741,0.38958990536277605,0.5749211356466877,0.006309148264984227,0.02917981072555205
Directional Movement,i021,SOLUSDT,False,2245,1142,1103,0.3224944320712695,13.67167102862915,224.50873441377004,2.6283350004970707,0.19252899999999795,-213.27286938563796,0.7675154901661991,214.66881909833074,-0.0949990509512864,0.006089831193153297,0.9725012616345156,-0.6031320071065268,69.6837416481069,0.27839643652561247,0.2623608017817372,0.45657015590200445,0.0026726057906458797
Directional Movement,i021,SOLUSDT,True,902,446,456,0.43458980044345896,56.393342940077474,90.20247176804801,1.055719663293818,-0.8280399999999997,-35.69288849126435,0.9209986708930352,49.4992663180567,-0.03957082981293165,0.06252033585374443,1.0615005750596507,-0.885884537087544,115.65853658536585,0.4124168514412417,0.5476718403547672,0.004434589800443459,0.03547671840354767
Vortex,i022,SOLUSDT,False,3017,1501,1516,0.35266821345707655,33.9460898777216,301.6658632495163,3.5633871653171987,0.2698149999999989,-271.01334553711183,0.7724554585373142,272.9270974034053,-0.08982875224962275,0.011251604202095325,0.86468131462934,-0.60984857363171,69.24461385482267,0.25986078886310904,0.29565793834935367,0.4444812727875373,0.0
Vortex,i022,SOLUSDT,True,1205,557,648,0.4315352697095436,74.95786049554562,120.47690500018089,1.4286852845013736,-0.8994390000000013,-47.84716878913665,0.9210225899191782,69.27861633034526,-0.03970719401588104,0.062205693357299266,1.0730508322027519,-0.8844286153789309,112.8863070539419,0.4157676348547718,0.5502074688796681,0.005809128630705394,0.028215767634854772
Williams Alligator,i023,SOLUSDT,False,1829,912,917,0.41826134499726625,52.04401226275861,182.91097799446328,2.1532594102189035,-0.1541919999999996,-133.17441714192358,0.846975271376267,133.37180072480015,-0.07281269389935681,0.028454900088987756,0.963537190682613,-0.8179326767050024,105.06560962274467,0.3444505194095134,0.49371241115363584,0.14543466375068342,0.016402405686167305
Williams Alligator,i023,SOLUSDT,True,910,443,467,0.41208791208791207,21.693485047163307,90.98819477557521,1.0734195886258597,-0.7439690000000012,-71.11209831703776,0.8493805389292788,81.84974146726876,-0.07814516298575579,0.023838994557322316,1.0693834110331317,-0.8824876214102098,113.33626373626373,0.3956043956043956,0.5692307692307692,0.001098901098901099,0.03406593406593406
Williams Fractal,i024,SOLUSDT,False,2962,1505,1457,0.38723835246455096,19.973332723088777,296.1559790767654,3.4829392830489394,0.3474490000000023,-279.31813663672557,0.8130055110428881,283.7154319933736,-0.09430051878349952,0.006743191331225111,1.0587670093203538,-0.8229883726320504,96.94395678595544,0.36934503713706957,0.4912221471978393,0.13166779203241052,0.007765023632680621
Williams Fractal,i024,SOLUSDT,True,1378,675,703,0.42017416545718433,46.74339742188823,137.77560768103487,1.618366654409962,-0.9256340000000016,-93.5762109135566,0.868516727891138,104.40484243074903,-0.06790726481390173,0.0339211882597157,1.067565612185044,-0.8907342933275308,104.2010159651669,0.4020319303338171,0.5689404934687954,0.001451378809869376,0.027576197387518143
Aroon,i025,SOLUSDT,False,2393,1207,1186,0.3715002089427497,-51.290599412479644,239.28250334335317,2.816752293444353,0.14398700000000064,-293.2458680492772,0.7426199050222073,294.8932616956156,-0.12254319600889144,-0.021433597748633366,0.9517475542365474,-0.7575461727164681,89.72210614291684,0.3050564145424154,0.4467195988299206,0.248223986627664,0.0
Aroon,i025,SOLUSDT,True,1022,500,522,0.40117416829745595,-1.8301160562701813,102.1842927154478,1.2058292365331085,-0.7424820000000016,-105.96272000825108,0.8048487297487648,113.25149609553742,-0.1036817221215764,-0.0017907202116146587,1.0658893469187363,-0.8872178958250537,112.1839530332681,0.3816046966731898,0.5841487279843445,0.0029354207436399216,0.03131115459882583
Trend Strength Index,i026,SOLUSDT,False,2455,1229,1226,0.360081466395112,-38.14738520178656,245.48118075894823,2.883281900740612,-0.030604999999998175,-286.5424528614754,0.7500645828293043,287.6588176573201,-0.1167179034058963,-0.015538649776695139,0.9727641704197487,-0.7297682874045406,88.97189409368636,0.309979633401222,0.4134419551934827,0.27494908350305497,0.001629327902240326
Trend Strength Index,i026,SOLUSDT,True,1030,498,532,0.4058252427184466,4.668801701906045,102.98714897151773,1.2150472253763902,-1.0189240000000008,-100.55231849498809,0.8153151698338651,107.68717898344082,-0.09762361018930883,0.004532817186316548,1.0619647603827507,-0.8896300462989835,117.70291262135922,0.38737864077669903,0.5776699029126213,0.003883495145631068,0.031067961165048542
Zig Zag,i027,SOLUSDT,False,3123,1537,1586,0.3928914505283381,28.744127719895975,312.2486386407794,3.6669657856353415,0.3658710000000033,-286.80560570651875,0.8194636639872301,298.3795128665272,-0.09183656923039345,0.009204011437686831,1.0609823268385135,-0.8378855067180245,75.80275376240795,0.37271853986551395,0.52129362792187,0.09510086455331412,0.010886967659301952
Zig Zag,i027,SOLUSDT,True,1278,560,718,0.41158059467918623,24.768300106598428,127.78442859665053,1.509487620960203,-0.8735840000000001,-105.39920011101229,0.8440026249216165,122.85063793946595,-0.08247198756730226,0.019380516515335233,1.0841217999270045,-0.8984671102029477,76.19561815336463,0.4045383411580595,0.5837245696400626,0.001564945226917058,0.010172143974960876
Linear Regression Curve,i028,SOLUSDT,False,7968,3959,4009,0.321285140562249,-55.801336242394584,796.8082874529905,9.392180802797405,-0.19930899999999657,-862.2011134981825,0.671611402599936,862.7994037729607,-0.10820797107155905,-0.007003179749296509,0.6888086721802528,-0.48549395604283085,38.22628012048193,0.1620230923694779,0.16553714859437751,0.6723142570281124,0.0001255020080321285
Linear Regression Curve,i028,SOLUSDT,True,3089,1464,1625,0.4007769504694076,18.007949177886807,308.8836521744394,3.650967302205752,-2.449168000000003,-296.97583829875833,0.8167836427649802,300.3028576106156,-0.09613979873705353,0.005829701902844547,1.0694075846046325,-0.8756901286003744,104.04111362900615,0.38620912916801553,0.5707348656523147,0.020394949821948852,0.022661055357720946
Linear Regression Slope,i029,SOLUSDT,False,2455,1229,1226,0.360081466395112,-38.14738520178656,245.48118075894823,2.883281900740612,-0.030604999999998175,-286.5424528614754,0.7500645828293043,287.6588176573201,-0.1167179034058963,-0.015538649776695139,0.9727641704197487,-0.7297682874045406,88.97189409368636,0.309979633401222,0.4134419551934827,0.27494908350305497,0.001629327902240326
Linear Regression Slope,i029,SOLUSDT,True,1030,498,532,0.4058252427184466,4.668801701906045,102.98714897151773,1.2150472253763902,-1.0189240000000008,-100.55231849498809,0.8153151698338651,107.68717898344082,-0.09762361018930883,0.004532817186316548,1.0619647603827507,-0.8896300462989835,117.70291262135922,0.38737864077669903,0.5776699029126213,0.003883495145631068,0.031067961165048542
Keltner Channels,i030,SOLUSDT,False,1265,617,648,0.40869565217391307,21.099104111101774,126.48092180230273,1.4845542988948233,-0.22505399999999962,-107.09142599009576,0.8388906003425647,110.26587953892243,-0.08465725374711128,0.016679133684665434,1.0785706727760007,-0.888653026491027,92.96442687747036,0.3976284584980237,0.5802371541501976,0.0,0.022134387351778657
Keltner Channels,i030,SOLUSDT,True,723,352,371,0.40387275242047027,5.246921878632261,72.27943618765929,0.8499786467790177,-0.3974679999999991,-68.27996095580605,0.8226230371676008,72.7291868851293,-0.09443978002186174,0.007257153359104095,1.0844613185695757,-0.8931384361441348,85.9460580912863,0.3969571230982019,0.5892116182572614,0.0,0.013831258644536652
Donchian Channels,i031,SOLUSDT,False,2237,1130,1107,0.40366562360303976,17.963952760948366,223.67391949466375,2.629232631322997,-0.16093999999999856,-208.50013936503836,0.8225159288827655,211.09569940783658,-0.09320524781628893,0.008030376737124884,1.0700486774788494,-0.880625258716971,103.5507375949933,0.3875726419311578,0.56727760393384,0.021904336164506034,0.0232454179704962
Donchian Channels,i031,SOLUSDT,True,1116,548,568,0.40860215053763443,13.235763380396094,111.57422606251082,1.315115500875676,-0.7138200000000001,-100.36739818299037,0.8290788685486993,105.09439772854552,-0.08993494460841431,0.011860003029028756,1.0676475564737353,-0.8897192180833543,95.8252688172043,0.3924731182795699,0.5815412186379928,0.0,0.025985663082437275
Price Channel,i032,SOLUSDT,False,3244,1568,1676,0.2968557336621455,25.601701873028794,324.35052672733104,3.8179465470810636,0.23494200000000062,-302.33182940138335,0.7684033587685876,307.5051286869316,-0.09319723471066071,0.007892016606975583,1.0416326459366787,-0.5723034052776875,63.03267570900123,0.27897657213316895,0.2096177558569667,0.5110974106041923,0.00030826140567200987
Price Channel,i032,SOLUSDT,True,1324,637,687,0.4229607250755287,68.79128000806926,132.3964239581232,1.552896510540189,-1.061276000000001,-66.21931646059413,0.9014673339351295,89.71237451179191,-0.05001458947174784,0.05195716012694054,1.081848448423577,-0.8796524182955463,105.4607250755287,0.411631419939577,0.5536253776435045,0.0075528700906344415,0.027190332326283987
MA Channel,i033,SOLUSDT,False,3039,1555,1484,0.37545245146429745,61.06072300158771,303.85575735106266,3.5720076236359666,-0.4473140000000003,-246.81435597311093,0.8328083175017459,252.4366420484713,-0.0812156485597601,0.020092373478640246,1.0774947385650162,-0.7777849592601657,91.33135899967094,0.36558078315235276,0.4155972359328727,0.21454425797959856,0.0042777229351760445
MA Channel,i033,SOLUSDT,True,1330,650,680,0.42781954887218043,71.63135380368718,132.98725670726262,1.5579888299192834,-1.2569690000000027,-64.17086073349472,0.9046789757966108,77.8207434298832,-0.048248767468793016,0.053858160754652,1.0703637582743666,-0.884635793944296,110.27443609022556,0.4120300751879699,0.556390977443609,0.0030075187969924814,0.02857142857142857
Chande Kroll Stop,i034,SOLUSDT,False,3576,1841,1735,0.3901006711409396,113.63331284373675,357.56151398815274,4.213328026268978,-0.3902359999999984,-248.53176517068496,0.8566292919681056,252.76538733766967,-0.06949993433184704,0.03177665347979215,1.0644865723600956,-0.7948145500288942,90.94686800894854,0.37472035794183445,0.44798657718120805,0.17365771812080538,0.003635346756152125
Chande Kroll Stop,i034,SOLUSDT,True,1657,794,863,0.4188292094146047,53.14464090232784,165.69688758592247,1.9517784682149757,-1.2388450000000026,-115.74287015180961,0.8650592633036542,127.83376375277354,-0.06985085706204563,0.03207280682095827,1.0691473440232988,-0.8906865284568841,103.25165962582982,0.4013277006638503,0.5703077851538926,0.0018105009052504525,0.026554013277006638
52-Week High/Low,i035,SOLUSDT,False,927,497,430,0.4120819848975189,17.300333982754523,92.68687322184441,1.08194817354502,-0.5117059999999997,-76.98019341263489,0.8413694253108527,83.85413168278639,-0.08304227984103009,0.0186627119555065,1.068846805197302,-0.8904214183449619,86.6957928802589,0.3969795037756203,0.5760517799352751,0.0,0.02696871628910464
52-Week High/Low,i035,SOLUSDT,True,648,340,308,0.4182098765432099,16.668884950627838,64.79077920460409,0.7594437335781483,-0.4479399999999991,-49.329277987554406,0.8543479653198323,55.86328963824387,-0.07612542899313951,0.025723587886771353,1.0677109621920546,-0.8983526491819662,83.83024691358025,0.4012345679012346,0.5787037037037037,0.0,0.020061728395061727
Majority Rule,i036,SOLUSDT,False,3084,1573,1511,0.3450064850843061,-123.739551398715,308.37340963346116,3.6269585743568657,0.16267200000000115,-435.57724760653304,0.7076538621775297,441.63296480660097,-0.1412377586272805,-0.04012307114095817,0.9909393599085868,-0.7375924388857769,86.52204928664072,0.3012321660181582,0.4393644617380026,0.25453955901426717,0.0048638132295719845
Majority Rule,i036,SOLUSDT,True,1360,651,709,0.3926470588235294,-31.466794482291892,136.00487479201112,1.604800152922748,-1.3188680000000013,-170.39533742722574,0.7676587543762463,174.23599049077208,-0.1252906892847248,-0.023137348884038157,1.0542857668628127,-0.8878740156561353,111.66838235294118,0.36911764705882355,0.5911764705882353,0.008088235294117648,0.03161764705882353
MACD,i038,SOLUSDT,False,2601,1291,1310,0.36485966935793923,33.80457118340428,260.0969371502201,3.0570288602663247,-0.19370299999999877,-229.54309782708214,0.8087868277124515,229.54309782708208,-0.08825186383201927,0.012996759393850164,1.0230910579964174,-0.7266685907177255,85.68858131487889,0.33410226835832374,0.3829296424452134,0.28027681660899656,0.002691272587466359
MACD,i038,SOLUSDT,True,1055,520,535,0.409478672985782,14.546665435233763,105.48568723862091,1.2441704026178544,-0.8119719999999987,-92.99516420600497,0.8322028680034957,96.48323683256014,-0.08814707507678196,0.013788308469415887,1.0676312896450022,-0.889585684322064,114.60189573459715,0.3924170616113744,0.5744075829383887,0.008530805687203791,0.024644549763033177
RSI,i039,SOLUSDT,False,3069,1566,1503,0.2593678722710981,5.903047223245839,306.8578302667877,3.5992481324733356,0.3204970000000014,-304.23353417601516,0.7281107760665726,306.26553648486066,-0.09913116134767519,0.0019234432138305112,1.0235274119568074,-0.4922839217305912,54.03193222548061,0.23981753014011079,0.15640273704789834,0.603128054740958,0.0006516780710329097
RSI,i039,SOLUSDT,True,1226,595,631,0.4233278955954323,61.35523262201416,122.59753803951112,1.4390979005625093,-1.044295000000001,-63.7256983180595,0.8973295048914457,82.57789969335883,-0.051978546752087684,0.05004505107831498,1.0731329676241819,-0.877909064377666,109.34176182707994,0.4094616639477977,0.5513866231647635,0.012234910277324634,0.026916802610114192
Stochastic,i040,SOLUSDT,False,9950,4850,5100,0.3137688442211055,12.894083769944809,994.9970493070734,11.762054795123497,-0.10690299999999031,-993.9719233322521,0.6634254131876238,994.0292387067915,-0.09989667571178414,0.0012958878160748552,0.6275552983896028,-0.4325131172970991,31.206834170854272,0.1401005025125628,0.12140703517587939,0.7384924623115577,0.0
Stochastic,i040,SOLUSDT,True,3564,1671,1893,0.3953423120089787,-16.899518683691074,356.38104220891324,4.229993530461609,-2.838784000000001,-380.3493384230659,0.7979377977221869,380.4066537976095,-0.10671979192566382,-0.004741728025727012,1.0659961293999716,-0.8734746564954179,99.45538720538721,0.3787878787878788,0.5754769921436588,0.024130190796857465,0.021604938271604937
Stochastic RSI,i041,SOLUSDT,False,6453,3235,3218,0.33085386641872,-118.22638830639023,645.2618144138233,7.589023317041843,-0.36055600000000054,-771.4377820372555,0.6669874638877076,774.1019847369076,-0.11954715357775539,-0.018321151139995388,0.7237025693308088,-0.5364851244924809,46.393925306059195,0.1803812180381218,0.22067255540058886,0.598791259879126,0.0001549666821633349
Stochastic RSI,i041,SOLUSDT,True,2701,1263,1438,0.4020733061828952,21.902944036648254,270.079911049478,3.1880592754564416,-2.175098000000002,-253.5401242882862,0.8210461216048317,254.59631318968025,-0.09386898344623702,0.008109198088355517,1.07113278539655,-0.8772695537021296,108.90225842280637,0.3872639763050722,0.5720103665309145,0.017030729359496483,0.023694927804516847
Connors RSI,i042,SOLUSDT,False,11713,5745,5968,0.28737300435413643,-20.01548356510332,1171.298474947309,13.838942916793556,0.3665180000000063,-1204.7863834292061,0.6170609712023614,1206.3838160058933,-0.10285890748990063,-0.001708826395039983,0.5767590073389806,-0.3769207142844393,25.494920174165458,0.11141466746350209,0.09041236233245112,0.7980875949799369,8.537522410996328e-05
Connors RSI,i042,SOLUSDT,True,3690,1703,1987,0.4010840108401084,26.612291772806262,368.98431494289684,4.3771657884880355,-2.8778830000000024,-349.62707195857865,0.8188135653388765,359.2316920067649,-0.09474988399961481,0.007212003190462403,1.0675855517491633,-0.8731464654060362,99.00623306233062,0.3853658536585366,0.5693766937669377,0.023577235772357725,0.02168021680216802
Awesome Oscillator,i043,SOLUSDT,False,1569,787,782,0.38559592096876993,16.75866936445486,156.88021822434624,1.8441104405873103,0.07642100000000158,-141.88923830047867,0.8142089969344499,144.7998958997136,-0.09043291160005014,0.010681114955038151,1.0277921591200843,-0.7922235420831221,104.33524537922243,0.35309114085404714,0.4748247291268324,0.16061185468451242,0.011472275334608031
Awesome Oscillator,i043,SOLUSDT,True,639,305,334,0.40219092331768386,-0.8457546492919632,63.890268338025194,0.7566279431786275,-0.4839090000000004,-65.97655993049578,0.8048454727132028,68.87439891187267,-0.1032497025516366,-0.001323559701552368,1.0587426753379328,-0.8850089724930486,116.14397496087636,0.38184663536776214,0.5790297339593115,0.003129890453834116,0.03599374021909233
Accelerator Oscillator,i044,SOLUSDT,False,3682,1853,1829,0.3704508419337317,19.670538990146426,368.14914571363124,4.319855879678309,-0.014968999999999833,-352.81343160316305,0.773082952698742,357.82065773006127,-0.09582113840390089,0.005342351708350468,0.8812308916221714,-0.6707559826470255,70.81667571971755,0.2748506246605106,0.36203150461705597,0.3628462791960891,0.00027159152634437803
Accelerator Oscillator,i044,SOLUSDT,True,1578,749,829,0.4220532319391635,61.848126865211064,157.76189297371175,1.8626274596393928,-1.2272850000000017,-99.00367856814006,0.8771074343760691,102.5694197090904,-0.06273997374406849,0.03919399674601461,1.0609728812438837,-0.8833460717944809,113.36058301647655,0.39987325728770595,0.5576679340937896,0.008238276299112801,0.034220532319391636
Momentum,i045,SOLUSDT,False,4115,2074,2041,0.3161603888213852,29.84313131016414,411.47955285678535,4.847008116484192,0.35833000000000087,-386.1250996631055,0.7420495872005466,389.90482226373854,-0.09383356006393816,0.007252279783757993,0.8537828708466708,-0.5319462027841593,56.441069258809236,0.22964763061968407,0.21433778857837182,0.5560145808019441,0.0
Momentum,i045,SOLUSDT,True,1592,773,819,0.417713567839196,53.600298829705416,159.1899521285796,1.8829297643301868,-1.1941670000000004,-108.66675006320436,0.8670344678643166,116.35892178586434,-0.06825800883367109,0.033668529415644105,1.0655462868484646,-0.8816127624783531,112.45226130653266,0.4001256281407035,0.5621859296482412,0.009422110552763818,0.028266331658291458
Chande Momentum Oscillator,i046,SOLUSDT,False,4272,2132,2140,0.3103932584269663,31.49543789223096,427.21146912934654,5.025849424044704,0.42012200000000055,-400.32175866116023,0.7394430750070383,403.0079956763504,-0.09370827684015923,0.007372527596496012,0.8567769966451043,-0.5215234406695752,54.8436329588015,0.22776217228464418,0.20271535580524344,0.5695224719101124,0.0
Chande Momentum Oscillator,i046,SOLUSDT,True,1659,797,862,0.43399638336347196,107.93405854519466,165.88730560927195,1.9550151067641364,-1.3216770000000033,-61.22993917084143,0.9261399752084123,63.76242830049929,-0.03690773910237578,0.06505970979216073,1.0663469046443739,-0.8828537918155386,110.57866184448463,0.41470765521398434,0.5467148884870404,0.007836045810729355,0.03074141048824593
Price Oscillator,i047,SOLUSDT,False,1502,750,752,0.38348868175765644,36.86199566260881,150.17895747728224,1.7596372700072873,0.21648400000000134,-114.86011508468073,0.8433778927224967,114.86011508468077,-0.07647144812561965,0.024541941186823447,1.0737814906608718,-0.7919635569172168,105.6398135818908,0.37083888149134486,0.43541944074567246,0.18242343541944075,0.011318242343541944
Price Oscillator,i047,SOLUSDT,True,609,292,317,0.42528735632183906,29.257334302671133,60.88904519095281,0.7156692706636443,-0.4149809999999997,-32.76236115894532,0.8937687591413592,40.74483706036018,-0.05379698055656046,0.04804159984018248,1.064261484230306,-0.8811602444988418,116.89819376026273,0.4088669950738916,0.555008210180624,0.0016420361247947454,0.034482758620689655
Detrended Price Oscillator,i048,SOLUSDT,False,2133,1075,1058,0.3136427566807314,42.407579070438864,213.28980490126693,2.4966754241986666,0.14911600000000255,-173.2297852550267,0.8047877816420915,174.58439066649726,-0.08121415154947338,0.019881659198517986,1.067507234147632,-0.606142161816798,75.96952648851384,0.30239099859353025,0.2437880918893577,0.4505391467416784,0.0032817627754336614
Detrended Price Oscillator,i048,SOLUSDT,True,858,416,442,0.4114219114219114,24.947730190105222,85.79542801610334,1.0005435912352219,-0.5905739999999995,-62.43881541723335,0.8584085892242912,73.56114114204652,-0.07277251214129761,0.02907660861317625,1.0723513312102362,-0.8732254165038547,110.74825174825175,0.3974358974358974,0.5594405594405595,0.006993006993006993,0.03613053613053613
TRIX,i049,SOLUSDT,False,813,403,410,0.42558425584255843,41.72799708253749,81.28580380954212,0.96330783042007,0.30136499999999933,-40.21974955742468,0.900497106261024,49.693759745295196,-0.04947078666349898,0.05132594967101783,1.0519857904375565,-0.8655392570638527,121.9138991389914,0.3985239852398524,0.5313653136531366,0.03444034440344403,0.03567035670356704
TRIX,i049,SOLUSDT,True,309,147,162,0.42071197411003236,13.931112943952328,30.893335455390925,0.3686024813650513,-0.14360800000000265,-17.474432992803653,0.8900551553885313,28.19432375017574,-0.056551563083506964,0.04508450790923083,1.0881826335950833,-0.8879227673752205,111.59223300970874,0.41423948220064727,0.5631067961165048,0.0,0.022653721682847898
Fisher Transform,i050,SOLUSDT,False,5445,2687,2758,0.34178145087235995,1.1914022966482363,544.4707616818409,6.399640078502237,-0.18778700000000012,-549.866786463695,0.733610335975527,554.1475753988075,-0.10098563571417722,0.00021880666605109944,0.8136903887320333,-0.5759332030954267,54.1188246097337,0.22736455463728192,0.25362718089990816,0.5188246097337006,0.00018365472910927456
Fisher Transform,i050,SOLUSDT,True,2264,1063,1201,0.40636042402826855,23.702868534673836,226.39433739033672,2.674403530837608,-2.066346000000004,-207.43221838650047,0.8251062767386936,227.28665515740468,-0.09162200458767687,0.01046946490047431,1.0637119838623779,-0.8824756276338451,109.45848056537102,0.3873674911660777,0.571113074204947,0.015017667844522967,0.026501766784452298
Ultimate Oscillator,i051,SOLUSDT,False,4504,2120,2384,0.31372113676731794,-14.12415882742868,450.36321369480277,5.328226425784206,0.2720040000000004,-469.54359494801565,0.7095770265563973,470.10843306809164,-0.1042503541181207,-0.0031359144821111636,0.8118996188530168,-0.5230533019693718,52.077708703374775,0.21203374777975134,0.20404085257548846,0.5837033747779752,0.00022202486678507994
Ultimate Oscillator,i051,SOLUSDT,True,1807,854,953,0.4183729939125623,68.05638981819006,180.6874644433206,2.148598209288192,-1.6523810000000014,-116.43205383441875,0.8737707323336552,119.92563327403364,-0.06443389808213544,0.037662639633752104,1.0660760672955814,-0.8776266039104456,109.7797454344217,0.3990038738240177,0.5567238516878804,0.012174875484228001,0.032097399003873824
Williams %R,i052,SOLUSDT,False,3961,1932,2029,0.29209795506185304,-7.689845625737391,396.10038301029346,4.657422423662012,0.20475200000000154,-408.2428990596929,0.7362713508433175,412.51821623957045,-0.10306561450636025,-0.0019413899585300153,0.9850672307626815,-0.5520562357532509,58.67407220398889,0.2565008836152487,0.1989396617015905,0.5445594546831608,0.0
Williams %R,i052,SOLUSDT,True,1584,750,834,0.4109848484848485,32.423521802426656,158.40075385593028,1.8593746327271372,-1.5695870000000012,-129.40619368623072,0.8425936032140104,140.75318445580396,-0.08169582934736787,0.020469395077289558,1.0640691566774496,-0.8811524273132372,109.42424242424242,0.39330808080808083,0.5662878787878788,0.010732323232323232,0.029671717171717172
SMI Ergodic,i053,SOLUSDT,False,4356,2170,2186,0.3252984389348026,-33.98302344448296,435.620070779671,5.10366336304404,-0.26769899999999713,-474.974456587198,0.7358324107602515,478.2435019943443,-0.10903913144793342,-0.0078014287062633065,0.9336837158035352,-0.6117741687243305,63.27617079889807,0.26400367309458217,0.25918273645546375,0.4768135904499541,0.0
SMI Ergodic,i053,SOLUSDT,True,1785,860,925,0.4084033613445378,21.800573133541846,178.49405357727957,2.093094057715863,-1.6155970000000026,-160.4021715014536,0.8282465286001899,169.06372833574676,-0.08986116050501601,0.012213206237278345,1.0610523604017037,-0.8843838468127798,111.5266106442577,0.3887955182072829,0.5719887955182072,0.009523809523809525,0.02969187675070028
Relative Vigor Index,i054,SOLUSDT,False,5054,2501,2553,0.37158686189157103,-9.048779092321457,505.37808837142757,5.93711223500247,-0.1381420000000046,-520.5021216987515,0.7289923464593212,525.4795603397178,-0.10298815229496468,-0.001790419290130878,0.745535501754585,-0.6047285245572613,55.877324891175306,0.21191135734072022,0.2938266719430154,0.49406410763751485,0.00019786307874950534
Relative Vigor Index,i054,SOLUSDT,True,2159,1015,1144,0.4080592867068087,37.330112192728414,215.87800904269807,2.548630247392062,-1.8535410000000023,-182.9500680973617,0.837211160070815,188.47531485520472,-0.08473833631188592,0.017290464193019182,1.0679896591506306,-0.8793810311495047,110.85548865215378,0.3890690134321445,0.571560907827698,0.009726725335803613,0.029643353404353867
True Strength Index,i055,SOLUSDT,False,2343,1178,1165,0.36790439607341013,11.774255044853843,234.2652747376624,2.7450050779587514,0.1744160000000007,-225.0616087707673,0.799249220797346,231.18895244785656,-0.09605702465675088,0.005025290245349485,1.0394871739462448,-0.7569882192521474,90.25650874946649,0.3427230046948357,0.4174135723431498,0.23346137430644473,0.006402048655569782
True Strength Index,i055,SOLUSDT,True,956,476,480,0.3912133891213389,-19.79497426178596,95.56012068610772,1.1262232861842347,-0.7528540000000008,-117.2341722340779,0.7722773009115425,124.93551554677529,-0.12262988727414006,-0.02070604002278866,1.0630399023222001,-0.8845551472552935,109.19456066945607,0.3723849372384937,0.5899581589958159,0.007322175732217573,0.030334728033472803
Coppock Curve,i056,SOLUSDT,False,1785,881,904,0.38095238095238093,13.700224020989971,178.46656564952787,2.1010655073926627,0.21989300000000125,-166.64751413593055,0.809487617119198,169.97769292431482,-0.09335995189687986,0.0076751955299663695,1.0413025395675346,-0.791613792798058,108.05378151260504,0.3563025210084034,0.4778711484593838,0.16246498599439776,0.0033613445378151263
Coppock Curve,i056,SOLUSDT,True,734,354,380,0.4141689373297003,19.825048888226803,73.38336291066507,0.8714771064717162,-0.5441340000000019,-54.97392512890998,0.8551966506498314,59.74253067660674,-0.07489635576145774,0.02700960338995477,1.0679982645042987,-0.8828962733446903,120.33787465940054,0.39509536784741145,0.5667574931880109,0.004087193460490463,0.0340599455040872
Rate of Change,i057,SOLUSDT,False,4272,2132,2140,0.3103932584269663,31.49543789223096,427.21146912934654,5.025849424044704,0.42012200000000055,-400.32175866116023,0.7394430750070383,403.0079956763504,-0.09370827684015923,0.007372527596496012,0.8567769966451043,-0.5215234406695752,54.8436329588015,0.22776217228464418,0.20271535580524344,0.5695224719101124,0.0
Rate of Change,i057,SOLUSDT,True,1659,797,862,0.43399638336347196,107.93405854519466,165.88730560927195,1.9550151067641364,-1.3216770000000033,-61.22993917084143,0.9261399752084123,63.76242830049929,-0.03690773910237578,0.06505970979216073,1.0663469046443739,-0.8828537918155386,110.57866184448463,0.41470765521398434,0.5467148884870404,0.007836045810729355,0.03074141048824593
Klinger Oscillator,i058,SOLUSDT,False,4484,2243,2241,0.31088314005352363,-46.636907681858354,448.3817481831755,5.265735999483077,-0.20528699999999858,-500.48967886451703,0.7103832564268824,500.61378775288074,-0.11161678832839361,-0.010400737663215512,0.8806460727608199,-0.5592589981531066,56.19647636039251,0.23349687778768957,0.24330954504906332,0.522078501338091,0.0011150758251561106
Klinger Oscillator,i058,SOLUSDT,True,1803,872,931,0.4115363283416528,35.11446455786942,180.2770228575709,2.1191609189587632,-1.634548000000003,-148.91626721866024,0.8414464874721084,149.2301529118649,-0.08259360355998904,0.01947557657119768,1.0650962863648323,-0.8852193324235305,107.59012756516917,0.3932334997226844,0.5696062118691071,0.009428729894620078,0.027731558513588463
Bollinger Bands,i059,SOLUSDT,False,2030,985,1045,0.40246305418719214,12.847041481106093,202.96867953560795,2.38138241106493,-0.12988899999999798,-192.63290946556683,0.8185600559101115,192.8265965103801,-0.09489305885003292,0.006328591862613839,1.0637169321028175,-0.8752593924101967,102.08571428571429,0.383743842364532,0.5610837438423645,0.030541871921182268,0.024630541871921183
Bollinger Bands,i059,SOLUSDT,True,997,482,515,0.4062186559679037,5.462506321697013,99.67350140521678,1.1706743443098706,-0.5328150000000001,-95.91448442782962,0.817658922655485,99.78794705507576,-0.09620309370895648,0.0054789431511504645,1.0619812212954465,-0.8885420254264957,95.6629889669007,0.38716148445336007,0.5817452357071213,0.0,0.031093279839518557
BB %B,i060,SOLUSDT,False,3385,1685,1700,0.2818316100443131,27.156478907588234,338.49314520868177,3.972507347211545,0.35323300000000235,-314.9559406483051,0.7581516315606942,316.5694359045951,-0.09304459103347269,0.008022593473438179,1.0349380199644118,-0.535700045945847,59.361004431314626,0.26233382570162483,0.17872968980797638,0.5586410635155096,0.0002954209748892171
BB %B,i060,SOLUSDT,True,1341,643,698,0.4220730797912006,54.63757572912284,134.1119528677163,1.573774474708533,-1.2405370000000002,-82.28868861330196,0.879875656193657,97.3503851468996,-0.061363675326847104,0.04074390434684775,1.0649126448152864,-0.8839087039725859,111.12602535421327,0.4041759880686055,0.5577926920208799,0.00820283370618941,0.02982848620432513
Standard Error Bands,i061,SOLUSDT,False,2648,1274,1374,0.38821752265861026,6.2953632254351355,264.7825126689238,3.124313634930164,-0.006475000000000643,-261.6179380784188,0.8034061339892393,264.6315490357101,-0.09879831498429714,0.00237740303075345,1.0400149540173729,-0.8214526609927641,93.45921450151057,0.3621601208459215,0.4966012084592145,0.13293051359516617,0.008308157099697885
Standard Error Bands,i061,SOLUSDT,True,1160,547,613,0.4077586206896552,18.019660478182498,115.97182507096781,1.3683263844599347,-0.8354949999999993,-100.15598597724524,0.8346837288002943,117.71072211119858,-0.08634136722176314,0.015534190067398706,1.0691093223439785,-0.8818700079271427,102.02413793103449,0.3931034482758621,0.5732758620689655,0.0008620689655172414,0.032758620689655175
Envelopes,i062,SOLUSDT,False,4,3,1,0.25,-1.19999999999999,0.39819999999999994,0.005201164562156041,0.0,-1.603401164562146,0.40678948660180525,2.7029210176621685,-0.4008502911405365,-0.2999999999999975,1.0995198531000225,-0.9009736725540562,1.25,0.25,0.75,0.0,0.0
Envelopes,i062,SOLUSDT,True,2,1,1,0.5,0.40000000000001146,0.199,0.0022705522329942887,0.0,0.19872944776701712,1.2206167456829766,0.9007904053330055,0.09936472388350856,0.20000000000000573,1.0995198531000225,-0.9007904053330055,1.0,0.5,0.5,0.0,0.0
Net Volume,i074,SOLUSDT,False,3617,1849,1768,0.3082665192148189,-111.49508227733757,361.7018820220726,4.264332791470396,-0.04212900000000108,-477.50342609088057,0.6563542229818107,478.8315461164605,-0.13201642966294733,-0.03082529230780691,0.8179540311874894,-0.5553645766846248,58.66878628697816,0.20846004976499863,0.25850152059717996,0.5327619574232789,0.0002764722145424385
Net Volume,i074,SOLUSDT,True,1466,700,766,0.42155525238744884,59.2398978016835,146.58910845344707,1.7306083170420423,-1.491956000000002,-90.57177496880561,0.8786252448936592,97.70463073263113,-0.061781565463032484,0.040409207231707704,1.060912861668182,-0.8799716078770545,109.34174624829468,0.4004092769440655,0.5566166439290586,0.015006821282401092,0.02796725784447476
OBV,i075,SOLUSDT,False,3864,2002,1862,0.2515527950310559,-104.53343209391879,386.39849800302215,4.529547057194744,0.0010240000000014647,-495.4604531541356,0.6468308149448864,495.46045315413653,-0.12822475495707444,-0.02705316565577608,0.9335780428854606,-0.48509623472987673,48.06832298136646,0.20574534161490685,0.17831262939958592,0.6159420289855072,0.0
OBV,i075,SOLUSDT,True,1489,731,758,0.3948959032907992,-8.973334415020984,148.88419496145056,1.7433534688450498,-1.3941360000000034,-160.99501884531657,0.7960293654258359,160.99501884531645,-0.10812291393238185,-0.00602641666556144,1.068554198971404,-0.87603206197614,109.03895231699127,0.37877770315648085,0.5762256548018805,0.014775016789791807,0.03022162525184688
Accumulation/Distribution,i076,SOLUSDT,False,3880,1871,2009,0.2847938144329897,-36.985494681982146,387.98635589910396,4.599484266749761,0.24762699999999932,-429.32370784783586,0.6929659264177048,430.7207225299849,-0.11065044016696801,-0.009532343990201584,0.8768956171223873,-0.5038895008173239,50.36082474226804,0.21623711340206186,0.1791237113402062,0.6033505154639175,0.001288659793814433
Accumulation/Distribution,i076,SOLUSDT,True,1590,766,824,0.4125786163522013,45.70794978059594,158.98869743550074,1.8890346743052073,-1.356935,-116.52671732920999,0.8576574573647233,123.22752114081533,-0.07328724360327672,0.028747138226789894,1.0702884078231123,-0.8764838467464364,107.04150943396226,0.3968553459119497,0.5622641509433962,0.013207547169811321,0.027672955974842768
MFI,i077,SOLUSDT,False,2948,1514,1434,0.35345997286295794,-19.69634433488293,294.7736803083198,3.4708252447044527,0.11492900000000103,-317.8259208879072,0.7349667864175823,319.45757919049476,-0.10781069229576228,-0.006681256558644142,0.8458415324803159,-0.6291672600904493,69.96506105834465,0.2527137042062415,0.31614654002713705,0.4294436906377205,0.0016960651289009499
MFI,i077,SOLUSDT,True,1211,597,614,0.42113955408753095,52.574415518724585,121.06875899555752,1.4304444082633574,-1.0117380000000038,-70.93652588509627,0.8847430294540889,88.64619568510292,-0.05857681741130988,0.04341405079993772,1.0677010957624884,-0.8779801493922472,111.63914120561519,0.402972749793559,0.5582163501238646,0.009083402146985962,0.02972749793559042
Chaikin Money Flow,i078,SOLUSDT,False,3186,1526,1660,0.3364720652856246,23.925358667354544,318.5961298264298,3.7878289083889247,0.24647400000000122,-298.2121260674641,0.7415503921300471,298.9746909891794,-0.09360079286486633,0.007509528771925469,0.7981698246458245,-0.5458137077047247,57.689579409918395,0.22065285624607658,0.24450721908349027,0.5326428123038293,0.002197112366603892
Chaikin Money Flow,i078,SOLUSDT,True,1342,638,704,0.39120715350223545,-7.043659736946772,134.20918655072816,1.599952448530447,-1.2411249999999998,-144.09392373620537,0.7968973261965221,149.56736333385786,-0.10737252141296973,-0.005248628716055717,1.0768943364473613,-0.8683763162436597,103.39269746646796,0.38002980625931443,0.5760059612518629,0.021609538002980627,0.022354694485842028
Chaikin Oscillator,i079,SOLUSDT,False,3456,1740,1716,0.3287037037037037,-33.50770967649511,345.5503207887313,4.0928562257671235,-0.01986899999999901,-383.1707556909935,0.7290218336349238,384.67223076345516,-0.11087116773466246,-0.009695517846208077,0.9074448907059367,-0.6094948929021283,64.77633101851852,0.2583912037037037,0.2699652777777778,0.4693287037037037,0.0023148148148148147
Chaikin Oscillator,i079,SOLUSDT,True,1505,717,788,0.4119601328903654,36.05204034699988,150.49100459573236,1.7940648078149533,-1.3783080000000014,-117.61133705654743,0.8490794765406025,123.93180201424852,-0.07814706781165942,0.023954844084385304,1.0672288046179825,-0.8805572835250809,112.04651162790698,0.3946843853820598,0.5661129568106312,0.008637873754152824,0.030564784053156147
Ease of Movement,i080,SOLUSDT,False,3164,1559,1605,0.33786346396965866,-2.3476798800055043,316.36133516777915,3.7183862054042214,0.27415199999999973,-322.15324925318885,0.7410955720530348,325.2064437524325,-0.10181834679304325,-0.0007419974336300583,0.8626200556838987,-0.5939351259089626,66.3555625790139,0.24873577749683945,0.2835018963337547,0.46744627054361565,0.0003160556257901391
Ease of Movement,i080,SOLUSDT,True,1263,598,665,0.42042755344418054,45.40117824168125,126.26819149554387,1.494943992332447,-0.8742090000000005,-83.23616624619505,0.8712520106357609,102.1358032434418,-0.06590353622026528,0.03594709282793448,1.0607691620828716,-0.8832029935959014,113.83927157561362,0.3990498812351544,0.5605700712589073,0.011084718923198733,0.02929532858273951
Elder Force Index,i081,SOLUSDT,False,3216,1626,1590,0.2935323383084577,47.78932240125893,321.58488637126607,3.772285505803445,0.1367640000000012,-277.4310854758106,0.7716316768185496,278.4251667704817,-0.08626588478725454,0.014859863930739717,0.9930184362611033,-0.534700919589037,59.47356965174129,0.26088308457711445,0.19900497512437812,0.539179104477612,0.0009328358208955224
Elder Force Index,i081,SOLUSDT,True,1296,626,670,0.4182098765432099,44.622644230002194,129.59594884600602,1.521809676019108,-1.1160810000000025,-87.61119529202296,0.8683635814717409,102.1201131178191,-0.0676012309352029,0.03443105264660663,1.0663158441729605,-0.8826981204691879,108.94521604938272,0.40046296296296297,0.5601851851851852,0.006944444444444444,0.032407407407407406
Price & Volume Trend,i082,SOLUSDT,False,2489,1318,1171,0.29770992366412213,10.588258612620116,248.87904374099233,2.9260403792073295,-0.01591799999999899,-241.23274350757953,0.7600982848582453,241.2327435075792,-0.09691954339396526,0.004254021138055491,1.031464885460971,-0.5752564208433403,63.046605062274004,0.27721976697468864,0.23503415026114904,0.48613901165126555,0.0016070711128967456
Price & Volume Trend,i082,SOLUSDT,True,1002,490,512,0.4121756487025948,21.06492514306304,100.2079521696532,1.1761989823366241,-0.9006910000000016,-81.21991700892679,0.8442390552157008,97.26264991302034,-0.08105780140611457,0.02102287938429445,1.0659071024976063,-0.8852963503233247,106.86427145708583,0.39421157684630737,0.5688622754491018,0.006986027944111776,0.029940119760479042
VWAP,i086,SOLUSDT,False,2777,1458,1319,0.2718761253150882,23.186473795670924,277.67398587288426,3.2515741731327528,0.2478510000000031,-257.49123525034616,0.7492384029191057,260.70898638975814,-0.09272280707610592,0.008349468417598462,1.0190007445315306,-0.5078322440018059,55.12675549153763,0.24774936982355059,0.1674468851278358,0.583003240907454,0.0018005041411595247
VWAP,i086,SOLUSDT,True,1145,553,592,0.4104803493449782,23.901874354532016,114.48429905188337,1.339841945354004,-0.7262349999999999,-92.64850164270533,0.8433520923411651,95.21923709310374,-0.0809157219586946,0.020874999436272502,1.0612675141559886,-0.8762136789570666,105.43930131004367,0.388646288209607,0.5633187772925764,0.011353711790393014,0.03668122270742358
VWMA,i087,SOLUSDT,False,3569,1785,1784,0.2852339590921827,20.75901766733831,356.8900197049486,4.181121006581193,0.2904200000000033,-340.0217030441915,0.7553474071437172,342.86892805430205,-0.09527086103787938,0.00581648015335901,1.031230573187077,-0.5448116136999749,59.88456150182124,0.2647800504342953,0.1894087979826282,0.5455309610535164,0.0002801905295601009
VWMA,i087,SOLUSDT,True,1440,690,750,0.41597222222222224,45.18858516198466,144.00768572621286,1.6876782920080422,-1.3942790000000003,-101.90105785623625,0.8629171536181571,108.31597036903966,-0.07076462351127517,0.0313809619180449,1.07087272894373,-0.8838927734762551,108.19652777777777,0.4013888888888889,0.5645833333333333,0.007638888888888889,0.02638888888888889
Pivot Points Standard,i088,SOLUSDT,False,1181,585,596,0.3056731583403895,36.37970667201446,118.09447465320378,1.4016826271211391,-0.18779200000000087,-83.30424260831045,0.8235312526141494,86.5989507721405,-0.0705370386183831,0.0308041546757108,1.076892123215047,-0.5756857305962713,65.27603725656223,0.29635901778154106,0.21253175275190517,0.4809483488569009,0.010160880609652836
Pivot Points Standard,i088,SOLUSDT,True,487,227,260,0.4106776180698152,13.738186034795707,48.69991706797708,0.5866630825822372,-0.41199000000000086,-35.960384115763624,0.8568031989001215,42.35903896038194,-0.0738406244676871,0.028209827586849503,1.0758261325465281,-0.8750021276134816,113.19507186858316,0.39630390143737165,0.5585215605749486,0.018480492813141684,0.026694045174537988
Balance of Power,i089,SOLUSDT,False,3708,1811,1897,0.28802588996763756,-101.60332649395278,370.75809067469834,4.3601873747655135,0.27664200000000505,-476.4449625434166,0.6602682318619613,481.42344397754283,-0.1284910902220649,-0.027401112862446814,0.8670132399562845,-0.5312178419760335,56.07955771305286,0.21440129449838188,0.22330097087378642,0.5617583603020496,0.0005393743257820927
Balance of Power,i089,SOLUSDT,True,1464,707,757,0.4077868852459016,19.069526084749487,146.36846528750092,1.720619182540633,-1.4924519999999994,-130.5120103852921,0.8291466226808503,134.78465793328814,-0.08914754807738531,0.013025632571550197,1.0609231263515544,-0.8810647252793193,113.73360655737704,0.3879781420765027,0.5717213114754098,0.00819672131147541,0.03210382513661202
Accumulative Swing Index,i090,SOLUSDT,False,2752,1653,1099,0.30414244186046513,-1.0437816213499707,275.1754313401345,3.215241053570428,0.07411900000000426,-279.3603350150549,0.7509142324994679,279.36033501505494,-0.10151174964209844,-0.0003792811124091463,1.0061916467709227,-0.5856620069777113,65.77071220930233,0.27398255813953487,0.23619186046511628,0.4887354651162791,0.0010901162790697674
Accumulative Swing Index,i090,SOLUSDT,True,1135,601,534,0.39295154185022024,-22.514699968064456,113.4769894785191,1.3277985975347522,-0.960189000000002,-138.27967704411827,0.7732225408972182,146.70029546234386,-0.12183231457631566,-0.01983674005996868,1.0571293213183075,-0.8849918060262458,115.52599118942732,0.37180616740088107,0.5876651982378854,0.003524229074889868,0.03700440528634361
Up/Down,i091,SOLUSDT,False,3034,1761,1273,0.35069215557020433,-51.6823435885301,303.3863608953279,3.603770500573496,0.06354000000000382,-358.6089349844315,0.6927969100782417,358.6903903196303,-0.11819674851167815,-0.01703439142667439,0.7600809371550132,-0.5925558640189673,62.31179960448253,0.2122610415293342,0.2864205669083718,0.5,0.0013183915622940012
Up/Down,i091,SOLUSDT,True,1324,658,666,0.38821752265861026,-39.89736338828378,132.40079687411225,1.5801658464427517,-0.9321910000000031,-174.81051710883878,0.7567940285188773,181.76427519084322,-0.13203211261996886,-0.03013396026305421,1.0582978189082832,-0.8873772790465387,110.46601208459215,0.3678247734138973,0.5974320241691843,0.008308157099697885,0.026435045317220542
Average Price,i099,SOLUSDT,False,2754,1384,1370,0.32643427741466957,27.39148678774329,275.3625432445893,3.2344713799422484,0.27594200000000124,-250.92958583678828,0.7859322461750903,251.8360944413578,-0.09111459180711266,0.009946073633893715,1.0247691289137477,-0.6319121470243922,73.94117647058823,0.2999273783587509,0.28540305010893247,0.4139433551198257,0.0007262164124909223
Average Price,i099,SOLUSDT,True,1129,534,595,0.4269264836138175,54.2743929280231,112.90417547821224,1.3298465001665944,-0.9714830000000014,-60.93111205035573,0.8937108204003383,74.76291781573951,-0.05396909836169684,0.04807297867849698,1.0629186503279742,-0.8860245772927963,116.46944198405669,0.40744021257750224,0.5571302037201062,0.00354295837023915,0.03188662533215235
Typical Price,i100,SOLUSDT,False,2874,1453,1421,0.32289491997216424,58.70891646539494,287.35696339200206,3.3759197725607084,0.23901600000000267,-231.78495069916787,0.8051794790790215,233.27046770359962,-0.08064890420987052,0.02042759793507131,1.032274635282328,-0.6113750319841563,71.21363952679192,0.29993041057759223,0.25713291579679887,0.44258872651356995,0.0003479471120389701
Typical Price,i100,SOLUSDT,True,1169,546,623,0.43028229255774164,65.3020836461582,116.89721496014411,1.379186262222597,-1.082871000000002,-54.05718857620854,0.9081463139201413,64.97165895886855,-0.04624224856818523,0.055861491570708466,1.0625385735785857,-0.8836547914207765,115.87168520102652,0.41060735671514115,0.5508982035928144,0.0051325919589392645,0.033361847733105215
Median Price,i101,SOLUSDT,False,2933,1483,1450,0.32867371292192293,51.98786126741305,293.253670964683,3.45693997504089,0.3356430000000027,-244.38710667231084,0.7971920671337464,245.36618624867947,-0.08332325491725566,0.01772514874442995,0.9965045493616684,-0.6119946634113556,70.22877599727242,0.2918513467439482,0.2785543811796795,0.42925332424139107,0.00034094783498124785
Median Price,i101,SOLUSDT,True,1182,559,623,0.42470389170896783,53.7080605832289,118.19303931036538,1.3960341826302052,-0.974312000000001,-66.85532490976668,0.8887525623506674,79.16024361077487,-0.05656118858694305,0.04543829152557437,1.0639546960079544,-0.8837655622143525,113.7673434856176,0.4069373942470389,0.55668358714044,0.005076142131979695,0.031302876480541454
SMA,i001,XRPUSDT,False,5178,2556,2622,0.27732715334105834,24.115230235958375,517.7821692300364,56.08059222504751,0.4625420000000163,-549.2849892191256,0.6956430727241736,550.9114784328528,-0.10608053094227994,0.004657248017759439,0.8742719902671873,-0.48229277585323516,50.03302433371958,0.20876786404016995,0.1560448049439938,0.6349942062572422,0.00019312475859405175
SMA,i001,XRPUSDT,True,1925,957,968,0.4155844155844156,63.46602618720032,192.46172095099465,20.735086411061154,-1.4718010000000206,-151.20258217485548,0.8458130255342775,154.75048939437997,-0.07854679593498985,0.03296936425309108,1.0368021840128003,-0.8716838483423072,117.58753246753247,0.38805194805194804,0.5470129870129871,0.012467532467532468,0.05246753246753247
EMA,i002,XRPUSDT,False,5423,2698,2725,0.2579752904296515,10.593605707501574,542.2997726273242,59.09764680018095,0.3644260000000121,-590.4393877200037,0.670524858664334,590.4393877200032,-0.10887689244329773,0.0019534585483130325,0.85891430730771,-0.4453430675058375,45.17352019177577,0.1919601696477964,0.1359026369168357,0.6721371934353679,0.0
EMA,i002,XRPUSDT,True,1932,958,974,0.4161490683229814,72.32973001410485,193.17075693404595,20.978551108079973,-1.60706600000002,-143.4266440280211,0.853950431080559,143.72231963160198,-0.07423739338924487,0.037437748454505614,1.0430525054158428,-0.8706035978567012,117.6796066252588,0.39078674948240166,0.5455486542443064,0.016563146997929608,0.04710144927536232
DEMA,i003,XRPUSDT,False,7361,3669,3692,0.2888194538785491,-34.81972310657703,736.0504684137419,79.9105448148601,-0.13163899999998904,-850.9123753351789,0.6531476801847457,851.6467958133559,-0.11559738830799876,-0.004730297935956667,0.7536823846875439,-0.4686229465484045,40.1744328216275,0.17728569487841325,0.16044015758728433,0.6621382964271159,0.00013585110718652356
DEMA,i003,XRPUSDT,True,2619,1324,1295,0.40931653302787324,32.453582936855256,261.85432431154874,28.29877846272072,-1.743760000000022,-259.4432798374142,0.80905181748469,260.72595664316447,-0.0990619625190585,0.01239159333213259,1.0254357385685224,-0.8782872602345637,110.54868270332187,0.3753340969835815,0.5555555555555556,0.021000381825124093,0.048109965635738834
TEMA,i004,XRPUSDT,False,8300,4186,4114,0.3087951807228916,45.51237253501416,829.9886769578014,89.89472320359933,-0.11165799999999725,-874.4826856263865,0.6686994977323721,874.4826856263858,-0.10535935971402247,0.005483418377712549,0.688670550271057,-0.46009156457575484,36.058915662650605,0.16397590361445782,0.15771084337349398,0.6781927710843374,0.00012048192771084337
TEMA,i004,XRPUSDT,True,2935,1504,1431,0.4187393526405451,110.08897584027801,293.4628458501918,31.749272710728917,-2.018294000000024,-217.14143672064273,0.8538102317163888,219.37958773154324,-0.07398345373786806,0.0375090207292259,1.0318942710563308,-0.8706562109313442,109.63577512776831,0.38739352640545144,0.5400340715502555,0.024190800681431004,0.04838160136286201
Hull MA,i005,XRPUSDT,False,8832,4527,4305,0.32518115942028986,29.519666529807587,883.2123592573207,95.59498869124998,-0.056407999999999195,-949.3440894187632,0.6606620837656684,949.3533751836356,-0.10748914055918968,0.0033423535473061125,0.6435558010671164,-0.4694020721616647,34.133378623188406,0.15138134057971014,0.16610054347826086,0.6824048913043478,0.00011322463768115942
Hull MA,i005,XRPUSDT,True,3148,1625,1523,0.4107369758576874,73.95416516080903,314.75764302012925,34.00898540367721,-2.1357620000000233,-276.9482252629975,0.8284257343385009,276.9575110278715,-0.08797592924491661,0.023492428577131203,1.034192762598287,-0.8701668287345455,107.85705209656925,0.3799237611181703,0.5470139771283354,0.021918678526048285,0.051143583227446
Hamming MA,i006,XRPUSDT,False,4990,2498,2492,0.29539078156312626,60.73773227664346,498.99975826143293,54.0652476783245,0.23499100000001416,-492.09228266311385,0.7243953194502674,492.6032618393415,-0.09861568790843966,0.012171890235800294,0.8774817997626002,-0.5078215174952179,52.57935871743487,0.22344689378757515,0.17354709418837674,0.6028056112224449,0.0002004008016032064
Hamming MA,i006,XRPUSDT,True,1909,943,966,0.42692509167103193,97.26616221992661,190.8654216239346,20.819132908607514,-1.5345290000000198,-115.95292131261552,0.8788680821792731,128.25283905759994,-0.06074013688455502,0.050951368370836365,1.0322602054552588,-0.8749954193406321,117.93504452592981,0.3965426925091671,0.536406495547407,0.015191199580932426,0.05185961236249345
Arnaud Legoux MA,i007,XRPUSDT,False,8136,4118,4018,0.28171091445427726,-13.27969792458672,813.6027164190934,88.67558882250768,0.04122500000000488,-915.516778166188,0.6395422502138131,915.516778166187,-0.11252664431737809,-0.001632214592500826,0.7087067479474692,-0.43461201992843723,35.48340707964602,0.16015240904621436,0.13176007866273354,0.7079646017699115,0.00012291052114060964
Arnaud Legoux MA,i007,XRPUSDT,True,2805,1445,1360,0.4103386809269162,74.13038016914555,280.46367034604566,30.577410451500235,-1.9001320000000193,-238.81083262840033,0.8339086032458392,239.11987897966677,-0.08513755173918015,0.026427943019303225,1.041717634824371,-0.8693034040575887,108.77860962566845,0.3836007130124777,0.5490196078431373,0.021746880570409983,0.04563279857397504
Least Squares MA,i008,XRPUSDT,False,4780,2371,2409,0.29372384937238494,-12.848017655651455,477.9833198601903,51.288147860594194,-0.0016599999999994657,-542.1211453764361,0.6969978843756921,542.7857524176287,-0.11341446555992386,-0.0026878698024375433,0.8882087320617698,-0.5299662930068605,56.77280334728034,0.22364016736401673,0.20418410041841004,0.5719665271966528,0.00020920502092050208
Least Squares MA,i008,XRPUSDT,True,1847,940,907,0.4066053059014618,19.314143026624453,184.66024174855863,20.038979719904624,-1.3092350000000184,-186.6943134418388,0.8057838559323406,187.37701632321134,-0.10107975822514281,0.01045703466520003,1.031393493537365,-0.8770719225259124,116.79317812669193,0.376285868976719,0.558202490525176,0.01028695181375203,0.055224688684353006
Smoothed MA,i009,XRPUSDT,False,4529,2225,2304,0.2530359902848311,7.301412474853041,452.8995469030349,49.171972142364275,0.35680800000000984,-494.4132985705461,0.6791266445924353,495.64011124520226,-0.1091661069928342,0.001612146715578062,0.9131090351069315,-0.45546445545465253,49.93552660631486,0.20401854714064915,0.14020755133583573,0.6557739015235151,0.0
Smoothed MA,i009,XRPUSDT,True,1631,823,808,0.42182709993868794,71.14609922702905,163.07037480849104,17.652382722337947,-1.4630870000000187,-111.03974530379995,0.8649879769436267,112.7752990302287,-0.06808077578405881,0.04362115219315087,1.034016918654191,-0.872156294101679,123.82587369711833,0.3911710606989577,0.5407725321888412,0.011036174126302882,0.05702023298589822
Adaptive MA,i010,XRPUSDT,False,4043,1995,2048,0.26638634677219886,43.33538463283353,404.31102928152285,43.95842749955078,0.2967860000000094,-404.63728614824,0.7173689699326282,405.72356108303165,-0.10008342472130596,0.01071862098264495,0.9536147102862984,-0.4826973463002642,55.573336631214445,0.22631709126885977,0.15953499876329458,0.6134058867177838,0.0007420232500618352
Adaptive MA,i010,XRPUSDT,True,1549,785,764,0.4228534538411879,82.267576309015,154.8669601049157,17.051482642729926,-1.3147110000000173,-90.96557743863063,0.8819502402822919,93.19272146437778,-0.05872535664211145,0.05311012027696256,1.037563668859077,-0.8619348775630045,121.1239509360878,0.395093608779858,0.5326016785022595,0.01872175597159458,0.05358295674628793
Multi-Timeframe MA,i011,XRPUSDT,False,1657,835,822,0.26614363307181654,-2.114823873817928,165.6949422039188,17.40758499307694,0.10739499999999631,-185.1099560708137,0.7129590035724708,192.20613899269904,-0.11171391434569324,-0.0012762968459975428,1.042585827899759,-0.5303374228409601,70.63126131563065,0.2492456246228123,0.18648159324079663,0.544357272178636,0.019915509957754977
Multi-Timeframe MA,i011,XRPUSDT,True,619,315,304,0.37479806138933763,-25.295342718667424,61.876027854730474,6.733727068582443,-0.32576800000000566,-94.23086564198036,0.7171654565790556,100.0267309803935,-0.1522308007140232,-0.04086485091868727,1.0298930056510356,-0.8608941678372624,134.58481421647818,0.34248788368336025,0.567043618739903,0.01938610662358643,0.07108239095315025
WMA,i012,XRPUSDT,False,6224,3145,3079,0.2704048843187661,-1.5090076765990723,622.401663043149,67.81263965230615,0.2494250000000103,-691.4738853720543,0.6659249574130205,691.4738853720527,-0.11109798929499588,-0.00024244981950499235,0.8189793021919661,-0.4558062213083315,43.045951156812336,0.18782133676092544,0.13962082262210798,0.6723971722365039,0.00016066838046272492
WMA,i012,XRPUSDT,True,2242,1128,1114,0.41570026761819806,74.95020293689404,224.16338976005363,24.473188696784433,-1.6799480000000226,-175.36632351994407,0.8466708470197508,175.49276699297315,-0.07821869916143803,0.033430063754190026,1.0390110217824742,-0.8730722105505418,113.2386262265834,0.38893844781445136,0.5459411239964318,0.018287243532560213,0.04683318465655665
McGinley Dynamic,i013,XRPUSDT,False,3215,1533,1682,0.2547433903576983,11.231540835860432,321.52791538680503,35.06319037458827,0.5780530000000107,-344.78151192553287,0.6998033304236828,349.8287530899485,-0.10724152781509576,0.003493480819863276,0.9813641825255459,-0.4793484045968092,57.762052877138416,0.22581648522550543,0.16236391912908243,0.6102643856920684,0.0015552099533437014
McGinley Dynamic,i013,XRPUSDT,True,1218,607,611,0.41625615763546797,35.90583702235774,121.79664395140782,13.455908510226939,-0.8544090000000157,-100.201124439277,0.8381571154280046,106.01925181656719,-0.08226693303717324,0.029479340740851998,1.02352030235551,-0.8707818814817447,125.19458128078817,0.38013136288998356,0.5426929392446633,0.013136288998357963,0.06403940886699508
Guppy MMA,i014,XRPUSDT,False,1391,704,687,0.42343637670740475,73.50824965884411,139.0867388914811,14.771732980914495,-0.4535470000000097,-80.80376921355152,0.8823921892167206,89.4534208747231,-0.058090416400827835,0.052845614420448675,1.0292996238801582,-0.8566848474800058,131.39755571531273,0.38892882818116464,0.5039539899352984,0.04744787922358016,0.05966930265995687
Guppy MMA,i014,XRPUSDT,True,706,365,341,0.44192634560906513,55.21143736581296,70.57208644430757,7.799372726323214,-0.5093270000000101,-23.669348804817826,0.9315180775217891,43.75358791488594,-0.03352598980852384,0.07820316907338946,1.031922446669338,-0.8772313506742421,135.88951841359773,0.4093484419263456,0.5226628895184136,0.00424929178470255,0.06373937677053824
MA Cross,i015,XRPUSDT,False,1840,917,923,0.3684782608695652,2.488525080697168,183.96045825924077,19.489039764458138,0.3392970000000052,-200.62167594300172,0.7693043703967332,207.34321012610675,-0.10903351953424006,0.0013524592829875913,0.9867496766020312,-0.7483975530801882,108.64782608695653,0.32554347826086955,0.4342391304347826,0.2326086956521739,0.007608695652173913
MA Cross,i015,XRPUSDT,True,768,388,380,0.4205729166666667,31.935443738980705,76.78139334251,8.537449604132718,-0.5306880000000094,-53.91408720766202,0.8591984058073343,60.28434618588163,-0.07020063438497659,0.04158260903513113,1.0185576735187252,-0.8604679005712589,138.07421875,0.3815104166666667,0.5325520833333334,0.009114583333333334,0.07682291666666667
EMA Cross,i016,XRPUSDT,False,1556,777,779,0.36246786632390743,14.50294916432745,155.58280934127876,16.293753078640243,0.14970400000000536,-157.22390925559156,0.7875625540951364,158.46429693816714,-0.1010436434804573,0.009320661416662886,1.0334595287195554,-0.7460635921909484,111.29370179948586,0.33676092544987146,0.38946015424164526,0.2493573264781491,0.02442159383033419
EMA Cross,i016,XRPUSDT,True,611,300,311,0.4337152209492635,35.278806748569714,61.09292335400256,6.821126257140858,-0.4213130000000056,-33.0565558625737,0.8902888653520598,36.11527802459795,-0.054102382753803115,0.05773945458031049,1.0122597394281043,-0.870824817372894,142.12111292962356,0.3911620294599018,0.5237315875613748,0.008183306055646482,0.07692307692307693
MA-EMA Cross,i017,XRPUSDT,False,3934,1965,1969,0.3612099644128114,33.74138426072151,393.39002146647834,41.88382048440392,0.09052700000000798,-401.44193069016063,0.7491714378085287,408.625524635931,-0.10204421217340129,0.008576864326568762,0.8437870923707338,-0.6368736127930653,68.80884595831215,0.25444839857651247,0.32435180477885106,0.4211997966446365,0.0
MA-EMA Cross,i017,XRPUSDT,True,1678,837,841,0.4088200238379023,36.62706163100844,167.7788503712271,18.11201059920945,-1.3353880000000178,-150.5991873394281,0.8247990488299985,160.1930280517689,-0.08974921772313953,0.02182780788498715,1.033499341952401,-0.8665118305632815,123.62455303933254,0.37961859356376637,0.5482717520858165,0.013110846245530394,0.05899880810488677
SuperTrend,i018,XRPUSDT,False,913,457,456,0.4019715224534502,4.440063307311126,91.27831660439263,9.73787550534433,0.1555380000000026,-96.4205908024258,0.7941762202479311,104.79879169091366,-0.10560853318995159,0.004863158058391157,1.0137364297549498,-0.8579887555357004,132.1369112814896,0.3603504928806134,0.5180722891566265,0.05147864184008762,0.0700985761226725
SuperTrend,i018,XRPUSDT,True,328,154,174,0.4024390243902439,3.6135759903659137,32.794093868291085,3.7780907689803223,-0.11783200000000274,-33.076440646905496,0.8028716711039142,42.24258782452626,-0.10084280685032164,0.011016999970627786,1.0205679646513215,-0.8560786325555101,140.64939024390245,0.36585365853658536,0.5335365853658537,0.0,0.10060975609756098
Ichimoku Cloud,i019,XRPUSDT,False,1527,770,757,0.3883431565160445,51.26993024693432,152.68847819173573,16.15321295532925,-0.25113900000000344,-117.82289990013066,0.8380715370541334,121.78427116623179,-0.07715972488548177,0.03357559282706898,1.0283309613567122,-0.7790397858508147,109.85330713817943,0.3562540929927963,0.4151931892599869,0.1853307138179437,0.043222003929273084
Ichimoku Cloud,i019,XRPUSDT,True,693,365,328,0.4025974025974026,0.21092372676890792,69.25960571192182,7.394388133275745,-0.40435800000000804,-76.84742811842867,0.7882475160959165,82.0529200073184,-0.11089094966584224,0.00030436324209077623,1.0253195342922377,-0.8765980149419397,128.78210678210678,0.3694083694083694,0.556998556998557,0.008658008658008658,0.06493506493506493
Parabolic SAR,i020,XRPUSDT,False,2761,1395,1366,0.3716044911264035,39.872522752016124,276.0558728679753,28.94319493680194,0.009745999999995657,-265.1167990527611,0.7860458664799187,266.08461720136404,-0.09602202066380337,0.014441333847162667,0.9493297560017528,-0.7141954632337519,93.0753350235422,0.31039478449837016,0.3846432452010141,0.30423759507424847,0.0007243752263672582
Parabolic SAR,i020,XRPUSDT,True,1149,570,579,0.42732811140121846,64.95526228388474,114.85777874454382,12.391074165656047,-1.0968660000000137,-63.390456626315164,0.8891313973376989,66.20790749738957,-0.05517011020567029,0.056531995025139024,1.035379973734603,-0.8689392457902814,131.78938207136642,0.39599651871192343,0.5300261096605744,0.008703220191470844,0.06527415143603134
Directional Movement,i021,XRPUSDT,False,2278,1186,1092,0.30816505706760317,11.267056917087636,227.7976047555752,24.34976854619749,0.2011510000000083,-240.67916538468506,0.7346984836581845,247.0986029554294,-0.10565371614779853,0.004946030253330833,0.9494471516757366,-0.5756288488966066,73.36698858647937,0.262071992976295,0.2515364354697103,0.4833187006145742,0.0030728709394205445
Directional Movement,i021,XRPUSDT,True,901,457,444,0.4095449500554939,20.91578204712804,90.07214833340694,9.954624662837826,-0.6633790000000046,-79.77436994911675,0.827659900345081,86.33858894672315,-0.08853981126428051,0.02321396453621314,1.0382515576743379,-0.8700924712987733,130.04550499445062,0.3806881243063263,0.5516093229744728,0.008879023307436182,0.058823529411764705
Vortex,i022,XRPUSDT,False,2967,1499,1468,0.3333333333333333,21.79449178593177,296.69205147436384,31.588083895549147,0.35064400000000523,-306.1349995839812,0.7327495833273788,308.02440171708747,-0.1031799796373378,0.007345632553397968,0.8486993737368286,-0.579119656324421,72.35692618806875,0.24300640377485674,0.2773845635321874,0.47792382878328277,0.0016852039096730705
Vortex,i022,XRPUSDT,True,1178,590,588,0.41256366723259763,32.147834907368335,117.78882203688461,12.93985152991189,-0.789691000000013,-99.37052965942817,0.8340069248579877,105.37669965577496,-0.08435528833567757,0.027290182434098753,1.0273088310166907,-0.8650904935455778,126.6553480475382,0.3794567062818336,0.5432937181663837,0.013582342954159592,0.0636672325976231
Williams Alligator,i023,XRPUSDT,False,1795,906,889,0.41002785515320334,46.95327139294664,179.4825789866702,18.93888413267056,-0.11138000000000224,-151.57957172639414,0.8208596223276332,156.79576737978905,-0.08444544385871539,0.026157811360973057,0.9437093747419647,-0.799008188419717,116.34094707520892,0.3342618384401114,0.47298050139275766,0.15376044568245126,0.03899721448467967
Williams Alligator,i023,XRPUSDT,True,872,439,433,0.42775229357798167,46.18621597746939,87.16318278118452,9.647166145472646,-0.43832600000000943,-51.06245894918777,0.8830362660069948,60.90921733942628,-0.05855786576741717,0.05296584401085939,1.0335231497737851,-0.8748829535366925,133.35091743119267,0.3967889908256881,0.536697247706422,0.0045871559633027525,0.06192660550458716
Williams Fractal,i024,XRPUSDT,False,2837,1401,1436,0.3757490306661967,-19.794068198958513,283.7129822305507,29.498743224305073,-0.1390630000000077,-333.1448566538144,0.7671197708163011,339.5102262397726,-0.11742857125619117,-0.006977112512851081,1.029452858905253,-0.8077592344702506,101.49665139231583,0.34825519915403597,0.4730348960169193,0.16143813887909764,0.017271765949947126
Williams Fractal,i024,XRPUSDT,True,1301,654,647,0.4012298232129131,7.178340860262866,130.0882271262581,14.127676890969038,-0.8235350000000169,-137.8610981569643,0.7981976640881951,143.3178093057857,-0.10596548666945757,0.005517556387596361,1.044613163261296,-0.8769565717321706,115.43966179861646,0.377401998462721,0.5595695618754803,0.005380476556495004,0.05764796310530361
Aroon,i025,XRPUSDT,False,2319,1188,1131,0.36869340232858994,3.3817491142742795,231.9051656767427,24.35480587071437,0.04019200000000211,-252.83803043318275,0.7567396566772676,259.8812425131808,-0.10902890488709907,0.001458279048846175,0.9199229679404177,-0.7099536666818579,94.02069857697283,0.29322984044846917,0.39284174213022854,0.31134109529969817,0.00258732212160414
Aroon,i025,XRPUSDT,True,980,502,478,0.4153061224489796,26.118679675653812,97.98450032134063,10.70136387555998,-0.7535980000000105,-83.32078252124681,0.832606686762249,91.48844989702695,-0.08502120665433349,0.026651713954748784,1.0182647734757195,-0.8686815799753311,133.23367346938775,0.376530612244898,0.5438775510204081,0.006122448979591836,0.07346938775510205
Trend Strength Index,i026,XRPUSDT,False,2379,1201,1178,0.34720470786044555,-14.187704666519618,237.8828918496624,24.66790932082975,0.2751949999999989,-276.4633108370118,0.7432175163670308,279.4387936808562,-0.11620988265532232,-0.005963726215434896,0.968741709779172,-0.6932672009752787,94.22404371584699,0.2980243799915931,0.38041193778898696,0.31736023539302227,0.004203446826397646
Trend Strength Index,i026,XRPUSDT,True,983,507,476,0.40488301119023395,13.790547863998427,98.2866341615587,10.669728756211164,-0.8360770000000104,-96.00189205377143,0.8103728280192858,100.78789650825884,-0.09766214857962506,0.014029041570700333,1.0308156957750658,-0.8654128871320471,132.96846388606306,0.3733468972533062,0.5483214649033571,0.008138351983723296,0.07019328585961343
Zig Zag,i027,XRPUSDT,False,3490,1725,1765,0.4191977077363897,167.09870822241868,349.0146908422207,36.28442496641326,-0.0868810000000002,-218.2872885862153,0.8734888375949882,224.06860385976066,-0.06254650102756885,0.04787928602361567,1.0301788600042459,-0.8512279036864465,67.31146131805157,0.3865329512893983,0.5068767908309456,0.08911174785100287,0.017478510028653294
Zig Zag,i027,XRPUSDT,True,1490,789,701,0.4369127516778524,110.59190766806641,149.00993380801805,15.962553406385974,-0.8510410000000104,-55.23162054633764,0.9270327910734899,71.67551532067928,-0.037068201708951434,0.07422275682420564,1.077889296579974,-0.9021901699879628,64.15436241610739,0.43087248322147653,0.5536912751677853,0.0020134228187919465,0.013422818791946308
Linear Regression Curve,i028,XRPUSDT,False,8065,4091,3974,0.32151270923744574,48.862375081773145,806.4996788491907,87.22832452630357,0.08927800000000362,-844.7763502937211,0.6802530530797408,844.7763502937207,-0.10474598267746077,0.006058570995880117,0.6931118496040177,-0.48282444742634123,37.228022318660884,0.16949783013019218,0.1795412275263484,0.650836949783013,0.00012399256044637322
Linear Regression Curve,i028,XRPUSDT,True,2927,1506,1421,0.4144174923129484,91.83136001166746,292.65083680647217,31.50346126546346,-1.9672540000000245,-234.29019206026817,0.842736663748575,237.33719893345113,-0.08004447969260955,0.03137388452738895,1.0350413764661774,-0.869192171361576,110.55585924154424,0.3846942261701401,0.5418517253160232,0.02186539118551418,0.05158865732832251
Linear Regression Slope,i029,XRPUSDT,False,2379,1201,1178,0.34720470786044555,-14.187704666519618,237.8828918496624,24.66790932082975,0.2751949999999989,-276.4633108370118,0.7432175163670308,279.4387936808562,-0.11620988265532232,-0.005963726215434896,0.968741709779172,-0.6932672009752787,94.22404371584699,0.2980243799915931,0.38041193778898696,0.31736023539302227,0.004203446826397646
Linear Regression Slope,i029,XRPUSDT,True,983,507,476,0.40488301119023395,13.790547863998427,98.2866341615587,10.669728756211164,-0.8360770000000104,-96.00189205377143,0.8103728280192858,100.78789650825884,-0.09766214857962506,0.014029041570700333,1.0308156957750658,-0.8654128871320471,132.96846388606306,0.3733468972533062,0.5483214649033571,0.008138351983723296,0.07019328585961343
Keltner Channels,i030,XRPUSDT,False,1244,592,652,0.3866559485530547,-35.852556229605526,124.42394896010771,13.19892229618708,-0.42193700000000955,-173.8973644859003,0.7424570403054324,179.85451048554438,-0.13978887820409994,-0.028820382821226304,1.0422444019784989,-0.8849500941514525,102.54501607717042,0.3609324758842444,0.5836012861736335,0.001607717041800643,0.053858520900321546
Keltner Channels,i030,XRPUSDT,True,748,350,398,0.3783422459893048,-34.301289820660806,74.80863517769458,8.205280495141967,-0.2988820000000092,-117.61408749349735,0.7173881996304241,119.4806463821849,-0.15723808488435476,-0.04585733933243423,1.0549620688691328,-0.8949857053407784,91.34625668449198,0.3609625668449198,0.6016042780748663,0.0,0.0374331550802139
Donchian Channels,i031,XRPUSDT,False,2059,1018,1041,0.40019426906265176,2.9615651849664526,205.89890145290042,21.529590530577174,-0.43357200000000906,-224.90049879851117,0.791501009578068,230.49303124714436,-0.10922802272875724,0.0014383512311638915,1.0361215908548982,-0.873412704180524,112.11024769305489,0.3715395823215153,0.5415250121418164,0.03836813987372511,0.04856726566294318
Donchian Channels,i031,XRPUSDT,True,1056,512,544,0.40625,17.69983803564632,105.60223346213337,11.519665708452893,-0.5179020000000092,-99.93996313493997,0.8201097578594914,104.57157206911016,-0.09464011660505679,0.016761210261028715,1.062053184830589,-0.8860618491662882,101.28314393939394,0.39109848484848486,0.5662878787878788,0.002840909090909091,0.03977272727272727
Price Channel,i032,XRPUSDT,False,3292,1596,1696,0.2776427703523694,-28.244895721071217,329.1944213418484,35.07819771024637,0.5691620000000104,-391.948352773166,0.7007279018349608,393.05656491574894,-0.11906086050217678,-0.008579858967518596,1.004074251467333,-0.5507452559353694,65.57229647630619,0.2506075334143378,0.20321992709599027,0.5443499392466585,0.0018226002430133657
Price Channel,i032,XRPUSDT,True,1279,635,644,0.4104769351055512,32.897565783443014,127.88143854847809,13.871723494404856,-1.1396540000000142,-109.99525025943994,0.8325080344955997,113.81930505010322,-0.08600097752888189,0.025721318048039885,1.0413796418071541,-0.8709808517350079,121.5230648944488,0.38389366692728694,0.5480844409695075,0.010164190774042221,0.05785770132916341
MA Channel,i033,XRPUSDT,False,2964,1526,1438,0.3717948717948718,78.59489231782851,296.35909644224466,31.05735443364529,-0.19016599999999684,-249.01172455806142,0.8218355026717967,255.22692804836424,-0.08401205281985878,0.026516495383882767,1.042322069117985,-0.750617961721848,94.66970310391363,0.3515519568151147,0.3849527665317139,0.2574224021592443,0.006072874493927126
MA Channel,i033,XRPUSDT,True,1293,659,634,0.4215003866976025,55.032325180396846,129.2658411730187,14.070026244939083,-1.0022660000000112,-89.30580823756098,0.8631319823150301,93.71593111946024,-0.0690686838650897,0.04256173641175317,1.0333761523703904,-0.8723206033147376,118.45320959010054,0.3905645784996133,0.5390564578499614,0.007733952049497293,0.06264501160092807
Chande Kroll Stop,i034,XRPUSDT,False,3456,1775,1681,0.3695023148148148,30.706039285275043,345.5507076911914,36.28403134062337,-0.2775410000000012,-351.40624074653977,0.79029546730816,363.6200816397562,-0.10168004651230896,0.008884849330230047,1.0370513140715087,-0.7690320187314624,92.25434027777777,0.34780092592592593,0.4296875,0.2175925925925926,0.004918981481481482
Chande Kroll Stop,i034,XRPUSDT,True,1641,846,795,0.4125533211456429,32.13627837162991,164.0618369592178,17.89688968794733,-0.9438290000000152,-150.76627727553523,0.8228131392048628,162.06642692216505,-0.09187463575596297,0.019583350622565453,1.0341540735563635,-0.8826645073373375,105.205971968312,0.3826934795856185,0.5581962218159658,0.005484460694698354,0.05362583790371724
52-Week High/Low,i035,XRPUSDT,False,863,436,427,0.3858632676709154,-19.549303548569817,86.30800807346115,8.91111862653379,-0.35146300000000186,-115.11989324856478,0.7561252978630466,117.40041077220795,-0.1333950095580125,-0.022652727170996315,1.071847899820751,-0.8906514035639148,89.05446118192353,0.373117033603708,0.5909617612977984,0.0,0.03592120509849363
52-Week High/Low,i035,XRPUSDT,True,610,302,308,0.36721311475409835,-37.79455511547862,61.00573291946905,6.439186562541186,-0.2728930000000023,-105.51236759748886,0.6955214172003039,106.98277820106384,-0.17297109442211286,-0.06195828707455512,1.0759921631664042,-0.8977580625563818,75.79672131147541,0.3590163934426229,0.6180327868852459,0.0,0.022950819672131147
Majority Rule,i036,XRPUSDT,False,3001,1498,1503,0.3572142619126958,-51.45143278869264,300.0354310874971,31.343755159519972,0.5278240000000018,-382.30279503570966,0.7294723624932751,388.51468403962974,-0.12739180107821046,-0.017144762675339098,0.9616341778461263,-0.7325944187074946,91.07564145284906,0.30256581139620126,0.41886037987337554,0.26624458513828725,0.012329223592135955
Majority Rule,i036,XRPUSDT,True,1336,679,657,0.3967065868263473,-2.3205737260128756,133.56721743313298,14.224631774408547,-0.7167280000000188,-150.82915093355444,0.7861314001485297,164.85843856007995,-0.11289607105804972,-0.0017369563817461644,1.046062260244082,-0.8749902591351338,116.62050898203593,0.37200598802395207,0.5666167664670658,0.0074850299401197605,0.05389221556886228
MACD,i038,XRPUSDT,False,2511,1258,1253,0.35762644364794904,14.956100421443352,251.07262791910773,26.56733822128219,0.25901400000000513,-262.4248517189466,0.7702912426054752,263.0967512984702,-0.10451009626401696,0.005956232744501534,0.9799547711566918,-0.7082605308230974,92.44643568299482,0.3118279569892473,0.36121067303863,0.32098765432098764,0.005973715651135006
MACD,i038,XRPUSDT,True,1003,513,490,0.4087736789631107,23.39404489655529,100.27204154019044,10.792166632910178,-0.8102100000000119,-88.48037327654535,0.8271776641371542,90.3118891396079,-0.0882157260982506,0.02332407267851973,1.0329088953138397,-0.8633609112229672,132.86640079760718,0.37686939182452645,0.53938185443669,0.011964107676969093,0.07178464606181456
RSI,i039,XRPUSDT,False,3224,1569,1655,0.25589330024813894,33.515326926796284,322.420272409196,35.19392684179089,0.54087600000001,-323.55799632419064,0.7150301296193654,328.95411102002487,-0.10035918000129981,0.010395572868112992,0.98406454813626,-0.4732852223995854,57.63058312655087,0.22735732009925558,0.15384615384615385,0.6169354838709677,0.0018610421836228288
RSI,i039,XRPUSDT,True,1217,618,599,0.4182415776499589,42.52169653699992,121.68445649743116,13.43257443877876,-0.8456060000000164,-93.44094039921,0.8479090260286369,98.09629335368169,-0.07677973738636812,0.03493976708052582,1.0234467130597098,-0.8677617476646924,125.14626129827444,0.3820870994248151,0.5390304026294166,0.012325390304026294,0.06655710764174198
Stochastic,i040,XRPUSDT,False,10024,5118,4906,0.30726256983240224,37.85752876916987,1002.4127060469532,108.2158229246292,0.041782000000003115,-1072.7292182024128,0.6467316335636001,1072.7292182024148,-0.10701608322051205,0.0037766888237400105,0.6376153258129579,-0.43729614367890596,30.399640861931363,0.14375498802873105,0.1421588188347965,0.7139864325618516,9.976057462090982e-05
Stochastic,i040,XRPUSDT,True,3424,1740,1684,0.40625,65.15574853387568,342.3622602496006,37.15190893550253,-2.151020000000028,-316.50944065122746,0.8203467939160534,316.50944065122707,-0.09243850486309213,0.01902913216526743,1.0390155601439532,-0.8665912861837022,102.66734813084112,0.379964953271028,0.5502336448598131,0.026869158878504672,0.04293224299065421
Stochastic RSI,i041,XRPUSDT,False,6498,3248,3250,0.324715297014466,-35.556662281445675,649.7380069057342,69.88880926928067,-0.1529910000000099,-755.3364694564606,0.675104863446263,755.336469456464,-0.11624137726322878,-0.005471939409271418,0.7438511264467034,-0.5298227771784423,45.01061865189289,0.18821175746383503,0.22530009233610343,0.5864881502000615,0.0
Stochastic RSI,i041,XRPUSDT,True,2538,1269,1269,0.4030732860520095,13.192972347897014,253.73679969963678,27.10086449928818,-1.8245060000000262,-269.46919785102796,0.7969587208230783,273.74595636219544,-0.106173836820736,0.0051981766540177355,1.0339153481019536,-0.876016236936849,116.60126083530339,0.37194641449960597,0.5583136327817179,0.01773049645390071,0.05200945626477541
Connors RSI,i042,XRPUSDT,False,11882,5745,6137,0.2812657801716883,-15.107516562514146,1188.2319204674782,128.25356180934273,0.3816320000000052,-1331.2113668393351,0.5951065500085997,1331.2113668393392,-0.11203596758452576,-0.0012714624274124007,0.5854563904909836,-0.3849890660257849,25.04090220501599,0.11715199461370139,0.10747348931156371,0.7752903551590641,8.41609156707625e-05
Connors RSI,i042,XRPUSDT,True,3625,1863,1762,0.408,90.29136812309623,362.4785759980932,38.99980166236644,-2.1883210000000286,-313.3753305373634,0.8313803275991234,314.2892214059903,-0.0864483670447899,0.024907963620164477,1.0446916745748367,-0.8660178551880461,100.10124137931035,0.384,0.5481379310344827,0.02482758620689655,0.04303448275862069
Awesome Oscillator,i043,XRPUSDT,False,1536,773,763,0.3658854166666667,12.816897671414718,153.57083257727808,16.420599273725692,-0.0006129999999982677,-157.17514717958906,0.7850963000016502,168.24679662798152,-0.1023275697783783,0.008344334421493958,1.0217075389298116,-0.7508981355833092,116.25651041666667,0.3346354166666667,0.43359375,0.20572916666666666,0.026041666666666668
Awesome Oscillator,i043,XRPUSDT,True,618,317,301,0.44660194174757284,48.101876737994544,61.78514669259221,6.896281262053831,-0.48714200000000674,-21.066693216651508,0.9293884658232566,30.25452533723833,-0.03408850035056878,0.07783475200322741,1.0046364236189216,-0.8723577372382277,144.52265372168284,0.39967637540453077,0.511326860841424,0.009708737864077669,0.07928802588996764
Accelerator Oscillator,i044,XRPUSDT,False,3648,1877,1771,0.36211622807017546,24.809195596981937,364.7874079049637,38.717332053405286,-0.010940999999998731,-378.70648536138714,0.7485448830773141,381.3836393578011,-0.10381208480301181,0.0068007663368919785,0.8534091466311424,-0.6472109875638703,72.14967105263158,0.26014254385964913,0.3352521929824561,0.4043311403508772,0.00027412280701754384
Accelerator Oscillator,i044,XRPUSDT,True,1527,757,770,0.4079895219384414,35.46445254593456,152.68057378241718,16.38995832893142,-1.205405000000013,-134.81148456541408,0.8276598352472412,135.88477658166,-0.08828518963026462,0.023224919807422768,1.0392121628166002,-0.8653104668143319,125.5003274394237,0.38244924688932547,0.5468238375900458,0.011132940406024885,0.0595939751146038
Momentum,i045,XRPUSDT,False,4107,2028,2079,0.30192354516678843,2.3643770535778597,410.6607650931192,43.660148436947296,0.29583500000000174,-451.66070147648867,0.6919523985593251,454.87966716696553,-0.10997338725991933,0.0005756944371993815,0.8181802785590034,-0.5114071318066455,57.92037983929876,0.20915510104699295,0.20209398587776967,0.5885074263452642,0.00024348672997321646
Momentum,i045,XRPUSDT,True,1541,787,754,0.4172615184944841,66.77869111548435,154.0588444826662,16.79029510237202,-1.3222270000000218,-105.39267546955384,0.8642390397038243,108.88897687192649,-0.06839239160905505,0.043334647057420086,1.043418267618985,-0.8644884427044108,122.40882543802725,0.391304347826087,0.5392602206359507,0.009085009733939001,0.06035042180402336
Chande Momentum Oscillator,i046,XRPUSDT,False,4260,2119,2141,0.30821596244131455,30.73703655294755,425.97343735924323,45.44600338290948,0.17001800000000702,-440.5123861892052,0.7074038397559276,442.1983688183608,-0.10340666342469604,0.007215266796466561,0.8111332202428995,-0.5108687832942423,57.26971830985916,0.21173708920187792,0.2,0.5877934272300469,0.00046948356807511736
Chande Momentum Oscillator,i046,XRPUSDT,True,1561,808,753,0.4176809737347854,62.0040438634686,156.05409711020482,16.888893395762068,-1.4044590000000168,-112.3434056424983,0.8567205500911815,115.50393400300771,-0.071968869726136,0.03972071996378514,1.0302799979020836,-0.862580818784001,123.69891095451634,0.3862908392056374,0.5381165919282511,0.014734144778987828,0.060858424087123636
Price Oscillator,i047,XRPUSDT,False,1483,724,759,0.3668240053944707,21.611355348842054,148.28335894379188,15.443929923495197,0.06778300000000749,-142.04815051844503,0.7995971625636769,144.86017025459327,-0.09578432266921444,0.014572727814458565,1.0418472791787419,-0.754859499884644,114.82333108563722,0.34322319622387054,0.4012137559002023,0.227242076871207,0.028320971004720162
Price Oscillator,i047,XRPUSDT,True,585,286,299,0.4444444444444444,45.13038126647191,58.48470759396044,6.369615193345382,-0.41773900000000574,-20.141680520833916,0.9293271393318562,24.98995620660126,-0.03443022311253661,0.07714595088285796,1.018681230825661,-0.8769193862630945,138.5948717948718,0.40341880341880343,0.517948717948718,0.006837606837606838,0.07179487179487179
Detrended Price Oscillator,i048,XRPUSDT,False,2234,1150,1084,0.28513876454789616,-14.559570287689127,223.3839044962692,23.963772409955723,0.21278900000000603,-261.69445819391404,0.7153560631081899,264.56857870577466,-0.11714165541356941,-0.006517265124301311,1.0324651907355065,-0.5756886566640149,79.85273052820054,0.26589077887197854,0.2251566696508505,0.4982094897045658,0.010743061772605193
Detrended Price Oscillator,i048,XRPUSDT,True,858,429,429,0.4370629370629371,62.20322286022007,85.78002930789069,9.609289226533887,-0.5317790000000098,-33.71787467420451,0.9193682394378276,43.26299622434057,-0.03929822223100759,0.07249792874151524,1.0252086890055827,-0.8657787433774288,127.33682983682984,0.3997668997668998,0.5163170163170163,0.015151515151515152,0.06876456876456877
TRIX,i049,XRPUSDT,False,836,419,417,0.41746411483253587,27.648362936039284,83.59884616344418,8.885363275925911,0.06662100000000443,-64.7692255033308,0.8416348360779862,70.74454526985782,-0.07747515012360144,0.033072204468946514,0.9862961215253849,-0.8398081558843739,148.4653110047847,0.3624401913875598,0.5035885167464115,0.05263157894736842,0.08133971291866028
TRIX,i049,XRPUSDT,True,335,174,161,0.41492537313432837,8.658814170290817,33.48689019701997,3.7874242233433173,-0.14670900000000375,-28.76220925007248,0.8287106718385245,42.6515100698269,-0.08585734104499247,0.025847206478480055,1.0011060060130952,-0.856714000438228,150.11044776119402,0.3701492537313433,0.5343283582089552,0.005970149253731343,0.08955223880597014
Fisher Transform,i050,XRPUSDT,False,5382,2645,2737,0.346711259754738,89.28007011364883,538.1496164530447,58.08059535038391,0.21011500000000086,-506.7400266897798,0.7446521581454889,506.74002668977886,-0.09415459433106277,0.016588641789975628,0.7919446539303354,-0.5644222841080164,53.41675956893348,0.22538089929394278,0.24600520252694166,0.5284280936454849,0.0001858045336306206
Fisher Transform,i050,XRPUSDT,True,2157,1064,1093,0.41585535465924894,60.3886398785338,215.65620099517142,23.108794427669622,-1.4727680000000212,-179.84912354430728,0.8375081181020675,179.97556701733635,-0.08337928768859865,0.02799658779718767,1.0334113797378242,-0.8784278818802664,117.99443671766342,0.3852573018080668,0.5470560964302271,0.01808066759388039,0.04960593416782568
Ultimate Oscillator,i051,XRPUSDT,False,4498,2154,2344,0.30502445531347266,-17.751669181230024,449.77004448577065,47.97893016422154,0.0746050000000059,-515.4260388312222,0.6714006028305953,515.4260388312218,-0.11459004865078307,-0.003946569404453096,0.7675862880687419,-0.5017768477484121,52.433526011560694,0.19386393952867942,0.19141840818141395,0.614495331258337,0.00022232103156958648
Ultimate Oscillator,i051,XRPUSDT,True,1736,855,881,0.40725806451612906,31.677330560321614,173.58257465856477,18.596407943589497,-1.3618850000000156,-161.86353704183267,0.8184699333390122,166.65126320150773,-0.09323936465543357,0.01824731023060001,1.0322473475188352,-0.8665329560132644,120.94930875576037,0.3773041474654378,0.5483870967741935,0.01728110599078341,0.057027649769585256
Williams %R,i052,XRPUSDT,False,4011,1970,2041,0.2879581151832461,-18.62483905753882,401.0990717387055,42.211173786879655,0.2321600000000047,-461.70292458312395,0.6999987669264581,463.22000892484647,-0.11510918089831064,-0.004643440303549943,0.9327277041956281,-0.5388667447230653,60.73921715282972,0.23759660932435803,0.19197207678883071,0.5701819995013713,0.0002493143854400399
Williams %R,i052,XRPUSDT,True,1526,763,763,0.41022280471821754,45.152597559184514,152.5803938665455,16.328781973356072,-1.4628890000000185,-125.21946728071707,0.8391731347464015,133.83976578545204,-0.08205731800833359,0.02958885816460322,1.0437355923125158,-0.865108831187058,121.42201834862385,0.38466579292267367,0.5458715596330275,0.01310615989515072,0.0563564875491481
SMI Ergodic,i053,XRPUSDT,False,4316,2202,2114,0.32970342910101946,66.83183892865384,431.5724166464638,46.556655798099804,0.05552000000000664,-411.2417135159097,0.7554886977964592,411.5134754102796,-0.09528306615289844,0.015484670743432308,0.8929379747859734,-0.5813662121107326,63.45597775718257,0.2548656163113994,0.24189063948100092,0.5030120481927711,0.00023169601482854495
SMI Ergodic,i053,XRPUSDT,True,1713,859,854,0.4138937536485698,52.93909893663912,171.27104324418906,18.599424060898983,-1.1668100000000161,-138.09817836844897,0.8422534902862198,145.806306186572,-0.08061773401544016,0.030904319285837197,1.0399794919269123,-0.8719558148850894,121.28196147110333,0.386456509048453,0.5464098073555166,0.011675423234092236,0.05545826036193812
Relative Vigor Index,i054,XRPUSDT,False,5037,2543,2494,0.36946595195552906,90.35176619042534,503.65584977998947,54.27743709478642,-0.03183100000000922,-467.6133516843505,0.7491046029747527,471.1824449562834,-0.09283568625855679,0.0179376148879145,0.7502228745358913,-0.5868319021396865,55.817351598173516,0.21719277347627555,0.27873734365693864,0.5040698828667858,0.0
Relative Vigor Index,i054,XRPUSDT,True,2022,1027,995,0.4114737883283877,36.53112460257414,202.13941329897466,21.823757765251965,-1.4094750000000227,-188.84152146165252,0.8179285330843885,194.3983282502753,-0.09339343296817632,0.018066827202064362,1.0196418021575333,-0.8715827738291765,121.45202769535113,0.37487636003956476,0.5489614243323442,0.01533135509396637,0.06083086053412463
True Strength Index,i055,XRPUSDT,False,2276,1163,1113,0.3554481546572935,0.48020235088445107,227.59819652510043,23.756784549569982,0.02145500000000529,-250.8533237237859,0.7649790520543673,254.1815845457466,-0.11021675031800786,0.00021098521567858132,1.0092861348541924,-0.7275840537292622,95.90905096660808,0.31985940246045697,0.38620386643233745,0.28602811950790863,0.007908611599297012
True Strength Index,i055,XRPUSDT,True,916,465,451,0.39737991266375544,-4.66483587468648,91.58429356416983,9.832713917905657,-0.7163710000000113,-106.79821435676197,0.7784962587088968,114.82026593420672,-0.11659193707070085,-0.005092615583718864,1.0311885249187698,-0.8734616620057867,130.99890829694323,0.36572052401746724,0.5611353711790393,0.004366812227074236,0.06877729257641921
Coppock Curve,i056,XRPUSDT,False,1759,867,892,0.36213757816941444,-3.266223301187221,175.8731855653171,18.741464723036376,0.40026100000000797,-197.4806125895407,0.7654719317043205,200.79390618232168,-0.11226868254095548,-0.0018568637300666409,1.011857785377185,-0.7504759553251402,112.39340534394542,0.32802728823195,0.43774872086412736,0.2251279135872655,0.009096077316657191
Coppock Curve,i056,XRPUSDT,True,737,366,371,0.4260515603799186,36.03239605941457,73.68164706518078,8.242204894611778,-0.4445600000000051,-46.336015900377994,0.8732481882080099,55.27731978161034,-0.06287112062466485,0.04889063237369684,1.0166525598917495,-0.864219668336613,137.73405698778834,0.383989145183175,0.5291723202170964,0.012211668928086838,0.07462686567164178
Rate of Change,i057,XRPUSDT,False,4260,2119,2141,0.30821596244131455,30.73703655294755,425.97343735924323,45.44600338290948,0.17001800000000702,-440.5123861892052,0.7074038397559276,442.1983688183608,-0.10340666342469604,0.007215266796466561,0.8111332202428995,-0.5108687832942423,57.26971830985916,0.21173708920187792,0.2,0.5877934272300469,0.00046948356807511736
Rate of Change,i057,XRPUSDT,True,1561,808,753,0.4176809737347854,62.0040438634686,156.05409711020482,16.888893395762068,-1.4044590000000168,-112.3434056424983,0.8567205500911815,115.50393400300771,-0.071968869726136,0.03972071996378514,1.0302799979020836,-0.862580818784001,123.69891095451634,0.3862908392056374,0.5381165919282511,0.014734144778987828,0.060858424087123636
Klinger Oscillator,i058,XRPUSDT,False,4548,2238,2310,0.32299912049252416,108.78248073440359,454.77066404716095,48.32575794256934,0.19595499999999658,-394.1179862553267,0.7586746835900184,397.95660897769005,-0.08665742881603489,0.02391875126086271,0.8434457752931174,-0.5304124164212134,56.542436235708,0.2326297273526825,0.2198768689533861,0.547273526824978,0.00021987686895338611
Klinger Oscillator,i058,XRPUSDT,True,1750,888,862,0.41942857142857143,68.58551239311072,174.96735852812094,18.75584436586653,-1.1981230000000171,-126.33581350087675,0.8579638800421354,131.99796342091517,-0.07219189342907244,0.039191721367491834,1.0396822411721791,-0.8754552938201342,117.63142857142857,0.39085714285714285,0.5451428571428572,0.013142857142857144,0.05085714285714286
Bollinger Bands,i059,XRPUSDT,False,1974,925,1049,0.3971631205673759,-9.138924250850788,197.41935061185677,20.550541830699704,-0.07318000000001491,-227.18199669340723,0.7808166856142535,230.50277405143126,-0.11508713105035827,-0.004629647543490775,1.0322845920609778,-0.8710026192178267,110.02482269503547,0.36727456940222897,0.5425531914893617,0.04660587639311044,0.04356636271529889
Bollinger Bands,i059,XRPUSDT,True,1000,468,532,0.395,-11.88014735287588,100.00440057497211,10.973706703312873,-0.4647540000000115,-123.32300863116087,0.7709170692401849,126.24820172604045,-0.12332300863116087,-0.01188014735287588,1.05065939142192,-0.8898073855253213,103.294,0.375,0.578,0.003,0.044
BB %B,i060,XRPUSDT,False,3431,1686,1745,0.2693092392888371,-0.4172164219993446,343.0784139767043,36.69462837341714,0.6176330000000076,-379.57262577212083,0.7063342320946342,384.71133486448053,-0.11063031937397867,-0.00012160198834140036,0.9880520942926929,-0.5155695097321775,62.4992713494608,0.23899737685805889,0.18012241329058584,0.5805887496356748,0.0002914602156805596
BB %B,i060,XRPUSDT,True,1281,646,635,0.41139734582357534,37.82117417141275,128.08929885645176,13.666713335804392,-1.047508000000016,-104.98234602084342,0.8392095286594895,115.66360044999233,-0.08195343171026027,0.029524726129127835,1.039718463843608,-0.8659336557910143,126.85480093676814,0.3840749414519906,0.5448868071818892,0.00936768149882904,0.06167056986729118
Standard Error Bands,i061,XRPUSDT,False,2514,1213,1301,0.383054892601432,7.329564717208148,251.4067869137623,26.330794419753527,-0.05260299999999671,-270.46061961630767,0.7822262501561372,272.28273627283016,-0.10758178982351141,0.002915499091968237,1.0087989191677507,-0.800731127514411,97.40572792362768,0.3456642800318218,0.4709626093874304,0.16785998408910102,0.015513126491646777
Standard Error Bands,i061,XRPUSDT,True,1142,542,600,0.404553415061296,7.16242713404267,114.20716643400917,12.596948368798571,-0.70864200000001,-120.35032966876504,0.799968224265571,124.54737327012609,-0.10538557764340198,0.006271827612997085,1.0417872908213697,-0.8847883206297615,108.4553415061296,0.38003502626970226,0.563922942206655,0.0070052539404553416,0.04903677758318739
Envelopes,i062,XRPUSDT,False,13,10,3,0.38461538461538464,-0.40000000000001146,1.3022,0.15077603079621285,0.0,-1.8529760307962246,0.7452388541775464,4.544840179523435,-0.14253661775355575,-0.03076923076923165,1.0840818991852164,-0.9091731908402882,1.9230769230769231,0.38461538461538464,0.6153846153846154,0.0,0.0
Envelopes,i062,XRPUSDT,True,10,7,3,0.4,0.0,1.0024,0.12486168910305355,0.0,-1.1272616891030536,0.7934282510703152,3.635190232921342,-0.11272616891030537,0.0,1.0824341604282628,-0.909499721802684,1.9,0.4,0.6,0.0,0.0
Net Volume,i074,XRPUSDT,False,3487,1860,1627,0.3214797820476054,-1.1026036241168824,348.66687479369625,37.03838348746843,0.30471000000000587,-386.5031519052816,0.6976845258987747,388.3582016723395,-0.11084116773882466,-0.00031620407918465227,0.7956941055638486,-0.540353442198798,60.91912819042157,0.2122168052767422,0.24261542873530256,0.5434470891884141,0.0017206767995411529
Net Volume,i074,XRPUSDT,True,1341,687,654,0.40492170022371365,10.022588057112802,134.06828580325362,14.64089895817764,-0.7841530000000176,-139.47074970431848,0.8002360059612986,142.33669348695713,-0.10400503333655368,0.007473965739830576,1.0289260943238094,-0.874909296894921,124.6882923191648,0.372110365398956,0.5577926920208799,0.008948545861297539,0.061148396718866516
OBV,i075,XRPUSDT,False,3730,1991,1739,0.2710455764075067,29.278283656036074,372.9755810025332,39.73106202772239,0.23418300000000317,-383.1941763742195,0.6989145134675544,384.12965193282844,-0.10273302315662722,0.007849405805907794,0.8798365153263364,-0.46807976953628017,53.088471849865954,0.20777479892761394,0.16380697050938337,0.6246648793565683,0.0037533512064343165
OBV,i075,XRPUSDT,True,1396,710,686,0.4047277936962751,26.198964531341986,139.5917197420195,14.909653610070745,-0.893801000000018,-129.1962098207483,0.8205904811739674,144.9206580065932,-0.09254742823835836,0.018767166569729214,1.045881109017034,-0.866569237563625,117.46489971346705,0.38037249283667623,0.5487106017191977,0.0164756446991404,0.054441260744985676
Accumulation/Distribution,i076,XRPUSDT,False,3871,1873,1998,0.28338930508912424,-45.29612512991601,387.0930623066488,41.409028568842864,0.653346000000006,-473.14487000540765,0.6600282997026239,474.08243214842366,-0.12222807285078988,-0.011701401480215968,0.8373505266243778,-0.501700936450018,53.269956083699306,0.20382330147248773,0.19297339188840093,0.5998450012916559,0.003358305347455438
Accumulation/Distribution,i076,XRPUSDT,True,1527,720,807,0.3903077930582842,-20.095805595055804,152.6959581059283,16.337164376487014,-1.0866070000000154,-190.21553507747115,0.7643663636318808,193.4567849092016,-0.12456813037162483,-0.013160318005930453,1.0352947352381936,-0.8670796963259233,115.63261296660117,0.36280288146692863,0.564505566470203,0.01899148657498363,0.053700065487884745
MFI,i077,XRPUSDT,False,2933,1486,1447,0.3460620525059666,49.81779224583771,293.2764754440556,31.22839942393788,0.23688100000000406,-274.4502016221557,0.7577011834108286,275.50836378862107,-0.09357320205324095,0.016985268409763967,0.8455595217848926,-0.590559497515027,71.91408114558473,0.2478690760313672,0.28094101602454824,0.4688032730992158,0.002386634844868735
MFI,i077,XRPUSDT,True,1187,621,566,0.4111204717775906,25.072124381089978,118.67050258898475,12.965007391936204,-0.7932560000000095,-107.35664159983097,0.8242471148328061,111.50011404299964,-0.0904436744733201,0.021122261483647833,1.031725269538614,-0.873874925800679,123.28138163437237,0.37910699241786017,0.5501263689974726,0.011794439764111205,0.05897219882055602
Chaikin Money Flow,i078,XRPUSDT,False,3213,1531,1682,0.3264861500155618,-1.6296675895766888,321.290864083011,34.139988840737146,0.5690150000000025,-356.4915055133248,0.6993282611385438,357.3098642872534,-0.11095284952173197,-0.0005072105787664764,0.7904277297360032,-0.5478975018513828,59.23560535325241,0.21350762527233116,0.23902894491129786,0.5431061313414255,0.004357298474945534
Chaikin Money Flow,i078,XRPUSDT,True,1312,613,699,0.39634146341463417,-4.020572493639696,131.19863213507395,14.170584631389577,-0.8556820000000154,-150.24547126010327,0.7804219544102488,151.5832259432887,-0.11451636528971286,-0.0030644607421034266,1.0269247232377599,-0.8639473830097708,119.42073170731707,0.36509146341463417,0.5541158536585366,0.01676829268292683,0.06402439024390244
Chaikin Oscillator,i079,XRPUSDT,False,3378,1629,1749,0.31527531083481347,-35.269330456583916,337.7977490860797,35.6093631854273,0.364829000000004,-408.3116137280909,0.6939733292019397,409.067639071486,-0.12087377552637386,-0.010440891194962673,0.8694119942456277,-0.5768419315173734,66.13321492007105,0.23623445825932504,0.25547661338069866,0.5062166962699822,0.0020722320899940793
Chaikin Oscillator,i079,XRPUSDT,True,1424,688,736,0.4080056179775281,28.75715367876118,142.3962624799125,15.257814412009907,-1.1615890000000164,-130.05851221316124,0.822105284212935,132.58417163086253,-0.091333224868793,0.02019463039238847,1.0344917726233744,-0.8672576893325524,122.97752808988764,0.37780898876404495,0.5498595505617978,0.016151685393258428,0.056179775280898875
Ease of Movement,i080,XRPUSDT,False,3163,1573,1590,0.32342712614606384,9.046861585325871,316.2951350613484,33.7171801807055,0.42842400000001085,-340.53702965672807,0.7191456555376013,342.3217269069892,-0.10766267140585775,0.0028602154869825707,0.8523626771173805,-0.5665906767980413,68.46127094530509,0.2374328169459374,0.26462219411950677,0.4966803667404363,0.001264622194119507
Ease of Movement,i080,XRPUSDT,True,1245,634,611,0.41365461847389556,38.75810349740226,124.48666299682318,13.612217510551282,-0.9762060000000115,-100.31698300997223,0.841371742996985,106.83210493660356,-0.08057588996784919,0.031131006825222702,1.0331767001503047,-0.8663054569690125,129.08353413654618,0.3815261044176707,0.5405622489959839,0.013654618473895583,0.0642570281124498
Elder Force Index,i081,XRPUSDT,False,3255,1703,1552,0.27557603686635945,9.548383022552564,325.5021558228452,35.10958272880915,0.36784100000000997,-350.6955145291018,0.7102563468673778,354.893931297222,-0.10774055745901745,0.002933451005392493,0.9583826876437558,-0.5133014356851361,61.16282642089094,0.23563748079877112,0.19109062980030722,0.5714285714285714,0.0018433179723502304
Elder Force Index,i081,XRPUSDT,True,1233,638,595,0.4209245742092457,42.920534285306836,123.26795217680065,13.411475791707462,-1.0251810000000128,-94.78407468320128,0.8480634301984342,103.21167295464855,-0.07687272885904403,0.03480984126951082,1.0193751345163402,-0.8737251673629997,125.0,0.38118410381184104,0.5425790754257908,0.010543390105433901,0.06569343065693431
Price & Volume Trend,i082,XRPUSDT,False,2483,1326,1157,0.28433346757954087,-1.5952135664071165,248.28649768529996,26.07582187393951,0.2537430000000094,-275.70379012564655,0.7159872069644876,279.2186386394312,-0.11103656469015163,-0.0006424541145417304,0.9844765938041279,-0.5462826479186048,68.34071687474828,0.2509061619009263,0.2166733789770439,0.5243656866693516,0.008054772452678213
Price & Volume Trend,i082,XRPUSDT,True,952,461,491,0.42962184873949577,49.19555982772569,95.1752493708944,10.12377043106054,-0.6559840000000065,-56.75944397422927,0.8804196241412894,65.72066935895108,-0.059621264678812264,0.051676008222400927,1.021749948383107,-0.8741347566536279,129.88970588235293,0.3897058823529412,0.5336134453781513,0.0063025210084033615,0.0703781512605042
VWAP,i086,XRPUSDT,False,2889,1402,1487,0.2665282104534441,38.99747499386731,288.9168522006111,31.08812880923024,-0.017714000000000445,-281.025220015974,0.7310792605719374,283.4357649403301,-0.09727421945862721,0.013498606782231675,0.9921897553589732,-0.4931624972356694,58.136725510557284,0.23918310834198683,0.16441675320179994,0.5939771547248183,0.0024229837313949464
VWAP,i086,XRPUSDT,True,1108,546,562,0.41425992779783394,30.330280941428057,110.80446747348877,12.28772887318881,-0.6392080000000103,-93.40112340524955,0.8348874897927806,99.32838782250086,-0.08429704278452126,0.02737389976663182,1.0289336908892834,-0.8716204738419578,126.33032490974729,0.38086642599277976,0.5451263537906137,0.018050541516245487,0.05595667870036101
VWMA,i087,XRPUSDT,False,3694,1786,1908,0.26502436383324307,-51.09794214961993,369.3857045588385,39.553446717570296,0.6011200000000075,-459.4359734260287,0.6750464946007916,461.4204288522738,-0.1243735715825741,-0.013832686017763924,0.9748880915209854,-0.5207555856445942,61.60530590146183,0.23091499729290743,0.18706009745533297,0.5814834867352463,0.0005414185165132648
VWMA,i087,XRPUSDT,True,1370,681,689,0.4138686131386861,46.16699021407843,136.99275517877183,14.655318558278463,-1.2000420000000123,-106.68112552297188,0.8468674405208317,110.92698993983359,-0.07786943468830065,0.033698533002976955,1.0405247732849434,-0.8675699526469923,122.7919708029197,0.3861313868613139,0.5416058394160584,0.01167883211678832,0.060583941605839416
Pivot Points Standard,i088,XRPUSDT,False,1226,595,631,0.2732463295269168,11.242518359623544,122.58947709564039,13.611941942391564,-0.16156499999999838,-125.1204656784084,0.736166330963168,127.0366341983031,-0.10205584476216019,0.00917008022807793,1.0421477106145889,-0.5322558347186258,73.35807504078304,0.2553017944535073,0.18923327895595432,0.5375203915171288,0.01794453507340946
Pivot Points Standard,i088,XRPUSDT,True,493,239,254,0.35294117647058826,-38.47216514467844,49.29791629364908,5.702517862057076,-0.4110340000000032,-93.88363330038459,0.652525929226441,94.06247504132541,-0.19043333326650017,-0.07803684613525039,1.0132485986504218,-0.8469871143120941,137.41987829614604,0.31643002028397565,0.5720081135902637,0.04056795131845842,0.07099391480730223
Balance of Power,i089,XRPUSDT,False,3767,1963,1804,0.28829307140960975,-52.37136320366512,376.6818765874569,39.97991553101406,0.41409200000000546,-468.6190633221361,0.6619557851438279,468.8813372524794,-0.12440113175527905,-0.013902671410582726,0.8449783865265504,-0.5170703435620925,57.91133528006371,0.20838863817361294,0.21104327050703478,0.5800371648526679,0.0005309264666843643
Balance of Power,i089,XRPUSDT,True,1445,721,724,0.4096885813148789,35.745160661582865,144.49820376380495,15.623293095742536,-0.9559540000000178,-125.33229019796468,0.8299312605669186,130.32208582018387,-0.08673514892592711,0.024737135405939702,1.0331393410719087,-0.863951676568036,123.9439446366782,0.3792387543252595,0.5460207612456748,0.01453287197231834,0.060207612456747404
Accumulative Swing Index,i090,XRPUSDT,False,2721,1653,1068,0.2936420433664094,1.1429516352927327,272.12544593738477,28.8136673449434,0.22844800000000187,-299.56771364703536,0.720644006987764,302.84137266247717,-0.11009471284345292,0.00042004837754234934,0.9671882506897579,-0.5579350291093402,67.73539140022051,0.2539507533994855,0.22712238147739802,0.5167217934582874,0.002205071664829107
Accumulative Swing Index,i090,XRPUSDT,True,1083,577,506,0.40350877192982454,8.903759259416699,108.28636943119795,11.586927375975023,-0.8207590000000101,-111.79029654775627,0.8012433822924194,125.50671816031944,-0.10322280382987653,0.008221384357725483,1.0312537223936797,-0.8706628068634589,126.46168051708217,0.3721144967682364,0.554016620498615,0.0110803324099723,0.06278855032317636
Up/Down,i091,XRPUSDT,False,2602,1550,1052,0.34973097617217525,3.946054105033281,260.19321137858896,28.145696207701892,-0.27641900000000563,-284.6692724812576,0.703130006045694,287.2626221553055,-0.10940402478142107,0.0015165465430566029,0.740915238945287,-0.5667270330505134,63.02344350499616,0.20561106840891621,0.27056110684089163,0.5222905457340508,0.0015372790161414297
Up/Down,i091,XRPUSDT,True,1127,605,522,0.40993788819875776,29.510790498392502,112.65603726213018,12.332305012096006,-0.9730460000000117,-96.4505977758337,0.8318916697110394,103.6969605368503,-0.08558171941067763,0.026185262199106035,1.0330955453691193,-0.8627680296787472,134.0905057675244,0.3824312333629104,0.5421472937000887,0.013309671694764862,0.062111801242236024
Average Price,i099,XRPUSDT,False,2785,1425,1360,0.31310592459605024,8.495537949322806,278.4834156269058,29.526134804374564,0.39216800000000157,-299.12184448195757,0.7411073375038957,305.28432249135255,-0.10740461202224688,0.0030504624593618696,0.9819582346447494,-0.6039672896456764,78.8362657091562,0.2757630161579892,0.2718132854578097,0.4509874326750449,0.001436265709156194
Average Price,i099,XRPUSDT,True,1130,560,570,0.41150442477876104,36.461009962124756,112.98175586491084,12.12121171860694,-0.9088950000000161,-89.55085262139303,0.8441272270604914,101.78086927403692,-0.0792485421428257,0.03226638049745554,1.0429282209251507,-0.8639285343632905,126.09734513274336,0.3858407079646018,0.5442477876106194,0.009734513274336283,0.06017699115044248
Typical Price,i100,XRPUSDT,False,2917,1487,1430,0.2999657182036339,-0.8084094631455097,291.674286344812,30.91398637029188,0.4271320000000054,-322.96955017824934,0.7287385674303131,328.36413667063755,-0.11071976351671214,-0.00027713728596006503,0.9916016235320297,-0.5830660973402426,73.47548851559822,0.26842646554679467,0.2396297565992458,0.49125814192663697,0.0006856359273225917
Typical Price,i100,XRPUSDT,True,1160,571,589,0.4086206896551724,33.15239518567271,115.99086571996907,12.405692274044828,-0.9542510000000165,-96.1984138083412,0.8371977644910288,108.812547923984,-0.0829296670761562,0.028579651022131648,1.043655738418513,-0.8613574837007528,126.89051724137931,0.38275862068965516,0.5439655172413793,0.007758620689655172,0.06551724137931035
Median Price,i101,XRPUSDT,False,2991,1508,1483,0.3042460715479773,-9.886216529476377,299.0873851627673,31.601871571903565,0.3586960000000017,-340.2167772641472,0.7158805376918528,345.66188109729245,-0.11374683292014283,-0.003305321474248204,0.9420065131241714,-0.5754169650202515,72.64058843196256,0.25576730190571717,0.2584419926446005,0.4847876964226011,0.0010030090270812437
Median Price,i101,XRPUSDT,True,1193,595,598,0.4107292539815591,35.95092522674806,119.27967229119388,12.688638805129454,-0.9127580000000145,-96.93014386957529,0.8406865812923691,107.52488603610712,-0.08124907281607317,0.030134891221079686,1.0438654788720276,-0.8654683193696568,124.54316848281643,0.38558256496227994,0.5448449287510477,0.009220452640402346,0.06035205364626991
