indicator,key,symbol,htf,scenario,n_trades,expectancy_net_pct,net_pct,profit_factor
SMA,i001,BTCUSDT,False,baseline,4448,-0.1016572604428454,-452.1714944497764,0.5530584417072886
SMA,i001,BTCUSDT,False,tp0.80,4607,-0.10527377360992078,-484.996275020905,0.5309389280185391
SMA,i001,BTCUSDT,False,tp1.80,4358,-0.09332802071691161,-406.7235142843008,0.5902373318515358
SMA,i001,BTCUSDT,False,sl0.50,4661,-0.10870873734089886,-506.6914247459296,0.5275311441099512
SMA,i001,BTCUSDT,False,sl1.20,4392,-0.10546887344153368,-463.2192921552159,0.5347996753031993
SMA,i001,BTCUSDT,False,fee0.02,4448,-0.04165690709943628,-185.28992277829258,0.7707357912048609
SMA,i001,BTCUSDT,False,fee0.07,4448,-0.14165749600511815,-630.0925422307655,0.45313731820693387
SMA,i001,BTCUSDT,False,slip3,4448,-0.10207125755231916,-454.01295359271563,0.5518715598800156
SMA,i001,BTCUSDT,False,no_funding,4448,-0.10161391466946411,-451.97869244977636,0.5531865378034873
SMA,i001,BTCUSDT,True,baseline,1278,-0.07389083016211995,-94.43248094718929,0.8232807656642124
SMA,i001,BTCUSDT,True,tp0.80,1392,-0.07722512192670344,-107.4973697219712,0.7949652673212861
SMA,i001,BTCUSDT,True,tp1.80,1196,-0.070255016251614,-84.02499943693034,0.8402001904823508
SMA,i001,BTCUSDT,True,sl0.50,1575,-0.09287351705265486,-146.2757893579314,0.749966111107412
SMA,i001,BTCUSDT,True,sl1.20,1156,-0.08342962703861814,-96.44464885664257,0.8162644592277774
SMA,i001,BTCUSDT,True,fee0.02,1278,-0.013881059064984009,-17.739993485049563,0.9638094279670258
SMA,i001,BTCUSDT,True,fee0.07,1278,-0.11389734422687725,-145.56080592194914,0.7421951332388049
SMA,i001,BTCUSDT,True,slip3,1278,-0.07431338807015239,-94.97250995365475,0.8223753952791693
SMA,i001,BTCUSDT,True,no_funding,1278,-0.07309670340155655,-93.41758694718926,0.8250092098207232
EMA,i002,BTCUSDT,False,baseline,4746,-0.10143696225925858,-481.4198228824412,0.5256456492784123
EMA,i002,BTCUSDT,False,tp0.80,4884,-0.10824387222641092,-528.6630719537909,0.4893355551381925
EMA,i002,BTCUSDT,False,tp1.80,4659,-0.09611589594443502,-447.80395920512274,0.5535208543783596
EMA,i002,BTCUSDT,False,sl0.50,4933,-0.1054374473113881,-520.1229275870775,0.5152703118873068
EMA,i002,BTCUSDT,False,sl1.20,4691,-0.10776962418020694,-505.5473070293508,0.49865590918394415
EMA,i002,BTCUSDT,False,fee0.02,4746,-0.041437769895602584,-196.66365592452985,0.7520020170442678
EMA,i002,BTCUSDT,False,fee0.07,4746,-0.14143642383502925,-671.2572675210487,0.4258230375785026
EMA,i002,BTCUSDT,False,slip3,4746,-0.10185077011960339,-483.38375498763764,0.5244443783016769
EMA,i002,BTCUSDT,False,no_funding,4746,-0.1014178229840795,-481.32898788244125,0.5257238409732895
EMA,i002,BTCUSDT,True,baseline,1277,-0.05878610556021692,-75.069856800397,0.8574273369723148
EMA,i002,BTCUSDT,True,tp0.80,1393,-0.07231311454618451,-100.73216856283503,0.8066756775762883
EMA,i002,BTCUSDT,True,tp1.80,1197,-0.04766021982425202,-57.04928312962967,0.8898294939180064
EMA,i002,BTCUSDT,True,sl0.50,1554,-0.0743412330556241,-115.52627616843985,0.7956174286039592
EMA,i002,BTCUSDT,True,sl1.20,1154,-0.07162224435828188,-82.65206998945729,0.8405820089000258
EMA,i002,BTCUSDT,True,fee0.02,1277,0.0012243489568223892,1.563493617862191,1.0032370572730815
EMA,i002,BTCUSDT,True,fee0.07,1277,-0.09879307523824314,-126.1587570792365,0.773170892545204
EMA,i002,BTCUSDT,True,slip3,1277,-0.05920824125121211,-75.60892407779787,0.8564883201601401
EMA,i002,BTCUSDT,True,no_funding,1277,-0.05798352999248002,-74.04496780039699,0.8592651515097736
DEMA,i003,BTCUSDT,False,baseline,6383,-0.10750902325247266,-686.230095420533,0.49438323703049
DEMA,i003,BTCUSDT,False,tp0.80,6585,-0.10872726648575019,-715.9690498086651,0.48858541221890356
DEMA,i003,BTCUSDT,False,tp1.80,6267,-0.10119690521069999,-634.2010049554568,0.5138261964563559
DEMA,i003,BTCUSDT,False,sl0.50,6632,-0.10493988651355686,-695.9613273579091,0.4989575174007676
DEMA,i003,BTCUSDT,False,sl1.20,6298,-0.10631344799944446,-669.5620955005013,0.49610417646788707
DEMA,i003,BTCUSDT,False,fee0.02,6383,-0.04750879581138772,-303.2486436640878,0.7169735693044682
DEMA,i003,BTCUSDT,False,fee0.07,6383,-0.14750917487986265,-941.5510632581633,0.39545227310072206
DEMA,i003,BTCUSDT,False,slip3,6383,-0.10792408908201945,-688.8794606105301,0.4931915968978272
DEMA,i003,BTCUSDT,False,no_funding,6383,-0.10753623851175514,-686.4038104205331,0.49425145322500924
DEMA,i003,BTCUSDT,True,baseline,1601,-0.08594547062174539,-137.59869846541434,0.7994620250246304
DEMA,i003,BTCUSDT,True,tp0.80,1790,-0.10024425316495238,-179.43721316526475,0.7447501874394107
DEMA,i003,BTCUSDT,True,tp1.80,1467,-0.0857464103713478,-125.78998401476721,0.8113531399287018
DEMA,i003,BTCUSDT,True,sl0.50,1954,-0.09040884122763837,-176.65887575880538,0.7563300999621375
DEMA,i003,BTCUSDT,True,sl1.20,1408,-0.09167248103169846,-129.07485329263145,0.8025835506455363
DEMA,i003,BTCUSDT,True,fee0.02,1601,-0.02593644654877711,-41.524250924592145,0.9340652234304181
DEMA,i003,BTCUSDT,True,fee0.07,1601,-0.1259514866703909,-201.64833015929585,0.7216894742095936
DEMA,i003,BTCUSDT,True,slip3,1601,-0.08636954303069291,-138.27763839213935,0.7985906108969392
DEMA,i003,BTCUSDT,True,no_funding,1601,-0.08522656743623631,-136.44773446541433,0.8009820481508907
TEMA,i004,BTCUSDT,False,baseline,7320,-0.10443562389214622,-764.4687668905103,0.4813317816997007
TEMA,i004,BTCUSDT,False,tp0.80,7545,-0.10434346300964455,-787.2714284077682,0.48384637215474524
TEMA,i004,BTCUSDT,False,tp1.80,7215,-0.09888060862607753,-713.4235912371494,0.5044421922228188
TEMA,i004,BTCUSDT,False,sl0.50,7555,-0.10137653404098475,-765.8997146796398,0.48448952067940526
TEMA,i004,BTCUSDT,False,sl1.20,7216,-0.10532025939513368,-759.9909917952847,0.4739619633272313
TEMA,i004,BTCUSDT,False,fee0.02,7320,-0.04443537177136156,-325.26692136636666,0.7189428103259748
TEMA,i004,BTCUSDT,False,fee0.07,7320,-0.14443579197266934,-1057.2699972399396,0.37745317986571053
TEMA,i004,BTCUSDT,False,slip3,7320,-0.10484969072904039,-767.4997361365756,0.4800729927652602
TEMA,i004,BTCUSDT,False,no_funding,7320,-0.10443423755334841,-764.4586188905104,0.48132823873131814
TEMA,i004,BTCUSDT,True,baseline,1751,-0.08193951978825162,-143.4760991492286,0.8082662644980575
TEMA,i004,BTCUSDT,True,tp0.80,1984,-0.08288686414432239,-164.44753846233561,0.7853928430482203
TEMA,i004,BTCUSDT,True,tp1.80,1586,-0.08359012124683152,-132.57393229747478,0.8151223750148145
TEMA,i004,BTCUSDT,True,sl0.50,2184,-0.09157984715417433,-200.01038618471677,0.7535187187747838
TEMA,i004,BTCUSDT,True,sl1.20,1526,-0.09014012492447854,-137.55383063475426,0.804994484031207
TEMA,i004,BTCUSDT,True,fee0.02,1751,-0.02193030162394175,-38.39995814352201,0.9440994661750576
TEMA,i004,BTCUSDT,True,fee0.07,1751,-0.12194566523112489,-213.52685981969967,0.7297492430131173
TEMA,i004,BTCUSDT,True,slip3,1751,-0.08236382973089505,-144.21906585879725,0.8073864475521025
TEMA,i004,BTCUSDT,True,no_funding,1751,-0.08124953235250061,-142.2679311492286,0.8097562972763546
Hull MA,i005,BTCUSDT,False,baseline,7774,-0.10508011697582667,-816.8928293700766,0.47147988661026685
Hull MA,i005,BTCUSDT,False,tp0.80,8001,-0.10336599850569003,-827.031354044026,0.4809286038402577
Hull MA,i005,BTCUSDT,False,tp1.80,7656,-0.10342193799705948,-791.7983573054875,0.4735401231877783
Hull MA,i005,BTCUSDT,False,sl0.50,8043,-0.10144018630997914,-815.8834184911623,0.4841125056888047
Hull MA,i005,BTCUSDT,False,sl1.20,7675,-0.10675121834357831,-819.3156007869636,0.46571273954383896
Hull MA,i005,BTCUSDT,False,fee0.02,7774,-0.045080171143934596,-350.4532504729475,0.7116474232393762
Hull MA,i005,BTCUSDT,False,fee0.07,7774,-0.14508008086375473,-1127.8525486348294,0.3671971539092061
Hull MA,i005,BTCUSDT,False,slip3,7774,-0.10549447296114228,-820.1140327999202,0.4702111211387662
Hull MA,i005,BTCUSDT,False,no_funding,7774,-0.10508179809236898,-816.9058983700766,0.47143376045024044
Hull MA,i005,BTCUSDT,True,baseline,1805,-0.07484535002057288,-135.09585678713404,0.824435347349249
Hull MA,i005,BTCUSDT,True,tp0.80,2084,-0.08745997314709274,-182.26658403854125,0.7743550429409791
Hull MA,i005,BTCUSDT,True,tp1.80,1623,-0.09565815284470884,-155.25318206696247,0.7902767157176774
Hull MA,i005,BTCUSDT,True,sl0.50,2273,-0.09838376153484475,-223.62628996870214,0.7381471577055327
Hull MA,i005,BTCUSDT,True,sl1.20,1561,-0.08058094553660618,-125.78685598264225,0.8246450215464332
Hull MA,i005,BTCUSDT,True,fee0.02,1805,-0.014838044672829684,-26.782670634457578,0.9621005022199661
Hull MA,i005,BTCUSDT,True,fee0.07,1805,-0.11485022025240169,-207.30464755558503,0.7448226190952707
Hull MA,i005,BTCUSDT,True,slip3,1805,-0.07527009497888758,-135.86252143689208,0.8235423104973392
Hull MA,i005,BTCUSDT,True,no_funding,1805,-0.07410611677957564,-133.76154078713404,0.826043173089817
Hamming MA,i006,BTCUSDT,False,baseline,4250,-0.10251597636298797,-435.69289954269885,0.5599977600408669
Hamming MA,i006,BTCUSDT,False,tp0.80,4410,-0.10487924421137439,-462.517466972161,0.5424934866565156
Hamming MA,i006,BTCUSDT,False,tp1.80,4156,-0.09653582440403242,-401.2028862231587,0.5864020444913522
Hamming MA,i006,BTCUSDT,False,sl0.50,4486,-0.1066504453947473,-478.4338980408363,0.5486517019370647
Hamming MA,i006,BTCUSDT,False,sl1.20,4187,-0.10412212081183575,-435.9593198391563,0.5506549326046336
Hamming MA,i006,BTCUSDT,False,fee0.02,4250,-0.04251648903656191,-180.6950784053881,0.7740935726265019
Hamming MA,i006,BTCUSDT,False,fee0.07,4250,-0.14251563458060537,-605.6914469675728,0.4604169447187192
Hamming MA,i006,BTCUSDT,False,slip3,4250,-0.10293068509025641,-437.45541163358973,0.5588174080104672
Hamming MA,i006,BTCUSDT,False,no_funding,4250,-0.10248973330416444,-435.58136654269896,0.5600809222646078
Hamming MA,i006,BTCUSDT,True,baseline,1287,-0.08593201282586267,-110.59450050688527,0.797214889741416
Hamming MA,i006,BTCUSDT,True,tp0.80,1400,-0.08551762201582104,-119.72467082214946,0.775602568986456
Hamming MA,i006,BTCUSDT,True,tp1.80,1210,-0.07262998283470609,-87.88227922999437,0.8362198355306368
Hamming MA,i006,BTCUSDT,True,sl0.50,1581,-0.10412084627195782,-164.6150579559653,0.7225716505808618
Hamming MA,i006,BTCUSDT,True,sl1.20,1150,-0.08750939113865118,-100.63579980944886,0.8080648279468985
Hamming MA,i006,BTCUSDT,True,fee0.02,1287,-0.025923930969367834,-33.3640991575764,0.9333053360693317
Hamming MA,i006,BTCUSDT,True,fee0.07,1287,-0.1259374007301926,-162.0814347397579,0.7187331647165587
Hamming MA,i006,BTCUSDT,True,slip3,1287,-0.08635462563337891,-111.13840319015867,0.7963383067993632
Hamming MA,i006,BTCUSDT,True,no_funding,1287,-0.08518823271708256,-109.63725550688525,0.7987946256740882
Arnaud Legoux MA,i007,BTCUSDT,False,baseline,7095,-0.10264404071805137,-728.2594688945745,0.4769333992375079
Arnaud Legoux MA,i007,BTCUSDT,False,tp0.80,7293,-0.1045935035666501,-762.8004215115792,0.4675699291406432
Arnaud Legoux MA,i007,BTCUSDT,False,tp1.80,6992,-0.09820929741256725,-686.6794075086702,0.498669631931588
Arnaud Legoux MA,i007,BTCUSDT,False,sl0.50,7346,-0.10299426582594105,-756.5958767573629,0.47993348455153023
Arnaud Legoux MA,i007,BTCUSDT,False,sl1.20,7036,-0.10180336471222647,-716.2884741152253,0.4764604945385652
Arnaud Legoux MA,i007,BTCUSDT,False,fee0.02,7095,-0.0426453982620565,-302.5691006692909,0.7184835067054722
Arnaud Legoux MA,i007,BTCUSDT,False,fee0.07,7095,-0.14264313568871462,-1012.0530477114303,0.37404198410927697
Arnaud Legoux MA,i007,BTCUSDT,False,slip3,7095,-0.10305874834372646,-731.2018194987392,0.4756744733785168
Arnaud Legoux MA,i007,BTCUSDT,False,no_funding,7095,-0.10262542930156088,-728.1274208945745,0.47695133951676816
Arnaud Legoux MA,i007,BTCUSDT,True,baseline,1647,-0.07907969705601663,-130.2442610512594,0.8144336153543584
Arnaud Legoux MA,i007,BTCUSDT,True,tp0.80,1870,-0.08602774278244708,-160.87187900317605,0.7760896379063053
Arnaud Legoux MA,i007,BTCUSDT,True,tp1.80,1509,-0.0857841510784401,-129.44828397736612,0.8113897052001455
Arnaud Legoux MA,i007,BTCUSDT,True,sl0.50,2035,-0.08224614183236698,-167.3708986288668,0.7765745415269525
Arnaud Legoux MA,i007,BTCUSDT,True,sl1.20,1455,-0.0894512354723771,-130.15154761230866,0.8059453416878049
Arnaud Legoux MA,i007,BTCUSDT,True,fee0.02,1647,-0.019073430496491767,-31.413940027721942,0.9512372744819191
Arnaud Legoux MA,i007,BTCUSDT,True,fee0.07,1647,-0.11908387476236655,-196.1311417336177,0.7354486784389159
Arnaud Legoux MA,i007,BTCUSDT,True,slip3,1647,-0.07950431799217218,-130.9436117331076,0.8135468598286273
Arnaud Legoux MA,i007,BTCUSDT,True,no_funding,1647,-0.07836925625455943,-129.07416505125937,0.8159562057326996
Least Squares MA,i008,BTCUSDT,False,baseline,4087,-0.1057554154998307,-432.22238314780805,0.5759747102304308
Least Squares MA,i008,BTCUSDT,False,tp0.80,4246,-0.11388439658365627,-483.5531478942046,0.5426810225332063
Least Squares MA,i008,BTCUSDT,False,tp1.80,3976,-0.10469308435851989,-416.2597034094751,0.5777792918322152
Least Squares MA,i008,BTCUSDT,False,sl0.50,4302,-0.11053126083810487,-475.5054841255271,0.54389667640304
Least Squares MA,i008,BTCUSDT,False,sl1.20,4002,-0.10557635268397599,-422.51656344127196,0.5789618584160884
Least Squares MA,i008,BTCUSDT,False,fee0.02,4087,-0.04575548682670915,-187.0026746607603,0.7767294776513315
Least Squares MA,i008,BTCUSDT,False,fee0.07,4087,-0.1457553679485784,-595.7021888058399,0.4798762391407727
Least Squares MA,i008,BTCUSDT,False,slip3,4087,-0.10617045859120536,-433.9186642622563,0.5748461341675002
Least Squares MA,i008,BTCUSDT,False,no_funding,4087,-0.1056642792140465,-431.84990914780803,0.5762375792575676
Least Squares MA,i008,BTCUSDT,True,baseline,1248,-0.10429292126425131,-130.15756573778563,0.7649617999715993
Least Squares MA,i008,BTCUSDT,True,tp0.80,1350,-0.10454372863266503,-141.13403365409778,0.7377609689250452
Least Squares MA,i008,BTCUSDT,True,tp1.80,1178,-0.09633777877017384,-113.48590339126478,0.7922693111585591
Least Squares MA,i008,BTCUSDT,True,sl0.50,1527,-0.11758225295447067,-179.54810026147672,0.6939210627473281
Least Squares MA,i008,BTCUSDT,True,sl1.20,1109,-0.10199350869091861,-113.11080113822874,0.7842923874488628
Least Squares MA,i008,BTCUSDT,True,fee0.02,1248,-0.044289032254812205,-55.272712254005626,0.8915416522373564
Least Squares MA,i008,BTCUSDT,True,fee0.07,1248,-0.14429551393721074,-180.08080139363898,0.6914954109260518
Least Squares MA,i008,BTCUSDT,True,slip3,1248,-0.10471485022416005,-130.68413307975172,0.764144246736103
Least Squares MA,i008,BTCUSDT,True,no_funding,1248,-0.10346348616809746,-129.12243073778563,0.7666300889479717
Smoothed MA,i009,BTCUSDT,False,baseline,3939,-0.0943921418215402,-371.81064663504685,0.568663593077152
Smoothed MA,i009,BTCUSDT,False,tp0.80,4063,-0.10327029625171091,-419.58721367070143,0.5239493404430117
Smoothed MA,i009,BTCUSDT,False,tp1.80,3865,-0.08941712826946065,-345.5972007614654,0.5960343312085024
Smoothed MA,i009,BTCUSDT,False,sl0.50,4112,-0.0976121177076414,-401.38102801382144,0.5612311081110253
Smoothed MA,i009,BTCUSDT,False,sl1.20,3895,-0.09479054161621142,-369.2091595951435,0.5633601322794731
Smoothed MA,i009,BTCUSDT,False,fee0.02,3939,-0.03439369545380363,-135.47676639253248,0.7997664165165739
Smoothed MA,i009,BTCUSDT,False,fee0.07,3939,-0.13439110606669794,-529.3665667967232,0.46498248123025787
Smoothed MA,i009,BTCUSDT,False,slip3,3939,-0.09480691761154511,-373.4444484718762,0.5674230398971424
Smoothed MA,i009,BTCUSDT,False,no_funding,3939,-0.09433648835619368,-371.5914276350469,0.5688645546933778
Smoothed MA,i009,BTCUSDT,True,baseline,1132,-0.04881198079018075,-55.25516225448462,0.8803522704390594
Smoothed MA,i009,BTCUSDT,True,tp0.80,1218,-0.06348290391130201,-77.32217696396586,0.8279460637202414
Smoothed MA,i009,BTCUSDT,True,tp1.80,1073,-0.01982614571209676,-21.273454349079824,0.9530818585793539
Smoothed MA,i009,BTCUSDT,True,sl0.50,1358,-0.07398033037154403,-100.4652886445568,0.7956576457891917
Smoothed MA,i009,BTCUSDT,True,sl1.20,1031,-0.06626258549613868,-68.31672564651899,0.851379013877069
Smoothed MA,i009,BTCUSDT,True,fee0.02,1132,0.011194586386798095,12.672271789855444,1.0298882759115875
Smoothed MA,i009,BTCUSDT,True,fee0.07,1132,-0.08881635890816668,-100.54011828404468,0.7938911628427802
Smoothed MA,i009,BTCUSDT,True,slip3,1132,-0.04923337383930582,-55.732179186094186,0.8793902614113409
Smoothed MA,i009,BTCUSDT,True,no_funding,1132,-0.04799944192092281,-54.33536825448462,0.8822393080713925
Adaptive MA,i010,BTCUSDT,False,baseline,3518,-0.10831693421054774,-381.05897455270696,0.5546020847111877
Adaptive MA,i010,BTCUSDT,False,tp0.80,3639,-0.10640885683675955,-387.22183002896804,0.5438012910420947
Adaptive MA,i010,BTCUSDT,False,tp1.80,3447,-0.09876200831096335,-340.43264264789065,0.5962669724525433
Adaptive MA,i010,BTCUSDT,False,sl0.50,3716,-0.10289390727936518,-382.353759450121,0.5766305931921938
Adaptive MA,i010,BTCUSDT,False,sl1.20,3475,-0.10879968294216395,-378.0788982240198,0.553077914572049
Adaptive MA,i010,BTCUSDT,False,fee0.02,3518,-0.04831749996109067,-169.98096486311698,0.7531227625472364
Adaptive MA,i010,BTCUSDT,False,fee0.07,3518,-0.14831655704351915,-521.7776476791004,0.46182054656882476
Adaptive MA,i010,BTCUSDT,False,slip3,3518,-0.10873052925341897,-382.5140019135279,0.5535103276395932
Adaptive MA,i010,BTCUSDT,False,no_funding,3518,-0.1082319933350503,-380.760152552707,0.5548281030007394
Adaptive MA,i010,BTCUSDT,True,baseline,1102,-0.05815710964719595,-64.08913483120993,0.8578601130084349
Adaptive MA,i010,BTCUSDT,True,tp0.80,1173,-0.059967444863846274,-70.34181282529168,0.8362609358890758
Adaptive MA,i010,BTCUSDT,True,tp1.80,1046,-0.04594409823221296,-48.05752675089476,0.8931324808342815
Adaptive MA,i010,BTCUSDT,True,sl0.50,1288,-0.06676849471056844,-85.99782118721214,0.8145454175529654
Adaptive MA,i010,BTCUSDT,True,sl1.20,1013,-0.08059943628216125,-81.64722895382934,0.822639394175432
Adaptive MA,i010,BTCUSDT,True,fee0.02,1102,0.001851677844737452,2.040548984900672,1.00493548116239
Adaptive MA,i010,BTCUSDT,True,fee0.07,1102,-0.09816296797515156,-108.17559070861702,0.7730460022594093
Adaptive MA,i010,BTCUSDT,True,slip3,1102,-0.058578047970328735,-64.55300886330227,0.8569164184104171
Adaptive MA,i010,BTCUSDT,True,no_funding,1102,-0.05740968677968232,-63.265474831209914,0.8595796126240095
Multi-Timeframe MA,i011,BTCUSDT,False,baseline,1469,-0.09656267199645692,-141.85056516279522,0.6517203014621683
Multi-Timeframe MA,i011,BTCUSDT,False,tp0.80,1492,-0.09295335784271626,-138.68640990133264,0.6386712391756663
Multi-Timeframe MA,i011,BTCUSDT,False,tp1.80,1457,-0.07809975692480783,-113.79134583944501,0.7236000735136332
Multi-Timeframe MA,i011,BTCUSDT,False,sl0.50,1563,-0.0935873533247913,-146.2770332466488,0.6540026279922242
Multi-Timeframe MA,i011,BTCUSDT,False,sl1.20,1434,-0.1003523331981359,-143.90524580612686,0.6398695894107908
Multi-Timeframe MA,i011,BTCUSDT,False,fee0.02,1469,-0.03656151818143216,-53.70887020852384,0.8410890036033424
Multi-Timeframe MA,i011,BTCUSDT,False,fee0.07,1469,-0.13656344120647343,-200.61169513230945,0.5581544839118174
Multi-Timeframe MA,i011,BTCUSDT,False,slip3,1469,-0.09697700728270393,-142.45922369829208,0.6506383156438953
Multi-Timeframe MA,i011,BTCUSDT,False,no_funding,1469,-0.0964507189671853,-141.6861061627952,0.6520626074228193
Multi-Timeframe MA,i011,BTCUSDT,True,baseline,492,-0.033447857457980616,-16.456345869326462,0.9116418946494179
Multi-Timeframe MA,i011,BTCUSDT,True,tp0.80,510,-0.030724295155745186,-15.669390529430045,0.9082665450231053
Multi-Timeframe MA,i011,BTCUSDT,True,tp1.80,487,-0.02451616637615075,-11.939373025185414,0.9387748922529492
Multi-Timeframe MA,i011,BTCUSDT,True,sl0.50,572,-0.05591903314991222,-31.98568696174979,0.8384363696051952
Multi-Timeframe MA,i011,BTCUSDT,True,sl1.20,467,-0.04270916180686995,-19.945178563808263,0.8950248648202936
Multi-Timeframe MA,i011,BTCUSDT,True,fee0.02,492,0.02656042313428601,13.067728182068716,1.0767638211454191
Multi-Timeframe MA,i011,BTCUSDT,True,fee0.07,492,-0.07345337785282505,-36.13906190358992,0.8169004848373788
Multi-Timeframe MA,i011,BTCUSDT,True,slip3,492,-0.03386882681193014,-16.66346279146963,0.9105859979948552
Multi-Timeframe MA,i011,BTCUSDT,True,no_funding,492,-0.032427172498631,-15.954168869326454,0.9142467859390006
WMA,i012,BTCUSDT,False,baseline,5379,-0.10123768988561535,-544.557533894725,0.5275641500213452
WMA,i012,BTCUSDT,False,tp0.80,5544,-0.10652576465812184,-590.5788392646275,0.5000555854276252
WMA,i012,BTCUSDT,False,tp1.80,5276,-0.09551946959544917,-503.9607215855898,0.5528977319574832
WMA,i012,BTCUSDT,False,sl0.50,5601,-0.10552307726889401,-591.0347557830753,0.5152802245139729
WMA,i012,BTCUSDT,False,sl1.20,5311,-0.10559860896833317,-560.8342122308176,0.5067509006018343
WMA,i012,BTCUSDT,False,fee0.02,5379,-0.04123746451982214,-221.81632165212326,0.7554666229385828
WMA,i012,BTCUSDT,False,fee0.07,5379,-0.1412378401294775,-759.7183420564594,0.42588993921812013
WMA,i012,BTCUSDT,False,slip3,5379,-0.10165176455660072,-546.7848415499552,0.5263463386181033
WMA,i012,BTCUSDT,False,no_funding,5379,-0.10121281630316506,-544.4237388947249,0.5276646794063662
WMA,i012,BTCUSDT,True,baseline,1424,-0.0830808521817482,-118.30713350680944,0.8046214290431302
WMA,i012,BTCUSDT,True,tp0.80,1575,-0.0908916780823096,-143.1543929796376,0.764021812139233
WMA,i012,BTCUSDT,True,tp1.80,1324,-0.06653661847626416,-88.09448286257374,0.8496248564822432
WMA,i012,BTCUSDT,True,sl0.50,1762,-0.09472868602546006,-166.9119447768606,0.7449438329318802
WMA,i012,BTCUSDT,True,sl1.20,1271,-0.08960506961883385,-113.88804348553782,0.8061974990929787
WMA,i012,BTCUSDT,True,fee0.02,1424,-0.02307239830057415,-32.85509518001759,0.9408584438200888
WMA,i012,BTCUSDT,True,fee0.07,1424,-0.12308648810253091,-175.275159058004,0.7260271978786109
WMA,i012,BTCUSDT,True,slip3,1424,-0.0835047301013056,-118.91073566425918,0.8037408574398865
WMA,i012,BTCUSDT,True,no_funding,1424,-0.08235446243455719,-117.27275450680943,0.8061802083178777
McGinley Dynamic,i013,BTCUSDT,False,baseline,2795,-0.09809658280302248,-274.1799489344478,0.5877795102220851
McGinley Dynamic,i013,BTCUSDT,False,tp0.80,2882,-0.10030478904805576,-289.07840203649664,0.5636050690851002
McGinley Dynamic,i013,BTCUSDT,False,tp1.80,2738,-0.10181900838411746,-278.7804449557136,0.5778343963405308
McGinley Dynamic,i013,BTCUSDT,False,sl0.50,2941,-0.10432767279514982,-306.82768569053565,0.5681908466423023
McGinley Dynamic,i013,BTCUSDT,False,sl1.20,2760,-0.10016830381785581,-276.46451853728206,0.5776562465880134
McGinley Dynamic,i013,BTCUSDT,False,fee0.02,2795,-0.038097339523735375,-106.48206396884036,0.7988952876470404
McGinley Dynamic,i013,BTCUSDT,False,fee0.07,2795,-0.13809607832254717,-385.97853891151937,0.4903728026458428
McGinley Dynamic,i013,BTCUSDT,False,slip3,2795,-0.09851123000478089,-275.33888786336263,0.5866254484977612
McGinley Dynamic,i013,BTCUSDT,False,no_funding,2795,-0.09800918638084,-273.93567593444783,0.5879996275994083
McGinley Dynamic,i013,BTCUSDT,True,baseline,871,-0.031479018760555026,-27.418225340443424,0.9198489054545993
McGinley Dynamic,i013,BTCUSDT,True,tp0.80,920,-0.03659833504332187,-33.67046823985612,0.895284869065817
McGinley Dynamic,i013,BTCUSDT,True,tp1.80,849,-0.004077192644492914,-3.461536555174484,0.9901111988671427
McGinley Dynamic,i013,BTCUSDT,True,sl0.50,1028,-0.04668423736670389,-47.9913960129716,0.8663136370353082
McGinley Dynamic,i013,BTCUSDT,True,sl1.20,814,-0.05426774352368634,-44.17394322828068,0.8757143056625559
McGinley Dynamic,i013,BTCUSDT,True,fee0.02,871,0.02852705949317391,24.847068818554476,1.0794044908653702
McGinley Dynamic,i013,BTCUSDT,True,fee0.07,871,-0.07148307092970767,-62.26175477977538,0.8280778344752378
McGinley Dynamic,i013,BTCUSDT,True,slip3,871,-0.031898579228891916,-27.78366250836486,0.9188299083945319
McGinley Dynamic,i013,BTCUSDT,True,no_funding,871,-0.030747500964917813,-26.781073340443417,0.9216522989500289
Guppy MMA,i014,BTCUSDT,False,baseline,1098,-0.087941378964382,-96.55963410289145,0.7856331063893044
Guppy MMA,i014,BTCUSDT,False,tp0.80,1126,-0.10452396718414422,-117.69398704934639,0.7239311568358757
Guppy MMA,i014,BTCUSDT,False,tp1.80,1087,-0.08228130860992647,-89.43978245899007,0.8085296046155479
Guppy MMA,i014,BTCUSDT,False,sl0.50,1307,-0.09117676760548193,-119.16803526036487,0.7507055494749422
Guppy MMA,i014,BTCUSDT,False,sl1.20,994,-0.10024747386654981,-99.6459890233505,0.771367393540985
Guppy MMA,i014,BTCUSDT,False,fee0.02,1098,-0.027943255877855545,-30.68169495388539,0.9252324103086
Guppy MMA,i014,BTCUSDT,False,fee0.07,1098,-0.127940127688733,-140.47826020222885,0.7057902931106109
Guppy MMA,i014,BTCUSDT,False,slip3,1098,-0.08835575005420392,-97.01461355951591,0.7847560019685418
Guppy MMA,i014,BTCUSDT,False,no_funding,1098,-0.08767495000263337,-96.26709510289145,0.7862229408382262
Guppy MMA,i014,BTCUSDT,True,baseline,613,-0.060624556238534515,-37.162852974221664,0.8522345300822709
Guppy MMA,i014,BTCUSDT,True,tp0.80,629,-0.0662540805587423,-41.673816671448904,0.820475277454092
Guppy MMA,i014,BTCUSDT,True,tp1.80,609,-0.05583203913509132,-34.00171183327061,0.8706659425224029
Guppy MMA,i014,BTCUSDT,True,sl0.50,689,-0.07970683921546304,-54.91801221945403,0.7835359531776315
Guppy MMA,i014,BTCUSDT,True,sl1.20,583,-0.052463364591997165,-30.586141557134344,0.8814923352789013
Guppy MMA,i014,BTCUSDT,True,fee0.02,613,-0.0006237742191595914,-0.3823735963448295,0.9983410257457194
Guppy MMA,i014,BTCUSDT,True,fee0.07,613,-0.10062507758478449,-61.6831725594729,0.7679522821811731
Guppy MMA,i014,BTCUSDT,True,slip3,613,-0.06104076692368123,-37.417990124216594,0.8513077139362542
Guppy MMA,i014,BTCUSDT,True,no_funding,613,-0.05959728380786566,-36.533134974221646,0.854536604019723
MA Cross,i015,BTCUSDT,False,baseline,1496,-0.0890000123949759,-133.14401854288397,0.7416235910666321
MA Cross,i015,BTCUSDT,False,tp0.80,1552,-0.09798700617370927,-152.0758335815968,0.695930150360107
MA Cross,i015,BTCUSDT,False,tp1.80,1454,-0.07174918252792627,-104.3233113956048,0.7985180798691707
MA Cross,i015,BTCUSDT,False,sl0.50,1676,-0.0828927901541273,-138.92831629831736,0.7370143466322209
MA Cross,i015,BTCUSDT,False,sl1.20,1390,-0.0918795989493591,-127.71264253960915,0.7358309922467027
MA Cross,i015,BTCUSDT,False,fee0.02,1496,-0.028998263747250706,-43.38140256588706,0.9050064400349478
MA Cross,i015,BTCUSDT,False,fee0.07,1496,-0.12900117816012605,-192.98576252754856,0.6527679736391312
MA Cross,i015,BTCUSDT,False,slip3,1496,-0.0894152038229273,-133.76514491909924,0.7406258968440873
MA Cross,i015,BTCUSDT,False,no_funding,1496,-0.08892274568374596,-133.02842754288395,0.741872928704
MA Cross,i015,BTCUSDT,True,baseline,695,-0.03319847720399346,-23.072941656775452,0.91410174816193
MA Cross,i015,BTCUSDT,True,tp0.80,711,-0.045553097574892176,-32.38825237574834,0.8700493687586199
MA Cross,i015,BTCUSDT,True,tp1.80,681,-0.014668484360219815,-9.989237849309694,0.9638374881823855
MA Cross,i015,BTCUSDT,True,sl0.50,756,-0.050830074474839865,-38.427536302978936,0.8543797047960323
MA Cross,i015,BTCUSDT,True,sl1.20,658,-0.026441909268666564,-17.398776298782597,0.9355836984868737
MA Cross,i015,BTCUSDT,True,fee0.02,695,0.026807226913128205,18.6310227046241,1.0759121138419632
MA Cross,i015,BTCUSDT,True,fee0.07,695,-0.07320227994874123,-50.87558456437517,0.8212350176617659
MA Cross,i015,BTCUSDT,True,slip3,695,-0.03361581701554556,-23.362992825804163,0.9130745791000223
MA Cross,i015,BTCUSDT,True,no_funding,695,-0.032083462815504234,-22.298006656775442,0.9168838051345336
EMA Cross,i016,BTCUSDT,False,baseline,1280,-0.06913339148027005,-88.49074109474566,0.7989419176074852
EMA Cross,i016,BTCUSDT,False,tp0.80,1315,-0.07333545596071087,-96.43612458833479,0.7649102002634448
EMA Cross,i016,BTCUSDT,False,tp1.80,1260,-0.06846451192362343,-86.26528502376551,0.8111130232625503
EMA Cross,i016,BTCUSDT,False,sl0.50,1440,-0.08787405081287021,-126.5386331705331,0.7326199156796013
EMA Cross,i016,BTCUSDT,False,sl1.20,1217,-0.07029821483210662,-85.55292745067375,0.7991115829546644
EMA Cross,i016,BTCUSDT,False,fee0.02,1280,-0.009135181753556912,-11.693032644552847,0.9698376511452931
EMA Cross,i016,BTCUSDT,False,fee0.07,1280,-0.10913219796474549,-139.6892133948742,0.7062164015634534
EMA Cross,i016,BTCUSDT,False,slip3,1280,-0.06954729262713391,-89.0205345627314,0.7979058720013464
EMA Cross,i016,BTCUSDT,False,no_funding,1280,-0.06917791960527006,-88.54773709474567,0.7988351796959445
EMA Cross,i016,BTCUSDT,True,baseline,548,-0.013183229769307032,-7.224409913580255,0.9656736649799466
EMA Cross,i016,BTCUSDT,True,tp0.80,554,-0.030844469281295576,-17.08783598183775,0.9115862592617796
EMA Cross,i016,BTCUSDT,True,tp1.80,547,0.006349397512058025,3.47312043909574,1.0155954764609338
EMA Cross,i016,BTCUSDT,True,sl0.50,602,-0.0593263160538296,-35.71444226440542,0.833312181078332
EMA Cross,i016,BTCUSDT,True,sl1.20,517,-0.005672517263788773,-2.932691425378796,0.9859175135747968
EMA Cross,i016,BTCUSDT,True,fee0.02,548,0.04681148387412506,25.65269316302053,1.133350156718693
EMA Cross,i016,BTCUSDT,True,fee0.07,548,-0.0531797055315951,-29.142478631314116,0.8691499435524477
EMA Cross,i016,BTCUSDT,True,slip3,548,-0.013599322479924235,-7.45242871899848,0.9646115771574195
EMA Cross,i016,BTCUSDT,True,no_funding,548,-0.01219443962332161,-6.682552913580242,0.9682007530739141
MA-EMA Cross,i017,BTCUSDT,False,baseline,3097,-0.08469938976157139,-262.3140100915866,0.6844179746397185
MA-EMA Cross,i017,BTCUSDT,False,tp0.80,3283,-0.09359328500823523,-307.2667546820362,0.6499937172329949
MA-EMA Cross,i017,BTCUSDT,False,tp1.80,2991,-0.08088759918092919,-241.93480915015923,0.6989898535132938
MA-EMA Cross,i017,BTCUSDT,False,sl0.50,3356,-0.09917435283264295,-332.8291281063497,0.6213087506937632
MA-EMA Cross,i017,BTCUSDT,False,sl1.20,2977,-0.08568302566474749,-255.07836740395328,0.6847889667690279
MA-EMA Cross,i017,BTCUSDT,False,fee0.02,3097,-0.02469633680267921,-76.48455507789751,0.8923662288258636
MA-EMA Cross,i017,BTCUSDT,False,fee0.07,3097,-0.12470142506749951,-386.200313434046,0.5784160013591225
MA-EMA Cross,i017,BTCUSDT,False,slip3,3097,-0.08511470554618177,-263.6002430765249,0.6832011008998919
MA-EMA Cross,i017,BTCUSDT,False,no_funding,3097,-0.08453066938701535,-261.7914830915866,0.6849402740805166
MA-EMA Cross,i017,BTCUSDT,True,baseline,1222,-0.08021320159030418,-98.0205323433517,0.8114296949036849
MA-EMA Cross,i017,BTCUSDT,True,tp0.80,1323,-0.08997728837019565,-119.03995251376884,0.7676797098527636
MA-EMA Cross,i017,BTCUSDT,True,tp1.80,1154,-0.08204852920621193,-94.68400270396857,0.8182933952922119
MA-EMA Cross,i017,BTCUSDT,True,sl0.50,1404,-0.08907205326521306,-125.05716278435912,0.7572925734193433
MA-EMA Cross,i017,BTCUSDT,True,sl1.20,1094,-0.08735501413997424,-95.5663854691318,0.8113020999503793
MA-EMA Cross,i017,BTCUSDT,True,fee0.02,1222,-0.020205876314790587,-24.691580856674097,0.9483610747441554
MA-EMA Cross,i017,BTCUSDT,True,fee0.07,1222,-0.12021808510731327,-146.9065000011368,0.7320756190878078
MA-EMA Cross,i017,BTCUSDT,True,slip3,1222,-0.08063595915554429,-98.53714208807514,0.8105452333501848
MA-EMA Cross,i017,BTCUSDT,True,no_funding,1222,-0.07929323759685082,-96.89633634335169,0.8134032339866459
SuperTrend,i018,BTCUSDT,False,baseline,872,-0.058843447266264566,-51.311486016182705,0.8537542179037327
SuperTrend,i018,BTCUSDT,False,tp0.80,893,-0.06627120232630114,-59.18018367738692,0.8184127743821614
SuperTrend,i018,BTCUSDT,False,tp1.80,849,-0.07320095076866875,-62.14760720259977,0.8285566184086259
SuperTrend,i018,BTCUSDT,False,sl0.50,940,-0.07091567024370314,-66.66073002908095,0.8010692825769773
SuperTrend,i018,BTCUSDT,False,sl1.20,796,-0.08800950338755885,-70.05556469649684,0.8024013316987477
SuperTrend,i018,BTCUSDT,False,fee0.02,872,0.0011617032640155408,1.0130052462215517,1.0031611092513135
SuperTrend,i018,BTCUSDT,False,fee0.07,872,-0.09884688095311799,-86.1944801911189,0.76792683210609
SuperTrend,i018,BTCUSDT,False,slip3,872,-0.05925554188789202,-51.67083252624184,0.8528175097187048
SuperTrend,i018,BTCUSDT,False,no_funding,872,-0.058789901394704934,-51.264794016182705,0.8538418894058291
SuperTrend,i018,BTCUSDT,True,baseline,343,0.0064433266021018745,2.210061024520943,1.0166045490003002
SuperTrend,i018,BTCUSDT,True,tp0.80,343,-0.044429110780136664,-15.239184997586877,0.8766942886202709
SuperTrend,i018,BTCUSDT,True,tp1.80,342,0.036465084928799796,12.471059045649529,1.0887527404218296
SuperTrend,i018,BTCUSDT,True,sl0.50,347,0.004429989180218088,1.5372062455356765,1.0132360241415603
SuperTrend,i018,BTCUSDT,True,sl1.20,335,-0.010398783527564423,-3.4835924817340818,0.9756552025132115
SuperTrend,i018,BTCUSDT,True,fee0.02,343,0.0664486956096707,22.791902594117055,1.1865610867980534
SuperTrend,i018,BTCUSDT,True,fee0.07,343,-0.033560252736277364,-11.511166688543135,0.9180819387662617
SuperTrend,i018,BTCUSDT,True,slip3,343,0.006034166198865651,2.069719006210918,1.0155414119703468
SuperTrend,i018,BTCUSDT,True,no_funding,343,0.0075111312668249075,2.576318024520943,1.0193884589043765
Ichimoku Cloud,i019,BTCUSDT,False,baseline,1207,-0.09420046473118705,-113.69996093054277,0.7448278940076758
Ichimoku Cloud,i019,BTCUSDT,False,tp0.80,1240,-0.09386020835197986,-116.38665835645503,0.7203250315415415
Ichimoku Cloud,i019,BTCUSDT,False,tp1.80,1187,-0.09128471785142893,-108.35496008964614,0.763212688026373
Ichimoku Cloud,i019,BTCUSDT,False,sl0.50,1393,-0.08559263204358794,-119.230536436718,0.7456942612023805
Ichimoku Cloud,i019,BTCUSDT,False,sl1.20,1119,-0.08607886855879222,-96.3222539172885,0.7701347667173846
Ichimoku Cloud,i019,BTCUSDT,False,fee0.02,1207,-0.034191811243535465,-41.26951617094731,0.8960429991595824
Ichimoku Cloud,i019,BTCUSDT,False,fee0.07,1207,-0.13420623372295482,-161.98692410360644,0.661478382457451
Ichimoku Cloud,i019,BTCUSDT,False,slip3,1207,-0.09461824382288413,-114.20422029422114,0.7438930118880505
Ichimoku Cloud,i019,BTCUSDT,False,no_funding,1207,-0.09404534956962947,-113.51273693054279,0.7452348409414832
Ichimoku Cloud,i019,BTCUSDT,True,baseline,544,-0.044157447834446716,-24.021651621939014,0.8885727534202463
Ichimoku Cloud,i019,BTCUSDT,True,tp0.80,562,-0.04776214910445089,-26.842327796701397,0.8654173094904051
Ichimoku Cloud,i019,BTCUSDT,True,tp1.80,534,-0.04749629207598439,-25.363019968575664,0.8875105849402262
Ichimoku Cloud,i019,BTCUSDT,True,sl0.50,616,-0.054007013307225835,-33.268320197251114,0.8464468515515609
Ichimoku Cloud,i019,BTCUSDT,True,sl1.20,513,-0.04992892867182123,-25.61354040864429,0.8838655987647446
Ichimoku Cloud,i019,BTCUSDT,True,fee0.02,544,0.015858992018606757,8.627291658122077,1.043673546065899
Ichimoku Cloud,i019,BTCUSDT,True,fee0.07,544,-0.08416840773648239,-45.78761380864642,0.7992581401382856
Ichimoku Cloud,i019,BTCUSDT,True,slip3,544,-0.04457699525006699,-24.24988541603644,0.8875815078889777
Ichimoku Cloud,i019,BTCUSDT,True,no_funding,544,-0.04321570151091731,-23.50934162193902,0.8908836829675397
Parabolic SAR,i020,BTCUSDT,False,baseline,2194,-0.11131016912570776,-244.21451106180285,0.6636900940835473
Parabolic SAR,i020,BTCUSDT,False,tp0.80,2324,-0.10610873441959455,-246.59669879113775,0.6603989369073507
Parabolic SAR,i020,BTCUSDT,False,tp1.80,2106,-0.1045963947343633,-220.28000731056912,0.6890416254665912
Parabolic SAR,i020,BTCUSDT,False,sl0.50,2471,-0.11820822805928438,-292.0925315344917,0.6252074674477788
Parabolic SAR,i020,BTCUSDT,False,sl1.20,2069,-0.1158733724436332,-239.74200758587708,0.6568467929278005
Parabolic SAR,i020,BTCUSDT,False,fee0.02,2194,-0.05131124094026906,-112.57686262295033,0.8239581447237925
Parabolic SAR,i020,BTCUSDT,False,fee0.07,2194,-0.15130945458266695,-331.97294335437124,0.577761845330717
Parabolic SAR,i020,BTCUSDT,False,slip3,2194,-0.11172581706257133,-245.1264426352815,0.6627178193142033
Parabolic SAR,i020,BTCUSDT,False,no_funding,2194,-0.11132246174193386,-244.24148106180292,0.6636982558990698
Parabolic SAR,i020,BTCUSDT,True,baseline,950,-0.06797578599075091,-64.57699669121337,0.8381963391432318
Parabolic SAR,i020,BTCUSDT,True,tp0.80,1002,-0.07522566363146095,-75.37611495872387,0.8024557469907809
Parabolic SAR,i020,BTCUSDT,True,tp1.80,920,-0.0720857020664582,-66.31884590114154,0.8384649386519624
Parabolic SAR,i020,BTCUSDT,True,sl0.50,1067,-0.09462765047678427,-100.96770305872882,0.7466985117983416
Parabolic SAR,i020,BTCUSDT,True,sl1.20,874,-0.07202261028407747,-62.94776138828371,0.8428844691835693
Parabolic SAR,i020,BTCUSDT,True,fee0.02,950,-0.007970150338127497,-7.571642821221122,0.9793388021375142
Parabolic SAR,i020,BTCUSDT,True,fee0.07,950,-0.1079795430924999,-102.5805659378749,0.7565846143681838
Parabolic SAR,i020,BTCUSDT,True,slip3,950,-0.06839530917443579,-64.975543715714,0.8372918948475876
Parabolic SAR,i020,BTCUSDT,True,no_funding,950,-0.0670792312539088,-63.72526969121336,0.8401328369308101
Directional Movement,i021,BTCUSDT,False,baseline,2012,-0.0955827884763218,-192.31257041435947,0.6536803936206561
Directional Movement,i021,BTCUSDT,False,tp0.80,2071,-0.10672870065862321,-221.03513906400866,0.5968511327205388
Directional Movement,i021,BTCUSDT,False,tp1.80,1968,-0.10184081762914544,-200.42272909415826,0.6383167611829721
Directional Movement,i021,BTCUSDT,False,sl0.50,2187,-0.10013869497452599,-219.00332590928832,0.6338585706480315
Directional Movement,i021,BTCUSDT,False,sl1.20,1965,-0.09317978752622108,-183.09828248902443,0.6618039440392348
Directional Movement,i021,BTCUSDT,False,fee0.02,2012,-0.03558056022741482,-71.5880871775586,0.8460150543305173
Directional Movement,i021,BTCUSDT,False,fee0.07,2012,-0.1355842739755931,-272.79555923889336,0.5583846563983744
Directional Movement,i021,BTCUSDT,False,slip3,2012,-0.09599799479326158,-193.14796552404232,0.6525754098984319
Directional Movement,i021,BTCUSDT,False,no_funding,2012,-0.09552373778049675,-192.19376041435945,0.6538387238852528
Directional Movement,i021,BTCUSDT,True,baseline,731,-0.037349115514159315,-27.30220344085046,0.9048143646991098
Directional Movement,i021,BTCUSDT,True,tp0.80,761,-0.0635080174981415,-48.32960131608568,0.8257958666720981
Directional Movement,i021,BTCUSDT,True,tp1.80,720,-0.015669149207862783,-11.281787429661204,0.9619231514402395
Directional Movement,i021,BTCUSDT,True,sl0.50,843,-0.06282197053991216,-52.95892116514595,0.8232813261423679
Directional Movement,i021,BTCUSDT,True,sl1.20,683,-0.03663819374205975,-25.023886325826812,0.9130436237613173
Directional Movement,i021,BTCUSDT,True,fee0.02,731,0.022659352731312237,16.563986846589245,1.0630643060806853
Directional Movement,i021,BTCUSDT,True,fee0.07,731,-0.07735476101114039,-56.54633029914362,0.813623794064611
Directional Movement,i021,BTCUSDT,True,slip3,731,-0.03776848133171264,-27.60875985348194,0.9038032551858871
Directional Movement,i021,BTCUSDT,True,no_funding,731,-0.036597211273393215,-26.752561440850442,0.9066520417848758
Vortex,i022,BTCUSDT,False,baseline,2539,-0.09874029118406923,-250.70159931635177,0.6318299181663445
Vortex,i022,BTCUSDT,False,tp0.80,2619,-0.10709198433045135,-280.4739069614521,0.5842016676479015
Vortex,i022,BTCUSDT,False,tp1.80,2480,-0.08686600283802035,-215.42768703829046,0.6780128178697777
Vortex,i022,BTCUSDT,False,sl0.50,2753,-0.09686065289376851,-266.6573774165447,0.6272453005261965
Vortex,i022,BTCUSDT,False,sl1.20,2452,-0.09303879573421936,-228.13112714030586,0.6465427310685964
Vortex,i022,BTCUSDT,False,fee0.02,2539,-0.038736083850735015,-98.3509168970162,0.8282407260052851
Vortex,i022,BTCUSDT,False,fee0.07,2539,-0.13874309607295873,-352.2687209292422,0.5347521027060907
Vortex,i022,BTCUSDT,False,slip3,2539,-0.09915497913235158,-251.75449201704066,0.6307030100564693
Vortex,i022,BTCUSDT,False,no_funding,2539,-0.09866429472877188,-250.5086443163518,0.6320482434984762
Vortex,i022,BTCUSDT,True,baseline,890,-0.06281817936911983,-55.90817963851664,0.8442757879128585
Vortex,i022,BTCUSDT,True,tp0.80,932,-0.07032140029134769,-65.53954507153604,0.8075799590167572
Vortex,i022,BTCUSDT,True,tp1.80,865,-0.04343611300917575,-37.57223775293702,0.8965907478372521
Vortex,i022,BTCUSDT,True,sl0.50,1024,-0.07847216491819392,-80.35549687623057,0.7844174557571916
Vortex,i022,BTCUSDT,True,sl1.20,827,-0.05221441293130798,-43.1813194941917,0.8777130762569045
Vortex,i022,BTCUSDT,True,fee0.02,890,-0.0028150469764704586,-2.505391809058708,0.9923702455510242
Vortex,i022,BTCUSDT,True,fee0.07,890,-0.10282026763088611,-91.51003819148863,0.7592181520954498
Vortex,i022,BTCUSDT,True,slip3,890,-0.06323727330205395,-56.28117323882801,0.8433319494063307
Vortex,i022,BTCUSDT,True,no_funding,890,-0.06174882543653555,-54.95645463851664,0.8467291106766719
Williams Alligator,i023,BTCUSDT,False,baseline,1450,-0.06477524518174736,-93.92410551353368,0.8159511295026458
Williams Alligator,i023,BTCUSDT,False,tp0.80,1509,-0.07857542357440774,-118.57031417378127,0.7580283268447287
Williams Alligator,i023,BTCUSDT,False,tp1.80,1418,-0.0721790669604445,-102.3499169499103,0.8056761878965963
Williams Alligator,i023,BTCUSDT,False,sl0.50,1622,-0.0630232555804577,-102.22372055150237,0.8009118863677281
Williams Alligator,i023,BTCUSDT,False,sl1.20,1342,-0.06253415801493174,-83.92084005603839,0.8273633087160032
Williams Alligator,i023,BTCUSDT,False,fee0.02,1450,-0.004766572309126931,-6.911529848234049,0.9849240434955291
Williams Alligator,i023,BTCUSDT,False,fee0.07,1450,-0.10478102709682768,-151.93248929040013,0.7218532910059077
Williams Alligator,i023,BTCUSDT,False,slip3,1450,-0.06519116922152318,-94.52719537120862,0.8149024740432047
Williams Alligator,i023,BTCUSDT,False,no_funding,1450,-0.06450722104381633,-93.53547051353368,0.8166865941800654
Williams Alligator,i023,BTCUSDT,True,baseline,731,-0.04262128570802794,-31.156159852568422,0.8932944425016475
Williams Alligator,i023,BTCUSDT,True,tp0.80,779,-0.05044363479481037,-39.29559150515728,0.8589140599730556
Williams Alligator,i023,BTCUSDT,True,tp1.80,712,-0.05259257292089477,-37.44591191967707,0.8756464356747828
Williams Alligator,i023,BTCUSDT,True,sl0.50,803,-0.04383838515272853,-35.20222327764101,0.8738951946126111
Williams Alligator,i023,BTCUSDT,True,sl1.20,707,-0.022020998329313125,-15.56884581882438,0.9472361766231249
Williams Alligator,i023,BTCUSDT,True,fee0.02,731,0.01737663827226971,12.702322577029157,1.0475056834407308
Williams Alligator,i023,BTCUSDT,True,fee0.07,731,-0.08261990169489306,-60.395148138966825,0.8044497285846045
Williams Alligator,i023,BTCUSDT,True,slip3,731,-0.04303852098740823,-31.461158841795417,0.8923136034946848
Williams Alligator,i023,BTCUSDT,True,no_funding,731,-0.04172974672033983,-30.50444485256841,0.8954334458832236
Williams Fractal,i024,BTCUSDT,False,baseline,2099,-0.10354881083435775,-217.34895394131692,0.7335007614084944
Williams Fractal,i024,BTCUSDT,False,tp0.80,2293,-0.10099463600346792,-231.58070035595193,0.7156090741242672
Williams Fractal,i024,BTCUSDT,False,tp1.80,1939,-0.09454927704791234,-183.33104819590204,0.7613243740288631
Williams Fractal,i024,BTCUSDT,False,sl0.50,2388,-0.107784227631585,-257.388735584225,0.6918806645297438
Williams Fractal,i024,BTCUSDT,False,sl1.20,1956,-0.10848305171867927,-212.19284916173663,0.7319931482763152
Williams Fractal,i024,BTCUSDT,False,fee0.02,2099,-0.04354462952294725,-91.40017736866628,0.8751722957428454
Williams Fractal,i024,BTCUSDT,False,fee0.07,2099,-0.14355159837529807,-301.31480498975066,0.6545040364320907
Williams Fractal,i024,BTCUSDT,False,slip3,2099,-0.10396597373252116,-218.2245788645619,0.7326193522281838
Williams Fractal,i024,BTCUSDT,False,no_funding,2099,-0.10355475795203281,-217.36143694131687,0.7334871009728681
Williams Fractal,i024,BTCUSDT,True,baseline,1013,-0.08533089204445052,-86.44019364102839,0.8043991946287585
Williams Fractal,i024,BTCUSDT,True,tp0.80,1118,-0.07131509792384069,-79.73027947885389,0.8130898346295948
Williams Fractal,i024,BTCUSDT,True,tp1.80,947,-0.08177895191589486,-77.44466746435243,0.8222576069035272
Williams Fractal,i024,BTCUSDT,True,sl0.50,1154,-0.10565464953316796,-121.92546556127581,0.7262865829746941
Williams Fractal,i024,BTCUSDT,True,sl1.20,944,-0.08048680634363939,-75.97954518839558,0.8275687414037924
Williams Fractal,i024,BTCUSDT,True,fee0.02,1013,-0.025328426334874823,-25.6576958772282,0.9367873317120501
Williams Fractal,i024,BTCUSDT,True,fee0.07,1013,-0.12533253585083431,-126.96185881689517,0.7277237438330639
Williams Fractal,i024,BTCUSDT,True,slip3,1013,-0.08575090676695823,-86.8656685549287,0.8035493981110738
Williams Fractal,i024,BTCUSDT,True,no_funding,1013,-0.0843933816791988,-85.49049564102837,0.8062995577412488
Aroon,i025,BTCUSDT,False,baseline,1924,-0.11651674068712972,-224.1782090820376,0.648061774412726
Aroon,i025,BTCUSDT,False,tp0.80,2015,-0.11104747929464183,-223.7606707787033,0.6402996624539858
Aroon,i025,BTCUSDT,False,tp1.80,1865,-0.11146920027428468,-207.89005851154093,0.671855749227293
Aroon,i025,BTCUSDT,False,sl0.50,2167,-0.12787055946232417,-277.0955023548565,0.5959570760322291
Aroon,i025,BTCUSDT,False,sl1.20,1807,-0.12474248590435558,-225.4096720291705,0.6298258897476723
Aroon,i025,BTCUSDT,False,fee0.02,1924,-0.056514566442650606,-108.73402583565976,0.8054285828937718
Aroon,i025,BTCUSDT,False,fee0.07,1924,-0.15651819018344915,-301.1409979129562,0.5643098876043375
Aroon,i025,BTCUSDT,False,slip3,1924,-0.11693328275490852,-224.979636020444,0.6471102441119374
Aroon,i025,BTCUSDT,False,no_funding,1924,-0.1163583742630133,-223.87351208203762,0.6484261205696146
Aroon,i025,BTCUSDT,True,baseline,845,-0.0836201223650259,-70.65900339844688,0.8021036765852301
Aroon,i025,BTCUSDT,True,tp0.80,885,-0.08159359353351586,-72.21033027716153,0.7853045823724042
Aroon,i025,BTCUSDT,True,tp1.80,821,-0.06525543477048121,-53.57471194656507,0.8525875657032255
Aroon,i025,BTCUSDT,True,sl0.50,957,-0.09257900873784813,-88.59811136212066,0.7533931231467439
Aroon,i025,BTCUSDT,True,sl1.20,788,-0.077659974043624,-61.196059546375714,0.8277994141191094
Aroon,i025,BTCUSDT,True,fee0.02,845,-0.023622968247876575,-19.961408169455705,0.9389480575091251
Aroon,i025,BTCUSDT,True,fee0.07,845,-0.12361822510979213,-104.45740021777435,0.7233375383732518
Aroon,i025,BTCUSDT,True,slip3,845,-0.08403942702191794,-71.01331583352065,0.8012298961639681
Aroon,i025,BTCUSDT,True,no_funding,845,-0.08263055195082471,-69.82281639844689,0.8041933646808974
Trend Strength Index,i026,BTCUSDT,False,baseline,1925,-0.11001884920661628,-211.78628472273635,0.6591332860986235
Trend Strength Index,i026,BTCUSDT,False,tp0.80,2023,-0.1058476838417295,-214.1298644118188,0.6501569557496557
Trend Strength Index,i026,BTCUSDT,False,tp1.80,1865,-0.10972211419243959,-204.63174296889983,0.6719652399095506
Trend Strength Index,i026,BTCUSDT,False,sl0.50,2157,-0.100001171481809,-215.702526886262,0.6727504118059572
Trend Strength Index,i026,BTCUSDT,False,sl1.20,1834,-0.09369728358632293,-171.84081809731623,0.7051968621465625
Trend Strength Index,i026,BTCUSDT,False,fee0.02,1925,-0.050015470184865976,-96.27978010586699,0.8219361969295319
Trend Strength Index,i026,BTCUSDT,False,fee0.07,1925,-0.1500211018877832,-288.79062113398265,0.5731773195057503
Trend Strength Index,i026,BTCUSDT,False,slip3,1925,-0.11043424053160975,-212.58591302334878,0.6581588661984651
Trend Strength Index,i026,BTCUSDT,False,no_funding,1925,-0.11012980297285008,-211.9998707227364,0.6589105331557639
Trend Strength Index,i026,BTCUSDT,True,baseline,831,-0.07022425155775232,-58.356353044492174,0.831636349546163
Trend Strength Index,i026,BTCUSDT,True,tp0.80,868,-0.07402171811820647,-64.25085132660323,0.8020258985580354
Trend Strength Index,i026,BTCUSDT,True,tp1.80,808,-0.08099285992373344,-65.44223081837661,0.8168297625488857
Trend Strength Index,i026,BTCUSDT,True,sl0.50,941,-0.08139213911429218,-76.59000290654893,0.7781624322394085
Trend Strength Index,i026,BTCUSDT,True,sl1.20,769,-0.053232578276102616,-40.93585269432291,0.8774862952785372
Trend Strength Index,i026,BTCUSDT,True,fee0.02,831,-0.010225544124531718,-8.497427167485858,0.9732695409596779
Trend Strength Index,i026,BTCUSDT,True,fee0.07,831,-0.11022338984656606,-91.5956369624964,0.7498820183027698
Trend Strength Index,i026,BTCUSDT,True,slip3,831,-0.0706427864125216,-58.70415550880544,0.8307323947798442
Trend Strength Index,i026,BTCUSDT,True,no_funding,831,-0.06938188934355255,-57.656350044492164,0.8334732464234926
Zig Zag,i027,BTCUSDT,False,baseline,1020,-0.08211209291720149,-83.75433477554553,0.8217148370295527
Zig Zag,i027,BTCUSDT,False,tp0.80,1080,-0.06846944098124046,-73.94699625973969,0.8300731633055151
Zig Zag,i027,BTCUSDT,False,tp1.80,961,-0.0902347257190522,-86.71557141600917,0.810011820959811
Zig Zag,i027,BTCUSDT,False,sl0.50,1079,-0.08082172549874096,-87.20664181314149,0.7931661693993626
Zig Zag,i027,BTCUSDT,False,sl1.20,896,-0.06638176342953088,-59.47806003285967,0.8624698810096096
Zig Zag,i027,BTCUSDT,False,fee0.02,1020,-0.022118648587369706,-22.5610215591171,0.9479535206640296
Zig Zag,i027,BTCUSDT,False,fee0.07,1020,-0.12210772247042272,-124.54987691983118,0.7480305494973681
Zig Zag,i027,BTCUSDT,False,slip3,1020,-0.08254054815965385,-84.19135912284693,0.8208841243554297
Zig Zag,i027,BTCUSDT,False,no_funding,1020,-0.08191203899563286,-83.55027977554552,0.8221031306027461
Zig Zag,i027,BTCUSDT,True,baseline,398,0.0009734205486713654,0.3874213783712034,1.0021805167987328
Zig Zag,i027,BTCUSDT,True,tp0.80,401,-0.040901025427741655,-16.401311196524404,0.8963550213871502
Zig Zag,i027,BTCUSDT,True,tp1.80,381,-0.008016503941667833,-3.0542880017754444,0.9839048023257558
Zig Zag,i027,BTCUSDT,True,sl0.50,400,-0.06066394850754983,-24.26557940301993,0.8459980271644196
Zig Zag,i027,BTCUSDT,True,sl1.20,384,0.024791706105519003,9.520015144519297,1.0494828381957462
Zig Zag,i027,BTCUSDT,True,fee0.02,398,0.06094214561586245,24.254973955113257,1.1473256789448592
Zig Zag,i027,BTCUSDT,True,fee0.07,398,-0.0390057294961227,-15.524280339456837,0.9167439920628241
Zig Zag,i027,BTCUSDT,True,slip3,398,0.0005412485110639338,0.21541690740344566,1.0012117850373288
Zig Zag,i027,BTCUSDT,True,no_funding,398,0.0015304607496763843,0.609123378371201,1.0034313008836577
Linear Regression Curve,i028,BTCUSDT,False,baseline,6985,-0.10374535223059678,-724.6612853307186,0.4951457543883547
Linear Regression Curve,i028,BTCUSDT,False,tp0.80,7201,-0.10284768850943189,-740.6062049564191,0.497992151808732
Linear Regression Curve,i028,BTCUSDT,False,tp1.80,6871,-0.10613097477921533,-729.2259277079886,0.48434720732652325
Linear Regression Curve,i028,BTCUSDT,False,sl0.50,7238,-0.10315472597786784,-746.6339066278074,0.4926604582558253
Linear Regression Curve,i028,BTCUSDT,False,sl1.20,6887,-0.10389676493029576,-715.5370200749468,0.4962823430931642
Linear Regression Curve,i028,BTCUSDT,False,fee0.02,6985,-0.04374581305721495,-305.5645042046464,0.7316822725813326
Linear Regression Curve,i028,BTCUSDT,False,fee0.07,6985,-0.14374504501285135,-1004.0591394147666,0.3903801531128656
Linear Regression Curve,i028,BTCUSDT,False,slip3,6985,-0.10415971486272008,-727.5556083160998,0.4938808735347728
Linear Regression Curve,i028,BTCUSDT,False,no_funding,6985,-0.10373604414183515,-724.5962683307185,0.49515827985289845
Linear Regression Curve,i028,BTCUSDT,True,baseline,1735,-0.0806750350873006,-139.97118587646656,0.8110261593414135
Linear Regression Curve,i028,BTCUSDT,True,tp0.80,1969,-0.0815186070462335,-160.51013727403375,0.7878060208802111
Linear Regression Curve,i028,BTCUSDT,True,tp1.80,1575,-0.08714099101616113,-137.24706085045378,0.8081315436279759
Linear Regression Curve,i028,BTCUSDT,True,sl0.50,2154,-0.09355696527056653,-201.52170319280032,0.7492029755908026
Linear Regression Curve,i028,BTCUSDT,True,sl1.20,1508,-0.09474672220416543,-142.87805708388146,0.796986222702362
Linear Regression Curve,i028,BTCUSDT,True,fee0.02,1735,-0.020668193560250906,-35.85931582703532,0.9472831926387042
Linear Regression Curve,i028,BTCUSDT,True,fee0.07,1735,-0.12067959610533374,-209.37909924275405,0.7322534047626997
Linear Regression Curve,i028,BTCUSDT,True,slip3,1735,-0.081099645297716,-140.70788459153727,0.8101427299043163
Linear Regression Curve,i028,BTCUSDT,True,no_funding,1735,-0.07999169214781933,-138.7855858764665,0.8124961443879897
Linear Regression Slope,i029,BTCUSDT,False,baseline,1925,-0.11001884920661628,-211.78628472273635,0.6591332860986235
Linear Regression Slope,i029,BTCUSDT,False,tp0.80,2023,-0.1058476838417295,-214.1298644118188,0.6501569557496557
Linear Regression Slope,i029,BTCUSDT,False,tp1.80,1865,-0.10972211419243959,-204.63174296889983,0.6719652399095506
Linear Regression Slope,i029,BTCUSDT,False,sl0.50,2157,-0.100001171481809,-215.702526886262,0.6727504118059572
Linear Regression Slope,i029,BTCUSDT,False,sl1.20,1834,-0.09369728358632293,-171.84081809731623,0.7051968621465625
Linear Regression Slope,i029,BTCUSDT,False,fee0.02,1925,-0.050015470184865976,-96.27978010586699,0.8219361969295319
Linear Regression Slope,i029,BTCUSDT,False,fee0.07,1925,-0.1500211018877832,-288.79062113398265,0.5731773195057503
Linear Regression Slope,i029,BTCUSDT,False,slip3,1925,-0.11043424053160975,-212.58591302334878,0.6581588661984651
Linear Regression Slope,i029,BTCUSDT,False,no_funding,1925,-0.11012980297285008,-211.9998707227364,0.6589105331557639
Linear Regression Slope,i029,BTCUSDT,True,baseline,831,-0.07022425155775232,-58.356353044492174,0.831636349546163
Linear Regression Slope,i029,BTCUSDT,True,tp0.80,868,-0.07402171811820647,-64.25085132660323,0.8020258985580354
Linear Regression Slope,i029,BTCUSDT,True,tp1.80,808,-0.08099285992373344,-65.44223081837661,0.8168297625488857
Linear Regression Slope,i029,BTCUSDT,True,sl0.50,941,-0.08139213911429218,-76.59000290654893,0.7781624322394085
Linear Regression Slope,i029,BTCUSDT,True,sl1.20,769,-0.053232578276102616,-40.93585269432291,0.8774862952785372
Linear Regression Slope,i029,BTCUSDT,True,fee0.02,831,-0.010225544124531718,-8.497427167485858,0.9732695409596779
Linear Regression Slope,i029,BTCUSDT,True,fee0.07,831,-0.11022338984656606,-91.5956369624964,0.7498820183027698
Linear Regression Slope,i029,BTCUSDT,True,slip3,831,-0.0706427864125216,-58.70415550880544,0.8307323947798442
Linear Regression Slope,i029,BTCUSDT,True,no_funding,831,-0.06938188934355255,-57.656350044492164,0.8334732464234926
Keltner Channels,i030,BTCUSDT,False,baseline,1010,-0.030980263912639257,-31.290066551765648,0.9261830645167816
Keltner Channels,i030,BTCUSDT,False,tp0.80,1116,-0.05276252587377975,-58.88297887513819,0.860656947771857
Keltner Channels,i030,BTCUSDT,False,tp1.80,916,-0.057040485910514124,-52.24908509403093,0.8747501842443575
Keltner Channels,i030,BTCUSDT,False,sl0.50,1078,-0.04684589333978184,-50.499873020284824,0.8717887632508821
Keltner Channels,i030,BTCUSDT,False,sl1.20,977,-0.06046970958848968,-59.07890626795441,0.8737776170680721
Keltner Channels,i030,BTCUSDT,False,fee0.02,1010,0.02902614630879548,29.316407771883433,1.075120529384947
Keltner Channels,i030,BTCUSDT,False,fee0.07,1010,-0.07098453739359577,-71.69438276753172,0.8395329117468129
Keltner Channels,i030,BTCUSDT,False,slip3,1010,-0.03139779545225965,-31.71177340678225,0.9252299398442296
Keltner Channels,i030,BTCUSDT,False,no_funding,1010,-0.03063934213046104,-30.94573555176565,0.9269742830603533
Keltner Channels,i030,BTCUSDT,True,baseline,584,-0.032423465992131,-18.935304139404504,0.9247973332745941
Keltner Channels,i030,BTCUSDT,True,tp0.80,647,-0.0532751308685507,-34.4690096719523,0.8627192007164486
Keltner Channels,i030,BTCUSDT,True,tp1.80,530,-0.05912580775360626,-31.33667810941132,0.8740653521880909
Keltner Channels,i030,BTCUSDT,True,sl0.50,618,-0.05053937348080006,-31.23333281113444,0.8649427709548067
Keltner Channels,i030,BTCUSDT,True,sl1.20,576,-0.0503216590621373,-28.985275619791086,0.8966781066237909
Keltner Channels,i030,BTCUSDT,True,fee0.02,584,0.027574481925930365,16.103497444743333,1.0693047992618987
Keltner Channels,i030,BTCUSDT,True,fee0.07,584,-0.07242209793750526,-42.29450519550307,0.8403318729178938
Keltner Channels,i030,BTCUSDT,True,slip3,584,-0.032843551896987025,-19.18063430784042,0.9238638831545979
Keltner Channels,i030,BTCUSDT,True,no_funding,584,-0.031338039622267985,-18.301415139404504,0.9272295319276507
Donchian Channels,i031,BTCUSDT,False,baseline,1539,-0.0845427747924671,-130.1113304056069,0.8047859311924784
Donchian Channels,i031,BTCUSDT,False,tp0.80,1725,-0.08605174885353173,-148.43926677234225,0.7779641797117549
Donchian Channels,i031,BTCUSDT,False,tp1.80,1406,-0.07413868147350772,-104.23898615175185,0.8370454476667873
Donchian Channels,i031,BTCUSDT,False,sl0.50,1717,-0.09033246040829893,-155.10083452104925,0.7581251839878556
Donchian Channels,i031,BTCUSDT,False,sl1.20,1430,-0.10504130791694267,-150.20907032122804,0.7792144803330361
Donchian Channels,i031,BTCUSDT,False,fee0.02,1539,-0.024536017460373545,-37.760930871514894,0.9382816412221228
Donchian Channels,i031,BTCUSDT,False,fee0.07,1539,-0.12454727968052955,-191.67826342833496,0.7275185121483684
Donchian Channels,i031,BTCUSDT,False,slip3,1539,-0.08495980456951617,-130.75313923248538,0.8039354746517092
Donchian Channels,i031,BTCUSDT,False,no_funding,1539,-0.08431526861962763,-129.7611984056069,0.8052715026657868
Donchian Channels,i031,BTCUSDT,True,baseline,820,-0.08322594248956382,-68.24527284144233,0.8150232089974293
Donchian Channels,i031,BTCUSDT,True,tp0.80,927,-0.07841140185272387,-72.68736951747503,0.8020410611817758
Donchian Channels,i031,BTCUSDT,True,tp1.80,752,-0.0792501545928559,-59.59611625382764,0.8342407363223343
Donchian Channels,i031,BTCUSDT,True,sl0.50,899,-0.0971534682114995,-87.34096792213806,0.748583894367377
Donchian Channels,i031,BTCUSDT,True,sl1.20,794,-0.0785016580000194,-62.33031645201541,0.8378229864269026
Donchian Channels,i031,BTCUSDT,True,fee0.02,820,-0.023215282983295577,-19.036532046302373,0.9441023236465591
Donchian Channels,i031,BTCUSDT,True,fee0.07,820,-0.123233048827076,-101.05110003820232,0.7396401741385147
Donchian Channels,i031,BTCUSDT,True,slip3,820,-0.08364589813055587,-68.5896364670558,0.8141905122162785
Donchian Channels,i031,BTCUSDT,True,no_funding,820,-0.08215647053834428,-67.36830584144231,0.8171890565516784
Price Channel,i032,BTCUSDT,False,baseline,2797,-0.10778120771180001,-301.46403796990467,0.600197037348049
Price Channel,i032,BTCUSDT,False,tp0.80,2892,-0.1126851140989472,-325.8853499741553,0.5669840454226313
Price Channel,i032,BTCUSDT,False,tp1.80,2713,-0.10485347008165301,-284.4674643315246,0.6074852115442257
Price Channel,i032,BTCUSDT,False,sl0.50,2987,-0.10691515836700055,-319.3555780422306,0.596423187319208
Price Channel,i032,BTCUSDT,False,sl1.20,2747,-0.10872444133647537,-298.66604035129785,0.5989239705672349
Price Channel,i032,BTCUSDT,False,fee0.02,2797,-0.04778057325167644,-133.642263384939,0.7855803289001392
Price Channel,i032,BTCUSDT,False,fee0.07,2797,-0.14778163068521574,-413.3452210265484,0.5096191783402114
Price Channel,i032,BTCUSDT,False,slip3,2797,-0.10819513076839593,-302.62178075920343,0.5991456261137381
Price Channel,i032,BTCUSDT,False,no_funding,2797,-0.10775426277079181,-301.3886729699047,0.6003238323361691
Price Channel,i032,BTCUSDT,True,baseline,893,-0.06550366613963282,-58.49477386269211,0.8420669354396316
Price Channel,i032,BTCUSDT,True,tp0.80,951,-0.06588239942863136,-62.654161856628434,0.8226848152675976
Price Channel,i032,BTCUSDT,True,tp1.80,863,-0.04986372242978354,-43.032392456903196,0.885097014683211
Price Channel,i032,BTCUSDT,True,sl0.50,1045,-0.06502450589225339,-67.95060865740479,0.8192842407702016
Price Channel,i032,BTCUSDT,True,sl1.20,819,-0.08156388157156433,-66.80081900711119,0.8201458249778816
Price Channel,i032,BTCUSDT,True,fee0.02,893,-0.0054956893630630395,-4.907650601215294,0.9855396503844319
Price Channel,i032,BTCUSDT,True,fee0.07,893,-0.10550898399067936,-94.21952270367667,0.7593734803580509
Price Channel,i032,BTCUSDT,True,slip3,893,-0.06592358764045296,-58.8697637629245,0.8411488258919622
Price Channel,i032,BTCUSDT,True,no_funding,893,-0.0647440368003271,-57.816424862692095,0.8437172630489771
MA Channel,i033,BTCUSDT,False,baseline,2192,-0.10306163008536538,-225.91109314712094,0.7036046694592282
MA Channel,i033,BTCUSDT,False,tp0.80,2352,-0.10361162012316834,-243.69453052969195,0.6833130777760105
MA Channel,i033,BTCUSDT,False,tp1.80,2085,-0.10274666076771297,-214.2267877006815,0.710427493384202
MA Channel,i033,BTCUSDT,False,sl0.50,2509,-0.11944772118945923,-299.69433246435324,0.6429953069688608
MA Channel,i033,BTCUSDT,False,sl1.20,2083,-0.11981820058444281,-249.58131181739435,0.6650913472715757
MA Channel,i033,BTCUSDT,False,fee0.02,2192,-0.04305744930604159,-94.38192887884317,0.8590679700724844
MA Channel,i033,BTCUSDT,False,fee0.07,2192,-0.14306441727158123,-313.5972026593061,0.6199629193417346
MA Channel,i033,BTCUSDT,False,slip3,2192,-0.10347774890569544,-226.8232256012844,0.7026601272132336
MA Channel,i033,BTCUSDT,False,no_funding,2192,-0.10298044532259165,-225.73313614712092,0.7038124409645093
MA Channel,i033,BTCUSDT,True,baseline,940,-0.04255482101467527,-40.00153175379475,0.895183710357457
MA Channel,i033,BTCUSDT,True,tp0.80,1014,-0.05378089453693301,-54.533827060450065,0.8532632759900998
MA Channel,i033,BTCUSDT,True,tp1.80,899,-0.03569281187922707,-32.08783787942514,0.9172691845448582
MA Channel,i033,BTCUSDT,True,sl0.50,1099,-0.07768038397866021,-85.37074199254758,0.7892486368214894
MA Channel,i033,BTCUSDT,True,sl1.20,873,-0.052007325836245864,-45.40239545504264,0.882545652688784
MA Channel,i033,BTCUSDT,True,fee0.02,940,0.017451563745095426,16.4044699203897,1.046885045380521
MA Channel,i033,BTCUSDT,True,fee0.07,940,-0.0825590775211891,-77.60553286991775,0.8075604662986684
MA Channel,i033,BTCUSDT,True,slip3,940,-0.0429748499276037,-40.39635893194748,0.8942116400064832
MA Channel,i033,BTCUSDT,True,no_funding,940,-0.04169475399339866,-39.19306875379475,0.8972041441494227
Chande Kroll Stop,i034,BTCUSDT,False,baseline,2408,-0.09683613059421045,-233.18140247085876,0.7364749274133593
Chande Kroll Stop,i034,BTCUSDT,False,tp0.80,2706,-0.09929685079573128,-268.69727825324884,0.7122719341874991
Chande Kroll Stop,i034,BTCUSDT,False,tp1.80,2216,-0.09909446383990075,-219.59333186922007,0.7363165310683145
Chande Kroll Stop,i034,BTCUSDT,False,sl0.50,2747,-0.10186517762742489,-279.82364294253614,0.6991177257182121
Chande Kroll Stop,i034,BTCUSDT,False,sl1.20,2261,-0.10281677279573222,-232.46872329115055,0.7288528427369014
Chande Kroll Stop,i034,BTCUSDT,False,fee0.02,2408,-0.03683547336877107,-88.69981987200073,0.8873252787679675
Chande Kroll Stop,i034,BTCUSDT,False,fee0.07,2408,-0.13683656874450337,-329.50245753676415,0.6538367646579177
Chande Kroll Stop,i034,BTCUSDT,False,slip3,2408,-0.09725419356954976,-234.1880981154758,0.7355439458450419
Chande Kroll Stop,i034,BTCUSDT,False,no_funding,2408,-0.09665324687328021,-232.74101847085876,0.7368603664776776
Chande Kroll Stop,i034,BTCUSDT,True,baseline,1159,-0.07558826247426624,-87.60679620767456,0.825067493090157
Chande Kroll Stop,i034,BTCUSDT,True,tp0.80,1295,-0.09555930519578491,-123.74930022854144,0.7587453977059605
Chande Kroll Stop,i034,BTCUSDT,True,tp1.80,1063,-0.06300928331122868,-66.9788681598361,0.8605658200266681
Chande Kroll Stop,i034,BTCUSDT,True,sl0.50,1332,-0.09297614074170264,-123.84421946794792,0.7548121661327967
Chande Kroll Stop,i034,BTCUSDT,True,sl1.20,1063,-0.07596747379386264,-80.75342464287598,0.8374421852935063
Chande Kroll Stop,i034,BTCUSDT,True,fee0.02,1159,-0.015590903637404443,-18.06985731575175,0.9607893393822968
Chande Kroll Stop,i034,BTCUSDT,True,fee0.07,1159,-0.1155865016988408,-133.96475546895647,0.7463659468701273
Chande Kroll Stop,i034,BTCUSDT,True,slip3,1159,-0.07600854726437711,-88.09390627941308,0.824194607473649
Chande Kroll Stop,i034,BTCUSDT,True,no_funding,1159,-0.07480448421714803,-86.69839720767456,0.8267221165885834
52-Week High/Low,i035,BTCUSDT,False,baseline,671,-0.08949657079869694,-60.052199005925644,0.804782567743255
52-Week High/Low,i035,BTCUSDT,False,tp0.80,758,-0.09440701874612925,-71.56052020956596,0.7700355006239075
52-Week High/Low,i035,BTCUSDT,False,tp1.80,617,-0.09399493430872344,-57.99487446848236,0.8105089445741769
52-Week High/Low,i035,BTCUSDT,False,sl0.50,720,-0.09145327692391497,-65.84635938521878,0.7638912554063367
52-Week High/Low,i035,BTCUSDT,False,sl1.20,655,-0.12487709334380273,-81.79449614019079,0.7620235068662485
52-Week High/Low,i035,BTCUSDT,False,fee0.02,671,-0.029499311272348595,-19.794037863745906,0.9303648815479268
52-Week High/Low,i035,BTCUSDT,False,fee0.07,671,-0.12949474381626253,-86.89097310071216,0.7313994777145162
52-Week High/Low,i035,BTCUSDT,False,slip3,671,-0.08991225056214622,-60.33112012720011,0.8039797599313474
52-Week High/Low,i035,BTCUSDT,False,no_funding,671,-0.08873141431583553,-59.53877900592565,0.806308098450756
52-Week High/Low,i035,BTCUSDT,True,baseline,471,-0.09782717878943081,-46.07660120982191,0.7937910449991189
52-Week High/Low,i035,BTCUSDT,True,tp0.80,532,-0.11792077244067761,-62.7338509384405,0.7277812849628237
52-Week High/Low,i035,BTCUSDT,True,tp1.80,429,-0.1015418999576086,-43.56147508181408,0.8007740605124731
52-Week High/Low,i035,BTCUSDT,True,sl0.50,507,-0.10499675644281767,-53.23335551650856,0.736604441807114
52-Week High/Low,i035,BTCUSDT,True,sl1.20,457,-0.12898638683883004,-58.94677878534533,0.7628352831750105
52-Week High/Low,i035,BTCUSDT,True,fee0.02,471,-0.03783434402722764,-17.81997603682422,0.9139476018761811
52-Week High/Low,i035,BTCUSDT,True,fee0.07,471,-0.13782240196423298,-64.91435132515373,0.7231656037203029
52-Week High/Low,i035,BTCUSDT,True,slip3,471,-0.09824524617957797,-46.27351095058123,0.793015433296062
52-Week High/Low,i035,BTCUSDT,True,no_funding,471,-0.0966281533117238,-45.511860209821904,0.7960234854696294
Majority Rule,i036,BTCUSDT,False,baseline,2211,-0.10799706082255428,-238.78150147866754,0.6817284286301308
Majority Rule,i036,BTCUSDT,False,tp0.80,2358,-0.11059035080235957,-260.7720471919639,0.6535005461912792
Majority Rule,i036,BTCUSDT,False,tp1.80,2099,-0.11170719708667923,-234.4734066849397,0.6815174895800701
Majority Rule,i036,BTCUSDT,False,sl0.50,2531,-0.11560514895553882,-292.5966320064687,0.6373893769654428
Majority Rule,i036,BTCUSDT,False,sl1.20,2074,-0.12133977770537965,-251.6586989609574,0.657792412104317
Majority Rule,i036,BTCUSDT,False,fee0.02,2211,-0.047996317788533076,-106.11985863044664,0.8397091454375022
Majority Rule,i036,BTCUSDT,False,fee0.07,2211,-0.14799755617856844,-327.2225967108148,0.596862686339019
Majority Rule,i036,BTCUSDT,False,slip3,2211,-0.10841439186598396,-239.70422041569054,0.6807679693769524
Majority Rule,i036,BTCUSDT,False,no_funding,2211,-0.10798104770631729,-238.74609647866754,0.681814128793895
Majority Rule,i036,BTCUSDT,True,baseline,1001,-0.08633496541556444,-86.42130038098001,0.7973673192103973
Majority Rule,i036,BTCUSDT,True,tp0.80,1082,-0.09216318095959844,-99.7205617982855,0.762649160567314
Majority Rule,i036,BTCUSDT,True,tp1.80,950,-0.09426829053442544,-89.55487600770418,0.7937190167761227
Majority Rule,i036,BTCUSDT,True,sl0.50,1143,-0.09452448867129055,-108.04149055128511,0.7469951234206749
Majority Rule,i036,BTCUSDT,True,sl1.20,928,-0.09564834343984631,-88.76166271217738,0.7922498236473109
Majority Rule,i036,BTCUSDT,True,fee0.02,1001,-0.0263335982908144,-26.359931889105216,0.9326684459477734
Majority Rule,i036,BTCUSDT,True,fee0.07,1001,-0.1263358768320645,-126.46221270889654,0.7191465629594012
Majority Rule,i036,BTCUSDT,True,slip3,1001,-0.08675633155794113,-86.84308788949909,0.7964970051538379
Majority Rule,i036,BTCUSDT,True,no_funding,1001,-0.08532174163934066,-85.40706338097999,0.799515727584029
MACD,i038,BTCUSDT,False,baseline,2028,-0.10505288832134858,-213.04725751569492,0.6900095573919878
MACD,i038,BTCUSDT,False,tp0.80,2150,-0.10637618378741204,-228.70879514293588,0.6693357333670887
MACD,i038,BTCUSDT,False,tp1.80,1940,-0.09959009301635682,-193.20478045173223,0.7104225867815429
MACD,i038,BTCUSDT,False,sl0.50,2223,-0.10078381811336132,-224.0424276660022,0.6755377592186366
MACD,i038,BTCUSDT,False,sl1.20,1950,-0.10404967669587893,-202.8968695569639,0.7076792173637809
MACD,i038,BTCUSDT,False,fee0.02,2028,-0.04505475542342197,-91.37104399869976,0.8488459428053023
MACD,i038,BTCUSDT,False,fee0.07,2028,-0.145051643586633,-294.16473319369175,0.6047479373389438
MACD,i038,BTCUSDT,False,slip3,2028,-0.10546894925653699,-213.891029092257,0.6890469332854097
MACD,i038,BTCUSDT,False,no_funding,2028,-0.10482823053042155,-212.59165151569493,0.6905704350330801
MACD,i038,BTCUSDT,True,baseline,807,-0.08512014272436302,-68.69195517856096,0.800879785274541
MACD,i038,BTCUSDT,True,tp0.80,843,-0.08703127859644452,-73.36736785680273,0.7748006592572979
MACD,i038,BTCUSDT,True,tp1.80,782,-0.07579595012069106,-59.27243299438041,0.8327214064633244
MACD,i038,BTCUSDT,True,sl0.50,912,-0.08264066306596513,-75.36828471616019,0.7746502592268953
MACD,i038,BTCUSDT,True,sl1.20,751,-0.08919524418298558,-66.98562838142217,0.8085344179617556
MACD,i038,BTCUSDT,True,fee0.02,807,-0.025115618631406388,-20.268304235544953,0.9360065444356045
MACD,i038,BTCUSDT,True,fee0.07,807,-0.12512315878633412,-100.97438914057165,0.7228934053057564
MACD,i038,BTCUSDT,True,slip3,807,-0.08553977070918767,-69.03059496231445,0.8000145909269
MACD,i038,BTCUSDT,True,no_funding,807,-0.0840319543724423,-67.81378717856094,0.8031261466453723
RSI,i039,BTCUSDT,False,baseline,2799,-0.09261459612285639,-259.228254547875,0.6067862307251991
RSI,i039,BTCUSDT,False,tp0.80,2888,-0.09775623564085233,-282.32000853078154,0.5727014889414102
RSI,i039,BTCUSDT,False,tp1.80,2741,-0.09855607594604567,-270.14220416811116,0.5892719867127602
RSI,i039,BTCUSDT,False,sl0.50,2941,-0.09905621868726439,-291.3243391592446,0.5855967734850116
RSI,i039,BTCUSDT,False,sl1.20,2758,-0.09691968732430714,-267.3044976404391,0.5867419538750309
RSI,i039,BTCUSDT,False,fee0.02,2799,-0.032614010936411246,-91.28661661101506,0.8257598386307629
RSI,i039,BTCUSDT,False,fee0.07,2799,-0.13261498624715318,-371.1893465057817,0.5058923751688482
RSI,i039,BTCUSDT,False,slip3,2799,-0.09302985188703033,-260.3905554317979,0.6055886760287038
RSI,i039,BTCUSDT,False,no_funding,2799,-0.0925174392811272,-258.95631254787503,0.6070328281943498
RSI,i039,BTCUSDT,True,baseline,876,-0.030711460745185357,-26.90323961278237,0.9216701809852001
RSI,i039,BTCUSDT,True,tp0.80,928,-0.035130754971774814,-32.601340613807025,0.8993057608714522
RSI,i039,BTCUSDT,True,tp1.80,856,-0.002568160457760891,-2.1983453518433227,0.9937739832396193
RSI,i039,BTCUSDT,True,sl0.50,1022,-0.04108901000347364,-41.99296822355006,0.8814774586121507
RSI,i039,BTCUSDT,True,sl1.20,819,-0.05750060756971361,-47.092997599595456,0.8686034357926421
RSI,i039,BTCUSDT,True,fee0.02,876,0.02929711097903532,25.66426921763494,1.0817076845840061
RSI,i039,BTCUSDT,True,fee0.07,876,-0.07071717522799915,-61.948245499727264,0.8296595641099663
RSI,i039,BTCUSDT,True,slip3,876,-0.03113214682829252,-27.27176062158425,0.9206458333788049
RSI,i039,BTCUSDT,True,no_funding,876,-0.029893472160710446,-26.186681612782355,0.9236758319808643
Stochastic,i040,BTCUSDT,False,baseline,8938,-0.10209628061831671,-912.5365561665149,0.46260160489809554
Stochastic,i040,BTCUSDT,False,tp0.80,9172,-0.10395568749475473,-953.4815657018903,0.4543165579052215
Stochastic,i040,BTCUSDT,False,tp1.80,8819,-0.0993182022375179,-875.8872255326704,0.46943012090076114
Stochastic,i040,BTCUSDT,False,sl0.50,9215,-0.09896242962854139,-911.9387890270089,0.4749708846657557
Stochastic,i040,BTCUSDT,False,sl1.20,8856,-0.1029097457784476,-911.3687086139319,0.4563372059252885
Stochastic,i040,BTCUSDT,False,fee0.02,8938,-0.04209577004443768,-376.251992657184,0.7129618369108869
Stochastic,i040,BTCUSDT,False,fee0.07,8938,-0.1420966210009027,-1270.0595985060684,0.3565950404352948
Stochastic,i040,BTCUSDT,False,slip3,8938,-0.10251092852757554,-916.2426791794703,0.4613031655985331
Stochastic,i040,BTCUSDT,False,no_funding,8938,-0.10211387784364674,-912.6938401665146,0.462483230973887
Stochastic,i040,BTCUSDT,True,baseline,1912,-0.08031904456689105,-153.57001321189568,0.8130694145710837
Stochastic,i040,BTCUSDT,True,tp0.80,2212,-0.08353196281019092,-184.7727017361423,0.782957004935544
Stochastic,i040,BTCUSDT,True,tp1.80,1716,-0.08742544382726906,-150.0220616075937,0.8092431175372186
Stochastic,i040,BTCUSDT,True,sl0.50,2431,-0.08974008886735427,-218.1581560365382,0.7592285049997634
Stochastic,i040,BTCUSDT,True,sl1.20,1666,-0.0868231385086389,-144.64734875539241,0.815034735261131
Stochastic,i040,BTCUSDT,True,fee0.02,1912,-0.0203148712019836,-38.84203373819265,0.94848009026263
Stochastic,i040,BTCUSDT,True,fee0.07,1912,-0.12032182681016274,-230.05533286103113,0.7348570922757371
Stochastic,i040,BTCUSDT,True,slip3,1912,-0.08074525238814886,-154.38492256614063,0.8121888273569149
Stochastic,i040,BTCUSDT,True,no_funding,1912,-0.07959468055015465,-152.18502921189568,0.8146219375100648
Stochastic RSI,i041,BTCUSDT,False,baseline,5545,-0.10944897789834084,-606.8945824462999,0.5125634091070063
Stochastic RSI,i041,BTCUSDT,False,tp0.80,5745,-0.10992004622511985,-631.4906655633135,0.508835031180323
Stochastic RSI,i041,BTCUSDT,False,tp1.80,5429,-0.1054907029766253,-572.7090264600987,0.5251913183690313
Stochastic RSI,i041,BTCUSDT,False,sl0.50,5820,-0.10993934072235216,-639.8469630040895,0.5009646751303503
Stochastic RSI,i041,BTCUSDT,False,sl1.20,5429,-0.1093800129064931,-593.8240900693511,0.5162487253011248
Stochastic RSI,i041,BTCUSDT,False,fee0.02,5545,-0.04944864360184524,-274.1927287722318,0.7295222440794474
Stochastic RSI,i041,BTCUSDT,False,fee0.07,5545,-0.14944920076267124,-828.6958182290119,0.41185419377645294
Stochastic RSI,i041,BTCUSDT,False,slip3,5545,-0.10986370250872371,-609.194230410873,0.5113663610468007
Stochastic RSI,i041,BTCUSDT,False,no_funding,5545,-0.10944994904351667,-606.8999674462999,0.5125883648866182
Stochastic RSI,i041,BTCUSDT,True,baseline,1634,-0.09998796599613106,-163.38033643767815,0.7707487277906321
Stochastic RSI,i041,BTCUSDT,True,tp0.80,1836,-0.08481596919617393,-155.72211944417532,0.7786893752642791
Stochastic RSI,i041,BTCUSDT,True,tp1.80,1488,-0.09076977061707672,-135.06541867821016,0.8012921640466868
Stochastic RSI,i041,BTCUSDT,True,sl0.50,1984,-0.0959419503264276,-190.34882944763237,0.7430959261384327
Stochastic RSI,i041,BTCUSDT,True,sl1.20,1437,-0.10772173526184187,-154.79613357126678,0.7741593289586007
Stochastic RSI,i041,BTCUSDT,True,fee0.02,1634,-0.039981708303496045,-65.33011136791254,0.9002376318267389
Stochastic RSI,i041,BTCUSDT,True,fee0.07,1634,-0.1399921377912211,-228.74715315085527,0.6958066563049098
Stochastic RSI,i041,BTCUSDT,True,slip3,1634,-0.10041185317276148,-164.07296808429226,0.7699103472334163
Stochastic RSI,i041,BTCUSDT,True,no_funding,1634,-0.09927195742819958,-162.21037843767814,0.7722517157468346
Connors RSI,i042,BTCUSDT,False,baseline,10784,-0.10217216982860128,-1101.8246794316362,0.41560365969165974
Connors RSI,i042,BTCUSDT,False,tp0.80,10966,-0.10514305589391607,-1152.9987509326836,0.39621046342660804
Connors RSI,i042,BTCUSDT,False,tp1.80,10668,-0.09897936739857689,-1055.9118914080184,0.42767204280386517
Connors RSI,i042,BTCUSDT,False,sl0.50,11046,-0.09871855425324291,-1090.4451502813213,0.43499604698246724
Connors RSI,i042,BTCUSDT,False,sl1.20,10702,-0.10500747420949874,-1123.7899889900555,0.39912861444529796
Connors RSI,i042,BTCUSDT,False,fee0.02,10784,-0.0421713800863027,-454.77616285068837,0.675934022975265
Connors RSI,i042,BTCUSDT,False,fee0.07,10784,-0.14217269632346696,-1533.1903571522678,0.3121849230617296
Connors RSI,i042,BTCUSDT,False,slip3,10784,-0.10258607595285318,-1106.2882430755687,0.4143116246475383
Connors RSI,i042,BTCUSDT,False,no_funding,10784,-0.10219377322251816,-1102.057650431636,0.41548363661864623
Connors RSI,i042,BTCUSDT,True,baseline,1961,-0.09120698977495847,-178.85690694869356,0.7911264102567066
Connors RSI,i042,BTCUSDT,True,tp0.80,2299,-0.09701699567835415,-223.04207306453617,0.7541435716668788
Connors RSI,i042,BTCUSDT,True,tp1.80,1728,-0.09222930550726294,-159.37223991655034,0.7991751667676422
Connors RSI,i042,BTCUSDT,True,sl0.50,2465,-0.08786120737950025,-216.57787619046812,0.7641015216690885
Connors RSI,i042,BTCUSDT,True,sl1.20,1677,-0.09619232413902702,-161.31452758114833,0.7983438658613183
Connors RSI,i042,BTCUSDT,True,fee0.02,1961,-0.031201003507073694,-61.18516787737151,0.9222887705083513
Connors RSI,i042,BTCUSDT,True,fee0.07,1961,-0.13121098062021502,-257.3047329962417,0.7151033152981331
Connors RSI,i042,BTCUSDT,True,slip3,1961,-0.09163158701855977,-179.6895421433957,0.7902744331150202
Connors RSI,i042,BTCUSDT,True,no_funding,1961,-0.09046008870407628,-177.39223394869356,0.7926753563181501
Awesome Oscillator,i043,BTCUSDT,False,baseline,1322,-0.0474516340171849,-62.731060170718436,0.8606414189106526
Awesome Oscillator,i043,BTCUSDT,False,tp0.80,1353,-0.07220484314040868,-97.69315276897295,0.7719239660271232
Awesome Oscillator,i043,BTCUSDT,False,tp1.80,1294,-0.06791690650684777,-87.88447701986102,0.8153134183796766
Awesome Oscillator,i043,BTCUSDT,False,sl0.50,1470,-0.06292331072819493,-92.49726677044656,0.8026606839689598
Awesome Oscillator,i043,BTCUSDT,False,sl1.20,1224,-0.0581899485254512,-71.22449699515226,0.8329512467914639
Awesome Oscillator,i043,BTCUSDT,False,fee0.02,1322,0.012547132998299088,16.587309823751394,1.0414519874532642
Awesome Oscillator,i043,BTCUSDT,False,fee0.07,1322,-0.08745081202750754,-115.60997350036497,0.761410229347517
Awesome Oscillator,i043,BTCUSDT,False,slip3,1322,-0.047867925109017204,-63.28139699412074,0.8595292481704269
Awesome Oscillator,i043,BTCUSDT,False,no_funding,1322,-0.04749305534850108,-62.785819170718426,0.8605484550403528
Awesome Oscillator,i043,BTCUSDT,True,baseline,580,-0.013026468750091478,-7.555351875053057,0.9659246790410767
Awesome Oscillator,i043,BTCUSDT,True,tp0.80,589,-0.04235922202036473,-24.94958176999483,0.8796573124677978
Awesome Oscillator,i043,BTCUSDT,True,tp1.80,577,-0.04041079724922674,-23.317030012803826,0.9034456579495264
Awesome Oscillator,i043,BTCUSDT,True,sl0.50,633,-0.024155210697060475,-15.290248371239281,0.9292401440909996
Awesome Oscillator,i043,BTCUSDT,True,sl1.20,553,0.013436222964596909,7.430231299422091,1.0342179164608114
Awesome Oscillator,i043,BTCUSDT,True,fee0.02,580,0.04697020248103892,27.242717439002572,1.1346758110792121
Awesome Oscillator,i043,BTCUSDT,True,fee0.07,580,-0.0530242495708451,-30.75406475109016,0.8691300727388467
Awesome Oscillator,i043,BTCUSDT,True,slip3,580,-0.013443642528167342,-7.797312666337058,0.9648552199990831
Awesome Oscillator,i043,BTCUSDT,True,no_funding,580,-0.012037908405263878,-6.98198687505305,0.9684706210706845
Accelerator Oscillator,i044,BTCUSDT,False,baseline,2942,-0.10046165860943539,-295.5581996289589,0.6467383174882744
Accelerator Oscillator,i044,BTCUSDT,False,tp0.80,3112,-0.0994664270296829,-309.53952091637325,0.6391068211230989
Accelerator Oscillator,i044,BTCUSDT,False,tp1.80,2847,-0.09147864286846247,-260.43969624651265,0.6811830055010596
Accelerator Oscillator,i044,BTCUSDT,False,sl0.50,3208,-0.10455058170105895,-335.39826609699713,0.6142414647773761
Accelerator Oscillator,i044,BTCUSDT,False,sl1.20,2812,-0.09897294731980918,-278.3119278633034,0.653353823640723
Accelerator Oscillator,i044,BTCUSDT,False,fee0.02,2942,-0.040461793667206696,-119.03859696892209,0.8344972944331904
Accelerator Oscillator,i044,BTCUSDT,False,fee0.07,2942,-0.14046156857092118,-413.23793473565013,0.5503719510934263
Accelerator Oscillator,i044,BTCUSDT,False,slip3,2942,-0.10087740561677011,-296.7813273245377,0.64563179279998
Accelerator Oscillator,i044,BTCUSDT,False,no_funding,2942,-0.1003495797515156,-295.2284636289589,0.6471142558811978
Accelerator Oscillator,i044,BTCUSDT,True,baseline,1135,-0.07947682503992637,-90.20619642031642,0.8141588098682835
Accelerator Oscillator,i044,BTCUSDT,True,tp0.80,1223,-0.08394252594388177,-102.66170922936739,0.7833372277926463
Accelerator Oscillator,i044,BTCUSDT,True,tp1.80,1069,-0.10804730288332344,-115.50256678227275,0.7653210134592443
Accelerator Oscillator,i044,BTCUSDT,True,sl0.50,1304,-0.09698173766361183,-126.46418591334982,0.7383218280919724
Accelerator Oscillator,i044,BTCUSDT,True,sl1.20,1022,-0.08206898051318179,-83.87449808447178,0.820846707112286
Accelerator Oscillator,i044,BTCUSDT,True,fee0.02,1135,-0.0194726215803592,-22.101425493707694,0.9504225339661188
Accelerator Oscillator,i044,BTCUSDT,True,fee0.07,1135,-0.11947962734630446,-135.60937703805558,0.7352850508934117
Accelerator Oscillator,i044,BTCUSDT,True,slip3,1135,-0.07989752489750572,-90.68369075866899,0.8132832605606473
Accelerator Oscillator,i044,BTCUSDT,True,no_funding,1135,-0.07842642856415544,-89.01399642031642,0.8163840832959858
Momentum,i045,BTCUSDT,False,baseline,3530,-0.09488285552382937,-334.9364799991177,0.58665747044272
Momentum,i045,BTCUSDT,False,tp0.80,3653,-0.0961752354598054,-351.32813513466914,0.5673700930229049
Momentum,i045,BTCUSDT,False,tp1.80,3438,-0.0917219386478301,-315.3400250712399,0.6016736022176656
Momentum,i045,BTCUSDT,False,sl0.50,3753,-0.09460756470038252,-355.0621903205356,0.5869104208034851
Momentum,i045,BTCUSDT,False,sl1.20,3473,-0.09410041265407766,-326.81073314761176,0.5865710292303455
Momentum,i045,BTCUSDT,False,fee0.02,3530,-0.03488060851788499,-123.12854806813402,0.8114761850882999
Momentum,i045,BTCUSDT,False,fee0.07,3530,-0.1348843535277923,-476.14176795310675,0.4828597113698279
Momentum,i045,BTCUSDT,False,slip3,3530,-0.0952972439228301,-336.3992710475902,0.5854246837100697
Momentum,i045,BTCUSDT,False,no_funding,3530,-0.0948262589232628,-334.7366939991177,0.586904271374502
Momentum,i045,BTCUSDT,True,baseline,1095,-0.07781346525383964,-85.2057444529544,0.8166534907384586
Momentum,i045,BTCUSDT,True,tp0.80,1172,-0.08595806040132994,-100.7428467903587,0.7767246040380948
Momentum,i045,BTCUSDT,True,tp1.80,1042,-0.0686760205068292,-71.56041336811603,0.8461650587251441
Momentum,i045,BTCUSDT,True,sl0.50,1260,-0.07442427290018551,-93.77458385423374,0.7942827223509308
Momentum,i045,BTCUSDT,True,sl1.20,999,-0.06427411917185637,-64.2098450526845,0.8565374342841754
Momentum,i045,BTCUSDT,True,fee0.02,1095,-0.017810842964779774,-19.50287304643385,0.9542952594497273
Momentum,i045,BTCUSDT,True,fee0.07,1095,-0.11781521344654625,-129.00765872396812,0.7370950155872016
Momentum,i045,BTCUSDT,True,slip3,1095,-0.0782346620845817,-85.66695498261696,0.8157683646108654
Momentum,i045,BTCUSDT,True,no_funding,1095,-0.07697346708032365,-84.28594645295439,0.818447642019966
Chande Momentum Oscillator,i046,BTCUSDT,False,baseline,3666,-0.08873283446398697,-325.29457114497626,0.6098978100215583
Chande Momentum Oscillator,i046,BTCUSDT,False,tp0.80,3808,-0.09101126154695734,-346.5708839708135,0.5899511528854079
Chande Momentum Oscillator,i046,BTCUSDT,False,tp1.80,3574,-0.09358692175909233,-334.479658366996,0.5964756356909738
Chande Momentum Oscillator,i046,BTCUSDT,False,sl0.50,3884,-0.09679582096034887,-375.95496860999503,0.5789760141876521
Chande Momentum Oscillator,i046,BTCUSDT,False,sl1.20,3601,-0.08748825092362585,-315.0451915759767,0.610739379149898
Chande Momentum Oscillator,i046,BTCUSDT,False,fee0.02,3666,-0.028734319752217408,-105.34001621162903,0.8433796130290895
Chande Momentum Oscillator,i046,BTCUSDT,False,fee0.07,3666,-0.12873184427183337,-471.9309411005412,0.5016054052433004
Chande Momentum Oscillator,i046,BTCUSDT,False,slip3,3666,-0.08914742538491595,-326.81446146110187,0.6086129833208774
Chande Momentum Oscillator,i046,BTCUSDT,False,no_funding,3666,-0.08866339474767493,-325.04000514497625,0.6101284911069416
Chande Momentum Oscillator,i046,BTCUSDT,True,baseline,1103,-0.061642242875367334,-67.99139389153017,0.8504462461062315
Chande Momentum Oscillator,i046,BTCUSDT,True,tp0.80,1198,-0.06813917210195622,-81.63072817814354,0.8168304816254621
Chande Momentum Oscillator,i046,BTCUSDT,True,tp1.80,1058,-0.07112997826436675,-75.2555170037,0.8396450538252361
Chande Momentum Oscillator,i046,BTCUSDT,True,sl0.50,1301,-0.07953256196932186,-103.47186312208774,0.7818593372322344
Chande Momentum Oscillator,i046,BTCUSDT,True,sl1.20,1014,-0.07583769385620506,-76.89942157019193,0.8324220453984515
Chande Momentum Oscillator,i046,BTCUSDT,True,fee0.02,1103,-0.0016367755401970696,-1.805363420837368,0.9956668900019541
Chande Momentum Oscillator,i046,BTCUSDT,True,fee0.07,1103,-0.10164588776548086,-112.11541420532541,0.7666665765634654
Chande Momentum Oscillator,i046,BTCUSDT,True,slip3,1103,-0.06206363474058922,-68.4561891188699,0.8495129779144602
Chande Momentum Oscillator,i046,BTCUSDT,True,no_funding,1103,-0.06077998176929299,-67.04031989153016,0.8523465985861556
Price Oscillator,i047,BTCUSDT,False,baseline,1239,-0.05232000424007898,-64.82448525345787,0.8452606044918135
Price Oscillator,i047,BTCUSDT,False,tp0.80,1265,-0.06923215544285165,-87.57867663520733,0.7772870732661885
Price Oscillator,i047,BTCUSDT,False,tp1.80,1219,-0.05139278527266126,-62.64780524737408,0.8561115315273399
Price Oscillator,i047,BTCUSDT,False,sl0.50,1389,-0.0733561620822377,-101.89170913222816,0.7745202441505595
Price Oscillator,i047,BTCUSDT,False,sl1.20,1179,-0.058661908735957065,-69.16239039969338,0.8319961419359525
Price Oscillator,i047,BTCUSDT,False,fee0.02,1239,0.007679463743331427,9.514855577987639,1.0257682820392644
Price Oscillator,i047,BTCUSDT,False,fee0.07,1239,-0.0923196495623526,-114.38404580775487,0.7472432837125922
Price Oscillator,i047,BTCUSDT,False,slip3,1239,-0.052734569124389126,-65.33813114511813,0.8441638898624503
Price Oscillator,i047,BTCUSDT,False,no_funding,1239,-0.05243444653225009,-64.96627925345786,0.8449513215908357
Price Oscillator,i047,BTCUSDT,True,baseline,524,-0.002796239469031403,-1.4652294817724552,0.992596206595892
Price Oscillator,i047,BTCUSDT,True,tp0.80,536,-0.03373614069469639,-18.08257141235726,0.903209229433459
Price Oscillator,i047,BTCUSDT,True,tp1.80,523,0.01566740452371852,8.194052565904785,1.0392831131405436
Price Oscillator,i047,BTCUSDT,True,sl0.50,574,-0.0467621410250979,-26.8414689484062,0.8658204197508189
Price Oscillator,i047,BTCUSDT,True,sl1.20,495,0.0077830219226080665,3.8525958516909933,1.0195732362822356
Price Oscillator,i047,BTCUSDT,True,fee0.02,524,0.057201568685997115,29.97362199146249,1.1657000601665595
Price Oscillator,i047,BTCUSDT,True,fee0.07,524,-0.042794778239050396,-22.42446379726241,0.8929562534758996
Price Oscillator,i047,BTCUSDT,True,slip3,524,-0.0032124291115288917,-1.6833128544411393,0.9914993601583397
Price Oscillator,i047,BTCUSDT,True,no_funding,524,-0.001834275728573369,-0.9611604817724453,0.9951360405432085
Detrended Price Oscillator,i048,BTCUSDT,False,baseline,1949,-0.09071941013796635,-176.8121303588964,0.6786163059599889
Detrended Price Oscillator,i048,BTCUSDT,False,tp0.80,2014,-0.09382011823834839,-188.95371813203366,0.6489059394960972
Detrended Price Oscillator,i048,BTCUSDT,False,tp1.80,1914,-0.09629183941949715,-184.30258064891754,0.6709661350180465
Detrended Price Oscillator,i048,BTCUSDT,False,sl0.50,2087,-0.10490582832360981,-218.93846371137363,0.6247965020214592
Detrended Price Oscillator,i048,BTCUSDT,False,sl1.20,1916,-0.0900574699149624,-172.55011235706795,0.6830546633871478
Detrended Price Oscillator,i048,BTCUSDT,False,fee0.02,1949,-0.030720838920496013,-59.87491505604673,0.8698700893457081
Detrended Price Oscillator,i048,BTCUSDT,False,fee0.07,1949,-0.13071845761627995,-254.7702738941296,0.58316686331989
Detrended Price Oscillator,i048,BTCUSDT,False,slip3,1949,-0.09113326419110465,-177.61873190846296,0.6775169538183463
Detrended Price Oscillator,i048,BTCUSDT,False,no_funding,1949,-0.09072723979420032,-176.82739035889642,0.6786041653642534
Detrended Price Oscillator,i048,BTCUSDT,True,baseline,667,-0.038012461840911664,-25.35431204788808,0.9044221699593606
Detrended Price Oscillator,i048,BTCUSDT,True,tp0.80,696,-0.05706384569587709,-39.716436604330454,0.8425427152549226
Detrended Price Oscillator,i048,BTCUSDT,True,tp1.80,661,-0.021000331391130857,-13.881219049537496,0.9499595113889354
Detrended Price Oscillator,i048,BTCUSDT,True,sl0.50,785,-0.06909333566860516,-54.238268499855046,0.8085983387113435
Detrended Price Oscillator,i048,BTCUSDT,True,sl1.20,627,-0.048478673655947685,-30.396128382279198,0.8877462107380673
Detrended Price Oscillator,i048,BTCUSDT,True,fee0.02,667,0.021995820181270737,14.671212060907582,1.060421117271552
Detrended Price Oscillator,i048,BTCUSDT,True,fee0.07,667,-0.07801798318903327,-52.037994787085196,0.8145016455564955
Detrended Price Oscillator,i048,BTCUSDT,True,slip3,667,-0.038431278278972476,-25.63366261207464,0.903426887979564
Detrended Price Oscillator,i048,BTCUSDT,True,no_funding,667,-0.037112656743460364,-24.754142047888063,0.9066060270448842
TRIX,i049,BTCUSDT,False,baseline,743,-0.05967706146594309,-44.34005666919572,0.8443417972275935
TRIX,i049,BTCUSDT,False,tp0.80,746,-0.06334017997271302,-47.251774259643916,0.8179942708968845
TRIX,i049,BTCUSDT,False,tp1.80,742,-0.06103775270573436,-45.29001250765489,0.8480998179410841
TRIX,i049,BTCUSDT,False,sl0.50,796,-0.06469016154270593,-51.49336858799393,0.8083121026015242
TRIX,i049,BTCUSDT,False,sl1.20,696,-0.043537880238123106,-30.302364645733682,0.8889122835006862
TRIX,i049,BTCUSDT,False,fee0.02,743,0.000333589691773468,0.24785714098768674,1.0009563338870855
TRIX,i049,BTCUSDT,False,fee0.07,743,-0.09968416223775413,-74.0653325426513,0.7550530078441221
TRIX,i049,BTCUSDT,False,slip3,743,-0.06008868037754105,-44.645889520513,0.8433653458380126
TRIX,i049,BTCUSDT,False,no_funding,743,-0.059784412744543346,-44.419818669195706,0.8441250905197915
TRIX,i049,BTCUSDT,True,baseline,318,-0.07641644216797262,-24.30042860941529,0.8119037007163014
TRIX,i049,BTCUSDT,True,tp0.80,318,-0.07130964586790432,-22.676467385993575,0.8061490083577244
TRIX,i049,BTCUSDT,True,tp1.80,318,-0.09592232612974746,-30.503299709259696,0.7828210340559852
TRIX,i049,BTCUSDT,True,sl0.50,324,-0.0473067066783705,-15.327372963792044,0.8608421131870625
TRIX,i049,BTCUSDT,True,sl1.20,313,-0.04742005347596366,-14.842476737976625,0.8850857994691725
TRIX,i049,BTCUSDT,True,fee0.02,318,-0.016418475226808327,-5.221075122125049,0.9558996982793795
TRIX,i049,BTCUSDT,True,fee0.07,318,-0.11641508679541553,-37.01999760094213,0.7289928607682201
TRIX,i049,BTCUSDT,True,slip3,318,-0.07682873263397409,-24.431536977603763,0.810998614019133
TRIX,i049,BTCUSDT,True,no_funding,318,-0.07538059311136884,-23.971028609415292,0.8142717912111127
Fisher Transform,i050,BTCUSDT,False,baseline,4423,-0.1018447323665684,-450.45925125733197,0.5752359656671918
Fisher Transform,i050,BTCUSDT,False,tp0.80,4617,-0.10046028241346147,-463.82512390295165,0.5757875151801193
Fisher Transform,i050,BTCUSDT,False,tp1.80,4297,-0.1057183510870946,-454.27175462124546,0.5605562335997002
Fisher Transform,i050,BTCUSDT,False,sl0.50,4707,-0.10431630461902074,-491.0168458417306,0.5599391577022199
Fisher Transform,i050,BTCUSDT,False,sl1.20,4313,-0.0999552044141023,-431.10679663802324,0.5822581812069981
Fisher Transform,i050,BTCUSDT,False,fee0.02,4423,-0.04184499765894441,-185.0804246455111,0.7889292329056145
Fisher Transform,i050,BTCUSDT,False,fee0.07,4423,-0.14184455550498434,-627.3784689985458,0.47261616836979
Fisher Transform,i050,BTCUSDT,False,slip3,4423,-0.1022593455244223,-452.29308525451984,0.5740312288546625
Fisher Transform,i050,BTCUSDT,False,no_funding,4423,-0.10177952458904183,-450.170837257332,0.575462890521007
Fisher Transform,i050,BTCUSDT,True,baseline,1461,-0.09231459764730025,-134.87162716270566,0.7877447075997668
Fisher Transform,i050,BTCUSDT,True,tp0.80,1609,-0.08761665800877858,-140.97520273612471,0.7732392216155721
Fisher Transform,i050,BTCUSDT,True,tp1.80,1356,-0.08752771575372632,-118.6875825620529,0.8102537762635995
Fisher Transform,i050,BTCUSDT,True,sl0.50,1744,-0.10271990936977053,-179.1435219408798,0.728011016088005
Fisher Transform,i050,BTCUSDT,True,sl1.20,1300,-0.09433158112642173,-122.63105546434825,0.7978048294316831
Fisher Transform,i050,BTCUSDT,True,fee0.02,1461,-0.03231371252119524,-47.21033399346625,0.9190978221400933
Fisher Transform,i050,BTCUSDT,True,fee0.07,1461,-0.1323151877313703,-193.312489275532,0.7118360474020203
Fisher Transform,i050,BTCUSDT,True,slip3,1461,-0.0927378176274035,-135.48995155363653,0.7868959349880376
Fisher Transform,i050,BTCUSDT,True,no_funding,1461,-0.09145387827700593,-133.61411616270567,0.7894717467123501
Ultimate Oscillator,i051,BTCUSDT,False,baseline,3987,-0.11719865616530341,-467.27104213106475,0.510883574127421
Ultimate Oscillator,i051,BTCUSDT,False,tp0.80,4125,-0.1158356615958272,-477.8221040827872,0.5032878823686225
Ultimate Oscillator,i051,BTCUSDT,False,tp1.80,3903,-0.11267705598482367,-439.7785495087668,0.531891059771033
Ultimate Oscillator,i051,BTCUSDT,False,sl0.50,4215,-0.11293444554545284,-476.0186879740838,0.519957057136034
Ultimate Oscillator,i051,BTCUSDT,False,sl1.20,3910,-0.11565168373151712,-452.198083390232,0.5176151002356693
Ultimate Oscillator,i051,BTCUSDT,False,fee0.02,3987,-0.057196010174978246,-228.04049256763824,0.7066613559583506
Ultimate Oscillator,i051,BTCUSDT,False,fee0.07,3987,-0.1572004201588535,-626.758075173349,0.41977101304534514
Ultimate Oscillator,i051,BTCUSDT,False,slip3,3987,-0.11761391899054992,-468.92669501532254,0.5098016480746282
Ultimate Oscillator,i051,BTCUSDT,False,no_funding,3987,-0.11720533361702148,-467.29766513106466,0.5109167711931188
Ultimate Oscillator,i051,BTCUSDT,True,baseline,1219,-0.07630054828859574,-93.01036836379821,0.8199445142093414
Ultimate Oscillator,i051,BTCUSDT,True,tp0.80,1329,-0.08271460918533027,-109.92771560730392,0.7832227313861518
Ultimate Oscillator,i051,BTCUSDT,True,tp1.80,1155,-0.06611449590346109,-76.36224276849757,0.8501417789828751
Ultimate Oscillator,i051,BTCUSDT,True,sl0.50,1424,-0.07256410448108287,-103.33128478106201,0.7991572260182582
Ultimate Oscillator,i051,BTCUSDT,True,sl1.20,1094,-0.0973363309677061,-106.48594607867045,0.788614078609817
Ultimate Oscillator,i051,BTCUSDT,True,fee0.02,1219,-0.016291465957791306,-19.859297002547606,0.9581072471053428
Ultimate Oscillator,i051,BTCUSDT,True,fee0.07,1219,-0.11630660317579875,-141.77774927129866,0.7401527405022034
Ultimate Oscillator,i051,BTCUSDT,True,slip3,1219,-0.07672380502679414,-93.52631832766207,0.8190529882197359
Ultimate Oscillator,i051,BTCUSDT,True,no_funding,1219,-0.07541516518769337,-91.93108636379822,0.8218548881894834
Williams %R,i052,BTCUSDT,False,baseline,3393,-0.10229654921183368,-347.09219147575163,0.5939302531114738
Williams %R,i052,BTCUSDT,False,tp0.80,3513,-0.1089381324308965,-382.6996592297394,0.55570223102591
Williams %R,i052,BTCUSDT,False,tp1.80,3303,-0.09191585074422916,-303.5980550081889,0.6329375010863494
Williams %R,i052,BTCUSDT,False,sl0.50,3593,-0.10525368745371044,-378.1764990211816,0.5783243218994784
Williams %R,i052,BTCUSDT,False,sl1.20,3332,-0.10245116008914042,-341.36726541701586,0.5908147430720644
Williams %R,i052,BTCUSDT,False,fee0.02,3393,-0.042295517293036135,-143.50869017527162,0.7946339921713034
Williams %R,i052,BTCUSDT,False,fee0.07,3393,-0.1422972371576987,-482.8145256760717,0.4978250472529241
Williams %R,i052,BTCUSDT,False,slip3,3393,-0.10271212570461291,-348.5022425157516,0.5928024458556984
Williams %R,i052,BTCUSDT,False,no_funding,3393,-0.10226298216202524,-346.97829847575167,0.5940233360631605
Williams %R,i052,BTCUSDT,True,baseline,1064,-0.058627216528597564,-62.37935838642781,0.8569784615037335
Williams %R,i052,BTCUSDT,True,tp0.80,1140,-0.06759787912695613,-77.06158220473,0.8175205955550932
Williams %R,i052,BTCUSDT,True,tp1.80,1007,-0.058371880984845526,-58.780484151739444,0.8663380707827926
Williams %R,i052,BTCUSDT,True,sl0.50,1267,-0.0792957498917175,-100.46771511280608,0.7832766537020485
Williams %R,i052,BTCUSDT,True,sl1.20,976,-0.07430515012522566,-72.52182652222025,0.8345480508546402
Williams %R,i052,BTCUSDT,True,fee0.02,1064,0.0013774603221191118,1.465617782734735,1.0036656160866335
Williams %R,i052,BTCUSDT,True,fee0.07,1064,-0.09863033442907537,-104.94267583253618,0.7723771202495822
Williams %R,i052,BTCUSDT,True,slip3,1064,-0.059048957226587505,-62.82809048908911,0.8560355388986226
Williams %R,i052,BTCUSDT,True,no_funding,1064,-0.057699658257920845,-61.39243638642778,0.8590775475881449
SMI Ergodic,i053,BTCUSDT,False,baseline,3589,-0.11207449112824476,-402.23534865927047,0.579402795714178
SMI Ergodic,i053,BTCUSDT,False,tp0.80,3759,-0.11391678418127286,-428.21319173740466,0.5656775134680606
SMI Ergodic,i053,BTCUSDT,False,tp1.80,3473,-0.10530579521514907,-365.72702678221276,0.600369526472967
SMI Ergodic,i053,BTCUSDT,False,sl0.50,3819,-0.11220206946166596,-428.4997032741023,0.5666533438266966
SMI Ergodic,i053,BTCUSDT,False,sl1.20,3499,-0.10661204895370557,-373.0355592890158,0.5984723495316978
SMI Ergodic,i053,BTCUSDT,False,fee0.02,3589,-0.05207206642802028,-186.8866464101648,0.7671039131518985
SMI Ergodic,i053,BTCUSDT,False,fee0.07,3589,-0.1520761075950611,-545.8011501586743,0.4866859722052263
SMI Ergodic,i053,BTCUSDT,False,slip3,3589,-0.11248960343097263,-403.72518671376076,0.5783243564833177
SMI Ergodic,i053,BTCUSDT,False,no_funding,3589,-0.11205425429347186,-402.1627186592705,0.5794018215832628
SMI Ergodic,i053,BTCUSDT,True,baseline,1210,-0.08877784879133746,-107.42119703751834,0.7945183165249123
SMI Ergodic,i053,BTCUSDT,True,tp0.80,1314,-0.09038690785556908,-118.76839692221776,0.7686416928105353
SMI Ergodic,i053,BTCUSDT,True,tp1.80,1142,-0.09622039780421188,-109.88369429240996,0.7893665511725767
SMI Ergodic,i053,BTCUSDT,True,sl0.50,1467,-0.10862714783660102,-159.3560258762937,0.7138925278759255
SMI Ergodic,i053,BTCUSDT,True,sl1.20,1088,-0.09646875314930967,-104.95800342644893,0.794650540416103
SMI Ergodic,i053,BTCUSDT,True,fee0.02,1210,-0.02877279995529068,-34.81508794590172,0.9275878285363234
SMI Ergodic,i053,BTCUSDT,True,fee0.07,1210,-0.12878121468203532,-155.82526976526273,0.7173802990082043
SMI Ergodic,i053,BTCUSDT,True,slip3,1210,-0.08919954758478327,-107.93145257758776,0.7936603619232863
SMI Ergodic,i053,BTCUSDT,True,no_funding,1210,-0.0879049116012548,-106.36494303751832,0.7963325718186146
Relative Vigor Index,i054,BTCUSDT,False,baseline,4171,-0.09614486443462039,-401.02022955680167,0.6014088200799215
Relative Vigor Index,i054,BTCUSDT,False,tp0.80,4361,-0.09439110072604844,-411.63959026629726,0.5995404927493017
Relative Vigor Index,i054,BTCUSDT,False,tp1.80,4069,-0.09192944453690506,-374.06090982066667,0.6169921424266
Relative Vigor Index,i054,BTCUSDT,False,sl0.50,4453,-0.09060601369475743,-403.4685789827549,0.6099728498704383
Relative Vigor Index,i054,BTCUSDT,False,sl1.20,4056,-0.09804604260658906,-397.67474881232516,0.5960142591378697
Relative Vigor Index,i054,BTCUSDT,False,fee0.02,4171,-0.036144344305600686,-150.75806009866045,0.8208430420592775
Relative Vigor Index,i054,BTCUSDT,False,fee0.07,4171,-0.13614521118730022,-567.8616758622292,0.49484039792891343
Relative Vigor Index,i054,BTCUSDT,False,slip3,4171,-0.09655984259874108,-402.751103479349,0.6001597284983213
Relative Vigor Index,i054,BTCUSDT,False,no_funding,4171,-0.09606455995128307,-400.68527955680173,0.6016819437972023
Relative Vigor Index,i054,BTCUSDT,True,baseline,1386,-0.06760254164296568,-93.69712271715044,0.8405719392482071
Relative Vigor Index,i054,BTCUSDT,True,tp0.80,1529,-0.0780230987967683,-119.29731806025873,0.7951701541799265
Relative Vigor Index,i054,BTCUSDT,True,tp1.80,1276,-0.07719510324889209,-98.5009517455863,0.8281818143746258
Relative Vigor Index,i054,BTCUSDT,True,sl0.50,1661,-0.08806817901842197,-146.2812453495989,0.7627022881906033
Relative Vigor Index,i054,BTCUSDT,True,sl1.20,1245,-0.09096102525737336,-113.24647644542982,0.8066573780886441
Relative Vigor Index,i054,BTCUSDT,True,fee0.02,1386,-0.007603910571047114,-10.5390200514713,0.9804874890308434
Relative Vigor Index,i054,BTCUSDT,True,fee0.07,1386,-0.10760162902424476,-149.13585782760325,0.7596233478027619
Relative Vigor Index,i054,BTCUSDT,True,slip3,1386,-0.06802427679493024,-94.28164763777332,0.8396704569368036
Relative Vigor Index,i054,BTCUSDT,True,no_funding,1386,-0.06689728190270595,-92.71963271715045,0.8421110314623493
True Strength Index,i055,BTCUSDT,False,baseline,1835,-0.09885261548531828,-181.39454941555906,0.7188079550320361
True Strength Index,i055,BTCUSDT,False,tp0.80,1949,-0.0934496011947418,-182.13327272855176,0.7147894136534962
True Strength Index,i055,BTCUSDT,False,tp1.80,1747,-0.09860009208948758,-172.25436088033481,0.722903589490815
True Strength Index,i055,BTCUSDT,False,sl0.50,1996,-0.10918916580654368,-217.94157494986118,0.6626298925989882
True Strength Index,i055,BTCUSDT,False,sl1.20,1744,-0.09767360170590297,-170.3427613750948,0.7342498837877307
True Strength Index,i055,BTCUSDT,False,fee0.02,1835,-0.03885290686543116,-71.29508409806617,0.875173050316515
True Strength Index,i055,BTCUSDT,False,fee0.07,1835,-0.13885242123190975,-254.79419296055434,0.6336772316976033
True Strength Index,i055,BTCUSDT,False,slip3,1835,-0.09926856959183855,-182.15782520102374,0.7178514390467453
True Strength Index,i055,BTCUSDT,False,no_funding,1835,-0.09868239532183054,-181.08219541555906,0.7192392406200878
True Strength Index,i055,BTCUSDT,True,baseline,736,-0.056177379607790914,-41.34655139133411,0.8630207385182201
True Strength Index,i055,BTCUSDT,True,tp0.80,757,-0.055149955957563314,-41.74851665987543,0.8492726241531453
True Strength Index,i055,BTCUSDT,True,tp1.80,716,-0.05239062030945696,-37.51168414157118,0.8798838862363069
True Strength Index,i055,BTCUSDT,True,sl0.50,834,-0.08639557293662894,-72.05390782914853,0.7671073041881304
True Strength Index,i055,BTCUSDT,True,sl1.20,692,-0.044181100530251066,-30.573321566933735,0.8981785676010294
True Strength Index,i055,BTCUSDT,True,fee0.02,736,0.0038314168938724576,2.819922833890129,1.0102090689480063
True Strength Index,i055,BTCUSDT,True,fee0.07,736,-0.09618324394223318,-70.79086754148362,0.7783912359412524
True Strength Index,i055,BTCUSDT,True,slip3,736,-0.056596624071351326,-41.655115316514575,0.8620818275519232
True Strength Index,i055,BTCUSDT,True,no_funding,736,-0.054974761401269154,-40.4614243913341,0.865708930095454
Coppock Curve,i056,BTCUSDT,False,baseline,1426,-0.10242623638029745,-146.05981307830416,0.7187191258432216
Coppock Curve,i056,BTCUSDT,False,tp0.80,1487,-0.10176080692631687,-151.3183198994332,0.6978644783901828
Coppock Curve,i056,BTCUSDT,False,tp1.80,1396,-0.08794171562601248,-122.76663501391343,0.768338156438208
Coppock Curve,i056,BTCUSDT,False,sl0.50,1595,-0.10056583530484023,-160.40250731122018,0.697637706310513
Coppock Curve,i056,BTCUSDT,False,sl1.20,1318,-0.0994564226881303,-131.08356510295576,0.7276142121457236
Coppock Curve,i056,BTCUSDT,False,fee0.02,1426,-0.042427035605861245,-60.500952773958126,0.8690926496789915
Coppock Curve,i056,BTCUSDT,False,fee0.07,1426,-0.14242570356325493,-203.09905328120155,0.6361918156365501
Coppock Curve,i056,BTCUSDT,False,slip3,1426,-0.10284137186498431,-146.65179627946762,0.7177961240114362
Coppock Curve,i056,BTCUSDT,False,no_funding,1426,-0.10246882053177009,-146.12053807830415,0.7186673947450681
Coppock Curve,i056,BTCUSDT,True,baseline,656,-0.024838195845256476,-16.293856474488248,0.9345066798588182
Coppock Curve,i056,BTCUSDT,True,tp0.80,671,-0.01767019504382707,-11.856700874407965,0.9469908219904649
Coppock Curve,i056,BTCUSDT,True,tp1.80,647,-0.0032041437970866103,-2.073081036715037,0.9919851350202732
Coppock Curve,i056,BTCUSDT,True,sl0.50,714,-0.04561692214240359,-32.57048240967617,0.8681155126185593
Coppock Curve,i056,BTCUSDT,True,sl1.20,627,-0.03236942391659967,-20.295628795707994,0.9215383695479465
Coppock Curve,i056,BTCUSDT,True,fee0.02,656,0.03516366354942969,23.067363288425874,1.1014557037009765
Coppock Curve,i056,BTCUSDT,True,fee0.07,656,-0.06483943544171394,-42.53466964976435,0.8386673678211475
Coppock Curve,i056,BTCUSDT,True,slip3,656,-0.025255538705417996,-16.567633390754207,0.9334470463571298
Coppock Curve,i056,BTCUSDT,True,no_funding,656,-0.023721139442817445,-15.561067474488244,0.937376147557949
Rate of Change,i057,BTCUSDT,False,baseline,3666,-0.08873283446398697,-325.29457114497626,0.6098978100215583
Rate of Change,i057,BTCUSDT,False,tp0.80,3808,-0.09101126154695734,-346.5708839708135,0.5899511528854079
Rate of Change,i057,BTCUSDT,False,tp1.80,3574,-0.09358692175909233,-334.479658366996,0.5964756356909738
Rate of Change,i057,BTCUSDT,False,sl0.50,3884,-0.09679582096034887,-375.95496860999503,0.5789760141876521
Rate of Change,i057,BTCUSDT,False,sl1.20,3601,-0.08748825092362585,-315.0451915759767,0.610739379149898
Rate of Change,i057,BTCUSDT,False,fee0.02,3666,-0.028734319752217408,-105.34001621162903,0.8433796130290895
Rate of Change,i057,BTCUSDT,False,fee0.07,3666,-0.12873184427183337,-471.9309411005412,0.5016054052433004
Rate of Change,i057,BTCUSDT,False,slip3,3666,-0.08914742538491595,-326.81446146110187,0.6086129833208774
Rate of Change,i057,BTCUSDT,False,no_funding,3666,-0.08866339474767493,-325.04000514497625,0.6101284911069416
Rate of Change,i057,BTCUSDT,True,baseline,1103,-0.061642242875367334,-67.99139389153017,0.8504462461062315
Rate of Change,i057,BTCUSDT,True,tp0.80,1198,-0.06813917210195622,-81.63072817814354,0.8168304816254621
Rate of Change,i057,BTCUSDT,True,tp1.80,1058,-0.07112997826436675,-75.2555170037,0.8396450538252361
Rate of Change,i057,BTCUSDT,True,sl0.50,1301,-0.07953256196932186,-103.47186312208774,0.7818593372322344
Rate of Change,i057,BTCUSDT,True,sl1.20,1014,-0.07583769385620506,-76.89942157019193,0.8324220453984515
Rate of Change,i057,BTCUSDT,True,fee0.02,1103,-0.0016367755401970696,-1.805363420837368,0.9956668900019541
Rate of Change,i057,BTCUSDT,True,fee0.07,1103,-0.10164588776548086,-112.11541420532541,0.7666665765634654
Rate of Change,i057,BTCUSDT,True,slip3,1103,-0.06206363474058922,-68.4561891188699,0.8495129779144602
Rate of Change,i057,BTCUSDT,True,no_funding,1103,-0.06077998176929299,-67.04031989153016,0.8523465985861556
Klinger Oscillator,i058,BTCUSDT,False,baseline,3578,-0.11251455858862425,-402.57709063009753,0.5711813840513594
Klinger Oscillator,i058,BTCUSDT,False,tp0.80,3736,-0.11458268815051836,-428.0809229303366,0.5577287541165958
Klinger Oscillator,i058,BTCUSDT,False,tp1.80,3475,-0.10753999044306638,-373.7014667896556,0.5862571272538357
Klinger Oscillator,i058,BTCUSDT,False,sl0.50,3821,-0.11367286372905396,-434.3440123087152,0.5526316653116274
Klinger Oscillator,i058,BTCUSDT,False,sl1.20,3493,-0.10648860441053169,-371.96469520598725,0.5954886553624121
Klinger Oscillator,i058,BTCUSDT,False,fee0.02,3578,-0.05251575695466279,-187.90137838378348,0.7601455610081517
Klinger Oscillator,i058,BTCUSDT,False,fee0.07,3578,-0.15251375967793188,-545.6942321276402,0.4787246540193959
Klinger Oscillator,i058,BTCUSDT,False,slip3,3578,-0.11292966429737081,-404.0623388559927,0.5701041624634277
Klinger Oscillator,i058,BTCUSDT,False,no_funding,3578,-0.11252277770544927,-402.6064986300975,0.5711822396194661
Klinger Oscillator,i058,BTCUSDT,True,baseline,1163,-0.08730259133523224,-101.5329137228751,0.7976942062372755
Klinger Oscillator,i058,BTCUSDT,True,tp0.80,1292,-0.08272407302927857,-106.8795023538279,0.7859983511371657
Klinger Oscillator,i058,BTCUSDT,True,tp1.80,1099,-0.07619088360847116,-83.73378108570981,0.8330499618173253
Klinger Oscillator,i058,BTCUSDT,True,sl0.50,1386,-0.1079248692830099,-149.58386882625172,0.7157617384338587
Klinger Oscillator,i058,BTCUSDT,True,sl1.20,1056,-0.10129167750396756,-106.96401144418974,0.7873797661545856
Klinger Oscillator,i058,BTCUSDT,True,fee0.02,1163,-0.027296817410530357,-31.746198648446804,0.9311268465674717
Klinger Oscillator,i058,BTCUSDT,True,fee0.07,1163,-0.12730644061836688,-148.05739043916068,0.7206342161939148
Klinger Oscillator,i058,BTCUSDT,True,slip3,1163,-0.08772515745198724,-102.02435811666115,0.7968339906064917
Klinger Oscillator,i058,BTCUSDT,True,no_funding,1163,-0.08634103157598892,-100.4146197228751,0.7996898430212017
Bollinger Bands,i059,BTCUSDT,False,baseline,1447,-0.0820754708429523,-118.763206309752,0.8075083266946674
Bollinger Bands,i059,BTCUSDT,False,tp0.80,1603,-0.07299010122440576,-117.00313226272243,0.8067845792503013
Bollinger Bands,i059,BTCUSDT,False,tp1.80,1354,-0.07205330005248597,-97.560168271066,0.8393811978111823
Bollinger Bands,i059,BTCUSDT,False,sl0.50,1634,-0.08579444147724795,-140.18811737382316,0.7684763224242751
Bollinger Bands,i059,BTCUSDT,False,sl1.20,1334,-0.09178802501131146,-122.44522536508948,0.8016209741795622
Bollinger Bands,i059,BTCUSDT,False,fee0.02,1447,-0.0220693262180786,-31.934315037559735,0.9434492693762374
Bollinger Bands,i059,BTCUSDT,False,fee0.07,1447,-0.1220795672595348,-176.64913382454682,0.7293004319763992
Bollinger Bands,i059,BTCUSDT,False,slip3,1447,-0.08249230504859086,-119.36636540531099,0.8066454456170845
Bollinger Bands,i059,BTCUSDT,False,no_funding,1447,-0.08178056897702281,-118.336483309752,0.8081209481481152
Bollinger Bands,i059,BTCUSDT,True,baseline,750,-0.07992363905471582,-59.94272929103687,0.8219668005302789
Bollinger Bands,i059,BTCUSDT,True,tp0.80,839,-0.05633143893522817,-47.26207726665644,0.8536306055718731
Bollinger Bands,i059,BTCUSDT,True,tp1.80,704,-0.07844383068523395,-55.224456802404696,0.8358493736415321
Bollinger Bands,i059,BTCUSDT,True,sl0.50,832,-0.07852791325820226,-65.33522383082428,0.7936771218779514
Bollinger Bands,i059,BTCUSDT,True,sl1.20,709,-0.06353973833727257,-45.04967448112625,0.8677822448803905
Bollinger Bands,i059,BTCUSDT,True,fee0.02,750,-0.01991547395428545,-14.936605465714086,0.9519076733478739
Bollinger Bands,i059,BTCUSDT,True,fee0.07,750,-0.11992908245500274,-89.94681184125206,0.7461197857957871
Bollinger Bands,i059,BTCUSDT,True,slip3,750,-0.08034332199028345,-60.25749149271259,0.8211291262816933
Bollinger Bands,i059,BTCUSDT,True,no_funding,750,-0.07885271638804914,-59.139537291036845,0.8241336963293242
BB %B,i060,BTCUSDT,False,baseline,2954,-0.09785995255532896,-289.07829984844176,0.611620328922083
BB %B,i060,BTCUSDT,False,tp0.80,3055,-0.10730698495008502,-327.8228390225097,0.5639789441499227
BB %B,i060,BTCUSDT,False,tp1.80,2882,-0.10024192238137092,-288.897220303111,0.6097650805973561
BB %B,i060,BTCUSDT,False,sl0.50,3118,-0.10241285973005354,-319.32329663830694,0.5903364691543389
BB %B,i060,BTCUSDT,False,sl1.20,2902,-0.10038538046811567,-291.31837411847164,0.6008120011194702
BB %B,i060,BTCUSDT,False,fee0.02,2954,-0.037862769068786786,-111.84661982919617,0.8152631706848905
BB %B,i060,BTCUSDT,False,fee0.07,2954,-0.13785807487969043,-407.23275319460555,0.5146024702219318
BB %B,i060,BTCUSDT,False,slip3,2954,-0.09827420858516192,-290.3020121605683,0.6104832648129961
BB %B,i060,BTCUSDT,False,no_funding,2954,-0.09778129852689296,-288.8459558484418,0.6119098479484163
BB %B,i060,BTCUSDT,True,baseline,926,-0.05542915223564723,-51.32739497020934,0.8662232398643498
BB %B,i060,BTCUSDT,True,tp0.80,979,-0.07662321565038156,-75.01412812172354,0.797280913243461
BB %B,i060,BTCUSDT,True,tp1.80,892,-0.03322487998223512,-29.636592944153726,0.9226787822341621
BB %B,i060,BTCUSDT,True,sl0.50,1102,-0.07827528638262386,-86.25936559365151,0.7860545179541472
BB %B,i060,BTCUSDT,True,sl1.20,852,-0.05947170492886997,-50.669892599397215,0.8667825163245259
BB %B,i060,BTCUSDT,True,fee0.02,926,0.004576769735375855,4.238088774958042,1.0120449830116138
BB %B,i060,BTCUSDT,True,fee0.07,926,-0.09543310021632931,-88.37105080032094,0.7819618364318836
BB %B,i060,BTCUSDT,True,slip3,926,-0.05584820875535533,-51.71544130745903,0.8652906376404879
BB %B,i060,BTCUSDT,True,no_funding,926,-0.05462559500022606,-50.583300970209336,0.8680415525395853
Standard Error Bands,i061,BTCUSDT,False,baseline,1870,-0.10966989240656716,-205.08269880028055,0.7226394156335868
Standard Error Bands,i061,BTCUSDT,False,tp0.80,2050,-0.1042141758062741,-213.6390604028619,0.7116572831274602
Standard Error Bands,i061,BTCUSDT,False,tp1.80,1728,-0.1069841390472705,-184.8685922736834,0.7335837646189921
Standard Error Bands,i061,BTCUSDT,False,sl0.50,2114,-0.10095678802490352,-213.42264988464606,0.7101318781462002
Standard Error Bands,i061,BTCUSDT,False,sl1.20,1725,-0.11073286169331345,-191.01418642096567,0.7320810313984507
Standard Error Bands,i061,BTCUSDT,False,fee0.02,1870,-0.049666863847996595,-92.87703539575362,0.8607548306172829
Standard Error Bands,i061,BTCUSDT,False,fee0.07,1870,-0.1496719114456142,-279.88647440329856,0.6451906991749773
Standard Error Bands,i061,BTCUSDT,False,slip3,1870,-0.11008699002202868,-205.86267134119362,0.7217750501876986
Standard Error Bands,i061,BTCUSDT,False,no_funding,1870,-0.1096027031017543,-204.95705480028056,0.7227894551168941
Standard Error Bands,i061,BTCUSDT,True,baseline,880,-0.11520540067704237,-101.38075259579729,0.7466181486000789
Standard Error Bands,i061,BTCUSDT,True,tp0.80,963,-0.10743082951014085,-103.45588881826563,0.7375833800143862
Standard Error Bands,i061,BTCUSDT,True,tp1.80,828,-0.09458292716316562,-78.31466369110115,0.7999417140944951
Standard Error Bands,i061,BTCUSDT,True,sl0.50,975,-0.11425998933567438,-111.40348960228252,0.706182015162361
Standard Error Bands,i061,BTCUSDT,True,sl1.20,832,-0.12471205201184064,-103.76042727385142,0.7511052381914776
Standard Error Bands,i061,BTCUSDT,True,fee0.02,880,-0.055211215783821134,-48.5858698897626,0.8683203286118831
Standard Error Bands,i061,BTCUSDT,True,fee0.07,880,-0.15520152393918987,-136.5773410664871,0.6757485666825621
Standard Error Bands,i061,BTCUSDT,True,slip3,880,-0.11562557702298115,-101.75050778022342,0.7458332043117696
Standard Error Bands,i061,BTCUSDT,True,no_funding,880,-0.11421593476795146,-100.5100225957973,0.7484795505966408
Envelopes,i062,BTCUSDT,False,baseline,0,,,
Envelopes,i062,BTCUSDT,False,tp0.80,0,,,
Envelopes,i062,BTCUSDT,False,tp1.80,0,,,
Envelopes,i062,BTCUSDT,False,sl0.50,0,,,
Envelopes,i062,BTCUSDT,False,sl1.20,0,,,
Envelopes,i062,BTCUSDT,False,fee0.02,0,,,
Envelopes,i062,BTCUSDT,False,fee0.07,0,,,
Envelopes,i062,BTCUSDT,False,slip3,0,,,
Envelopes,i062,BTCUSDT,False,no_funding,0,,,
Envelopes,i062,BTCUSDT,True,baseline,0,,,
Envelopes,i062,BTCUSDT,True,tp0.80,0,,,
Envelopes,i062,BTCUSDT,True,tp1.80,0,,,
Envelopes,i062,BTCUSDT,True,sl0.50,0,,,
Envelopes,i062,BTCUSDT,True,sl1.20,0,,,
Envelopes,i062,BTCUSDT,True,fee0.02,0,,,
Envelopes,i062,BTCUSDT,True,fee0.07,0,,,
Envelopes,i062,BTCUSDT,True,slip3,0,,,
Envelopes,i062,BTCUSDT,True,no_funding,0,,,
Net Volume,i074,BTCUSDT,False,baseline,3021,-0.10632325884167845,-321.2025649607107,0.5817845061352255
Net Volume,i074,BTCUSDT,False,tp0.80,3127,-0.10660160059475403,-333.3432050597959,0.5622813092474941
Net Volume,i074,BTCUSDT,False,tp1.80,2951,-0.09679507142446316,-285.64225577359076,0.6208829343755039
Net Volume,i074,BTCUSDT,False,sl0.50,3227,-0.10588155720892486,-341.6797851132006,0.5712405441272149
Net Volume,i074,BTCUSDT,False,sl1.20,2926,-0.11713778720350201,-342.74516535744687,0.5474831331829223
Net Volume,i074,BTCUSDT,False,fee0.02,3021,-0.04632277489452538,-139.94110295636116,0.780553701712916
Net Volume,i074,BTCUSDT,False,fee0.07,3021,-0.14632358147311383,-442.04353963027694,0.485767632166131
Net Volume,i074,BTCUSDT,False,slip3,3021,-0.10673725127685105,-322.453236107367,0.5806641282297629
Net Volume,i074,BTCUSDT,False,no_funding,3021,-0.10633807678275757,-321.24732996071066,0.5817507521722801
Net Volume,i074,BTCUSDT,True,baseline,1038,-0.07908417344449009,-82.08937203538072,0.8146261411646243
Net Volume,i074,BTCUSDT,True,tp0.80,1106,-0.0922301155723814,-102.00650782305382,0.7630101878909046
Net Volume,i074,BTCUSDT,True,tp1.80,985,-0.060565993418605,-59.65750351732593,0.8645222171395996
Net Volume,i074,BTCUSDT,True,sl0.50,1202,-0.08315337781940296,-99.95036013892236,0.7745971398347152
Net Volume,i074,BTCUSDT,True,sl1.20,957,-0.08857398093635793,-84.76529975609455,0.8089274296217392
Net Volume,i074,BTCUSDT,True,fee0.02,1038,-0.01908345347256281,-19.808624704520195,0.951230933587644
Net Volume,i074,BTCUSDT,True,fee0.07,1038,-0.11908465342577496,-123.6098702559544,0.7357704690249495
Net Volume,i074,BTCUSDT,True,slip3,1038,-0.07950583791119713,-82.52705975182262,0.8137477339768014
Net Volume,i074,BTCUSDT,True,no_funding,1038,-0.07805205398398912,-81.01803203538071,0.8168108187001801
OBV,i075,BTCUSDT,False,baseline,3204,-0.10619235057833062,-340.2402912529713,0.5528412747048459
OBV,i075,BTCUSDT,False,tp0.80,3303,-0.10424096265647526,-344.3078996543378,0.544900267647368
OBV,i075,BTCUSDT,False,tp1.80,3144,-0.10852336774382208,-341.19746818657666,0.5500719477240678
OBV,i075,BTCUSDT,False,sl0.50,3362,-0.09867660349107997,-331.7507409370109,0.5746121582028624
OBV,i075,BTCUSDT,False,sl1.20,3153,-0.10248850267717828,-323.1462489411431,0.5629384105432926
OBV,i075,BTCUSDT,False,fee0.02,3204,-0.04618899245696952,-147.98953183213035,0.7570839346902392
OBV,i075,BTCUSDT,False,fee0.07,3204,-0.14619458932590468,-468.40746420019866,0.45810097345877215
OBV,i075,BTCUSDT,False,slip3,3204,-0.1066057791757311,-341.56491647904244,0.5517242811393314
OBV,i075,BTCUSDT,False,no_funding,3204,-0.10618284683301227,-340.20984125297133,0.5528851229834919
OBV,i075,BTCUSDT,True,baseline,1002,-0.09140074775141606,-91.58354924691889,0.7891523779414518
OBV,i075,BTCUSDT,True,tp0.80,1066,-0.10667200015054012,-113.71235216047577,0.7285600223212481
OBV,i075,BTCUSDT,True,tp1.80,961,-0.07209461203521905,-69.2829221658455,0.8408965370763096
OBV,i075,BTCUSDT,True,sl0.50,1180,-0.10228350629878401,-120.69453743256513,0.7286002822755662
OBV,i075,BTCUSDT,True,sl1.20,910,-0.10073064682028571,-91.66488860645998,0.7842951812652968
OBV,i075,BTCUSDT,True,fee0.02,1002,-0.03139609417669721,-31.458886365050603,0.9210010733742606
OBV,i075,BTCUSDT,True,fee0.07,1002,-0.131403850134562,-131.6666578348311,0.7131694325339627
OBV,i075,BTCUSDT,True,slip3,1002,-0.09182279707433597,-92.00644266848464,0.7883044575530833
OBV,i075,BTCUSDT,True,no_funding,1002,-0.09052373777137614,-90.70478524691889,0.790907210824036
Accumulation/Distribution,i076,BTCUSDT,False,baseline,3271,-0.11083372297404719,-362.53710784810835,0.5476540971926757
Accumulation/Distribution,i076,BTCUSDT,False,tp0.80,3388,-0.10997998179558917,-372.6121783234561,0.536534609385308
Accumulation/Distribution,i076,BTCUSDT,False,tp1.80,3199,-0.10506771494007269,-336.1116200932925,0.5665251398726107
Accumulation/Distribution,i076,BTCUSDT,False,sl0.50,3432,-0.11064458114338845,-379.7322024841091,0.537950792842359
Accumulation/Distribution,i076,BTCUSDT,False,sl1.20,3222,-0.11173116292009062,-359.99780692853193,0.5471924687437164
Accumulation/Distribution,i076,BTCUSDT,False,fee0.02,3271,-0.0508342249398285,-166.27874977817902,0.7451888544915943
Accumulation/Distribution,i076,BTCUSDT,False,fee0.07,3271,-0.15083338833019297,-493.3760132280612,0.4545692793193646
Accumulation/Distribution,i076,BTCUSDT,False,slip3,3271,-0.11125177379395497,-363.90455208002675,0.5465472172471426
Accumulation/Distribution,i076,BTCUSDT,False,no_funding,3271,-0.1109136749764929,-362.7986308481083,0.5474711697400962
Accumulation/Distribution,i076,BTCUSDT,True,baseline,1056,-0.05905642019532553,-62.363579726263765,0.8577090329237876
Accumulation/Distribution,i076,BTCUSDT,True,tp0.80,1140,-0.07343180107407282,-83.71225322444302,0.8046278652007248
Accumulation/Distribution,i076,BTCUSDT,True,tp1.80,1002,-0.03472898005034178,-34.79843801044246,0.9196934353837792
Accumulation/Distribution,i076,BTCUSDT,True,sl0.50,1225,-0.07398452182633636,-90.63103923726204,0.7959105064500744
Accumulation/Distribution,i076,BTCUSDT,True,sl1.20,972,-0.07763268842858184,-75.45897315258155,0.829707712972001
Accumulation/Distribution,i076,BTCUSDT,True,fee0.02,1056,0.0009457353895523349,0.9986965713672656,1.0024834516065813
Accumulation/Distribution,i076,BTCUSDT,True,fee0.07,1056,-0.09905785725191078,-104.60509725801779,0.7739292150405338
Accumulation/Distribution,i076,BTCUSDT,True,slip3,1056,-0.05948131804935865,-62.81227186012273,0.8567696222448291
Accumulation/Distribution,i076,BTCUSDT,True,no_funding,1056,-0.05812856792259825,-61.38376772626375,0.8598290265374758
MFI,i077,BTCUSDT,False,baseline,2482,-0.09840329273420662,-244.2369725663008,0.6340458246895948
MFI,i077,BTCUSDT,False,tp0.80,2588,-0.09899474136628963,-256.1983906559576,0.6179708973556852
MFI,i077,BTCUSDT,False,tp1.80,2424,-0.08943176612153259,-216.782601078595,0.672756775850999
MFI,i077,BTCUSDT,False,sl0.50,2685,-0.09349473583752067,-251.033365723743,0.6385708165569324
MFI,i077,BTCUSDT,False,sl1.20,2385,-0.11199386790098262,-267.1053749438436,0.5929730919085859
MFI,i077,BTCUSDT,False,fee0.02,2482,-0.03840294668196209,-95.31611366462991,0.8306671282353205
MFI,i077,BTCUSDT,False,fee0.07,2482,-0.13840352343570295,-343.5175451674147,0.5362219730123433
MFI,i077,BTCUSDT,False,slip3,2482,-0.09881881531021992,-245.26829959996584,0.6329119554872797
MFI,i077,BTCUSDT,False,no_funding,2482,-0.0983743076415394,-244.1650315663008,0.6341343325644997
MFI,i077,BTCUSDT,True,baseline,923,-0.07253245561105721,-66.9474565290058,0.8230850395924934
MFI,i077,BTCUSDT,True,tp0.80,985,-0.07541646212364826,-74.28521519179354,0.7968275333854498
MFI,i077,BTCUSDT,True,tp1.80,893,-0.0680592579570888,-60.7769173556803,0.8420620413163772
MFI,i077,BTCUSDT,True,sl0.50,1054,-0.0759333163160651,-80.03371539713262,0.7904712040057359
MFI,i077,BTCUSDT,True,sl1.20,856,-0.07988986690201597,-68.38572606812568,0.8212500058043015
MFI,i077,BTCUSDT,True,fee0.02,923,-0.012526909048652177,-11.56233705190596,0.966609814862333
MFI,i077,BTCUSDT,True,fee0.07,923,-0.1125361533193273,-103.8708695137391,0.7406314519517098
MFI,i077,BTCUSDT,True,slip3,923,-0.07295297434535133,-67.33559532075928,0.8221676578788951
MFI,i077,BTCUSDT,True,no_funding,923,-0.07159146536186976,-66.07892252900581,0.8251820749639427
Chaikin Money Flow,i078,BTCUSDT,False,baseline,2674,-0.09680018090357011,-258.8436837361465,0.6203088524904875
Chaikin Money Flow,i078,BTCUSDT,False,tp0.80,2755,-0.09996569628482985,-275.40549326470625,0.5913623869682587
Chaikin Money Flow,i078,BTCUSDT,False,tp1.80,2606,-0.10694508921787163,-278.6989025017735,0.5911519602030313
Chaikin Money Flow,i078,BTCUSDT,False,sl0.50,2820,-0.09723917514575431,-274.21447391102714,0.5992494506316757
Chaikin Money Flow,i078,BTCUSDT,False,sl1.20,2605,-0.10519671960535092,-274.0374545719392,0.5992948787153054
Chaikin Money Flow,i078,BTCUSDT,False,fee0.02,2674,-0.03679953348229035,-98.40195253164438,0.8273354539480774
Chaikin Money Flow,i078,BTCUSDT,False,fee0.07,2674,-0.13680061251775663,-365.8048378724813,0.5194065421681888
Chaikin Money Flow,i078,BTCUSDT,False,slip3,2674,-0.09721703580527205,-259.95835374329744,0.6191253485888213
Chaikin Money Flow,i078,BTCUSDT,False,no_funding,2674,-0.0967083248826277,-258.59806073614646,0.6206487178747
Chaikin Money Flow,i078,BTCUSDT,True,baseline,943,-0.04067347230925329,-38.35508438762585,0.8975000414334797
Chaikin Money Flow,i078,BTCUSDT,True,tp0.80,1016,-0.056701540835550394,-57.608765488919204,0.8439989024257445
Chaikin Money Flow,i078,BTCUSDT,True,tp1.80,897,-0.03293256357202423,-29.54050952410574,0.9209958217361445
Chaikin Money Flow,i078,BTCUSDT,True,sl0.50,1065,-0.04553199725291722,-48.49157707435684,0.8696330619191839
Chaikin Money Flow,i078,BTCUSDT,True,sl1.20,869,-0.06443833493170491,-55.99691305565157,0.8539643516402001
Chaikin Money Flow,i078,BTCUSDT,True,fee0.02,943,0.01933624050734007,18.234074798421684,1.0531419855728468
Chaikin Money Flow,i078,BTCUSDT,True,fee0.07,943,-0.08067994752031557,-76.08119051165758,0.8075982253121758
Chaikin Money Flow,i078,BTCUSDT,True,slip3,943,-0.04109462721945269,-38.75223346794389,0.8964997373120768
Chaikin Money Flow,i078,BTCUSDT,True,no_funding,943,-0.039701085246687,-37.43812338762584,0.8998381666059466
Chaikin Oscillator,i079,BTCUSDT,False,baseline,2842,-0.12587749766067663,-357.743848351643,0.5631113756127107
Chaikin Oscillator,i079,BTCUSDT,False,tp0.80,2969,-0.1217828935502861,-361.5734109507994,0.5578699270865897
Chaikin Oscillator,i079,BTCUSDT,False,tp1.80,2763,-0.11177944857119405,-308.8466164022092,0.6080471655741427
Chaikin Oscillator,i079,BTCUSDT,False,sl0.50,3046,-0.11796997011583056,-359.3365289728199,0.5655667178757618
Chaikin Oscillator,i079,BTCUSDT,False,sl1.20,2759,-0.12498849399221947,-344.8432549245335,0.5710843429976299
Chaikin Oscillator,i079,BTCUSDT,False,fee0.02,2842,-0.0658800343954495,-187.23105775186747,0.7306999843528137
Chaikin Oscillator,i079,BTCUSDT,False,fee0.07,2842,-0.1658758065041614,-471.4190420848267,0.4788732039995631
Chaikin Oscillator,i079,BTCUSDT,False,slip3,2842,-0.12629491612526758,-358.93015162801044,0.5621318524811547
Chaikin Oscillator,i079,BTCUSDT,False,no_funding,2842,-0.12594671405758023,-357.940561351643,0.563008715591839
Chaikin Oscillator,i079,BTCUSDT,True,baseline,1062,-0.07080484468569637,-75.19474505620953,0.8323784322794916
Chaikin Oscillator,i079,BTCUSDT,True,tp0.80,1139,-0.10057423514380139,-114.55405382878978,0.7433608568130597
Chaikin Oscillator,i079,BTCUSDT,True,tp1.80,1022,-0.07263209700297905,-74.2300031370446,0.83774689149519
Chaikin Oscillator,i079,BTCUSDT,True,sl0.50,1212,-0.0841453631390769,-101.9841801245612,0.7728395418735441
Chaikin Oscillator,i079,BTCUSDT,True,sl1.20,965,-0.1000246630332437,-96.52379982708017,0.7894897295417173
Chaikin Oscillator,i079,BTCUSDT,True,fee0.02,1062,-0.010795035568332079,-11.464327773568668,0.9721466952793579
Chaikin Oscillator,i079,BTCUSDT,True,fee0.07,1062,-0.11081138409727256,-117.68168991130348,0.7516039705801498
Chaikin Oscillator,i079,BTCUSDT,True,slip3,1062,-0.07122749048553365,-75.64359489563672,0.8314773583456528
Chaikin Oscillator,i079,BTCUSDT,True,no_funding,1062,-0.06993475334859654,-74.27070805620953,0.8342908837329107
Ease of Movement,i080,BTCUSDT,False,baseline,2806,-0.09810615307713735,-275.28586553444745,0.6179722341523755
Ease of Movement,i080,BTCUSDT,False,tp0.80,2902,-0.10786078474688877,-313.0119973354712,0.5702255794014599
Ease of Movement,i080,BTCUSDT,False,tp1.80,2745,-0.09008400204023125,-247.28058560043476,0.6536689798802282
Ease of Movement,i080,BTCUSDT,False,sl0.50,3012,-0.11644404233200922,-350.72945550401175,0.5462870975326697
Ease of Movement,i080,BTCUSDT,False,sl1.20,2723,-0.10697028828094081,-291.2800949890018,0.5889330600364862
Ease of Movement,i080,BTCUSDT,False,fee0.02,2806,-0.038104890856878994,-106.92232374440245,0.8214232728021659
Ease of Movement,i080,BTCUSDT,False,fee0.07,2806,-0.1381069945573096,-387.5282267278107,0.5192094585033363
Ease of Movement,i080,BTCUSDT,False,slip3,2806,-0.09852210680866574,-276.45303170511613,0.6168136094607525
Ease of Movement,i080,BTCUSDT,False,no_funding,2806,-0.0980526858640226,-275.1358365344474,0.6181643555186959
Ease of Movement,i080,BTCUSDT,True,baseline,955,-0.06616638782955736,-63.18890037722728,0.8368010613228734
Ease of Movement,i080,BTCUSDT,True,tp0.80,1033,-0.06547986799718827,-67.64070364109548,0.8211952212983294
Ease of Movement,i080,BTCUSDT,True,tp1.80,925,-0.05436395412535326,-50.286657565951764,0.8732868603363199
Ease of Movement,i080,BTCUSDT,True,sl0.50,1099,-0.08414846171898546,-92.47915942916502,0.7682239297486447
Ease of Movement,i080,BTCUSDT,True,sl1.20,883,-0.05600852700444794,-49.45552934492753,0.8699078607361778
Ease of Movement,i080,BTCUSDT,True,fee0.02,955,-0.0061621990552634745,-5.884900097776619,0.9833750253834274
Ease of Movement,i080,BTCUSDT,True,fee0.07,955,-0.10616918034575329,-101.3915672301944,0.7527028591861383
Ease of Movement,i080,BTCUSDT,True,slip3,955,-0.06658680045236914,-63.59039443201253,0.8358645970045087
Ease of Movement,i080,BTCUSDT,True,no_funding,955,-0.06526675641594477,-62.329752377227265,0.8388064849785569
Elder Force Index,i081,BTCUSDT,False,baseline,2696,-0.11541567430300001,-311.16065792088807,0.5680120198334637
Elder Force Index,i081,BTCUSDT,False,tp0.80,2792,-0.11006938215492082,-307.31371497653896,0.5672181774536718
Elder Force Index,i081,BTCUSDT,False,tp1.80,2635,-0.10515721671220664,-277.08926603666447,0.60670566590245
Elder Force Index,i081,BTCUSDT,False,sl0.50,2864,-0.10794715250145419,-309.1606447641648,0.5830742130646485
Elder Force Index,i081,BTCUSDT,False,sl1.20,2636,-0.11528367200157223,-303.8877593961444,0.5685686128073815
Elder Force Index,i081,BTCUSDT,False,fee0.02,2696,-0.055412031899845185,-149.39083800198262,0.7485806816982281
Elder Force Index,i081,BTCUSDT,False,fee0.07,2696,-0.1554181025717699,-419.0072045334917,0.48074450569004884
Elder Force Index,i081,BTCUSDT,False,slip3,2696,-0.11583128903701904,-312.28115524380337,0.5669924157380669
Elder Force Index,i081,BTCUSDT,False,no_funding,2696,-0.11540682971843029,-311.1368129208881,0.5681143533208801
Elder Force Index,i081,BTCUSDT,True,baseline,884,-0.07002012785817939,-61.89779302663059,0.8338505426795139
Elder Force Index,i081,BTCUSDT,True,tp0.80,936,-0.067933328235779,-63.58559522868913,0.8185140122781046
Elder Force Index,i081,BTCUSDT,True,tp1.80,853,-0.04995097791188667,-42.60818415883933,0.8860418765910583
Elder Force Index,i081,BTCUSDT,True,sl0.50,1040,-0.07130530640615058,-74.1575186623966,0.8034700126239795
Elder Force Index,i081,BTCUSDT,True,sl1.20,816,-0.07826158930539716,-63.861456873204084,0.8304208854895693
Elder Force Index,i081,BTCUSDT,True,fee0.02,884,-0.010011663597150215,-8.85031061988079,0.9741355339541674
Elder Force Index,i081,BTCUSDT,True,fee0.07,884,-0.11002577069886554,-97.26278129779715,0.7526363140770309
Elder Force Index,i081,BTCUSDT,True,slip3,884,-0.07044045626021578,-62.26936333403075,0.8329502687732729
Elder Force Index,i081,BTCUSDT,True,no_funding,884,-0.06925711767718391,-61.22329202663058,0.8355116634904245
Price & Volume Trend,i082,BTCUSDT,False,baseline,2069,-0.10559939745318399,-218.48515333063764,0.6243464649208799
Price & Volume Trend,i082,BTCUSDT,False,tp0.80,2136,-0.10048840921330604,-214.64324207962173,0.62061171949819
Price & Volume Trend,i082,BTCUSDT,False,tp1.80,2024,-0.10584712405494129,-214.23457908720115,0.6292600260495147
Price & Volume Trend,i082,BTCUSDT,False,sl0.50,2215,-0.10742184285316896,-237.93938191976923,0.6087853692321548
Price & Volume Trend,i082,BTCUSDT,False,sl1.20,2016,-0.10750044984790197,-216.72090689337034,0.6210137856690015
Price & Volume Trend,i082,BTCUSDT,False,fee0.02,2069,-0.0455961170416189,-94.33836615910951,0.8062378164963508
Price & Volume Trend,i082,BTCUSDT,False,fee0.07,2069,-0.14560158439422738,-301.24967811165646,0.5338413313556085
Price & Volume Trend,i082,BTCUSDT,False,slip3,2069,-0.10601492466816048,-219.34487913842403,0.6232972225203406
Price & Volume Trend,i082,BTCUSDT,False,no_funding,2069,-0.10558136652036618,-218.44784733063761,0.6244462971981735
Price & Volume Trend,i082,BTCUSDT,True,baseline,732,-0.07516214183139013,-55.01868782057757,0.823059589645317
Price & Volume Trend,i082,BTCUSDT,True,tp0.80,763,-0.06637657194356018,-50.645324392936416,0.8232342214273184
Price & Volume Trend,i082,BTCUSDT,True,tp1.80,716,-0.04840570180753153,-34.658482494192576,0.8905728266181403
Price & Volume Trend,i082,BTCUSDT,True,sl0.50,857,-0.07688558329954787,-65.89094488771252,0.789790954094873
Price & Volume Trend,i082,BTCUSDT,True,sl1.20,680,-0.08069739584793274,-54.87422917659427,0.8237975891050788
Price & Volume Trend,i082,BTCUSDT,True,fee0.02,732,-0.01514958387277817,-11.089495394873621,0.9612513787432329
Price & Volume Trend,i082,BTCUSDT,True,fee0.07,732,-0.11517051380379813,-84.30481610438024,0.7428043991949245
Price & Volume Trend,i082,BTCUSDT,True,slip3,732,-0.07558220700852428,-55.32617553023977,0.8221709061557902
Price & Volume Trend,i082,BTCUSDT,True,no_funding,732,-0.07422334811554314,-54.33149082057758,0.8250836070532814
VWAP,i086,BTCUSDT,False,baseline,2529,-0.10086784521010045,-255.09478053634402,0.5865408216823875
VWAP,i086,BTCUSDT,False,tp0.80,2603,-0.10173282386196797,-264.8105405127026,0.567892288123703
VWAP,i086,BTCUSDT,False,tp1.80,2486,-0.10303499641412732,-256.1450010855205,0.5869880606707227
VWAP,i086,BTCUSDT,False,sl0.50,2676,-0.10556462845061851,-282.4909457338551,0.573608254973401
VWAP,i086,BTCUSDT,False,sl1.20,2497,-0.10041673417358764,-250.74058523144834,0.5857246095905007
VWAP,i086,BTCUSDT,False,fee0.02,2529,-0.040866510055148,-103.35140392946929,0.7916210396516556
VWAP,i086,BTCUSDT,False,fee0.07,2529,-0.14086873531340208,-356.25703160759383,0.4907706879177526
VWAP,i086,BTCUSDT,False,slip3,2529,-0.10128427016568836,-256.14791924902585,0.585405424149879
VWAP,i086,BTCUSDT,False,no_funding,2529,-0.10084366806498378,-255.033636536344,0.5865551058573074
VWAP,i086,BTCUSDT,True,baseline,839,-0.08647042460785469,-72.54868624599008,0.7938889031998789
VWAP,i086,BTCUSDT,True,tp0.80,889,-0.08948895638680891,-79.55568222787312,0.7641513895168027
VWAP,i086,BTCUSDT,True,tp1.80,817,-0.08454450140349434,-69.07285764665488,0.8102838002617565
VWAP,i086,BTCUSDT,True,sl0.50,978,-0.07772647974179617,-76.01649718747665,0.7860671300615731
VWAP,i086,BTCUSDT,True,sl1.20,776,-0.09576706094505838,-74.3152392933653,0.7918087992243434
VWAP,i086,BTCUSDT,True,fee0.02,839,-0.026462903555992144,-22.20237608347741,0.931156410902967
VWAP,i086,BTCUSDT,True,fee0.07,839,-0.12647543864242972,-106.11289302099853,0.7148747398012346
VWAP,i086,BTCUSDT,True,slip3,839,-0.08689231300504596,-72.90265061123357,0.7930070541607258
VWAP,i086,BTCUSDT,True,no_funding,839,-0.08553028158044108,-71.75990624599007,0.7958906112515122
VWMA,i087,BTCUSDT,False,baseline,3110,-0.0987632269928606,-307.1536359477965,0.6104230311171992
VWMA,i087,BTCUSDT,False,tp0.80,3224,-0.10686283591228628,-344.52578298121097,0.5692730585799053
VWMA,i087,BTCUSDT,False,tp1.80,3026,-0.09731128889387097,-294.4639601928536,0.6176422103200849
VWMA,i087,BTCUSDT,False,sl0.50,3280,-0.10066259050600969,-330.1732968597118,0.5993365088558205
VWMA,i087,BTCUSDT,False,sl1.20,3060,-0.09641908794503865,-295.04240911181824,0.6165926095481112
VWMA,i087,BTCUSDT,False,fee0.02,3110,-0.038763901189284154,-120.55573269867372,0.8124196049476452
VWMA,i087,BTCUSDT,False,fee0.07,3110,-0.1387627775285782,-431.5522381138782,0.5137757573516909
VWMA,i087,BTCUSDT,False,slip3,3110,-0.09917796654209653,-308.4434759459202,0.6092912159601549
VWMA,i087,BTCUSDT,False,no_funding,3110,-0.09876868036906637,-307.1705959477964,0.6104378997428563
VWMA,i087,BTCUSDT,True,baseline,976,-0.03606937953153762,-35.20371442278072,0.9115108306725244
VWMA,i087,BTCUSDT,True,tp0.80,1040,-0.06146833379640081,-63.927067148256846,0.8340907623615456
VWMA,i087,BTCUSDT,True,tp1.80,936,-0.014452258126749221,-13.52731360663727,0.9659264452826135
VWMA,i087,BTCUSDT,True,sl0.50,1167,-0.060776355821171316,-70.92600724330693,0.8314411465305767
VWMA,i087,BTCUSDT,True,sl1.20,896,-0.0551513302813998,-49.41559193213421,0.8774377936254779
VWMA,i087,BTCUSDT,True,fee0.02,976,0.02393835826921874,23.36383767075749,1.0639644327553754
VWMA,i087,BTCUSDT,True,fee0.07,976,-0.07607453806537524,-74.24874915180624,0.8231972643662879
VWMA,i087,BTCUSDT,True,slip3,976,-0.0364885552302952,-35.61282990476811,0.9105341011786912
VWMA,i087,BTCUSDT,True,no_funding,976,-0.035269062933176956,-34.422605422780705,0.9133896499761548
Pivot Points Standard,i088,BTCUSDT,False,baseline,1170,-0.10305107325828704,-120.56975571219584,0.6347934739639385
Pivot Points Standard,i088,BTCUSDT,False,tp0.80,1193,-0.09909672881088295,-118.22239747138337,0.6190569723077431
Pivot Points Standard,i088,BTCUSDT,False,tp1.80,1166,-0.07927964720143617,-92.44006863687457,0.7226682521129367
Pivot Points Standard,i088,BTCUSDT,False,sl0.50,1241,-0.0911103821308227,-113.06798422435098,0.6655200160518253
Pivot Points Standard,i088,BTCUSDT,False,sl1.20,1142,-0.10001131255295613,-114.2129189354759,0.6425344512411824
Pivot Points Standard,i088,BTCUSDT,False,fee0.02,1170,-0.043047456801508954,-50.365524457765474,0.8160869473538049
Pivot Points Standard,i088,BTCUSDT,False,fee0.07,1170,-0.14305348422947242,-167.37257654848273,0.544961100436335
Pivot Points Standard,i088,BTCUSDT,False,slip3,1170,-0.10346365678953123,-121.05247844375155,0.633760231957431
Pivot Points Standard,i088,BTCUSDT,False,no_funding,1170,-0.10299984077965454,-120.50981371219582,0.635058407396385
Pivot Points Standard,i088,BTCUSDT,True,baseline,411,-0.032340325140083705,-13.291873632574402,0.9163461570369114
Pivot Points Standard,i088,BTCUSDT,True,tp0.80,420,-0.04096431465920923,-17.205012156867877,0.8830784589943051
Pivot Points Standard,i088,BTCUSDT,True,tp1.80,404,-0.01442756763797443,-5.82873732574167,0.9644519321999157
Pivot Points Standard,i088,BTCUSDT,True,sl0.50,489,-0.07404079793672648,-36.20595019105925,0.7933733457812973
Pivot Points Standard,i088,BTCUSDT,True,sl1.20,381,-0.022013495620919046,-8.387141831570156,0.9444904227794474
Pivot Points Standard,i088,BTCUSDT,True,fee0.02,411,0.027654405070575372,11.365960484006479,1.078015466711489
Pivot Points Standard,i088,BTCUSDT,True,fee0.07,411,-0.07233681194718974,-29.730429710294988,0.822977719603612
Pivot Points Standard,i088,BTCUSDT,True,slip3,411,-0.03275525824450112,-13.46241113848996,0.9153224677960584
Pivot Points Standard,i088,BTCUSDT,True,no_funding,411,-0.03153076066319804,-12.959142632574395,0.9183566933919097
Balance of Power,i089,BTCUSDT,False,baseline,3133,-0.09231530656558533,-289.22385546997884,0.61835821228397
Balance of Power,i089,BTCUSDT,False,tp0.80,3216,-0.09974878366365626,-320.79208826231854,0.5704461000624859
Balance of Power,i089,BTCUSDT,False,tp1.80,3049,-0.09534063074424996,-290.69358313921816,0.6094030194310398
Balance of Power,i089,BTCUSDT,False,sl0.50,3296,-0.09188456780277655,-302.85153547795153,0.6088275453503834
Balance of Power,i089,BTCUSDT,False,sl1.20,3059,-0.09337133585654459,-285.6229163851699,0.6123433072038501
Balance of Power,i089,BTCUSDT,False,fee0.02,3133,-0.03231537184158763,-101.24405997969403,0.836534492012701
Balance of Power,i089,BTCUSDT,False,fee0.07,3133,-0.13231526304825045,-414.54371913016865,0.514987537162958
Balance of Power,i089,BTCUSDT,False,slip3,3133,-0.09273187477065928,-290.5289636564755,0.6171350495862378
Balance of Power,i089,BTCUSDT,False,no_funding,3133,-0.09236521815192429,-289.3802284699788,0.6182578693760546
Balance of Power,i089,BTCUSDT,True,baseline,1019,-0.06643689222616174,-67.6991931784588,0.8384878877415983
Balance of Power,i089,BTCUSDT,True,tp0.80,1082,-0.07164912689573454,-77.52435530118478,0.8076098682045031
Balance of Power,i089,BTCUSDT,True,tp1.80,975,-0.06336696720103856,-61.782793021012594,0.8551013160403265
Balance of Power,i089,BTCUSDT,True,sl0.50,1169,-0.07127702836540088,-83.32284615915363,0.8011116661604831
Balance of Power,i089,BTCUSDT,True,sl1.20,936,-0.10325065815487303,-96.64261603296116,0.7767250968513854
Balance of Power,i089,BTCUSDT,True,fee0.02,1019,-0.006431670125000649,-6.553871857375662,0.9829480222229418
Balance of Power,i089,BTCUSDT,True,fee0.07,1019,-0.1064403736269358,-108.46274072584758,0.7551761927929411
Balance of Power,i089,BTCUSDT,True,slip3,1019,-0.0668587647815955,-68.1290813124458,0.837558759326927
Balance of Power,i089,BTCUSDT,True,no_funding,1019,-0.06549015130368871,-66.7344641784588,0.8406530860954037
Accumulative Swing Index,i090,BTCUSDT,False,baseline,2367,-0.10181698969173487,-241.00081460033644,0.6092393353679504
Accumulative Swing Index,i090,BTCUSDT,False,tp0.80,2468,-0.10914897864876141,-269.3796793051432,0.5764061270938353
Accumulative Swing Index,i090,BTCUSDT,False,tp1.80,2306,-0.10172579354902082,-234.579679924042,0.6134846918956193
Accumulative Swing Index,i090,BTCUSDT,False,sl0.50,2524,-0.11275081971204089,-284.5830689531912,0.5696448894185325
Accumulative Swing Index,i090,BTCUSDT,False,sl1.20,2320,-0.10561537206245297,-245.02766318489088,0.5962219936707976
Accumulative Swing Index,i090,BTCUSDT,False,fee0.02,2367,-0.041819970333670145,-98.98786977979724,0.8052988287687965
Accumulative Swing Index,i090,BTCUSDT,False,fee0.07,2367,-0.14181500259711138,-335.67611114736263,0.5142573537471913
Accumulative Swing Index,i090,BTCUSDT,False,slip3,2367,-0.10223103659955575,-241.98086363114845,0.6081317017884613
Accumulative Swing Index,i090,BTCUSDT,False,no_funding,2367,-0.10165193181256293,-240.6101226003365,0.6097360292314631
Accumulative Swing Index,i090,BTCUSDT,True,baseline,844,-0.05668933547476719,-47.84579914070351,0.8582356922582217
Accumulative Swing Index,i090,BTCUSDT,True,tp0.80,887,-0.053873353732948444,-47.78566476112527,0.8504351389497278
Accumulative Swing Index,i090,BTCUSDT,True,tp1.80,824,-0.05594289948416301,-46.09694917495032,0.8681592416157009
Accumulative Swing Index,i090,BTCUSDT,True,sl0.50,979,-0.0684733098968336,-67.0353703890001,0.807737073469324
Accumulative Swing Index,i090,BTCUSDT,True,sl1.20,785,-0.05604445597066383,-43.9948979369711,0.8691350714816299
Accumulative Swing Index,i090,BTCUSDT,True,fee0.02,844,0.0033116926285145006,2.7950685784662386,1.0090621677915244
Accumulative Swing Index,i090,BTCUSDT,True,fee0.07,844,-0.096690020876955,-81.60637762015001,0.7716703849220937
Accumulative Swing Index,i090,BTCUSDT,True,slip3,844,-0.057109307744857604,-48.20025573665981,0.8572734743178626
Accumulative Swing Index,i090,BTCUSDT,True,no_funding,844,-0.055605241872871435,-46.9308241407035,0.860721727136652
Up/Down,i091,BTCUSDT,False,baseline,2695,-0.1110041273840358,-299.15612329997646,0.5779127310478115
Up/Down,i091,BTCUSDT,False,tp0.80,2785,-0.10762007261718658,-299.7219022388646,0.5704926633732484
Up/Down,i091,BTCUSDT,False,tp1.80,2629,-0.11421819080592124,-300.27962362876696,0.5712332528194525
Up/Down,i091,BTCUSDT,False,sl0.50,2897,-0.11721851656729344,-339.58204249544906,0.5447911788260873
Up/Down,i091,BTCUSDT,False,sl1.20,2606,-0.10801907652665486,-281.4977134284626,0.5806305330088148
Up/Down,i091,BTCUSDT,False,fee0.02,2695,-0.05100573298290077,-137.4604503889176,0.7694230420584314
Up/Down,i091,BTCUSDT,False,fee0.07,2695,-0.15100305698479247,-406.9532385740157,0.48376234311485683
Up/Down,i091,BTCUSDT,False,slip3,2695,-0.11142231522684068,-300.2831395363356,0.5768081780421874
Up/Down,i091,BTCUSDT,False,no_funding,2695,-0.11082188063078903,-298.6649682999764,0.578510968653529
Up/Down,i091,BTCUSDT,True,baseline,993,-0.1058492946391262,-105.10834957665232,0.7567757306485529
Up/Down,i091,BTCUSDT,True,tp0.80,1062,-0.09362332518467946,-99.42797134612958,0.7570573597848651
Up/Down,i091,BTCUSDT,True,tp1.80,953,-0.12493791539977918,-119.06583337598957,0.73251154456937
Up/Down,i091,BTCUSDT,True,sl0.50,1140,-0.11516725858761495,-131.29067478988105,0.695289769743447
Up/Down,i091,BTCUSDT,True,sl1.20,912,-0.10083411041321198,-91.96070869684932,0.7815166073571347
Up/Down,i091,BTCUSDT,True,fee0.02,993,-0.04584412196002252,-45.523213106302364,0.88528068492761
Up/Down,i091,BTCUSDT,True,fee0.07,993,-0.145852743091862,-144.83177389021895,0.6826029101846219
Up/Down,i091,BTCUSDT,True,slip3,993,-0.10627119626752066,-105.52729789364801,0.7559485832166547
Up/Down,i091,BTCUSDT,True,no_funding,993,-0.10487885455856222,-104.14470257665229,0.7587254554541768
Average Price,i099,BTCUSDT,False,baseline,2301,-0.1002041434357366,-230.5697340456299,0.6500559096440635
Average Price,i099,BTCUSDT,False,tp0.80,2393,-0.10753430979653399,-257.3296033431058,0.6085705138176124
Average Price,i099,BTCUSDT,False,tp1.80,2231,-0.10876884406404028,-242.66329110687383,0.6309422285974327
Average Price,i099,BTCUSDT,False,sl0.50,2513,-0.10213883896893661,-256.67490232893766,0.6370045029889949
Average Price,i099,BTCUSDT,False,sl1.20,2232,-0.10215923924080923,-228.01942198548622,0.6429045163361722
Average Price,i099,BTCUSDT,False,fee0.02,2301,-0.04020363970408385,-92.50857495909696,0.8332840673284944
Average Price,i099,BTCUSDT,False,fee0.07,2301,-0.14020447925683843,-322.61050676998525,0.5580600334182646
Average Price,i099,BTCUSDT,False,slip3,2301,-0.1006184838638304,-231.52313137067378,0.6489967102807885
Average Price,i099,BTCUSDT,False,no_funding,2301,-0.10025860062826157,-230.6950400456299,0.6499864214419709
Average Price,i099,BTCUSDT,True,baseline,838,-0.04567901917529468,-38.27901806889694,0.887810006591232
Average Price,i099,BTCUSDT,True,tp0.80,874,-0.058981116631114126,-51.54949593559375,0.838963855295033
Average Price,i099,BTCUSDT,True,tp1.80,818,-0.029445284693803843,-24.086242879531543,0.9310311180965392
Average Price,i099,BTCUSDT,True,sl0.50,970,-0.06783224282092877,-65.7972755363009,0.8119899292582402
Average Price,i099,BTCUSDT,True,sl1.20,774,-0.054211041768228205,-41.959346328608625,0.8778161415122571
Average Price,i099,BTCUSDT,True,fee0.02,838,0.01432484897059079,12.00422343735508,1.0384025691021286
Average Price,i099,BTCUSDT,True,fee0.07,838,-0.08568159793921834,-71.80117907306497,0.8009580589245612
Average Price,i099,BTCUSDT,True,slip3,838,-0.04609739458416551,-38.62961666153069,0.886849555270108
Average Price,i099,BTCUSDT,True,no_funding,838,-0.044874649246893716,-37.60495606889693,0.889682267118499
Typical Price,i100,BTCUSDT,False,baseline,2427,-0.09761479550124424,-236.91110868151978,0.6476883140185216
Typical Price,i100,BTCUSDT,False,tp0.80,2522,-0.1048938851183939,-264.5423782685894,0.6070238497123502
Typical Price,i100,BTCUSDT,False,tp1.80,2359,-0.10167525655383261,-239.8519302104911,0.6405200517681419
Typical Price,i100,BTCUSDT,False,sl0.50,2620,-0.09888818991541086,-259.08705757837646,0.6366982537914878
Typical Price,i100,BTCUSDT,False,sl1.20,2371,-0.0982139447795669,-232.86526307235312,0.6450026571479887
Typical Price,i100,BTCUSDT,False,fee0.02,2427,-0.03761753663571357,-91.29776141487685,0.8374738025665168
Typical Price,i100,BTCUSDT,False,fee0.07,2427,-0.13761296807826467,-333.9866735259484,0.5534950837898024
Typical Price,i100,BTCUSDT,False,slip3,2427,-0.09802882748800767,-237.91596431339465,0.6466004962897776
Typical Price,i100,BTCUSDT,False,no_funding,2427,-0.09759207362238147,-236.85596268151983,0.6478011540539076
Typical Price,i100,BTCUSDT,True,baseline,851,-0.033144878765908235,-28.20629182978791,0.9175217173899542
Typical Price,i100,BTCUSDT,True,tp0.80,898,-0.05831287674908821,-52.36496332068121,0.8409882631879293
Typical Price,i100,BTCUSDT,True,tp1.80,831,-0.013489146184627392,-11.209480479425363,0.9679236488733961
Typical Price,i100,BTCUSDT,True,sl0.50,1005,-0.058795977343458546,-59.08995723017584,0.8360658473147693
Typical Price,i100,BTCUSDT,True,sl1.20,795,-0.05164758392351186,-41.05982921919193,0.8833821916525499
Typical Price,i100,BTCUSDT,True,fee0.02,851,0.026859977154943204,22.85784055885667,1.072925894550473
Typical Price,i100,BTCUSDT,True,fee0.07,851,-0.0731481160464759,-62.249046755551,0.827777790151038
Typical Price,i100,BTCUSDT,True,slip3,851,-0.03356346391248189,-28.56250778952209,0.9165291060196465
Typical Price,i100,BTCUSDT,True,no_funding,851,-0.03234886231467439,-27.528881829787906,0.9194189835665607
Median Price,i101,BTCUSDT,False,baseline,2464,-0.09337380979707188,-230.07306733998513,0.6538219608167005
Median Price,i101,BTCUSDT,False,tp0.80,2572,-0.09265289973091373,-238.30325810791012,0.6403276102711315
Median Price,i101,BTCUSDT,False,tp1.80,2390,-0.09933279705614823,-237.4053849641943,0.6404673986523405
Median Price,i101,BTCUSDT,False,sl0.50,2673,-0.0986539210155759,-263.70193087463434,0.633326734085287
Median Price,i101,BTCUSDT,False,sl1.20,2402,-0.09334519214484753,-224.21515153192377,0.6536765998986973
Median Price,i101,BTCUSDT,False,fee0.02,2464,-0.0333728656344132,-82.2307409231941,0.8516539088476079
Median Price,i101,BTCUSDT,False,fee0.07,2464,-0.13337443923884432,-328.6346182845124,0.556176488604091
Median Price,i101,BTCUSDT,False,slip3,2464,-0.09378828141613348,-231.09432540935288,0.6526907668816607
Median Price,i101,BTCUSDT,False,no_funding,2464,-0.09338880695616278,-230.11002033998506,0.653843677950795
Median Price,i101,BTCUSDT,True,baseline,858,-0.026193671394048837,-22.4741700560939,0.9339145413665771
Median Price,i101,BTCUSDT,True,tp0.80,905,-0.04061459069926952,-36.75620458283892,0.8861048845415616
Median Price,i101,BTCUSDT,True,tp1.80,835,-0.009950617347350517,-8.30876548503768,0.9761413175103575
Median Price,i101,BTCUSDT,True,sl0.50,1009,-0.05952222781816874,-60.05792786853226,0.8339781103881525
Median Price,i101,BTCUSDT,True,sl1.20,796,-0.03290466708202488,-26.192114997291803,0.9231278621804287
Median Price,i101,BTCUSDT,True,fee0.02,858,0.0338125717889824,29.011186594946896,1.0931318560979084
Median Price,i101,BTCUSDT,True,fee0.07,858,-0.06619783351606967,-56.79774115678777,0.8421005903298463
Median Price,i101,BTCUSDT,True,slip3,858,-0.026612626276040593,-22.833633344842827,0.9328977240826438
Median Price,i101,BTCUSDT,True,no_funding,858,-0.02536075764113507,-21.75953005609389,0.9359482638936436
SMA,i001,ETHUSDT,False,baseline,4912,-0.09450505358767504,-464.2088232226598,0.6883671075035493
SMA,i001,ETHUSDT,False,tp0.80,5164,-0.09663331551557713,-499.0144413224403,0.6642782403360483
SMA,i001,ETHUSDT,False,tp1.80,4714,-0.0911423492332717,-429.6450342856428,0.704751699496318
SMA,i001,ETHUSDT,False,sl0.50,5396,-0.08873810038625884,-478.8307896842527,0.6957491942758494
SMA,i001,ETHUSDT,False,sl1.20,4704,-0.10661252474900584,-501.5053164193235,0.6528451822968123
SMA,i001,ETHUSDT,False,fee0.02,4912,-0.03450515692543245,-169.48933081772418,0.8670784822822315
SMA,i001,ETHUSDT,False,fee0.07,4912,-0.13450498469583674,-660.6884848259501,0.5961574895226573
SMA,i001,ETHUSDT,False,slip3,4912,-0.09591427470081736,-471.1309173304149,0.6848004720245948
SMA,i001,ETHUSDT,False,no_funding,4912,-0.09447963888897795,-464.08398622265975,0.6884350703622857
SMA,i001,ETHUSDT,True,baseline,1730,-0.10118363889057275,-175.04769528069085,0.8028521732331215
SMA,i001,ETHUSDT,True,tp0.80,1900,-0.1167410117041758,-221.807922237934,0.738680869744038
SMA,i001,ETHUSDT,True,tp1.80,1579,-0.13005409183905828,-205.35541101387304,0.77330262144002
SMA,i001,ETHUSDT,True,sl0.50,2142,-0.09936142199338427,-212.83216590982911,0.759320138988442
SMA,i001,ETHUSDT,True,sl1.20,1493,-0.09503099863964093,-141.8812809689839,0.8383378676191525
SMA,i001,ETHUSDT,True,fee0.02,1730,-0.04118586300665259,-71.25154300150899,0.9137330240881417
SMA,i001,ETHUSDT,True,fee0.07,1730,-0.14118215614651952,-244.2451301334788,0.7372279576168731
SMA,i001,ETHUSDT,True,slip3,1730,-0.1026079225649609,-177.51170603738237,0.80041175882643
SMA,i001,ETHUSDT,True,no_funding,1730,-0.10039849553797157,-173.68939728069083,0.8042254274295295
EMA,i002,ETHUSDT,False,baseline,5090,-0.10321715763090324,-525.3753323412974,0.6394896196162996
EMA,i002,ETHUSDT,False,tp0.80,5335,-0.09879108921840135,-527.0504609801712,0.6351197798250295
EMA,i002,ETHUSDT,False,tp1.80,4911,-0.10451384709216584,-513.2675030696264,0.6424032072361501
EMA,i002,ETHUSDT,False,sl0.50,5519,-0.09485174189788508,-523.4867635344277,0.6590828551986827
EMA,i002,ETHUSDT,False,sl1.20,4922,-0.10992696224704548,-541.0605081799579,0.6174994751096157
EMA,i002,ETHUSDT,False,fee0.02,5090,-0.043217951894481584,-219.97937514291124,0.820595648120411
EMA,i002,ETHUSDT,False,fee0.07,5090,-0.14321662812185101,-728.9726371402217,0.5487460090403784
EMA,i002,ETHUSDT,False,slip3,5090,-0.10462322516323491,-532.5322160808657,0.6359493437706365
EMA,i002,ETHUSDT,False,no_funding,5090,-0.10326399083326081,-525.6137133412975,0.6393588384027561
EMA,i002,ETHUSDT,True,baseline,1712,-0.10059556951317343,-172.2196150065529,0.8030363673371572
EMA,i002,ETHUSDT,True,tp0.80,1887,-0.11214195903726516,-211.61187670331935,0.747040749359154
EMA,i002,ETHUSDT,True,tp1.80,1553,-0.12382259229005822,-192.2964858264604,0.7836820684320125
EMA,i002,ETHUSDT,True,sl0.50,2114,-0.1010555081019725,-213.63134412756986,0.7554587210550541
EMA,i002,ETHUSDT,True,sl1.20,1460,-0.10296727217841146,-150.33221738048073,0.8256333769004276
EMA,i002,ETHUSDT,True,fee0.02,1712,-0.04059796618975991,-69.50371811686897,0.9145212162378821
EMA,i002,ETHUSDT,True,fee0.07,1712,-0.1405939717287825,-240.69687959967564,0.7371214180915544
EMA,i002,ETHUSDT,True,slip3,1712,-0.10202239417152574,-174.66233882165207,0.8005786797536062
EMA,i002,ETHUSDT,True,no_funding,1712,-0.09990153154588373,-171.03142200655293,0.8042744278890894
DEMA,i003,ETHUSDT,False,baseline,6951,-0.1093101315920717,-759.8147246964904,0.6162641471712896
DEMA,i003,ETHUSDT,False,tp0.80,7367,-0.10208742763427614,-752.0780793817122,0.630320864167381
DEMA,i003,ETHUSDT,False,tp1.80,6690,-0.11168484206994916,-747.1715934479599,0.6077040443480897
DEMA,i003,ETHUSDT,False,sl0.50,7504,-0.09581961884164285,-719.0304197876878,0.6424132020543284
DEMA,i003,ETHUSDT,False,sl1.20,6750,-0.11604315960631487,-783.2913273426253,0.6067823562256278
DEMA,i003,ETHUSDT,False,fee0.02,6951,-0.049310556485158474,-342.7576781283366,0.7960556143051155
DEMA,i003,ETHUSDT,False,fee0.07,6951,-0.14930984833001387,-1037.8527557419266,0.5254564506892276
DEMA,i003,ETHUSDT,False,slip3,6951,-0.11071520525773978,-769.5813917465492,0.6127353827284566
DEMA,i003,ETHUSDT,False,no_funding,6951,-0.10935662173737454,-760.1378776964905,0.6161485837338273
DEMA,i003,ETHUSDT,True,baseline,2305,-0.10526406715667218,-242.63367479612938,0.7950000042238584
DEMA,i003,ETHUSDT,True,tp0.80,2635,-0.10933793700255595,-288.1054640017349,0.75318916482348
DEMA,i003,ETHUSDT,True,tp1.80,2039,-0.12047913304519789,-245.6569522791585,0.7894049799322148
DEMA,i003,ETHUSDT,True,sl0.50,2874,-0.10467818409058097,-300.8451010763297,0.7474139437694659
DEMA,i003,ETHUSDT,True,sl1.20,1939,-0.10151089426715348,-196.8296239840106,0.8270218449802516
DEMA,i003,ETHUSDT,True,fee0.02,2305,-0.0452670503636604,-104.3405510882372,0.9051968933162746
DEMA,i003,ETHUSDT,True,fee0.07,2305,-0.14526207835201338,-334.8290906013909,0.7297957598245208
DEMA,i003,ETHUSDT,True,slip3,2305,-0.10668292835659114,-245.90414986194259,0.7925826802099096
DEMA,i003,ETHUSDT,True,no_funding,2305,-0.10464249101784352,-241.20094179612934,0.7960965061741558
TEMA,i004,ETHUSDT,False,baseline,7859,-0.10372897227310567,-815.2059930943375,0.6210796951655855
TEMA,i004,ETHUSDT,False,tp0.80,8310,-0.10134615291251801,-842.1865307030247,0.6227523968873769
TEMA,i004,ETHUSDT,False,tp1.80,7572,-0.10063797937412088,-762.0307798208432,0.6281208138173301
TEMA,i004,ETHUSDT,False,sl0.50,8420,-0.09585120009031621,-807.0671047604625,0.6295706929230027
TEMA,i004,ETHUSDT,False,sl1.20,7601,-0.11214028736140709,-852.3783242340553,0.605331350903722
TEMA,i004,ETHUSDT,False,fee0.02,7859,-0.0437307211276388,-343.67973734211336,0.8118364493981882
TEMA,i004,ETHUSDT,False,fee0.07,7859,-0.1437278063700836,-1129.5568302624868,0.5249593531535918
TEMA,i004,ETHUSDT,False,slip3,7859,-0.10513602812135675,-826.2640450057427,0.617326722095351
TEMA,i004,ETHUSDT,False,no_funding,7859,-0.10374455835275957,-815.3284840943375,0.6210465432139967
TEMA,i004,ETHUSDT,True,baseline,2619,-0.10804081508659948,-282.958894711804,0.7894258151517474
TEMA,i004,ETHUSDT,True,tp0.80,3039,-0.10630195609428114,-323.05164457052035,0.7587553673349825
TEMA,i004,ETHUSDT,True,tp1.80,2279,-0.11473201069318398,-261.47425236976625,0.7980822488783494
TEMA,i004,ETHUSDT,True,sl0.50,3289,-0.1049967833997846,-345.3344206018915,0.7467285203949076
TEMA,i004,ETHUSDT,True,sl1.20,2158,-0.11374521502321383,-245.46217402009546,0.8088983475902802
TEMA,i004,ETHUSDT,True,fee0.02,2619,-0.04803795691130776,-125.81140915071502,0.8992670875862986
TEMA,i004,ETHUSDT,True,fee0.07,2619,-0.148042720536794,-387.72388508586346,0.7244763561471016
TEMA,i004,ETHUSDT,True,slip3,2619,-0.10946170866679951,-286.6802149983479,0.7870140367710058
TEMA,i004,ETHUSDT,True,no_funding,2619,-0.10744505449095226,-281.398597711804,0.7904844799107588
Hull MA,i005,ETHUSDT,False,baseline,8322,-0.09969060093996886,-829.6251810224207,0.6322860917369172
Hull MA,i005,ETHUSDT,False,tp0.80,8823,-0.09913754358282316,-874.6905470312488,0.630363126330894
Hull MA,i005,ETHUSDT,False,tp1.80,8004,-0.10027109402553624,-802.5698365803921,0.6263662345231091
Hull MA,i005,ETHUSDT,False,sl0.50,8942,-0.09080367845445544,-811.9664927397405,0.645320565851788
Hull MA,i005,ETHUSDT,False,sl1.20,8028,-0.10967126819787629,-880.4409410925508,0.6082238506909116
Hull MA,i005,ETHUSDT,False,fee0.02,8322,-0.03969101423936635,-330.3086205000068,0.8282404098455057
Hull MA,i005,ETHUSDT,False,fee0.07,8322,-0.13969032540703719,-1162.5028880373634,0.5329816810835983
Hull MA,i005,ETHUSDT,False,slip3,8322,-0.10110145680571367,-841.3663235371491,0.6284061312035324
Hull MA,i005,ETHUSDT,False,no_funding,8322,-0.09973161235549395,-829.9664780224207,0.6321713024912308
Hull MA,i005,ETHUSDT,True,baseline,2771,-0.10207823370966802,-282.8587856094901,0.8003981318241684
Hull MA,i005,ETHUSDT,True,tp0.80,3221,-0.10677132531799109,-343.91043884924926,0.7574280206608963
Hull MA,i005,ETHUSDT,True,tp1.80,2382,-0.10948302552684405,-260.7885668049425,0.806988005412698
Hull MA,i005,ETHUSDT,True,sl0.50,3506,-0.0969401729705404,-339.8722464347146,0.7640616507053991
Hull MA,i005,ETHUSDT,True,sl1.20,2285,-0.10992767599985755,-251.1847396596745,0.8147628682348417
Hull MA,i005,ETHUSDT,True,fee0.02,2771,-0.04207970630775865,-116.60286617879922,0.9115089054661848
Hull MA,i005,ETHUSDT,True,fee0.07,2771,-0.14207725197760765,-393.69606522995076,0.7346868558671339
Hull MA,i005,ETHUSDT,True,slip3,2771,-0.10349568429917522,-286.78654119301456,0.7979624793600335
Hull MA,i005,ETHUSDT,True,no_funding,2771,-0.10150985911565864,-281.2838196094901,0.8014220282244644
Hamming MA,i006,ETHUSDT,False,baseline,4747,-0.0865343651693646,-410.77863145897373,0.7194213714015589
Hamming MA,i006,ETHUSDT,False,tp0.80,5016,-0.09173185008885701,-460.12696004570677,0.6878506305446607
Hamming MA,i006,ETHUSDT,False,tp1.80,4533,-0.08753324213352241,-396.7881865912571,0.7214932470822052
Hamming MA,i006,ETHUSDT,False,sl0.50,5237,-0.08330959374099312,-436.29234242158094,0.7188264825513425
Hamming MA,i006,ETHUSDT,False,sl1.20,4522,-0.10408011741378038,-470.6502909451149,0.6687591765415675
Hamming MA,i006,ETHUSDT,False,fee0.02,4747,-0.026534636168074315,-125.95991788984877,0.900206662516467
Hamming MA,i006,ETHUSDT,False,fee0.07,4747,-0.12653418450355813,-600.6577738383904,0.6250236979949876
Hamming MA,i006,ETHUSDT,False,slip3,4747,-0.08795037715201962,-417.5004403406371,0.7157686399513212
Hamming MA,i006,ETHUSDT,False,no_funding,4747,-0.08655261290477642,-410.8652534589737,0.7193668442006366
Hamming MA,i006,ETHUSDT,True,baseline,1726,-0.0944880080849389,-163.08630195460455,0.8149029829294997
Hamming MA,i006,ETHUSDT,True,tp0.80,1896,-0.10672895625339028,-202.35810105642798,0.758563985889843
Hamming MA,i006,ETHUSDT,True,tp1.80,1577,-0.11233017723594992,-177.14468950109304,0.8019866566027418
Hamming MA,i006,ETHUSDT,True,sl0.50,2097,-0.08141701762888769,-170.73148596777747,0.7993990434604237
Hamming MA,i006,ETHUSDT,True,sl1.20,1491,-0.09474458104956471,-141.26417034490098,0.8388239345457126
Hamming MA,i006,ETHUSDT,True,fee0.02,1726,-0.03448621630271946,-59.5232093384938,0.9273813657562665
Hamming MA,i006,ETHUSDT,True,fee0.07,1726,-0.13448920260641853,-232.12836369867838,0.7483019494395424
Hamming MA,i006,ETHUSDT,True,slip3,1726,-0.09591566596803157,-165.55043946082247,0.812421730354373
Hamming MA,i006,ETHUSDT,True,no_funding,1726,-0.09367699244183345,-161.68648895460453,0.8163464200836981
Arnaud Legoux MA,i007,ETHUSDT,False,baseline,7681,-0.10800423758512256,-829.5805488913263,0.5889090942679469
Arnaud Legoux MA,i007,ETHUSDT,False,tp0.80,8091,-0.10050577570016347,-813.1922311900225,0.6065681952035746
Arnaud Legoux MA,i007,ETHUSDT,False,tp1.80,7458,-0.11114559477821445,-828.9238458559234,0.5827730315849599
Arnaud Legoux MA,i007,ETHUSDT,False,sl0.50,8306,-0.09253289858057294,-768.5782556102388,0.6390254136837233
Arnaud Legoux MA,i007,ETHUSDT,False,sl1.20,7463,-0.11018052651319335,-822.2772693679619,0.5792473217517532
Arnaud Legoux MA,i007,ETHUSDT,False,fee0.02,7681,-0.048005284542069815,-368.72859056763826,0.7811821258254688
Arnaud Legoux MA,i007,ETHUSDT,False,fee0.07,7681,-0.1480035396138244,-1136.815187773785,0.4945594595874365
Arnaud Legoux MA,i007,ETHUSDT,False,slip3,7681,-0.10941118181984912,-840.387287558261,0.5851962683962203
Arnaud Legoux MA,i007,ETHUSDT,False,no_funding,7681,-0.10804423927761053,-829.8878018913264,0.5888152816178488
Arnaud Legoux MA,i007,ETHUSDT,True,baseline,2429,-0.09927471254452451,-241.13827677065004,0.8053266836704025
Arnaud Legoux MA,i007,ETHUSDT,True,tp0.80,2781,-0.11118535648497435,-309.20647638471365,0.7489572458381573
Arnaud Legoux MA,i007,ETHUSDT,True,tp1.80,2125,-0.11180047456553657,-237.5760084517652,0.8024100231274212
Arnaud Legoux MA,i007,ETHUSDT,True,sl0.50,3085,-0.10356051583165582,-319.4841913406582,0.7492770539988773
Arnaud Legoux MA,i007,ETHUSDT,True,sl1.20,2025,-0.10576263822528595,-214.169342406204,0.8200815808533465
Arnaud Legoux MA,i007,ETHUSDT,True,fee0.02,2429,-0.03927978475834362,-95.41059717801666,0.9171555093297462
Arnaud Legoux MA,i007,ETHUSDT,True,fee0.07,2429,-0.13927133106864512,-338.29006316573896,0.7391829920060541
Arnaud Legoux MA,i007,ETHUSDT,True,slip3,2429,-0.1007001066108808,-244.6005589578295,0.8028627707452124
Arnaud Legoux MA,i007,ETHUSDT,True,no_funding,2429,-0.0986797063691437,-239.69300677065002,0.8063999669179285
Least Squares MA,i008,ETHUSDT,False,baseline,4467,-0.1070809621690655,-478.33065800921554,0.6850339459275994
Least Squares MA,i008,ETHUSDT,False,tp0.80,4748,-0.10602953854995528,-503.42824903518766,0.6695303534430855
Least Squares MA,i008,ETHUSDT,False,tp1.80,4249,-0.10512972402988076,-446.6961974029633,0.6933727029287147
Least Squares MA,i008,ETHUSDT,False,sl0.50,4903,-0.10315801807400857,-505.78376261686395,0.6689209796931219
Least Squares MA,i008,ETHUSDT,False,sl1.20,4269,-0.11458666162827054,-489.1704584910869,0.6805053329412939
Least Squares MA,i008,ETHUSDT,False,fee0.02,4467,-0.04708484258239487,-210.32799181555788,0.8416953501437737
Least Squares MA,i008,ETHUSDT,False,fee0.07,4467,-0.1470783752268459,-656.9991021383206,0.601330067555121
Least Squares MA,i008,ETHUSDT,False,slip3,4467,-0.10848556637918381,-484.60502501581414,0.6818430862683765
Least Squares MA,i008,ETHUSDT,False,no_funding,4467,-0.10714051018787005,-478.5966590092155,0.6848819974902383
Least Squares MA,i008,ETHUSDT,True,baseline,1664,-0.0949303427241399,-157.96409029296882,0.8136250172526457
Least Squares MA,i008,ETHUSDT,True,tp0.80,1822,-0.1060001091108712,-193.1321988000073,0.76035431042932
Least Squares MA,i008,ETHUSDT,True,tp1.80,1544,-0.11060227110355761,-170.76990658389292,0.8060188825320814
Least Squares MA,i008,ETHUSDT,True,sl0.50,2016,-0.0939682392766995,-189.4399703818262,0.7708141425082425
Least Squares MA,i008,ETHUSDT,True,sl1.20,1426,-0.08067549572613553,-115.04325690546926,0.8602073584768484
Least Squares MA,i008,ETHUSDT,True,fee0.02,1664,-0.03493145497703418,-58.12594108178488,0.9262401797890497
Least Squares MA,i008,ETHUSDT,True,fee0.07,1664,-0.13492960122221037,-224.52285643375808,0.7469891650641504
Least Squares MA,i008,ETHUSDT,True,slip3,1664,-0.09634926391736937,-160.32517515850262,0.8111557739541652
Least Squares MA,i008,ETHUSDT,True,no_funding,1664,-0.09415553743567835,-156.67481429296876,0.8150130010292919
Smoothed MA,i009,ETHUSDT,False,baseline,4314,-0.10717397467919992,-462.3485267660685,0.6421993829500724
Smoothed MA,i009,ETHUSDT,False,tp0.80,4501,-0.10199775246249514,-459.0918838336906,0.6344363697712511
Smoothed MA,i009,ETHUSDT,False,tp1.80,4169,-0.10154977199253865,-423.3609994368936,0.6680076443313968
Smoothed MA,i009,ETHUSDT,False,sl0.50,4711,-0.10035741868823969,-472.7837994402972,0.6545092811755607
Smoothed MA,i009,ETHUSDT,False,sl1.20,4161,-0.11118074797573435,-462.6230923270306,0.6294274482211555
Smoothed MA,i009,ETHUSDT,False,fee0.02,4314,-0.04717489402693782,-203.51249283220974,0.813962472277002
Smoothed MA,i009,ETHUSDT,False,fee0.07,4314,-0.14717336178070803,-634.9058827219744,0.5550625610973122
Smoothed MA,i009,ETHUSDT,False,slip3,4314,-0.1085801563228307,-468.41479437669165,0.6388149768536943
Smoothed MA,i009,ETHUSDT,False,no_funding,4314,-0.10721429387252403,-462.52246376606865,0.6420930355702323
Smoothed MA,i009,ETHUSDT,True,baseline,1458,-0.1107183346669003,-161.42733194434064,0.7846731539767157
Smoothed MA,i009,ETHUSDT,True,tp0.80,1594,-0.12289821123299303,-195.8997487053909,0.7254047645857071
Smoothed MA,i009,ETHUSDT,True,tp1.80,1348,-0.1274460770051082,-171.7973118028859,0.7768390952473103
Smoothed MA,i009,ETHUSDT,True,sl0.50,1800,-0.105910033663236,-190.6380605938248,0.7444946504519396
Smoothed MA,i009,ETHUSDT,True,sl1.20,1269,-0.11345686223273098,-143.9767581733356,0.8091762543854758
Smoothed MA,i009,ETHUSDT,True,fee0.02,1458,-0.05071743011715255,-73.94601311080842,0.8939054471480874
Smoothed MA,i009,ETHUSDT,True,fee0.07,1458,-0.15071893770006548,-219.74821116669548,0.7201170421923069
Smoothed MA,i009,ETHUSDT,True,slip3,1458,-0.11213193390887909,-163.4883596391457,0.7822881596765634
Smoothed MA,i009,ETHUSDT,True,no_funding,1458,-0.1098886796600416,-160.21769494434065,0.7861054104328637
Adaptive MA,i010,ETHUSDT,False,baseline,3730,-0.08591956711388526,-320.47998533479205,0.7238391842659722
Adaptive MA,i010,ETHUSDT,False,tp0.80,3896,-0.09081427694667457,-353.8124229842441,0.6855890657036938
Adaptive MA,i010,ETHUSDT,False,tp1.80,3606,-0.08820354585569544,-318.06198635563777,0.7305463998899088
Adaptive MA,i010,ETHUSDT,False,sl0.50,4102,-0.08399188167743052,-344.53469864082,0.7202113931179742
Adaptive MA,i010,ETHUSDT,False,sl1.20,3580,-0.09915488446850852,-354.9744863972605,0.6870017237516928
Adaptive MA,i010,ETHUSDT,False,fee0.02,3730,-0.025923844541883546,-96.69594014122562,0.9026740351777683
Adaptive MA,i010,ETHUSDT,False,fee0.07,3730,-0.1259167154952198,-469.66934879716973,0.6311520015768228
Adaptive MA,i010,ETHUSDT,False,slip3,3730,-0.08731818573500685,-325.69683279157556,0.7202842432114405
Adaptive MA,i010,ETHUSDT,False,no_funding,3730,-0.08597236255624453,-320.6769123347921,0.7236844162316012
Adaptive MA,i010,ETHUSDT,True,baseline,1352,-0.09957619196065859,-134.62701153081042,0.8047514523061362
Adaptive MA,i010,ETHUSDT,True,tp0.80,1447,-0.11747036840153312,-169.9796230770184,0.7362511623280237
Adaptive MA,i010,ETHUSDT,True,tp1.80,1253,-0.11438899398259889,-143.32940946019642,0.7979916733313996
Adaptive MA,i010,ETHUSDT,True,sl0.50,1625,-0.09092042602285387,-147.74569228713753,0.7774867867564043
Adaptive MA,i010,ETHUSDT,True,sl1.20,1195,-0.1198909053866035,-143.26963193699117,0.7993344883442243
Adaptive MA,i010,ETHUSDT,True,fee0.02,1352,-0.03958260748051324,-53.515685313653904,0.9165486818096382
Adaptive MA,i010,ETHUSDT,True,fee0.07,1352,-0.1395719149474222,-188.7012290089148,0.7386546481915831
Adaptive MA,i010,ETHUSDT,True,slip3,1352,-0.10098511270142936,-136.53187237233251,0.802316368219298
Adaptive MA,i010,ETHUSDT,True,no_funding,1352,-0.09884071710858759,-133.63264953081043,0.806038821954498
Multi-Timeframe MA,i011,ETHUSDT,False,baseline,1569,-0.07351116617381222,-115.33901972671137,0.7887375849434414
Multi-Timeframe MA,i011,ETHUSDT,False,tp0.80,1619,-0.06625156720978403,-107.26128731264035,0.7810394916717961
Multi-Timeframe MA,i011,ETHUSDT,False,tp1.80,1545,-0.07027765745020907,-108.57898076057302,0.8136662341902607
Multi-Timeframe MA,i011,ETHUSDT,False,sl0.50,1727,-0.09116158579622982,-157.43605867008893,0.7239697352886509
Multi-Timeframe MA,i011,ETHUSDT,False,sl1.20,1496,-0.07522464165812821,-112.53606392055981,0.7871520309220672
Multi-Timeframe MA,i011,ETHUSDT,False,fee0.02,1569,-0.013521818431266455,-21.215733118657067,0.9555083348038196
Multi-Timeframe MA,i011,ETHUSDT,False,fee0.07,1569,-0.11350406466884273,-178.08787746541427,0.699271189939104
Multi-Timeframe MA,i011,ETHUSDT,False,slip3,1569,-0.07491560665849628,-117.54258684718066,0.7853331784470877
Multi-Timeframe MA,i011,ETHUSDT,False,no_funding,1569,-0.07342007630765543,-115.19609972671137,0.7889666703997833
Multi-Timeframe MA,i011,ETHUSDT,True,baseline,592,-0.12893468499018318,-76.32933351418845,0.7462101041329147
Multi-Timeframe MA,i011,ETHUSDT,True,tp0.80,628,-0.13465083039823503,-84.5607214900916,0.6998485134349829
Multi-Timeframe MA,i011,ETHUSDT,True,tp1.80,575,-0.14062606515897721,-80.85998746641191,0.7473135600980896
Multi-Timeframe MA,i011,ETHUSDT,True,sl0.50,697,-0.13438411899481775,-93.66573093938797,0.6811076318150779
Multi-Timeframe MA,i011,ETHUSDT,True,sl1.20,526,-0.15261487968370627,-80.2754267136295,0.744002099643524
Multi-Timeframe MA,i011,ETHUSDT,True,fee0.02,592,-0.06892799833465364,-40.80537501411495,0.8537107354500516
Multi-Timeframe MA,i011,ETHUSDT,True,fee0.07,592,-0.1689391427605362,-100.01197251423744,0.6830705283112369
Multi-Timeframe MA,i011,ETHUSDT,True,slip3,592,-0.1303580935908239,-77.17199140576776,0.7438581592586588
Multi-Timeframe MA,i011,ETHUSDT,True,no_funding,592,-0.12834301607126422,-75.97906551418842,0.7472635083625612
WMA,i012,ETHUSDT,False,baseline,5880,-0.09596659830278244,-564.2835980203607,0.6586653405537274
WMA,i012,ETHUSDT,False,tp0.80,6183,-0.09544840125338105,-590.157464949655,0.6458639850436287
WMA,i012,ETHUSDT,False,tp1.80,5677,-0.09790795006684311,-555.8234325294683,0.6579866672155013
WMA,i012,ETHUSDT,False,sl0.50,6389,-0.08862899497357635,-566.2506488861792,0.6756981115498161
WMA,i012,ETHUSDT,False,sl1.20,5684,-0.10577206458374994,-601.2084150940346,0.6265787251691703
WMA,i012,ETHUSDT,False,fee0.02,5880,-0.03596866447086112,-211.49574708866336,0.8482959462950678
WMA,i012,ETHUSDT,False,fee0.07,5880,-0.13596522085739662,-799.4754986414922,0.5632709358929732
WMA,i012,ETHUSDT,False,slip3,5880,-0.097378926984639,-572.5880906696773,0.6549339697680214
WMA,i012,ETHUSDT,False,no_funding,5880,-0.09596637976536747,-564.2823130203607,0.6586541966800785
WMA,i012,ETHUSDT,True,baseline,1959,-0.09721931601463087,-190.45264007266186,0.8096757782755024
WMA,i012,ETHUSDT,True,tp0.80,2193,-0.10294901887851185,-225.76719840057652,0.7658101688599563
WMA,i012,ETHUSDT,True,tp1.80,1750,-0.10461246829029322,-183.07181950801314,0.8152374456111846
WMA,i012,ETHUSDT,True,sl0.50,2425,-0.09245085422731321,-224.19332150123452,0.7740873915901955
WMA,i012,ETHUSDT,True,sl1.20,1663,-0.09878096302765617,-164.27274151499222,0.8314744878715676
WMA,i012,ETHUSDT,True,fee0.02,1959,-0.03722312084481061,-72.92009373498398,0.9216692490634866
WMA,i012,ETHUSDT,True,fee0.07,1959,-0.13721677946117772,-268.8076709644472,0.7433687512619059
WMA,i012,ETHUSDT,True,slip3,1959,-0.0986496399607467,-193.2546446831028,0.8071988107673083
WMA,i012,ETHUSDT,True,no_funding,1959,-0.09644424454959769,-188.93427507266188,0.8110523364086845
McGinley Dynamic,i013,ETHUSDT,False,baseline,2987,-0.08109979671039831,-242.24509277395975,0.73687940860457
McGinley Dynamic,i013,ETHUSDT,False,tp0.80,3120,-0.08150422976670633,-254.29319687212376,0.7126808490692559
McGinley Dynamic,i013,ETHUSDT,False,tp1.80,2883,-0.09008328560382553,-259.710112395829,0.7224169858035752
McGinley Dynamic,i013,ETHUSDT,False,sl0.50,3281,-0.09227063134182822,-302.73994143253844,0.6964443590032118
McGinley Dynamic,i013,ETHUSDT,False,sl1.20,2882,-0.08590042943450335,-247.56503763023863,0.7238311697500305
McGinley Dynamic,i013,ETHUSDT,False,fee0.02,2987,-0.021104445460960738,-63.03897859188973,0.9195956829202349
McGinley Dynamic,i013,ETHUSDT,False,fee0.07,2987,-0.1210966975433567,-361.7158355620064,0.6428601266109806
McGinley Dynamic,i013,ETHUSDT,False,slip3,2987,-0.08249824128543304,-246.4222467195885,0.7332612250040249
McGinley Dynamic,i013,ETHUSDT,False,no_funding,2987,-0.08110050477869425,-242.24720777395973,0.7369121178684069
McGinley Dynamic,i013,ETHUSDT,True,baseline,1059,-0.09369593799632837,-99.22399833811174,0.8147182614769845
McGinley Dynamic,i013,ETHUSDT,True,tp0.80,1121,-0.1150608379615674,-128.98319935491705,0.7394771718003535
McGinley Dynamic,i013,ETHUSDT,True,tp1.80,1011,-0.08530207478793789,-86.2403976106052,0.8465174938233665
McGinley Dynamic,i013,ETHUSDT,True,sl0.50,1290,-0.09556731306497751,-123.28183385382098,0.7664088466017792
McGinley Dynamic,i013,ETHUSDT,True,sl1.20,932,-0.11207780817862172,-104.45651722247544,0.8096509399480265
McGinley Dynamic,i013,ETHUSDT,True,fee0.02,1059,-0.03369824652673558,-35.68644307181298,0.9283116156621312
McGinley Dynamic,i013,ETHUSDT,True,fee0.07,1059,-0.13369439897605692,-141.58236851564428,0.7475722648114944
McGinley Dynamic,i013,ETHUSDT,True,slip3,1059,-0.09509945390066095,-100.71032168079994,0.8122574338295876
McGinley Dynamic,i013,ETHUSDT,True,no_funding,1059,-0.0929624922928345,-98.44727933811173,0.8160833858757397
Guppy MMA,i014,ETHUSDT,False,baseline,1311,-0.07826152033074932,-102.60085315361236,0.841260855306126
Guppy MMA,i014,ETHUSDT,False,tp0.80,1353,-0.10217305010422813,-138.24013679102066,0.7645090776379999
Guppy MMA,i014,ETHUSDT,False,tp1.80,1285,-0.06276827093970823,-80.65722815752507,0.8842468844352627
Guppy MMA,i014,ETHUSDT,False,sl0.50,1465,-0.04978736784124244,-72.93849388742018,0.8740835753075517
Guppy MMA,i014,ETHUSDT,False,sl1.20,1166,-0.08939143145953149,-104.23040908181372,0.8405906219401265
Guppy MMA,i014,ETHUSDT,False,fee0.02,1311,-0.018269418003307464,-23.951207002336083,0.9600531043525412
Guppy MMA,i014,ETHUSDT,False,fee0.07,1311,-0.11825625521571057,-155.03395058779657,0.7712537133984884
Guppy MMA,i014,ETHUSDT,False,slip3,1311,-0.07966789997571073,-104.44461686815679,0.8386804589401224
Guppy MMA,i014,ETHUSDT,False,no_funding,1311,-0.07781430446499797,-102.01455315361234,0.8420887614705241
Guppy MMA,i014,ETHUSDT,True,baseline,666,-0.08722333891790826,-58.090743719326895,0.8265739131922509
Guppy MMA,i014,ETHUSDT,True,tp0.80,684,-0.12726185131024303,-87.04710629620624,0.7180406189948166
Guppy MMA,i014,ETHUSDT,True,tp1.80,645,-0.09092757917449627,-58.6482885675501,0.8375305001142129
Guppy MMA,i014,ETHUSDT,True,sl0.50,730,-0.058263053914853626,-42.53202935784315,0.8538605145691395
Guppy MMA,i014,ETHUSDT,True,sl1.20,611,-0.12555449163484692,-76.71379438889147,0.7910624272871356
Guppy MMA,i014,ETHUSDT,True,fee0.02,666,-0.027228222065176704,-18.133995895407683,0.9417992492841751
Guppy MMA,i014,ETHUSDT,True,fee0.07,666,-0.12722008348639602,-84.72857560193974,0.7584485068713194
Guppy MMA,i014,ETHUSDT,True,slip3,666,-0.08860958652180227,-59.01398462352031,0.8241043673515674
Guppy MMA,i014,ETHUSDT,True,no_funding,666,-0.08647190348247283,-57.5902877193269,0.8279507865199247
MA Cross,i015,ETHUSDT,False,baseline,1785,-0.08770547351164912,-156.55427021829368,0.7994888580701011
MA Cross,i015,ETHUSDT,False,tp0.80,1858,-0.09515392627434421,-176.79599501773154,0.753951155821762
MA Cross,i015,ETHUSDT,False,tp1.80,1711,-0.09457268942452227,-161.8138716053576,0.7999309123609349
MA Cross,i015,ETHUSDT,False,sl0.50,1971,-0.09199834829691883,-181.328744493227,0.7550083282368254
MA Cross,i015,ETHUSDT,False,sl1.20,1629,-0.08713837373086765,-141.9484108075834,0.8159279085343263
MA Cross,i015,ETHUSDT,False,fee0.02,1785,-0.027709807954951957,-49.462007199589245,0.9306925196118667
MA Cross,i015,ETHUSDT,False,fee0.07,1785,-0.12770258388278055,-227.94911223076332,0.7241408903700072
MA Cross,i015,ETHUSDT,False,slip3,1785,-0.08912207939136603,-159.08291171358835,0.7966664115741926
MA Cross,i015,ETHUSDT,False,no_funding,1785,-0.08766574241921214,-156.48335021829368,0.7995944442048744
MA Cross,i015,ETHUSDT,True,baseline,746,-0.07169246617768249,-53.48257976855114,0.8558475415343768
MA Cross,i015,ETHUSDT,True,tp0.80,776,-0.09617272441918844,-74.63003414929022,0.7780089647383301
MA Cross,i015,ETHUSDT,True,tp1.80,731,-0.09936500145719894,-72.63581606521242,0.822367223213694
MA Cross,i015,ETHUSDT,True,sl0.50,796,-0.0722751533453675,-57.53102206291253,0.8205162135979138
MA Cross,i015,ETHUSDT,True,sl1.20,707,-0.09756247945733121,-68.97667297633316,0.8327425004539882
MA Cross,i015,ETHUSDT,True,fee0.02,746,-0.011696746143598198,-8.725772623124255,0.9746803339493534
MA Cross,i015,ETHUSDT,True,fee0.07,746,-0.11168961286707207,-83.32045119883577,0.7855946928075601
MA Cross,i015,ETHUSDT,True,slip3,746,-0.07310780801685011,-54.53842478057018,0.8532515137873248
MA Cross,i015,ETHUSDT,True,no_funding,746,-0.07071070210261547,-52.75018376855114,0.8576608451403517
EMA Cross,i016,ETHUSDT,False,baseline,1439,-0.051122595483104084,-73.56541490018678,0.8830299124552013
EMA Cross,i016,ETHUSDT,False,tp0.80,1484,-0.0655524203529739,-97.27979180381325,0.8280318010826158
EMA Cross,i016,ETHUSDT,False,tp1.80,1390,-0.0698383220048171,-97.07526758669577,0.8555315235875077
EMA Cross,i016,ETHUSDT,False,sl0.50,1634,-0.06871624553185864,-112.28234519905702,0.8207484516205988
EMA Cross,i016,ETHUSDT,False,sl1.20,1314,-0.05915437751679148,-77.72885205706402,0.8745806336510109
EMA Cross,i016,ETHUSDT,False,fee0.02,1439,0.008870206748662677,12.764227511325593,1.0222009649288166
EMA Cross,i016,ETHUSDT,False,fee0.07,1439,-0.09111779697094859,-131.11850984119502,0.8028683028722421
EMA Cross,i016,ETHUSDT,False,slip3,1439,-0.052520418724419385,-75.57688254443948,0.8800707358575529
EMA Cross,i016,ETHUSDT,False,no_funding,1439,-0.05105494781110963,-73.46806990018676,0.883176960387619
EMA Cross,i016,ETHUSDT,True,baseline,566,-0.06644922287462811,-37.61026014703951,0.8654304409804442
EMA Cross,i016,ETHUSDT,True,tp0.80,573,-0.09678534562264672,-55.45800304177657,0.7770537501968376
EMA Cross,i016,ETHUSDT,True,tp1.80,559,-0.06218417083829203,-34.760951498605245,0.8859322975018574
EMA Cross,i016,ETHUSDT,True,sl0.50,619,-0.08261812934669509,-51.140622065604255,0.7968063788195441
EMA Cross,i016,ETHUSDT,True,sl1.20,513,-0.0717800716260831,-36.82317674418063,0.8736487124102856
EMA Cross,i016,ETHUSDT,True,fee0.02,566,-0.006456850209517389,-3.654577218586842,0.9859312790050173
EMA Cross,i016,ETHUSDT,True,fee0.07,566,-0.10644413798470195,-60.247382099341294,0.7941660576961941
EMA Cross,i016,ETHUSDT,True,slip3,566,-0.06784191927693924,-38.398526310747606,0.862838347758651
EMA Cross,i016,ETHUSDT,True,no_funding,566,-0.06581200025978712,-37.249592147039515,0.8666674985227638
MA-EMA Cross,i017,ETHUSDT,False,baseline,3633,-0.08594288275763018,-312.2304930584705,0.7678243781304845
MA-EMA Cross,i017,ETHUSDT,False,tp0.80,3900,-0.09194797920129251,-358.5971188850408,0.7333315271661802
MA-EMA Cross,i017,ETHUSDT,False,tp1.80,3411,-0.08012331388633245,-273.30062366628,0.7870035061490027
MA-EMA Cross,i017,ETHUSDT,False,sl0.50,4032,-0.08901049281882026,-358.89030704548327,0.7299756874274267
MA-EMA Cross,i017,ETHUSDT,False,sl1.20,3372,-0.10153451232756772,-342.3743755685583,0.7450264185339867
MA-EMA Cross,i017,ETHUSDT,False,fee0.02,3633,-0.0259470208169858,-94.26552662810941,0.9220634373551898
MA-EMA Cross,i017,ETHUSDT,False,fee0.07,3633,-0.1259401240513931,-457.54047067871113,0.6817897015966675
MA-EMA Cross,i017,ETHUSDT,False,slip3,3633,-0.08734900262035043,-317.3389265197331,0.7645893325973756
MA-EMA Cross,i017,ETHUSDT,False,no_funding,3633,-0.08597643987296184,-312.3524060584704,0.7677171268298281
MA-EMA Cross,i017,ETHUSDT,True,baseline,1564,-0.11056582431447684,-172.92494922784178,0.7862296782593053
MA-EMA Cross,i017,ETHUSDT,True,tp0.80,1676,-0.1120380152346673,-187.77571353330242,0.7480572955903333
MA-EMA Cross,i017,ETHUSDT,True,tp1.80,1443,-0.11702909649062453,-168.8729862359712,0.7943995729565406
MA-EMA Cross,i017,ETHUSDT,True,sl0.50,1750,-0.10645003121176504,-186.28755462058882,0.7431261056141962
MA-EMA Cross,i017,ETHUSDT,True,sl1.20,1371,-0.08918287023591348,-122.26971509343738,0.847179523360202
MA-EMA Cross,i017,ETHUSDT,True,fee0.02,1564,-0.05056315876617865,-79.08078031030341,0.8949303799503713
MA-EMA Cross,i017,ETHUSDT,True,fee0.07,1564,-0.15056760134667566,-235.48772850620074,0.7218695904595741
MA-EMA Cross,i017,ETHUSDT,True,slip3,1564,-0.11196391742386007,-175.11156685091714,0.7838787581763036
MA-EMA Cross,i017,ETHUSDT,True,no_funding,1564,-0.1098114285344257,-171.74507422784177,0.7875219719174676
SuperTrend,i018,ETHUSDT,False,baseline,902,-0.05115999654028404,-46.146316879336204,0.8950852311532292
SuperTrend,i018,ETHUSDT,False,tp0.80,913,-0.07318898560895995,-66.82154386098044,0.826602350425259
SuperTrend,i018,ETHUSDT,False,tp1.80,888,-0.046253675396530455,-41.07326375211905,0.9133794043872367
SuperTrend,i018,ETHUSDT,False,sl0.50,929,-0.09373578472394578,-87.08054400854563,0.7716413740666606
SuperTrend,i018,ETHUSDT,False,sl1.20,862,-0.05807715107214213,-50.06250422418652,0.8958613364403959
SuperTrend,i018,ETHUSDT,False,fee0.02,902,0.008832527600405309,7.966939895565589,1.0194830782531035
SuperTrend,i018,ETHUSDT,False,fee0.07,902,-0.09115501263407695,-82.22182139593741,0.8214618149747339
SuperTrend,i018,ETHUSDT,False,slip3,902,-0.05256619459447172,-47.41470752421348,0.8923780501436279
SuperTrend,i018,ETHUSDT,False,no_funding,902,-0.05100338900148138,-46.0050568793362,0.895386564883784
SuperTrend,i018,ETHUSDT,True,baseline,300,-0.05118264659648949,-15.354793978946846,0.895898055313475
SuperTrend,i018,ETHUSDT,True,tp0.80,300,-0.09855872370526726,-29.56761711158018,0.774232939496054
SuperTrend,i018,ETHUSDT,True,tp1.80,300,-0.0884805373580138,-26.544161207404137,0.8382592315718987
SuperTrend,i018,ETHUSDT,True,sl0.50,301,-0.08949158446364416,-26.936966923556895,0.7834604911540926
SuperTrend,i018,ETHUSDT,True,sl1.20,298,-0.0811083598440741,-24.17029123353408,0.8605963679484943
SuperTrend,i018,ETHUSDT,True,fee0.02,300,0.008805133274771802,2.641539982431541,1.01923285328959
SuperTrend,i018,ETHUSDT,True,fee0.07,300,-0.09117449984399703,-27.352349953199106,0.8227278107547482
SuperTrend,i018,ETHUSDT,True,slip3,300,-0.05257396409246253,-15.772189227738759,0.8932376642459726
SuperTrend,i018,ETHUSDT,True,no_funding,300,-0.050234549929822826,-15.070364978946849,0.897703441737935
Ichimoku Cloud,i019,ETHUSDT,False,baseline,1425,-0.08703360373736754,-124.02288532574875,0.8125996229333894
Ichimoku Cloud,i019,ETHUSDT,False,tp0.80,1489,-0.07190549746753729,-107.06728572916302,0.8163470365330008
Ichimoku Cloud,i019,ETHUSDT,False,tp1.80,1389,-0.08010984677613206,-111.27257717204743,0.8427559808477791
Ichimoku Cloud,i019,ETHUSDT,False,sl0.50,1683,-0.08961461072076526,-150.82138984304794,0.77270235145775
Ichimoku Cloud,i019,ETHUSDT,False,sl1.20,1248,-0.09634584704109947,-120.23961710729213,0.8089088847858409
Ichimoku Cloud,i019,ETHUSDT,False,fee0.02,1425,-0.027027024328589888,-38.513509668240594,0.9366908966197444
Ichimoku Cloud,i019,ETHUSDT,False,fee0.07,1425,-0.12703799000988603,-181.02913576408758,0.7405406661712329
Ichimoku Cloud,i019,ETHUSDT,False,slip3,1425,-0.08844612573719651,-126.03572917550503,0.8099229654038186
Ichimoku Cloud,i019,ETHUSDT,False,no_funding,1425,-0.08690873847420966,-123.84495232574876,0.8128616135377343
Ichimoku Cloud,i019,ETHUSDT,True,baseline,635,-0.1256038201031115,-79.7584257654758,0.7596549088300862
Ichimoku Cloud,i019,ETHUSDT,True,tp0.80,668,-0.12757362567041203,-85.21918194783522,0.7174755109603482
Ichimoku Cloud,i019,ETHUSDT,True,tp1.80,614,-0.1360275748156908,-83.52093093683416,0.7647025695673914
Ichimoku Cloud,i019,ETHUSDT,True,sl0.50,740,-0.11497946014481474,-85.08480050716291,0.7255995194074311
Ichimoku Cloud,i019,ETHUSDT,True,sl1.20,569,-0.1488429002786967,-84.69161025857844,0.7548242677809884
Ichimoku Cloud,i019,ETHUSDT,True,fee0.02,635,-0.06560368741276802,-41.65834150710769,0.8650002688925659
Ichimoku Cloud,i019,ETHUSDT,True,fee0.07,635,-0.16560390856334048,-105.15848193772122,0.6973122030903728
Ichimoku Cloud,i019,ETHUSDT,True,slip3,635,-0.12701370982503032,-80.65370573889426,0.7573650701879165
Ichimoku Cloud,i019,ETHUSDT,True,no_funding,635,-0.12498287207161542,-79.3641237654758,0.7606926416552233
Parabolic SAR,i020,ETHUSDT,False,baseline,2535,-0.08338218963715323,-211.37385073018345,0.8060091497842024
Parabolic SAR,i020,ETHUSDT,False,tp0.80,2730,-0.08476697752195012,-231.4138486349238,0.7804977831022033
Parabolic SAR,i020,ETHUSDT,False,tp1.80,2360,-0.06734634968316042,-158.9373852522586,0.8491593132426476
Parabolic SAR,i020,ETHUSDT,False,sl0.50,2857,-0.0915285261212847,-261.4969991285104,0.7550103701664322
Parabolic SAR,i020,ETHUSDT,False,sl1.20,2298,-0.081200849271766,-186.5995516265183,0.8234254341577346
Parabolic SAR,i020,ETHUSDT,False,fee0.02,2535,-0.023386902087356276,-59.285796791448156,0.9404573640603368
Parabolic SAR,i020,ETHUSDT,False,fee0.07,2535,-0.12337904800368453,-312.76588668934033,0.7288070664000662
Parabolic SAR,i020,ETHUSDT,False,slip3,2535,-0.08478831821056788,-214.9383866637896,0.8031343802272501
Parabolic SAR,i020,ETHUSDT,False,no_funding,2535,-0.08340481527817886,-211.43120673018342,0.8059667258540839
Parabolic SAR,i020,ETHUSDT,True,baseline,1074,-0.07638356840581226,-82.03595246784236,0.8467517566187224
Parabolic SAR,i020,ETHUSDT,True,tp0.80,1118,-0.0824952846075879,-92.22972819128327,0.806985390052337
Parabolic SAR,i020,ETHUSDT,True,tp1.80,1026,-0.04263000716771156,-43.73838735407206,0.9219569104533059
Parabolic SAR,i020,ETHUSDT,True,sl0.50,1148,-0.08927629999920238,-102.48919239908432,0.7818548904308104
Parabolic SAR,i020,ETHUSDT,True,sl1.20,988,-0.07071750524950358,-69.86889518650953,0.876380504286138
Parabolic SAR,i020,ETHUSDT,True,fee0.02,1074,-0.01639353212850805,-17.606653506017643,0.964634776034137
Parabolic SAR,i020,ETHUSDT,True,fee0.07,1074,-0.1163769259240151,-124.98881844239223,0.776966062108303
Parabolic SAR,i020,ETHUSDT,True,slip3,1074,-0.07778176960106664,-83.53762055154557,0.8442003824467094
Parabolic SAR,i020,ETHUSDT,True,no_funding,1074,-0.07560189335925732,-81.19643346784235,0.8481918778141986
Directional Movement,i021,ETHUSDT,False,baseline,2103,-0.05875820346870668,-123.56850189469016,0.8310454983851102
Directional Movement,i021,ETHUSDT,False,tp0.80,2182,-0.07520815721616249,-164.10419904566655,0.7625347417123132
Directional Movement,i021,ETHUSDT,False,tp1.80,2042,-0.05388421472733326,-110.03156647321453,0.8556620472030307
Directional Movement,i021,ETHUSDT,False,sl0.50,2335,-0.08050348789023114,-187.97564422368973,0.7545808009706914
Directional Movement,i021,ETHUSDT,False,sl1.20,1967,-0.07760355789304946,-152.6461983756283,0.7856136650057369
Directional Movement,i021,ETHUSDT,False,fee0.02,2103,0.0012365172193744068,2.600395712344378,1.0040309074939053
Directional Movement,i021,ETHUSDT,False,fee0.07,2103,-0.09875468392742742,-207.68110029937986,0.7371315783061284
Directional Movement,i021,ETHUSDT,False,slip3,2103,-0.06015913462365956,-126.51466011355606,0.8274974675866436
Directional Movement,i021,ETHUSDT,False,no_funding,2103,-0.0586414645243415,-123.32299989469016,0.8313366968790236
Directional Movement,i021,ETHUSDT,True,baseline,794,-0.10309159787999284,-81.8547287167143,0.7959263032118746
Directional Movement,i021,ETHUSDT,True,tp0.80,840,-0.12877009747636362,-108.16688188014543,0.7127261446263148
Directional Movement,i021,ETHUSDT,True,tp1.80,764,-0.09845814273469868,-75.2220210493098,0.8230954601799184
Directional Movement,i021,ETHUSDT,True,sl0.50,943,-0.11403259688568597,-107.53273886320187,0.7262883011342633
Directional Movement,i021,ETHUSDT,True,sl1.20,707,-0.12017762712219629,-84.96558237539278,0.7972676160037235
Directional Movement,i021,ETHUSDT,True,fee0.02,794,-0.04309904641760009,-34.22064285557447,0.9081853046830637
Directional Movement,i021,ETHUSDT,True,fee0.07,794,-0.1430866321882547,-113.61078595747425,0.7296722305361246
Directional Movement,i021,ETHUSDT,True,slip3,794,-0.10450218757712049,-82.97473693623367,0.7934854209247512
Directional Movement,i021,ETHUSDT,True,no_funding,794,-0.10222289636865782,-81.16497971671431,0.7974139336549321
Vortex,i022,ETHUSDT,False,baseline,2951,-0.09341599452712239,-275.6705998495382,0.7317018434804251
Vortex,i022,ETHUSDT,False,tp0.80,3077,-0.09205845551424609,-283.2638676173352,0.7090876894810079
Vortex,i022,ETHUSDT,False,tp1.80,2833,-0.10808348042745212,-306.20050005097187,0.7080201743224559
Vortex,i022,ETHUSDT,False,sl0.50,3253,-0.08437369331946691,-274.46762436822587,0.73069155442041
Vortex,i022,ETHUSDT,False,sl1.20,2747,-0.09829878176758614,-270.0267535155591,0.7273544518040574
Vortex,i022,ETHUSDT,False,fee0.02,2951,-0.03341421547515004,-98.60534986716777,0.8917106398039991
Vortex,i022,ETHUSDT,False,fee0.07,2951,-0.13341718056177065,-393.71409983778517,0.6450214572222966
Vortex,i022,ETHUSDT,False,slip3,2951,-0.09482356315687139,-279.82433487592743,0.7283995778614856
Vortex,i022,ETHUSDT,False,no_funding,2951,-0.09345022936277135,-275.7716268495383,0.7316148193881036
Vortex,i022,ETHUSDT,True,baseline,1117,-0.10561221444117287,-117.9688435307901,0.7930168847422406
Vortex,i022,ETHUSDT,True,tp0.80,1199,-0.11948324818471152,-143.26041457346912,0.7317438399563129
Vortex,i022,ETHUSDT,True,tp1.80,1056,-0.1296247923766075,-136.88378074969754,0.7716329192477758
Vortex,i022,ETHUSDT,True,sl0.50,1293,-0.09563339097488506,-123.65397453052638,0.7666581095771592
Vortex,i022,ETHUSDT,True,sl1.20,1001,-0.12178937564369097,-121.91116501933466,0.7961073093596877
Vortex,i022,ETHUSDT,True,fee0.02,1117,-0.04561039723992254,-50.946813716993475,0.9038273503829167
Vortex,i022,ETHUSDT,True,fee0.07,1117,-0.14561342590867313,-162.65019673998788,0.7275392630689025
Vortex,i022,ETHUSDT,True,slip3,1117,-0.10701648798693907,-119.53741708141092,0.7906121084578736
Vortex,i022,ETHUSDT,True,no_funding,1117,-0.10494125920393028,-117.21938653079012,0.79420235301753
Williams Alligator,i023,ETHUSDT,False,baseline,1693,-0.08487495641055424,-143.69330120306833,0.8113160986331914
Williams Alligator,i023,ETHUSDT,False,tp0.80,1817,-0.06748933190032853,-122.62811606289694,0.8244287626179535
Williams Alligator,i023,ETHUSDT,False,tp1.80,1623,-0.062037498319943866,-100.6868597732689,0.8716466322568498
Williams Alligator,i023,ETHUSDT,False,sl0.50,1928,-0.0922754718259304,-177.90710968039383,0.7598951532423436
Williams Alligator,i023,ETHUSDT,False,sl1.20,1532,-0.08099588431911806,-124.08569477688887,0.83690804087645
Williams Alligator,i023,ETHUSDT,False,fee0.02,1693,-0.024865954442031896,-42.09806087036,0.9399379811622719
Williams Alligator,i023,ETHUSDT,False,fee0.07,1693,-0.12488095772290253,-211.42346142487395,0.7366010163764661
Williams Alligator,i023,ETHUSDT,False,slip3,1693,-0.08627915968518952,-146.07061734702586,0.8085568270572493
Williams Alligator,i023,ETHUSDT,False,no_funding,1693,-0.08459397176790805,-143.21759420306833,0.8119108421338329
Williams Alligator,i023,ETHUSDT,True,baseline,849,-0.1440364092029304,-122.28691141328791,0.7251073441854263
Williams Alligator,i023,ETHUSDT,True,tp0.80,899,-0.11902418795672685,-107.00274497309744,0.7334780961335597
Williams Alligator,i023,ETHUSDT,True,tp1.80,810,-0.11059210969131235,-89.57960884996301,0.8009452534309502
Williams Alligator,i023,ETHUSDT,True,sl0.50,932,-0.14401869273289672,-134.22542162705975,0.6633190720901749
Williams Alligator,i023,ETHUSDT,True,sl1.20,798,-0.15471996353749265,-123.46653090291912,0.7461658730181278
Williams Alligator,i023,ETHUSDT,True,fee0.02,849,-0.08403404163049787,-71.3449013442927,0.827547139544375
Williams Alligator,i023,ETHUSDT,True,fee0.07,849,-0.18403798758455214,-156.24825145928475,0.6645069461259067
Williams Alligator,i023,ETHUSDT,True,slip3,849,-0.14545278218897204,-123.48941207843724,0.7228671696558949
Williams Alligator,i023,ETHUSDT,True,no_funding,849,-0.14331359883779496,-121.67324541328793,0.7263369815249807
Williams Fractal,i024,ETHUSDT,False,baseline,2704,-0.07265495771730805,-196.45900566760096,0.845206291050355
Williams Fractal,i024,ETHUSDT,False,tp0.80,3018,-0.08878671095950001,-267.958293675771,0.7861683442395518
Williams Fractal,i024,ETHUSDT,False,tp1.80,2421,-0.08577088387267222,-207.65130985573944,0.8323397960889007
Williams Fractal,i024,ETHUSDT,False,sl0.50,3064,-0.08693214141124056,-266.3600812840411,0.7792374184820408
Williams Fractal,i024,ETHUSDT,False,sl1.20,2404,-0.0825327812643084,-198.4088061593974,0.8423939794270341
Williams Fractal,i024,ETHUSDT,False,fee0.02,2704,-0.012658510366909424,-34.22861203212308,0.9707388949172191
Williams Fractal,i024,ETHUSDT,False,fee0.07,2704,-0.11265258928424048,-304.6126014245863,0.7719744673557211
Williams Fractal,i024,ETHUSDT,False,slip3,2704,-0.0740648551742433,-200.27136839115389,0.8424913731185875
Williams Fractal,i024,ETHUSDT,False,no_funding,2704,-0.0725439488415684,-196.15883766760095,0.8454168543148262
Williams Fractal,i024,ETHUSDT,True,baseline,1248,-0.08530331979394201,-106.45854310283963,0.8326101707736221
Williams Fractal,i024,ETHUSDT,True,tp0.80,1371,-0.11331082603001837,-155.34914248715518,0.7468947668496786
Williams Fractal,i024,ETHUSDT,True,tp1.80,1141,-0.0898106842387164,-102.47399071637543,0.8410705011328158
Williams Fractal,i024,ETHUSDT,True,sl0.50,1376,-0.09296851317857951,-127.92467413372542,0.7749991020109392
Williams Fractal,i024,ETHUSDT,True,sl1.20,1145,-0.09028504410582504,-103.37637550116968,0.8468159939831179
Williams Fractal,i024,ETHUSDT,True,fee0.02,1248,-0.025303354507080527,-31.578586424836498,0.946647626068843
Williams Fractal,i024,ETHUSDT,True,fee0.07,1248,-0.1253032966518497,-156.3785142215084,0.7650486895215074
Williams Fractal,i024,ETHUSDT,True,slip3,1248,-0.08670163805063248,-108.20364428718933,0.8301408119803418
Williams Fractal,i024,ETHUSDT,True,no_funding,1248,-0.08457364431317277,-105.5479081028396,0.8339138851079206
Aroon,i025,ETHUSDT,False,baseline,2277,-0.07445413884603751,-169.5320741524274,0.8168693629867574
Aroon,i025,ETHUSDT,False,tp0.80,2403,-0.07097785149033851,-170.55977713128343,0.8014608712316708
Aroon,i025,ETHUSDT,False,tp1.80,2161,-0.06677821945936883,-144.30773225169605,0.8450396958882365
Aroon,i025,ETHUSDT,False,sl0.50,2563,-0.07040492430735763,-180.44782099975762,0.8016911732684016
Aroon,i025,ETHUSDT,False,sl1.20,2067,-0.10196444718651623,-210.76051233452904,0.7706107028193189
Aroon,i025,ETHUSDT,False,fee0.02,2277,-0.014452489867533499,-32.90831942837377,0.9609463188516599
Aroon,i025,ETHUSDT,False,fee0.07,2277,-0.1144552381650402,-260.6145773017966,0.7347658965574959
Aroon,i025,ETHUSDT,False,slip3,2277,-0.07586249141854305,-172.73889296002253,0.8138016450094102
Aroon,i025,ETHUSDT,False,no_funding,2277,-0.07447858329048196,-169.58773415242743,0.8168431374985222
Aroon,i025,ETHUSDT,True,baseline,958,-0.061058947717465104,-58.494471913331566,0.8760754668551468
Aroon,i025,ETHUSDT,True,tp0.80,1009,-0.09228749700490604,-93.1180844779502,0.7861525104521812
Aroon,i025,ETHUSDT,True,tp1.80,932,-0.07682833955360066,-71.60401246395583,0.8616984838098846
Aroon,i025,ETHUSDT,True,sl0.50,1046,-0.06563796701643639,-68.65731349919247,0.8351251343672782
Aroon,i025,ETHUSDT,True,sl1.20,891,-0.10897866493933316,-97.09999046094583,0.815116747682157
Aroon,i025,ETHUSDT,True,fee0.02,958,-0.0010558545657558434,-1.011508673994098,0.9976951380322838
Aroon,i025,ETHUSDT,True,fee0.07,958,-0.10106100981860466,-96.81644740622326,0.8041173651235108
Aroon,i025,ETHUSDT,True,slip3,958,-0.06246367829861672,-59.84020381007482,0.8734325952224616
Aroon,i025,ETHUSDT,True,no_funding,958,-0.06012860846903086,-57.60320691333156,0.8778631776158957
Trend Strength Index,i026,ETHUSDT,False,baseline,2352,-0.08501257820323745,-199.94958393401447,0.7949371244953132
Trend Strength Index,i026,ETHUSDT,False,tp0.80,2475,-0.09672287291215678,-239.38911045758803,0.740918077565253
Trend Strength Index,i026,ETHUSDT,False,tp1.80,2220,-0.10233628710984143,-227.18655738384794,0.7708288442355129
Trend Strength Index,i026,ETHUSDT,False,sl0.50,2621,-0.0854723308274668,-224.02297909879047,0.7627201885580126
Trend Strength Index,i026,ETHUSDT,False,sl1.20,2130,-0.10808202911025676,-230.2147220048469,0.7600272420087834
Trend Strength Index,i026,ETHUSDT,False,fee0.02,2352,-0.025016597628942573,-58.83903762327293,0.9335074980332496
Trend Strength Index,i026,ETHUSDT,False,fee0.07,2352,-0.1250098985861007,-294.02328147450885,0.7163460509222415
Trend Strength Index,i026,ETHUSDT,False,slip3,2352,-0.0864207337248118,-203.26156572075735,0.7919984880409636
Trend Strength Index,i026,ETHUSDT,False,no_funding,2352,-0.0849878898528973,-199.89151693401448,0.7949955704104338
Trend Strength Index,i026,ETHUSDT,True,baseline,983,-0.12640446599833366,-124.255590076362,0.7571705270721548
Trend Strength Index,i026,ETHUSDT,True,tp0.80,1017,-0.13665359854089398,-138.97670971608918,0.700519166706523
Trend Strength Index,i026,ETHUSDT,True,tp1.80,951,-0.13294713118916038,-126.43272176089151,0.767712570441075
Trend Strength Index,i026,ETHUSDT,True,sl0.50,1080,-0.11195899057958737,-120.91570982595437,0.7312853458857332
Trend Strength Index,i026,ETHUSDT,True,sl1.20,902,-0.14041291195713568,-126.65244658533639,0.7678991502694296
Trend Strength Index,i026,ETHUSDT,True,fee0.02,983,-0.06640805129718125,-65.27911442512917,0.8627843938997597
Trend Strength Index,i026,ETHUSDT,True,fee0.07,983,-0.166402075799102,-163.57324051051725,0.6948000523838654
Trend Strength Index,i026,ETHUSDT,True,slip3,983,-0.12781210428753262,-125.63929851464457,0.7548758260476733
Trend Strength Index,i026,ETHUSDT,True,no_funding,983,-0.12560106009802846,-123.465842076362,0.75847256974786
Zig Zag,i027,ETHUSDT,False,baseline,2369,-0.04123276809650759,-97.68042762062647,0.9138983671132296
Zig Zag,i027,ETHUSDT,False,tp0.80,2502,-0.06280238928010601,-157.13157797882525,0.8502208461056202
Zig Zag,i027,ETHUSDT,False,tp1.80,2177,-0.025553914930431493,-55.630872803549366,0.9492714604131873
Zig Zag,i027,ETHUSDT,False,sl0.50,2525,-0.06194963600168425,-156.42283090425272,0.8463570341063437
Zig Zag,i027,ETHUSDT,False,sl1.20,2037,-0.07714022716850652,-157.13464274224776,0.8573157886905184
Zig Zag,i027,ETHUSDT,False,fee0.02,2369,0.018771602388823975,44.46992605912399,1.0422416991002055
Zig Zag,i027,ETHUSDT,False,fee0.07,2369,-0.08123568175339534,-192.44733007379355,0.8381659909621793
Zig Zag,i027,ETHUSDT,False,slip3,2369,-0.0426787071089752,-101.10585714116225,0.9110334436099528
Zig Zag,i027,ETHUSDT,False,no_funding,2369,-0.041256427024325235,-97.73647562062648,0.9138589997985117
Zig Zag,i027,ETHUSDT,True,baseline,968,-0.058454152840403936,-56.58361994951101,0.8857986098037707
Zig Zag,i027,ETHUSDT,True,tp0.80,984,-0.07733460385648781,-76.09725019478401,0.8219381756285926
Zig Zag,i027,ETHUSDT,True,tp1.80,927,-0.05543036957922178,-51.38395259993859,0.9047669072620612
Zig Zag,i027,ETHUSDT,True,sl0.50,983,-0.06674733450667597,-65.61262982006248,0.8374946373275428
Zig Zag,i027,ETHUSDT,True,sl1.20,924,-0.07242975811653475,-66.9250964996781,0.8808041318655792
Zig Zag,i027,ETHUSDT,True,fee0.02,968,0.0015437281227921105,1.494328822862763,1.0032347012998268
Zig Zag,i027,ETHUSDT,True,fee0.07,968,-0.09845274014920133,-95.30225246442689,0.81595285882794
Zig Zag,i027,ETHUSDT,True,slip3,968,-0.059907917005599984,-57.99086366142079,0.8831499400252187
Zig Zag,i027,ETHUSDT,True,no_funding,968,-0.05794133569164359,-56.087212949511,0.8867552137605414
Linear Regression Curve,i028,ETHUSDT,False,baseline,7543,-0.10309148460592178,-777.619068382468,0.6336378091863087
Linear Regression Curve,i028,ETHUSDT,False,tp0.80,8029,-0.10120628827541657,-812.5852885633198,0.6357655339357996
Linear Regression Curve,i028,ETHUSDT,False,tp1.80,7248,-0.10357930022927703,-750.7427680617999,0.6302876475354158
Linear Regression Curve,i028,ETHUSDT,False,sl0.50,8130,-0.09240562172693605,-751.2577046399902,0.6497193225916712
Linear Regression Curve,i028,ETHUSDT,False,sl1.20,7250,-0.1158536107695254,-839.9386780790591,0.6031691625915206
Linear Regression Curve,i028,ETHUSDT,False,fee0.02,7543,-0.04309033809330727,-325.03042023781677,0.8210899101643574
Linear Regression Curve,i028,ETHUSDT,False,fee0.07,7543,-0.1430922489476648,-1079.3448338122357,0.5378191122701511
Linear Regression Curve,i028,ETHUSDT,False,slip3,7543,-0.104500501678657,-788.2472841621098,0.6299117087675936
Linear Regression Curve,i028,ETHUSDT,False,no_funding,7543,-0.10312450316617632,-777.868127382468,0.6335440226664398
Linear Regression Curve,i028,ETHUSDT,True,baseline,2615,-0.10820057220719154,-282.94449632180584,0.7897932330852158
Linear Regression Curve,i028,ETHUSDT,True,tp0.80,3003,-0.10830489984695826,-325.2396142404157,0.7550092815325443
Linear Regression Curve,i028,ETHUSDT,True,tp1.80,2277,-0.11921489075362696,-271.45230624600856,0.7909375980223878
Linear Regression Curve,i028,ETHUSDT,True,sl0.50,3267,-0.0970160441715627,-316.95141630849537,0.7643065890243124
Linear Regression Curve,i028,ETHUSDT,True,sl1.20,2190,-0.1237275635528921,-270.9633641808337,0.7942811332627262
Linear Regression Curve,i028,ETHUSDT,True,fee0.02,2615,-0.04820289382322271,-126.05056734772737,0.8993022128932828
Linear Regression Curve,i028,ETHUSDT,True,fee0.07,2615,-0.1481990244631707,-387.54044897119144,0.7249970596173606
Linear Regression Curve,i028,ETHUSDT,True,slip3,2615,-0.10961979912824979,-286.6557747203732,0.7873897641465164
Linear Regression Curve,i028,ETHUSDT,True,no_funding,2615,-0.10764238979801369,-281.48484932180577,0.7907835582487809
Linear Regression Slope,i029,ETHUSDT,False,baseline,2352,-0.08501257820323745,-199.94958393401447,0.7949371244953132
Linear Regression Slope,i029,ETHUSDT,False,tp0.80,2475,-0.09672287291215678,-239.38911045758803,0.740918077565253
Linear Regression Slope,i029,ETHUSDT,False,tp1.80,2220,-0.10233628710984143,-227.18655738384794,0.7708288442355129
Linear Regression Slope,i029,ETHUSDT,False,sl0.50,2621,-0.0854723308274668,-224.02297909879047,0.7627201885580126
Linear Regression Slope,i029,ETHUSDT,False,sl1.20,2130,-0.10808202911025676,-230.2147220048469,0.7600272420087834
Linear Regression Slope,i029,ETHUSDT,False,fee0.02,2352,-0.025016597628942573,-58.83903762327293,0.9335074980332496
Linear Regression Slope,i029,ETHUSDT,False,fee0.07,2352,-0.1250098985861007,-294.02328147450885,0.7163460509222415
Linear Regression Slope,i029,ETHUSDT,False,slip3,2352,-0.0864207337248118,-203.26156572075735,0.7919984880409636
Linear Regression Slope,i029,ETHUSDT,False,no_funding,2352,-0.0849878898528973,-199.89151693401448,0.7949955704104338
Linear Regression Slope,i029,ETHUSDT,True,baseline,983,-0.12640446599833366,-124.255590076362,0.7571705270721548
Linear Regression Slope,i029,ETHUSDT,True,tp0.80,1017,-0.13665359854089398,-138.97670971608918,0.700519166706523
Linear Regression Slope,i029,ETHUSDT,True,tp1.80,951,-0.13294713118916038,-126.43272176089151,0.767712570441075
Linear Regression Slope,i029,ETHUSDT,True,sl0.50,1080,-0.11195899057958737,-120.91570982595437,0.7312853458857332
Linear Regression Slope,i029,ETHUSDT,True,sl1.20,902,-0.14041291195713568,-126.65244658533639,0.7678991502694296
Linear Regression Slope,i029,ETHUSDT,True,fee0.02,983,-0.06640805129718125,-65.27911442512917,0.8627843938997597
Linear Regression Slope,i029,ETHUSDT,True,fee0.07,983,-0.166402075799102,-163.57324051051725,0.6948000523838654
Linear Regression Slope,i029,ETHUSDT,True,slip3,983,-0.12781210428753262,-125.63929851464457,0.7548758260476733
Linear Regression Slope,i029,ETHUSDT,True,no_funding,983,-0.12560106009802846,-123.465842076362,0.75847256974786
Keltner Channels,i030,ETHUSDT,False,baseline,1134,-0.06498229461841933,-73.68992209728752,0.8709783714896079
Keltner Channels,i030,ETHUSDT,False,tp0.80,1226,-0.08286945367519916,-101.59795020579416,0.8084668807649869
Keltner Channels,i030,ETHUSDT,False,tp1.80,1035,-0.08218742610676302,-85.06398602049974,0.8559885411063227
Keltner Channels,i030,ETHUSDT,False,sl0.50,1206,-0.08117511806710914,-97.89719238893362,0.8031997870657693
Keltner Channels,i030,ETHUSDT,False,sl1.20,1087,-0.07442941012060869,-80.90476880110165,0.8739061729663243
Keltner Channels,i030,ETHUSDT,False,fee0.02,1134,-0.004988480264631343,-5.656936620091943,0.9893595870173447
Keltner Channels,i030,ETHUSDT,False,fee0.07,1134,-0.104978170854278,-119.04524574875126,0.800766130070372
Keltner Channels,i030,ETHUSDT,False,slip3,1134,-0.06638370819517428,-75.27912509332762,0.8684068837496599
Keltner Channels,i030,ETHUSDT,False,no_funding,1134,-0.06444392777538581,-73.07941409728751,0.8719778329499
Keltner Channels,i030,ETHUSDT,True,baseline,667,-0.07341735097795814,-48.96937310229808,0.8561813928747606
Keltner Channels,i030,ETHUSDT,True,tp0.80,719,-0.08958955307569379,-64.41488866142383,0.7952642060356193
Keltner Channels,i030,ETHUSDT,True,tp1.80,614,-0.10375414532143154,-63.70504522735897,0.8232679716160106
Keltner Channels,i030,ETHUSDT,True,sl0.50,704,-0.0816346090324276,-57.47076475882903,0.8027171811428627
Keltner Channels,i030,ETHUSDT,True,sl1.20,637,-0.0628641094352701,-40.04443771026705,0.8932088077881676
Keltner Channels,i030,ETHUSDT,True,fee0.02,667,-0.013428946545563532,-8.957107345890876,0.971745849024232
Keltner Channels,i030,ETHUSDT,True,fee0.07,667,-0.11340962059955455,-75.64421693990289,0.7876187000744026
Keltner Channels,i030,ETHUSDT,True,slip3,667,-0.07482468785860931,-49.9080668016924,0.8536591052866772
Keltner Channels,i030,ETHUSDT,True,no_funding,667,-0.07262711109789816,-48.44228310229807,0.8576133183431677
Donchian Channels,i031,ETHUSDT,False,baseline,1926,-0.05194412373424226,-100.04438231215059,0.8949884990746727
Donchian Channels,i031,ETHUSDT,False,tp0.80,2166,-0.0825120960096476,-178.72119995689667,0.808300621757751
Donchian Channels,i031,ETHUSDT,False,tp1.80,1703,-0.04553920099237121,-77.55325929000817,0.9167132862585002
Donchian Channels,i031,ETHUSDT,False,sl0.50,2087,-0.08243890016790634,-172.04998465042053,0.7988060619193404
Donchian Channels,i031,ETHUSDT,False,sl1.20,1793,-0.03600165135479114,-64.5509608791405,0.935517113398083
Donchian Channels,i031,ETHUSDT,False,fee0.02,1926,0.008053975696388726,15.511957191244685,1.0175075481161044
Donchian Channels,i031,ETHUSDT,False,fee0.07,1926,-0.09194285668799627,-177.08194198108083,0.8224399497088999
Donchian Channels,i031,ETHUSDT,False,slip3,1926,-0.053348366157111804,-102.74895321859734,0.8923251052835676
Donchian Channels,i031,ETHUSDT,False,no_funding,1926,-0.05150427845906052,-99.19724031215057,0.8958220703150732
Donchian Channels,i031,ETHUSDT,True,baseline,951,-0.06554201176015062,-62.330453183903245,0.870322011697722
Donchian Channels,i031,ETHUSDT,True,tp0.80,1053,-0.10159535540152966,-106.97990923781073,0.7708111484395939
Donchian Channels,i031,ETHUSDT,True,tp1.80,864,-0.06944841530978907,-60.00343082765775,0.8783055494578723
Donchian Channels,i031,ETHUSDT,True,sl0.50,1014,-0.08519820859911066,-86.3909835194982,0.7933560877947866
Donchian Channels,i031,ETHUSDT,True,sl1.20,904,-0.041398142180103806,-37.423920530813845,0.9279771390183669
Donchian Channels,i031,ETHUSDT,True,fee0.02,951,-0.005550834632468196,-5.2788437354772535,0.9882094304863586
Donchian Channels,i031,ETHUSDT,True,fee0.07,951,-0.10553612984527229,-100.36485948285394,0.8003413663180936
Donchian Channels,i031,ETHUSDT,True,slip3,951,-0.06693442466822734,-63.6546378594842,0.8677745492730389
Donchian Channels,i031,ETHUSDT,True,no_funding,951,-0.06468178988843663,-61.512382183903235,0.8719329800856223
Price Channel,i032,ETHUSDT,False,baseline,3171,-0.11864611489988523,-376.22683034753607,0.6704128880008757
Price Channel,i032,ETHUSDT,False,tp0.80,3332,-0.10497089693246976,-349.7630285789893,0.6773808722008581
Price Channel,i032,ETHUSDT,False,tp1.80,3047,-0.1246008884278393,-379.65890703962634,0.6693492372702017
Price Channel,i032,ETHUSDT,False,sl0.50,3577,-0.10696266295707615,-382.60544539746144,0.6802747187474137
Price Channel,i032,ETHUSDT,False,sl1.20,3003,-0.11719827357362916,-351.94641554160836,0.6777429336275022
Price Channel,i032,ETHUSDT,False,fee0.02,3171,-0.05864950687268693,-185.97758629329024,0.8139897039543774
Price Channel,i032,ETHUSDT,False,fee0.07,3171,-0.15864385358468408,-503.0596597170332,0.5933724521009635
Price Channel,i032,ETHUSDT,False,slip3,3171,-0.12005784341497872,-380.7034214688975,0.6674698043554453
Price Channel,i032,ETHUSDT,False,no_funding,3171,-0.11867591149401957,-376.3213153475361,0.6703572957571078
Price Channel,i032,ETHUSDT,True,baseline,1179,-0.09551388794969552,-112.61087389269102,0.813405271979533
Price Channel,i032,ETHUSDT,True,tp0.80,1255,-0.11821350974772787,-148.35795473339851,0.7361525362598474
Price Channel,i032,ETHUSDT,True,tp1.80,1116,-0.12122369783964958,-135.28564678904894,0.7886388260523253
Price Channel,i032,ETHUSDT,True,sl0.50,1405,-0.11030636743128691,-154.98044624095812,0.7362463178098587
Price Channel,i032,ETHUSDT,True,sl1.20,1039,-0.13478719828224944,-140.04389901525718,0.7795554839802061
Price Channel,i032,ETHUSDT,True,fee0.02,1179,-0.03551673445578666,-41.87422992337247,0.9254238156335565
Price Channel,i032,ETHUSDT,True,fee0.07,1179,-0.13551199027896813,-159.76863653890342,0.7470713419000409
Price Channel,i032,ETHUSDT,True,slip3,1179,-0.09693146804512838,-114.28220082520637,0.8109516781930989
Price Channel,i032,ETHUSDT,True,no_funding,1179,-0.09479019668591265,-111.75764189269101,0.8147085489223352
MA Channel,i033,ETHUSDT,False,baseline,2670,-0.07401147422750465,-197.61063618743742,0.8351116509636846
MA Channel,i033,ETHUSDT,False,tp0.80,2920,-0.09224606061545157,-269.3584969971186,0.7699190479101876
MA Channel,i033,ETHUSDT,False,tp1.80,2450,-0.08299595173078166,-203.34008174041506,0.8283438669828167
MA Channel,i033,ETHUSDT,False,sl0.50,3247,-0.07752173283770863,-251.71306652403996,0.8001357495595726
MA Channel,i033,ETHUSDT,False,sl1.20,2389,-0.07582136886102,-181.13725020897678,0.8411474726920952
MA Channel,i033,ETHUSDT,False,fee0.02,2670,-0.014007885693442364,-37.401054801491114,0.9658802993138677
MA Channel,i033,ETHUSDT,False,fee0.07,2670,-0.1140138665835462,-304.41702377806837,0.7597582124078776
MA Channel,i033,ETHUSDT,False,slip3,2670,-0.07542400323752968,-201.38208864420423,0.8323013787388761
MA Channel,i033,ETHUSDT,False,no_funding,2670,-0.07390077759829117,-197.31507618743743,0.8353456689122936
MA Channel,i033,ETHUSDT,True,baseline,1156,-0.10134415338164124,-117.15384130917728,0.8038479095120693
MA Channel,i033,ETHUSDT,True,tp0.80,1260,-0.11530041492845249,-145.27852280985013,0.7418335755786681
MA Channel,i033,ETHUSDT,True,tp1.80,1077,-0.10748275736813402,-115.75892968548034,0.8115231274312389
MA Channel,i033,ETHUSDT,True,sl0.50,1363,-0.10426009580640477,-142.1065105841297,0.7505151077167075
MA Channel,i033,ETHUSDT,True,sl1.20,1039,-0.1288181282570851,-133.8420352591114,0.7881753691577305
MA Channel,i033,ETHUSDT,True,fee0.02,1156,-0.041347716886940035,-47.79796072130269,0.9139986930117252
MA Channel,i033,ETHUSDT,True,fee0.07,1156,-0.14134177771144205,-163.39109503442702,0.7385953589155124
MA Channel,i033,ETHUSDT,True,slip3,1156,-0.1027488478197743,-118.77766807965908,0.8014519653359462
MA Channel,i033,ETHUSDT,True,no_funding,1156,-0.10055253486953047,-116.23873030917724,0.8052233259140068
Chande Kroll Stop,i034,ETHUSDT,False,baseline,3093,-0.04451065052632312,-137.67144207791742,0.8983297076064176
Chande Kroll Stop,i034,ETHUSDT,False,tp0.80,3507,-0.06289058061733648,-220.557266224999,0.8379885014461026
Chande Kroll Stop,i034,ETHUSDT,False,tp1.80,2717,-0.05874278628971433,-159.60415034915383,0.8773037501442266
Chande Kroll Stop,i034,ETHUSDT,False,sl0.50,3714,-0.06768846292327765,-251.3949512970532,0.8227518294446015
Chande Kroll Stop,i034,ETHUSDT,False,sl1.20,2739,-0.0523748234488857,-143.45464142649794,0.890379965136675
Chande Kroll Stop,i034,ETHUSDT,False,fee0.02,3093,0.01548754110980364,47.90296465262266,1.0386293092342713
Chande Kroll Stop,i034,ETHUSDT,False,fee0.07,3093,-0.08450944495040766,-261.38771323161086,0.8173578989536103
Chande Kroll Stop,i034,ETHUSDT,False,slip3,3093,-0.045917715444368346,-142.0234938694313,0.8953216971449307
Chande Kroll Stop,i034,ETHUSDT,False,no_funding,3093,-0.044238394787558165,-136.8293550779174,0.8989145979595965
Chande Kroll Stop,i034,ETHUSDT,True,baseline,1443,-0.057554413522442074,-83.05101871288392,0.8846858155328459
Chande Kroll Stop,i034,ETHUSDT,True,tp0.80,1619,-0.08930469214037515,-144.58429657526736,0.7947390211906151
Chande Kroll Stop,i034,ETHUSDT,True,tp1.80,1307,-0.09101401611083677,-118.95531905686366,0.8403996145738154
Chande Kroll Stop,i034,ETHUSDT,True,sl0.50,1729,-0.06553745949207193,-113.31426746179235,0.8381066854876813
Chande Kroll Stop,i034,ETHUSDT,True,sl1.20,1284,-0.06253746538264512,-80.29810555131634,0.8909250573497489
Chande Kroll Stop,i034,ETHUSDT,True,fee0.02,1443,0.00244355210733073,3.5260456908782434,1.0052609107229193
Chande Kroll Stop,i034,ETHUSDT,True,fee0.07,1443,-0.09755305727562398,-140.7690616487254,0.8132210985173024
Chande Kroll Stop,i034,ETHUSDT,True,slip3,1443,-0.058954384013279994,-85.07117613116303,0.8820697443452769
Chande Kroll Stop,i034,ETHUSDT,True,no_funding,1443,-0.05676516196319051,-81.9121287128839,0.8861690742312303
52-Week High/Low,i035,ETHUSDT,False,baseline,784,-0.023700470826891952,-18.58116912828329,0.9518177154171471
52-Week High/Low,i035,ETHUSDT,False,tp0.80,863,-0.07237507751666994,-62.45969189688616,0.8314551800863269
52-Week High/Low,i035,ETHUSDT,False,tp1.80,702,-0.017884873202304967,-12.555180988018089,0.9680263468533271
52-Week High/Low,i035,ETHUSDT,False,sl0.50,824,-0.059093547966508043,-48.693083524402624,0.8549337353275653
52-Week High/Low,i035,ETHUSDT,False,sl1.20,759,-0.013064259821836307,-9.915773204773757,0.9770261418462123
52-Week High/Low,i035,ETHUSDT,False,fee0.02,784,0.03629025375531387,28.451558944166074,1.0791756040828817
52-Week High/Low,i035,ETHUSDT,False,fee0.07,784,-0.06369428721502919,-49.93632117658289,0.8761478695599295
52-Week High/Low,i035,ETHUSDT,False,slip3,784,-0.025080575949621386,-19.663171544503165,0.9490918387779816
52-Week High/Low,i035,ETHUSDT,False,no_funding,784,-0.023155327969749083,-18.153777128283284,0.9529005471027553
52-Week High/Low,i035,ETHUSDT,True,baseline,537,-0.028749730297092803,-15.438605169538835,0.9417611533785444
52-Week High/Low,i035,ETHUSDT,True,tp0.80,587,-0.08714087404944067,-51.151693067021675,0.8004354567417343
52-Week High/Low,i035,ETHUSDT,True,tp1.80,484,-0.026432522378339936,-12.793340831116529,0.9530354237931338
52-Week High/Low,i035,ETHUSDT,True,sl0.50,565,-0.06142163080896194,-34.703221407063495,0.8494498141648524
52-Week High/Low,i035,ETHUSDT,True,sl1.20,516,0.0045260535588920354,2.3354436363882902,1.0081015840549095
52-Week High/Low,i035,ETHUSDT,True,fee0.02,537,0.031237938061148822,16.77477273883692,1.0679119725950112
52-Week High/Low,i035,ETHUSDT,True,fee0.07,537,-0.06874150920258726,-36.914190441789366,0.8668148754354493
52-Week High/Low,i035,ETHUSDT,True,slip3,537,-0.030121906831334807,-16.17546396842679,0.9390764545455744
52-Week High/Low,i035,ETHUSDT,True,no_funding,537,-0.028060175362269724,-15.06831416953884,0.9431280362328309
Majority Rule,i036,ETHUSDT,False,baseline,2804,-0.10452288690063387,-293.08217486937735,0.7558654738393861
Majority Rule,i036,ETHUSDT,False,tp0.80,3056,-0.09138796881487836,-279.2816326982683,0.7577719102041812
Majority Rule,i036,ETHUSDT,False,tp1.80,2592,-0.1097805145356967,-284.55109367652585,0.7585965540772135
Majority Rule,i036,ETHUSDT,False,sl0.50,3288,-0.100294949297947,-329.7697932916497,0.7277888422027766
Majority Rule,i036,ETHUSDT,False,sl1.20,2502,-0.11391693433713272,-285.0201697115061,0.756308023431576
Majority Rule,i036,ETHUSDT,False,fee0.02,2804,-0.04451780907501806,-124.82793664635064,0.8857442217265336
Majority Rule,i036,ETHUSDT,False,fee0.07,2804,-0.14452627211771107,-405.2516670180618,0.6818211444327315
Majority Rule,i036,ETHUSDT,False,slip3,2804,-0.10593586735407293,-297.0441720608205,0.7530926860027548
Majority Rule,i036,ETHUSDT,False,no_funding,2804,-0.10437021714314455,-292.6540888693773,0.7561573586844382
Majority Rule,i036,ETHUSDT,True,baseline,1258,-0.11581900268115437,-145.70030537289222,0.7773455858327508
Majority Rule,i036,ETHUSDT,True,tp0.80,1379,-0.10666441705243698,-147.0902311153106,0.7586251147958808
Majority Rule,i036,ETHUSDT,True,tp1.80,1164,-0.1151209408197498,-134.00077511418877,0.7995331915590486
Majority Rule,i036,ETHUSDT,True,sl0.50,1446,-0.11602539906646402,-167.77272705010694,0.7238578087850281
Majority Rule,i036,ETHUSDT,True,sl1.20,1128,-0.1206394721028061,-136.0813245319653,0.79959853019398
Majority Rule,i036,ETHUSDT,True,fee0.02,1258,-0.0558192604758634,-70.22062967863616,0.8845914787311092
Majority Rule,i036,ETHUSDT,True,fee0.07,1258,-0.15581883081801506,-196.02008916906294,0.713986175288304
Majority Rule,i036,ETHUSDT,True,slip3,1258,-0.11722950677782783,-147.4747195265074,0.7750080499149458
Majority Rule,i036,ETHUSDT,True,no_funding,1258,-0.11501261873838808,-144.6858743728922,0.7786815080570262
MACD,i038,ETHUSDT,False,baseline,2412,-0.09894602199175706,-238.65780504411808,0.7696803874286691
MACD,i038,ETHUSDT,False,tp0.80,2556,-0.10884069274491188,-278.1968106559948,0.7211583730322776
MACD,i038,ETHUSDT,False,tp1.80,2266,-0.12015438733127198,-272.26984169266234,0.7382125581243691
MACD,i038,ETHUSDT,False,sl0.50,2716,-0.10588818443177758,-287.5923089167079,0.7182676704131085
MACD,i038,ETHUSDT,False,sl1.20,2247,-0.11666464010044787,-262.1454463057064,0.754862580286244
MACD,i038,ETHUSDT,False,fee0.02,2412,-0.03894781619082755,-93.94213265227604,0.9002271574948739
MACD,i038,ETHUSDT,False,fee0.07,2412,-0.1389448258590434,-335.13491997201277,0.6954411468513676
MACD,i038,ETHUSDT,False,slip3,2412,-0.10034834101036502,-242.04019851700042,0.7669124148276594
MACD,i038,ETHUSDT,False,no_funding,2412,-0.09896679313603568,-238.70790504411806,0.7696153633222368
MACD,i038,ETHUSDT,True,baseline,965,-0.11295502366433657,-109.00159783608478,0.7807417324666526
MACD,i038,ETHUSDT,True,tp0.80,1008,-0.11255483034797722,-113.45526899076104,0.7466133049533361
MACD,i038,ETHUSDT,True,tp1.80,928,-0.12475719873643834,-115.7746804274148,0.7819588714660378
MACD,i038,ETHUSDT,True,sl0.50,1084,-0.11832647344168354,-128.26589721078497,0.717776388349526
MACD,i038,ETHUSDT,True,sl1.20,875,-0.12446600038150313,-108.90775033381523,0.792516906937463
MACD,i038,ETHUSDT,True,fee0.02,965,-0.05296331639965174,-51.109600325663926,0.8893626173679061
MACD,i038,ETHUSDT,True,fee0.07,965,-0.15294949517412645,-147.59626284303204,0.716539081024754
MACD,i038,ETHUSDT,True,slip3,965,-0.11434966319272077,-110.34742498097555,0.7783996467181089
MACD,i038,ETHUSDT,True,no_funding,965,-0.11202260915656452,-108.10181783608476,0.782347968620589
RSI,i039,ETHUSDT,False,baseline,2967,-0.07866629986124633,-233.4029116883179,0.7438250570136423
RSI,i039,ETHUSDT,False,tp0.80,3093,-0.08311635792735735,-257.0788950693163,0.7077020285626225
RSI,i039,ETHUSDT,False,tp1.80,2871,-0.07915090935883366,-227.24226076921147,0.754366324945974
RSI,i039,ETHUSDT,False,sl0.50,3255,-0.08804252726676351,-286.57842625331523,0.708722774147142
RSI,i039,ETHUSDT,False,sl1.20,2858,-0.08530619258015291,-243.80509839407702,0.7249551783469669
RSI,i039,ETHUSDT,False,fee0.02,2967,-0.01867041267996612,-55.39511442145948,0.9285632269504291
RSI,i039,ETHUSDT,False,fee0.07,2967,-0.11866355798209982,-352.07477653289016,0.6488484796257473
RSI,i039,ETHUSDT,False,slip3,2967,-0.08006358073952341,-237.54864405416595,0.7401734194613301
RSI,i039,ETHUSDT,False,no_funding,2967,-0.07863049568194064,-233.29668068831788,0.7439474861726433
RSI,i039,ETHUSDT,True,baseline,1051,-0.08509168894211191,-89.43136507815963,0.8302873398362773
RSI,i039,ETHUSDT,True,tp0.80,1111,-0.11488935747336945,-127.64207615291345,0.7398460106433565
RSI,i039,ETHUSDT,True,tp1.80,1001,-0.0871922757652742,-87.27946804103948,0.8432464110999125
RSI,i039,ETHUSDT,True,sl0.50,1289,-0.09641076406487845,-124.27347487962832,0.7649095443978053
RSI,i039,ETHUSDT,True,sl1.20,929,-0.11227246989651768,-104.30112453386494,0.8096953151119256
RSI,i039,ETHUSDT,True,fee0.02,1051,-0.025096328354451965,-26.37624110052902,0.9461458416335895
RSI,i039,ETHUSDT,True,fee0.07,1051,-0.12508859600055192,-131.4681143965801,0.7618100884928783
RSI,i039,ETHUSDT,True,slip3,1051,-0.08649202115843793,-90.90311423751827,0.8277826719415874
RSI,i039,ETHUSDT,True,no_funding,1051,-0.08431555763859147,-88.61565107815963,0.8317456343256541
Stochastic,i040,ETHUSDT,False,baseline,9468,-0.10235917473530322,-969.136666393851,0.5969015882725252
Stochastic,i040,ETHUSDT,False,tp0.80,9978,-0.09779632525705566,-975.8117334149013,0.6080689255930877
Stochastic,i040,ETHUSDT,False,tp1.80,9157,-0.09936110410447407,-909.849630284669,0.602123328217436
Stochastic,i040,ETHUSDT,False,sl0.50,10136,-0.0970175122159153,-983.3695038205175,0.6059695756517913
Stochastic,i040,ETHUSDT,False,sl1.20,9201,-0.10521696951668807,-968.1013365230469,0.5907336091340665
Stochastic,i040,ETHUSDT,False,fee0.02,9468,-0.04235937809614467,-401.05859181429776,0.800915353475657
Stochastic,i040,ETHUSDT,False,fee0.07,9468,-0.14235903916140896,-1347.85538278022,0.496572069689146
Stochastic,i040,ETHUSDT,False,slip3,9468,-0.10376659364706697,-982.4621086504301,0.5929511134319322
Stochastic,i040,ETHUSDT,False,no_funding,9468,-0.10236246487049547,-969.1678173938511,0.5968762637745921
Stochastic,i040,ETHUSDT,True,baseline,2958,-0.11014358977693355,-325.8047385601694,0.7860367384080791
Stochastic,i040,ETHUSDT,True,tp0.80,3485,-0.10760781998427384,-375.0132526451943,0.755442401317101
Stochastic,i040,ETHUSDT,True,tp1.80,2534,-0.11806764717108438,-299.1834179315278,0.7919422395357439
Stochastic,i040,ETHUSDT,True,sl0.50,3778,-0.10872313975535859,-410.75602199574473,0.7381042929343293
Stochastic,i040,ETHUSDT,True,sl1.20,2430,-0.11558044002508831,-280.8604692609646,0.806034349775339
Stochastic,i040,ETHUSDT,True,fee0.02,2958,-0.05014534161886337,-148.32992050859787,0.8951981438565547
Stochastic,i040,ETHUSDT,True,fee0.07,2958,-0.1501424218823137,-444.12128392788384,0.7214912534240641
Stochastic,i040,ETHUSDT,True,slip3,2958,-0.11157138933909046,-330.0281696650296,0.7836273486284427
Stochastic,i040,ETHUSDT,True,no_funding,2958,-0.10956186192027362,-324.08398756016936,0.7870735811908534
Stochastic RSI,i041,ETHUSDT,False,baseline,6164,-0.11557519392697312,-712.4054953658623,0.6316069334387506
Stochastic RSI,i041,ETHUSDT,False,tp0.80,6561,-0.11388667356661714,-747.210465270575,0.6242264105610401
Stochastic RSI,i041,ETHUSDT,False,tp1.80,5893,-0.11155717838614188,-657.4064522295341,0.6432079447688296
Stochastic RSI,i041,ETHUSDT,False,sl0.50,6768,-0.09668594204914244,-654.370455788596,0.6618713449528925
Stochastic RSI,i041,ETHUSDT,False,sl1.20,5871,-0.11778094140503033,-691.4919069889331,0.6345043216842347
Stochastic RSI,i041,ETHUSDT,False,fee0.02,6164,-0.05557697822797631,-342.576493797246,0.7964714334854333
Stochastic RSI,i041,ETHUSDT,False,fee0.07,6164,-0.15557400439297098,-958.9581630782732,0.5451116123714596
Stochastic RSI,i041,ETHUSDT,False,slip3,6164,-0.116978525193188,-721.0556292908107,0.6282873273257638
Stochastic RSI,i041,ETHUSDT,False,no_funding,6164,-0.11561911621769344,-712.6762323658623,0.631506416843419
Stochastic RSI,i041,ETHUSDT,True,baseline,2348,-0.10285644434144564,-241.50693131371438,0.7993782228268027
Stochastic RSI,i041,ETHUSDT,True,tp0.80,2657,-0.11004224655766527,-292.3822491037166,0.751938306826636
Stochastic RSI,i041,ETHUSDT,True,tp1.80,2073,-0.11495578447929533,-238.30334122557923,0.7983531411200032
Stochastic RSI,i041,ETHUSDT,True,sl0.50,2874,-0.1071592959961024,-307.9758166927983,0.7420282043002236
Stochastic RSI,i041,ETHUSDT,True,sl1.20,1984,-0.09327611646537295,-185.05981506729995,0.8407108643915445
Stochastic RSI,i041,ETHUSDT,True,fee0.02,2348,-0.042855270436081505,-100.62417498391937,0.9101064674686927
Stochastic RSI,i041,ETHUSDT,True,fee0.07,2348,-0.14285722694502176,-335.42876886691107,0.7338964611688408
Stochastic RSI,i041,ETHUSDT,True,slip3,2348,-0.10427270486176629,-244.83231101542722,0.7969551562568099
Stochastic RSI,i041,ETHUSDT,True,no_funding,2348,-0.1021978140177659,-239.96046731371433,0.8005714568118336
Connors RSI,i042,ETHUSDT,False,baseline,11448,-0.10232354650443333,-1171.3999603827529,0.5502670102403656
Connors RSI,i042,ETHUSDT,False,tp0.80,11901,-0.09610605257344544,-1143.7581316765743,0.5651746632868678
Connors RSI,i042,ETHUSDT,False,tp1.80,11165,-0.10864458506082357,-1213.0167922040953,0.5256485625554908
Connors RSI,i042,ETHUSDT,False,sl0.50,12113,-0.09331016350150106,-1130.2660104936824,0.5833237936387989
Connors RSI,i042,ETHUSDT,False,sl1.20,11193,-0.10495544447767886,-1174.7662900386595,0.5372318378517091
Connors RSI,i042,ETHUSDT,False,fee0.02,11448,-0.04232333027345276,-484.5174849704872,0.7710493051180443
Connors RSI,i042,ETHUSDT,False,fee0.07,11448,-0.14232369065842035,-1629.3216106575962,0.44705365210264053
Connors RSI,i042,ETHUSDT,False,slip3,11448,-0.10373045414008651,-1187.5062389957102,0.5461390520104924
Connors RSI,i042,ETHUSDT,False,no_funding,11448,-0.10232925274133058,-1171.4652853827524,0.5502335075665995
Connors RSI,i042,ETHUSDT,True,baseline,3016,-0.09432029338322451,-284.47000484380516,0.8143897098532756
Connors RSI,i042,ETHUSDT,True,tp0.80,3647,-0.1021141284807871,-372.4102265694306,0.7670584764700112
Connors RSI,i042,ETHUSDT,True,tp1.80,2529,-0.10061905622294483,-254.46559318782747,0.82083438485059
Connors RSI,i042,ETHUSDT,True,sl0.50,3915,-0.09837322275189608,-385.13116707367317,0.7608824794865444
Connors RSI,i042,ETHUSDT,True,sl1.20,2442,-0.10665723334859578,-260.4569638372709,0.8198364304538409
Connors RSI,i042,ETHUSDT,True,fee0.02,3016,-0.03432327172975036,-103.51898753692707,0.9273474896000555
Connors RSI,i042,ETHUSDT,True,fee0.07,3016,-0.13431830781887402,-405.104016381724,0.7475769143995298
Connors RSI,i042,ETHUSDT,True,slip3,3016,-0.0957496241709517,-288.78086649959033,0.8118932617610406
Connors RSI,i042,ETHUSDT,True,no_funding,3016,-0.09376120021346324,-282.7837798438051,0.8154084626084311
Awesome Oscillator,i043,ETHUSDT,False,baseline,1454,-0.037804874201088884,-54.968287088383235,0.9107788228322937
Awesome Oscillator,i043,ETHUSDT,False,tp0.80,1500,-0.04639475013989151,-69.59212520983726,0.8729668501325671
Awesome Oscillator,i043,ETHUSDT,False,tp1.80,1414,-0.03125150008277832,-44.18962111704855,0.9322340681818735
Awesome Oscillator,i043,ETHUSDT,False,sl0.50,1612,-0.07241902555767221,-116.73946919896761,0.8084489053671926
Awesome Oscillator,i043,ETHUSDT,False,sl1.20,1320,-0.05989432218097117,-79.06050527888193,0.8720964473255417
Awesome Oscillator,i043,ETHUSDT,False,fee0.02,1454,0.022193908107103328,32.26994238772824,1.0572948701920535
Awesome Oscillator,i043,ETHUSDT,False,fee0.07,1454,-0.07780406240655036,-113.12710673912423,0.8264772035209238
Awesome Oscillator,i043,ETHUSDT,False,slip3,1454,-0.03920504619136846,-57.00413716224975,0.9076595389720368
Awesome Oscillator,i043,ETHUSDT,False,no_funding,1454,-0.03769916099613703,-54.81458008838324,0.911031549458934
Awesome Oscillator,i043,ETHUSDT,True,baseline,590,-0.07698091001372008,-45.41873690809485,0.8455866876102153
Awesome Oscillator,i043,ETHUSDT,True,tp0.80,597,-0.06304196336715193,-37.636052130189704,0.8483672590399262
Awesome Oscillator,i043,ETHUSDT,True,tp1.80,581,-0.041871285934220036,-24.32721712778184,0.9223963233481007
Awesome Oscillator,i043,ETHUSDT,True,sl0.50,628,-0.10113762496288925,-63.51442847669444,0.7563659950904855
Awesome Oscillator,i043,ETHUSDT,True,sl1.20,551,-0.0626781921894144,-34.53568389636733,0.8883555364555772
Awesome Oscillator,i043,ETHUSDT,True,fee0.02,590,-0.016981990023804287,-10.019374114044528,0.963358584264421
Awesome Oscillator,i043,ETHUSDT,True,fee0.07,590,-0.1169801900069973,-69.01831210412841,0.7759735607245194
Awesome Oscillator,i043,ETHUSDT,True,slip3,590,-0.07838424280455777,-46.24670325468909,0.8430338373149608
Awesome Oscillator,i043,ETHUSDT,True,no_funding,590,-0.07635906933575398,-45.05185090809485,0.8467326558229015
Accelerator Oscillator,i044,ETHUSDT,False,baseline,3405,-0.10934971041322837,-372.3357639570426,0.7115792651295638
Accelerator Oscillator,i044,ETHUSDT,False,tp0.80,3630,-0.10507262745431839,-381.4136376591757,0.6992052650121923
Accelerator Oscillator,i044,ETHUSDT,False,tp1.80,3220,-0.11016801826365467,-354.7410188089681,0.7183321251573345
Accelerator Oscillator,i044,ETHUSDT,False,sl0.50,3805,-0.1052323538655314,-400.4091064583469,0.6876815256313663
Accelerator Oscillator,i044,ETHUSDT,False,sl1.20,3157,-0.10557611303562625,-333.3037888534721,0.7346806469439403
Accelerator Oscillator,i044,ETHUSDT,False,fee0.02,3405,-0.04935064279361688,-168.03893871226546,0.8552653399987973
Accelerator Oscillator,i044,ETHUSDT,False,fee0.07,3405,-0.1493490888263027,-508.5336474535607,0.6316939326446669
Accelerator Oscillator,i044,ETHUSDT,False,slip3,3405,-0.11075579923167753,-377.123496383862,0.7085737718791925
Accelerator Oscillator,i044,ETHUSDT,False,no_funding,3405,-0.1093602760519949,-372.3717399570426,0.711576140573947
Accelerator Oscillator,i044,ETHUSDT,True,baseline,1436,-0.12370937971731419,-177.64666927406316,0.7631844395490983
Accelerator Oscillator,i044,ETHUSDT,True,tp0.80,1557,-0.11719156108746041,-182.46726061317585,0.7377401372398764
Accelerator Oscillator,i044,ETHUSDT,True,tp1.80,1346,-0.12032681589770658,-161.95989419831307,0.7898741894695122
Accelerator Oscillator,i044,ETHUSDT,True,sl0.50,1634,-0.11817257955851967,-193.09399499862116,0.7178380934952667
Accelerator Oscillator,i044,ETHUSDT,True,sl1.20,1278,-0.09967513779293102,-127.38482609936584,0.8308477708524823
Accelerator Oscillator,i044,ETHUSDT,True,fee0.02,1436,-0.0637203886657923,-91.50247812407774,0.8688817660894178
Accelerator Oscillator,i044,ETHUSDT,True,fee0.07,1436,-0.16370204041832878,-235.07613004072013,0.7005963832467903
Accelerator Oscillator,i044,ETHUSDT,True,slip3,1436,-0.1251157205704177,-179.6661747391198,0.7608859263805274
Accelerator Oscillator,i044,ETHUSDT,True,no_funding,1436,-0.12300379754461221,-176.63345327406313,0.7643542427448197
Momentum,i045,ETHUSDT,False,baseline,3934,-0.07338381856038581,-288.6919422165578,0.7590789017069753
Momentum,i045,ETHUSDT,False,tp0.80,4097,-0.08354689986846428,-342.29164876109814,0.7054447910868765
Momentum,i045,ETHUSDT,False,tp1.80,3779,-0.07376494080303202,-278.757711294658,0.767168851654996
Momentum,i045,ETHUSDT,False,sl0.50,4342,-0.08219068603231998,-356.8719587523334,0.7193494295857985
Momentum,i045,ETHUSDT,False,sl1.20,3723,-0.08180545260774386,-304.5617000586304,0.7352315365125358
Momentum,i045,ETHUSDT,False,fee0.02,3934,-0.013387641768070531,-52.66698271558947,0.9492183907836189
Momentum,i045,ETHUSDT,False,fee0.07,3934,-0.11338126975526269,-446.0419152172034,0.6596194874678656
Momentum,i045,ETHUSDT,False,slip3,3934,-0.07478951427544621,-294.2219491596054,0.7552528516293916
Momentum,i045,ETHUSDT,False,no_funding,3934,-0.07336747539820991,-288.62764821655776,0.759099880919197
Momentum,i045,ETHUSDT,True,baseline,1381,-0.08844031827484296,-122.13607953755812,0.8232317552535406
Momentum,i045,ETHUSDT,True,tp0.80,1526,-0.09876541543910959,-150.71602396008123,0.7722619228388509
Momentum,i045,ETHUSDT,True,tp1.80,1290,-0.0852447664059154,-109.96574866363088,0.8464784932077563
Momentum,i045,ETHUSDT,True,sl0.50,1647,-0.09674795732947475,-159.34388572164494,0.7648391702352182
Momentum,i045,ETHUSDT,True,sl1.20,1206,-0.09991145239091838,-120.49321158344756,0.8277023638661408
Momentum,i045,ETHUSDT,True,fee0.02,1381,-0.028442429567406145,-39.27899523258788,0.938800006472831
Momentum,i045,ETHUSDT,True,fee0.07,1381,-0.12843891074646754,-177.37413574087165,0.7549508306674937
Momentum,i045,ETHUSDT,True,slip3,1381,-0.08986471328005396,-124.10316903975453,0.8206881109136122
Momentum,i045,ETHUSDT,True,no_funding,1381,-0.08758379184471984,-120.9532165375581,0.8248144969120933
Chande Momentum Oscillator,i046,ETHUSDT,False,baseline,4148,-0.08312345558248671,-344.79609375615485,0.7297362283723025
Chande Momentum Oscillator,i046,ETHUSDT,False,tp0.80,4335,-0.0909016548846787,-394.05867392508213,0.6840403569454687
Chande Momentum Oscillator,i046,ETHUSDT,False,tp1.80,3982,-0.08258660694479843,-328.85986885418737,0.7404693091892431
Chande Momentum Oscillator,i046,ETHUSDT,False,sl0.50,4574,-0.09143110885140134,-418.2058918863097,0.6892394927050306
Chande Momentum Oscillator,i046,ETHUSDT,False,sl1.20,3921,-0.0982676701263867,-385.30753456556226,0.688117033458012
Chande Momentum Oscillator,i046,ETHUSDT,False,fee0.02,4148,-0.023126999297778044,-95.93079308718333,0.9132355686607599
Chande Momentum Oscillator,i046,ETHUSDT,False,fee0.07,4148,-0.12312109310562583,-510.70629420213595,0.6337358477494937
Chande Momentum Oscillator,i046,ETHUSDT,False,slip3,4148,-0.08453419509060216,-350.64784123581774,0.7260291420364513
Chande Momentum Oscillator,i046,ETHUSDT,False,no_funding,4148,-0.0831073673471926,-344.7293597561549,0.7297823277059377
Chande Momentum Oscillator,i046,ETHUSDT,True,baseline,1448,-0.09817700275450368,-142.16029998852133,0.8062416246538298
Chande Momentum Oscillator,i046,ETHUSDT,True,tp0.80,1579,-0.10543913010897032,-166.48838644206415,0.75947999904605
Chande Momentum Oscillator,i046,ETHUSDT,True,tp1.80,1339,-0.08938103767297195,-119.68120944410944,0.8405944955104504
Chande Momentum Oscillator,i046,ETHUSDT,True,sl0.50,1750,-0.10791640605660192,-188.85371059905336,0.739968013653869
Chande Momentum Oscillator,i046,ETHUSDT,True,sl1.20,1260,-0.08183686139084334,-103.11444535246261,0.8572615402735186
Chande Momentum Oscillator,i046,ETHUSDT,True,fee0.02,1448,-0.038181201908496484,-55.28638036350291,0.9189404286853716
Chande Momentum Oscillator,i046,ETHUSDT,True,fee0.07,1448,-0.1381742033185085,-200.0762464052003,0.739594508025557
Chande Momentum Oscillator,i046,ETHUSDT,True,slip3,1448,-0.09960142455069249,-144.2228627494027,0.8037611345422071
Chande Momentum Oscillator,i046,ETHUSDT,True,no_funding,1448,-0.09734651725726609,-140.95775698852128,0.8077183926849786
Price Oscillator,i047,ETHUSDT,False,baseline,1389,-0.04701943985779871,-65.31000196248242,0.893025938670886
Price Oscillator,i047,ETHUSDT,False,tp0.80,1425,-0.05485757774646966,-78.17204828871927,0.8548085063927848
Price Oscillator,i047,ETHUSDT,False,tp1.80,1345,-0.06413605604962289,-86.26299538674277,0.8682147726720442
Price Oscillator,i047,ETHUSDT,False,sl0.50,1552,-0.07936738320771522,-123.17817873837402,0.7957496612815775
Price Oscillator,i047,ETHUSDT,False,sl1.20,1256,-0.04243521290685313,-53.29862741100753,0.9090646396464589
Price Oscillator,i047,ETHUSDT,False,fee0.02,1389,0.012973808707208894,18.020620294313154,1.0322489269712378
Price Oscillator,i047,ETHUSDT,False,fee0.07,1389,-0.08701493890113711,-120.86375013367945,0.8126570323787605
Price Oscillator,i047,ETHUSDT,False,slip3,1389,-0.04842161285891391,-67.25762026103142,0.8900527151673269
Price Oscillator,i047,ETHUSDT,False,no_funding,1389,-0.04692449385347906,-65.17812196248242,0.8932315628616296
Price Oscillator,i047,ETHUSDT,True,baseline,541,-0.06451384911192558,-34.901992369551735,0.8691817941609608
Price Oscillator,i047,ETHUSDT,True,tp0.80,546,-0.08630832588454954,-47.12434593296405,0.7987632550025969
Price Oscillator,i047,ETHUSDT,True,tp1.80,534,-0.061782844868315284,-32.99203915968037,0.8869794547156418
Price Oscillator,i047,ETHUSDT,True,sl0.50,588,-0.07882454008240207,-46.348829568452416,0.8054555845372363
Price Oscillator,i047,ETHUSDT,True,sl1.20,495,-0.07506314317448602,-37.15625587137058,0.8681710208400146
Price Oscillator,i047,ETHUSDT,True,fee0.02,541,-0.004522738076088748,-2.446801299164013,0.990133192457333
Price Oscillator,i047,ETHUSDT,True,fee0.07,541,-0.1045079231358168,-56.538786416476896,0.7976653514277992
Price Oscillator,i047,ETHUSDT,True,slip3,541,-0.06591305244953183,-35.65896137519672,0.8665674295207042
Price Oscillator,i047,ETHUSDT,True,no_funding,541,-0.06386574929676844,-34.55137036955173,0.870406598827094
Detrended Price Oscillator,i048,ETHUSDT,False,baseline,2069,-0.07053139801536366,-145.92946249378744,0.8080348049346238
Detrended Price Oscillator,i048,ETHUSDT,False,tp0.80,2146,-0.07635321013580913,-163.8539889514464,0.7659879781667082
Detrended Price Oscillator,i048,ETHUSDT,False,tp1.80,1998,-0.06385632108619148,-127.58492953021059,0.8361089166943912
Detrended Price Oscillator,i048,ETHUSDT,False,sl0.50,2304,-0.07709060928726853,-177.6167637978667,0.7728846015721345
Detrended Price Oscillator,i048,ETHUSDT,False,sl1.20,1943,-0.07952870843832897,-154.5242804956732,0.7910403721119257
Detrended Price Oscillator,i048,ETHUSDT,False,fee0.02,2069,-0.01053678635133658,-21.800610960915385,0.9675600739966921
Detrended Price Oscillator,i048,ETHUSDT,False,fee0.07,2069,-0.11052780579138176,-228.68203018236883,0.7208577513892983
Detrended Price Oscillator,i048,ETHUSDT,False,slip3,2069,-0.07193173070874447,-148.8267508363923,0.8047490874165113
Detrended Price Oscillator,i048,ETHUSDT,False,no_funding,2069,-0.07045642411492868,-145.77434149378746,0.808256895101671
Detrended Price Oscillator,i048,ETHUSDT,True,baseline,760,-0.0779255182519192,-59.2233938714586,0.8431159331087943
Detrended Price Oscillator,i048,ETHUSDT,True,tp0.80,792,-0.131202664242496,-103.91251008005682,0.7081937811402224
Detrended Price Oscillator,i048,ETHUSDT,True,tp1.80,743,-0.07914338216705129,-58.803532950119106,0.8556018655454188
Detrended Price Oscillator,i048,ETHUSDT,True,sl0.50,909,-0.09303749005008524,-84.5710784555275,0.7732412856080307
Detrended Price Oscillator,i048,ETHUSDT,True,sl1.20,676,-0.10535209161189868,-71.2180139296435,0.8188651294232404
Detrended Price Oscillator,i048,ETHUSDT,True,fee0.02,760,-0.01791640257031157,-13.616465953436792,0.9611637200536323
Detrended Price Oscillator,i048,ETHUSDT,True,fee0.07,760,-0.117931595372991,-89.62801248347316,0.7734382491092896
Detrended Price Oscillator,i048,ETHUSDT,True,slip3,760,-0.07933071964089854,-60.29134692708289,0.8405586863953487
Detrended Price Oscillator,i048,ETHUSDT,True,no_funding,760,-0.0771875827256034,-58.66256287145859,0.8444929704954778
TRIX,i049,ETHUSDT,False,baseline,808,-0.0578163717673041,-46.71562838798171,0.8774421839171969
TRIX,i049,ETHUSDT,False,tp0.80,811,-0.0624724557030643,-50.665161575185145,0.8458089194605997
TRIX,i049,ETHUSDT,False,tp1.80,807,-0.0538862503008995,-43.4862039928259,0.8950258899754199
TRIX,i049,ETHUSDT,False,sl0.50,835,-0.07820415754547225,-65.30047155046933,0.8039487301504894
TRIX,i049,ETHUSDT,False,sl1.20,757,-0.050023671583014566,-37.867919388342024,0.9041388973475077
TRIX,i049,ETHUSDT,False,fee0.02,808,0.0021789660341193706,1.7606045555684513,1.0049869376603504
TRIX,i049,ETHUSDT,False,fee0.07,808,-0.09781326363491982,-79.03311701701521,0.8024936968787303
TRIX,i049,ETHUSDT,False,slip3,808,-0.059208915285769693,-47.84080355090191,0.8747040092644229
TRIX,i049,ETHUSDT,False,no_funding,808,-0.05762005493562093,-46.557004387981706,0.8778340353328107
TRIX,i049,ETHUSDT,True,baseline,329,-0.12473788237656032,-41.038763301888345,0.7576200997349917
TRIX,i049,ETHUSDT,True,tp0.80,330,-0.12365475120394666,-40.8060678973024,0.725171367385386
TRIX,i049,ETHUSDT,True,tp1.80,328,-0.11618248318517325,-38.10785448473683,0.7887202357541577
TRIX,i049,ETHUSDT,True,sl0.50,335,-0.1371751805924929,-45.953685498485115,0.6769329053984852
TRIX,i049,ETHUSDT,True,sl1.20,321,-0.12177845970308794,-39.09088556469123,0.7919565380802528
TRIX,i049,ETHUSDT,True,fee0.02,329,-0.06471720795534613,-21.29196141730888,0.8648376184782716
TRIX,i049,ETHUSDT,True,fee0.07,329,-0.16475166532403648,-54.203297891608,0.6942528242443053
TRIX,i049,ETHUSDT,True,slip3,329,-0.12613104231830238,-41.497112922721485,0.7553128363284428
TRIX,i049,ETHUSDT,True,no_funding,329,-0.12404577599358158,-40.81106030188834,0.7587932370154894
Fisher Transform,i050,ETHUSDT,False,baseline,5066,-0.09016792857137106,-456.7907261425658,0.7229277812956287
Fisher Transform,i050,ETHUSDT,False,tp0.80,5415,-0.09119643221461535,-493.8286804421422,0.705271655962587
Fisher Transform,i050,ETHUSDT,False,tp1.80,4808,-0.08272350998279568,-397.7346359972816,0.7462917815140089
Fisher Transform,i050,ETHUSDT,False,sl0.50,5624,-0.09035362623865871,-508.1487939662166,0.7009875739566064
Fisher Transform,i050,ETHUSDT,False,sl1.20,4752,-0.11359576193451294,-539.8070607128055,0.6683137084297195
Fisher Transform,i050,ETHUSDT,False,fee0.02,5066,-0.030167794104351962,-152.830044932647,0.8945681428005624
Fisher Transform,i050,ETHUSDT,False,fee0.07,5066,-0.1301680182160505,-659.4311802825118,0.6309861548037258
Fisher Transform,i050,ETHUSDT,False,slip3,5066,-0.09157871090785613,-463.9377494591992,0.7194120056552784
Fisher Transform,i050,ETHUSDT,False,no_funding,5066,-0.09019442284693363,-456.9249461425658,0.7228672893560268
Fisher Transform,i050,ETHUSDT,True,baseline,1988,-0.09835420061559777,-195.52815082380835,0.8066105468170552
Fisher Transform,i050,ETHUSDT,True,tp0.80,2228,-0.10031377981868557,-223.49910143603148,0.7703984635338611
Fisher Transform,i050,ETHUSDT,True,tp1.80,1796,-0.11742182626404611,-210.8895999702268,0.7941291829152818
Fisher Transform,i050,ETHUSDT,True,sl0.50,2369,-0.09454215688971944,-223.97036967174535,0.7697519912874712
Fisher Transform,i050,ETHUSDT,True,sl1.20,1711,-0.1047911237429913,-179.29761272425807,0.8204969539762198
Fisher Transform,i050,ETHUSDT,True,fee0.02,1988,-0.0383560282271015,-76.25178411547778,0.9189179791897722
Fisher Transform,i050,ETHUSDT,True,fee0.07,1988,-0.1383529822079286,-275.0457286293621,0.740144035559086
Fisher Transform,i050,ETHUSDT,True,slip3,1988,-0.09977217547664423,-198.3470848475687,0.8041481426313548
Fisher Transform,i050,ETHUSDT,True,no_funding,1988,-0.09762604266791165,-194.08057282380835,0.8079023201913538
Ultimate Oscillator,i051,ETHUSDT,False,baseline,4573,-0.10263437560580815,-469.3469996453606,0.6664427135144375
Ultimate Oscillator,i051,ETHUSDT,False,tp0.80,4799,-0.10351327102642367,-496.7601876558073,0.6428835032460072
Ultimate Oscillator,i051,ETHUSDT,False,tp1.80,4381,-0.11960803344713147,-524.002794531883,0.6218805921020444
Ultimate Oscillator,i051,ETHUSDT,False,sl0.50,4975,-0.09746026628261865,-484.8648247560278,0.6596103232372155
Ultimate Oscillator,i051,ETHUSDT,False,sl1.20,4368,-0.11679313173270067,-510.1523994084365,0.6343558831223091
Ultimate Oscillator,i051,ETHUSDT,False,fee0.02,4573,-0.042632112099084796,-194.95664862911477,0.8400580859449974
Ultimate Oscillator,i051,ETHUSDT,False,fee0.07,4573,-0.14263588461029036,-652.2739003228578,0.576144340640399
Ultimate Oscillator,i051,ETHUSDT,False,slip3,4573,-0.10405771610830158,-475.8559357632631,0.662922686176378
Ultimate Oscillator,i051,ETHUSDT,False,no_funding,4573,-0.10266326911116568,-469.4791296453607,0.6663635916691943
Ultimate Oscillator,i051,ETHUSDT,True,baseline,1693,-0.09972237642225128,-168.8299832828714,0.8039696058770777
Ultimate Oscillator,i051,ETHUSDT,True,tp0.80,1876,-0.10372774314718254,-194.59324614411443,0.7637711682551218
Ultimate Oscillator,i051,ETHUSDT,True,tp1.80,1537,-0.12152690388340656,-186.78685126879589,0.7868903501211434
Ultimate Oscillator,i051,ETHUSDT,True,sl0.50,2043,-0.10792823461998821,-220.49738332863592,0.7396832834841481
Ultimate Oscillator,i051,ETHUSDT,True,sl1.20,1470,-0.10866734833739349,-159.7410020559684,0.8164302902832663
Ultimate Oscillator,i051,ETHUSDT,True,fee0.02,1693,-0.039733478831965895,-67.26877966251827,0.9159856566827659
Ultimate Oscillator,i051,ETHUSDT,True,fee0.07,1693,-0.1397149748157749,-236.53745236310692,0.7377425540010798
Ultimate Oscillator,i051,ETHUSDT,True,slip3,1693,-0.10115372754508332,-171.25326073382604,0.8014911939857583
Ultimate Oscillator,i051,ETHUSDT,True,no_funding,1693,-0.09897372609738418,-167.5625182828714,0.8053096737451608
Williams %R,i052,ETHUSDT,False,baseline,3911,-0.10740324920597924,-420.0541076445848,0.6856612995464111
Williams %R,i052,ETHUSDT,False,tp0.80,4110,-0.1040230568085519,-427.53476348314837,0.6707768627793517
Williams %R,i052,ETHUSDT,False,tp1.80,3745,-0.10545473912085294,-394.9279980075942,0.6999810186182074
Williams %R,i052,ETHUSDT,False,sl0.50,4346,-0.10375121408983204,-450.90277643441004,0.6773644011226037
Williams %R,i052,ETHUSDT,False,sl1.20,3702,-0.11665224221325074,-431.84660067345425,0.6649243545353705
Williams %R,i052,ETHUSDT,False,fee0.02,3911,-0.047407707005850896,-185.41154209988284,0.8407551016092369
Williams %R,i052,ETHUSDT,False,fee0.07,3911,-0.14740027733939814,-576.4824846743861,0.6032875922160018
Williams %R,i052,ETHUSDT,False,slip3,3911,-0.10881466789299683,-425.5741661295106,0.6825014587061912
Williams %R,i052,ETHUSDT,False,no_funding,3911,-0.10747198533484655,-420.32293464458485,0.6854945659358779
Williams %R,i052,ETHUSDT,True,baseline,1407,-0.11357005853397785,-159.79307235730684,0.7811134625516137
Williams %R,i052,ETHUSDT,True,tp0.80,1523,-0.11752525548718955,-178.99096410698968,0.7373053545590125
Williams %R,i052,ETHUSDT,True,tp1.80,1324,-0.12102716053593464,-160.23996054957746,0.789235725869437
Williams %R,i052,ETHUSDT,True,sl0.50,1712,-0.11665154565724715,-199.70744616520716,0.721781277234859
Williams %R,i052,ETHUSDT,True,sl1.20,1206,-0.12914662448592504,-155.75082913002558,0.7877561313286173
Williams %R,i052,ETHUSDT,True,fee0.02,1407,-0.0535707250884074,-75.3740101993892,0.8890125750195046
Williams %R,i052,ETHUSDT,True,fee0.07,1407,-0.1535696141643582,-216.07244712925197,0.7172637895509938
Williams %R,i052,ETHUSDT,True,slip3,1407,-0.11499658605695297,-161.80019658213283,0.7787356971204509
Williams %R,i052,ETHUSDT,True,no_funding,1407,-0.1127970485837291,-158.70544735730684,0.7824613879481016
SMI Ergodic,i053,ETHUSDT,False,baseline,4080,-0.10118214747451348,-412.823161696015,0.7192209895028813
SMI Ergodic,i053,ETHUSDT,False,tp0.80,4357,-0.10377833712883147,-452.16221487031873,0.6939788400925376
SMI Ergodic,i053,ETHUSDT,False,tp1.80,3841,-0.10563586373797973,-405.74735261758013,0.7117407804755452
SMI Ergodic,i053,ETHUSDT,False,sl0.50,4526,-0.10414995251519106,-471.3826850837547,0.6848912522498076
SMI Ergodic,i053,ETHUSDT,False,sl1.20,3849,-0.11804685430821896,-454.3623422323347,0.6927714392830703
SMI Ergodic,i053,ETHUSDT,False,fee0.02,4080,-0.04118171613977723,-168.0214018502911,0.8709524863094842
SMI Ergodic,i053,ETHUSDT,False,fee0.07,4080,-0.14118243503100433,-576.0243349264977,0.6365261724146153
SMI Ergodic,i053,ETHUSDT,False,slip3,4080,-0.10258734387901913,-418.55636302639806,0.7160902567758254
SMI Ergodic,i053,ETHUSDT,False,no_funding,4080,-0.10121944404314093,-412.97533169601496,0.7191301067628042
SMI Ergodic,i053,ETHUSDT,True,baseline,1598,-0.11168868456138412,-178.47851792909185,0.7844025666845865
SMI Ergodic,i053,ETHUSDT,True,tp0.80,1728,-0.11720584393048418,-202.53169831187665,0.7387060712148008
SMI Ergodic,i053,ETHUSDT,True,tp1.80,1482,-0.11499912412562872,-170.42870195418178,0.7982619927584722
SMI Ergodic,i053,ETHUSDT,True,sl0.50,1922,-0.11796159811987184,-226.72219158639368,0.7188634277875801
SMI Ergodic,i053,ETHUSDT,True,sl1.20,1374,-0.0895287826682585,-123.0125473861872,0.8470025541703706
SMI Ergodic,i053,ETHUSDT,True,fee0.02,1598,-0.05168114550085899,-82.58647051037266,0.8927693437240014
SMI Ergodic,i053,ETHUSDT,True,fee0.07,1598,-0.15169371060173426,-242.40654954157134,0.7202088961333241
SMI Ergodic,i053,ETHUSDT,True,slip3,1598,-0.11310434935304525,-180.74075026616634,0.7820306371218526
SMI Ergodic,i053,ETHUSDT,True,no_funding,1598,-0.11087786353510126,-177.1828259290918,0.785807366974363
Relative Vigor Index,i054,ETHUSDT,False,baseline,4805,-0.09172907271263313,-440.75819438420217,0.7245896651522306
Relative Vigor Index,i054,ETHUSDT,False,tp0.80,5110,-0.09692413372423603,-495.2823233308461,0.6929054653770812
Relative Vigor Index,i054,ETHUSDT,False,tp1.80,4548,-0.08682409060434106,-394.8759640685431,0.7395015386002685
Relative Vigor Index,i054,ETHUSDT,False,sl0.50,5303,-0.09226959519728946,-489.305663331226,0.695782790325884
Relative Vigor Index,i054,ETHUSDT,False,sl1.20,4500,-0.09797882085651793,-440.90469385433073,0.7150872405850147
Relative Vigor Index,i054,ETHUSDT,False,fee0.02,4805,-0.031729718657564306,-152.46129814959647,0.8926011876030515
Relative Vigor Index,i054,ETHUSDT,False,fee0.07,4805,-0.13172864208267904,-632.9561252072727,0.6333555768805458
Relative Vigor Index,i054,ETHUSDT,False,slip3,4805,-0.09314321866210579,-447.5531656714183,0.7211087601780269
Relative Vigor Index,i054,ETHUSDT,False,no_funding,4805,-0.09174734180732615,-440.8459773842021,0.7245313692384996
Relative Vigor Index,i054,ETHUSDT,True,baseline,1897,-0.10249522174463112,-194.4334356495652,0.7993537628646166
Relative Vigor Index,i054,ETHUSDT,True,tp0.80,2112,-0.10541565055216841,-222.63785396617965,0.7603092171178185
Relative Vigor Index,i054,ETHUSDT,True,tp1.80,1734,-0.11147715474096001,-193.30138632082466,0.8033770349053586
Relative Vigor Index,i054,ETHUSDT,True,sl0.50,2237,-0.11348047993387277,-253.8558336120734,0.7281024533642345
Relative Vigor Index,i054,ETHUSDT,True,sl1.20,1637,-0.09780451216558914,-160.10598641506942,0.8325422355382138
Relative Vigor Index,i054,ETHUSDT,True,fee0.02,1897,-0.04249906691788395,-80.62072994322587,0.9104958140985303
Relative Vigor Index,i054,ETHUSDT,True,fee0.07,1897,-0.14249265829579588,-270.3085727871248,0.7336449732347896
Relative Vigor Index,i054,ETHUSDT,True,slip3,1897,-0.10391348717190892,-197.1238851651112,0.796920666406049
Relative Vigor Index,i054,ETHUSDT,True,no_funding,1897,-0.10180301668400907,-193.1203226495652,0.8005650966190643
True Strength Index,i055,ETHUSDT,False,baseline,2139,-0.09310155861275171,-199.14423387267593,0.7887987885005823
True Strength Index,i055,ETHUSDT,False,tp0.80,2261,-0.1001762547691932,-226.49851203314583,0.7459764935705947
True Strength Index,i055,ETHUSDT,False,tp1.80,2015,-0.10265330091018,-206.84640133401274,0.7824937131888156
True Strength Index,i055,ETHUSDT,False,sl0.50,2391,-0.10809241682980808,-258.4489686400711,0.7192935430407454
True Strength Index,i055,ETHUSDT,False,sl1.20,1985,-0.11315640610232922,-224.6154661131235,0.7700192612484397
True Strength Index,i055,ETHUSDT,False,fee0.02,2139,-0.03309792792884342,-70.79646783979608,0.9176744843603186
True Strength Index,i055,ETHUSDT,False,fee0.07,2139,-0.1331039790686906,-284.7094112279292,0.7149277019027164
True Strength Index,i055,ETHUSDT,False,slip3,2139,-0.09450273745731301,-202.14135542119251,0.7860584018208489
True Strength Index,i055,ETHUSDT,False,no_funding,2139,-0.09311721779928749,-199.17772887267594,0.7887704765027205
True Strength Index,i055,ETHUSDT,True,baseline,846,-0.09183946041746757,-77.69618351317757,0.8175299049402732
True Strength Index,i055,ETHUSDT,True,tp0.80,875,-0.11169408955010618,-97.73232835634292,0.7476440131041825
True Strength Index,i055,ETHUSDT,True,tp1.80,820,-0.10785963793843546,-88.44490310951709,0.807574117110371
True Strength Index,i055,ETHUSDT,True,sl0.50,937,-0.10597936624048357,-99.3026661673331,0.7442425615560857
True Strength Index,i055,ETHUSDT,True,sl1.20,774,-0.10618641681936591,-82.18828661818921,0.8199861789345781
True Strength Index,i055,ETHUSDT,True,fee0.02,846,-0.031836812097704406,-26.933943034657926,0.9319464934664904
True Strength Index,i055,ETHUSDT,True,fee0.07,846,-0.1318412259639764,-111.53767716552403,0.7499059112773037
True Strength Index,i055,ETHUSDT,True,slip3,846,-0.09323303840535736,-78.87515049093233,0.8150672425851255
True Strength Index,i055,ETHUSDT,True,no_funding,846,-0.09096601715505623,-76.95725051317757,0.8191058161377386
Coppock Curve,i056,ETHUSDT,False,baseline,1697,-0.07479028574159091,-126.91911490347978,0.831921454716626
Coppock Curve,i056,ETHUSDT,False,tp0.80,1776,-0.07493653655541233,-133.0872889224123,0.8070233337734237
Coppock Curve,i056,ETHUSDT,False,tp1.80,1625,-0.08483142485230143,-137.85106538498982,0.8239391341466394
Coppock Curve,i056,ETHUSDT,False,sl0.50,1877,-0.08658070295025581,-162.51197943763017,0.7742175362426441
Coppock Curve,i056,ETHUSDT,False,sl1.20,1547,-0.0665687610490202,-102.98187334283423,0.8614838793913049
Coppock Curve,i056,ETHUSDT,False,fee0.02,1697,-0.014798787329863434,-25.113542098778247,0.9636909788042896
Coppock Curve,i056,ETHUSDT,False,fee0.07,1697,-0.11478461801607592,-194.78949677328083,0.755949160824879
Coppock Curve,i056,ETHUSDT,False,slip3,1697,-0.07620329431964241,-129.31699046043317,0.8290867278896238
Coppock Curve,i056,ETHUSDT,False,no_funding,1697,-0.07464506122774296,-126.67266890347979,0.8322260241548897
Coppock Curve,i056,ETHUSDT,True,baseline,708,-0.08796251043721169,-62.27745738954587,0.8252918404647503
Coppock Curve,i056,ETHUSDT,True,tp0.80,722,-0.09863856524365613,-71.21704410591974,0.7732182330437016
Coppock Curve,i056,ETHUSDT,True,tp1.80,697,-0.10865625705929124,-75.733411170326,0.8059823564731207
Coppock Curve,i056,ETHUSDT,True,sl0.50,749,-0.08177922813616875,-61.2526418739904,0.7981636914418482
Coppock Curve,i056,ETHUSDT,True,sl1.20,666,-0.09807548052693292,-65.31827003093733,0.8321776182084271
Coppock Curve,i056,ETHUSDT,True,fee0.02,708,-0.027965811522322696,-19.799794557804468,0.9402167673332382
Coppock Curve,i056,ETHUSDT,True,fee0.07,708,-0.12796030971380437,-90.5958992773735,0.7573621189510036
Coppock Curve,i056,ETHUSDT,True,slip3,708,-0.0893692992786857,-63.27346388930947,0.8227949909271182
Coppock Curve,i056,ETHUSDT,True,no_funding,708,-0.08688119122817213,-61.51188338954587,0.827248322468199
Rate of Change,i057,ETHUSDT,False,baseline,4148,-0.08312345558248671,-344.79609375615485,0.7297362283723025
Rate of Change,i057,ETHUSDT,False,tp0.80,4335,-0.0909016548846787,-394.05867392508213,0.6840403569454687
Rate of Change,i057,ETHUSDT,False,tp1.80,3982,-0.08258660694479843,-328.85986885418737,0.7404693091892431
Rate of Change,i057,ETHUSDT,False,sl0.50,4574,-0.09143110885140134,-418.2058918863097,0.6892394927050306
Rate of Change,i057,ETHUSDT,False,sl1.20,3921,-0.0982676701263867,-385.30753456556226,0.688117033458012
Rate of Change,i057,ETHUSDT,False,fee0.02,4148,-0.023126999297778044,-95.93079308718333,0.9132355686607599
Rate of Change,i057,ETHUSDT,False,fee0.07,4148,-0.12312109310562583,-510.70629420213595,0.6337358477494937
Rate of Change,i057,ETHUSDT,False,slip3,4148,-0.08453419509060216,-350.64784123581774,0.7260291420364513
Rate of Change,i057,ETHUSDT,False,no_funding,4148,-0.0831073673471926,-344.7293597561549,0.7297823277059377
Rate of Change,i057,ETHUSDT,True,baseline,1448,-0.09817700275450368,-142.16029998852133,0.8062416246538298
Rate of Change,i057,ETHUSDT,True,tp0.80,1579,-0.10543913010897032,-166.48838644206415,0.75947999904605
Rate of Change,i057,ETHUSDT,True,tp1.80,1339,-0.08938103767297195,-119.68120944410944,0.8405944955104504
Rate of Change,i057,ETHUSDT,True,sl0.50,1750,-0.10791640605660192,-188.85371059905336,0.739968013653869
Rate of Change,i057,ETHUSDT,True,sl1.20,1260,-0.08183686139084334,-103.11444535246261,0.8572615402735186
Rate of Change,i057,ETHUSDT,True,fee0.02,1448,-0.038181201908496484,-55.28638036350291,0.9189404286853716
Rate of Change,i057,ETHUSDT,True,fee0.07,1448,-0.1381742033185085,-200.0762464052003,0.739594508025557
Rate of Change,i057,ETHUSDT,True,slip3,1448,-0.09960142455069249,-144.2228627494027,0.8037611345422071
Rate of Change,i057,ETHUSDT,True,no_funding,1448,-0.09734651725726609,-140.95775698852128,0.8077183926849786
Klinger Oscillator,i058,ETHUSDT,False,baseline,4069,-0.10739901352190281,-437.0065860206226,0.6912264421856321
Klinger Oscillator,i058,ETHUSDT,False,tp0.80,4288,-0.1088074869088724,-466.5665038652449,0.6640256318556118
Klinger Oscillator,i058,ETHUSDT,False,tp1.80,3885,-0.10321811777294242,-401.00238754788126,0.7092653838495108
Klinger Oscillator,i058,ETHUSDT,False,sl0.50,4472,-0.10631445591815326,-475.43824686598145,0.6637621516632007
Klinger Oscillator,i058,ETHUSDT,False,sl1.20,3851,-0.11534353244037078,-444.1879434278679,0.6864042193774409
Klinger Oscillator,i058,ETHUSDT,False,fee0.02,4069,-0.047402529048662545,-192.88089069900792,0.8452920563946713
Klinger Oscillator,i058,ETHUSDT,False,fee0.07,4069,-0.14739666983739635,-599.7570495683657,0.6082670729097386
Klinger Oscillator,i058,ETHUSDT,False,slip3,4069,-0.10880533817483298,-442.7289210333954,0.6880675359616948
Klinger Oscillator,i058,ETHUSDT,False,no_funding,4069,-0.10742968764330856,-437.13139902062255,0.6911489420737026
Klinger Oscillator,i058,ETHUSDT,True,baseline,1566,-0.10841507733556768,-169.77801110749903,0.7904192077853806
Klinger Oscillator,i058,ETHUSDT,True,tp0.80,1715,-0.10969748703033173,-188.13119025701894,0.7531165776275711
Klinger Oscillator,i058,ETHUSDT,True,tp1.80,1451,-0.10116285387691332,-146.7873009754012,0.8228006095360186
Klinger Oscillator,i058,ETHUSDT,True,sl0.50,1868,-0.12172092081269281,-227.3746800781102,0.710805106852501
Klinger Oscillator,i058,ETHUSDT,True,sl1.20,1364,-0.10835200328959667,-147.79213248700987,0.8178870373407343
Klinger Oscillator,i058,ETHUSDT,True,fee0.02,1566,-0.0484195667170508,-75.82504147890154,0.8993770950667205
Klinger Oscillator,i058,ETHUSDT,True,fee0.07,1566,-0.148412084414579,-232.41332419323072,0.7259103002743711
Klinger Oscillator,i058,ETHUSDT,True,slip3,1566,-0.10982749891927734,-171.98986330758834,0.7880383893417668
Klinger Oscillator,i058,ETHUSDT,True,no_funding,1566,-0.10773600262292402,-168.71458010749902,0.7915856781153618
Bollinger Bands,i059,ETHUSDT,False,baseline,1858,-0.06129982023054253,-113.89506598834802,0.87569006749923
Bollinger Bands,i059,ETHUSDT,False,tp0.80,2059,-0.08702765439026466,-179.18994038955495,0.7979007118976996
Bollinger Bands,i059,ETHUSDT,False,tp1.80,1715,-0.09096885403088655,-156.01158466297042,0.8367748727958386
Bollinger Bands,i059,ETHUSDT,False,sl0.50,2054,-0.08522318635021252,-175.0484247633365,0.7913884289581771
Bollinger Bands,i059,ETHUSDT,False,sl1.20,1712,-0.06627315310785704,-113.45963812065128,0.8835645211219169
Bollinger Bands,i059,ETHUSDT,False,fee0.02,1858,-0.0013043806689029477,-2.4235392828216766,0.9971524204908091
Bollinger Bands,i059,ETHUSDT,False,fee0.07,1858,-0.10129677993830227,-188.2094171253656,0.8039058295186712
Bollinger Bands,i059,ETHUSDT,False,slip3,1858,-0.06271483653603263,-116.52416628394863,0.8730316626093947
Bollinger Bands,i059,ETHUSDT,False,no_funding,1858,-0.06102018675368569,-113.37550698834802,0.87621279786659
Bollinger Bands,i059,ETHUSDT,True,baseline,908,-0.10892488395549205,-98.90379463158678,0.7917058802620053
Bollinger Bands,i059,ETHUSDT,True,tp0.80,989,-0.12283946026283689,-121.48822619994569,0.7297217833633536
Bollinger Bands,i059,ETHUSDT,True,tp1.80,847,-0.13124499381288743,-111.16450975951567,0.7766203516496474
Bollinger Bands,i059,ETHUSDT,True,sl0.50,992,-0.11480070744710699,-113.88230178753014,0.7282277381785907
Bollinger Bands,i059,ETHUSDT,True,sl1.20,849,-0.09602591762103777,-81.52600406026106,0.8404171457350071
Bollinger Bands,i059,ETHUSDT,True,fee0.02,908,-0.04893733566925857,-44.435100787686785,0.8994797827581803
Bollinger Bands,i059,ETHUSDT,True,fee0.07,908,-0.14891658281298106,-135.2162571941868,0.7277966790447884
Bollinger Bands,i059,ETHUSDT,True,slip3,908,-0.11033975393888072,-100.18849657650368,0.7893401734755109
Bollinger Bands,i059,ETHUSDT,True,no_funding,908,-0.10828482118016164,-98.32261763158677,0.792793372384533
BB %B,i060,ETHUSDT,False,baseline,3257,-0.09543542825993472,-310.8331898426074,0.7143385292108155
BB %B,i060,ETHUSDT,False,tp0.80,3412,-0.08781347955545943,-299.61959224322754,0.7102642440196943
BB %B,i060,ETHUSDT,False,tp1.80,3130,-0.09900617686972397,-309.88933360223604,0.7177230363905579
BB %B,i060,ETHUSDT,False,sl0.50,3598,-0.1029188294995301,-370.30194853930936,0.6782869389514085
BB %B,i060,ETHUSDT,False,sl1.20,3098,-0.1035082239639746,-320.66847784039334,0.6942651717976811
BB %B,i060,ETHUSDT,False,fee0.02,3257,-0.03543654623841068,-115.41683109850358,0.8774047977798636
BB %B,i060,ETHUSDT,False,fee0.07,3257,-0.13543468294095073,-441.1107623386766,0.6283246251149858
BB %B,i060,ETHUSDT,False,slip3,3257,-0.09683997538968928,-315.40779984421795,0.7110477447237276
BB %B,i060,ETHUSDT,False,no_funding,3257,-0.09544646633177997,-310.86914084260735,0.7143263438150953
BB %B,i060,ETHUSDT,True,baseline,1148,-0.1178628874930354,-135.30659484200464,0.7717262646075614
BB %B,i060,ETHUSDT,True,tp0.80,1227,-0.11663887644474545,-143.11590139770266,0.7373966152337657
BB %B,i060,ETHUSDT,True,tp1.80,1091,-0.1301594582462718,-142.00396894668253,0.7719334270130161
BB %B,i060,ETHUSDT,True,sl0.50,1399,-0.11935481720452652,-166.9773892691326,0.7154950296027217
BB %B,i060,ETHUSDT,True,sl1.20,999,-0.14149647543856206,-141.35497896312347,0.7674886296144712
BB %B,i060,ETHUSDT,True,fee0.02,1148,-0.057866827482705864,-66.43111795014633,0.8793958532909791
BB %B,i060,ETHUSDT,True,fee0.07,1148,-0.15786026083325513,-181.2235794365769,0.7080999757787801
BB %B,i060,ETHUSDT,True,slip3,1148,-0.11927468656203258,-136.9273401732134,0.7693798736175744
BB %B,i060,ETHUSDT,True,no_funding,1148,-0.11715105735366257,-134.48941384200464,0.7729857374982855
Standard Error Bands,i061,ETHUSDT,False,baseline,2376,-0.08100771276171378,-192.47432552183196,0.8280637110251616
Standard Error Bands,i061,ETHUSDT,False,tp0.80,2624,-0.09918793520412869,-260.2691419756337,0.7632181227951746
Standard Error Bands,i061,ETHUSDT,False,tp1.80,2173,-0.08772231861341737,-190.62059834695594,0.8283989251577537
Standard Error Bands,i061,ETHUSDT,False,sl0.50,2652,-0.08758766417467274,-232.28248539123211,0.7768768094784625
Standard Error Bands,i061,ETHUSDT,False,sl1.20,2155,-0.09135303871775598,-196.86579843676415,0.8273764446024281
Standard Error Bands,i061,ETHUSDT,False,fee0.02,2376,-0.0210108464514329,-49.92177116860457,0.9516168597187631
Standard Error Bands,i061,ETHUSDT,False,fee0.07,2376,-0.12100562363523439,-287.5093617573169,0.7560298157338718
Standard Error Bands,i061,ETHUSDT,False,slip3,2376,-0.08242089020739901,-195.83203513278008,0.8253854547427131
Standard Error Bands,i061,ETHUSDT,False,no_funding,2376,-0.08087648548898653,-192.162529521832,0.8283073491000775
Standard Error Bands,i061,ETHUSDT,True,baseline,1045,-0.10820642460839913,-113.0757137157771,0.7921206514626407
Standard Error Bands,i061,ETHUSDT,True,tp0.80,1127,-0.11953443573387659,-134.71530907207892,0.7345152474255897
Standard Error Bands,i061,ETHUSDT,True,tp1.80,976,-0.13409926484413295,-130.88088248787378,0.7703061318775706
Standard Error Bands,i061,ETHUSDT,True,sl0.50,1124,-0.09607415882477766,-107.98735451905009,0.7682781743653037
Standard Error Bands,i061,ETHUSDT,True,sl1.20,981,-0.1094826018494551,-107.40243241431546,0.8185029272364103
Standard Error Bands,i061,ETHUSDT,True,fee0.02,1045,-0.04821352512401864,-50.383133754599484,0.9004874135079085
Standard Error Bands,i061,ETHUSDT,True,fee0.07,1045,-0.1482016909313195,-154.87076702322886,0.7278800955532281
Standard Error Bands,i061,ETHUSDT,True,slip3,1045,-0.10961302537911825,-114.54561152117857,0.7897578698588449
Standard Error Bands,i061,ETHUSDT,True,no_funding,1045,-0.10751392412993024,-112.35205071577712,0.793289145855971
Envelopes,i062,ETHUSDT,False,baseline,3,-0.900802204021515,-2.702406612064545,0.0
Envelopes,i062,ETHUSDT,False,tp0.80,3,-0.900802204021515,-2.702406612064545,0.0
Envelopes,i062,ETHUSDT,False,tp1.80,3,-0.900802204021515,-2.702406612064545,0.0
Envelopes,i062,ETHUSDT,False,sl0.50,3,-0.6008522040215072,-1.8025566120645216,0.0
Envelopes,i062,ETHUSDT,False,sl1.20,3,-1.3007355373548488,-3.902206612064546,0.0
Envelopes,i062,ETHUSDT,False,fee0.02,3,-0.8408822040215149,-2.5226466120645448,0.0
Envelopes,i062,ETHUSDT,False,fee0.07,3,-0.9407488706881816,-2.8222466120645446,0.0
Envelopes,i062,ETHUSDT,False,slip3,3,-0.90267327873121,-2.70801983619363,0.0
Envelopes,i062,ETHUSDT,False,no_funding,3,-0.900802204021515,-2.702406612064545,0.0
Envelopes,i062,ETHUSDT,True,baseline,1,-0.9012012820512828,-0.9012012820512828,0.0
Envelopes,i062,ETHUSDT,True,tp0.80,1,-0.9012012820512828,-0.9012012820512828,0.0
Envelopes,i062,ETHUSDT,True,tp1.80,1,-0.9012012820512828,-0.9012012820512828,0.0
Envelopes,i062,ETHUSDT,True,sl0.50,1,-0.6010512820512715,-0.6010512820512715,0.0
Envelopes,i062,ETHUSDT,True,sl1.20,1,-1.3014012820512832,-1.3014012820512832,0.0
Envelopes,i062,ETHUSDT,True,fee0.02,1,-0.8409612820512828,-0.8409612820512828,0.0
Envelopes,i062,ETHUSDT,True,fee0.07,1,-0.9413612820512828,-0.9413612820512828,0.0
Envelopes,i062,ETHUSDT,True,slip3,1,-0.9028038461538468,-0.9028038461538468,0.0
Envelopes,i062,ETHUSDT,True,no_funding,1,-0.9012012820512828,-0.9012012820512828,0.0
Net Volume,i074,ETHUSDT,False,baseline,3312,-0.09239052254793673,-305.9974106787664,0.7185896301048315
Net Volume,i074,ETHUSDT,False,tp0.80,3472,-0.09543516764574335,-331.35090206602086,0.6871604946256787
Net Volume,i074,ETHUSDT,False,tp1.80,3191,-0.10572436117037033,-337.36643649465174,0.6952042445527791
Net Volume,i074,ETHUSDT,False,sl0.50,3686,-0.08999654201487778,-331.72725386683953,0.7049430961852352
Net Volume,i074,ETHUSDT,False,sl1.20,3126,-0.10219148898059037,-319.45059455332546,0.7012067591384467
Net Volume,i074,ETHUSDT,False,fee0.02,3312,-0.03238776638475179,-107.26828226629792,0.8876025607695144
Net Volume,i074,ETHUSDT,False,fee0.07,3312,-0.13239235999006,-438.4834962870787,0.6282512039507311
Net Volume,i074,ETHUSDT,False,slip3,3312,-0.09378551897142061,-310.61763883334504,0.7151661391425386
Net Volume,i074,ETHUSDT,False,no_funding,3312,-0.09227760467354057,-305.6234266787664,0.7188788751297926
Net Volume,i074,ETHUSDT,True,baseline,1267,-0.10279576758044034,-130.24223752441793,0.797117257353157
Net Volume,i074,ETHUSDT,True,tp0.80,1408,-0.11067254291201982,-155.82694042012392,0.7492459980439127
Net Volume,i074,ETHUSDT,True,tp1.80,1183,-0.11602670150615904,-137.25958788178613,0.7942558767190421
Net Volume,i074,ETHUSDT,True,sl0.50,1478,-0.1006450920198893,-148.7534460053964,0.7550540342847936
Net Volume,i074,ETHUSDT,True,sl1.20,1137,-0.11600027536542418,-131.89231309048728,0.8046498138692535
Net Volume,i074,ETHUSDT,True,fee0.02,1267,-0.04279328842368736,-54.21909643281189,0.9090582121856288
Net Volume,i074,ETHUSDT,True,fee0.07,1267,-0.14279742035160906,-180.92433158548866,0.7310132675077227
Net Volume,i074,ETHUSDT,True,slip3,1267,-0.10420055101333034,-132.02209813388953,0.7946873981005489
Net Volume,i074,ETHUSDT,True,no_funding,1267,-0.10179211564673869,-128.97061052441794,0.7988806966464882
OBV,i075,ETHUSDT,False,baseline,3523,-0.0912236908033125,-321.3810627000699,0.7041716735324004
OBV,i075,ETHUSDT,False,tp0.80,3677,-0.09489251944838657,-348.91979401171744,0.6693114272229129
OBV,i075,ETHUSDT,False,tp1.80,3387,-0.10957325145451323,-371.1246026764363,0.6613082515621619
OBV,i075,ETHUSDT,False,sl0.50,3847,-0.09493801657725426,-365.2265497726971,0.6785118208239035
OBV,i075,ETHUSDT,False,sl1.20,3357,-0.0966743669944145,-324.5358500002495,0.6882457875093313
OBV,i075,ETHUSDT,False,fee0.02,3523,-0.031225733471014403,-110.00825901838374,0.881773650368851
OBV,i075,ETHUSDT,False,fee0.07,3523,-0.13122232902484451,-462.2962651545272,0.6123672089308908
OBV,i075,ETHUSDT,False,slip3,3523,-0.09261700251246821,-326.2896998514255,0.7006608941192691
OBV,i075,ETHUSDT,False,no_funding,3523,-0.09112183698554353,-321.0222317000698,0.7044239032394397
OBV,i075,ETHUSDT,True,baseline,1243,-0.10994090547630146,-136.65654550704272,0.7872071218928146
OBV,i075,ETHUSDT,True,tp0.80,1355,-0.11229743884130988,-152.1630296299749,0.7462536055301385
OBV,i075,ETHUSDT,True,tp1.80,1176,-0.13402676981065564,-157.61548129733103,0.7675245997914357
OBV,i075,ETHUSDT,True,sl0.50,1511,-0.1031634022616952,-155.87990081742143,0.7511150988091944
OBV,i075,ETHUSDT,True,sl1.20,1077,-0.09814390361087028,-105.7009841889073,0.8331320874564075
OBV,i075,ETHUSDT,True,fee0.02,1243,-0.04994785010591168,-62.08517768164822,0.8960294615273053
OBV,i075,ETHUSDT,True,fee0.07,1243,-0.14993627572322799,-186.3707907239724,0.7228109664363953
OBV,i075,ETHUSDT,True,slip3,1243,-0.11134337617294315,-138.39981658296833,0.7848474420341084
OBV,i075,ETHUSDT,True,no_funding,1243,-0.10902741070558544,-135.5210715070427,0.7887831926273959
Accumulation/Distribution,i076,ETHUSDT,False,baseline,3849,-0.10377913172100776,-399.4458779941589,0.6694433983848314
Accumulation/Distribution,i076,ETHUSDT,False,tp0.80,4049,-0.10829109263720603,-438.4706340880472,0.6381817433699548
Accumulation/Distribution,i076,ETHUSDT,False,tp1.80,3699,-0.1064678803109626,-393.8246892702507,0.6683568998467038
Accumulation/Distribution,i076,ETHUSDT,False,sl0.50,4179,-0.09690694732672907,-404.9741328784008,0.666424115381296
Accumulation/Distribution,i076,ETHUSDT,False,sl1.20,3702,-0.11813175177268345,-437.32374506247413,0.6425879782043447
Accumulation/Distribution,i076,ETHUSDT,False,fee0.02,3849,-0.043779268221517384,-168.50640338462043,0.8386733766617173
Accumulation/Distribution,i076,ETHUSDT,False,fee0.07,3849,-0.143779040720668,-553.405527733851,0.5813360630410909
Accumulation/Distribution,i076,ETHUSDT,False,slip3,3849,-0.10520144637601113,-404.9203671012668,0.6660111529516942
Accumulation/Distribution,i076,ETHUSDT,False,no_funding,3849,-0.10383281475556218,-399.65250399415885,0.6693218501417801
Accumulation/Distribution,i076,ETHUSDT,True,baseline,1484,-0.11846025908655154,-175.79502448444248,0.7696137553767644
Accumulation/Distribution,i076,ETHUSDT,True,tp0.80,1624,-0.11772705721224065,-191.1887409126788,0.7350035747121626
Accumulation/Distribution,i076,ETHUSDT,True,tp1.80,1359,-0.13367712187528832,-181.66720862851685,0.7670150931716945
Accumulation/Distribution,i076,ETHUSDT,True,sl0.50,1770,-0.10992093776414212,-194.5600598425316,0.7344743284181039
Accumulation/Distribution,i076,ETHUSDT,True,sl1.20,1290,-0.1296998842182361,-167.3128506415246,0.7829104955762143
Accumulation/Distribution,i076,ETHUSDT,True,fee0.02,1484,-0.05846605381186438,-86.76362385680675,0.8776474927398525
Accumulation/Distribution,i076,ETHUSDT,True,fee0.07,1484,-0.15845639593634303,-235.14929156953306,0.705805022977919
Accumulation/Distribution,i076,ETHUSDT,True,slip3,1484,-0.11987860193026674,-177.89984526451582,0.7672449647942496
Accumulation/Distribution,i076,ETHUSDT,True,no_funding,1484,-0.11775220719975907,-174.74427548444248,0.7708539011728526
MFI,i077,ETHUSDT,False,baseline,2795,-0.10351345186880437,-289.32009797330824,0.7120590561653113
MFI,i077,ETHUSDT,False,tp0.80,2902,-0.10898668376919535,-316.2793562982049,0.668535098271249
MFI,i077,ETHUSDT,False,tp1.80,2690,-0.09703070431153742,-261.0125945980356,0.7419284289510122
MFI,i077,ETHUSDT,False,sl0.50,3112,-0.10047123170358105,-312.66647306154425,0.6898364600314745
MFI,i077,ETHUSDT,False,sl1.20,2594,-0.08726160109791495,-226.35659324799136,0.7573878117317615
MFI,i077,ETHUSDT,False,fee0.02,2795,-0.043519310734190256,-121.63647350206178,0.8639983756734707
MFI,i077,ETHUSDT,False,fee0.07,2795,-0.14350954595854715,-401.1091809541393,0.6290734472585275
MFI,i077,ETHUSDT,False,slip3,2795,-0.10491665835460826,-293.24206010113005,0.7089206205471243
MFI,i077,ETHUSDT,False,no_funding,2795,-0.10356436313892962,-289.4623949733083,0.7119296176076698
MFI,i077,ETHUSDT,True,baseline,1102,-0.08605985064995708,-94.83795541625271,0.8279030158913392
MFI,i077,ETHUSDT,True,tp0.80,1179,-0.09733332697242285,-114.75599250048654,0.7749103591108384
MFI,i077,ETHUSDT,True,tp1.80,1037,-0.1245797410820878,-129.18919150212506,0.778748842955134
MFI,i077,ETHUSDT,True,sl0.50,1253,-0.07912241902717884,-99.14039104105508,0.8036951312295753
MFI,i077,ETHUSDT,True,sl1.20,981,-0.07668026985131592,-75.2233447241409,0.8658146614541403
MFI,i077,ETHUSDT,True,fee0.02,1102,-0.026063245903887967,-28.721696986084538,0.943862362931779
MFI,i077,ETHUSDT,True,fee0.07,1102,-0.1260575871473365,-138.91546103636486,0.7594294091328213
MFI,i077,ETHUSDT,True,slip3,1102,-0.08746058041943004,-96.38155962221191,0.8253946361789953
MFI,i077,ETHUSDT,True,no_funding,1102,-0.0853061065483237,-94.00732941625272,0.8292908636351398
Chaikin Money Flow,i078,ETHUSDT,False,baseline,3239,-0.10065779009457473,-326.0305821163276,0.6907925708844213
Chaikin Money Flow,i078,ETHUSDT,False,tp0.80,3387,-0.1094711687012476,-370.7788483911256,0.6424839116892035
Chaikin Money Flow,i078,ETHUSDT,False,tp1.80,3116,-0.11426541075552775,-356.05101991422447,0.6640988767428301
Chaikin Money Flow,i078,ETHUSDT,False,sl0.50,3507,-0.10112085875393956,-354.63085165006606,0.6583973847584491
Chaikin Money Flow,i078,ETHUSDT,False,sl1.20,3105,-0.12020114720601832,-373.2245620746869,0.6593058678819017
Chaikin Money Flow,i078,ETHUSDT,False,fee0.02,3239,-0.04065607122590232,-131.6850147006976,0.8578087284528969
Chaikin Money Flow,i078,ETHUSDT,False,fee0.07,3239,-0.14065893600702303,-455.5942937267476,0.6017730714708569
Chaikin Money Flow,i078,ETHUSDT,False,slip3,3239,-0.10208220138203325,-330.6442502764057,0.687346530979652
Chaikin Money Flow,i078,ETHUSDT,False,no_funding,3239,-0.10066972464227465,-326.0692381163276,0.690797802151388
Chaikin Money Flow,i078,ETHUSDT,True,baseline,1267,-0.10122426612298668,-128.25114517782416,0.8021421894193143
Chaikin Money Flow,i078,ETHUSDT,True,tp0.80,1399,-0.10728232471908955,-150.08797228200626,0.7574383236207308
Chaikin Money Flow,i078,ETHUSDT,True,tp1.80,1169,-0.10869815403972656,-127.06814207244035,0.8083229624718576
Chaikin Money Flow,i078,ETHUSDT,True,sl0.50,1496,-0.11831040577440496,-176.99236703850985,0.7182261952357761
Chaikin Money Flow,i078,ETHUSDT,True,sl1.20,1108,-0.12884193953883297,-142.75686900902693,0.7847484605187992
Chaikin Money Flow,i078,ETHUSDT,True,fee0.02,1267,-0.04123189690979471,-52.240813384709895,0.913323121196064
Chaikin Money Flow,i078,ETHUSDT,True,fee0.07,1267,-0.1412191789317814,-178.92469970656703,0.7363938303019738
Chaikin Money Flow,i078,ETHUSDT,True,slip3,1267,-0.10264934323268247,-130.05671787580872,0.7996916973956555
Chaikin Money Flow,i078,ETHUSDT,True,no_funding,1267,-0.10053011695171597,-127.37165817782414,0.8033517723215848
Chaikin Oscillator,i079,ETHUSDT,False,baseline,3288,-0.09439600248844912,-310.37405618202075,0.73688623762375
Chaikin Oscillator,i079,ETHUSDT,False,tp0.80,3494,-0.10151932607109254,-354.7085252923973,0.6968055939204332
Chaikin Oscillator,i079,ETHUSDT,False,tp1.80,3117,-0.10638437247840417,-331.6000890151858,0.7148783153103012
Chaikin Oscillator,i079,ETHUSDT,False,sl0.50,3611,-0.08929827514849076,-322.45607156120013,0.7205807701234013
Chaikin Oscillator,i079,ETHUSDT,False,sl1.20,3102,-0.11475806840007359,-355.97952817702827,0.7034927283902608
Chaikin Oscillator,i079,ETHUSDT,False,fee0.02,3288,-0.03439792714472237,-113.10038445184713,0.8920189816958654
Chaikin Oscillator,i079,ETHUSDT,False,fee0.07,3288,-0.13439471938426698,-441.8898373354698,0.652119184211219
Chaikin Oscillator,i079,ETHUSDT,False,slip3,3288,-0.09580979075614807,-315.02259200621484,0.7336543227700077
Chaikin Oscillator,i079,ETHUSDT,False,no_funding,3288,-0.09443365881448319,-310.49787018202073,0.7368061747767553
Chaikin Oscillator,i079,ETHUSDT,True,baseline,1394,-0.10604406143936629,-147.8254216464766,0.7925619614653306
Chaikin Oscillator,i079,ETHUSDT,True,tp0.80,1504,-0.09377526346797287,-141.0379962558312,0.7832025438811635
Chaikin Oscillator,i079,ETHUSDT,True,tp1.80,1301,-0.1229856929725297,-160.00438655726114,0.7838422234082594
Chaikin Oscillator,i079,ETHUSDT,True,sl0.50,1586,-0.09869775928782587,-156.5346462304918,0.7591287198113743
Chaikin Oscillator,i079,ETHUSDT,True,sl1.20,1233,-0.11349779955085987,-139.9427868462102,0.8084700018596331
Chaikin Oscillator,i079,ETHUSDT,True,fee0.02,1394,-0.046048529619216856,-64.19165028918829,0.9030901830061295
Chaikin Oscillator,i079,ETHUSDT,True,fee0.07,1394,-0.14604108265279928,-203.58126921800218,0.7272551574144359
Chaikin Oscillator,i079,ETHUSDT,True,slip3,1394,-0.10745199844354597,-149.7880858303031,0.7901555681678231
Chaikin Oscillator,i079,ETHUSDT,True,no_funding,1394,-0.10522875369187704,-146.6888826464766,0.793990154540039
Ease of Movement,i080,ETHUSDT,False,baseline,3149,-0.10187059213033675,-320.79049461843044,0.7047563496530294
Ease of Movement,i080,ETHUSDT,False,tp0.80,3284,-0.10192969739548281,-334.73712624676557,0.6774002883871899
Ease of Movement,i080,ETHUSDT,False,tp1.80,3037,-0.10528939639321752,-319.7638968462016,0.7111734719768327
Ease of Movement,i080,ETHUSDT,False,sl0.50,3500,-0.09581021142111537,-335.3357399739038,0.6956119125272543
Ease of Movement,i080,ETHUSDT,False,sl1.20,2924,-0.11743133987604067,-343.3692377975429,0.6723373236427012
Ease of Movement,i080,ETHUSDT,False,fee0.02,3149,-0.04187586050684432,-131.86708473605276,0.8625832808428929
Ease of Movement,i080,ETHUSDT,False,fee0.07,3149,-0.14186707987933173,-446.7394345400156,0.6196424189082915
Ease of Movement,i080,ETHUSDT,False,slip3,3149,-0.10327837205922873,-325.2235936145113,0.7015091041548494
Ease of Movement,i080,ETHUSDT,False,no_funding,3149,-0.10197174392455714,-321.1090216184304,0.7045405326617904
Ease of Movement,i080,ETHUSDT,True,baseline,1163,-0.1069360617499984,-124.36663981524813,0.7910906004974676
Ease of Movement,i080,ETHUSDT,True,tp0.80,1271,-0.11748336398260402,-149.3213556218897,0.7369294780524748
Ease of Movement,i080,ETHUSDT,True,tp1.80,1092,-0.09933326039556284,-108.47192035195461,0.8226899288371835
Ease of Movement,i080,ETHUSDT,True,sl0.50,1362,-0.10037296434913592,-136.70797744352313,0.7560410053077077
Ease of Movement,i080,ETHUSDT,True,sl1.20,1048,-0.12770434326086497,-133.8341517373865,0.7876816165421061
Ease of Movement,i080,ETHUSDT,True,fee0.02,1163,-0.04693662932715154,-54.58729990747724,0.9013616583272245
Ease of Movement,i080,ETHUSDT,True,fee0.07,1163,-0.14693568336522964,-170.88619975376207,0.7258848987921566
Ease of Movement,i080,ETHUSDT,True,slip3,1163,-0.10835421626646093,-126.01595351789405,0.7886715173958008
Ease of Movement,i080,ETHUSDT,True,no_funding,1163,-0.10627128359006717,-123.59350281524813,0.7922838655769032
Elder Force Index,i081,ETHUSDT,False,baseline,2865,-0.09413884285906919,-269.7077847912333,0.7238438389220241
Elder Force Index,i081,ETHUSDT,False,tp0.80,3007,-0.09045890330866371,-272.00992224915177,0.7103465677227447
Elder Force Index,i081,ETHUSDT,False,tp1.80,2757,-0.08948905428763186,-246.72132267100105,0.7484437080416334
Elder Force Index,i081,ETHUSDT,False,sl0.50,3174,-0.09603576728631995,-304.81752536677953,0.7013252221213853
Elder Force Index,i081,ETHUSDT,False,sl1.20,2729,-0.1028152011289756,-280.58268388097446,0.7086906870974543
Elder Force Index,i081,ETHUSDT,False,fee0.02,2865,-0.034141827674349895,-97.81633628701245,0.8851433329529186
Elder Force Index,i081,ETHUSDT,False,fee0.07,2865,-0.1341368529822154,-384.30208379404706,0.6378539867188868
Elder Force Index,i081,ETHUSDT,False,slip3,2865,-0.09553642122222522,-273.7118468016753,0.7205780256987946
Elder Force Index,i081,ETHUSDT,False,no_funding,2865,-0.09414313779798718,-269.72008979123325,0.7238810176268293
Elder Force Index,i081,ETHUSDT,True,baseline,1073,-0.11402910144717349,-122.35322585281716,0.7785515928045283
Elder Force Index,i081,ETHUSDT,True,tp0.80,1139,-0.12549862967137904,-142.94293919570072,0.7201355973439888
Elder Force Index,i081,ETHUSDT,True,tp1.80,1005,-0.10298437052816273,-103.49929238080352,0.8165225982024852
Elder Force Index,i081,ETHUSDT,True,sl0.50,1282,-0.10285102826034948,-131.855018229768,0.7508031787961522
Elder Force Index,i081,ETHUSDT,True,sl1.20,944,-0.1410006823961866,-133.10464418200016,0.769432038064082
Elder Force Index,i081,ETHUSDT,True,fee0.02,1073,-0.05403472137756976,-57.979256038132355,0.887052922166573
Elder Force Index,i081,ETHUSDT,True,fee0.07,1073,-0.15402535482690935,-165.26920572927372,0.7145141851082176
Elder Force Index,i081,ETHUSDT,True,slip3,1073,-0.11542550014999624,-123.85156166094595,0.7762168343960574
Elder Force Index,i081,ETHUSDT,True,no_funding,1073,-0.11327196817597127,-121.54082185281716,0.7798448820612535
Price & Volume Trend,i082,ETHUSDT,False,baseline,2156,-0.08651403004296707,-186.52424877263698,0.7634466994479316
Price & Volume Trend,i082,ETHUSDT,False,tp0.80,2250,-0.0917826729096599,-206.51101404673477,0.7237706344692975
Price & Volume Trend,i082,ETHUSDT,False,tp1.80,2078,-0.0836334285997882,-173.7902646303599,0.783199932059327
Price & Volume Trend,i082,ETHUSDT,False,sl0.50,2392,-0.0905267370288974,-216.53995497312258,0.7313480258997194
Price & Volume Trend,i082,ETHUSDT,False,sl1.20,2016,-0.09434327435285332,-190.1960410953523,0.7496011897299394
Price & Volume Trend,i082,ETHUSDT,False,fee0.02,2156,-0.026521221695758223,-57.17975397605473,0.917902922559689
Price & Volume Trend,i082,ETHUSDT,False,fee0.07,2156,-0.12650923560777297,-272.7539119703585,0.6793189203799703
Price & Volume Trend,i082,ETHUSDT,False,slip3,2156,-0.08790188688280605,-189.51646811932983,0.7602974338446803
Price & Volume Trend,i082,ETHUSDT,False,no_funding,2156,-0.08652788022849581,-186.55410977263696,0.7634376264589134
Price & Volume Trend,i082,ETHUSDT,True,baseline,798,-0.09937329688993429,-79.29989091816756,0.8067158585442852
Price & Volume Trend,i082,ETHUSDT,True,tp0.80,846,-0.12119167616532212,-102.5281580358625,0.7294454437300333
Price & Volume Trend,i082,ETHUSDT,True,tp1.80,758,-0.07852413939258764,-59.52129765958143,0.8594536636602689
Price & Volume Trend,i082,ETHUSDT,True,sl0.50,944,-0.10939044568017146,-103.26458072208186,0.7377959966364398
Price & Volume Trend,i082,ETHUSDT,True,sl1.20,712,-0.14087743315360715,-100.30473240536828,0.7698292946252296
Price & Volume Trend,i082,ETHUSDT,True,fee0.02,798,-0.03937216699661305,-31.418989263297213,0.9176282786657816
Price & Volume Trend,i082,ETHUSDT,True,fee0.07,798,-0.13937405015214846,-111.22049202141446,0.7411107700882853
Price & Volume Trend,i082,ETHUSDT,True,slip3,798,-0.10076195067208024,-80.40803663632003,0.8043388228017845
Price & Volume Trend,i082,ETHUSDT,True,no_funding,798,-0.09866481192752827,-78.73451991816755,0.8079837361349099
VWAP,i086,ETHUSDT,False,baseline,2710,-0.08898064152858808,-241.1375385424737,0.7184887465760147
VWAP,i086,ETHUSDT,False,tp0.80,2819,-0.09159863171151916,-258.2165427947725,0.6847720073022612
VWAP,i086,ETHUSDT,False,tp1.80,2626,-0.09277960693369018,-243.63924780787042,0.7211059213776919
VWAP,i086,ETHUSDT,False,sl0.50,3004,-0.08696636630850792,-261.2469643907578,0.7163462846918184
VWAP,i086,ETHUSDT,False,sl1.20,2604,-0.09185499142875107,-239.1903976804678,0.7107409584648491
VWAP,i086,ETHUSDT,False,fee0.02,2710,-0.02898378271559922,-78.54605115927387,0.89285697893463
VWAP,i086,ETHUSDT,False,fee0.07,2710,-0.128978547403914,-349.53186346460694,0.6281685385580388
VWAP,i086,ETHUSDT,False,slip3,2710,-0.09038163059641859,-244.93421891629436,0.7150207002225406
VWAP,i086,ETHUSDT,False,no_funding,2710,-0.08894174964666926,-241.0321415424737,0.7186208645517017
VWAP,i086,ETHUSDT,True,baseline,1020,-0.11032668790214274,-112.5332216601856,0.7842006052153966
VWAP,i086,ETHUSDT,True,tp0.80,1080,-0.11994608915566714,-129.5417762881205,0.7307033633931694
VWAP,i086,ETHUSDT,True,tp1.80,971,-0.1370920343838764,-133.116365386744,0.7598729465892284
VWAP,i086,ETHUSDT,True,sl0.50,1229,-0.09698198138823103,-119.19085512613592,0.7636583166361022
VWAP,i086,ETHUSDT,True,sl1.20,888,-0.10684276295613995,-94.87637350505229,0.8150223300676379
VWAP,i086,ETHUSDT,True,fee0.02,1020,-0.05032474879382475,-51.33124376970124,0.8940276299227684
VWAP,i086,ETHUSDT,True,fee0.07,1020,-0.15032798064102146,-153.33454025384188,0.7193581277083066
VWAP,i086,ETHUSDT,True,slip3,1020,-0.11173000584469792,-113.96460596159189,0.7818257320015607
VWAP,i086,ETHUSDT,True,no_funding,1020,-0.10965689672567214,-111.85003466018557,0.7854044462446089
VWMA,i087,ETHUSDT,False,baseline,3490,-0.10280467906301945,-358.7883299299379,0.6980573088988596
VWMA,i087,ETHUSDT,False,tp0.80,3658,-0.10113224050709611,-369.9417357749576,0.6768604867369628
VWMA,i087,ETHUSDT,False,tp1.80,3354,-0.10210814590030444,-342.4707213496211,0.7117185546417043
VWMA,i087,ETHUSDT,False,sl0.50,3886,-0.09936907749764214,-386.14823515583737,0.691338571946567
VWMA,i087,ETHUSDT,False,sl1.20,3324,-0.10951444180706939,-364.02600456669865,0.6825470996017857
VWMA,i087,ETHUSDT,False,fee0.02,3490,-0.04280490854579395,-149.38913082482088,0.8551879352832241
VWMA,i087,ETHUSDT,False,fee0.07,3490,-0.14280452607450314,-498.387796000016,0.6147597627444621
VWMA,i087,ETHUSDT,False,slip3,3490,-0.10420876789886313,-363.68859996703236,0.6948786251662832
VWMA,i087,ETHUSDT,False,no_funding,3490,-0.10285432891975299,-358.9616079299379,0.6979335845463034
VWMA,i087,ETHUSDT,True,baseline,1235,-0.10279771923989635,-126.955183261272,0.7995446248420321
VWMA,i087,ETHUSDT,True,tp0.80,1337,-0.11077215118702226,-148.10236613704873,0.7491214279617615
VWMA,i087,ETHUSDT,True,tp1.80,1166,-0.10716685117416426,-124.95654846907553,0.8114191099485745
VWMA,i087,ETHUSDT,True,sl0.50,1514,-0.11649244834788952,-176.36956679870474,0.7221456048960845
VWMA,i087,ETHUSDT,True,sl1.20,1096,-0.13172882346685894,-144.37479051967742,0.7824774541593413
VWMA,i087,ETHUSDT,True,fee0.02,1235,-0.04279993366228792,-52.85791807292558,0.9102424530623191
VWMA,i087,ETHUSDT,True,fee0.07,1235,-0.14279624295830198,-176.35336005350294,0.7340401873026463
VWMA,i087,ETHUSDT,True,slip3,1235,-0.10421329535214269,-128.7034197598962,0.7971249730995021
VWMA,i087,ETHUSDT,True,no_funding,1235,-0.10200639940183966,-125.97790326127199,0.8009580530844413
Pivot Points Standard,i088,ETHUSDT,False,baseline,1186,-0.0605730598285208,-71.83964895662567,0.8267778108634873
Pivot Points Standard,i088,ETHUSDT,False,tp0.80,1220,-0.07522530443753842,-91.77487141379686,0.7587009660952393
Pivot Points Standard,i088,ETHUSDT,False,tp1.80,1167,-0.03103104781845775,-36.21323280414019,0.9161537381187315
Pivot Points Standard,i088,ETHUSDT,False,sl0.50,1335,-0.06849177737709865,-91.4365227984267,0.7941104651256597
Pivot Points Standard,i088,ETHUSDT,False,sl1.20,1122,-0.07918382524907346,-88.84425192946041,0.779964878245532
Pivot Points Standard,i088,ETHUSDT,False,fee0.02,1186,-0.0005677068355650909,-0.6733003069801978,0.9981459768888158
Pivot Points Standard,i088,ETHUSDT,False,fee0.07,1186,-0.10057662849049127,-119.28388138972265,0.7344114853615313
Pivot Points Standard,i088,ETHUSDT,False,slip3,1186,-0.06199395996235016,-73.52483651534729,0.8232334481343649
Pivot Points Standard,i088,ETHUSDT,False,no_funding,1186,-0.0605455927121633,-71.80707295662567,0.8268398855882997
Pivot Points Standard,i088,ETHUSDT,True,baseline,455,-0.094136304983702,-42.832018767584415,0.8116840482932443
Pivot Points Standard,i088,ETHUSDT,True,tp0.80,475,-0.11622645602839644,-55.20756661348831,0.7384521232456042
Pivot Points Standard,i088,ETHUSDT,True,tp1.80,445,-0.08824806633936427,-39.2703895210171,0.8387657194101118
Pivot Points Standard,i088,ETHUSDT,True,sl0.50,530,-0.10856145904976869,-57.53757329637741,0.7383191227513033
Pivot Points Standard,i088,ETHUSDT,True,sl1.20,417,-0.15942402795572247,-66.47981965753628,0.7373876468269063
Pivot Points Standard,i088,ETHUSDT,True,fee0.02,455,-0.034148560010046736,-15.537594804571263,0.9264617118592042
Pivot Points Standard,i088,ETHUSDT,True,fee0.07,455,-0.13412813496613893,-61.02830140959321,0.743886877643112
Pivot Points Standard,i088,ETHUSDT,True,slip3,455,-0.09556270892808673,-43.48103256227946,0.8091598027415714
Pivot Points Standard,i088,ETHUSDT,True,no_funding,455,-0.09375192476392179,-42.65712576758441,0.8124234861180848
Balance of Power,i089,ETHUSDT,False,baseline,3615,-0.09857320856832212,-356.3421489744845,0.6855877748785603
Balance of Power,i089,ETHUSDT,False,tp0.80,3749,-0.10183428938600665,-381.7767509081389,0.649828023096695
Balance of Power,i089,ETHUSDT,False,tp1.80,3483,-0.10770988565261058,-375.15353172804265,0.6708827218288909
Balance of Power,i089,ETHUSDT,False,sl0.50,3949,-0.0853753727841052,-337.14734712443146,0.7047071914748891
Balance of Power,i089,ETHUSDT,False,sl1.20,3436,-0.09927926445075391,-341.12355265279047,0.687841399392608
Balance of Power,i089,ETHUSDT,False,fee0.02,3615,-0.03857241554878111,-139.4392822088437,0.8577783242707625
Balance of Power,i089,ETHUSDT,False,fee0.07,3615,-0.13857373724801614,-500.94406015157836,0.595785996660137
Balance of Power,i089,ETHUSDT,False,slip3,3615,-0.09998561234344895,-361.44798862156796,0.6821169658880788
Balance of Power,i089,ETHUSDT,False,no_funding,3615,-0.09853801022807315,-356.21490697448445,0.6857058775406598
Balance of Power,i089,ETHUSDT,True,baseline,1292,-0.1295354146243259,-167.3597556946291,0.7529755773206128
Balance of Power,i089,ETHUSDT,True,tp0.80,1438,-0.11919385966779648,-171.40077020229137,0.7328435913462711
Balance of Power,i089,ETHUSDT,True,tp1.80,1211,-0.1359980890273133,-164.69368581207644,0.7644440045459815
Balance of Power,i089,ETHUSDT,True,sl0.50,1525,-0.1146868357951421,-174.8974245875917,0.7260950122097224
Balance of Power,i089,ETHUSDT,True,sl1.20,1132,-0.0956747181791334,-108.303780978779,0.8357878250329279
Balance of Power,i089,ETHUSDT,True,fee0.02,1292,-0.0695391396472965,-89.84456842430707,0.8573725354356723
Balance of Power,i089,ETHUSDT,True,fee0.07,1292,-0.16953293127567895,-219.03654720817718,0.6912600300527287
Balance of Power,i089,ETHUSDT,True,slip3,1292,-0.13096079264586202,-169.20134409845375,0.7506767931099583
Balance of Power,i089,ETHUSDT,True,no_funding,1292,-0.12869643242618348,-166.27579069462908,0.7543563926852466
Accumulative Swing Index,i090,ETHUSDT,False,baseline,2441,-0.05214295823254571,-127.28096104564408,0.8457238364501617
Accumulative Swing Index,i090,ETHUSDT,False,tp0.80,2571,-0.0678976853893734,-174.56494913607898,0.783252115533571
Accumulative Swing Index,i090,ETHUSDT,False,tp1.80,2311,-0.06852076456724895,-158.35148691491233,0.8064217806449682
Accumulative Swing Index,i090,ETHUSDT,False,sl0.50,2721,-0.06544442645075615,-178.07428437250752,0.7966053149722188
Accumulative Swing Index,i090,ETHUSDT,False,sl1.20,2305,-0.06631513783490994,-152.8563927094674,0.8107464492771059
Accumulative Swing Index,i090,ETHUSDT,False,fee0.02,2441,0.007856414124850929,19.177506878761115,1.0265009761460642
Accumulative Swing Index,i090,ETHUSDT,False,fee0.07,2441,-0.09214253980414348,-224.91993966191424,0.748343771506213
Accumulative Swing Index,i090,ETHUSDT,False,slip3,2441,-0.053546193198625164,-130.70625759784403,0.8420294472448424
Accumulative Swing Index,i090,ETHUSDT,False,no_funding,2441,-0.052115753808129495,-127.21455504564409,0.8458153411262634
Accumulative Swing Index,i090,ETHUSDT,True,baseline,934,-0.08600062644042467,-80.32458509535664,0.8284100671632932
Accumulative Swing Index,i090,ETHUSDT,True,tp0.80,991,-0.09514241744515489,-94.2861356881485,0.7785977412531794
Accumulative Swing Index,i090,ETHUSDT,True,tp1.80,895,-0.07818555829513386,-69.97607467414481,0.857713410771404
Accumulative Swing Index,i090,ETHUSDT,True,sl0.50,1085,-0.08304889683671127,-90.10805306783172,0.7962492236863502
Accumulative Swing Index,i090,ETHUSDT,True,sl1.20,818,-0.06433494272651143,-52.625983150286345,0.8849933962781357
Accumulative Swing Index,i090,ETHUSDT,True,fee0.02,934,-0.025997340475025957,-24.281516003674245,0.9441963279939798
Accumulative Swing Index,i090,ETHUSDT,True,fee0.07,934,-0.1260028170840238,-117.68663115647824,0.7599778433492927
Accumulative Swing Index,i090,ETHUSDT,True,slip3,934,-0.08740896142346127,-81.63996996951283,0.825892625458896
Accumulative Swing Index,i090,ETHUSDT,True,no_funding,934,-0.08520667247896854,-79.58303209535661,0.8298741544762511
Up/Down,i091,ETHUSDT,False,baseline,2910,-0.11143653343519658,-324.28031229642204,0.6753378747477993
Up/Down,i091,ETHUSDT,False,tp0.80,3050,-0.1101299784810061,-335.8964343670686,0.6540109521917372
Up/Down,i091,ETHUSDT,False,tp1.80,2815,-0.11145044029352483,-313.73298942627235,0.6895411486851759
Up/Down,i091,ETHUSDT,False,sl0.50,3193,-0.10906796253624719,-348.2540043782373,0.6491474210885717
Up/Down,i091,ETHUSDT,False,sl1.20,2724,-0.11767184426085442,-320.5381037665674,0.6702165909589667
Up/Down,i091,ETHUSDT,False,fee0.02,2910,-0.05143895733666066,-149.68736584968252,0.8306205770224198
Up/Down,i091,ETHUSDT,False,fee0.07,2910,-0.15143491750088725,-440.67560992758195,0.5916472048721614
Up/Down,i091,ETHUSDT,False,slip3,2910,-0.11285306314908153,-328.40241376382727,0.6721239018421491
Up/Down,i091,ETHUSDT,False,no_funding,2910,-0.11147337845237872,-324.3875312964221,0.675214521016411
Up/Down,i091,ETHUSDT,True,baseline,1169,-0.1118074051704973,-130.70285664431134,0.7807602170067325
Up/Down,i091,ETHUSDT,True,tp0.80,1279,-0.12094607012443817,-154.69002368915642,0.7291827212006601
Up/Down,i091,ETHUSDT,True,tp1.80,1091,-0.12090542893632933,-131.9078229695353,0.7844172991037891
Up/Down,i091,ETHUSDT,True,sl0.50,1350,-0.11981868527058015,-161.75522511528322,0.7116716673398253
Up/Down,i091,ETHUSDT,True,sl1.20,1056,-0.12519733713240083,-132.20838801181526,0.7893540164759542
Up/Down,i091,ETHUSDT,True,fee0.02,1169,-0.051808694837252915,-60.56436426474865,0.8906493592052558
Up/Down,i091,ETHUSDT,True,fee0.07,1169,-0.15180654539266022,-177.46185156401978,0.7158426939357025
Up/Down,i091,ETHUSDT,True,slip3,1169,-0.11322948144130168,-132.36526380488166,0.7783449822741186
Up/Down,i091,ETHUSDT,True,no_funding,1169,-0.11119766180009523,-129.99006664431133,0.781828706080169
Average Price,i099,ETHUSDT,False,baseline,2652,-0.10569452044275625,-280.30186821418954,0.725007007815407
Average Price,i099,ETHUSDT,False,tp0.80,2774,-0.10058683127254262,-279.0278699500332,0.7076816103086219
Average Price,i099,ETHUSDT,False,tp1.80,2532,-0.11567469342549021,-292.88832375334124,0.7166610278903465
Average Price,i099,ETHUSDT,False,sl0.50,3019,-0.10135737878819277,-305.997926561554,0.7101149096693903
Average Price,i099,ETHUSDT,False,sl1.20,2468,-0.10012022676985444,-247.0967196680008,0.7432904787135146
Average Price,i099,ETHUSDT,False,fee0.02,2652,-0.045696535832211053,-121.18721302702372,0.8664685982346184
Average Price,i099,ETHUSDT,False,fee0.07,2652,-0.14569317684978642,-386.3783050056336,0.6472367973051082
Average Price,i099,ETHUSDT,False,slip3,2652,-0.10710109929435217,-284.03211532862196,0.7220680594224083
Average Price,i099,ETHUSDT,False,no_funding,2652,-0.10569158869313333,-280.2940932141896,0.7250126450980641
Average Price,i099,ETHUSDT,True,baseline,1026,-0.11487346631406554,-117.86017643823126,0.7780981934193476
Average Price,i099,ETHUSDT,True,tp0.80,1074,-0.12073883444304223,-129.67350819182735,0.7303807883622999
Average Price,i099,ETHUSDT,True,tp1.80,977,-0.12836837536521162,-125.41590273181176,0.7763333573249636
Average Price,i099,ETHUSDT,True,sl0.50,1212,-0.11612333947924965,-140.7414874488506,0.7233878742206487
Average Price,i099,ETHUSDT,True,sl1.20,907,-0.14150681595308945,-128.34668206945213,0.7685151102777555
Average Price,i099,ETHUSDT,True,fee0.02,1026,-0.054880761596136377,-56.307661397635925,0.8859679915108165
Average Price,i099,ETHUSDT,True,fee0.07,1026,-0.15486860279268502,-158.89518646529487,0.7142978788713727
Average Price,i099,ETHUSDT,True,slip3,1026,-0.11627799673177051,-119.30122464679656,0.7757578221902921
Average Price,i099,ETHUSDT,True,no_funding,1026,-0.11407895169418251,-117.04500443823127,0.7794639664372104
Typical Price,i100,ETHUSDT,False,baseline,2790,-0.09561540477322078,-266.766979317286,0.7398540026981058
Typical Price,i100,ETHUSDT,False,tp0.80,2913,-0.0910925185455835,-265.3525065232848,0.7239458444034435
Typical Price,i100,ETHUSDT,False,tp1.80,2667,-0.10026054683372819,-267.3948784055531,0.7417510338907157
Typical Price,i100,ETHUSDT,False,sl0.50,3142,-0.09680852267905765,-304.1723782575991,0.7163039858949309
Typical Price,i100,ETHUSDT,False,sl1.20,2609,-0.10118221064359277,-263.98438756913356,0.730605606387523
Typical Price,i100,ETHUSDT,False,fee0.02,2790,-0.035618151427825304,-99.37464248363258,0.8903135879479224
Typical Price,i100,ETHUSDT,False,fee0.07,2790,-0.13561357367015112,-378.3618705397216,0.6580612531500001
Typical Price,i100,ETHUSDT,False,slip3,2790,-0.09702167048261416,-270.6904606464935,0.7367507943612859
Typical Price,i100,ETHUSDT,False,no_funding,2790,-0.09558022197752185,-266.66881931728597,0.7399488070081444
Typical Price,i100,ETHUSDT,True,baseline,1061,-0.11681644058337112,-123.94224345895677,0.7751807030862335
Typical Price,i100,ETHUSDT,True,tp0.80,1118,-0.11873113482873056,-132.74140873852076,0.7343623590807198
Typical Price,i100,ETHUSDT,True,tp1.80,1009,-0.13291896797670363,-134.11523868849397,0.7699637591851655
Typical Price,i100,ETHUSDT,True,sl0.50,1257,-0.11418460545118878,-143.5300490521443,0.7277296637305674
Typical Price,i100,ETHUSDT,True,sl1.20,936,-0.13407428174949898,-125.49352771753107,0.7803931429675818
Typical Price,i100,ETHUSDT,True,fee0.02,1061,-0.056826411318436354,-60.29282240886097,0.8823614958492093
Typical Price,i100,ETHUSDT,True,fee0.07,1061,-0.156809793426661,-166.3751908256873,0.7118125180947099
Typical Price,i100,ETHUSDT,True,slip3,1061,-0.1182262994051219,-125.43810366883434,0.7728465831312817
Typical Price,i100,ETHUSDT,True,no_funding,1061,-0.11601920212908269,-123.09637345895675,0.7765422900136746
Median Price,i101,ETHUSDT,False,baseline,2845,-0.0977954616427022,-278.2280883734877,0.7309251119944127
Median Price,i101,ETHUSDT,False,tp0.80,2979,-0.08845688771372166,-263.5130684991768,0.727355159647982
Median Price,i101,ETHUSDT,False,tp1.80,2729,-0.10481142255514689,-286.0303721529959,0.7282532542288115
Median Price,i101,ETHUSDT,False,sl0.50,3227,-0.10019876042685139,-323.34139989744943,0.7045009014380373
Median Price,i101,ETHUSDT,False,sl1.20,2658,-0.0913480632058134,-242.803152001052,0.7506001175890131
Median Price,i101,ETHUSDT,False,fee0.02,2845,-0.037798489878852155,-107.53670370533439,0.8822880042606612
Median Price,i101,ETHUSDT,False,fee0.07,2845,-0.13779344281860223,-392.02234481892333,0.6488073378964716
Median Price,i101,ETHUSDT,False,slip3,2845,-0.09920425128544905,-282.23609490710254,0.7278032627512389
Median Price,i101,ETHUSDT,False,no_funding,2845,-0.09779433686238584,-278.2248883734877,0.7309499218442534
Median Price,i101,ETHUSDT,True,baseline,1065,-0.10606017474012125,-112.95408609822913,0.7938118084489364
Median Price,i101,ETHUSDT,True,tp0.80,1120,-0.11298722461696308,-126.54569157099864,0.7454467048178748
Median Price,i101,ETHUSDT,True,tp1.80,1007,-0.12408646988349753,-124.955075172682,0.7835615730603076
Median Price,i101,ETHUSDT,True,sl0.50,1261,-0.10807392195810958,-136.28121558917616,0.7406497466725188
Median Price,i101,ETHUSDT,True,sl1.20,938,-0.12284998659803477,-115.2332874289566,0.7964033050391326
Median Price,i101,ETHUSDT,True,fee0.02,1065,-0.04606763741395098,-49.06203384585779,0.9036734048380376
Median Price,i101,ETHUSDT,True,fee0.07,1065,-0.14605519962423474,-155.54878759981,0.7288370425652018
Median Price,i101,ETHUSDT,True,slip3,1065,-0.10746694835135027,-114.45229999418804,0.7914232609464403
Median Price,i101,ETHUSDT,True,no_funding,1065,-0.10524146112509776,-112.08215609822912,0.7952238307572376
SMA,i001,BNBUSDT,False,baseline,4556,-0.09727597924066665,-443.18936142047727,0.6234897925605482
SMA,i001,BNBUSDT,False,tp0.80,4757,-0.10283591552595579,-489.19045015697174,0.5924169438196948
SMA,i001,BNBUSDT,False,tp1.80,4411,-0.10106101543129704,-445.78013906745133,0.6124613198284804
SMA,i001,BNBUSDT,False,sl0.50,4881,-0.0942449234483942,-460.0094713516121,0.6316179672443505
SMA,i001,BNBUSDT,False,sl1.20,4460,-0.0931585808529853,-415.4872706043144,0.6351995881741789
SMA,i001,BNBUSDT,False,fee0.02,4556,-0.03727656254394941,-169.83201895023353,0.8258034172189741
SMA,i001,BNBUSDT,False,fee0.07,4556,-0.1372755903718115,-625.4275897339733,0.5247183385319494
SMA,i001,BNBUSDT,False,slip3,4556,-0.10286000513545551,-468.6301833971353,0.6082809617620537
SMA,i001,BNBUSDT,False,no_funding,4556,-0.09730025865243136,-443.29997842047726,0.6233595453422988
SMA,i001,BNBUSDT,True,baseline,1456,-0.12399237821901163,-180.53290268688093,0.7462408186216926
SMA,i001,BNBUSDT,True,tp0.80,1613,-0.12195055680031645,-196.70624811891045,0.7158978291343613
SMA,i001,BNBUSDT,True,tp1.80,1353,-0.12619782588578216,-170.74565842346323,0.7599947928747687
SMA,i001,BNBUSDT,True,sl0.50,1750,-0.10384121726425832,-181.72213021245207,0.7389894397376534
SMA,i001,BNBUSDT,True,sl1.20,1271,-0.13100565633772399,-166.50818920524716,0.7603576586349712
SMA,i001,BNBUSDT,True,fee0.02,1456,-0.06399260362724059,-93.1732308812623,0.8584567430625903
SMA,i001,BNBUSDT,True,fee0.07,1456,-0.16399222794685903,-238.77268389062672,0.6804292436984238
SMA,i001,BNBUSDT,True,slip3,1456,-0.12951957729959246,-188.58050454820665,0.7367628546282907
SMA,i001,BNBUSDT,True,no_funding,1456,-0.12308439676296769,-179.21088168688092,0.7478289776059704
EMA,i002,BNBUSDT,False,baseline,4815,-0.10417186868719568,-501.58754772884714,0.5764284522612588
EMA,i002,BNBUSDT,False,tp0.80,4996,-0.10962375635245943,-547.6802867368873,0.546059094619818
EMA,i002,BNBUSDT,False,tp1.80,4685,-0.10332390075509228,-484.0724750376073,0.5834343863945052
EMA,i002,BNBUSDT,False,sl0.50,5126,-0.10030294570449272,-514.1528996812297,0.5921899567269522
EMA,i002,BNBUSDT,False,sl1.20,4729,-0.10186974082184083,-481.7420043464853,0.5804521454118292
EMA,i002,BNBUSDT,False,fee0.02,4815,-0.04417239510000631,-212.6900824065304,0.7790552778049509
EMA,i002,BNBUSDT,False,fee0.07,4815,-0.14417151774532186,-694.1858579437248,0.48049446262586604
EMA,i002,BNBUSDT,False,slip3,4815,-0.1097485419688094,-528.4392295798173,0.5615588480694592
EMA,i002,BNBUSDT,False,no_funding,4815,-0.10423376816798485,-501.8855937288471,0.576215513373738
EMA,i002,BNBUSDT,True,baseline,1452,-0.12593702526539158,-182.86056068534856,0.742323147699394
EMA,i002,BNBUSDT,True,tp0.80,1622,-0.12037044676375085,-195.24086465080387,0.7182456724712729
EMA,i002,BNBUSDT,True,tp1.80,1333,-0.121853887190614,-162.4312316250885,0.7653479165108207
EMA,i002,BNBUSDT,True,sl0.50,1783,-0.10681068592871043,-190.44345301089066,0.7334263991319544
EMA,i002,BNBUSDT,True,sl1.20,1258,-0.13576009369583372,-170.7861978693588,0.7517951756315487
EMA,i002,BNBUSDT,True,fee0.02,1452,-0.06593441294594436,-95.73676759751122,0.8541820528282227
EMA,i002,BNBUSDT,True,fee0.07,1452,-0.1659387668116897,-240.94308941057346,0.6767743534850134
EMA,i002,BNBUSDT,True,slip3,1452,-0.13147247817606034,-190.8980383116396,0.7328627491168145
EMA,i002,BNBUSDT,True,no_funding,1452,-0.1250226327034081,-181.53286268534856,0.7438779406522118
DEMA,i003,BNBUSDT,False,baseline,6448,-0.09985278624170613,-643.8507656865211,0.590289363130786
DEMA,i003,BNBUSDT,False,tp0.80,6739,-0.10245827666263782,-690.4663264295162,0.5751562598940593
DEMA,i003,BNBUSDT,False,tp1.80,6255,-0.10487378084987041,-655.9854992159394,0.567278958218707
DEMA,i003,BNBUSDT,False,sl0.50,6801,-0.09557143693120448,-649.9813425691217,0.5917537563841154
DEMA,i003,BNBUSDT,False,sl1.20,6322,-0.09811935058504778,-620.3105343986721,0.5987168390746207
DEMA,i003,BNBUSDT,False,fee0.02,6448,-0.039852849290499474,-256.9711722251406,0.8011886895835153
DEMA,i003,BNBUSDT,False,fee0.07,6448,-0.1398527442091772,-901.7704946607747,0.48915999408956334
DEMA,i003,BNBUSDT,False,slip3,6448,-0.10545511387381314,-679.974574258347,0.5745971287789421
DEMA,i003,BNBUSDT,False,no_funding,6448,-0.09990872436205353,-644.211454686521,0.5900362275646891
DEMA,i003,BNBUSDT,True,baseline,1873,-0.1216008503942397,-227.758392788411,0.7498476262269173
DEMA,i003,BNBUSDT,True,tp0.80,2146,-0.10213682365410982,-219.1856235617197,0.757359147305374
DEMA,i003,BNBUSDT,True,tp1.80,1694,-0.10940335254953128,-185.32927921890598,0.7878123660836386
DEMA,i003,BNBUSDT,True,sl0.50,2286,-0.0984697880435657,-225.10193546759118,0.749877792105043
DEMA,i003,BNBUSDT,True,sl1.20,1603,-0.11890283892320715,-190.60125079390107,0.7787771449902808
DEMA,i003,BNBUSDT,True,fee0.02,1873,-0.06159644292812555,-115.37013760437915,0.863128261411227
DEMA,i003,BNBUSDT,True,fee0.07,1873,-0.16160378870498252,-302.6838962444323,0.6834910292477062
DEMA,i003,BNBUSDT,True,slip3,1873,-0.1271416488936585,-238.1363083778224,0.740251428599486
DEMA,i003,BNBUSDT,True,no_funding,1873,-0.1207722401433054,-226.206405788411,0.7513399859322387
TEMA,i004,BNBUSDT,False,baseline,7364,-0.10162894171488338,-748.3955267884012,0.5628157886617124
TEMA,i004,BNBUSDT,False,tp0.80,7682,-0.10357587230817168,-795.6698510713748,0.556383098824427
TEMA,i004,BNBUSDT,False,tp1.80,7176,-0.10191493851641857,-731.3415987938196,0.5580054532635522
TEMA,i004,BNBUSDT,False,sl0.50,7733,-0.09649813555103896,-746.2200822161843,0.5665405492904885
TEMA,i004,BNBUSDT,False,sl1.20,7218,-0.10225068609524036,-738.0454522354449,0.5615947647357692
TEMA,i004,BNBUSDT,False,fee0.02,7364,-0.041628497855718864,-306.5522582095137,0.7811937851923646
TEMA,i004,BNBUSDT,False,fee0.07,7364,-0.14162923762099303,-1042.9577058409927,0.45971239504194467
TEMA,i004,BNBUSDT,False,slip3,7364,-0.10723281569629615,-789.6624547875249,0.5467265771854862
TEMA,i004,BNBUSDT,False,no_funding,7364,-0.1016518785698535,-748.5644337884012,0.5627390782925095
TEMA,i004,BNBUSDT,True,baseline,2084,-0.10865970559199092,-226.4468264537091,0.7748346583104956
TEMA,i004,BNBUSDT,True,tp0.80,2404,-0.10680136241023792,-256.750475234212,0.7472262301261784
TEMA,i004,BNBUSDT,True,tp1.80,1826,-0.0987848701852493,-180.3811729582652,0.806985057713168
TEMA,i004,BNBUSDT,True,sl0.50,2568,-0.0903481813094666,-232.01412960271023,0.7704908939884475
TEMA,i004,BNBUSDT,True,sl1.20,1775,-0.12219198816876799,-216.89077899956314,0.7741539664609902
TEMA,i004,BNBUSDT,True,fee0.02,2084,-0.04865548128508202,-101.39802299811093,0.8910681514325257
TEMA,i004,BNBUSDT,True,fee0.07,2084,-0.14866252179659686,-309.81269542410786,0.706676700105353
TEMA,i004,BNBUSDT,True,slip3,2084,-0.11420242903184899,-237.9978621023733,0.7649863659420667
TEMA,i004,BNBUSDT,True,no_funding,2084,-0.10772880875897749,-224.5068374537091,0.7765480451651543
Hull MA,i005,BNBUSDT,False,baseline,7832,-0.09737362774223837,-762.6302524772109,0.5750028763656806
Hull MA,i005,BNBUSDT,False,tp0.80,8159,-0.09930549501176537,-810.2335338009937,0.5657478733240195
Hull MA,i005,BNBUSDT,False,tp1.80,7644,-0.0935560012886324,-715.142073850306,0.5853362575922846
Hull MA,i005,BNBUSDT,False,sl0.50,8226,-0.09668851479560989,-795.359722708687,0.5636304875879667
Hull MA,i005,BNBUSDT,False,sl1.20,7664,-0.09551834557820611,-732.0526005113717,0.5790142176360421
Hull MA,i005,BNBUSDT,False,fee0.02,7832,-0.03737228882424464,-292.699766071484,0.8015942907004683
Hull MA,i005,BNBUSDT,False,fee0.07,7832,-0.13737452035423414,-1075.9172434143618,0.4673002648265834
Hull MA,i005,BNBUSDT,False,slip3,7832,-0.10296508147928142,-806.422518145732,0.558259633443386
Hull MA,i005,BNBUSDT,False,no_funding,7832,-0.09739974891179913,-762.8348334772107,0.5749452341156107
Hull MA,i005,BNBUSDT,True,baseline,2179,-0.09878519568329491,-215.25294139389962,0.7923848464469797
Hull MA,i005,BNBUSDT,True,tp0.80,2539,-0.0966025508559929,-245.27387662336596,0.767155847903082
Hull MA,i005,BNBUSDT,True,tp1.80,1895,-0.09381585242374448,-177.78104034299577,0.8159306318611932
Hull MA,i005,BNBUSDT,True,sl0.50,2703,-0.0917683619544647,-248.04988236291808,0.7669158140146465
Hull MA,i005,BNBUSDT,True,sl1.20,1845,-0.10469432402817032,-193.16102783197425,0.8036815794404777
Hull MA,i005,BNBUSDT,True,fee0.02,2179,-0.03878175181700487,-84.50543720925361,0.911907112091262
Hull MA,i005,BNBUSDT,True,fee0.07,2179,-0.13878749159415496,-302.4179441836637,0.7223598590551058
Hull MA,i005,BNBUSDT,True,slip3,2179,-0.10431564232811555,-227.30378463296378,0.7822859665535251
Hull MA,i005,BNBUSDT,True,no_funding,2179,-0.09795546323721872,-213.44495439389962,0.7939627182321051
Hamming MA,i006,BNBUSDT,False,baseline,4385,-0.09404082002929522,-412.36899582845956,0.6439194022227545
Hamming MA,i006,BNBUSDT,False,tp0.80,4595,-0.0988594796313651,-454.25930890612267,0.6161844803526182
Hamming MA,i006,BNBUSDT,False,tp1.80,4236,-0.09823641540094111,-416.1294556383865,0.6309084057374688
Hamming MA,i006,BNBUSDT,False,sl0.50,4703,-0.0928720398438999,-436.77720338586124,0.6423614886521946
Hamming MA,i006,BNBUSDT,False,sl1.20,4275,-0.09271351432210657,-396.35027372700563,0.646730922470217
Hamming MA,i006,BNBUSDT,False,fee0.02,4385,-0.03404271075131696,-149.27728664452485,0.8457199456043043
Hamming MA,i006,BNBUSDT,False,fee0.07,4385,-0.13403955954794744,-587.7634686177495,0.543838775624323
Hamming MA,i006,BNBUSDT,False,slip3,4385,-0.09962582936155878,-436.8592617504353,0.6285826896032136
Hamming MA,i006,BNBUSDT,False,no_funding,4385,-0.09413189163704895,-412.76834482845965,0.643613905785022
Hamming MA,i006,BNBUSDT,True,baseline,1460,-0.11914009320475412,-173.944536078941,0.7544184627766782
Hamming MA,i006,BNBUSDT,True,tp0.80,1620,-0.10854433676687307,-175.84182556233435,0.7430305598658439
Hamming MA,i006,BNBUSDT,True,tp1.80,1360,-0.11520584634505847,-156.67995102927952,0.7774830770372664
Hamming MA,i006,BNBUSDT,True,sl0.50,1737,-0.10062217779408986,-174.7807228283341,0.7461983411474136
Hamming MA,i006,BNBUSDT,True,sl1.20,1272,-0.12341526753169002,-156.9842203003097,0.7716472059115894
Hamming MA,i006,BNBUSDT,True,fee0.02,1460,-0.05913704266366304,-86.34008228894805,0.8682030227321053
Hamming MA,i006,BNBUSDT,True,fee0.07,1460,-0.15914212689881485,-232.3475052722697,0.6877298594378236
Hamming MA,i006,BNBUSDT,True,slip3,1460,-0.12467426545181932,-182.0244275596562,0.7447979291024212
Hamming MA,i006,BNBUSDT,True,no_funding,1460,-0.11824903909516508,-172.643597078941,0.7560134582443961
Arnaud Legoux MA,i007,BNBUSDT,False,baseline,7187,-0.09554273215299247,-686.6656159835569,0.5756849218431039
Arnaud Legoux MA,i007,BNBUSDT,False,tp0.80,7434,-0.10357844676438417,-770.002173246432,0.5359833845774582
Arnaud Legoux MA,i007,BNBUSDT,False,tp1.80,6995,-0.09634076914301427,-673.9036801553849,0.5682048184260746
Arnaud Legoux MA,i007,BNBUSDT,False,sl0.50,7573,-0.09536004479636502,-722.1616192428722,0.5758480055234544
Arnaud Legoux MA,i007,BNBUSDT,False,sl1.20,7062,-0.09340029914241213,-659.5929125437145,0.5786125520038128
Arnaud Legoux MA,i007,BNBUSDT,False,fee0.02,7187,-0.03554232794774309,-255.4427109604296,0.8044558339108471
Arnaud Legoux MA,i007,BNBUSDT,False,fee0.07,7187,-0.13554300162315874,-974.1475526656419,0.46948112697819566
Arnaud Legoux MA,i007,BNBUSDT,False,slip3,7187,-0.1011307540904628,-726.8267296481561,0.5590772151514898
Arnaud Legoux MA,i007,BNBUSDT,False,no_funding,7187,-0.09563721288208668,-687.344648983557,0.5753044220492362
Arnaud Legoux MA,i007,BNBUSDT,True,baseline,1962,-0.12210747332063185,-239.57486265507967,0.7493839876996432
Arnaud Legoux MA,i007,BNBUSDT,True,tp0.80,2265,-0.10229493015909896,-231.69801681035915,0.7568878731723245
Arnaud Legoux MA,i007,BNBUSDT,True,tp1.80,1748,-0.10742382175302667,-187.77684042429064,0.7920129595914568
Arnaud Legoux MA,i007,BNBUSDT,True,sl0.50,2430,-0.09643244990603692,-234.3308532716697,0.7551088015581598
Arnaud Legoux MA,i007,BNBUSDT,True,sl1.20,1667,-0.1238951660886407,-206.53324186976408,0.7707580677899164
Arnaud Legoux MA,i007,BNBUSDT,True,fee0.02,1962,-0.062106342986482446,-121.85264493947857,0.8623026727982749
Arnaud Legoux MA,i007,BNBUSDT,True,fee0.07,1962,-0.1621082268767315,-318.05634113214717,0.6832070929598395
Arnaud Legoux MA,i007,BNBUSDT,True,slip3,1962,-0.12764565173974907,-250.44076871338765,0.7398238372646162
Arnaud Legoux MA,i007,BNBUSDT,True,no_funding,1962,-0.12127594885580004,-237.94341165507967,0.7508876307024298
Least Squares MA,i008,BNBUSDT,False,baseline,4218,-0.09951388820565205,-419.74958045144035,0.6508055797253736
Least Squares MA,i008,BNBUSDT,False,tp0.80,4436,-0.1088044843595332,-482.65669261888934,0.6127967125073277
Least Squares MA,i008,BNBUSDT,False,tp1.80,4054,-0.09293289628367925,-376.74996153403566,0.6696753458153161
Least Squares MA,i008,BNBUSDT,False,sl0.50,4503,-0.09611886475033664,-432.8232479707659,0.6426421283586231
Least Squares MA,i008,BNBUSDT,False,sl1.20,4099,-0.10321980621181381,-423.0979856622248,0.6480641111253694
Least Squares MA,i008,BNBUSDT,False,fee0.02,4218,-0.03951199594724848,-166.6615989054941,0.8364428141664915
Least Squares MA,i008,BNBUSDT,False,fee0.07,4218,-0.13951514971125442,-588.4749014820711,0.5566622575506085
Least Squares MA,i008,BNBUSDT,False,slip3,4218,-0.10511969227010168,-443.3948619952889,0.6364233716656427
Least Squares MA,i008,BNBUSDT,False,no_funding,4218,-0.09953526160536755,-419.8397334514403,0.6506679929265394
Least Squares MA,i008,BNBUSDT,True,baseline,1419,-0.12160627091919417,-172.55929843433654,0.7508552473891539
Least Squares MA,i008,BNBUSDT,True,tp0.80,1559,-0.12346495478143583,-192.48186450425845,0.7149406596696226
Least Squares MA,i008,BNBUSDT,True,tp1.80,1320,-0.1173877298727959,-154.95180343209057,0.77399938381307
Least Squares MA,i008,BNBUSDT,True,sl0.50,1671,-0.10979990863700063,-183.47564733242808,0.7257253650896688
Least Squares MA,i008,BNBUSDT,True,sl1.20,1237,-0.1242349309513855,-153.67860958686387,0.7702725150040184
Least Squares MA,i008,BNBUSDT,True,fee0.02,1419,-0.06160313307534011,-87.4148458339076,0.863639568922802
Least Squares MA,i008,BNBUSDT,True,fee0.07,1419,-0.1616083628150969,-229.32226683462252,0.6847178257739152
Least Squares MA,i008,BNBUSDT,True,slip3,1419,-0.1271931614322239,-180.48709607232573,0.7412309913869163
Least Squares MA,i008,BNBUSDT,True,no_funding,1419,-0.12085910108128013,-171.4990644343365,0.7522125830689737
Smoothed MA,i009,BNBUSDT,False,baseline,4051,-0.09558695388100936,-387.2227501719689,0.6226687694300879
Smoothed MA,i009,BNBUSDT,False,tp0.80,4197,-0.10792995271486773,-452.98201154429984,0.566195172795084
Smoothed MA,i009,BNBUSDT,False,tp1.80,3929,-0.09566450696131511,-375.86584785100706,0.6258834473199071
Smoothed MA,i009,BNBUSDT,False,sl0.50,4313,-0.08602206886929707,-371.01318303327827,0.6559433972287582
Smoothed MA,i009,BNBUSDT,False,sl1.20,3974,-0.09310158169313291,-369.9856856485102,0.6270169662950177
Smoothed MA,i009,BNBUSDT,False,fee0.02,4051,-0.03558925039074426,-144.172053332905,0.8282371967813639
Smoothed MA,i009,BNBUSDT,False,fee0.07,4051,-0.13558542287451944,-549.2565480646782,0.5240372577008466
Smoothed MA,i009,BNBUSDT,False,slip3,4051,-0.10116233660735588,-409.80862559639866,0.6074259993761956
Smoothed MA,i009,BNBUSDT,False,no_funding,4051,-0.09564034835151047,-387.4390511719689,0.6224762728349119
Smoothed MA,i009,BNBUSDT,True,baseline,1269,-0.11703004717527973,-148.51112986542998,0.7579520613633695
Smoothed MA,i009,BNBUSDT,True,tp0.80,1399,-0.12612684426691156,-176.45145512940928,0.707229248520592
Smoothed MA,i009,BNBUSDT,True,tp1.80,1190,-0.10252448980659003,-122.00414286984214,0.8004473817977413
Smoothed MA,i009,BNBUSDT,True,sl0.50,1533,-0.09884747831682177,-151.53318425968777,0.7510524212607839
Smoothed MA,i009,BNBUSDT,True,sl1.20,1126,-0.1369567155251594,-154.21326168132947,0.7497091307019631
Smoothed MA,i009,BNBUSDT,True,fee0.02,1269,-0.05702950078784202,-72.37043649977151,0.8725341732348315
Smoothed MA,i009,BNBUSDT,True,fee0.07,1269,-0.15703041143357155,-199.2715921092023,0.6908370096421654
Smoothed MA,i009,BNBUSDT,True,slip3,1269,-0.1225634242754752,-155.53298540557802,0.7482682883553095
Smoothed MA,i009,BNBUSDT,True,no_funding,1269,-0.11617952550467296,-147.43181786543,0.7594791584932218
Adaptive MA,i010,BNBUSDT,False,baseline,3544,-0.10200504747136967,-361.5058882385341,0.6274982421033307
Adaptive MA,i010,BNBUSDT,False,tp0.80,3700,-0.10049332913541968,-371.8253178010528,0.6144596065605993
Adaptive MA,i010,BNBUSDT,False,tp1.80,3444,-0.09612214015206967,-331.0446506837279,0.656196483339753
Adaptive MA,i010,BNBUSDT,False,sl0.50,3828,-0.09692319590813134,-371.02199393632674,0.6416275734990798
Adaptive MA,i010,BNBUSDT,False,sl1.20,3460,-0.09914524884378488,-343.0425609994957,0.6318773699587278
Adaptive MA,i010,BNBUSDT,False,fee0.02,3544,-0.04200670280910813,-148.8717547554792,0.815660645139353
Adaptive MA,i010,BNBUSDT,False,fee0.07,3544,-0.14200394391287738,-503.2619772272374,0.534579363001376
Adaptive MA,i010,BNBUSDT,False,slip3,3544,-0.10757152764040738,-381.23349395760374,0.6132810257464344
Adaptive MA,i010,BNBUSDT,False,no_funding,3544,-0.10215259205376245,-362.02878623853417,0.6270386219422895
Adaptive MA,i010,BNBUSDT,True,baseline,1210,-0.12481025485510308,-151.02040837467473,0.744686946459827
Adaptive MA,i010,BNBUSDT,True,tp0.80,1315,-0.1387465340169508,-182.45169223229033,0.6829937610757074
Adaptive MA,i010,BNBUSDT,True,tp1.80,1145,-0.12661957278900332,-144.97941084340883,0.7589553418570004
Adaptive MA,i010,BNBUSDT,True,sl0.50,1437,-0.09645064133615619,-138.59957160005644,0.7556932028493244
Adaptive MA,i010,BNBUSDT,True,sl1.20,1077,-0.13768938280764365,-148.2914652838322,0.7503924699794684
Adaptive MA,i010,BNBUSDT,True,fee0.02,1210,-0.06481043686975012,-78.42062861239765,0.856726681696444
Adaptive MA,i010,BNBUSDT,True,fee0.07,1210,-0.16481013351200502,-199.4202615495261,0.6789881119660212
Adaptive MA,i010,BNBUSDT,True,slip3,1210,-0.1303515032361424,-157.7253189157323,0.7351845382398279
Adaptive MA,i010,BNBUSDT,True,no_funding,1210,-0.1240157094005576,-150.0590083746747,0.7460409876879045
Multi-Timeframe MA,i011,BNBUSDT,False,baseline,1461,-0.05915354369396491,-86.42332733688272,0.8044870113240956
Multi-Timeframe MA,i011,BNBUSDT,False,tp0.80,1500,-0.06687674134719736,-100.31511202079604,0.7569730438457977
Multi-Timeframe MA,i011,BNBUSDT,False,tp1.80,1436,-0.059888584192711154,-86.00000690073321,0.812103639856265
Multi-Timeframe MA,i011,BNBUSDT,False,sl0.50,1574,-0.07167082525588797,-112.80987895276766,0.7565558857764858
Multi-Timeframe MA,i011,BNBUSDT,False,sl1.20,1412,-0.05899023798030538,-83.29421602819119,0.803862763318217
Multi-Timeframe MA,i011,BNBUSDT,False,fee0.02,1461,0.0008494213596317608,1.2410046064220026,1.003295956906791
Multi-Timeframe MA,i011,BNBUSDT,False,fee0.07,1461,-0.09915552039636269,-144.86621529908587,0.701872926380336
Multi-Timeframe MA,i011,BNBUSDT,False,slip3,1461,-0.0647498204100417,-94.59948761907091,0.7889249981601997
Multi-Timeframe MA,i011,BNBUSDT,False,no_funding,1461,-0.059135171346257856,-86.39648533688273,0.804598588302041
Multi-Timeframe MA,i011,BNBUSDT,True,baseline,515,-0.12052440615396463,-62.070069169291784,0.7450050436394071
Multi-Timeframe MA,i011,BNBUSDT,True,tp0.80,537,-0.12218124994748181,-65.61133122179773,0.7093635196812791
Multi-Timeframe MA,i011,BNBUSDT,True,tp1.80,506,-0.13611054151121338,-68.87193400467396,0.736158511687193
Multi-Timeframe MA,i011,BNBUSDT,True,sl0.50,593,-0.11338230319243148,-67.23570579311186,0.7135224383649997
Multi-Timeframe MA,i011,BNBUSDT,True,sl1.20,472,-0.1506374526840289,-71.10087766686163,0.7184214275890765
Multi-Timeframe MA,i011,BNBUSDT,True,fee0.02,515,-0.060536276581634005,-31.17618243954151,0.8610881600623437
Multi-Timeframe MA,i011,BNBUSDT,True,fee0.07,515,-0.1605164925355184,-82.66599365579197,0.6772999597274633
Multi-Timeframe MA,i011,BNBUSDT,True,slip3,515,-0.12609679580183186,-64.93984983794341,0.7351515532580295
Multi-Timeframe MA,i011,BNBUSDT,True,no_funding,515,-0.11994374790153745,-61.771030169291784,0.7461381137292092
WMA,i012,BNBUSDT,False,baseline,5470,-0.10088907184231327,-551.8632229774537,0.5868356480917898
WMA,i012,BNBUSDT,False,tp0.80,5695,-0.10237689944543474,-583.0364423417509,0.5720737974729282
WMA,i012,BNBUSDT,False,tp1.80,5322,-0.1024621855649151,-545.3037515764781,0.5833071883069668
WMA,i012,BNBUSDT,False,sl0.50,5789,-0.09685014252436645,-560.6654750735574,0.5959319997832642
WMA,i012,BNBUSDT,False,sl1.20,5359,-0.09592797151181158,-514.0779993317983,0.5984758962588338
WMA,i012,BNBUSDT,False,fee0.02,5470,-0.04088905878341695,-223.6631515452907,0.7951271005303793
WMA,i012,BNBUSDT,False,fee0.07,5470,-0.14088908054824417,-770.6632705988956,0.4877321969347392
WMA,i012,BNBUSDT,False,slip3,5470,-0.10648381606922411,-582.4664738986559,0.5714280515197162
WMA,i012,BNBUSDT,False,no_funding,5470,-0.10096158080026575,-552.2598469774537,0.5865325699865777
WMA,i012,BNBUSDT,True,baseline,1639,-0.13508837820741848,-221.4098518819589,0.7251713201944869
WMA,i012,BNBUSDT,True,tp0.80,1843,-0.11992164616843634,-221.01559388842819,0.7204396028956557
WMA,i012,BNBUSDT,True,tp1.80,1493,-0.1330747602015729,-198.68061698094837,0.7458341688870526
WMA,i012,BNBUSDT,True,sl0.50,1988,-0.11014685201906453,-218.9719418139003,0.724677834187294
WMA,i012,BNBUSDT,True,sl1.20,1414,-0.14787907191281116,-209.10100768471497,0.7323596347164205
WMA,i012,BNBUSDT,True,fee0.02,1639,-0.07508476338694821,-123.06392719120811,0.8348268718654066
WMA,i012,BNBUSDT,True,fee0.07,1639,-0.175090788087732,-286.9738016757928,0.6609807960720904
WMA,i012,BNBUSDT,True,slip3,1639,-0.14062637017149604,-230.48662071108203,0.7159027970598786
WMA,i012,BNBUSDT,True,no_funding,1639,-0.13421770523609455,-219.98281888195893,0.7266631121779509
McGinley Dynamic,i013,BNBUSDT,False,baseline,2837,-0.08949856848142654,-253.9074387818071,0.6725589815862142
McGinley Dynamic,i013,BNBUSDT,False,tp0.80,2936,-0.1017966552273459,-298.8749797474876,0.6127183013633896
McGinley Dynamic,i013,BNBUSDT,False,tp1.80,2760,-0.08956014404907753,-247.18599757545397,0.6794805863847379
McGinley Dynamic,i013,BNBUSDT,False,sl0.50,3050,-0.0920197623433647,-280.6602751472623,0.6631741632833517
McGinley Dynamic,i013,BNBUSDT,False,sl1.20,2775,-0.08572072988235499,-237.8750254235351,0.6814786124700949
McGinley Dynamic,i013,BNBUSDT,False,fee0.02,2837,-0.029500363164630266,-83.69253029805606,0.8696980205898358
McGinley Dynamic,i013,BNBUSDT,False,fee0.07,2837,-0.12949737202595737,-367.3840444376411,0.5754807396351233
McGinley Dynamic,i013,BNBUSDT,False,slip3,2837,-0.09507036176157638,-269.7146163175922,0.6576941612544407
McGinley Dynamic,i013,BNBUSDT,False,no_funding,2837,-0.08955829777293163,-254.07689078180704,0.6723330119117007
McGinley Dynamic,i013,BNBUSDT,True,baseline,953,-0.12019019344809534,-114.54125435603486,0.7517365472670337
McGinley Dynamic,i013,BNBUSDT,True,tp0.80,1015,-0.1363126611321947,-138.35735104917762,0.6872567212109639
McGinley Dynamic,i013,BNBUSDT,True,tp1.80,906,-0.10595244281433064,-95.99291318978356,0.7944326451610372
McGinley Dynamic,i013,BNBUSDT,True,sl0.50,1137,-0.09641736433957973,-109.62654325410215,0.7558442312614723
McGinley Dynamic,i013,BNBUSDT,True,sl1.20,856,-0.1453138357705132,-124.38864341955932,0.7372538715480638
McGinley Dynamic,i013,BNBUSDT,True,fee0.02,953,-0.06018679861355056,-57.35801907871368,0.8656052491498345
McGinley Dynamic,i013,BNBUSDT,True,fee0.07,953,-0.16019245667112522,-152.66341120758233,0.6849481372003811
McGinley Dynamic,i013,BNBUSDT,True,slip3,953,-0.12574736998344235,-119.83724359422057,0.7420705982423935
McGinley Dynamic,i013,BNBUSDT,True,no_funding,953,-0.11961449145439125,-113.99261035603485,0.7528074886375725
Guppy MMA,i014,BNBUSDT,False,baseline,1181,-0.08237619915338971,-97.28629120015324,0.818219159496387
Guppy MMA,i014,BNBUSDT,False,tp0.80,1211,-0.08369550373004377,-101.355255017083,0.7898140304496836
Guppy MMA,i014,BNBUSDT,False,tp1.80,1163,-0.061482579809650745,-71.50424031862381,0.8714099570191023
Guppy MMA,i014,BNBUSDT,False,sl0.50,1342,-0.07796990282039368,-104.63560958496831,0.7936464030745668
Guppy MMA,i014,BNBUSDT,False,sl1.20,1049,-0.07644859777999609,-80.1945790712159,0.8442908651380001
Guppy MMA,i014,BNBUSDT,False,fee0.02,1181,-0.02237499925754824,-26.42487412316447,0.9464482540034057
Guppy MMA,i014,BNBUSDT,False,fee0.07,1181,-0.12237699908395072,-144.5272359181458,0.7434748738000677
Guppy MMA,i014,BNBUSDT,False,slip3,1181,-0.08791564269884314,-103.82837402733374,0.807388437942967
Guppy MMA,i014,BNBUSDT,False,no_funding,1181,-0.08237066909411792,-97.27976020015325,0.8182505061038831
Guppy MMA,i014,BNBUSDT,True,baseline,601,-0.0766073420716349,-46.04101258505258,0.8330850043507132
Guppy MMA,i014,BNBUSDT,True,tp0.80,623,-0.09706686657710076,-60.47265787753378,0.7636443459463712
Guppy MMA,i014,BNBUSDT,True,tp1.80,590,-0.03950518239227939,-23.308057611444838,0.9186437768536674
Guppy MMA,i014,BNBUSDT,True,sl0.50,672,-0.08774973041501682,-58.967818838891304,0.7738898695957677
Guppy MMA,i014,BNBUSDT,True,sl1.20,556,-0.07552430755798868,-41.991515002241705,0.8503971916734462
Guppy MMA,i014,BNBUSDT,True,fee0.02,601,-0.016611542135100167,-9.9835368231952,0.9609115547779119
Guppy MMA,i014,BNBUSDT,True,fee0.07,601,-0.11660454202932474,-70.07932975962416,0.7580071455460163
Guppy MMA,i014,BNBUSDT,True,slip3,601,-0.08217854885794539,-49.389307863625184,0.8221757189191917
Guppy MMA,i014,BNBUSDT,True,no_funding,601,-0.07625027551589447,-45.82641558505258,0.8337926136681716
MA Cross,i015,BNBUSDT,False,baseline,1577,-0.10105025867582715,-159.3562579317794,0.7490674782613758
MA Cross,i015,BNBUSDT,False,tp0.80,1652,-0.11121853107917716,-183.7330133428007,0.7001985578470096
MA Cross,i015,BNBUSDT,False,tp1.80,1520,-0.0951670453240343,-144.65390889253214,0.7759724840479341
MA Cross,i015,BNBUSDT,False,sl0.50,1749,-0.11074306828964905,-193.6896264385962,0.688898629554109
MA Cross,i015,BNBUSDT,False,sl1.20,1441,-0.09129552790474373,-131.5568557107357,0.780161572632692
MA Cross,i015,BNBUSDT,False,fee0.02,1577,-0.04104947239155155,-64.7350179614768,0.8873972655085415
MA Cross,i015,BNBUSDT,False,fee0.07,1577,-0.14105078286534423,-222.43708457864787,0.671020444255136
MA Cross,i015,BNBUSDT,False,slip3,1577,-0.10659955400079317,-168.1074966592508,0.7376460951211022
MA Cross,i015,BNBUSDT,False,no_funding,1577,-0.10139419906897869,-159.8986519317794,0.7483634994157429
MA Cross,i015,BNBUSDT,True,baseline,676,-0.12851903674905837,-86.87886884236346,0.7293239619527128
MA Cross,i015,BNBUSDT,True,tp0.80,694,-0.1349807147616499,-93.67661604458503,0.6840956698579471
MA Cross,i015,BNBUSDT,True,tp1.80,665,-0.08112128418952844,-53.94565398603641,0.8369121763761492
MA Cross,i015,BNBUSDT,True,sl0.50,725,-0.12976938227186738,-94.08280214710385,0.6758839992666096
MA Cross,i015,BNBUSDT,True,sl1.20,640,-0.1306973615850351,-83.64631141442246,0.7527060045216808
MA Cross,i015,BNBUSDT,True,fee0.02,676,-0.06850971691452888,-46.31256863422152,0.8438873204930387
MA Cross,i015,BNBUSDT,True,fee0.07,676,-0.16852524997207813,-113.92306898112481,0.6624112293117851
MA Cross,i015,BNBUSDT,True,slip3,676,-0.1340727053919687,-90.63314884497085,0.7196110187119072
MA Cross,i015,BNBUSDT,True,no_funding,676,-0.12835304414550813,-86.76665784236349,0.7295568060611363
EMA Cross,i016,BNBUSDT,False,baseline,1346,-0.08372130748683872,-112.6888798772849,0.7917110991369416
EMA Cross,i016,BNBUSDT,False,tp0.80,1391,-0.08068195107037633,-112.22859393889348,0.7742442562436257
EMA Cross,i016,BNBUSDT,False,tp1.80,1309,-0.08567089488397406,-112.14320140312203,0.799242324044429
EMA Cross,i016,BNBUSDT,False,sl0.50,1499,-0.11172774737113474,-167.47989330933098,0.6963992537916601
EMA Cross,i016,BNBUSDT,False,sl1.20,1239,-0.08572824802543727,-106.21729930351678,0.7952101725110231
EMA Cross,i016,BNBUSDT,False,fee0.02,1346,-0.023725545356175916,-31.934584049412784,0.9345165730555883
EMA Cross,i016,BNBUSDT,False,fee0.07,1346,-0.12371848224061392,-166.52507709586635,0.711334615794267
EMA Cross,i016,BNBUSDT,False,slip3,1346,-0.08929407154482856,-120.18982029933925,0.77988289010119
EMA Cross,i016,BNBUSDT,False,no_funding,1346,-0.08419968638728449,-113.33277787728493,0.7907272070827033
EMA Cross,i016,BNBUSDT,True,baseline,546,-0.07942196138119521,-43.364390914132585,0.8263525375006592
EMA Cross,i016,BNBUSDT,True,tp0.80,559,-0.06871621383376873,-38.41236353307673,0.8251533469530857
EMA Cross,i016,BNBUSDT,True,tp1.80,544,-0.0561252719385802,-30.532147934587627,0.8857524976153014
EMA Cross,i016,BNBUSDT,True,sl0.50,595,-0.08582437387088335,-51.06550245317559,0.7780176479629785
EMA Cross,i016,BNBUSDT,True,sl1.20,507,-0.08694821065808421,-44.08274280364869,0.8323797731197087
EMA Cross,i016,BNBUSDT,True,fee0.02,546,-0.01941978763251022,-10.60320404735058,0.9541260487521591
EMA Cross,i016,BNBUSDT,True,fee0.07,546,-0.11942341054698524,-65.20518215865394,0.7514994550140975
EMA Cross,i016,BNBUSDT,True,slip3,546,-0.08502708730781802,-46.42478967006864,0.8154136497290191
EMA Cross,i016,BNBUSDT,True,no_funding,546,-0.07926948152771536,-43.28113691413258,0.8266839791342616
MA-EMA Cross,i017,BNBUSDT,False,baseline,3299,-0.08344813244870196,-275.29538894826777,0.7335024636886359
MA-EMA Cross,i017,BNBUSDT,False,tp0.80,3537,-0.09063039494272333,-320.5597069124124,0.701798149299866
MA-EMA Cross,i017,BNBUSDT,False,tp1.80,3148,-0.07887223677501591,-248.28980136775004,0.7509697725585237
MA-EMA Cross,i017,BNBUSDT,False,sl0.50,3639,-0.08682359668276175,-315.95106832857,0.7049795861274769
MA-EMA Cross,i017,BNBUSDT,False,sl1.20,3131,-0.09531183518661672,-298.42135596929694,0.7098417952270426
MA-EMA Cross,i017,BNBUSDT,False,fee0.02,3299,-0.02344579875709786,-77.34769009966584,0.9147430731866172
MA-EMA Cross,i017,BNBUSDT,False,fee0.07,3299,-0.12344968824310472,-407.26052151400245,0.636430195433551
MA-EMA Cross,i017,BNBUSDT,False,slip3,3299,-0.08900661459291796,-293.63282154203637,0.7190110088807202
MA-EMA Cross,i017,BNBUSDT,False,no_funding,3299,-0.08353205272757434,-275.57224194826773,0.7332812690622231
MA-EMA Cross,i017,BNBUSDT,True,baseline,1363,-0.1265306985247857,-172.4613420892829,0.7418061783258886
MA-EMA Cross,i017,BNBUSDT,True,tp0.80,1466,-0.10397861622427486,-152.43265138478694,0.7526941300936272
MA-EMA Cross,i017,BNBUSDT,True,tp1.80,1265,-0.12059434074348904,-152.55184104051364,0.7678606651243516
MA-EMA Cross,i017,BNBUSDT,True,sl0.50,1554,-0.1178127552322902,-183.08102163097897,0.7062176298934612
MA-EMA Cross,i017,BNBUSDT,True,sl1.20,1203,-0.12499803267748176,-150.37263331101056,0.7675125204807298
MA-EMA Cross,i017,BNBUSDT,True,fee0.02,1363,-0.06653136532602837,-90.68225093937666,0.8534294312945293
MA-EMA Cross,i017,BNBUSDT,True,fee0.07,1363,-0.16653025399062396,-226.98073618922047,0.6762654374691788
MA-EMA Cross,i017,BNBUSDT,True,slip3,1363,-0.1320790553052991,-180.02375238112265,0.7323345687594299
MA-EMA Cross,i017,BNBUSDT,True,no_funding,1363,-0.12584443806990675,-171.52596908928294,0.7430191365137153
SuperTrend,i018,BNBUSDT,False,baseline,917,-0.022025463249403274,-20.197349799702803,0.9475934417566483
SuperTrend,i018,BNBUSDT,False,tp0.80,934,-0.039912078405741555,-37.27788123096261,0.8931176392977703
SuperTrend,i018,BNBUSDT,False,tp1.80,891,-0.015981372369932696,-14.239402781610034,0.9649074799484384
SuperTrend,i018,BNBUSDT,False,sl0.50,973,-0.060853070698374964,-59.21003778951884,0.8349941273461987
SuperTrend,i018,BNBUSDT,False,sl1.20,850,-0.02748762104425429,-23.364477887616147,0.9408215713192574
SuperTrend,i018,BNBUSDT,False,fee0.02,917,0.03795935224236744,34.80872600625094,1.0979602214224256
SuperTrend,i018,BNBUSDT,False,fee0.07,917,-0.06201534024391709,-56.868067003671975,0.8598682310245785
SuperTrend,i018,BNBUSDT,False,slip3,917,-0.027612619293286914,-25.320771891944098,0.9347778413318771
SuperTrend,i018,BNBUSDT,False,no_funding,917,-0.02285356248604449,-20.9567167997028,0.9457062355865312
SuperTrend,i018,BNBUSDT,True,baseline,328,0.01997588122025951,6.55208904024512,1.0490018668644348
SuperTrend,i018,BNBUSDT,True,tp0.80,329,0.0177802688513299,5.849708452087538,1.0522936989097769
SuperTrend,i018,BNBUSDT,True,tp1.80,327,0.03862037825099574,12.628863688075608,1.0856648592970881
SuperTrend,i018,BNBUSDT,True,sl0.50,336,-0.011902547229723608,-3.9992558691871323,0.9669743014404739
SuperTrend,i018,BNBUSDT,True,sl1.20,323,0.0024597401266650003,0.794496060912795,1.0054404756252457
SuperTrend,i018,BNBUSDT,True,fee0.02,328,0.07996306834542073,26.227886417298002,1.2120569973423128
SuperTrend,i018,BNBUSDT,True,fee0.07,328,-0.020015576863181325,-6.565109211123474,0.9532698963690661
SuperTrend,i018,BNBUSDT,True,slip3,328,0.014376256544238202,4.71541214651013,1.0350215375831975
SuperTrend,i018,BNBUSDT,True,no_funding,328,0.019958353781235123,6.54634004024512,1.04895085880931
Ichimoku Cloud,i019,BNBUSDT,False,baseline,1225,-0.054493738541985616,-66.75482971393238,0.8654559459974729
Ichimoku Cloud,i019,BNBUSDT,False,tp0.80,1277,-0.06611826362530206,-84.43302264951073,0.8175438031584058
Ichimoku Cloud,i019,BNBUSDT,False,tp1.80,1203,-0.047562327208763945,-57.21747963214303,0.8902478856161241
Ichimoku Cloud,i019,BNBUSDT,False,sl0.50,1452,-0.06039457484562083,-87.69292267584144,0.831810382977316
Ichimoku Cloud,i019,BNBUSDT,False,sl1.20,1092,-0.04513588656705232,-49.28838813122114,0.8923807936778286
Ichimoku Cloud,i019,BNBUSDT,False,fee0.02,1225,0.005503121073991276,6.741323315639313,1.0149693854146418
Ichimoku Cloud,i019,BNBUSDT,False,fee0.07,1225,-0.09449164495263687,-115.75226506698017,0.7803403210109469
Ichimoku Cloud,i019,BNBUSDT,False,slip3,1225,-0.0600184440445252,-73.52259395454337,0.8530762085918514
Ichimoku Cloud,i019,BNBUSDT,False,no_funding,1225,-0.05447897201137337,-66.73674071393238,0.8654965734033699
Ichimoku Cloud,i019,BNBUSDT,True,baseline,529,-0.03980210888663668,-21.055315601030806,0.9106595993788485
Ichimoku Cloud,i019,BNBUSDT,True,tp0.80,559,-0.04313809889782001,-24.114197283881385,0.8876184376975477
Ichimoku Cloud,i019,BNBUSDT,True,tp1.80,517,-0.03194576067161726,-16.51595826722612,0.9340226318848422
Ichimoku Cloud,i019,BNBUSDT,True,sl0.50,612,-0.038812173607545346,-23.753050247817754,0.8963152025047532
Ichimoku Cloud,i019,BNBUSDT,True,sl1.20,475,-0.04453819904781123,-21.155644547710335,0.9089445790553581
Ichimoku Cloud,i019,BNBUSDT,True,fee0.02,529,0.02019765722496275,10.684560672005295,1.0490675711492905
Ichimoku Cloud,i019,BNBUSDT,True,fee0.07,529,-0.07980195296103633,-42.21523311638823,0.8295714898942509
Ichimoku Cloud,i019,BNBUSDT,True,slip3,529,-0.04532738475766893,-23.978186536806867,0.8989734976467272
Ichimoku Cloud,i019,BNBUSDT,True,no_funding,529,-0.03959170434977468,-20.944011601030805,0.911108955137388
Parabolic SAR,i020,BNBUSDT,False,baseline,2428,-0.08744397679876777,-212.31397566740813,0.7633771913203745
Parabolic SAR,i020,BNBUSDT,False,tp0.80,2578,-0.10391017451486877,-267.88042989933166,0.7016237940314602
Parabolic SAR,i020,BNBUSDT,False,tp1.80,2281,-0.09507934836537753,-216.87599362142612,0.7516676994743202
Parabolic SAR,i020,BNBUSDT,False,sl0.50,2737,-0.1010736231969689,-276.6385066901039,0.7006894020249294
Parabolic SAR,i020,BNBUSDT,False,sl1.20,2255,-0.09959376982947936,-224.58395096547594,0.7433310737081108
Parabolic SAR,i020,BNBUSDT,False,fee0.02,2428,-0.027444932377647297,-66.63629581292764,0.9171992439566691
Parabolic SAR,i020,BNBUSDT,False,fee0.07,2428,-0.12744333974618138,-309.4324289037284,0.6777606741884177
Parabolic SAR,i020,BNBUSDT,False,slip3,2428,-0.09300509642303699,-225.8163741151338,0.7507393709915752
Parabolic SAR,i020,BNBUSDT,False,no_funding,2428,-0.08768220414637895,-212.8923916674081,0.7628088691255065
Parabolic SAR,i020,BNBUSDT,True,baseline,1018,-0.12813797235791108,-130.44445586035346,0.7365670327318417
Parabolic SAR,i020,BNBUSDT,True,tp0.80,1081,-0.1308034704084158,-141.3985515114975,0.69841649166355
Parabolic SAR,i020,BNBUSDT,True,tp1.80,968,-0.10268576427371387,-99.39981981695503,0.8015646867886582
Parabolic SAR,i020,BNBUSDT,True,sl0.50,1132,-0.1278263754865185,-144.69945705073894,0.6847879892114527
Parabolic SAR,i020,BNBUSDT,True,sl1.20,928,-0.13329129195178896,-123.69431893126017,0.7553185916732672
Parabolic SAR,i020,BNBUSDT,True,fee0.02,1018,-0.0681296099742748,-69.35594295381173,0.8487617419107777
Parabolic SAR,i020,BNBUSDT,True,fee0.07,1018,-0.16814354728033526,-171.1701311313813,0.670820793620342
Parabolic SAR,i020,BNBUSDT,True,slip3,1018,-0.13369878170321334,-136.10535977387116,0.7270192093737962
Parabolic SAR,i020,BNBUSDT,True,no_funding,1018,-0.12736883581567138,-129.66147486035345,0.7378865662436543
Directional Movement,i021,BNBUSDT,False,baseline,2026,-0.07999671803640815,-162.0733507417629,0.7309887905441707
Directional Movement,i021,BNBUSDT,False,tp0.80,2096,-0.0861221477730836,-180.5120217323832,0.689358446251678
Directional Movement,i021,BNBUSDT,False,tp1.80,1970,-0.07650385949567051,-150.7126032064709,0.7476747840539181
Directional Movement,i021,BNBUSDT,False,sl0.50,2241,-0.08307723484806351,-186.1760832945103,0.7144334838404557
Directional Movement,i021,BNBUSDT,False,sl1.20,1953,-0.07200376040092826,-140.62334406301292,0.7534699950275471
Directional Movement,i021,BNBUSDT,False,fee0.02,2026,-0.020000853772122153,-40.52172974231948,0.9211835368969766
Directional Movement,i021,BNBUSDT,False,fee0.07,2026,-0.11999396087926546,-243.1077647413918,0.6332553336919652
Directional Movement,i021,BNBUSDT,False,slip3,2026,-0.08553721066858172,-173.29838881454657,0.7162954076760216
Directional Movement,i021,BNBUSDT,False,no_funding,2026,-0.08016848062278524,-162.4213417417629,0.7306160912774692
Directional Movement,i021,BNBUSDT,True,baseline,757,-0.09173998958363672,-69.447172114813,0.8034384641348046
Directional Movement,i021,BNBUSDT,True,tp0.80,791,-0.1087202299911864,-85.99770192302843,0.7384434484544752
Directional Movement,i021,BNBUSDT,True,tp1.80,724,-0.07170755536239065,-51.91627008237083,0.8553765775919351
Directional Movement,i021,BNBUSDT,True,sl0.50,870,-0.0852729852729225,-74.18749718744257,0.7817546916470469
Directional Movement,i021,BNBUSDT,True,sl1.20,686,-0.11320256987154531,-77.65696293188009,0.7849824206400616
Directional Movement,i021,BNBUSDT,True,fee0.02,757,-0.03174455756548415,-24.030630077071503,0.9264541752272811
Directional Movement,i021,BNBUSDT,True,fee0.07,757,-0.13173694426240512,-99.72486680664068,0.7313783694787378
Directional Movement,i021,BNBUSDT,True,slip3,757,-0.09726216737361475,-73.62746070182637,0.7930611000044947
Directional Movement,i021,BNBUSDT,True,no_funding,757,-0.09111487333528796,-68.97395911481298,0.804590881889195
Vortex,i022,BNBUSDT,False,baseline,2579,-0.08767153182114205,-226.10488056672534,0.7198171515259599
Vortex,i022,BNBUSDT,False,tp0.80,2670,-0.09947426335832456,-265.5962831667266,0.6607229664845571
Vortex,i022,BNBUSDT,False,tp1.80,2500,-0.07810457964693704,-195.26144911734258,0.7575723124786061
Vortex,i022,BNBUSDT,False,sl0.50,2836,-0.09175743171395657,-260.2240763407808,0.6867368422499822
Vortex,i022,BNBUSDT,False,sl1.20,2430,-0.07904033470283162,-192.06801332788083,0.7431180224984787
Vortex,i022,BNBUSDT,False,fee0.02,2579,-0.027672042682146722,-71.3661980772564,0.8982777670394007
Vortex,i022,BNBUSDT,False,fee0.07,2579,-0.12767119124713894,-329.26400222637136,0.6260301964332181
Vortex,i022,BNBUSDT,False,slip3,2579,-0.09321267726355337,-240.39549466270412,0.7057931197439389
Vortex,i022,BNBUSDT,False,no_funding,2579,-0.08797198044463952,-226.87973756672534,0.7190197514514413
Vortex,i022,BNBUSDT,True,baseline,951,-0.08381163324270044,-79.70486321380812,0.8187969237176733
Vortex,i022,BNBUSDT,True,tp0.80,1017,-0.09591543220799939,-97.54599455553537,0.7662247755582007
Vortex,i022,BNBUSDT,True,tp1.80,916,-0.05852824585090352,-53.61187319942763,0.8812072043620659
Vortex,i022,BNBUSDT,True,sl0.50,1066,-0.0733061464015132,-78.14435206401306,0.8085302287818538
Vortex,i022,BNBUSDT,True,sl1.20,870,-0.09814656646282266,-85.38751282265571,0.810942129109062
Vortex,i022,BNBUSDT,True,fee0.02,951,-0.023812322472306923,-22.645518671163885,0.9443383872125634
Vortex,i022,BNBUSDT,True,fee0.07,951,-0.12381117375629613,-117.74442624223762,0.7452026212589623
Vortex,i022,BNBUSDT,True,slip3,951,-0.08935068277215082,-84.97249931631544,0.8081755317977083
Vortex,i022,BNBUSDT,True,no_funding,951,-0.0832658435476426,-79.18581721380812,0.8199011322040184
Williams Alligator,i023,BNBUSDT,False,baseline,1509,-0.05985677356915484,-90.32387131585466,0.848708158347849
Williams Alligator,i023,BNBUSDT,False,tp0.80,1578,-0.07273496420967258,-114.77577352286335,0.7946268910132536
Williams Alligator,i023,BNBUSDT,False,tp1.80,1464,-0.056435788402007594,-82.62199422053912,0.8661626212917645
Williams Alligator,i023,BNBUSDT,False,sl0.50,1710,-0.08134780567050709,-139.10474769656713,0.7705211294615181
Williams Alligator,i023,BNBUSDT,False,sl1.20,1381,-0.04167315246970913,-57.55062356066831,0.8990032258002508
Williams Alligator,i023,BNBUSDT,False,fee0.02,1509,0.00014746087144807812,0.22251845501514989,1.0004087695376602
Williams Alligator,i023,BNBUSDT,False,fee0.07,1509,-0.0998595965295568,-150.6881311631012,0.7620140005323008
Williams Alligator,i023,BNBUSDT,False,slip3,1509,-0.06540472532143882,-98.69573051005118,0.8360471209847542
Williams Alligator,i023,BNBUSDT,False,no_funding,1509,-0.05995731366193151,-90.47558631585464,0.8484943275044868
Williams Alligator,i023,BNBUSDT,True,baseline,749,-0.0732807076671681,-54.8872500427089,0.838946374751105
Williams Alligator,i023,BNBUSDT,True,tp0.80,798,-0.09983900673868756,-79.67152737747269,0.7555796271941593
Williams Alligator,i023,BNBUSDT,True,tp1.80,711,-0.06672330924121136,-47.440272870501275,0.8634678957269313
Williams Alligator,i023,BNBUSDT,True,sl0.50,821,-0.09609331212664725,-78.89260925597739,0.7553033184457102
Williams Alligator,i023,BNBUSDT,True,sl1.20,711,-0.07113399192239818,-50.57626825682511,0.8600611482383709
Williams Alligator,i023,BNBUSDT,True,fee0.02,749,-0.013282511314819244,-9.948600974799614,0.9683458775047298
Williams Alligator,i023,BNBUSDT,True,fee0.07,749,-0.1132795052354007,-84.84634942131513,0.7634533509463926
Williams Alligator,i023,BNBUSDT,True,slip3,749,-0.0788552554084992,-59.062586300965904,0.82795827483015
Williams Alligator,i023,BNBUSDT,True,no_funding,749,-0.07287232181937103,-54.58136904270891,0.8397680483531219
Williams Fractal,i024,BNBUSDT,False,baseline,2265,-0.1000827492219469,-226.68742698770976,0.7661573759196726
Williams Fractal,i024,BNBUSDT,False,tp0.80,2511,-0.09164196940178934,-230.11298516789304,0.7604653995051005
Williams Fractal,i024,BNBUSDT,False,tp1.80,2060,-0.08760211445027186,-180.46035576756,0.8023906331939952
Williams Fractal,i024,BNBUSDT,False,sl0.50,2604,-0.10131222351362956,-263.8170300294914,0.7261061895114859
Williams Fractal,i024,BNBUSDT,False,sl1.20,2057,-0.08603948696149284,-176.98322467979074,0.8090353665849748
Williams Fractal,i024,BNBUSDT,False,fee0.02,2265,-0.04008662682945573,-90.79620976871723,0.8971493311231951
Williams Fractal,i024,BNBUSDT,False,fee0.07,2265,-0.14008016415027438,-317.28157180037147,0.6913755258566585
Williams Fractal,i024,BNBUSDT,False,slip3,2265,-0.1056202122743118,-239.22978080131622,0.7552588870707229
Williams Fractal,i024,BNBUSDT,False,no_funding,2265,-0.10027847107625155,-227.13073698770975,0.7658257689988766
Williams Fractal,i024,BNBUSDT,True,baseline,1065,-0.09317078253542532,-99.22688340022796,0.804951838361563
Williams Fractal,i024,BNBUSDT,True,tp0.80,1162,-0.09703807738217467,-112.75824591808697,0.7691395721177725
Williams Fractal,i024,BNBUSDT,True,tp1.80,968,-0.06839626985702524,-66.20758922160044,0.8650357641772285
Williams Fractal,i024,BNBUSDT,True,sl0.50,1191,-0.09829494911012515,-117.06928439015907,0.752564268585091
Williams Fractal,i024,BNBUSDT,True,sl1.20,981,-0.07359529728642998,-72.1969866379878,0.8578355017128136
Williams Fractal,i024,BNBUSDT,True,fee0.02,1065,-0.03316981804445521,-35.3258562173448,0.9250828261073027
Williams Fractal,i024,BNBUSDT,True,fee0.07,1065,-0.13317142552940542,-141.82756818881677,0.7342631799855185
Williams Fractal,i024,BNBUSDT,True,slip3,1065,-0.098704385937424,-105.12017102335658,0.7947586830817414
Williams Fractal,i024,BNBUSDT,True,no_funding,1065,-0.09256432525842999,-98.58100640022795,0.8060734437950835
Aroon,i025,BNBUSDT,False,baseline,2019,-0.1098827318226287,-221.85323554988736,0.7113662882059172
Aroon,i025,BNBUSDT,False,tp0.80,2125,-0.11286953371878541,-239.84775915241897,0.6783934477730144
Aroon,i025,BNBUSDT,False,tp1.80,1942,-0.0954780777694617,-185.41842702829462,0.7571592719414528
Aroon,i025,BNBUSDT,False,sl0.50,2281,-0.09782132667389755,-223.1304461431603,0.7118169281126117
Aroon,i025,BNBUSDT,False,sl1.20,1854,-0.10094207187594668,-187.14660125800515,0.738518045046336
Aroon,i025,BNBUSDT,False,fee0.02,2019,-0.049886772646402976,-100.72139397308759,0.8541694577949538
Aroon,i025,BNBUSDT,False,fee0.07,2019,-0.14988003794011254,-302.6077966010872,0.6319599547038849
Aroon,i025,BNBUSDT,False,slip3,2019,-0.1153959949337689,-232.98451377127938,0.6997561409085595
Aroon,i025,BNBUSDT,False,no_funding,2019,-0.11018408001480305,-222.46165754988735,0.7107290765141202
Aroon,i025,BNBUSDT,True,baseline,868,-0.11395267086294057,-98.9109183090324,0.7603905857660862
Aroon,i025,BNBUSDT,True,tp0.80,904,-0.1057076499732363,-95.55971557580561,0.7446475071246282
Aroon,i025,BNBUSDT,True,tp1.80,836,-0.07725253997606263,-64.58312341998837,0.8460633986996295
Aroon,i025,BNBUSDT,True,sl0.50,945,-0.09200173665118117,-86.9416411353662,0.7641228795918535
Aroon,i025,BNBUSDT,True,sl1.20,800,-0.10442176782068961,-83.53741425655168,0.799606871344576
Aroon,i025,BNBUSDT,True,fee0.02,868,-0.053959820529947355,-46.8371242199943,0.8774372856793584
Aroon,i025,BNBUSDT,True,fee0.07,868,-0.15394790441826936,-133.6267810350578,0.6917239753930718
Aroon,i025,BNBUSDT,True,slip3,868,-0.11946131102322201,-103.69241796815669,0.7505343285525837
Aroon,i025,BNBUSDT,True,no_funding,868,-0.1135743171763046,-98.5825073090324,0.7611333497950761
Trend Strength Index,i026,BNBUSDT,False,baseline,2031,-0.0864009868549766,-175.48040430245746,0.7646275639281097
Trend Strength Index,i026,BNBUSDT,False,tp0.80,2139,-0.10049440967630056,-214.9575422976069,0.7066050888337867
Trend Strength Index,i026,BNBUSDT,False,tp1.80,1938,-0.09127197693537852,-176.88509130076355,0.7622626940323128
Trend Strength Index,i026,BNBUSDT,False,sl0.50,2289,-0.09458463617340801,-216.50423220093091,0.7182784549899197
Trend Strength Index,i026,BNBUSDT,False,sl1.20,1886,-0.06778967250674073,-127.85132234771301,0.815852086515227
Trend Strength Index,i026,BNBUSDT,False,fee0.02,2031,-0.026402442930637867,-53.623361592125505,0.9194203415404298
Trend Strength Index,i026,BNBUSDT,False,fee0.07,2031,-0.12640001613786908,-256.71843277601215,0.6792435572876179
Trend Strength Index,i026,BNBUSDT,False,slip3,2031,-0.0919420262984137,-186.73425541207826,0.752050914788109
Trend Strength Index,i026,BNBUSDT,False,no_funding,2031,-0.08669395583577423,-176.0754243024575,0.763959069149687
Trend Strength Index,i026,BNBUSDT,True,baseline,863,-0.07782550066433694,-67.16340707332277,0.8341350345053271
Trend Strength Index,i026,BNBUSDT,True,tp0.80,898,-0.09720315517441867,-87.28843334662797,0.7664841394182348
Trend Strength Index,i026,BNBUSDT,True,tp1.80,828,-0.0549460642195291,-45.495341173770086,0.8899414323446523
Trend Strength Index,i026,BNBUSDT,True,sl0.50,940,-0.07152974438508243,-67.23795972197748,0.8155498495651252
Trend Strength Index,i026,BNBUSDT,True,sl1.20,785,-0.09565652291471635,-75.09037048805234,0.8174455054266496
Trend Strength Index,i026,BNBUSDT,True,fee0.02,863,-0.017829702913659817,-15.387033614488422,0.9589488329737664
Trend Strength Index,i026,BNBUSDT,True,fee0.07,863,-0.11782269916478837,-101.68098937921238,0.7608744713493004
Trend Strength Index,i026,BNBUSDT,True,slip3,863,-0.08336753244903673,-71.9461805035187,0.8235465790914237
Trend Strength Index,i026,BNBUSDT,True,no_funding,863,-0.07733727354962082,-66.74206707332277,0.8351127607196324
Zig Zag,i027,BNBUSDT,False,baseline,1464,-0.06180698457164184,-90.48542541288366,0.8704377380787831
Zig Zag,i027,BNBUSDT,False,tp0.80,1545,-0.0774307418680508,-119.63049618613849,0.8161763132511936
Zig Zag,i027,BNBUSDT,False,tp1.80,1368,-0.030841345130455434,-42.190960138463026,0.9373740318938416
Zig Zag,i027,BNBUSDT,False,sl0.50,1557,-0.08917931947598633,-138.85220042411072,0.7809055032742306
Zig Zag,i027,BNBUSDT,False,sl1.20,1284,-0.05978042070753824,-76.7580601884791,0.8839941561001
Zig Zag,i027,BNBUSDT,False,fee0.02,1464,-0.0018049994179489305,-2.642519147877234,0.9959191866696246
Zig Zag,i027,BNBUSDT,False,fee0.07,1464,-0.10180830800743715,-149.04736292288797,0.7965050280782501
Zig Zag,i027,BNBUSDT,False,slip3,1464,-0.06721434098754073,-98.40179520575963,0.8600252234931433
Zig Zag,i027,BNBUSDT,False,no_funding,1464,-0.062149396456887745,-90.98671641288365,0.86976872996517
Zig Zag,i027,BNBUSDT,True,baseline,581,-0.05765992485374227,-33.500416340024266,0.884171880805814
Zig Zag,i027,BNBUSDT,True,tp0.80,588,-0.05850679321538194,-34.40199441064458,0.8603105458970689
Zig Zag,i027,BNBUSDT,True,tp1.80,568,-0.003566105351712771,-2.025547839772854,0.9934211123412797
Zig Zag,i027,BNBUSDT,True,sl0.50,588,-0.07273943593638908,-42.77078833059677,0.8211633856790692
Zig Zag,i027,BNBUSDT,True,sl1.20,562,-0.06241505635479729,-35.07726167139607,0.8922822747354124
Zig Zag,i027,BNBUSDT,True,fee0.02,581,0.002345814494842896,1.3629182215037228,1.0050582804292405
Zig Zag,i027,BNBUSDT,True,fee0.07,581,-0.09766375108613241,-56.742639381042935,0.8123966866261749
Zig Zag,i027,BNBUSDT,True,slip3,581,-0.06307458374989014,-36.646333158686176,0.8740886588938215
Zig Zag,i027,BNBUSDT,True,no_funding,581,-0.057396692495738845,-33.34747834002427,0.8846990154723179
Linear Regression Curve,i028,BNBUSDT,False,baseline,7009,-0.09781974250538329,-685.6185752202315,0.5900281559951835
Linear Regression Curve,i028,BNBUSDT,False,tp0.80,7328,-0.09667865965917023,-708.4612179823995,0.5892873566933235
Linear Regression Curve,i028,BNBUSDT,False,tp1.80,6823,-0.09378528316863201,-639.8969870595762,0.6010597628287917
Linear Regression Curve,i028,BNBUSDT,False,sl0.50,7410,-0.08731644600274796,-647.0148648803624,0.6146390620097518
Linear Regression Curve,i028,BNBUSDT,False,sl1.20,6841,-0.09770501550855669,-668.4000110940362,0.5888131356962119
Linear Regression Curve,i028,BNBUSDT,False,fee0.02,7009,-0.03781808081520339,-265.06692843376055,0.8084883054916692
Linear Regression Curve,i028,BNBUSDT,False,fee0.07,7009,-0.13782085029883656,-965.9863397445456,0.4848122200192181
Linear Regression Curve,i028,BNBUSDT,False,slip3,7009,-0.10340908131131146,-724.7942509109821,0.5737449586450749
Linear Regression Curve,i028,BNBUSDT,False,no_funding,7009,-0.09783580984737215,-685.7311912202315,0.5899919949361921
Linear Regression Curve,i028,BNBUSDT,True,baseline,2079,-0.09719686024614843,-202.07227245174258,0.7960371134405494
Linear Regression Curve,i028,BNBUSDT,True,tp0.80,2367,-0.10329216588276775,-244.49255664451127,0.7533497953536462
Linear Regression Curve,i028,BNBUSDT,True,tp1.80,1830,-0.10760678419882126,-196.92041508384293,0.7905342600406485
Linear Regression Curve,i028,BNBUSDT,True,sl0.50,2542,-0.08299222718014743,-210.96624149193474,0.7870927991340765
Linear Regression Curve,i028,BNBUSDT,True,sl1.20,1768,-0.10678792231261128,-188.8010466486967,0.8002245242457328
Linear Regression Curve,i028,BNBUSDT,True,fee0.02,2079,-0.037193433565478155,-77.32514838262908,0.9156617792028642
Linear Regression Curve,i028,BNBUSDT,True,fee0.07,2079,-0.13719914469992864,-285.2370218311516,0.7258739305617729
Linear Regression Curve,i028,BNBUSDT,True,slip3,2079,-0.10272968181415384,-213.57500849162588,0.7859175871305801
Linear Regression Curve,i028,BNBUSDT,True,no_funding,2079,-0.09635413441642263,-200.32024545174264,0.7976287957836954
Linear Regression Slope,i029,BNBUSDT,False,baseline,2031,-0.0864009868549766,-175.48040430245746,0.7646275639281097
Linear Regression Slope,i029,BNBUSDT,False,tp0.80,2139,-0.10049440967630056,-214.9575422976069,0.7066050888337867
Linear Regression Slope,i029,BNBUSDT,False,tp1.80,1938,-0.09127197693537852,-176.88509130076355,0.7622626940323128
Linear Regression Slope,i029,BNBUSDT,False,sl0.50,2289,-0.09458463617340801,-216.50423220093091,0.7182784549899197
Linear Regression Slope,i029,BNBUSDT,False,sl1.20,1886,-0.06778967250674073,-127.85132234771301,0.815852086515227
Linear Regression Slope,i029,BNBUSDT,False,fee0.02,2031,-0.026402442930637867,-53.623361592125505,0.9194203415404298
Linear Regression Slope,i029,BNBUSDT,False,fee0.07,2031,-0.12640001613786908,-256.71843277601215,0.6792435572876179
Linear Regression Slope,i029,BNBUSDT,False,slip3,2031,-0.0919420262984137,-186.73425541207826,0.752050914788109
Linear Regression Slope,i029,BNBUSDT,False,no_funding,2031,-0.08669395583577423,-176.0754243024575,0.763959069149687
Linear Regression Slope,i029,BNBUSDT,True,baseline,863,-0.07782550066433694,-67.16340707332277,0.8341350345053271
Linear Regression Slope,i029,BNBUSDT,True,tp0.80,898,-0.09720315517441867,-87.28843334662797,0.7664841394182348
Linear Regression Slope,i029,BNBUSDT,True,tp1.80,828,-0.0549460642195291,-45.495341173770086,0.8899414323446523
Linear Regression Slope,i029,BNBUSDT,True,sl0.50,940,-0.07152974438508243,-67.23795972197748,0.8155498495651252
Linear Regression Slope,i029,BNBUSDT,True,sl1.20,785,-0.09565652291471635,-75.09037048805234,0.8174455054266496
Linear Regression Slope,i029,BNBUSDT,True,fee0.02,863,-0.017829702913659817,-15.387033614488422,0.9589488329737664
Linear Regression Slope,i029,BNBUSDT,True,fee0.07,863,-0.11782269916478837,-101.68098937921238,0.7608744713493004
Linear Regression Slope,i029,BNBUSDT,True,slip3,863,-0.08336753244903673,-71.9461805035187,0.8235465790914237
Linear Regression Slope,i029,BNBUSDT,True,no_funding,863,-0.07733727354962082,-66.74206707332277,0.8351127607196324
Keltner Channels,i030,BNBUSDT,False,baseline,1127,-0.10072399926585152,-113.51594717261466,0.7895230047415118
Keltner Channels,i030,BNBUSDT,False,tp0.80,1239,-0.09341278998349552,-115.73844678955095,0.7748550572217832
Keltner Channels,i030,BNBUSDT,False,tp1.80,1047,-0.10897083053052593,-114.09245956546066,0.7906887662927689
Keltner Channels,i030,BNBUSDT,False,sl0.50,1215,-0.09713970358835324,-118.02473985984918,0.7550343190257559
Keltner Channels,i030,BNBUSDT,False,sl1.20,1066,-0.09247863987641616,-98.58223010825962,0.8269198067654889
Keltner Channels,i030,BNBUSDT,False,fee0.02,1127,-0.040725158591175724,-45.89725373225504,0.9081044140979989
Keltner Channels,i030,BNBUSDT,False,fee0.07,1127,-0.14072322638230209,-158.59507613285447,0.7200364331136458
Keltner Channels,i030,BNBUSDT,False,slip3,1127,-0.10627600395201173,-119.7730564539172,0.7794554347974554
Keltner Channels,i030,BNBUSDT,False,no_funding,1127,-0.10043226013541674,-113.18715717261468,0.7900760207522252
Keltner Channels,i030,BNBUSDT,True,baseline,651,-0.08864782414498626,-57.70973351838605,0.8158017156169953
Keltner Channels,i030,BNBUSDT,True,tp0.80,709,-0.11190689459736854,-79.3419882695343,0.7389376074870116
Keltner Channels,i030,BNBUSDT,True,tp1.80,600,-0.07851321001549094,-47.107926009294566,0.8496327716105766
Keltner Channels,i030,BNBUSDT,True,sl0.50,704,-0.08670468267974071,-61.04009660653746,0.7814890431901794
Keltner Channels,i030,BNBUSDT,True,sl1.20,627,-0.10788534686885926,-67.64411248677476,0.8075638259919553
Keltner Channels,i030,BNBUSDT,True,fee0.02,651,-0.02865054775137707,-18.651506586146475,0.935824224744046
Keltner Channels,i030,BNBUSDT,True,fee0.07,651,-0.1286460084073924,-83.74855147321244,0.7452792330421023
Keltner Channels,i030,BNBUSDT,True,slip3,651,-0.09420590122092948,-61.32804169482509,0.8055816182349004
Keltner Channels,i030,BNBUSDT,True,no_funding,651,-0.08799075809275891,-57.28198351838605,0.8170437896493041
Donchian Channels,i031,BNBUSDT,False,baseline,1721,-0.08801831450695134,-151.47951926646326,0.8108361102490301
Donchian Channels,i031,BNBUSDT,False,tp0.80,1937,-0.08455247149886123,-163.7781372932942,0.7922515008546455
Donchian Channels,i031,BNBUSDT,False,tp1.80,1558,-0.07303142148603033,-113.78295467523525,0.8519813639590892
Donchian Channels,i031,BNBUSDT,False,sl0.50,1920,-0.0859522617675362,-165.02834259366952,0.7776854558469474
Donchian Channels,i031,BNBUSDT,False,sl1.20,1594,-0.07750678236045773,-123.54581108256961,0.847881961912368
Donchian Channels,i031,BNBUSDT,False,fee0.02,1721,-0.02801257678319532,-48.209644643879145,0.9347978118826958
Donchian Channels,i031,BNBUSDT,False,fee0.07,1721,-0.12802213965612205,-220.32610234818603,0.7383341489020502
Donchian Channels,i031,BNBUSDT,False,slip3,1721,-0.0935728479291133,-161.038871286004,0.8003275416374326
Donchian Channels,i031,BNBUSDT,False,no_funding,1721,-0.08804517447208789,-151.52574526646325,0.8108647054068084
Donchian Channels,i031,BNBUSDT,True,baseline,905,-0.07017894716721616,-63.511947186330616,0.850641792209712
Donchian Channels,i031,BNBUSDT,True,tp0.80,1007,-0.09100585244036463,-91.64289340744718,0.7816493441696397
Donchian Channels,i031,BNBUSDT,True,tp1.80,824,-0.06692281367910273,-55.144398471580644,0.8692030889478441
Donchian Channels,i031,BNBUSDT,True,sl0.50,986,-0.08614830297662372,-84.94222673495099,0.7818834573097838
Donchian Channels,i031,BNBUSDT,True,sl1.20,873,-0.09433293128454087,-82.35264901140418,0.8251006501485749
Donchian Channels,i031,BNBUSDT,True,fee0.02,905,-0.010165761904761936,-9.200014523809552,0.976656323286117
Donchian Channels,i031,BNBUSDT,True,fee0.07,905,-0.11018773734218568,-99.71990229467804,0.7764498310098298
Donchian Channels,i031,BNBUSDT,True,slip3,905,-0.07573381882958617,-68.5391060407755,0.8399140078240013
Donchian Channels,i031,BNBUSDT,True,no_funding,905,-0.06972009412854213,-63.096685186330625,0.8515892339429896
Price Channel,i032,BNBUSDT,False,baseline,2782,-0.09201363049111932,-255.98192002629395,0.6912316588294976
Price Channel,i032,BNBUSDT,False,tp0.80,2904,-0.09998557529159609,-290.35811064679507,0.6475532219223008
Price Channel,i032,BNBUSDT,False,tp1.80,2692,-0.07557965853212371,-203.460440768477,0.7487463204675238
Price Channel,i032,BNBUSDT,False,sl0.50,3027,-0.07925366364895953,-239.9008398654005,0.7220256479992039
Price Channel,i032,BNBUSDT,False,sl1.20,2701,-0.08242340435152631,-222.62561515347255,0.7197065863814511
Price Channel,i032,BNBUSDT,False,fee0.02,2782,-0.03201518353998333,-89.06624060823363,0.8734806950800468
Price Channel,i032,BNBUSDT,False,fee0.07,2782,-0.13201259512521,-367.25903963833423,0.5981572832871641
Price Channel,i032,BNBUSDT,False,slip3,2782,-0.09758324193454394,-271.4765790619013,0.6771304347880673
Price Channel,i032,BNBUSDT,False,no_funding,2782,-0.0919804166162092,-255.88951902629398,0.6912864193126317
Price Channel,i032,BNBUSDT,True,baseline,980,-0.07994538016272842,-78.34647255947385,0.8290587983897699
Price Channel,i032,BNBUSDT,True,tp0.80,1044,-0.10310422537000005,-107.64081128628004,0.7541601566195643
Price Channel,i032,BNBUSDT,True,tp1.80,928,-0.05632095276252925,-52.265844163627136,0.8871707575740813
Price Channel,i032,BNBUSDT,True,sl0.50,1140,-0.06598146657989937,-75.21887190108527,0.8284414008773734
Price Channel,i032,BNBUSDT,True,sl1.20,877,-0.07753894787365216,-68.00165728519293,0.8494201671928562
Price Channel,i032,BNBUSDT,True,fee0.02,980,-0.01994545956595486,-19.546550374635764,0.9539344326746543
Price Channel,i032,BNBUSDT,True,fee0.07,980,-0.11994532722724416,-117.54642068269928,0.755798486528264
Price Channel,i032,BNBUSDT,True,slip3,980,-0.08550149753125237,-83.79146758062733,0.8184485236362575
Price Channel,i032,BNBUSDT,True,no_funding,980,-0.07940495363211618,-77.81685455947385,0.8301534081810632
MA Channel,i033,BNBUSDT,False,baseline,2352,-0.06876369298127784,-161.73220589196546,0.8215512671485792
MA Channel,i033,BNBUSDT,False,tp0.80,2569,-0.07070515329372752,-181.64153881158603,0.797158632251876
MA Channel,i033,BNBUSDT,False,tp1.80,2186,-0.061419462497196695,-134.26294501887196,0.8464430744087194
MA Channel,i033,BNBUSDT,False,sl0.50,2763,-0.07042971088247922,-194.5972911682901,0.7996260731834594
MA Channel,i033,BNBUSDT,False,sl1.20,2154,-0.05977949362739282,-128.76502927340414,0.8453684993801175
MA Channel,i033,BNBUSDT,False,fee0.02,2352,-0.008765466855452873,-20.616378044025154,0.9746435198754607
MA Channel,i033,BNBUSDT,False,fee0.07,2352,-0.10876251039849448,-255.809424457259,0.7361447603194852
MA Channel,i033,BNBUSDT,False,slip3,2352,-0.07430573088046069,-174.76707903084355,0.809010602391495
MA Channel,i033,BNBUSDT,False,no_funding,2352,-0.06885253226699212,-161.94115589196548,0.8213747299815843
MA Channel,i033,BNBUSDT,True,baseline,1024,-0.07520691332440727,-77.01187924419304,0.839160974577772
MA Channel,i033,BNBUSDT,True,tp0.80,1106,-0.09473693331688027,-104.77904824846958,0.7702293344822284
MA Channel,i033,BNBUSDT,True,tp1.80,967,-0.07083078854762852,-68.49337252555678,0.8589790860879623
MA Channel,i033,BNBUSDT,True,sl0.50,1185,-0.06296532407768494,-74.61390903205667,0.8370446589668898
MA Channel,i033,BNBUSDT,True,sl1.20,927,-0.08383941797475129,-77.71914046259445,0.8396618716062674
MA Channel,i033,BNBUSDT,True,fee0.02,1024,-0.015200481384595345,-15.565292937825634,0.9649189929452763
MA Channel,i033,BNBUSDT,True,fee0.07,1024,-0.11521120128428189,-117.97627011510465,0.7652430503481009
MA Channel,i033,BNBUSDT,True,slip3,1024,-0.08075079462121504,-82.6888136921242,0.8284784171459604
MA Channel,i033,BNBUSDT,True,no_funding,1024,-0.07431523559003227,-76.09880124419304,0.8409111567395793
Chande Kroll Stop,i034,BNBUSDT,False,baseline,2560,-0.08072011622518803,-206.64349753648133,0.8017504008949728
Chande Kroll Stop,i034,BNBUSDT,False,tp0.80,2944,-0.07956902048439017,-234.25119630604465,0.7845214362493084
Chande Kroll Stop,i034,BNBUSDT,False,tp1.80,2340,-0.07459931872447782,-174.56240581527808,0.824991577162002
Chande Kroll Stop,i034,BNBUSDT,False,sl0.50,3003,-0.07881074658349062,-236.66867199022232,0.7802213049034671
Chande Kroll Stop,i034,BNBUSDT,False,sl1.20,2326,-0.07065625505835124,-164.34644926572497,0.8322204150940485
Chande Kroll Stop,i034,BNBUSDT,False,fee0.02,2560,-0.020720872293053305,-53.04543307021646,0.9437384421093974
Chande Kroll Stop,i034,BNBUSDT,False,fee0.07,2560,-0.12071961217994451,-309.04220718065795,0.7214921483647706
Chande Kroll Stop,i034,BNBUSDT,False,slip3,2560,-0.08625799455017899,-220.8204660484582,0.7900262540839633
Chande Kroll Stop,i034,BNBUSDT,False,no_funding,2560,-0.08079258341268804,-206.82901353648137,0.8015966532287951
Chande Kroll Stop,i034,BNBUSDT,True,baseline,1224,-0.10660332473067702,-130.48246947034866,0.7803779789323768
Chande Kroll Stop,i034,BNBUSDT,True,tp0.80,1365,-0.10192322909833174,-139.12520771922283,0.7588418163052172
Chande Kroll Stop,i034,BNBUSDT,True,tp1.80,1114,-0.07106784168599531,-79.16957563819878,0.8607577520008688
Chande Kroll Stop,i034,BNBUSDT,True,sl0.50,1403,-0.08603378682397449,-120.7054029140362,0.7823774520507631
Chande Kroll Stop,i034,BNBUSDT,True,sl1.20,1096,-0.11179554415610678,-122.52791639509302,0.7945240504510479
Chande Kroll Stop,i034,BNBUSDT,True,fee0.02,1224,-0.04660870094126469,-57.04904995210798,0.8964511864044177
Chande Kroll Stop,i034,BNBUSDT,True,fee0.07,1224,-0.14659974059028527,-179.43808248250917,0.7121148087565319
Chande Kroll Stop,i034,BNBUSDT,True,slip3,1224,-0.11217452516176782,-137.30161879800383,0.7704782718165387
Chande Kroll Stop,i034,BNBUSDT,True,no_funding,1224,-0.10589192113590579,-129.61171147034867,0.7817157061645363
52-Week High/Low,i035,BNBUSDT,False,baseline,762,-0.09898197438884757,-75.42426448430184,0.7944030824325142
52-Week High/Low,i035,BNBUSDT,False,tp0.80,830,-0.08790085751962579,-72.9577117412894,0.7883493328555842
52-Week High/Low,i035,BNBUSDT,False,tp1.80,687,-0.11190659673279833,-76.87983195543246,0.7870500750696982
52-Week High/Low,i035,BNBUSDT,False,sl0.50,821,-0.09939378792711993,-81.60229988816546,0.7504677345819041
52-Week High/Low,i035,BNBUSDT,False,sl1.20,736,-0.10653214822220711,-78.40766109154444,0.8048087656201232
52-Week High/Low,i035,BNBUSDT,False,fee0.02,762,-0.03895943071798732,-29.687086207106333,0.9127386646686432
52-Week High/Low,i035,BNBUSDT,False,fee0.07,762,-0.1389970035027544,-105.91571666909887,0.724895758360582
52-Week High/Low,i035,BNBUSDT,False,slip3,762,-0.10452071858251506,-79.64478755987648,0.7843719451431143
52-Week High/Low,i035,BNBUSDT,False,no_funding,762,-0.09813828541246962,-74.78137348430185,0.7959634191370789
52-Week High/Low,i035,BNBUSDT,True,baseline,527,-0.05928049388503229,-31.240820277412013,0.8745733350669737
52-Week High/Low,i035,BNBUSDT,True,tp0.80,577,-0.0733099515624065,-42.29984205150855,0.8219426960204718
52-Week High/Low,i035,BNBUSDT,True,tp1.80,474,-0.09332914714728452,-44.23801574781287,0.8234938176584163
52-Week High/Low,i035,BNBUSDT,True,sl0.50,565,-0.061533397356633796,-34.76636950649809,0.840646202424203
52-Week High/Low,i035,BNBUSDT,True,sl1.20,512,-0.07413830485804505,-37.95881208731907,0.8637183436338218
52-Week High/Low,i035,BNBUSDT,True,fee0.02,527,0.0007476744228551875,0.39402442084468386,1.0017042740562525
52-Week High/Low,i035,BNBUSDT,True,fee0.07,527,-0.0992992727569573,-52.33071674291649,0.7996858628449648
52-Week High/Low,i035,BNBUSDT,True,slip3,527,-0.06480522219951497,-34.15235209914439,0.8637981355914676
52-Week High/Low,i035,BNBUSDT,True,no_funding,527,-0.05842413714878939,-30.78952027741201,0.8762898424923664
Majority Rule,i036,BNBUSDT,False,baseline,2383,-0.09938474726390793,-236.83385272989258,0.7421124300116912
Majority Rule,i036,BNBUSDT,False,tp0.80,2563,-0.10627447598893754,-272.38148195964686,0.6979124409457148
Majority Rule,i036,BNBUSDT,False,tp1.80,2208,-0.0928479272898113,-205.00822345590333,0.7641244740882713
Majority Rule,i036,BNBUSDT,False,sl0.50,2746,-0.0999149508830502,-274.3664551248558,0.7105258927223337
Majority Rule,i036,BNBUSDT,False,sl1.20,2171,-0.10148481359928971,-220.32353032405797,0.7472217605642426
Majority Rule,i036,BNBUSDT,False,fee0.02,2383,-0.03938075057931714,-93.84432863051275,0.8863115468821394
Majority Rule,i036,BNBUSDT,False,fee0.07,2383,-0.1393874117203018,-332.1602021294792,0.661637541289993
Majority Rule,i036,BNBUSDT,False,slip3,2383,-0.10493249243905957,-250.05412948227894,0.7302803449492107
Majority Rule,i036,BNBUSDT,False,no_funding,2383,-0.09940397009227556,-236.87966072989263,0.7420684389266868
Majority Rule,i036,BNBUSDT,True,baseline,1090,-0.1213065689219191,-132.22416012489182,0.7535161908238546
Majority Rule,i036,BNBUSDT,True,tp0.80,1177,-0.12799162775767145,-150.6461458707793,0.7046623008313233
Majority Rule,i036,BNBUSDT,True,tp1.80,1015,-0.12387974191370736,-125.73793804241298,0.7656767989917064
Majority Rule,i036,BNBUSDT,True,sl0.50,1232,-0.1100712718667177,-135.6078069397962,0.7265699620137548
Majority Rule,i036,BNBUSDT,True,sl1.20,969,-0.109874019129657,-106.46792453663763,0.7956327804350832
Majority Rule,i036,BNBUSDT,True,fee0.02,1090,-0.06130075263420648,-66.81782037128507,0.8656796555349695
Majority Rule,i036,BNBUSDT,True,fee0.07,1090,-0.16131044644706083,-175.8283866272963,0.6875495136960501
Majority Rule,i036,BNBUSDT,True,slip3,1090,-0.12684053287860012,-138.2561808376741,0.744003911914887
Majority Rule,i036,BNBUSDT,True,no_funding,1090,-0.12044422396779064,-131.2842041248918,0.7550654134156592
MACD,i038,BNBUSDT,False,baseline,2222,-0.08825671450815806,-196.1064196371272,0.7669473223437083
MACD,i038,BNBUSDT,False,tp0.80,2354,-0.09241839700378125,-217.55290654690106,0.7354353092956973
MACD,i038,BNBUSDT,False,tp1.80,2088,-0.08916944130689995,-186.1857934488071,0.7686390909944383
MACD,i038,BNBUSDT,False,sl0.50,2437,-0.09438166717063895,-230.00812289484713,0.7202775402987672
MACD,i038,BNBUSDT,False,sl1.20,2065,-0.0972131838083083,-200.74522456415664,0.7577617445683001
MACD,i038,BNBUSDT,False,fee0.02,2222,-0.028254893077762508,-62.78237241878829,0.9168116580700573
MACD,i038,BNBUSDT,False,fee0.07,2222,-0.12825792879508843,-284.9891177826865,0.6834488455271138
MACD,i038,BNBUSDT,False,slip3,2222,-0.09381653227630492,-208.46033471794954,0.7546426013548766
MACD,i038,BNBUSDT,False,no_funding,2222,-0.0884587878654938,-196.5554266371272,0.7664464976179797
MACD,i038,BNBUSDT,True,baseline,889,-0.1301735316401416,-115.72426962808589,0.7402156868695849
MACD,i038,BNBUSDT,True,tp0.80,921,-0.13112476337064685,-120.76590706436576,0.7014728471469377
MACD,i038,BNBUSDT,True,tp1.80,860,-0.10324391609675372,-88.7897678432082,0.8043872612924997
MACD,i038,BNBUSDT,True,sl0.50,983,-0.09720987851669056,-95.55731058190683,0.7551556779296775
MACD,i038,BNBUSDT,True,sl1.20,797,-0.13197988834585164,-105.18797101164377,0.76217613423698
MACD,i038,BNBUSDT,True,fee0.02,889,-0.07016380394416954,-62.37562170636672,0.8491259357019019
MACD,i038,BNBUSDT,True,fee0.07,889,-0.17018001677078967,-151.29003490923202,0.6760657732012793
MACD,i038,BNBUSDT,True,slip3,889,-0.13572139786794188,-120.65632270460034,0.7309428564054375
MACD,i038,BNBUSDT,True,no_funding,889,-0.12969487472225635,-115.2987436280859,0.7411463722850374
RSI,i039,BNBUSDT,False,baseline,2824,-0.08579371483259736,-242.28145068725496,0.6821743285161408
RSI,i039,BNBUSDT,False,tp0.80,2920,-0.10113904562365707,-295.32601322107865,0.6121681363906625
RSI,i039,BNBUSDT,False,tp1.80,2743,-0.08656556671364836,-237.44934949553746,0.6844688988028573
RSI,i039,BNBUSDT,False,sl0.50,3037,-0.08419443061587487,-255.69848578041197,0.6870066131393912
RSI,i039,BNBUSDT,False,sl1.20,2764,-0.08337055507616815,-230.43621423052878,0.6872504366757006
RSI,i039,BNBUSDT,False,fee0.02,2824,-0.025795672754067033,-72.84697985748531,0.8843751272290363
RSI,i039,BNBUSDT,False,fee0.07,2824,-0.12579240955161758,-355.23776457376806,0.5829277001419698
RSI,i039,BNBUSDT,False,slip3,2824,-0.09136740408040202,-258.0215491230553,0.6669575281692732
RSI,i039,BNBUSDT,False,no_funding,2824,-0.08587335753797981,-242.50636168725498,0.6818853649472313
RSI,i039,BNBUSDT,True,baseline,950,-0.1216707748131925,-115.58723607253287,0.7484644227707288
RSI,i039,BNBUSDT,True,tp0.80,1011,-0.13182726825718258,-133.27736820801158,0.6951094615672977
RSI,i039,BNBUSDT,True,tp1.80,905,-0.10687499784274952,-96.72187304768832,0.7918525383894023
RSI,i039,BNBUSDT,True,sl0.50,1131,-0.09761823536889368,-110.40622420221875,0.7523925301694246
RSI,i039,BNBUSDT,True,sl1.20,851,-0.14099957659512077,-119.99063968244776,0.743016677549905
RSI,i039,BNBUSDT,True,fee0.02,950,-0.06167018284006814,-58.58667369806473,0.8621501946708298
RSI,i039,BNBUSDT,True,fee0.07,950,-0.1616711694619421,-153.587610988845,0.6818414570706122
RSI,i039,BNBUSDT,True,slip3,950,-0.12722757417610253,-120.86619546729742,0.7388202101925163
RSI,i039,BNBUSDT,True,no_funding,950,-0.12114845376056094,-115.09103107253289,0.749426087109996
Stochastic,i040,BNBUSDT,False,baseline,9021,-0.09907041116315313,-893.7141791028043,0.5454535740490833
Stochastic,i040,BNBUSDT,False,tp0.80,9349,-0.1047022902124866,-978.8617111965373,0.520993211799485
Stochastic,i040,BNBUSDT,False,tp1.80,8829,-0.09522951058129063,-840.781348922215,0.5577802700766873
Stochastic,i040,BNBUSDT,False,sl0.50,9449,-0.09758270206655421,-922.0589518268708,0.5432432206389665
Stochastic,i040,BNBUSDT,False,sl1.20,8874,-0.09667631044302072,-857.9055788713658,0.5523571156686999
Stochastic,i040,BNBUSDT,False,fee0.02,9021,-0.03907110698284412,-352.46045609223677,0.7782225427276395
Stochastic,i040,BNBUSDT,False,fee0.07,9021,-0.1390699472833591,-1254.5499944431824,0.43818928728621936
Stochastic,i040,BNBUSDT,False,slip3,9021,-0.10466148264967866,-944.1512349827512,0.5286167201277745
Stochastic,i040,BNBUSDT,False,no_funding,9021,-0.099100230030241,-893.9831751028041,0.5453155224038572
Stochastic,i040,BNBUSDT,True,baseline,2315,-0.10402878980968307,-240.82664840941626,0.7824168906628949
Stochastic,i040,BNBUSDT,True,tp0.80,2718,-0.09809791613243513,-266.6301360479587,0.7647467660826575
Stochastic,i040,BNBUSDT,True,tp1.80,2022,-0.09090828861706665,-183.81655958370877,0.8219006871669657
Stochastic,i040,BNBUSDT,True,sl0.50,2928,-0.09830077800863624,-287.82467800928686,0.7509925073141214
Stochastic,i040,BNBUSDT,True,sl1.20,1962,-0.10469759996698165,-205.416691135218,0.8037820609855698
Stochastic,i040,BNBUSDT,True,fee0.02,2315,-0.044025716965191065,-101.91953477441731,0.9004855964789384
Stochastic,i040,BNBUSDT,True,fee0.07,2315,-0.14403083837267772,-333.43139083274895,0.7132285130535656
Stochastic,i040,BNBUSDT,True,slip3,2315,-0.10957528224067853,-253.6667783871708,0.7724126886094445
Stochastic,i040,BNBUSDT,True,no_funding,2315,-0.10317159196951026,-238.84223540941622,0.7840377259218712
Stochastic RSI,i041,BNBUSDT,False,baseline,5620,-0.10154732634332943,-570.6959740495114,0.6071037786255115
Stochastic RSI,i041,BNBUSDT,False,tp0.80,5905,-0.10084955860171442,-595.5166435431236,0.6003846902887274
Stochastic RSI,i041,BNBUSDT,False,tp1.80,5451,-0.1028355354673233,-560.5565038323792,0.6033025190873542
Stochastic RSI,i041,BNBUSDT,False,sl0.50,6035,-0.09615377908408552,-580.2880567724561,0.612644282418717
Stochastic RSI,i041,BNBUSDT,False,sl1.20,5465,-0.0972570064297537,-531.5095401386039,0.625508682087131
Stochastic RSI,i041,BNBUSDT,False,fee0.02,5620,-0.04154707564130345,-233.4945651041254,0.8091107570168325
Stochastic RSI,i041,BNBUSDT,False,fee0.07,5620,-0.14154749347801343,-795.4969133464355,0.5068188556217654
Stochastic RSI,i041,BNBUSDT,False,slip3,5620,-0.10713797952604616,-602.1154449363794,0.5917201536139912
Stochastic RSI,i041,BNBUSDT,False,no_funding,5620,-0.10158928292695933,-570.9317700495114,0.6069592928434683
Stochastic RSI,i041,BNBUSDT,True,baseline,1873,-0.08748720739675148,-163.8635394541155,0.8141184357514836
Stochastic RSI,i041,BNBUSDT,True,tp0.80,2123,-0.0935482966752397,-198.6030338415339,0.7744090904415255
Stochastic RSI,i041,BNBUSDT,True,tp1.80,1692,-0.09585715536717151,-162.1903068812542,0.8121326761160065
Stochastic RSI,i041,BNBUSDT,True,sl0.50,2274,-0.09819013089571918,-223.2843576568654,0.7506436731893461
Stochastic RSI,i041,BNBUSDT,True,sl1.20,1623,-0.09815293283540415,-159.30220999186096,0.8146477619218527
Stochastic RSI,i041,BNBUSDT,True,fee0.02,1873,-0.02748472601626511,-51.47889182846455,0.9368999360677929
Stochastic RSI,i041,BNBUSDT,True,fee0.07,1873,-0.12748886165040907,-238.7866378712162,0.7420970651054672
Stochastic RSI,i041,BNBUSDT,True,slip3,1873,-0.09304100060214808,-174.26579412782334,0.8036947136652464
Stochastic RSI,i041,BNBUSDT,True,no_funding,1873,-0.08677514386231475,-162.52984445411553,0.8154924313210392
Connors RSI,i042,BNBUSDT,False,baseline,10778,-0.09739802433776198,-1049.7559063123986,0.5069848222710183
Connors RSI,i042,BNBUSDT,False,tp0.80,11062,-0.10462816265453799,-1157.3967352844993,0.47252046098249595
Connors RSI,i042,BNBUSDT,False,tp1.80,10594,-0.10155102730378025,-1075.831583256248,0.4912116624704453
Connors RSI,i042,BNBUSDT,False,sl0.50,11205,-0.09919199547817652,-1111.4463093329678,0.5008294049596984
Connors RSI,i042,BNBUSDT,False,sl1.20,10639,-0.09612602929504131,-1022.6848256699444,0.506387702812312
Connors RSI,i042,BNBUSDT,False,fee0.02,10778,-0.037398052068979164,-403.07620519945743,0.7577893566141207
Connors RSI,i042,BNBUSDT,False,fee0.07,10778,-0.13739800585028386,-1480.8757070543595,0.39733158272796215
Connors RSI,i042,BNBUSDT,False,slip3,10778,-0.10298086758116277,-1109.9277907897722,0.489549084970382
Connors RSI,i042,BNBUSDT,False,no_funding,10778,-0.09745427698203735,-1050.3621973123986,0.5067415273754852
Connors RSI,i042,BNBUSDT,True,baseline,2363,-0.10394142278041456,-245.6135820301196,0.7829916207452811
Connors RSI,i042,BNBUSDT,True,tp0.80,2834,-0.10311270291189553,-292.22140005231194,0.754252174943422
Connors RSI,i042,BNBUSDT,True,tp1.80,2033,-0.09820369145247455,-199.6481047228808,0.8078344369529283
Connors RSI,i042,BNBUSDT,True,sl0.50,3024,-0.1023448101713238,-309.4907059580832,0.7425803341803235
Connors RSI,i042,BNBUSDT,True,sl1.20,1986,-0.12104390197656682,-240.3931893254617,0.778403460904352
Connors RSI,i042,BNBUSDT,True,fee0.02,2363,-0.0439403643216437,-103.83108089204407,0.9008591844936125
Connors RSI,i042,BNBUSDT,True,fee0.07,2363,-0.14394212841959514,-340.13524945550336,0.7139056762735845
Connors RSI,i042,BNBUSDT,True,slip3,2363,-0.10946520780197616,-258.66628603606966,0.7730402943537584
Connors RSI,i042,BNBUSDT,True,no_funding,2363,-0.10320018156162489,-243.86202903011963,0.7844005250646922
Awesome Oscillator,i043,BNBUSDT,False,baseline,1343,-0.08131809033159323,-109.21019531532971,0.7987544131784574
Awesome Oscillator,i043,BNBUSDT,False,tp0.80,1378,-0.09697744157936791,-133.634914496369,0.735735610218262
Awesome Oscillator,i043,BNBUSDT,False,tp1.80,1311,-0.07296721362501427,-95.6600170623937,0.8288689342857976
Awesome Oscillator,i043,BNBUSDT,False,sl0.50,1502,-0.10445068231664904,-156.88492483960687,0.7140683062331437
Awesome Oscillator,i043,BNBUSDT,False,sl1.20,1249,-0.07600351145440977,-94.9283858065578,0.8221425745995748
Awesome Oscillator,i043,BNBUSDT,False,fee0.02,1343,-0.021318500357585726,-28.63074598023763,0.9416918813158972
Awesome Oscillator,i043,BNBUSDT,False,fee0.07,1343,-0.1213178169809316,-162.92982820539112,0.7179379069261915
Awesome Oscillator,i043,BNBUSDT,False,slip3,1343,-0.08689074392022277,-116.69426908485919,0.7868715124440469
Awesome Oscillator,i043,BNBUSDT,False,no_funding,1343,-0.08171633605013383,-109.74503931532973,0.7979396971461276
Awesome Oscillator,i043,BNBUSDT,True,baseline,562,-0.08314435662365996,-46.7271284224969,0.8179959646307938
Awesome Oscillator,i043,BNBUSDT,True,tp0.80,577,-0.10480002314855039,-60.469613356713566,0.7448233298889216
Awesome Oscillator,i043,BNBUSDT,True,tp1.80,555,-0.06306033388043845,-34.99848530364334,0.8710166290174242
Awesome Oscillator,i043,BNBUSDT,True,sl0.50,599,-0.08605591118992395,-51.54749080276444,0.7771183431756298
Awesome Oscillator,i043,BNBUSDT,True,sl1.20,533,-0.08832883918940274,-47.07927128795166,0.8270058220634141
Awesome Oscillator,i043,BNBUSDT,True,fee0.02,562,-0.023148277180612006,-13.009331775503947,0.9451551059186022
Awesome Oscillator,i043,BNBUSDT,True,fee0.07,562,-0.12314174291902526,-69.2056595204922,0.7437573434527035
Awesome Oscillator,i043,BNBUSDT,True,slip3,562,-0.08872175964805212,-49.86162892220529,0.8071900772006987
Awesome Oscillator,i043,BNBUSDT,True,no_funding,562,-0.08300066801156031,-46.64637542249689,0.8183108801176846
Accelerator Oscillator,i044,BNBUSDT,False,baseline,3045,-0.09157891982051494,-278.85781085346804,0.7127389051221537
Accelerator Oscillator,i044,BNBUSDT,False,tp0.80,3261,-0.09368112728442969,-305.4941560745252,0.6955638584372847
Accelerator Oscillator,i044,BNBUSDT,False,tp1.80,2905,-0.08222921591741099,-238.8758722400789,0.74219110774238
Accelerator Oscillator,i044,BNBUSDT,False,sl0.50,3365,-0.10504460132201554,-353.47508344858227,0.6533946883142061
Accelerator Oscillator,i044,BNBUSDT,False,sl1.20,2888,-0.10045846952794575,-290.1240599967073,0.7022764710463677
Accelerator Oscillator,i044,BNBUSDT,False,fee0.02,3045,-0.03157794610419748,-96.15484588728133,0.8872513803204789
Accelerator Oscillator,i044,BNBUSDT,False,fee0.07,3045,-0.13157956896472658,-400.6597874975925,0.6193235790925726
Accelerator Oscillator,i044,BNBUSDT,False,slip3,3045,-0.09714086756816918,-295.79394174507513,0.6987698597974838
Accelerator Oscillator,i044,BNBUSDT,False,no_funding,3045,-0.09178324395844598,-279.479977853468,0.7122168223842981
Accelerator Oscillator,i044,BNBUSDT,True,baseline,1244,-0.12152746681671552,-151.1801687199941,0.7515624984689543
Accelerator Oscillator,i044,BNBUSDT,True,tp0.80,1327,-0.10763836290512505,-142.83610757510095,0.7457782014509683
Accelerator Oscillator,i044,BNBUSDT,True,tp1.80,1161,-0.10727758814280505,-124.54927983379666,0.792135666582963
Accelerator Oscillator,i044,BNBUSDT,True,sl0.50,1407,-0.11065825989846789,-155.69617167714432,0.7243701635588745
Accelerator Oscillator,i044,BNBUSDT,True,sl1.20,1131,-0.1420257532277543,-160.6311269005901,0.7421803139024288
Accelerator Oscillator,i044,BNBUSDT,True,fee0.02,1244,-0.061527835718378374,-76.5406276336627,0.8642210671534581
Accelerator Oscillator,i044,BNBUSDT,True,fee0.07,1244,-0.16152722088227364,-200.9398627775484,0.6854430765387356
Accelerator Oscillator,i044,BNBUSDT,True,slip3,1244,-0.1270739848418707,-158.08003714328717,0.741994258098593
Accelerator Oscillator,i044,BNBUSDT,True,no_funding,1244,-0.12085283176848402,-150.3409227199941,0.752820245764153
Momentum,i045,BNBUSDT,False,baseline,3552,-0.08207214769343743,-291.52026860708975,0.6932256314618606
Momentum,i045,BNBUSDT,False,tp0.80,3706,-0.09304546079726844,-344.8264777146768,0.6386185998419528
Momentum,i045,BNBUSDT,False,tp1.80,3437,-0.0862729078020015,-296.5199841154792,0.6871689461800252
Momentum,i045,BNBUSDT,False,sl0.50,3826,-0.07920148669093635,-303.02488807952244,0.6942525097183545
Momentum,i045,BNBUSDT,False,sl1.20,3432,-0.07706920628476367,-264.5015159693089,0.7073251969100801
Momentum,i045,BNBUSDT,False,fee0.02,3552,-0.022072674375663306,-78.40213938235607,0.9019609408586798
Momentum,i045,BNBUSDT,False,fee0.07,3552,-0.12207179657195352,-433.5990214235789,0.5889441493024641
Momentum,i045,BNBUSDT,False,slip3,3552,-0.08764147295033457,-311.30251191958837,0.6773182069864868
Momentum,i045,BNBUSDT,False,no_funding,3552,-0.0822346902046987,-292.09761960708977,0.6927235011063351
Momentum,i045,BNBUSDT,True,baseline,1179,-0.0923028185053933,-108.8250230178587,0.8050972234865836
Momentum,i045,BNBUSDT,True,tp0.80,1289,-0.08964485988127775,-115.55222438696701,0.7816452135357116
Momentum,i045,BNBUSDT,True,tp1.80,1107,-0.0695686314331328,-77.01247499647802,0.8620146491118424
Momentum,i045,BNBUSDT,True,sl0.50,1378,-0.07929222207862122,-109.26468202434003,0.7966237915079775
Momentum,i045,BNBUSDT,True,sl1.20,1035,-0.08399821413767254,-86.93815163249108,0.8362399414744572
Momentum,i045,BNBUSDT,True,fee0.02,1179,-0.032308764908074335,-38.09203382661964,0.9262184381891218
Momentum,i045,BNBUSDT,True,fee0.07,1179,-0.13229885423693932,-155.98034914535143,0.7341219179879894
Momentum,i045,BNBUSDT,True,slip3,1179,-0.09786743147454233,-115.38570170848539,0.7948058107818788
Momentum,i045,BNBUSDT,True,no_funding,1179,-0.09141767601175464,-107.78144001785873,0.8068151780140034
Chande Momentum Oscillator,i046,BNBUSDT,False,baseline,3688,-0.09021157018935617,-332.70027085834556,0.667057270408428
Chande Momentum Oscillator,i046,BNBUSDT,False,tp0.80,3847,-0.10246471058096882,-394.181741604987,0.61282324201005
Chande Momentum Oscillator,i046,BNBUSDT,False,tp1.80,3571,-0.08910585087029305,-318.19699345781646,0.677933630851867
Chande Momentum Oscillator,i046,BNBUSDT,False,sl0.50,3974,-0.0883248541552642,-351.0029704130199,0.6627420615051467
Chande Momentum Oscillator,i046,BNBUSDT,False,sl1.20,3557,-0.09281805432550543,-330.15381923582277,0.6583087890356266
Chande Momentum Oscillator,i046,BNBUSDT,False,fee0.02,3688,-0.030212983466719485,-111.42548302526146,0.8677479157707052
Chande Momentum Oscillator,i046,BNBUSDT,False,fee0.07,3688,-0.1302106280044473,-480.21679608040165,0.5666705154287953
Chande Momentum Oscillator,i046,BNBUSDT,False,slip3,3688,-0.09577432329399586,-353.21570430825676,0.6517482314206448
Chande Momentum Oscillator,i046,BNBUSDT,False,no_funding,3688,-0.09027922799846681,-332.94979285834563,0.6668562446031161
Chande Momentum Oscillator,i046,BNBUSDT,True,baseline,1238,-0.1188488697594903,-147.134900762249,0.7553877510572005
Chande Momentum Oscillator,i046,BNBUSDT,True,tp0.80,1348,-0.118296648108466,-159.46388165021216,0.7222034553883923
Chande Momentum Oscillator,i046,BNBUSDT,True,tp1.80,1162,-0.11550085271755171,-134.2119908577951,0.7787838482244316
Chande Momentum Oscillator,i046,BNBUSDT,True,sl0.50,1462,-0.09574051936272082,-139.97263930829783,0.7570117022171473
Chande Momentum Oscillator,i046,BNBUSDT,True,sl1.20,1098,-0.1079649280274042,-118.54549097408982,0.7954597845029822
Chande Momentum Oscillator,i046,BNBUSDT,True,fee0.02,1238,-0.058852046425244255,-72.85883347445238,0.8691943007388259
Chande Momentum Oscillator,i046,BNBUSDT,True,fee0.07,1238,-0.15884675198232104,-196.65227895411343,0.6886118835275412
Chande Momentum Oscillator,i046,BNBUSDT,True,slip3,1238,-0.12440916898705963,-154.01855120597983,0.7457191423262923
Chande Momentum Oscillator,i046,BNBUSDT,True,no_funding,1238,-0.11807196749777785,-146.173095762249,0.7567658358258905
Price Oscillator,i047,BNBUSDT,False,baseline,1297,-0.07776211134807383,-100.85745841845176,0.8067672683734969
Price Oscillator,i047,BNBUSDT,False,tp0.80,1342,-0.07513659320733473,-100.83330808424323,0.7893749935811356
Price Oscillator,i047,BNBUSDT,False,tp1.80,1262,-0.06833256740733915,-86.235700068062,0.8389164936364305
Price Oscillator,i047,BNBUSDT,False,sl0.50,1444,-0.10788893382231432,-155.7916204394219,0.7064515444594731
Price Oscillator,i047,BNBUSDT,False,sl1.20,1189,-0.07801620170024362,-92.76126382158967,0.8138353944519702
Price Oscillator,i047,BNBUSDT,False,fee0.02,1297,-0.0177636399114032,-23.039440965089952,0.9510952210141979
Price Oscillator,i047,BNBUSDT,False,fee0.07,1297,-0.11776109230585426,-152.73613672069297,0.7254134935301959
Price Oscillator,i047,BNBUSDT,False,slip3,1297,-0.08333030797011066,-108.07940943723354,0.7948078517707657
Price Oscillator,i047,BNBUSDT,False,no_funding,1297,-0.0781021275392843,-101.29845941845174,0.8060893333785499
Price Oscillator,i047,BNBUSDT,True,baseline,523,-0.07953026426680326,-41.594328211538105,0.826173028594833
Price Oscillator,i047,BNBUSDT,True,tp0.80,532,-0.08430599695559773,-44.850790380377994,0.7892764386765139
Price Oscillator,i047,BNBUSDT,True,tp1.80,520,-0.04984436206965691,-25.919068276221598,0.897955166377601
Price Oscillator,i047,BNBUSDT,True,sl0.50,574,-0.07420913294522047,-42.59604231055655,0.8051727180508046
Price Oscillator,i047,BNBUSDT,True,sl1.20,486,-0.07664632902243244,-37.25011590490217,0.8490636218372791
Price Oscillator,i047,BNBUSDT,True,fee0.02,523,-0.01952869372300007,-10.213506817129037,0.9538606610196944
Price Oscillator,i047,BNBUSDT,True,fee0.07,523,-0.11953131129600542,-62.51487580781083,0.7514856057476965
Price Oscillator,i047,BNBUSDT,True,slip3,523,-0.08512452576106719,-44.52012697303814,0.8152671294892028
Price Oscillator,i047,BNBUSDT,True,no_funding,523,-0.07953329485953749,-41.595913211538104,0.8261863150966752
Detrended Price Oscillator,i048,BNBUSDT,False,baseline,1916,-0.07470367541295722,-143.13224209122603,0.766315051178776
Detrended Price Oscillator,i048,BNBUSDT,False,tp0.80,1971,-0.0890874349140475,-175.5913342155876,0.7002045901267007
Detrended Price Oscillator,i048,BNBUSDT,False,tp1.80,1862,-0.0803873834412487,-149.68130796760508,0.7600899724044009
Detrended Price Oscillator,i048,BNBUSDT,False,sl0.50,2084,-0.07625843232733609,-158.9225729701684,0.7491952988861752
Detrended Price Oscillator,i048,BNBUSDT,False,sl1.20,1842,-0.07399471994544735,-136.298274139514,0.770981458457035
Detrended Price Oscillator,i048,BNBUSDT,False,fee0.02,1916,-0.01470569182157922,-28.176105530145783,0.9466658240147319
Detrended Price Oscillator,i048,BNBUSDT,False,fee0.07,1916,-0.11470233114054255,-219.76966646527956,0.6716158441840148
Detrended Price Oscillator,i048,BNBUSDT,False,slip3,1916,-0.08029750088584373,-153.85001169727656,0.7520368713308
Detrended Price Oscillator,i048,BNBUSDT,False,no_funding,1916,-0.07495113052777977,-143.60636609122602,0.7656847042652809
Detrended Price Oscillator,i048,BNBUSDT,True,baseline,676,-0.033638346104798204,-22.739521966843583,0.9235953720996929
Detrended Price Oscillator,i048,BNBUSDT,True,tp0.80,706,-0.07445717271645864,-52.56676393781981,0.8134161558302367
Detrended Price Oscillator,i048,BNBUSDT,True,tp1.80,655,-0.027984667556790965,-18.329957249698083,0.941244893607597
Detrended Price Oscillator,i048,BNBUSDT,True,sl0.50,782,-0.06159418994690841,-48.16665653848238,0.8371603907281674
Detrended Price Oscillator,i048,BNBUSDT,True,sl1.20,625,-0.0602034518988315,-37.627157436769686,0.8805160989891169
Detrended Price Oscillator,i048,BNBUSDT,True,fee0.02,676,0.02636786981224108,17.82467999307497,1.0647837850433637
Detrended Price Oscillator,i048,BNBUSDT,True,fee0.07,676,-0.0736424900494911,-49.78232327345597,0.8408494314066005
Detrended Price Oscillator,i048,BNBUSDT,True,slip3,676,-0.03921056527911013,-26.506342128678444,0.9115722005193689
Detrended Price Oscillator,i048,BNBUSDT,True,no_funding,676,-0.03330139344207632,-22.51174196684359,0.9243608301953136
TRIX,i049,BNBUSDT,False,baseline,751,-0.021296089603940988,-15.993363292559682,0.9479663400615367
TRIX,i049,BNBUSDT,False,tp0.80,754,-0.010092648343331555,-7.609856850871993,0.9711564285561712
TRIX,i049,BNBUSDT,False,tp1.80,751,-0.017205518492472552,-12.921344387846887,0.9610320221671333
TRIX,i049,BNBUSDT,False,sl0.50,794,-0.030717889449736163,-24.39000422309051,0.9140917193724873
TRIX,i049,BNBUSDT,False,sl1.20,696,-0.02490339857347493,-17.332765407138552,0.9440825622662268
TRIX,i049,BNBUSDT,False,fee0.02,751,0.038706462975597086,29.06855369467341,1.1029183451146543
TRIX,i049,BNBUSDT,False,fee0.07,751,-0.06129779132363304,-46.03464128404842,0.858065575310179
TRIX,i049,BNBUSDT,False,slip3,751,-0.02687631507309891,-20.18411261989728,0.9348276026035571
TRIX,i049,BNBUSDT,False,no_funding,751,-0.021425723425512216,-16.090718292559675,0.9476424223523281
TRIX,i049,BNBUSDT,True,baseline,297,0.0036523018414534496,1.0847336469116744,1.0087959821465269
TRIX,i049,BNBUSDT,True,tp0.80,297,-0.028251836780379933,-8.39079552377284,0.9217726723099602
TRIX,i049,BNBUSDT,True,tp1.80,296,-0.02901953559440775,-8.589782535944696,0.9367123662768094
TRIX,i049,BNBUSDT,True,sl0.50,304,-0.02133637627985325,-6.486258389075387,0.9421792705868779
TRIX,i049,BNBUSDT,True,sl1.20,288,-0.005745348382193951,-1.6546603340718578,0.987622162070814
TRIX,i049,BNBUSDT,True,fee0.02,297,0.06365079514739318,18.904286158775776,1.1660632627111291
TRIX,i049,BNBUSDT,True,fee0.07,297,-0.036346693695839725,-10.7949680276644,0.9168136400330521
TRIX,i049,BNBUSDT,True,slip3,297,-0.0019420958883640304,-0.5768024788441171,0.9953565330989671
TRIX,i049,BNBUSDT,True,no_funding,297,0.004084281639433244,1.2130316469116733,1.009845350311428
Fisher Transform,i050,BNBUSDT,False,baseline,4561,-0.08340636715789959,-380.41644060718005,0.6951635998908903
Fisher Transform,i050,BNBUSDT,False,tp0.80,4815,-0.08210139912414346,-395.3182367827508,0.6863999749820316
Fisher Transform,i050,BNBUSDT,False,tp1.80,4389,-0.08466030285309699,-371.57406922224266,0.6907375080922336
Fisher Transform,i050,BNBUSDT,False,sl0.50,4945,-0.0776325581270684,-383.8929999383532,0.7025839983067429
Fisher Transform,i050,BNBUSDT,False,sl1.20,4398,-0.08187987485239193,-360.10768960081964,0.7023253477016191
Fisher Transform,i050,BNBUSDT,False,fee0.02,4561,-0.023401750762158904,-106.73538522620676,0.8997689602789359
Fisher Transform,i050,BNBUSDT,False,fee0.07,4561,-0.12340944475506005,-562.8704775278289,0.5906881428598589
Fisher Transform,i050,BNBUSDT,False,slip3,4561,-0.08898824215357881,-405.8753724624729,0.6792856839282484
Fisher Transform,i050,BNBUSDT,False,no_funding,4561,-0.08358287932628372,-381.22151260718005,0.6946437790437954
Fisher Transform,i050,BNBUSDT,True,baseline,1633,-0.1088142190432488,-177.69361969762528,0.773206164734769
Fisher Transform,i050,BNBUSDT,True,tp0.80,1815,-0.09980142951393088,-181.13959456778454,0.7615521027688454
Fisher Transform,i050,BNBUSDT,True,tp1.80,1487,-0.1176300806402288,-174.91592991202023,0.7725421953710464
Fisher Transform,i050,BNBUSDT,True,sl0.50,1934,-0.09826294991647234,-190.0405451384575,0.7506542277382128
Fisher Transform,i050,BNBUSDT,True,sl1.20,1427,-0.11381420546289304,-162.4128711955484,0.7866215471394575
Fisher Transform,i050,BNBUSDT,True,fee0.02,1633,-0.048809957858285694,-79.70666118258055,0.8901072936929366
Fisher Transform,i050,BNBUSDT,True,fee0.07,1633,-0.14881705983322416,-243.01825870765506,0.704670395953263
Fisher Transform,i050,BNBUSDT,True,slip3,1633,-0.11436161706903987,-186.75252067374214,0.7633053017161433
Fisher Transform,i050,BNBUSDT,True,no_funding,1633,-0.10813060544863763,-176.57727869762525,0.7744745435257718
Ultimate Oscillator,i051,BNBUSDT,False,baseline,3815,-0.10626438842747761,-405.39864185082706,0.6167714877234736
Ultimate Oscillator,i051,BNBUSDT,False,tp0.80,3985,-0.10751583132966976,-428.4505878487339,0.5966397373227822
Ultimate Oscillator,i051,BNBUSDT,False,tp1.80,3684,-0.10624756330724539,-391.416023223892,0.6193901447276104
Ultimate Oscillator,i051,BNBUSDT,False,sl0.50,4090,-0.1077871190163936,-440.8493167770498,0.5946518729114607
Ultimate Oscillator,i051,BNBUSDT,False,sl1.20,3701,-0.10308818008135318,-381.5293544810881,0.629785252094122
Ultimate Oscillator,i051,BNBUSDT,False,fee0.02,3815,-0.046266126081098376,-176.50527099939032,0.8028561766999476
Ultimate Oscillator,i051,BNBUSDT,False,fee0.07,3815,-0.14626322999173041,-557.9942224184515,0.5234842667210351
Ultimate Oscillator,i051,BNBUSDT,False,slip3,3815,-0.11184834499524837,-426.7014361568725,0.6025084972883733
Ultimate Oscillator,i051,BNBUSDT,False,no_funding,3815,-0.10634472604215651,-405.7051298508271,0.6164290210373691
Ultimate Oscillator,i051,BNBUSDT,True,baseline,1303,-0.13482788706171245,-175.68073684141132,0.7255349308146812
Ultimate Oscillator,i051,BNBUSDT,True,tp0.80,1430,-0.13589931274422434,-194.33601722424083,0.6899692066448985
Ultimate Oscillator,i051,BNBUSDT,True,tp1.80,1204,-0.13106464952087496,-157.80183802313346,0.7485190803646723
Ultimate Oscillator,i051,BNBUSDT,True,sl0.50,1538,-0.11182507565840392,-171.98696636262522,0.7198878522097948
Ultimate Oscillator,i051,BNBUSDT,True,sl1.20,1147,-0.13208084332082629,-151.49672728898773,0.7564275752819926
Ultimate Oscillator,i051,BNBUSDT,True,fee0.02,1303,-0.07482664608242429,-97.49911984539884,0.835578655058109
Ultimate Oscillator,i051,BNBUSDT,True,fee0.07,1303,-0.17482871438123793,-227.80181483875302,0.6610122084743877
Ultimate Oscillator,i051,BNBUSDT,True,slip3,1303,-0.14037392644639948,-182.90722615965856,0.7161944382231586
Ultimate Oscillator,i051,BNBUSDT,True,no_funding,1303,-0.13414915490515067,-174.79634884141134,0.7267552743427558
Williams %R,i052,BNBUSDT,False,baseline,3426,-0.09384983462788525,-321.52953343513485,0.6727265283474996
Williams %R,i052,BNBUSDT,False,tp0.80,3585,-0.1037258020364826,-371.85700030079016,0.6268013757626313
Williams %R,i052,BNBUSDT,False,tp1.80,3304,-0.08891257589753825,-293.76715076546634,0.69211990629401
Williams %R,i052,BNBUSDT,False,sl0.50,3720,-0.08584667644809642,-319.3496363869187,0.6899450419060189
Williams %R,i052,BNBUSDT,False,sl1.20,3332,-0.09269169054080083,-308.84871288194836,0.6745978702235714
Williams %R,i052,BNBUSDT,False,fee0.02,3426,-0.03384927607201532,-115.9676198227245,0.8602553880235154
Williams %R,i052,BNBUSDT,False,fee0.07,3426,-0.13385020699846517,-458.5708091767417,0.5779133209812575
Williams %R,i052,BNBUSDT,False,slip3,3426,-0.09941269007504533,-340.5878761971053,0.6583361204491321
Williams %R,i052,BNBUSDT,False,no_funding,3426,-0.09394053982344859,-321.8402894351349,0.6724285727114097
Williams %R,i052,BNBUSDT,True,baseline,1182,-0.11876943262621653,-140.38546936418794,0.7569994583527903
Williams %R,i052,BNBUSDT,True,tp0.80,1274,-0.13494253859977873,-171.91679417611806,0.6926994548201695
Williams %R,i052,BNBUSDT,True,tp1.80,1109,-0.10615687722945451,-117.72797684746506,0.7960626654654337
Williams %R,i052,BNBUSDT,True,sl0.50,1407,-0.102878092827854,-144.7494766087906,0.7434584324492388
Williams %R,i052,BNBUSDT,True,sl1.20,1036,-0.116202869158698,-120.38617244841112,0.7843944653492104
Williams %R,i052,BNBUSDT,True,fee0.02,1182,-0.05876394231090394,-69.45897981148845,0.8701983572568308
Williams %R,i052,BNBUSDT,True,fee0.07,1182,-0.158773092836425,-187.66979573265434,0.6905770194252445
Williams %R,i052,BNBUSDT,True,slip3,1182,-0.12431196750456804,-146.93674559039943,0.7474046321854926
Williams %R,i052,BNBUSDT,True,no_funding,1182,-0.11783344785464295,-139.27913536418797,0.7586794376595862
SMI Ergodic,i053,BNBUSDT,False,baseline,3723,-0.09793912979109178,-364.6273802122347,0.6775063136925344
SMI Ergodic,i053,BNBUSDT,False,tp0.80,3930,-0.10960097129046151,-430.73181717151374,0.631496577354946
SMI Ergodic,i053,BNBUSDT,False,tp1.80,3562,-0.09894230353191444,-352.43248518067924,0.6745885226545779
SMI Ergodic,i053,BNBUSDT,False,sl0.50,4066,-0.09385243487972125,-381.6040002209466,0.672870732800205
SMI Ergodic,i053,BNBUSDT,False,sl1.20,3599,-0.09293193963126238,-334.4620507329133,0.6975369287583263
SMI Ergodic,i053,BNBUSDT,False,fee0.02,3723,-0.03793729867597246,-141.24056297064547,0.8552739851858961
SMI Ergodic,i053,BNBUSDT,False,fee0.07,3723,-0.13794035053450468,-513.5519250399609,0.5848904513456172
SMI Ergodic,i053,BNBUSDT,False,slip3,3723,-0.10352660411609847,-385.4295471242346,0.6635107909603644
SMI Ergodic,i053,BNBUSDT,False,no_funding,3723,-0.09812830411287529,-365.3316762122347,0.6769504164080449
SMI Ergodic,i053,BNBUSDT,True,baseline,1366,-0.11697917285329207,-159.79355011759696,0.7589859666611914
SMI Ergodic,i053,BNBUSDT,True,tp0.80,1482,-0.11027707313755297,-163.43062238985348,0.7403792040371773
SMI Ergodic,i053,BNBUSDT,True,tp1.80,1272,-0.11140112997911937,-141.70223733343983,0.7850012843860569
SMI Ergodic,i053,BNBUSDT,True,sl0.50,1595,-0.10879948910602583,-173.5351851241112,0.7266173674396164
SMI Ergodic,i053,BNBUSDT,True,sl1.20,1198,-0.12312072944206344,-147.49863387159198,0.77184058579593
SMI Ergodic,i053,BNBUSDT,True,fee0.02,1366,-0.056973045514265595,-77.82518017248681,0.8732345893196214
SMI Ergodic,i053,BNBUSDT,True,fee0.07,1366,-0.1569832577459764,-214.43913008100375,0.6919251557935783
SMI Ergodic,i053,BNBUSDT,True,slip3,1366,-0.12255699828030162,-167.41285965089202,0.7492492757470474
SMI Ergodic,i053,BNBUSDT,True,no_funding,1366,-0.11632459013001242,-158.89939011759697,0.7602010002469028
Relative Vigor Index,i054,BNBUSDT,False,baseline,4332,-0.08997831574076787,-389.78606378900633,0.6761910529090072
Relative Vigor Index,i054,BNBUSDT,False,tp0.80,4592,-0.08545513364012182,-392.40997367543935,0.6798538521634409
Relative Vigor Index,i054,BNBUSDT,False,tp1.80,4181,-0.08379561102541641,-350.34944969726604,0.6978791836493636
Relative Vigor Index,i054,BNBUSDT,False,sl0.50,4714,-0.09446061884913409,-445.2873572548182,0.6442202565302786
Relative Vigor Index,i054,BNBUSDT,False,sl1.20,4161,-0.09149478976729394,-380.70982022171006,0.6796547800811357
Relative Vigor Index,i054,BNBUSDT,False,fee0.02,4332,-0.029975340528142734,-129.85317516791432,0.8749129905724106
Relative Vigor Index,i054,BNBUSDT,False,fee0.07,4332,-0.1299802992158513,-563.0746562030678,0.5736932957088764
Relative Vigor Index,i054,BNBUSDT,False,slip3,4332,-0.09556704577753848,-413.9964423082967,0.6606275037447434
Relative Vigor Index,i054,BNBUSDT,False,no_funding,4332,-0.09011230673799779,-390.3665127890064,0.6757941622441639
Relative Vigor Index,i054,BNBUSDT,True,baseline,1548,-0.1112584984317743,-172.2281555723866,0.7680995242056283
Relative Vigor Index,i054,BNBUSDT,True,tp0.80,1739,-0.09318597211564279,-162.0504055091028,0.7741053337223561
Relative Vigor Index,i054,BNBUSDT,True,tp1.80,1425,-0.10448677660120742,-148.8936566567206,0.7966251157326838
Relative Vigor Index,i054,BNBUSDT,True,sl0.50,1808,-0.10255079282744685,-185.4118334320239,0.7408905096256936
Relative Vigor Index,i054,BNBUSDT,True,sl1.20,1374,-0.13817533594687287,-189.8529115910033,0.7475112656228495
Relative Vigor Index,i054,BNBUSDT,True,fee0.02,1548,-0.05125801330904662,-79.34740460240417,0.884565488913032
Relative Vigor Index,i054,BNBUSDT,True,fee0.07,1548,-0.15125882184692607,-234.14865621904158,0.6998276800076099
Relative Vigor Index,i054,BNBUSDT,True,slip3,1548,-0.11681296374820302,-180.82646788221828,0.7582207796306344
Relative Vigor Index,i054,BNBUSDT,True,no_funding,1548,-0.11049261471084407,-171.04256757238662,0.7695174673406185
True Strength Index,i055,BNBUSDT,False,baseline,1979,-0.08426921141848316,-166.76876939717818,0.7846186527116268
True Strength Index,i055,BNBUSDT,False,tp0.80,2096,-0.09122122930664094,-191.1996966267194,0.74625954394014
True Strength Index,i055,BNBUSDT,False,tp1.80,1868,-0.09041129449903235,-168.8882981241924,0.7783381425727322
True Strength Index,i055,BNBUSDT,False,sl0.50,2201,-0.08545697116664604,-188.09079353778793,0.7526489869894475
True Strength Index,i055,BNBUSDT,False,sl1.20,1843,-0.09523772287273713,-175.5231232544545,0.7726060916742474
True Strength Index,i055,BNBUSDT,False,fee0.02,1979,-0.024267221692296365,-48.024831729054505,0.9311025578545584
True Strength Index,i055,BNBUSDT,False,fee0.07,1979,-0.1242705379026077,-245.93139450926063,0.7024273541124859
True Strength Index,i055,BNBUSDT,False,slip3,1979,-0.08983254805099293,-177.778612592915,0.7725296188681935
True Strength Index,i055,BNBUSDT,False,no_funding,1979,-0.08465416947810922,-167.53060139717815,0.7837473505289582
True Strength Index,i055,BNBUSDT,True,baseline,792,-0.09471758220731995,-75.01632510819739,0.8024676409100685
True Strength Index,i055,BNBUSDT,True,tp0.80,816,-0.11706662800998534,-95.52636845614803,0.7254299321613809
True Strength Index,i055,BNBUSDT,True,tp1.80,770,-0.07296489084234328,-56.18296594860433,0.8567518001502697
True Strength Index,i055,BNBUSDT,True,sl0.50,859,-0.07222887616313456,-62.044604624132596,0.8123898361614643
True Strength Index,i055,BNBUSDT,True,sl1.20,722,-0.09947954098366678,-71.82422859020741,0.8140080633969039
True Strength Index,i055,BNBUSDT,True,fee0.02,792,-0.03471462764605161,-27.493985095672873,0.9218645493996243
True Strength Index,i055,BNBUSDT,True,fee0.07,792,-0.13471955191483215,-106.69788511654707,0.7322023417318662
True Strength Index,i055,BNBUSDT,True,slip3,792,-0.10028051750725558,-79.42216986574643,0.7922813754889327
True Strength Index,i055,BNBUSDT,True,no_funding,792,-0.09440431453055226,-74.76821710819739,0.8031404967297647
Coppock Curve,i056,BNBUSDT,False,baseline,1520,-0.12169397641308938,-184.97484414789585,0.7133002807935218
Coppock Curve,i056,BNBUSDT,False,tp0.80,1592,-0.12027043913585028,-191.47053910427366,0.6878764894274261
Coppock Curve,i056,BNBUSDT,False,tp1.80,1470,-0.10464002090377186,-153.82083072854465,0.7637193684320128
Coppock Curve,i056,BNBUSDT,False,sl0.50,1684,-0.11289560110391356,-190.11619225899042,0.6907645187128377
Coppock Curve,i056,BNBUSDT,False,sl1.20,1388,-0.10431651609420324,-144.7913243387541,0.7616783924820992
Coppock Curve,i056,BNBUSDT,False,fee0.02,1520,-0.06169586109255284,-93.77770886068032,0.8398793263219418
Coppock Curve,i056,BNBUSDT,False,fee0.07,1520,-0.16169271996011372,-245.77293433937285,0.6414672555900788
Coppock Curve,i056,BNBUSDT,False,slip3,1520,-0.12724117411159577,-193.40658464962556,0.7028138366589348
Coppock Curve,i056,BNBUSDT,False,no_funding,1520,-0.12196818233414199,-185.3916371478958,0.7127284204970776
Coppock Curve,i056,BNBUSDT,True,baseline,647,-0.1310642993388424,-84.79860167223103,0.7268215985283215
Coppock Curve,i056,BNBUSDT,True,tp0.80,659,-0.1348898080858595,-88.89238352858142,0.6851401328452994
Coppock Curve,i056,BNBUSDT,True,tp1.80,637,-0.08771936678409081,-55.87723664146584,0.8246719803489625
Coppock Curve,i056,BNBUSDT,True,sl0.50,688,-0.10275973317343146,-70.69869642332085,0.7374257959791256
Coppock Curve,i056,BNBUSDT,True,sl1.20,612,-0.14176938770813116,-86.76286527737628,0.7370466543936073
Coppock Curve,i056,BNBUSDT,True,fee0.02,647,-0.07106486251345322,-45.978966046204235,0.8397831080159129
Coppock Curve,i056,BNBUSDT,True,fee0.07,647,-0.17106392388910188,-110.67835875624891,0.6607524557805463
Coppock Curve,i056,BNBUSDT,True,slip3,647,-0.13661492881008505,-88.38985894012504,0.7172364903363945
Coppock Curve,i056,BNBUSDT,True,no_funding,647,-0.1308569902198316,-84.66447267223106,0.7272158669685241
Rate of Change,i057,BNBUSDT,False,baseline,3688,-0.09021157018935617,-332.70027085834556,0.667057270408428
Rate of Change,i057,BNBUSDT,False,tp0.80,3847,-0.10246471058096882,-394.181741604987,0.61282324201005
Rate of Change,i057,BNBUSDT,False,tp1.80,3571,-0.08910585087029305,-318.19699345781646,0.677933630851867
Rate of Change,i057,BNBUSDT,False,sl0.50,3974,-0.0883248541552642,-351.0029704130199,0.6627420615051467
Rate of Change,i057,BNBUSDT,False,sl1.20,3557,-0.09281805432550543,-330.15381923582277,0.6583087890356266
Rate of Change,i057,BNBUSDT,False,fee0.02,3688,-0.030212983466719485,-111.42548302526146,0.8677479157707052
Rate of Change,i057,BNBUSDT,False,fee0.07,3688,-0.1302106280044473,-480.21679608040165,0.5666705154287953
Rate of Change,i057,BNBUSDT,False,slip3,3688,-0.09577432329399586,-353.21570430825676,0.6517482314206448
Rate of Change,i057,BNBUSDT,False,no_funding,3688,-0.09027922799846681,-332.94979285834563,0.6668562446031161
Rate of Change,i057,BNBUSDT,True,baseline,1238,-0.1188488697594903,-147.134900762249,0.7553877510572005
Rate of Change,i057,BNBUSDT,True,tp0.80,1348,-0.118296648108466,-159.46388165021216,0.7222034553883923
Rate of Change,i057,BNBUSDT,True,tp1.80,1162,-0.11550085271755171,-134.2119908577951,0.7787838482244316
Rate of Change,i057,BNBUSDT,True,sl0.50,1462,-0.09574051936272082,-139.97263930829783,0.7570117022171473
Rate of Change,i057,BNBUSDT,True,sl1.20,1098,-0.1079649280274042,-118.54549097408982,0.7954597845029822
Rate of Change,i057,BNBUSDT,True,fee0.02,1238,-0.058852046425244255,-72.85883347445238,0.8691943007388259
Rate of Change,i057,BNBUSDT,True,fee0.07,1238,-0.15884675198232104,-196.65227895411343,0.6886118835275412
Rate of Change,i057,BNBUSDT,True,slip3,1238,-0.12440916898705963,-154.01855120597983,0.7457191423262923
Rate of Change,i057,BNBUSDT,True,no_funding,1238,-0.11807196749777785,-146.173095762249,0.7567658358258905
Klinger Oscillator,i058,BNBUSDT,False,baseline,3903,-0.10209753224033832,-398.4866683340405,0.6513779256358573
Klinger Oscillator,i058,BNBUSDT,False,tp0.80,4103,-0.11232697242101397,-460.87756784342025,0.6071125480762344
Klinger Oscillator,i058,BNBUSDT,False,tp1.80,3751,-0.10556252534321263,-395.9650325623906,0.6426723214713719
Klinger Oscillator,i058,BNBUSDT,False,sl0.50,4196,-0.1024962261275914,-430.07416483137354,0.6262676516496609
Klinger Oscillator,i058,BNBUSDT,False,sl1.20,3781,-0.10220976027004562,-386.45510358104247,0.6628348371228036
Klinger Oscillator,i058,BNBUSDT,False,fee0.02,3903,-0.0420955339784086,-164.29886911772877,0.8318719579197894
Klinger Oscillator,i058,BNBUSDT,False,fee0.07,3903,-0.14209886441495814,-554.6118678115815,0.5591376650936586
Klinger Oscillator,i058,BNBUSDT,False,slip3,3903,-0.10767913130555465,-420.27164948557976,0.6373607433404105
Klinger Oscillator,i058,BNBUSDT,False,no_funding,3903,-0.1020493416177403,-398.2985803340404,0.6514938982853227
Klinger Oscillator,i058,BNBUSDT,True,baseline,1343,-0.09858008547705344,-132.39305479568276,0.7933112833095802
Klinger Oscillator,i058,BNBUSDT,True,tp0.80,1460,-0.10608223818656018,-154.88006775237787,0.7486411379012258
Klinger Oscillator,i058,BNBUSDT,True,tp1.80,1230,-0.09395806547956083,-115.5684205398598,0.8137878237478366
Klinger Oscillator,i058,BNBUSDT,True,sl0.50,1596,-0.09804973735549861,-156.48738081937577,0.7537626291256595
Klinger Oscillator,i058,BNBUSDT,True,sl1.20,1185,-0.11492998956341223,-136.1920376326435,0.7853406670986854
Klinger Oscillator,i058,BNBUSDT,True,fee0.02,1343,-0.038582153106048685,-51.81583162142338,0.9126422818773393
Klinger Oscillator,i058,BNBUSDT,True,fee0.07,1343,-0.13857870705772327,-186.11120357852235,0.7233272223962475
Klinger Oscillator,i058,BNBUSDT,True,slip3,1343,-0.10412614178993157,-139.8414084238781,0.783189566216301
Klinger Oscillator,i058,BNBUSDT,True,no_funding,1343,-0.0977031457897861,-131.21532479568273,0.7949489604749006
Bollinger Bands,i059,BNBUSDT,False,baseline,1627,-0.09440041597670878,-153.5894767941052,0.7981846309621349
Bollinger Bands,i059,BNBUSDT,False,tp0.80,1768,-0.0890157896544211,-157.3799161090165,0.78209076048616
Bollinger Bands,i059,BNBUSDT,False,tp1.80,1500,-0.09548603138436948,-143.22904707655422,0.8112953124662441
Bollinger Bands,i059,BNBUSDT,False,sl0.50,1820,-0.10684812940413649,-194.4635955155284,0.7296387190664307
Bollinger Bands,i059,BNBUSDT,False,sl1.20,1473,-0.11643797684807047,-171.51313989720782,0.7805748370138899
Bollinger Bands,i059,BNBUSDT,False,fee0.02,1627,-0.03440375840968361,-55.974914932555244,0.9203476938952978
Bollinger Bands,i059,BNBUSDT,False,fee0.07,1627,-0.13439818768805895,-218.66585136847186,0.7267685680247085
Bollinger Bands,i059,BNBUSDT,False,slip3,1627,-0.09992368119376276,-162.57582930225198,0.7878815590514311
Bollinger Bands,i059,BNBUSDT,False,no_funding,1627,-0.09437525310024905,-153.54853679410522,0.7982743247013674
Bollinger Bands,i059,BNBUSDT,True,baseline,833,-0.10187639819242117,-84.86303969428684,0.7898673673811595
Bollinger Bands,i059,BNBUSDT,True,tp0.80,906,-0.10257788015144045,-92.93555941720506,0.7589217538072148
Bollinger Bands,i059,BNBUSDT,True,tp1.80,776,-0.10040070643693194,-77.91094819505919,0.8097297812808344
Bollinger Bands,i059,BNBUSDT,True,sl0.50,900,-0.09928326990892566,-89.3549429180331,0.7521979521833666
Bollinger Bands,i059,BNBUSDT,True,sl1.20,788,-0.1305359537350478,-102.86233154321769,0.7667968899946562
Bollinger Bands,i059,BNBUSDT,True,fee0.02,833,-0.041864320694690205,-34.87297913867694,0.9068991198128628
Bollinger Bands,i059,BNBUSDT,True,fee0.07,833,-0.14188444985757517,-118.18974673136012,0.7210476741853
Bollinger Bands,i059,BNBUSDT,True,slip3,833,-0.10741035262719621,-89.47282373845444,0.7799444368544456
Bollinger Bands,i059,BNBUSDT,True,no_funding,833,-0.10132120251414986,-84.40056169428684,0.7909190143418753
BB %B,i060,BNBUSDT,False,baseline,2971,-0.08778852321099491,-260.8197024598659,0.6921531317270384
BB %B,i060,BNBUSDT,False,tp0.80,3097,-0.10401543004465438,-322.1357868482947,0.6249867217560398
BB %B,i060,BNBUSDT,False,tp1.80,2883,-0.08881294177824518,-256.04771114668085,0.6979714014905589
BB %B,i060,BNBUSDT,False,sl0.50,3216,-0.08047502218801947,-258.8076713566706,0.7099106481954045
BB %B,i060,BNBUSDT,False,sl1.20,2895,-0.08438590078961661,-244.2971827859401,0.7008852610644084
BB %B,i060,BNBUSDT,False,fee0.02,2971,-0.027792024242224305,-82.57010402364841,0.8840436543162103
BB %B,i060,BNBUSDT,False,fee0.07,2971,-0.12778618919017534,-379.6527680840109,0.5956028041360077
BB %B,i060,BNBUSDT,False,slip3,2971,-0.0933558798654423,-277.3603190802291,0.6774610935520232
BB %B,i060,BNBUSDT,False,no_funding,2971,-0.08775880594408142,-260.7314124598659,0.6921531602362533
BB %B,i060,BNBUSDT,True,baseline,1000,-0.08972076566194406,-89.72076566194407,0.8097769135085968
BB %B,i060,BNBUSDT,True,tp0.80,1062,-0.10823402924970885,-114.9445390631908,0.7423689241567294
BB %B,i060,BNBUSDT,True,tp1.80,957,-0.05622216985406396,-53.80461655033921,0.888095258012845
BB %B,i060,BNBUSDT,True,sl0.50,1165,-0.07282697426964985,-84.84342502414208,0.8114785357163717
BB %B,i060,BNBUSDT,True,sl1.20,889,-0.07569748971356365,-67.29506835535808,0.8519306846598871
BB %B,i060,BNBUSDT,True,fee0.02,1000,-0.02972251187021786,-29.72251187021786,0.9319427395019496
BB %B,i060,BNBUSDT,True,fee0.07,1000,-0.1297196015230949,-129.7196015230949,0.7381308565973879
BB %B,i060,BNBUSDT,True,slip3,1000,-0.09526662223727063,-95.26662223727062,0.7994187132115936
BB %B,i060,BNBUSDT,True,no_funding,1000,-0.08909679266194406,-89.09679266194405,0.8109695971823112
Standard Error Bands,i061,BNBUSDT,False,baseline,2085,-0.09854088683617422,-205.45774905342324,0.7694034544690448
Standard Error Bands,i061,BNBUSDT,False,tp0.80,2296,-0.10487359126285674,-240.78976553951907,0.7313526066057432
Standard Error Bands,i061,BNBUSDT,False,tp1.80,1916,-0.0831567486573444,-159.32833042747188,0.8118071527706255
Standard Error Bands,i061,BNBUSDT,False,sl0.50,2353,-0.09822468934931024,-231.122694038927,0.7323573303825985
Standard Error Bands,i061,BNBUSDT,False,sl1.20,1898,-0.10435274244554085,-198.06150516163655,0.7738500217140958
Standard Error Bands,i061,BNBUSDT,False,fee0.02,2085,-0.038541452038221624,-80.35892749969209,0.9011904345883811
Standard Error Bands,i061,BNBUSDT,False,fee0.07,2085,-0.13854051003480927,-288.85696342257734,0.6939265604060318
Standard Error Bands,i061,BNBUSDT,False,slip3,2085,-0.10408410695344757,-217.01536299793815,0.7584098274820585
Standard Error Bands,i061,BNBUSDT,False,no_funding,2085,-0.09859707052921977,-205.57489205342324,0.7693224446669297
Standard Error Bands,i061,BNBUSDT,True,baseline,950,-0.13152514877626928,-124.94889133745582,0.736894070309293
Standard Error Bands,i061,BNBUSDT,True,tp0.80,1019,-0.1516956783673249,-154.57789625630406,0.6632928565447334
Standard Error Bands,i061,BNBUSDT,True,tp1.80,885,-0.1175565862266906,-104.03757881062118,0.7792805457791677
Standard Error Bands,i061,BNBUSDT,True,sl0.50,1032,-0.1161508785466378,-119.86770666013022,0.7136055662581495
Standard Error Bands,i061,BNBUSDT,True,sl1.20,891,-0.1618837646107643,-144.23843426819099,0.7197828583156749
Standard Error Bands,i061,BNBUSDT,True,fee0.02,950,-0.07151862541297728,-67.94269414232842,0.8458699836157105
Standard Error Bands,i061,BNBUSDT,True,fee0.07,950,-0.1715294976851306,-162.95302280087407,0.6727103523100596
Standard Error Bands,i061,BNBUSDT,True,slip3,950,-0.13708607672868664,-130.2317728922523,0.7276041261851616
Standard Error Bands,i061,BNBUSDT,True,no_funding,950,-0.13100905509205873,-124.4586023374558,0.737815051326934
Envelopes,i062,BNBUSDT,False,baseline,2,-0.9032657398322773,-1.8065314796645546,0.0
Envelopes,i062,BNBUSDT,False,tp0.80,2,-0.9032657398322773,-1.8065314796645546,0.0
Envelopes,i062,BNBUSDT,False,tp1.80,2,-0.9032657398322773,-1.8065314796645546,0.0
Envelopes,i062,BNBUSDT,False,sl0.50,2,-0.603115739832266,-1.206231479664532,0.0
Envelopes,i062,BNBUSDT,False,sl1.20,2,-1.3034657398322775,-2.606931479664555,0.0
Envelopes,i062,BNBUSDT,False,fee0.02,2,-0.8430257398322774,-1.6860514796645547,0.0
Envelopes,i062,BNBUSDT,False,fee0.07,2,-0.9434257398322772,-1.8868514796645544,0.0
Envelopes,i062,BNBUSDT,False,slip3,2,-0.9089972194968303,-1.8179944389936606,0.0
Envelopes,i062,BNBUSDT,False,no_funding,2,-0.9032657398322773,-1.8065314796645546,0.0
Envelopes,i062,BNBUSDT,True,baseline,1,-0.9040985668053636,-0.9040985668053636,0.0
Envelopes,i062,BNBUSDT,True,tp0.80,1,-0.9040985668053636,-0.9040985668053636,0.0
Envelopes,i062,BNBUSDT,True,tp1.80,1,-0.9040985668053636,-0.9040985668053636,0.0
Envelopes,i062,BNBUSDT,True,sl0.50,1,-0.6039485668053522,-0.6039485668053522,0.0
Envelopes,i062,BNBUSDT,True,sl1.20,1,-1.304298566805364,-1.304298566805364,0.0
Envelopes,i062,BNBUSDT,True,fee0.02,1,-0.8438585668053636,-0.8438585668053636,0.0
Envelopes,i062,BNBUSDT,True,fee0.07,1,-0.9442585668053637,-0.9442585668053637,0.0
Envelopes,i062,BNBUSDT,True,slip3,1,-0.9114957004160894,-0.9114957004160894,0.0
Envelopes,i062,BNBUSDT,True,no_funding,1,-0.9040985668053636,-0.9040985668053636,0.0
Net Volume,i074,BNBUSDT,False,baseline,2987,-0.10130394707323802,-302.594889907762,0.6496909627738878
Net Volume,i074,BNBUSDT,False,tp0.80,3092,-0.09941389475784128,-307.38776259124523,0.6310611439201932
Net Volume,i074,BNBUSDT,False,tp1.80,2891,-0.10410485582450633,-300.9671381886478,0.6494642269999517
Net Volume,i074,BNBUSDT,False,sl0.50,3217,-0.09655413172773172,-310.61464176811296,0.6444712763270594
Net Volume,i074,BNBUSDT,False,sl1.20,2867,-0.09924288566935636,-284.52935321404465,0.6640394670003941
Net Volume,i074,BNBUSDT,False,fee0.02,2987,-0.04130867426397006,-123.38901002647856,0.8332257503882831
Net Volume,i074,BNBUSDT,False,fee0.07,2987,-0.14130079561275,-422.0654764952843,0.5558764371601725
Net Volume,i074,BNBUSDT,False,slip3,2987,-0.10687169472195529,-319.22575213448044,0.6354632727924571
Net Volume,i074,BNBUSDT,False,no_funding,2987,-0.10145695343413526,-303.051919907762,0.6492770833153423
Net Volume,i074,BNBUSDT,True,baseline,1068,-0.13520698938567688,-144.4010646639029,0.7287173084479821
Net Volume,i074,BNBUSDT,True,tp0.80,1156,-0.13057082570669795,-150.93987451694284,0.7009525918933192
Net Volume,i074,BNBUSDT,True,tp1.80,1007,-0.13883237407761195,-139.80420069615525,0.7416863035020947
Net Volume,i074,BNBUSDT,True,sl0.50,1228,-0.11533343909305163,-141.6294632062674,0.7144915736036818
Net Volume,i074,BNBUSDT,True,sl1.20,947,-0.135955654493671,-128.75000480550642,0.7547022932025835
Net Volume,i074,BNBUSDT,True,fee0.02,1068,-0.07521194548614231,-80.32635777919998,0.8370758590561023
Net Volume,i074,BNBUSDT,True,fee0.07,1068,-0.17520368531869993,-187.11753592037152,0.6650580107993398
Net Volume,i074,BNBUSDT,True,slip3,1068,-0.1407385226637094,-150.30874220484165,0.7195418271726643
Net Volume,i074,BNBUSDT,True,no_funding,1068,-0.13436033208230608,-143.4968346639029,0.7301979103841516
OBV,i075,BNBUSDT,False,baseline,3296,-0.08948474297892269,-294.9417128585292,0.6619194056819641
OBV,i075,BNBUSDT,False,tp0.80,3400,-0.10077094202963041,-342.6212029007434,0.6027610316295121
OBV,i075,BNBUSDT,False,tp1.80,3202,-0.09238869485949854,-295.8286009401143,0.6572986597858749
OBV,i075,BNBUSDT,False,sl0.50,3560,-0.09226001250817376,-328.4456445290986,0.6472535596786825
OBV,i075,BNBUSDT,False,sl1.20,3215,-0.09688177420186388,-311.47490405899237,0.6389889113602545
OBV,i075,BNBUSDT,False,fee0.02,3296,-0.029486911429991134,-97.18886007325078,0.8656745789292558
OBV,i075,BNBUSDT,False,fee0.07,3296,-0.12948329734487707,-426.7769480487148,0.5620031369805982
OBV,i075,BNBUSDT,False,slip3,3296,-0.09500328854014133,-313.1308390283058,0.646737590875155
OBV,i075,BNBUSDT,False,no_funding,3296,-0.08959887829445666,-295.3179028585291,0.6616287060424999
OBV,i075,BNBUSDT,True,baseline,1104,-0.11501884811395013,-126.98080831780096,0.7633715997831474
OBV,i075,BNBUSDT,True,tp0.80,1203,-0.12040891034312276,-144.85191914277667,0.719780803722275
OBV,i075,BNBUSDT,True,tp1.80,1025,-0.1002900628413793,-102.79731441241378,0.8057068148794098
OBV,i075,BNBUSDT,True,sl0.50,1342,-0.11746550728535432,-157.63871077694552,0.7109333604993957
OBV,i075,BNBUSDT,True,sl1.20,981,-0.1334549826031627,-130.9193379337026,0.7580532719863581
OBV,i075,BNBUSDT,True,fee0.02,1104,-0.05502858115015177,-60.75155358976756,0.877817897326699
OBV,i075,BNBUSDT,True,fee0.07,1104,-0.1550123594231491,-171.13364480315659,0.696175274825394
OBV,i075,BNBUSDT,True,slip3,1104,-0.12050917827435542,-133.04213281488836,0.7537572094453402
OBV,i075,BNBUSDT,True,no_funding,1104,-0.11455044956322552,-126.46369631780097,0.7642499348140305
Accumulation/Distribution,i076,BNBUSDT,False,baseline,3147,-0.09169227806035031,-288.5555990559224,0.6679215442535911
Accumulation/Distribution,i076,BNBUSDT,False,tp0.80,3269,-0.10480897129350394,-342.6205271584644,0.6056003223148977
Accumulation/Distribution,i076,BNBUSDT,False,tp1.80,3035,-0.10294393657301712,-312.434847499107,0.6382384970052631
Accumulation/Distribution,i076,BNBUSDT,False,sl0.50,3358,-0.09285416200608318,-311.8042760164273,0.6486409198689894
Accumulation/Distribution,i076,BNBUSDT,False,sl1.20,3071,-0.08622040434353077,-264.782861738983,0.6895147145436049
Accumulation/Distribution,i076,BNBUSDT,False,fee0.02,3147,-0.03169729691401062,-99.7513933883914,0.8638475337841541
Accumulation/Distribution,i076,BNBUSDT,False,fee0.07,3147,-0.13168893215791008,-414.4250695009431,0.5698123861996133
Accumulation/Distribution,i076,BNBUSDT,False,slip3,3147,-0.09727829607399198,-306.1347977448528,0.6529025350652637
Accumulation/Distribution,i076,BNBUSDT,False,no_funding,3147,-0.09178248778389653,-288.83948905592234,0.6675703523400127
Accumulation/Distribution,i076,BNBUSDT,True,baseline,1111,-0.12623267999801513,-140.2445074777948,0.7400574786524938
Accumulation/Distribution,i076,BNBUSDT,True,tp0.80,1206,-0.11675318846720881,-140.8043452914538,0.7255510068756271
Accumulation/Distribution,i076,BNBUSDT,True,tp1.80,1047,-0.0974344398729162,-102.01385854694325,0.8088428420363882
Accumulation/Distribution,i076,BNBUSDT,True,sl0.50,1315,-0.11861268570180522,-155.97568169787385,0.7057769948600611
Accumulation/Distribution,i076,BNBUSDT,True,sl1.20,993,-0.12846157337519903,-127.56234236157265,0.7634623007110058
Accumulation/Distribution,i076,BNBUSDT,True,fee0.02,1111,-0.06622646221690846,-73.57759952298531,0.8526072399890626
Accumulation/Distribution,i076,BNBUSDT,True,fee0.07,1111,-0.1662368251854196,-184.68911278100117,0.6741819284333801
Accumulation/Distribution,i076,BNBUSDT,True,slip3,1111,-0.13181218814078147,-146.4433410244082,0.7304818462750753
Accumulation/Distribution,i076,BNBUSDT,True,no_funding,1111,-0.12537228305832115,-139.28860647779481,0.7415759214863974
MFI,i077,BNBUSDT,False,baseline,2530,-0.09624545882282377,-243.50101082174413,0.6934888337946926
MFI,i077,BNBUSDT,False,tp0.80,2636,-0.09956255629827336,-262.44689840224856,0.6613271240327767
MFI,i077,BNBUSDT,False,tp1.80,2456,-0.0938820514510597,-230.57431836380263,0.7111878202004326
MFI,i077,BNBUSDT,False,sl0.50,2776,-0.09631547455898903,-267.37175737575353,0.6710870124950846
MFI,i077,BNBUSDT,False,sl1.20,2408,-0.08990576963695271,-216.49309328578212,0.7158520523103512
MFI,i077,BNBUSDT,False,fee0.02,2530,-0.036250312885073306,-91.71329159923546,0.8674591067913758
MFI,i077,BNBUSDT,False,fee0.07,2530,-0.13624222278132408,-344.6928236367499,0.6018050116366229
MFI,i077,BNBUSDT,False,slip3,2530,-0.10177961216379873,-257.5024187744108,0.6798127360606222
MFI,i077,BNBUSDT,False,no_funding,2530,-0.09648022245918741,-244.09496282174413,0.6928284580074271
MFI,i077,BNBUSDT,True,baseline,960,-0.10128323606348119,-97.23190662094194,0.7874838245414787
MFI,i077,BNBUSDT,True,tp0.80,1030,-0.10335361692445841,-106.45422543219216,0.7531513672955932
MFI,i077,BNBUSDT,True,tp1.80,918,-0.07563354909874885,-69.43159807265144,0.850758600832377
MFI,i077,BNBUSDT,True,sl0.50,1067,-0.09083398708760235,-96.9198642224717,0.767831336758347
MFI,i077,BNBUSDT,True,sl1.20,874,-0.11785733976103323,-103.00731495114303,0.7808985921227002
MFI,i077,BNBUSDT,True,fee0.02,960,-0.04128101744446297,-39.629776746684456,0.906360559630324
MFI,i077,BNBUSDT,True,fee0.07,960,-0.1412847151428267,-135.63332653711365,0.717865576406928
MFI,i077,BNBUSDT,True,slip3,960,-0.10681635246327843,-102.54369836474729,0.777434129453971
MFI,i077,BNBUSDT,True,no_funding,960,-0.10057380689681454,-96.55085462094195,0.7887895336244323
Chaikin Money Flow,i078,BNBUSDT,False,baseline,2581,-0.1057947639523454,-273.0562857610035,0.6388754104287261
Chaikin Money Flow,i078,BNBUSDT,False,tp0.80,2676,-0.10536307152925373,-281.95157941228297,0.618316514469988
Chaikin Money Flow,i078,BNBUSDT,False,tp1.80,2514,-0.10559627995538638,-265.4690478078414,0.6524341829641468
Chaikin Money Flow,i078,BNBUSDT,False,sl0.50,2773,-0.09766744547917708,-270.831826313758,0.6388504409473175
Chaikin Money Flow,i078,BNBUSDT,False,sl1.20,2499,-0.08683537954549832,-217.00161348420028,0.7049750544242902
Chaikin Money Flow,i078,BNBUSDT,False,fee0.02,2581,-0.045794986453912556,-118.1968600375483,0.8182833761520969
Chaikin Money Flow,i078,BNBUSDT,False,fee0.07,2581,-0.14579461561796733,-376.2959029099737,0.5468631289448839
Chaikin Money Flow,i078,BNBUSDT,False,slip3,2581,-0.11137681413966671,-287.4635572944798,0.6248955961220621
Chaikin Money Flow,i078,BNBUSDT,False,no_funding,2581,-0.10611354310771155,-273.87905476100354,0.6380902666466334
Chaikin Money Flow,i078,BNBUSDT,True,baseline,975,-0.11452066048536703,-111.65764397323285,0.7605480317023318
Chaikin Money Flow,i078,BNBUSDT,True,tp0.80,1062,-0.12682651170203202,-134.689755427558,0.7058665286849517
Chaikin Money Flow,i078,BNBUSDT,True,tp1.80,917,-0.09300646492037806,-85.28692833198669,0.8158346465853956
Chaikin Money Flow,i078,BNBUSDT,True,sl0.50,1097,-0.09182004250562954,-100.72658662867562,0.7644465523666496
Chaikin Money Flow,i078,BNBUSDT,True,sl1.20,878,-0.11780242540375711,-103.43052950449874,0.7803723468556172
Chaikin Money Flow,i078,BNBUSDT,True,fee0.02,975,-0.05452293704781609,-53.15986362162069,0.8768737650846926
Chaikin Money Flow,i078,BNBUSDT,True,fee0.07,975,-0.1545191427770677,-150.65616420764098,0.6923332059468299
Chaikin Money Flow,i078,BNBUSDT,True,slip3,975,-0.12007266904768507,-117.07085232149295,0.7506840038032008
Chaikin Money Flow,i078,BNBUSDT,True,no_funding,975,-0.11382639176741832,-110.98073197323286,0.7617915724175711
Chaikin Oscillator,i079,BNBUSDT,False,baseline,2841,-0.09330672796246142,-265.0844141413529,0.7000574627998353
Chaikin Oscillator,i079,BNBUSDT,False,tp0.80,2983,-0.11191031364123369,-333.8284655918001,0.6303523289570022
Chaikin Oscillator,i079,BNBUSDT,False,tp1.80,2720,-0.104757448511903,-284.94025995237615,0.6746263667189472
Chaikin Oscillator,i079,BNBUSDT,False,sl0.50,3080,-0.09601788145881612,-295.7350748931537,0.6698178023022097
Chaikin Oscillator,i079,BNBUSDT,False,sl1.20,2716,-0.09988634203624003,-271.2913049704279,0.6892110823716077
Chaikin Oscillator,i079,BNBUSDT,False,fee0.02,2841,-0.03330978327129734,-94.63309427375575,0.876689754973933
Chaikin Oscillator,i079,BNBUSDT,False,fee0.07,2841,-0.13330469108990417,-378.71862738641767,0.6072699050123004
Chaikin Oscillator,i079,BNBUSDT,False,slip3,2841,-0.09888221005299277,-280.9243587605525,0.686078615248752
Chaikin Oscillator,i079,BNBUSDT,False,no_funding,2841,-0.09353564489311963,-265.7347671413529,0.6994232925981877
Chaikin Oscillator,i079,BNBUSDT,True,baseline,1104,-0.13461868924346507,-148.61903292478544,0.7258990214556263
Chaikin Oscillator,i079,BNBUSDT,True,tp0.80,1195,-0.13459349460352624,-160.83922605121384,0.6911519943568025
Chaikin Oscillator,i079,BNBUSDT,True,tp1.80,1051,-0.12522340144986727,-131.6097949238105,0.7596846119831058
Chaikin Oscillator,i079,BNBUSDT,True,sl0.50,1266,-0.12927514596273967,-163.66233478882842,0.6824022712747455
Chaikin Oscillator,i079,BNBUSDT,True,sl1.20,993,-0.14610900294688803,-145.0862399262598,0.736110107558423
Chaikin Oscillator,i079,BNBUSDT,True,fee0.02,1104,-0.07461786604236084,-82.37812411076636,0.8358604479869878
Chaikin Oscillator,i079,BNBUSDT,True,fee0.07,1104,-0.17461923804420124,-192.77963880079815,0.6614588296974584
Chaikin Oscillator,i079,BNBUSDT,True,slip3,1104,-0.14019447061663926,-154.77469556076971,0.7165298050756778
Chaikin Oscillator,i079,BNBUSDT,True,no_funding,1104,-0.13397464485940708,-147.9080079247854,0.7269953794093053
Ease of Movement,i080,BNBUSDT,False,baseline,2896,-0.08993740091268114,-260.4587130431246,0.6940022475620792
Ease of Movement,i080,BNBUSDT,False,tp0.80,3011,-0.09832826960448837,-296.0664197791145,0.6475754603985998
Ease of Movement,i080,BNBUSDT,False,tp1.80,2807,-0.08098203685332656,-227.31657744728767,0.7311126448220041
Ease of Movement,i080,BNBUSDT,False,sl0.50,3163,-0.09629755551092715,-304.58916808106255,0.6583275775283507
Ease of Movement,i080,BNBUSDT,False,sl1.20,2757,-0.08880494814529628,-244.83524203658186,0.6966813303253814
Ease of Movement,i080,BNBUSDT,False,fee0.02,2896,-0.029939017914609203,-86.70339588070826,0.8814225857459104
Ease of Movement,i080,BNBUSDT,False,fee0.07,2896,-0.12993632291139576,-376.2955911514021,0.5975393534015907
Ease of Movement,i080,BNBUSDT,False,slip3,2896,-0.09548503584930708,-276.5246638195933,0.6794429391752075
Ease of Movement,i080,BNBUSDT,False,no_funding,2896,-0.09019465194859275,-261.2037120431246,0.6932486368775648
Ease of Movement,i080,BNBUSDT,True,baseline,1015,-0.10389152212783477,-105.4498949597523,0.7815463681716535
Ease of Movement,i080,BNBUSDT,True,tp0.80,1089,-0.11167517750122118,-121.61426829882987,0.7333551023124341
Ease of Movement,i080,BNBUSDT,True,tp1.80,966,-0.0943337326063827,-91.12638569776567,0.8157304780897178
Ease of Movement,i080,BNBUSDT,True,sl0.50,1162,-0.08470792310956657,-98.43060665331636,0.7826163826686227
Ease of Movement,i080,BNBUSDT,True,sl1.20,907,-0.09567896844211618,-86.78082437699938,0.8163148026400118
Ease of Movement,i080,BNBUSDT,True,fee0.02,1015,-0.04389259470926668,-44.55098362990568,0.9002074417927307
Ease of Movement,i080,BNBUSDT,True,fee0.07,1015,-0.14389080707354687,-146.04916917965008,0.7120325341710095
Ease of Movement,i080,BNBUSDT,True,slip3,1015,-0.10942483512179442,-111.06620764862134,0.7715185645960698
Ease of Movement,i080,BNBUSDT,True,no_funding,1015,-0.10343385020665252,-104.9853579597523,0.7824695120442581
Elder Force Index,i081,BNBUSDT,False,baseline,2739,-0.08501252051342169,-232.849293686262,0.698578231894454
Elder Force Index,i081,BNBUSDT,False,tp0.80,2843,-0.09832336091897403,-279.5333150926432,0.6370961638423234
Elder Force Index,i081,BNBUSDT,False,tp1.80,2661,-0.08228707511102297,-218.96590687043212,0.7132061511604878
Elder Force Index,i081,BNBUSDT,False,sl0.50,2957,-0.07599366978580988,-224.7132815566398,0.7200188502304516
Elder Force Index,i081,BNBUSDT,False,sl1.20,2669,-0.07380301082221727,-196.9802358844979,0.7348344460852902
Elder Force Index,i081,BNBUSDT,False,fee0.02,2739,-0.025013427748920958,-68.51177860429449,0.8947234713546989
Elder Force Index,i081,BNBUSDT,False,fee0.07,2739,-0.12501191568975553,-342.40763707424037,0.5998355898431172
Elder Force Index,i081,BNBUSDT,False,slip3,2739,-0.09058008299136178,-248.09884731333992,0.683557159124743
Elder Force Index,i081,BNBUSDT,False,no_funding,2739,-0.0850336705681862,-232.90722368626203,0.6985031810335666
Elder Force Index,i081,BNBUSDT,True,baseline,963,-0.13132112783263414,-126.46224610282668,0.7343131681269893
Elder Force Index,i081,BNBUSDT,True,tp0.80,1035,-0.1268922240030719,-131.3334518431794,0.7053979982682993
Elder Force Index,i081,BNBUSDT,True,tp1.80,920,-0.1009721832166117,-92.89440855928275,0.8057197893488727
Elder Force Index,i081,BNBUSDT,True,sl0.50,1124,-0.0934678505522092,-105.05786402068313,0.7648304949375706
Elder Force Index,i081,BNBUSDT,True,sl1.20,858,-0.1628388145036114,-139.7157028440986,0.7132602768840344
Elder Force Index,i081,BNBUSDT,True,fee0.02,963,-0.0713227459769205,-68.68380437577443,0.8441595408783399
Elder Force Index,i081,BNBUSDT,True,fee0.07,963,-0.1713200490697766,-164.98120725419489,0.6698235439401367
Elder Force Index,i081,BNBUSDT,True,slip3,963,-0.13685837967756237,-131.79461962949256,0.7250205991397679
Elder Force Index,i081,BNBUSDT,True,no_funding,963,-0.13060522855952927,-125.77283510282669,0.7355809159731495
Price & Volume Trend,i082,BNBUSDT,False,baseline,2066,-0.0701877079573601,-145.00780463990597,0.7671179488671244
Price & Volume Trend,i082,BNBUSDT,False,tp0.80,2139,-0.09321850155312271,-199.39437482212946,0.6763205856529606
Price & Volume Trend,i082,BNBUSDT,False,tp1.80,2004,-0.07672276371187244,-153.75241847859238,0.7535895462067695
Price & Volume Trend,i082,BNBUSDT,False,sl0.50,2256,-0.06564404503932608,-148.09296560871962,0.772059358694407
Price & Volume Trend,i082,BNBUSDT,False,sl1.20,1998,-0.06506262514261682,-129.99512503494842,0.7842464040402465
Price & Volume Trend,i082,BNBUSDT,False,fee0.02,2066,-0.010188251738293002,-21.048928091313343,0.9604738984300054
Price & Volume Trend,i082,BNBUSDT,False,fee0.07,2066,-0.1101873454367382,-227.6470556723011,0.6670931376047136
Price & Volume Trend,i082,BNBUSDT,False,slip3,2066,-0.07575325116443588,-156.5062169057245,0.7520386018795457
Price & Volume Trend,i082,BNBUSDT,False,no_funding,2066,-0.07022543835426234,-145.085755639906,0.7670567788084183
Price & Volume Trend,i082,BNBUSDT,True,baseline,736,-0.1070273665806983,-78.77214180339395,0.7769808526297758
Price & Volume Trend,i082,BNBUSDT,True,tp0.80,783,-0.10490985419700423,-82.14441583625431,0.7485905554924508
Price & Volume Trend,i082,BNBUSDT,True,tp1.80,705,-0.09198144278515107,-64.8469171635315,0.8195590860771798
Price & Volume Trend,i082,BNBUSDT,True,sl0.50,858,-0.08646096718098722,-74.18350984128703,0.7806514944696887
Price & Volume Trend,i082,BNBUSDT,True,sl1.20,665,-0.12441389378765666,-82.73523936879168,0.7696512557436145
Price & Volume Trend,i082,BNBUSDT,True,fee0.02,736,-0.047028655385990284,-34.61309036408885,0.8941435708609611
Price & Volume Trend,i082,BNBUSDT,True,fee0.07,736,-0.14702650737717032,-108.21150942959736,0.7083375602887283
Price & Volume Trend,i082,BNBUSDT,True,slip3,736,-0.1125657687622328,-82.84840580900334,0.7670726731437666
Price & Volume Trend,i082,BNBUSDT,True,no_funding,736,-0.10660907853722003,-78.46428180339394,0.7778751008594985
VWAP,i086,BNBUSDT,False,baseline,2457,-0.08316922615255208,-204.34678865682048,0.7012458244032161
VWAP,i086,BNBUSDT,False,tp0.80,2549,-0.09042463262956596,-230.49238857276362,0.6574532032443756
VWAP,i086,BNBUSDT,False,tp1.80,2401,-0.07788587557704045,-187.0039872604741,0.7259866648287067
VWAP,i086,BNBUSDT,False,sl0.50,2666,-0.07502810182973939,-200.0249194780852,0.726405107017813
VWAP,i086,BNBUSDT,False,sl1.20,2406,-0.07316114780421243,-176.0257216169351,0.7310797419713151
VWAP,i086,BNBUSDT,False,fee0.02,2457,-0.02316537493172123,-56.91732620723906,0.9002225661246103
VWAP,i086,BNBUSDT,False,fee0.07,2457,-0.123171793633106,-302.6330969565414,0.6020837011039959
VWAP,i086,BNBUSDT,False,slip3,2457,-0.08872970641435454,-218.00888866006912,0.686149225615789
VWAP,i086,BNBUSDT,False,no_funding,2457,-0.08318580368612963,-204.38751965682053,0.7012176171464949
VWAP,i086,BNBUSDT,True,baseline,863,-0.09093964823512185,-78.48091642691016,0.805595949377231
VWAP,i086,BNBUSDT,True,tp0.80,925,-0.10861365741299679,-100.46763310702202,0.740239176872298
VWAP,i086,BNBUSDT,True,tp1.80,829,-0.08919331199877169,-73.94125564698173,0.8244149376150619
VWAP,i086,BNBUSDT,True,sl0.50,1017,-0.08779650046940865,-89.2890409773886,0.7759054160747629
VWAP,i086,BNBUSDT,True,sl1.20,776,-0.09206677377579761,-71.44381645001894,0.8217535432907188
VWAP,i086,BNBUSDT,True,fee0.02,863,-0.03092866136225352,-26.691434755624787,0.9284947823245701
VWAP,i086,BNBUSDT,True,fee0.07,863,-0.1309469728170341,-113.00723754110042,0.73364971626294
VWAP,i086,BNBUSDT,True,slip3,863,-0.09647917596045688,-83.2615288538743,0.7952017525154691
VWAP,i086,BNBUSDT,True,no_funding,863,-0.09050692285852857,-78.10747442691016,0.8064641454912587
VWMA,i087,BNBUSDT,False,baseline,3091,-0.09213340360507091,-284.7843505432742,0.6811812467854061
VWMA,i087,BNBUSDT,False,tp0.80,3242,-0.09985657842747826,-323.7350272618845,0.6419826937708388
VWMA,i087,BNBUSDT,False,tp1.80,2994,-0.08776768840881619,-262.7764590959957,0.7024140591009699
VWMA,i087,BNBUSDT,False,sl0.50,3349,-0.08438900917785175,-282.61879173662555,0.6970171231022395
VWMA,i087,BNBUSDT,False,sl1.20,3008,-0.09041832866403683,-271.9783326214228,0.6861555416603264
VWMA,i087,BNBUSDT,False,fee0.02,3091,-0.03213356166089772,-99.32483909383485,0.8682279838143584
VWMA,i087,BNBUSDT,False,fee0.07,3091,-0.13213329823451972,-408.4240248429005,0.5864487397692131
VWMA,i087,BNBUSDT,False,slip3,3091,-0.09769725846273607,-301.98222590831716,0.6668153533913094
VWMA,i087,BNBUSDT,False,no_funding,3091,-0.09217562165748114,-284.9148465432742,0.6809778440584824
VWMA,i087,BNBUSDT,True,baseline,1044,-0.12609623274995213,-131.64446699095004,0.7438579291927356
VWMA,i087,BNBUSDT,True,tp0.80,1122,-0.1168550106915613,-131.11132199593177,0.7259323313495304
VWMA,i087,BNBUSDT,True,tp1.80,1000,-0.1024400163889413,-102.44001638894132,0.8039155124837272
VWMA,i087,BNBUSDT,True,sl0.50,1229,-0.10037745165686568,-123.36388808628791,0.7483560265183825
VWMA,i087,BNBUSDT,True,sl1.20,920,-0.10124438422472529,-93.14483348674726,0.8085497153143648
VWMA,i087,BNBUSDT,True,fee0.02,1044,-0.06609341481657055,-69.00152506849965,0.8550570788111982
VWMA,i087,BNBUSDT,True,fee0.07,1044,-0.16609811137220654,-173.40642827258364,0.6786131032042081
VWMA,i087,BNBUSDT,True,slip3,1044,-0.13165133041428992,-137.44398895251865,0.7344173788529363
VWMA,i087,BNBUSDT,True,no_funding,1044,-0.1254442873476533,-130.96383599095006,0.7449785237357905
Pivot Points Standard,i088,BNBUSDT,False,baseline,1143,-0.06910063624200316,-78.98202722460961,0.7699572285669918
Pivot Points Standard,i088,BNBUSDT,False,tp0.80,1169,-0.07245121362195923,-84.69546872407034,0.7349825622749755
Pivot Points Standard,i088,BNBUSDT,False,tp1.80,1128,-0.057047125775374644,-64.34915787462259,0.817252978407798
Pivot Points Standard,i088,BNBUSDT,False,sl0.50,1243,-0.07843514756507955,-97.49488842339389,0.7343864327751298
Pivot Points Standard,i088,BNBUSDT,False,sl1.20,1105,-0.07163210876793681,-79.15348018857019,0.7603383806175804
Pivot Points Standard,i088,BNBUSDT,False,fee0.02,1143,-0.009098007348136525,-10.399022398920048,0.9643364881149247
Pivot Points Standard,i088,BNBUSDT,False,fee0.07,1143,-0.10910238883791426,-124.704030441736,0.6700403327579854
Pivot Points Standard,i088,BNBUSDT,False,slip3,1143,-0.07469983004035119,-85.38190573612141,0.7547866800775483
Pivot Points Standard,i088,BNBUSDT,False,no_funding,1143,-0.06906716555083955,-78.94377022460961,0.7700357260598086
Pivot Points Standard,i088,BNBUSDT,True,baseline,431,-0.18076973362530133,-77.91175519250487,0.6343192126636352
Pivot Points Standard,i088,BNBUSDT,True,tp0.80,446,-0.13009744486745933,-58.02346041088686,0.6916762324251224
Pivot Points Standard,i088,BNBUSDT,True,tp1.80,423,-0.20159104278239234,-85.27301109695196,0.6243686052167571
Pivot Points Standard,i088,BNBUSDT,True,sl0.50,492,-0.1495239645813344,-73.56579057401652,0.6305174599471854
Pivot Points Standard,i088,BNBUSDT,True,sl1.20,398,-0.20202801106762822,-80.40714840491603,0.6403756531889337
Pivot Points Standard,i088,BNBUSDT,True,fee0.02,431,-0.12078041853421098,-52.056360388244926,0.7350602605744037
Pivot Points Standard,i088,BNBUSDT,True,fee0.07,431,-0.2207626103526949,-95.14868506201151,0.5757413993527697
Pivot Points Standard,i088,BNBUSDT,True,slip3,431,-0.1863204052203467,-80.30409464996943,0.6257980772274199
Pivot Points Standard,i088,BNBUSDT,True,no_funding,431,-0.1804278658758814,-77.76441019250487,0.6348912103950481
Balance of Power,i089,BNBUSDT,False,baseline,3139,-0.0877481776423311,-275.44152961927733,0.6784084133688992
Balance of Power,i089,BNBUSDT,False,tp0.80,3272,-0.09063334874304449,-296.5523170872416,0.6504369879711488
Balance of Power,i089,BNBUSDT,False,tp1.80,3037,-0.09765644162301575,-296.5826132090988,0.655075298293539
Balance of Power,i089,BNBUSDT,False,sl0.50,3371,-0.09140065834799192,-308.11161929108073,0.6539860135447749
Balance of Power,i089,BNBUSDT,False,sl1.20,3043,-0.08150243904415054,-248.0119220113501,0.6999454196001296
Balance of Power,i089,BNBUSDT,False,fee0.02,3139,-0.0277499031422895,-87.10694596364674,0.879337057456105
Balance of Power,i089,BNBUSDT,False,fee0.07,3139,-0.1277470273090255,-400.9979187230311,0.577937816921767
Balance of Power,i089,BNBUSDT,False,slip3,3139,-0.09332414330773349,-292.9444858429754,0.6630658755451477
Balance of Power,i089,BNBUSDT,False,no_funding,3139,-0.08787496037568567,-275.8395006192773,0.6780252894218446
Balance of Power,i089,BNBUSDT,True,baseline,1082,-0.1321242472082465,-142.95843547932273,0.7327703696419
Balance of Power,i089,BNBUSDT,True,tp0.80,1187,-0.1312933320709354,-155.84518516820035,0.6997234587558698
Balance of Power,i089,BNBUSDT,True,tp1.80,1040,-0.1338335614923517,-139.18690395204575,0.7475544842494667
Balance of Power,i089,BNBUSDT,True,sl0.50,1259,-0.10198636165351471,-128.400829321775,0.7426336219527169
Balance of Power,i089,BNBUSDT,True,sl1.20,951,-0.1292859471168394,-122.95093570811429,0.760556735924451
Balance of Power,i089,BNBUSDT,True,fee0.02,1082,-0.07211197544220348,-78.02515742846417,0.8425292381391172
Balance of Power,i089,BNBUSDT,True,fee0.07,1082,-0.17213242838560852,-186.24728751322843,0.6684005051642677
Balance of Power,i089,BNBUSDT,True,slip3,1082,-0.13770961062731035,-149.0017986987498,0.7234061387398346
Balance of Power,i089,BNBUSDT,True,no_funding,1082,-0.13131929711582507,-142.08747947932272,0.7341497497478972
Accumulative Swing Index,i090,BNBUSDT,False,baseline,2403,-0.1078309273641739,-259.1177184561099,0.6480795451555394
Accumulative Swing Index,i090,BNBUSDT,False,tp0.80,2516,-0.10950096530911392,-275.5044287177306,0.6257046432442084
Accumulative Swing Index,i090,BNBUSDT,False,tp1.80,2323,-0.09312669127644065,-216.33330383517162,0.6956443587720209
Accumulative Swing Index,i090,BNBUSDT,False,sl0.50,2615,-0.09580091253801937,-250.51938628692065,0.6681657993299609
Accumulative Swing Index,i090,BNBUSDT,False,sl1.20,2319,-0.10067918964808867,-233.4750407939176,0.6678292012540238
Accumulative Swing Index,i090,BNBUSDT,False,fee0.02,2403,-0.047831804266772006,-114.93982565305313,0.8173937072300516
Accumulative Swing Index,i090,BNBUSDT,False,fee0.07,2403,-0.1478303427624418,-355.23631365814765,0.5609346676565669
Accumulative Swing Index,i090,BNBUSDT,False,slip3,2403,-0.11338834630518656,-272.4721961713633,0.6349272653670068
Accumulative Swing Index,i090,BNBUSDT,False,no_funding,2403,-0.10798435849193086,-259.48641345610986,0.6476570976897066
Accumulative Swing Index,i090,BNBUSDT,True,baseline,901,-0.13463295455851487,-121.30429205722191,0.7229258077084263
Accumulative Swing Index,i090,BNBUSDT,True,tp0.80,945,-0.15150564700622612,-143.17283642088367,0.6558812220516907
Accumulative Swing Index,i090,BNBUSDT,True,tp1.80,874,-0.12377379425664028,-108.17829618030362,0.7616272096492961
Accumulative Swing Index,i090,BNBUSDT,True,sl0.50,1034,-0.13197359671844358,-136.46069900687067,0.6756061297085633
Accumulative Swing Index,i090,BNBUSDT,True,sl1.20,811,-0.15351796245102647,-124.50306754778246,0.7225314205869631
Accumulative Swing Index,i090,BNBUSDT,True,fee0.02,901,-0.07461980201663944,-67.23244161699213,0.8339088382920801
Accumulative Swing Index,i090,BNBUSDT,True,fee0.07,901,-0.1746417229197652,-157.35219235070846,0.6580052331295975
Accumulative Swing Index,i090,BNBUSDT,True,slip3,901,-0.14016037815868604,-126.28450072097613,0.7135676340506589
Accumulative Swing Index,i090,BNBUSDT,True,no_funding,901,-0.13410222536872576,-120.82610505722191,0.7238698764196013
Up/Down,i091,BNBUSDT,False,baseline,2532,-0.11355729392633815,-287.5270682214882,0.616163588443347
Up/Down,i091,BNBUSDT,False,tp0.80,2632,-0.11891067525712487,-312.97289727675263,0.5791944900556311
Up/Down,i091,BNBUSDT,False,tp1.80,2470,-0.11541088481447084,-285.064885491743,0.6207995794508789
Up/Down,i091,BNBUSDT,False,sl0.50,2736,-0.10766540748981435,-294.572554892132,0.6086248702851083
Up/Down,i091,BNBUSDT,False,sl1.20,2408,-0.11904145353533142,-286.6518201130781,0.6046443373112697
Up/Down,i091,BNBUSDT,False,fee0.02,2532,-0.05356193904987658,-135.6188296742875,0.7907847724360993
Up/Down,i091,BNBUSDT,False,fee0.07,2532,-0.15355419717731253,-388.79922725295535,0.5259621319923059
Up/Down,i091,BNBUSDT,False,slip3,2532,-0.11914729412844229,-301.68094873321587,0.6024624089103491
Up/Down,i091,BNBUSDT,False,no_funding,2532,-0.11355566872886579,-287.5229532214882,0.6161240653001832
Up/Down,i091,BNBUSDT,True,baseline,1014,-0.14753626414300405,-149.6017718410061,0.6991513443144076
Up/Down,i091,BNBUSDT,True,tp0.80,1095,-0.15485478891830057,-169.56599386553916,0.6488753798636397
Up/Down,i091,BNBUSDT,True,tp1.80,956,-0.13124565316023665,-125.47084442118623,0.7488262747362936
Up/Down,i091,BNBUSDT,True,sl0.50,1141,-0.13015527814178193,-148.50717235977316,0.6748158553938423
Up/Down,i091,BNBUSDT,True,sl1.20,898,-0.12597018457521852,-113.12122574854624,0.7624567154893951
Up/Down,i091,BNBUSDT,True,fee0.02,1014,-0.08753664085943738,-88.7621538314695,0.8070862164774185
Up/Down,i091,BNBUSDT,True,fee0.07,1014,-0.18753601299871517,-190.1615171806972,0.6360019276734726
Up/Down,i091,BNBUSDT,True,slip3,1014,-0.15311546078502042,-155.2590772360107,0.6899718590552365
Up/Down,i091,BNBUSDT,True,no_funding,1014,-0.1468302059575997,-148.8858288410061,0.7003961659599117
Average Price,i099,BNBUSDT,False,baseline,2344,-0.0783522175689551,-183.65759798163074,0.7587472238399428
Average Price,i099,BNBUSDT,False,tp0.80,2455,-0.09674993423449346,-237.52108854568147,0.6873057417524588
Average Price,i099,BNBUSDT,False,tp1.80,2247,-0.0751950581900867,-168.96329575312484,0.7730813139769825
Average Price,i099,BNBUSDT,False,sl0.50,2613,-0.07549405532577924,-197.26596656626114,0.7540455707439283
Average Price,i099,BNBUSDT,False,sl1.20,2229,-0.07556974201142544,-168.4449549434673,0.7653473424083628
Average Price,i099,BNBUSDT,False,fee0.02,2344,-0.018356336513463637,-43.027252787558766,0.9349105029951595
Average Price,i099,BNBUSDT,False,fee0.07,2344,-0.1183494716059494,-277.4111614443454,0.6654897210305056
Average Price,i099,BNBUSDT,False,slip3,2344,-0.08390700326019708,-196.67801564190194,0.7448114512479085
Average Price,i099,BNBUSDT,False,no_funding,2344,-0.07851031825154896,-184.02818598163074,0.7583253671849008
Average Price,i099,BNBUSDT,True,baseline,893,-0.0983622644634177,-87.83750216583199,0.7938840405626173
Average Price,i099,BNBUSDT,True,tp0.80,934,-0.10975881374256592,-102.51473203555656,0.7384451314162583
Average Price,i099,BNBUSDT,True,tp1.80,864,-0.06120765841007772,-52.88341686630715,0.8791013581818719
Average Price,i099,BNBUSDT,True,sl0.50,1001,-0.05947772732762021,-59.537205054947826,0.8438248931734614
Average Price,i099,BNBUSDT,True,sl1.20,804,-0.1065780563338825,-85.68875729244152,0.7988588942107354
Average Price,i099,BNBUSDT,True,fee0.02,893,-0.0383633894437692,-34.25850677328589,0.9131551471550303
Average Price,i099,BNBUSDT,True,fee0.07,893,-0.1383615144765167,-123.55683242752941,0.7239304077150679
Average Price,i099,BNBUSDT,True,slip3,893,-0.10390523555870589,-92.78737535392436,0.7837765308772368
Average Price,i099,BNBUSDT,True,no_funding,893,-0.09774629805804255,-87.287444165832,0.7950328861721786
Typical Price,i100,BNBUSDT,False,baseline,2448,-0.07534063471338949,-184.43387377837746,0.7581507455463293
Typical Price,i100,BNBUSDT,False,tp0.80,2558,-0.09716817843247884,-248.55620043028085,0.6763806283766484
Typical Price,i100,BNBUSDT,False,tp1.80,2355,-0.06986349302775542,-164.52852608036403,0.7811636964898508
Typical Price,i100,BNBUSDT,False,sl0.50,2706,-0.07698227502469614,-208.31403621682773,0.7440214037438315
Typical Price,i100,BNBUSDT,False,sl1.20,2351,-0.08139869043344196,-191.36832120902204,0.7409840501035019
Typical Price,i100,BNBUSDT,False,fee0.02,2448,-0.015340563399142922,-37.55369920110187,0.9427882057748491
Typical Price,i100,BNBUSDT,False,fee0.07,2448,-0.11534068225622053,-282.3539901632278,0.6616968624606805
Typical Price,i100,BNBUSDT,False,slip3,2448,-0.08089555085706157,-198.03230849808673,0.7436713775094278
Typical Price,i100,BNBUSDT,False,no_funding,2448,-0.07551145538332411,-184.85204277837744,0.7576548811153011
Typical Price,i100,BNBUSDT,True,baseline,896,-0.09710987553228528,-87.01044847692762,0.7963483398320925
Typical Price,i100,BNBUSDT,True,tp0.80,938,-0.11012307757534227,-103.29544676567106,0.7380610130455777
Typical Price,i100,BNBUSDT,True,tp1.80,866,-0.06630035734853747,-57.41610946383344,0.8694965328034241
Typical Price,i100,BNBUSDT,True,sl0.50,1026,-0.06463502485337942,-66.31553549956728,0.8316521661873634
Typical Price,i100,BNBUSDT,True,sl1.20,800,-0.09822880490731424,-78.5830439258514,0.8125280294416499
Typical Price,i100,BNBUSDT,True,fee0.02,896,-0.03710978237080117,-33.25036500423785,0.9159326976483682
Typical Price,i100,BNBUSDT,True,fee0.07,896,-0.1371099376399414,-122.85050412538749,0.7262042940096256
Typical Price,i100,BNBUSDT,True,slip3,896,-0.10265442136540553,-91.97836154340335,0.7862098901640107
Typical Price,i100,BNBUSDT,True,no_funding,896,-0.09649839450549957,-86.46256147692762,0.7974853618206368
Median Price,i101,BNBUSDT,False,baseline,2489,-0.07497657981988143,-186.61670717168488,0.7587197407527417
Median Price,i101,BNBUSDT,False,tp0.80,2595,-0.0983248758685189,-255.15305287880653,0.6710762722605031
Median Price,i101,BNBUSDT,False,tp1.80,2393,-0.0689110463879672,-164.9041340064055,0.782387794041826
Median Price,i101,BNBUSDT,False,sl0.50,2763,-0.08498754094664143,-234.8205756355703,0.718388742893509
Median Price,i101,BNBUSDT,False,sl1.20,2377,-0.07488586701828674,-178.0037059024676,0.7576112838345792
Median Price,i101,BNBUSDT,False,fee0.02,2489,-0.014981338157491815,-37.28855067399713,0.9440168124391632
Median Price,i101,BNBUSDT,False,fee0.07,2489,-0.11497340759480784,-286.1688115034767,0.6619447523295429
Median Price,i101,BNBUSDT,False,slip3,2489,-0.08052710613561895,-200.43196717155558,0.7442112869669228
Median Price,i101,BNBUSDT,False,no_funding,2489,-0.07512242513928681,-186.97971617168488,0.7583274616924954
Median Price,i101,BNBUSDT,True,baseline,918,-0.09809572387020658,-90.05187451284964,0.7948827643946618
Median Price,i101,BNBUSDT,True,tp0.80,969,-0.11899421632578637,-115.30539561968698,0.7207785015218274
Median Price,i101,BNBUSDT,True,tp1.80,881,-0.05765648855335897,-50.79536641550926,0.8862180218721137
Median Price,i101,BNBUSDT,True,sl0.50,1046,-0.07125368277975462,-74.53135218762333,0.815609639331016
Median Price,i101,BNBUSDT,True,sl1.20,822,-0.10673250151626451,-87.73411624636942,0.7993926970492214
Median Price,i101,BNBUSDT,True,fee0.02,918,-0.0380959959304038,-34.97212426411069,0.9139664717870956
Median Price,i101,BNBUSDT,True,fee0.07,918,-0.13809554249674177,-126.77170801200894,0.724977215088541
Median Price,i101,BNBUSDT,True,slip3,918,-0.103638142162664,-95.13981450532553,0.784785157242345
Median Price,i101,BNBUSDT,True,no_funding,918,-0.09748278596170985,-89.48919751284964,0.7960237444632376
SMA,i001,SOLUSDT,False,baseline,5110,-0.10315896075822907,-527.1422894745506,0.7117251805826413
SMA,i001,SOLUSDT,False,tp0.80,5405,-0.10498034087951795,-567.4187424537946,0.6843958965902873
SMA,i001,SOLUSDT,False,tp1.80,4856,-0.1101298210257577,-534.7904109010794,0.7028673277453537
SMA,i001,SOLUSDT,False,sl0.50,5804,-0.10117181829339333,-587.201233374855,0.6976990114426922
SMA,i001,SOLUSDT,False,sl1.20,4812,-0.11216704589220378,-539.7478248332845,0.6923314348026574
SMA,i001,SOLUSDT,False,fee0.02,5110,-0.043159829193980426,-220.54672718124,0.8630466125149159
SMA,i001,SOLUSDT,False,fee0.07,5110,-0.1431583818010615,-731.5393310034242,0.6299073201973218
SMA,i001,SOLUSDT,False,slip3,5110,-0.10550890245237197,-539.1504915316208,0.7065419586184394
SMA,i001,SOLUSDT,False,no_funding,5110,-0.10317366075822906,-527.2174064745504,0.7116657589799528
SMA,i001,SOLUSDT,True,baseline,1968,-0.08668779038474753,-170.60157147718314,0.8337437275662452
SMA,i001,SOLUSDT,True,tp0.80,2170,-0.07330981083249877,-159.0822895065223,0.8296631744103428
SMA,i001,SOLUSDT,True,tp1.80,1800,-0.08560316261015738,-154.08569269828328,0.8543341330353689
SMA,i001,SOLUSDT,True,sl0.50,2410,-0.09137850074626558,-220.22218679850005,0.7806637838475161
SMA,i001,SOLUSDT,True,sl1.20,1637,-0.07078662538216139,-115.8777057505982,0.8822327094660346
SMA,i001,SOLUSDT,True,fee0.02,1968,-0.026686427758131293,-52.51888982800238,0.945085555941276
SMA,i001,SOLUSDT,True,fee0.07,1968,-0.12668869880249173,-249.32335924330368,0.7675870361409265
SMA,i001,SOLUSDT,True,slip3,1968,-0.08904560883116348,-175.24175817972974,0.8296784354877875
SMA,i001,SOLUSDT,True,no_funding,1968,-0.08575875837255241,-168.77323647718313,0.8353634310756347
EMA,i002,SOLUSDT,False,baseline,5271,-0.09476518337533765,-499.5072815714048,0.7139806229549434
EMA,i002,SOLUSDT,False,tp0.80,5536,-0.1011131346278227,-559.7623132996265,0.6747067337010034
EMA,i002,SOLUSDT,False,tp1.80,5040,-0.09339268978263271,-470.6991565044689,0.7258332769790303
EMA,i002,SOLUSDT,False,sl0.50,5927,-0.09544199810786642,-565.6847227853243,0.6992762289563516
EMA,i002,SOLUSDT,False,sl1.20,5005,-0.10069877208010321,-503.9973542609166,0.6979539326623294
EMA,i002,SOLUSDT,False,fee0.02,5271,-0.03476689218229444,-183.256288692874,0.8790959179438891
EMA,i002,SOLUSDT,False,fee0.07,5271,-0.13476404417069981,-710.3412768237588,0.6267709198330261
EMA,i002,SOLUSDT,False,slip3,5271,-0.097109576614343,-511.86457833420195,0.7084281612602787
EMA,i002,SOLUSDT,False,no_funding,5271,-0.09482060530666,-499.79941057140485,0.713808147820757
EMA,i002,SOLUSDT,True,baseline,1971,-0.06895477116513538,-135.90985396648182,0.86566032104829
EMA,i002,SOLUSDT,True,tp0.80,2208,-0.06591088571739886,-145.5312356640167,0.8452437200048728
EMA,i002,SOLUSDT,True,tp1.80,1760,-0.06987128830769042,-122.97346742153512,0.8796804070401256
EMA,i002,SOLUSDT,True,sl0.50,2396,-0.07480094848553638,-179.22307257134517,0.8175587824533717
EMA,i002,SOLUSDT,True,sl1.20,1638,-0.046140425360299324,-75.5780167401703,0.9215679181386983
EMA,i002,SOLUSDT,True,fee0.02,1971,-0.008956892807144994,-17.65403572288278,0.9812742742769851
EMA,i002,SOLUSDT,True,fee0.07,1971,-0.10895335673712898,-214.74706612888124,0.7969822273376298
EMA,i002,SOLUSDT,True,slip3,1971,-0.07129863573593033,-140.52961103551866,0.8614632648437023
EMA,i002,SOLUSDT,True,no_funding,1971,-0.06806210348375535,-134.1504059664818,0.8672562817413113
DEMA,i003,SOLUSDT,False,baseline,7221,-0.10025662059845318,-723.9530573414304,0.6973336056515106
DEMA,i003,SOLUSDT,False,tp0.80,7682,-0.10114600738463495,-777.0036287287656,0.6790178560738258
DEMA,i003,SOLUSDT,False,tp1.80,6860,-0.09543760934288556,-654.7020000921949,0.7122763041442917
DEMA,i003,SOLUSDT,False,sl0.50,8028,-0.09385969577186931,-753.5056376565668,0.693159274476844
DEMA,i003,SOLUSDT,False,sl1.20,6873,-0.10908126503364796,-749.7155345762624,0.6844976123267168
DEMA,i003,SOLUSDT,False,fee0.02,7221,-0.040255470031500575,-290.68474909746567,0.8611120837878603
DEMA,i003,SOLUSDT,False,fee0.07,7221,-0.1402573876430883,-1012.7985961707404,0.6100554054509324
DEMA,i003,SOLUSDT,False,slip3,7221,-0.10261271157878712,-740.9663903104217,0.6917645020247065
DEMA,i003,SOLUSDT,False,no_funding,7221,-0.10023938365066201,-723.8285893414304,0.697367103941889
DEMA,i003,SOLUSDT,True,baseline,2698,-0.06934065301895545,-187.0810818451418,0.8650280132618288
DEMA,i003,SOLUSDT,True,tp0.80,3077,-0.08430606757051679,-259.40976991448014,0.8066273416977483
DEMA,i003,SOLUSDT,True,tp1.80,2334,-0.06905856950402584,-161.1827012223963,0.8806596739164051
DEMA,i003,SOLUSDT,True,sl0.50,3352,-0.08828373909465681,-295.92709344528964,0.787323144425755
DEMA,i003,SOLUSDT,True,sl1.20,2246,-0.07816082839998978,-175.54922058637703,0.870980339121276
DEMA,i003,SOLUSDT,True,fee0.02,2698,-0.009339485021988881,-25.197930589326,0.9804884776181264
DEMA,i003,SOLUSDT,True,fee0.07,2698,-0.10934143168359986,-295.0031826823524,0.7964501907964306
DEMA,i003,SOLUSDT,True,slip3,2698,-0.07170016193695637,-193.4470369059083,0.8608109761296698
DEMA,i003,SOLUSDT,True,no_funding,2698,-0.06855901588033425,-184.9722248451418,0.8664300188865693
TEMA,i004,SOLUSDT,False,baseline,8200,-0.10499431151179375,-860.9533543967087,0.6720824132234623
TEMA,i004,SOLUSDT,False,tp0.80,8770,-0.10457485699596439,-917.1214958546077,0.6631626556958397
TEMA,i004,SOLUSDT,False,tp1.80,7800,-0.09896195259602505,-771.9032302489956,0.6892099052499213
TEMA,i004,SOLUSDT,False,sl0.50,9066,-0.09754599471267206,-884.3519880650849,0.670940636616999
TEMA,i004,SOLUSDT,False,sl1.20,7807,-0.11665973826126405,-910.7625766056884,0.6517909321260148
TEMA,i004,SOLUSDT,False,fee0.02,8200,-0.04499193355541511,-368.9338551544039,0.8393218929662287
TEMA,i004,SOLUSDT,False,fee0.07,8200,-0.1449958968160462,-1188.9663538915788,0.5833153692221978
TEMA,i004,SOLUSDT,False,slip3,8200,-0.10735096681285825,-880.2779278654377,0.666407197250703
TEMA,i004,SOLUSDT,False,no_funding,8200,-0.10493679297520837,-860.4817023967087,0.6722334094164635
TEMA,i004,SOLUSDT,True,baseline,3100,-0.09235586262455006,-286.3031741361052,0.823974660028822
TEMA,i004,SOLUSDT,True,tp0.80,3583,-0.10006630708365809,-358.53757828074697,0.7750566704604864
TEMA,i004,SOLUSDT,True,tp1.80,2650,-0.09346514675547926,-247.68263890202005,0.840984607605804
TEMA,i004,SOLUSDT,True,sl0.50,3849,-0.09409622713864628,-362.1763782566495,0.7747984834140796
TEMA,i004,SOLUSDT,True,sl1.20,2538,-0.08673060392301586,-220.12227275661425,0.8580914051088401
TEMA,i004,SOLUSDT,True,fee0.02,3100,-0.03235526738312323,-100.30132888768199,0.9338216774017687
TEMA,i004,SOLUSDT,True,fee0.07,3100,-0.132356259452168,-410.3044043017208,0.7587312896568879
TEMA,i004,SOLUSDT,True,slip3,3100,-0.09472005839287082,-293.63218101789954,0.8199543825427723
TEMA,i004,SOLUSDT,True,no_funding,3100,-0.09154642165680812,-283.7939071361052,0.8253699570153177
Hull MA,i005,SOLUSDT,False,baseline,8778,-0.09893338117272313,-868.4372199341636,0.6849421926745547
Hull MA,i005,SOLUSDT,False,tp0.80,9405,-0.10259860099139546,-964.9398423240743,0.6656737826664515
Hull MA,i005,SOLUSDT,False,tp1.80,8346,-0.09980585298046696,-832.9796489749772,0.6814239870030054
Hull MA,i005,SOLUSDT,False,sl0.50,9660,-0.09896478133211103,-955.9997876681927,0.6621593719539498
Hull MA,i005,SOLUSDT,False,sl1.20,8320,-0.11245286537439209,-935.6078399149421,0.6567126096219417
Hull MA,i005,SOLUSDT,False,fee0.02,8778,-0.0389326567080054,-341.7508605828714,0.8583971197432325
Hull MA,i005,SOLUSDT,False,fee0.07,8778,-0.13893386414920159,-1219.5614595016916,0.5926784718884417
Hull MA,i005,SOLUSDT,False,slip3,8778,-0.10129322788188003,-889.1519543471428,0.6790356388845386
Hull MA,i005,SOLUSDT,False,no_funding,8778,-0.09890585394556435,-868.1955859341638,0.6850033575030526
Hull MA,i005,SOLUSDT,True,baseline,3302,-0.09090038429732343,-300.153068949762,0.8258973560047169
Hull MA,i005,SOLUSDT,True,tp0.80,3852,-0.10566178442383856,-407.0091936006261,0.7636485039541775
Hull MA,i005,SOLUSDT,True,tp1.80,2781,-0.08232594650400088,-228.94845722762645,0.8584217216530744
Hull MA,i005,SOLUSDT,True,sl0.50,4096,-0.09321515213611012,-381.80926314950705,0.7763557068030864
Hull MA,i005,SOLUSDT,True,sl1.20,2700,-0.09903214246103877,-267.3867846448046,0.8396063344169669
Hull MA,i005,SOLUSDT,True,fee0.02,3302,-0.030900987426275686,-102.03506048156233,0.9364698147863524
Hull MA,i005,SOLUSDT,True,fee0.07,3302,-0.13089998221135526,-432.23174126189514,0.7602602203171263
Hull MA,i005,SOLUSDT,True,slip3,3302,-0.09326282353326261,-307.9538433068331,0.8218541642709115
Hull MA,i005,SOLUSDT,True,no_funding,3302,-0.09016093517557902,-297.71140794976196,0.8271882247407497
Hamming MA,i006,SOLUSDT,False,baseline,4956,-0.10456516386128772,-518.224952096542,0.7177035964644255
Hamming MA,i006,SOLUSDT,False,tp0.80,5262,-0.10257709017894115,-539.7606485215883,0.699854639704742
Hamming MA,i006,SOLUSDT,False,tp1.80,4700,-0.11506251415528289,-540.7938165298295,0.7018839745976773
Hamming MA,i006,SOLUSDT,False,sl0.50,5663,-0.09829955738025144,-556.6703934443639,0.7122438681284446
Hamming MA,i006,SOLUSDT,False,sl1.20,4629,-0.11139940220355649,-515.667832800263,0.7049746021106412
Hamming MA,i006,SOLUSDT,False,fee0.02,4956,-0.04456742130234968,-220.87613997444504,0.8642998871518915
Hamming MA,i006,SOLUSDT,False,fee0.07,4956,-0.14456365890057976,-716.4574935112734,0.6374978697141821
Hamming MA,i006,SOLUSDT,False,slip3,4956,-0.10691959160046413,-529.8934959719002,0.7126344578573811
Hamming MA,i006,SOLUSDT,False,no_funding,4956,-0.10463469332052905,-518.569540096542,0.7175304984897535
Hamming MA,i006,SOLUSDT,True,baseline,1973,-0.08698175126719349,-171.61499525017274,0.8329670099595153
Hamming MA,i006,SOLUSDT,True,tp0.80,2165,-0.07877292488576682,-170.54338237768513,0.8179580677986868
Hamming MA,i006,SOLUSDT,True,tp1.80,1794,-0.09059802465016653,-162.53285622239878,0.8457145577777939
Hamming MA,i006,SOLUSDT,True,sl0.50,2398,-0.09427110171057242,-226.06210190195264,0.7741657597314987
Hamming MA,i006,SOLUSDT,True,sl1.20,1655,-0.08596797102198357,-142.2769920413828,0.8587919227955279
Hamming MA,i006,SOLUSDT,True,fee0.02,1973,-0.0269803290832328,-53.23218928121831,0.9444015767821353
Hamming MA,i006,SOLUSDT,True,fee0.07,1973,-0.12698269938983398,-250.53686589614244,0.7667760356609798
Hamming MA,i006,SOLUSDT,True,slip3,1973,-0.08934101312611277,-176.2698188978205,0.8288963772646725
Hamming MA,i006,SOLUSDT,True,no_funding,1973,-0.08605089723779662,-169.77842025017273,0.8345872840380113
Arnaud Legoux MA,i007,SOLUSDT,False,baseline,7905,-0.10126378509085333,-800.4902211431956,0.6724647658238041
Arnaud Legoux MA,i007,SOLUSDT,False,tp0.80,8400,-0.10274297289953839,-863.0409723561226,0.6553314028467566
Arnaud Legoux MA,i007,SOLUSDT,False,tp1.80,7568,-0.09894061956307224,-748.7826088533307,0.6834281020210095
Arnaud Legoux MA,i007,SOLUSDT,False,sl0.50,8805,-0.09615884814866611,-846.6786579490051,0.6749951637407026
Arnaud Legoux MA,i007,SOLUSDT,False,sl1.20,7532,-0.11196725696809917,-843.337379483723,0.6429276518431758
Arnaud Legoux MA,i007,SOLUSDT,False,fee0.02,7905,-0.04126491936934763,-326.1991876146931,0.8458111075118516
Arnaud Legoux MA,i007,SOLUSDT,False,fee0.07,7905,-0.1412630289051905,-1116.6842434955308,0.581917103534674
Arnaud Legoux MA,i007,SOLUSDT,False,slip3,7905,-0.10362347651828836,-819.1435818770696,0.6666390727812928
Arnaud Legoux MA,i007,SOLUSDT,False,no_funding,7905,-0.10127125011299123,-800.5492321431957,0.6724239208761291
Arnaud Legoux MA,i007,SOLUSDT,True,baseline,2864,-0.07509585748464494,-215.0745358360231,0.8543665712077361
Arnaud Legoux MA,i007,SOLUSDT,True,tp0.80,3327,-0.0963487963115124,-320.55244532840175,0.7820498530521358
Arnaud Legoux MA,i007,SOLUSDT,True,tp1.80,2462,-0.07449392583917462,-183.40404541604792,0.8718095464558456
Arnaud Legoux MA,i007,SOLUSDT,True,sl0.50,3585,-0.08625558079254632,-309.22625714127855,0.7920088036288939
Arnaud Legoux MA,i007,SOLUSDT,True,sl1.20,2377,-0.0746971437812094,-177.55511076793474,0.87645649334097
Arnaud Legoux MA,i007,SOLUSDT,True,fee0.02,2864,-0.015096162568769124,-43.235409596954774,0.9685790518223307
Arnaud Legoux MA,i007,SOLUSDT,True,fee0.07,2864,-0.11509565409522884,-329.6339533287354,0.7865314233522701
Arnaud Legoux MA,i007,SOLUSDT,True,slip3,2864,-0.07746719171161759,-221.86603706207276,0.8501741232387052
Arnaud Legoux MA,i007,SOLUSDT,True,no_funding,2864,-0.07425910189805277,-212.67806783602313,0.855871831932586
Least Squares MA,i008,SOLUSDT,False,baseline,4776,-0.10430475282112174,-498.1594994736775,0.7287538474871357
Least Squares MA,i008,SOLUSDT,False,tp0.80,5078,-0.09558568237125463,-485.38409508123107,0.7260288381587624
Least Squares MA,i008,SOLUSDT,False,tp1.80,4466,-0.1047896897382214,-467.99075437089675,0.7304281490601797
Least Squares MA,i008,SOLUSDT,False,sl0.50,5335,-0.1057891997446109,-564.3853806374991,0.6916056820707744
Least Squares MA,i008,SOLUSDT,False,sl1.20,4480,-0.11449707296711166,-512.9468868926602,0.7213442792198385
Least Squares MA,i008,SOLUSDT,False,fee0.02,4776,-0.04430380404963352,-211.5949681410497,0.8709483377990546
Least Squares MA,i008,SOLUSDT,False,fee0.07,4776,-0.14430538533544726,-689.2025203620963,0.6501793630386729
Least Squares MA,i008,SOLUSDT,False,slip3,4776,-0.10666120769744591,-509.4139279630017,0.7238038876431685
Least Squares MA,i008,SOLUSDT,False,no_funding,4776,-0.10429914834038474,-498.1327324736775,0.7287686967948606
Least Squares MA,i008,SOLUSDT,True,baseline,1892,-0.09312289804403576,-176.18852309931566,0.8219210381568381
Least Squares MA,i008,SOLUSDT,True,tp0.80,2085,-0.09106347969943658,-189.86735517332528,0.7926854799663232
Least Squares MA,i008,SOLUSDT,True,tp1.80,1738,-0.09841569348422016,-171.04647527557464,0.8333548812342257
Least Squares MA,i008,SOLUSDT,True,sl0.50,2244,-0.10379321828382788,-232.91198182890977,0.7528709511359465
Least Squares MA,i008,SOLUSDT,True,sl1.20,1606,-0.08949235437911243,-143.72472113285454,0.8535988470719013
Least Squares MA,i008,SOLUSDT,True,fee0.02,1892,-0.033118165811846255,-62.65956971601312,0.9320142909989242
Least Squares MA,i008,SOLUSDT,True,fee0.07,1892,-0.1331260528654955,-251.8744920215175,0.7565619931437693
Least Squares MA,i008,SOLUSDT,True,slip3,1892,-0.09548422460069372,-180.6561529445125,0.8178988834176064
Least Squares MA,i008,SOLUSDT,True,no_funding,1892,-0.092269809777651,-174.57448009931568,0.8234047440637712
Smoothed MA,i009,SOLUSDT,False,baseline,4406,-0.09452426003211195,-416.47388970148523,0.7270995087762838
Smoothed MA,i009,SOLUSDT,False,tp0.80,4614,-0.10217107841349315,-471.41735579985743,0.6820606347822176
Smoothed MA,i009,SOLUSDT,False,tp1.80,4208,-0.10412894007751784,-438.17457984619506,0.7132454187085755
Smoothed MA,i009,SOLUSDT,False,sl0.50,4967,-0.09115516306324797,-452.7676949351527,0.7207592873616001
Smoothed MA,i009,SOLUSDT,False,sl1.20,4166,-0.09672856376774287,-402.9711966564168,0.721515333567678
Smoothed MA,i009,SOLUSDT,False,fee0.02,4406,-0.03452511964078247,-152.11767713728756,0.8858337058278855
Smoothed MA,i009,SOLUSDT,False,fee0.07,4406,-0.13452368695966493,-592.7113647442837,0.6422745736284579
Smoothed MA,i009,SOLUSDT,False,slip3,4406,-0.09686850823250434,-426.80264727241416,0.7217215461675668
Smoothed MA,i009,SOLUSDT,False,no_funding,4406,-0.09460852285553455,-416.84515170148524,0.726897258088517
Smoothed MA,i009,SOLUSDT,True,baseline,1681,-0.059722427609908514,-100.3934008122562,0.8827504382792271
Smoothed MA,i009,SOLUSDT,True,tp0.80,1853,-0.07219372878653536,-133.77497944145003,0.8318456100917043
Smoothed MA,i009,SOLUSDT,True,tp1.80,1527,-0.06718235909847908,-102.58746234337757,0.8840290014800487
Smoothed MA,i009,SOLUSDT,True,sl0.50,2056,-0.07101933858980257,-146.0157601406341,0.8264590211157841
Smoothed MA,i009,SOLUSDT,True,sl1.20,1412,-0.035571872355387855,-50.227483765807655,0.9387900293851622
Smoothed MA,i009,SOLUSDT,True,fee0.02,1681,0.0002765506422228899,0.4648816295766779,1.0005826249218206
Smoothed MA,i009,SOLUSDT,True,fee0.07,1681,-0.09972174644466279,-167.63225577347816,0.8127551136111208
Smoothed MA,i009,SOLUSDT,True,slip3,1681,-0.06206415802618855,-104.32984964202296,0.8784765029296348
Smoothed MA,i009,SOLUSDT,True,no_funding,1681,-0.05880035800848078,-98.84340181225619,0.884433246906964
Adaptive MA,i010,SOLUSDT,False,baseline,3902,-0.09653265663142988,-376.67042617583934,0.736229321813412
Adaptive MA,i010,SOLUSDT,False,tp0.80,4082,-0.10185649494111788,-415.7782123496432,0.6948117754682457
Adaptive MA,i010,SOLUSDT,False,tp1.80,3740,-0.10004364230718761,-374.1632222288817,0.7423656424064426
Adaptive MA,i010,SOLUSDT,False,sl0.50,4474,-0.09139018757731905,-408.8796992209255,0.7331237331756462
Adaptive MA,i010,SOLUSDT,False,sl1.20,3667,-0.09556146691601757,-350.4238991810364,0.7397364622795225
Adaptive MA,i010,SOLUSDT,False,fee0.02,3902,-0.03653669076909172,-142.56616738099586,0.8867591046223469
Adaptive MA,i010,SOLUSDT,False,fee0.07,3902,-0.13652996720632196,-532.7399320390683,0.6544555055500063
Adaptive MA,i010,SOLUSDT,False,slip3,3902,-0.09888230633460288,-385.83875931762043,0.7310635299967179
Adaptive MA,i010,SOLUSDT,False,no_funding,3902,-0.09665875401738577,-377.16245817583933,0.735946751075179
Adaptive MA,i010,SOLUSDT,True,baseline,1568,-0.07366944911590285,-115.51369621373568,0.8569711219388612
Adaptive MA,i010,SOLUSDT,True,tp0.80,1693,-0.07964985293606064,-134.84720102075067,0.8164037935863762
Adaptive MA,i010,SOLUSDT,True,tp1.80,1461,-0.0795464308216841,-116.21733543048047,0.8634005157426837
Adaptive MA,i010,SOLUSDT,True,sl0.50,1898,-0.08268597648865185,-156.93798337546122,0.7998942433909227
Adaptive MA,i010,SOLUSDT,True,sl1.20,1340,-0.07703423323657829,-103.22587253701492,0.8729123962320001
Adaptive MA,i010,SOLUSDT,True,fee0.02,1568,-0.013660938945264479,-21.420352266174703,0.971535246958077
Adaptive MA,i010,SOLUSDT,True,fee0.07,1568,-0.11367512256299517,-178.24259217877642,0.7889152539037454
Adaptive MA,i010,SOLUSDT,True,slip3,1568,-0.07602478022806723,-119.20685539760942,0.8527945995934363
Adaptive MA,i010,SOLUSDT,True,no_funding,1568,-0.07264279031488245,-113.9038952137357,0.8588315554608169
Multi-Timeframe MA,i011,SOLUSDT,False,baseline,1580,-0.0648417220293872,-102.44992080643178,0.8348091341345348
Multi-Timeframe MA,i011,SOLUSDT,False,tp0.80,1630,-0.06875220776515986,-112.06609865721057,0.7968348055273552
Multi-Timeframe MA,i011,SOLUSDT,False,tp1.80,1552,-0.05548604475798439,-86.11434146439177,0.8720028402241325
Multi-Timeframe MA,i011,SOLUSDT,False,sl0.50,1785,-0.0777877595435583,-138.85115078525158,0.7827538549678378
Multi-Timeframe MA,i011,SOLUSDT,False,sl1.20,1477,-0.08359252912088802,-123.46616551155161,0.7997206489997752
Multi-Timeframe MA,i011,SOLUSDT,False,fee0.02,1580,-0.0048480790126601125,-7.659964840002978,0.9861859003945341
Multi-Timeframe MA,i011,SOLUSDT,False,fee0.07,1580,-0.10483748404053862,-165.64322478405103,0.7505725733422169
Multi-Timeframe MA,i011,SOLUSDT,False,slip3,1580,-0.0671935849427924,-106.16586420961198,0.8295264783576499
Multi-Timeframe MA,i011,SOLUSDT,False,no_funding,1580,-0.06492284164964038,-102.57808980643179,0.8346273588473847
Multi-Timeframe MA,i011,SOLUSDT,True,baseline,604,-0.06834995673206921,-41.2833738661698,0.8661616224565344
Multi-Timeframe MA,i011,SOLUSDT,True,tp0.80,645,-0.07537839308008143,-48.619063536652526,0.8249573525052075
Multi-Timeframe MA,i011,SOLUSDT,True,tp1.80,573,-0.0766665475869995,-43.929931767350716,0.8681591255527148
Multi-Timeframe MA,i011,SOLUSDT,True,sl0.50,728,-0.08607105037126558,-62.65972467028135,0.7921513079648614
Multi-Timeframe MA,i011,SOLUSDT,True,sl1.20,532,-0.0710610101482727,-37.80445739888108,0.8816026537847671
Multi-Timeframe MA,i011,SOLUSDT,True,fee0.02,604,-0.008361246681812314,-5.050192995814638,0.9824280052126256
Multi-Timeframe MA,i011,SOLUSDT,True,fee0.07,604,-0.10834243009890719,-65.43882777973995,0.797085637007908
Multi-Timeframe MA,i011,SOLUSDT,True,slip3,604,-0.07071243731163826,-42.710312136229504,0.8619101252139126
Multi-Timeframe MA,i011,SOLUSDT,True,no_funding,604,-0.06768621004332748,-40.8824708661698,0.8673628991242036
WMA,i012,SOLUSDT,False,baseline,6056,-0.09784326496455968,-592.5388126253735,0.707042620399562
WMA,i012,SOLUSDT,False,tp0.80,6400,-0.09864900712602592,-631.3536456065659,0.68519003077598
WMA,i012,SOLUSDT,False,tp1.80,5762,-0.09970540567446878,-574.502547496289,0.7073176165412055
WMA,i012,SOLUSDT,False,sl0.50,6803,-0.0903778163499035,-614.8402846283934,0.7122919491640555
WMA,i012,SOLUSDT,False,sl1.20,5724,-0.10616195863269563,-607.6710512135498,0.6848461929101837
WMA,i012,SOLUSDT,False,fee0.02,6056,-0.03784626080631031,-229.19695544301524,0.8701298298648176
WMA,i012,SOLUSDT,False,fee0.07,6056,-0.13784126773672595,-834.7667174136124,0.6202654523277724
WMA,i012,SOLUSDT,False,slip3,6056,-0.10019403307427903,-606.7750642978339,0.7015140365809708
WMA,i012,SOLUSDT,False,no_funding,6056,-0.09787045172149496,-592.7034556253735,0.7069502520750944
WMA,i012,SOLUSDT,True,baseline,2290,-0.07801313256824069,-178.6500735812712,0.8491916989853262
WMA,i012,SOLUSDT,True,tp0.80,2572,-0.08146171610957852,-209.51953383383594,0.8125116814383653
WMA,i012,SOLUSDT,True,tp1.80,2034,-0.08244584927741255,-167.69485743025714,0.8590036635843962
WMA,i012,SOLUSDT,True,sl0.50,2816,-0.08507324382455904,-239.56625460995826,0.7944360844538839
WMA,i012,SOLUSDT,True,sl1.20,1902,-0.05933751824864985,-112.85995970893201,0.9002388975110462
WMA,i012,SOLUSDT,True,fee0.02,2290,-0.0180145034318241,-41.253212858877184,0.9626332909891249
WMA,i012,SOLUSDT,True,fee0.07,2290,-0.11801221865918511,-270.24798072953394,0.7817870512992068
WMA,i012,SOLUSDT,True,slip3,2290,-0.08036923868346005,-184.0455565851235,0.8450536752630629
WMA,i012,SOLUSDT,True,no_funding,2290,-0.07707176051583896,-176.49433158127118,0.8508667538423448
McGinley Dynamic,i013,SOLUSDT,False,baseline,3046,-0.09429820950205542,-287.2323461432608,0.7418923383407228
McGinley Dynamic,i013,SOLUSDT,False,tp0.80,3181,-0.09452248916609549,-300.67603803734977,0.7128477708536758
McGinley Dynamic,i013,SOLUSDT,False,tp1.80,2923,-0.09281025050535477,-271.284362227152,0.7589833637029394
McGinley Dynamic,i013,SOLUSDT,False,sl0.50,3453,-0.08691376064567931,-300.1132155095307,0.74379194922597
McGinley Dynamic,i013,SOLUSDT,False,sl1.20,2858,-0.0970217532478861,-277.28817078245845,0.7359662166699699
McGinley Dynamic,i013,SOLUSDT,False,fee0.02,3046,-0.03430715286235572,-104.49958761873552,0.8932626381586647
McGinley Dynamic,i013,SOLUSDT,False,fee0.07,3046,-0.13429224726185524,-409.054185159611,0.6599221089883679
McGinley Dynamic,i013,SOLUSDT,False,slip3,3046,-0.09664493638907828,-294.38047624113244,0.7367138989344144
McGinley Dynamic,i013,SOLUSDT,False,no_funding,3046,-0.09437386150468183,-287.4627821432608,0.7417048549052159
McGinley Dynamic,i013,SOLUSDT,True,baseline,1231,-0.053672338227687355,-66.07064835828314,0.8941000219501063
McGinley Dynamic,i013,SOLUSDT,True,tp0.80,1338,-0.07024306743065077,-93.98522422221075,0.8359122555507187
McGinley Dynamic,i013,SOLUSDT,True,tp1.80,1138,-0.05530330609775078,-62.93516233924039,0.903561580013659
McGinley Dynamic,i013,SOLUSDT,True,sl0.50,1470,-0.0592292342995459,-87.06697442033247,0.8537366404947867
McGinley Dynamic,i013,SOLUSDT,True,sl1.20,1045,-0.02810977703630823,-29.374717002942102,0.9511913753479225
McGinley Dynamic,i013,SOLUSDT,True,fee0.02,1231,0.00632703274448498,7.7885773084610115,1.0134002033991676
McGinley Dynamic,i013,SOLUSDT,True,fee0.07,1231,-0.09367191887580226,-115.31013213611259,0.823248092701545
McGinley Dynamic,i013,SOLUSDT,True,slip3,1231,-0.0560265604115338,-68.96869586659811,0.8897529254593046
McGinley Dynamic,i013,SOLUSDT,True,no_funding,1231,-0.05282726186700498,-65.03035935828314,0.8956701811108675
Guppy MMA,i014,SOLUSDT,False,baseline,1409,-0.07266513788738159,-102.38517928332067,0.8583020615694011
Guppy MMA,i014,SOLUSDT,False,tp0.80,1448,-0.06745148808927912,-97.66975475327617,0.8421344109132006
Guppy MMA,i014,SOLUSDT,False,tp1.80,1379,-0.05373491109269261,-74.10044239682311,0.9062437853389396
Guppy MMA,i014,SOLUSDT,False,sl0.50,1518,-0.08401438953732274,-127.53384331765591,0.7970428957484612
Guppy MMA,i014,SOLUSDT,False,sl1.20,1250,-0.0845157748504757,-105.64471856309463,0.8600790035430973
Guppy MMA,i014,SOLUSDT,False,fee0.02,1409,-0.012665499905187646,-17.845689366409392,0.9734883332985489
Guppy MMA,i014,SOLUSDT,False,fee0.07,1409,-0.11266489654217758,-158.74483922792822,0.789917807479491
Guppy MMA,i014,SOLUSDT,False,slip3,1409,-0.07501164485740558,-105.69140760408446,0.8541180010589358
Guppy MMA,i014,SOLUSDT,False,no_funding,1409,-0.0725475310740388,-102.21947128332067,0.8585435878070471
Guppy MMA,i014,SOLUSDT,True,baseline,708,-0.06213298768117702,-43.990155278273335,0.878181085887633
Guppy MMA,i014,SOLUSDT,True,tp0.80,736,-0.06988427633154895,-51.43482738002003,0.8375936535450251
Guppy MMA,i014,SOLUSDT,True,tp1.80,694,-0.0358050536211583,-24.848707213083863,0.9372124885679498
Guppy MMA,i014,SOLUSDT,True,sl0.50,766,-0.09009982523811211,-69.01646613239387,0.7838700195333118
Guppy MMA,i014,SOLUSDT,True,sl1.20,635,-0.06025850492835627,-38.264150629506226,0.8986835042059771
Guppy MMA,i014,SOLUSDT,True,fee0.02,708,-0.0021382527153626335,-1.5138829224767447,0.9955021954524368
Guppy MMA,i014,SOLUSDT,True,fee0.07,708,-0.10212947765838665,-72.30767018213776,0.8084790203135891
Guppy MMA,i014,SOLUSDT,True,slip3,708,-0.06447887089455129,-45.65104059334231,0.8739211041721203
Guppy MMA,i014,SOLUSDT,True,no_funding,708,-0.061513949545583785,-43.55187627827332,0.8793339146270827
MA Cross,i015,SOLUSDT,False,baseline,1890,-0.07186983064066237,-135.83397991085187,0.8470819241987948
MA Cross,i015,SOLUSDT,False,tp0.80,1962,-0.07774361813432942,-152.53297877955433,0.8079115311457373
MA Cross,i015,SOLUSDT,False,tp1.80,1812,-0.07015666794746481,-127.12388232080625,0.8645264862097358
MA Cross,i015,SOLUSDT,False,sl0.50,2041,-0.08711308686650361,-177.79781029453386,0.7801962687784502
MA Cross,i015,SOLUSDT,False,sl1.20,1712,-0.12307196608551563,-210.69920593840274,0.7765829427073082
MA Cross,i015,SOLUSDT,False,fee0.02,1890,-0.011882266904867498,-22.457484450199573,0.9726004686628864
MA Cross,i015,SOLUSDT,False,fee0.07,1890,-0.11186153979785897,-211.41831021795343,0.7737672830681114
MA Cross,i015,SOLUSDT,False,slip3,1890,-0.07422627377175475,-140.28765742861646,0.8425491364142619
MA Cross,i015,SOLUSDT,False,no_funding,1890,-0.07199403751896924,-136.06873091085185,0.8468724738049304
MA Cross,i015,SOLUSDT,True,baseline,792,-0.02863281702988635,-22.67719108766999,0.9422358500885505
MA Cross,i015,SOLUSDT,True,tp0.80,805,-0.045311671058834144,-36.475895202361485,0.8907105187134806
MA Cross,i015,SOLUSDT,True,tp1.80,770,0.006215832299737773,4.786190870798085,1.0112478903145226
MA Cross,i015,SOLUSDT,True,sl0.50,818,-0.07400191220804837,-60.53356418618356,0.819505969974309
MA Cross,i015,SOLUSDT,True,sl1.20,748,-0.034943555176236894,-26.137779271825195,0.9399138184949186
MA Cross,i015,SOLUSDT,True,fee0.02,792,0.03135601321733255,24.83396246812738,1.0678949970782905
MA Cross,i015,SOLUSDT,True,fee0.07,792,-0.06862537052803228,-54.35129345820155,0.8675853640803509
MA Cross,i015,SOLUSDT,True,slip3,792,-0.031004303013150696,-24.55540798641535,0.9376207429875377
MA Cross,i015,SOLUSDT,True,no_funding,792,-0.027833442029886347,-22.044086087669985,0.9438227259646919
EMA Cross,i016,SOLUSDT,False,baseline,1563,-0.0929781257755937,-145.32481058725295,0.8110616750278833
EMA Cross,i016,SOLUSDT,False,tp0.80,1620,-0.08979448066812237,-145.46705868235824,0.7859011076158702
EMA Cross,i016,SOLUSDT,False,tp1.80,1523,-0.07219028946383334,-109.94581085341817,0.866245672271167
EMA Cross,i016,SOLUSDT,False,sl0.50,1727,-0.09712941007212446,-167.74249119455897,0.7613425956086141
EMA Cross,i016,SOLUSDT,False,sl1.20,1401,-0.10673505240225357,-149.53580841555726,0.8069037898923723
EMA Cross,i016,SOLUSDT,False,fee0.02,1563,-0.032984411258119926,-51.55463479644145,0.9274114808327071
EMA Cross,i016,SOLUSDT,False,fee0.07,1563,-0.13297393545390956,-207.83826111446064,0.7429657550985568
EMA Cross,i016,SOLUSDT,False,slip3,1563,-0.09533470133705453,-149.00813818981624,0.8068580515626608
EMA Cross,i016,SOLUSDT,False,no_funding,1563,-0.09307130427847277,-145.47044858725292,0.8108687001619429
EMA Cross,i016,SOLUSDT,True,baseline,625,-0.07966185208239895,-49.78865755149934,0.8458708209944478
EMA Cross,i016,SOLUSDT,True,tp0.80,635,-0.07179923320120359,-45.59251308276428,0.8341150200794503
EMA Cross,i016,SOLUSDT,True,tp1.80,620,-0.03825018732227759,-23.715116139812107,0.9328636238162729
EMA Cross,i016,SOLUSDT,True,sl0.50,658,-0.09847377642526593,-64.79574488782498,0.7652184620150039
EMA Cross,i016,SOLUSDT,True,sl1.20,568,-0.07935256376210328,-45.07225621687467,0.86807545686772
EMA Cross,i016,SOLUSDT,True,fee0.02,625,-0.019677855429107684,-12.298659643192304,0.959142255809842
EMA Cross,i016,SOLUSDT,True,fee0.07,625,-0.11965118318459314,-74.78198949037072,0.7785739779031209
EMA Cross,i016,SOLUSDT,True,slip3,625,-0.08202887080883942,-51.268044255524636,0.8417189836988891
EMA Cross,i016,SOLUSDT,True,no_funding,625,-0.07904106168239895,-49.40066355149935,0.8469848629178829
MA-EMA Cross,i017,SOLUSDT,False,baseline,3907,-0.09204444831661084,-359.6176595729985,0.7776693356547645
MA-EMA Cross,i017,SOLUSDT,False,tp0.80,4238,-0.09219126758307186,-390.7065920170586,0.75640239374963
MA-EMA Cross,i017,SOLUSDT,False,tp1.80,3621,-0.09510707624790016,-344.38272309364646,0.7787053787263623
MA-EMA Cross,i017,SOLUSDT,False,sl0.50,4364,-0.09217664762044055,-402.25889021560255,0.7442455452358012
MA-EMA Cross,i017,SOLUSDT,False,sl1.20,3598,-0.11022138928886901,-396.57655866135076,0.758965425013873
MA-EMA Cross,i017,SOLUSDT,False,fee0.02,3907,-0.03204992219039575,-125.2190459978762,0.9149356864942465
MA-EMA Cross,i017,SOLUSDT,False,fee0.07,3907,-0.13204079906742094,-515.8834019564135,0.699506974801188
MA-EMA Cross,i017,SOLUSDT,False,slip3,3907,-0.09439196827573651,-368.78942005330254,0.7728111430187086
MA-EMA Cross,i017,SOLUSDT,False,no_funding,3907,-0.09196522538341402,-359.3081355729986,0.7778508847599604
MA-EMA Cross,i017,SOLUSDT,True,baseline,1716,-0.0552471678082597,-94.80413995897365,0.8908267474463103
MA-EMA Cross,i017,SOLUSDT,True,tp0.80,1836,-0.07470438222905872,-137.1572457725518,0.8267216251880875
MA-EMA Cross,i017,SOLUSDT,True,tp1.80,1575,-0.05994759117446527,-94.41745609978281,0.895613143211852
MA-EMA Cross,i017,SOLUSDT,True,sl0.50,1914,-0.07935898246791159,-151.8930924435828,0.8074315021250874
MA-EMA Cross,i017,SOLUSDT,True,sl1.20,1547,-0.08520706915977921,-131.81533599017845,0.8600523663741753
MA-EMA Cross,i017,SOLUSDT,True,fee0.02,1716,0.004749088783988906,8.149436353324962,1.010071675572769
MA-EMA Cross,i017,SOLUSDT,True,fee0.07,1716,-0.09524467220309214,-163.43985750050612,0.819987731229376
MA-EMA Cross,i017,SOLUSDT,True,slip3,1716,-0.057606794984230214,-98.85326019293905,0.8864686722762266
MA-EMA Cross,i017,SOLUSDT,True,no_funding,1716,-0.054336647411989306,-93.24168695897366,0.8925285238018946
SuperTrend,i018,SOLUSDT,False,baseline,970,-0.08508933179091091,-82.53665183718358,0.8366204936628903
SuperTrend,i018,SOLUSDT,False,tp0.80,977,-0.08207223100375086,-80.18456969066459,0.8114875814723842
SuperTrend,i018,SOLUSDT,False,tp1.80,956,-0.0811062230977432,-77.5375492814425,0.86037443364868
SuperTrend,i018,SOLUSDT,False,sl0.50,982,-0.08246954715701783,-80.98509530819152,0.8007722804195413
SuperTrend,i018,SOLUSDT,False,sl1.20,923,-0.06569077188159447,-60.6325824467117,0.8905491049852735
SuperTrend,i018,SOLUSDT,False,fee0.02,970,-0.02509379504495781,-24.340981193609075,0.9483175754031884
SuperTrend,i018,SOLUSDT,False,fee0.07,970,-0.12508635628821302,-121.33376559956663,0.7702285678495433
SuperTrend,i018,SOLUSDT,False,slip3,970,-0.08744190181533079,-84.81864476087087,0.8325462174307487
SuperTrend,i018,SOLUSDT,False,no_funding,970,-0.08534393694555008,-82.78361883718358,0.836194130968389
SuperTrend,i018,SOLUSDT,True,baseline,318,-0.020276993323299457,-6.448083876809227,0.9584649466809976
SuperTrend,i018,SOLUSDT,True,tp0.80,318,-0.028983443493025864,-9.216735030782223,0.928506001612585
SuperTrend,i018,SOLUSDT,True,tp1.80,318,-0.00744984357470684,-2.369050256756775,0.9866765131702564
SuperTrend,i018,SOLUSDT,True,sl0.50,318,-0.027105813247139367,-8.61964861259032,0.9310356430086273
SuperTrend,i018,SOLUSDT,True,sl1.20,316,0.008186629860387646,2.586975035882496,1.0146477904668463
SuperTrend,i018,SOLUSDT,True,fee0.02,318,0.039691274398143364,12.62182525860959,1.08723572672991
SuperTrend,i018,SOLUSDT,True,fee0.07,318,-0.06025583847092804,-19.161356633755116,0.8819539544927509
SuperTrend,i018,SOLUSDT,True,slip3,318,-0.022644541539770666,-7.200964209647072,0.9537392373952276
SuperTrend,i018,SOLUSDT,True,no_funding,318,-0.019958342379903213,-6.346752876809222,0.9591183595639529
Ichimoku Cloud,i019,SOLUSDT,False,baseline,1539,-0.05351021863494159,-82.3522264791751,0.8894756470461648
Ichimoku Cloud,i019,SOLUSDT,False,tp0.80,1613,-0.0652199079956996,-105.19971159706346,0.8411812573132512
Ichimoku Cloud,i019,SOLUSDT,False,tp1.80,1504,-0.04351554498266272,-65.44737965392473,0.9204083495685423
Ichimoku Cloud,i019,SOLUSDT,False,sl0.50,1798,-0.06888500087232216,-123.85523156843526,0.8283738067976563
Ichimoku Cloud,i019,SOLUSDT,False,sl1.20,1332,-0.051416638221806636,-68.48696211144645,0.9055812570857691
Ichimoku Cloud,i019,SOLUSDT,False,fee0.02,1539,0.006495577022346868,9.996693037391829,1.0144818091287804
Ichimoku Cloud,i019,SOLUSDT,False,fee0.07,1539,-0.09351408240646725,-143.9181728235531,0.8159096739490433
Ichimoku Cloud,i019,SOLUSDT,False,slip3,1539,-0.055862878170162195,-85.97296950387963,0.8849479787791947
Ichimoku Cloud,i019,SOLUSDT,False,no_funding,1539,-0.05333912441791755,-82.08891247917511,0.8898036059583111
Ichimoku Cloud,i019,SOLUSDT,True,baseline,689,-0.12017789972807216,-82.80257291264172,0.7769118689542771
Ichimoku Cloud,i019,SOLUSDT,True,tp0.80,728,-0.11398280657491043,-82.9794831865348,0.7492646164777667
Ichimoku Cloud,i019,SOLUSDT,True,tp1.80,673,-0.06377005429702419,-42.917246541897285,0.8905331006625409
Ichimoku Cloud,i019,SOLUSDT,True,sl0.50,792,-0.11938174872610219,-94.55034499107295,0.7213307627193534
Ichimoku Cloud,i019,SOLUSDT,True,sl1.20,596,-0.10118474890392788,-60.306110346741015,0.8365858471906182
Ichimoku Cloud,i019,SOLUSDT,True,fee0.02,689,-0.06017463760959392,-41.46032531301021,0.8801816142861056
Ichimoku Cloud,i019,SOLUSDT,True,fee0.07,689,-0.16018007447372434,-110.36407131239608,0.715504726246556
Ichimoku Cloud,i019,SOLUSDT,True,slip3,689,-0.1225258030845169,-84.42027832523215,0.7731570722300012
Ichimoku Cloud,i019,SOLUSDT,True,no_funding,689,-0.11921773572226665,-82.14101991264174,0.7784570350796786
Parabolic SAR,i020,SOLUSDT,False,baseline,3033,-0.11930279553061418,-361.8453788443528,0.7499475084658916
Parabolic SAR,i020,SOLUSDT,False,tp0.80,3216,-0.1157131272520789,-372.1334172426857,0.7258180699728255
Parabolic SAR,i020,SOLUSDT,False,tp1.80,2817,-0.10784898199558614,-303.81058228156616,0.783217653003991
Parabolic SAR,i020,SOLUSDT,False,sl0.50,3378,-0.11395955584972792,-384.9553796603809,0.713584347876512
Parabolic SAR,i020,SOLUSDT,False,sl1.20,2709,-0.12626655536033424,-342.05609847114545,0.7591734781732855
Parabolic SAR,i020,SOLUSDT,False,fee0.02,3033,-0.05931080990249102,-179.88968643425528,0.8649913108955913
Parabolic SAR,i020,SOLUSDT,False,fee0.07,3033,-0.15929745261602965,-483.14917378441794,0.6830951109520468
Parabolic SAR,i020,SOLUSDT,False,slip3,3033,-0.12165677111038901,-368.98498677780987,0.7458094259651726
Parabolic SAR,i020,SOLUSDT,False,no_funding,3033,-0.11929419744291224,-361.8193008443528,0.7499487122772004
Parabolic SAR,i020,SOLUSDT,True,baseline,1268,-0.08890264130021569,-112.7285491686735,0.8304655024241333
Parabolic SAR,i020,SOLUSDT,True,tp0.80,1320,-0.08709137363001203,-114.96061319161588,0.8015491473880904
Parabolic SAR,i020,SOLUSDT,True,tp1.80,1188,-0.07106956791174636,-84.43064667915468,0.8774168877635934
Parabolic SAR,i020,SOLUSDT,True,sl0.50,1356,-0.10323288876167222,-139.98379716082755,0.7555746467045446
Parabolic SAR,i020,SOLUSDT,True,sl1.20,1159,-0.08458544847846919,-98.03453478654579,0.8620688708975195
Parabolic SAR,i020,SOLUSDT,True,fee0.02,1268,-0.02891408876810546,-36.66306455795772,0.940866832420226
Parabolic SAR,i020,SOLUSDT,True,fee0.07,1268,-0.12889500965495587,-163.43887224248405,0.7648121859981021
Parabolic SAR,i020,SOLUSDT,True,slip3,1268,-0.09126371729857216,-115.72239353458951,0.8264253985556812
Parabolic SAR,i020,SOLUSDT,True,no_funding,1268,-0.08816636764090971,-111.79495416867351,0.8317222803206915
Directional Movement,i021,SOLUSDT,False,baseline,2245,-0.0949990509512864,-213.27286938563796,0.7675154901661991
Directional Movement,i021,SOLUSDT,False,tp0.80,2343,-0.08474700355855297,-198.5622293376896,0.7616103229510892
Directional Movement,i021,SOLUSDT,False,tp1.80,2177,-0.06575131815479182,-143.1406196229818,0.8479032807288185
Directional Movement,i021,SOLUSDT,False,sl0.50,2601,-0.09067331417974286,-235.8412901815112,0.7518908319452744
Directional Movement,i021,SOLUSDT,False,sl1.20,2045,-0.08544887393387109,-174.74294719476637,0.7939300697763051
Directional Movement,i021,SOLUSDT,False,fee0.02,2245,-0.03499671658680443,-78.56762873737595,0.9049803902670702
Directional Movement,i021,SOLUSDT,False,fee0.07,2245,-0.1350006071942744,-303.07636315114604,0.6902823642842209
Directional Movement,i021,SOLUSDT,False,slip3,2245,-0.09734055206531496,-218.52953938663208,0.7627067350782291
Directional Movement,i021,SOLUSDT,False,no_funding,2245,-0.09508480997133095,-213.46539838563797,0.7673305283251182
Directional Movement,i021,SOLUSDT,True,baseline,902,-0.03957082981293165,-35.69288849126435,0.9209986708930352
Directional Movement,i021,SOLUSDT,True,tp0.80,967,-0.061679105540116935,-59.64369505729308,0.8544595173501391
Directional Movement,i021,SOLUSDT,True,tp1.80,853,-0.0037475796125276354,-3.1966854094860735,0.9932472952844826
Directional Movement,i021,SOLUSDT,True,sl0.50,1025,-0.050174551219866484,-51.42891500036314,0.8753972418744574
Directional Movement,i021,SOLUSDT,True,sl1.20,795,-0.019752203814174387,-15.703002032268639,0.9656287715541929
Directional Movement,i021,SOLUSDT,True,fee0.02,902,0.020430814378674535,18.42859456956443,1.043746797338859
Directional Movement,i021,SOLUSDT,True,fee0.07,902,-0.07957192594066914,-71.77387719848356,0.8480092687619136
Directional Movement,i021,SOLUSDT,True,slip3,902,-0.04191167163841682,-37.80432781785197,0.916545253008705
Directional Movement,i021,SOLUSDT,True,no_funding,902,-0.038652825378341846,-34.86484849126435,0.922743877084169
Vortex,i022,SOLUSDT,False,baseline,3017,-0.08982875224962275,-271.01334553711183,0.7724554585373142
Vortex,i022,SOLUSDT,False,tp0.80,3144,-0.0859492677356042,-270.22449776073955,0.7527482514109198
Vortex,i022,SOLUSDT,False,tp1.80,2895,-0.0863000468609418,-249.83863566242647,0.794787811355454
Vortex,i022,SOLUSDT,False,sl0.50,3406,-0.1026935799015823,-349.7743331447893,0.7107128596062239
Vortex,i022,SOLUSDT,False,sl1.20,2765,-0.10573135170806763,-292.34718747280704,0.7501549287415378
Vortex,i022,SOLUSDT,False,fee0.02,3017,-0.029835541129400775,-90.01382758740213,0.916370792401581
Vortex,i022,SOLUSDT,False,fee0.07,3017,-0.12982422632977075,-391.6796908369184,0.691625990276819
Vortex,i022,SOLUSDT,False,slip3,3017,-0.09219095786136769,-278.1401198677463,0.7673732587708781
Vortex,i022,SOLUSDT,False,no_funding,3017,-0.08991818380414714,-271.2831605371119,0.7722479580498164
Vortex,i022,SOLUSDT,True,baseline,1205,-0.03970719401588104,-47.84716878913665,0.9210225899191782
Vortex,i022,SOLUSDT,True,tp0.80,1317,-0.06396544291244322,-84.24248831568772,0.8498710729501515
Vortex,i022,SOLUSDT,True,tp1.80,1112,-0.04483438075708039,-49.855831401873395,0.9215685687608288
Vortex,i022,SOLUSDT,True,sl0.50,1381,-0.07407299287868874,-102.29480316546915,0.8198808732934662
Vortex,i022,SOLUSDT,True,sl1.20,1067,-0.03261187137272942,-34.79686675470228,0.9441702477347097
Vortex,i022,SOLUSDT,True,fee0.02,1205,0.020281306399146767,24.438974210971857,1.04327258587609
Vortex,i022,SOLUSDT,True,fee0.07,1205,-0.07969952762589962,-96.03793078920904,0.8483441067554458
Vortex,i022,SOLUSDT,True,slip3,1205,-0.042078455898870874,-50.7045393581394,0.9165297503081863
Vortex,i022,SOLUSDT,True,no_funding,1205,-0.038960771609242044,-46.94772978913666,0.9224396876009721
Williams Alligator,i023,SOLUSDT,False,baseline,1829,-0.07281269389935681,-133.17441714192358,0.846975271376267
Williams Alligator,i023,SOLUSDT,False,tp0.80,1921,-0.08422210584224653,-161.7906653229556,0.7948425343024671
Williams Alligator,i023,SOLUSDT,False,tp1.80,1755,-0.051521487260066084,-90.42021014141596,0.9016024595005199
Williams Alligator,i023,SOLUSDT,False,sl0.50,1993,-0.08358907988456032,-166.59303620992873,0.7883831255592313
Williams Alligator,i023,SOLUSDT,False,sl1.20,1678,-0.08107700484030188,-136.04721412202653,0.8509506081675954
Williams Alligator,i023,SOLUSDT,False,fee0.02,1829,-0.012809092588980659,-23.427830345245624,0.9709719803933461
Williams Alligator,i023,SOLUSDT,False,fee0.07,1829,-0.1128150947729409,-206.3388083397089,0.774007559723297
Williams Alligator,i023,SOLUSDT,False,slip3,1829,-0.07516726952562129,-137.48093596236134,0.8424824068277452
Williams Alligator,i023,SOLUSDT,False,no_funding,1829,-0.07272838990810475,-133.0202251419236,0.8471306945482348
Williams Alligator,i023,SOLUSDT,True,baseline,910,-0.07814516298575579,-71.11209831703776,0.8493805389292788
Williams Alligator,i023,SOLUSDT,True,tp0.80,960,-0.09473726365494205,-90.94777310874437,0.7855342038947685
Williams Alligator,i023,SOLUSDT,True,tp1.80,858,-0.06473338845201555,-55.54124729182934,0.8884510816465716
Williams Alligator,i023,SOLUSDT,True,sl0.50,965,-0.08165634062753621,-78.79836870557244,0.8030392645677414
Williams Alligator,i023,SOLUSDT,True,sl1.20,866,-0.1026381980671211,-88.88467952612687,0.8350923874911281
Williams Alligator,i023,SOLUSDT,True,fee0.02,910,-0.01815294665021171,-16.519181451692656,0.9624599193051117
Williams Alligator,i023,SOLUSDT,True,fee0.07,910,-0.11813997387611853,-107.50737622726787,0.782183442307096
Williams Alligator,i023,SOLUSDT,True,slip3,910,-0.08050432691680162,-73.25893749428948,0.8452503947690662
Williams Alligator,i023,SOLUSDT,True,no_funding,910,-0.07732761463410742,-70.36812931703777,0.85080503920652
Williams Fractal,i024,SOLUSDT,False,baseline,2962,-0.09430051878349952,-279.31813663672557,0.8130055110428881
Williams Fractal,i024,SOLUSDT,False,tp0.80,3246,-0.09467443157897085,-307.3132049053394,0.780807904660921
Williams Fractal,i024,SOLUSDT,False,tp1.80,2621,-0.09650856709965004,-252.94895436818274,0.8244437762134587
Williams Fractal,i024,SOLUSDT,False,sl0.50,3384,-0.1059747941735532,-358.61870348330405,0.7425807988540315
Williams Fractal,i024,SOLUSDT,False,sl1.20,2649,-0.1254612100653269,-332.346745463051,0.7874997652933073
Williams Fractal,i024,SOLUSDT,False,fee0.02,2962,-0.034309435918523416,-101.62454919066634,0.9266270544583315
Williams Fractal,i024,SOLUSDT,False,fee0.07,2962,-0.1342945740268169,-397.78052826743175,0.746060464353845
Williams Fractal,i024,SOLUSDT,False,slip3,2962,-0.09665226711776617,-286.2840152028234,0.8088872781197662
Williams Fractal,i024,SOLUSDT,False,no_funding,2962,-0.09441782094420174,-279.66558563672555,0.8128196621301443
Williams Fractal,i024,SOLUSDT,True,baseline,1378,-0.06790726481390173,-93.5762109135566,0.868516727891138
Williams Fractal,i024,SOLUSDT,True,tp0.80,1490,-0.06561394266130473,-97.76477456534406,0.8465956375282259
Williams Fractal,i024,SOLUSDT,True,tp1.80,1238,-0.046402781433829234,-57.44664341508059,0.919155769509156
Williams Fractal,i024,SOLUSDT,True,sl0.50,1514,-0.09291688795181935,-140.6761683590545,0.7782337145671294
Williams Fractal,i024,SOLUSDT,True,sl1.20,1269,-0.07623355147929384,-96.74037682722387,0.8750833414325878
Williams Fractal,i024,SOLUSDT,True,fee0.02,1378,-0.007917885562362628,-10.910846304935701,0.9835634567925194
Williams Fractal,i024,SOLUSDT,True,fee0.07,1378,-0.10790018431492783,-148.68645398597056,0.8000601289291488
Williams Fractal,i024,SOLUSDT,True,slip3,1378,-0.07025612788271156,-96.81294422237652,0.8643258337069036
Williams Fractal,i024,SOLUSDT,True,no_funding,1378,-0.06723554202725442,-92.65057691355659,0.8697077973097419
Aroon,i025,SOLUSDT,False,baseline,2393,-0.12254319600889144,-293.2458680492772,0.7426199050222073
Aroon,i025,SOLUSDT,False,tp0.80,2526,-0.10123152188691788,-255.71082428635458,0.7524712421335075
Aroon,i025,SOLUSDT,False,tp1.80,2271,-0.1067400119064342,-242.40656703951205,0.7900371635485656
Aroon,i025,SOLUSDT,False,sl0.50,2647,-0.11668819750310035,-308.8736587907066,0.7069327339260324
Aroon,i025,SOLUSDT,False,sl1.20,2150,-0.12726640692380412,-273.62277488617883,0.7563210476721975
Aroon,i025,SOLUSDT,False,fee0.02,2393,-0.06254758296835157,-149.67636604326532,0.8574395777574265
Aroon,i025,SOLUSDT,False,fee0.07,2393,-0.16254027136925134,-388.95886938661846,0.6758340279154077
Aroon,i025,SOLUSDT,False,slip3,2393,-0.12489735588640447,-298.8793726361659,0.738488401723311
Aroon,i025,SOLUSDT,False,no_funding,2393,-0.12260336608828967,-293.3898550492772,0.7425065992129848
Aroon,i025,SOLUSDT,True,baseline,1022,-0.1036817221215764,-105.96272000825108,0.8048487297487648
Aroon,i025,SOLUSDT,True,tp0.80,1064,-0.09462265815533498,-100.67850827727642,0.7863526819442516
Aroon,i025,SOLUSDT,True,tp1.80,979,-0.07649302303629311,-74.88666955253096,0.869254323382237
Aroon,i025,SOLUSDT,True,sl0.50,1082,-0.10208999814882605,-110.46137799702977,0.7575315986656986
Aroon,i025,SOLUSDT,True,sl1.20,934,-0.07650077450168778,-71.45172338457638,0.874078027710537
Aroon,i025,SOLUSDT,True,fee0.02,1022,-0.04369094361935658,-44.65214437898243,0.9118149686419644
Aroon,i025,SOLUSDT,True,fee0.07,1022,-0.1436755744563897,-146.83643709443027,0.7412379160038584
Aroon,i025,SOLUSDT,True,slip3,1022,-0.10604146622438095,-108.37437848131732,0.8009355288238263
Aroon,i025,SOLUSDT,True,no_funding,1022,-0.10295522310005,-105.22023800825109,0.80602748955768
Trend Strength Index,i026,SOLUSDT,False,baseline,2455,-0.1167179034058963,-286.5424528614754,0.7500645828293043
Trend Strength Index,i026,SOLUSDT,False,tp0.80,2590,-0.10001802089358346,-259.0466741143812,0.7533949359248242
Trend Strength Index,i026,SOLUSDT,False,tp1.80,2339,-0.1066687920135439,-249.49830451967915,0.7869890867327606
Trend Strength Index,i026,SOLUSDT,False,sl0.50,2729,-0.11865778897836984,-323.81710612197134,0.6997619027388055
Trend Strength Index,i026,SOLUSDT,False,sl1.20,2200,-0.13209397656476668,-290.6067484424867,0.7431349810801411
Trend Strength Index,i026,SOLUSDT,False,fee0.02,2455,-0.056722502813078016,-139.2537444061065,0.8677398796905714
Trend Strength Index,i026,SOLUSDT,False,fee0.07,2455,-0.15671483713444184,-384.7349251650547,0.681939796137524
Trend Strength Index,i026,SOLUSDT,False,slip3,2455,-0.1190668092313469,-292.30901666295665,0.7458542591510262
Trend Strength Index,i026,SOLUSDT,False,no_funding,2455,-0.11670543701078426,-286.5118478614754,0.750077170933159
Trend Strength Index,i026,SOLUSDT,True,baseline,1030,-0.09762361018930883,-100.55231849498809,0.8153151698338651
Trend Strength Index,i026,SOLUSDT,True,tp0.80,1073,-0.09071659255460766,-97.33890381109403,0.7947805899348
Trend Strength Index,i026,SOLUSDT,True,tp1.80,994,-0.08083774390155357,-80.35271743814425,0.8617022853471404
Trend Strength Index,i026,SOLUSDT,True,sl0.50,1097,-0.10335839101457488,-113.38415494298863,0.7546498913627762
Trend Strength Index,i026,SOLUSDT,True,sl1.20,950,-0.11472847839676083,-108.99205447692277,0.8169709411254238
Trend Strength Index,i026,SOLUSDT,True,fee0.02,1030,-0.03763109622531792,-38.760029112077454,0.9236653571710443
Trend Strength Index,i026,SOLUSDT,True,fee0.07,1030,-0.1376186194986361,-141.74717808359517,0.7508627117944725
Trend Strength Index,i026,SOLUSDT,True,slip3,1030,-0.09998292519003968,-102.98241294574086,0.8113501765781158
Trend Strength Index,i026,SOLUSDT,True,no_funding,1030,-0.09663436358736707,-99.53339449498809,0.8169836030941915
Zig Zag,i027,SOLUSDT,False,baseline,3123,-0.09183656923039345,-286.80560570651875,0.8194636639872301
Zig Zag,i027,SOLUSDT,False,tp0.80,3322,-0.07908702051468607,-262.72708214978707,0.8162489619441724
Zig Zag,i027,SOLUSDT,False,tp1.80,2886,-0.08493715192802258,-245.12862046427313,0.8424553028164943
Zig Zag,i027,SOLUSDT,False,sl0.50,3343,-0.08589630800216556,-287.1513576512395,0.7922749322740972
Zig Zag,i027,SOLUSDT,False,sl1.20,2708,-0.08678484437557533,-235.013358569058,0.8446745068159661
Zig Zag,i027,SOLUSDT,False,fee0.02,3123,-0.03184643692668945,-99.45642252205116,0.9325919205636388
Zig Zag,i027,SOLUSDT,False,fee0.07,3123,-0.13182999076619617,-411.7050611628306,0.7526619563577541
Zig Zag,i027,SOLUSDT,False,slip3,3123,-0.09418493028427458,-294.1395372777895,0.8153630675220123
Zig Zag,i027,SOLUSDT,False,no_funding,3123,-0.09195372292876043,-287.17147670651883,0.8192437631914591
Zig Zag,i027,SOLUSDT,True,baseline,1278,-0.08247198756730226,-105.39920011101229,0.8440026249216165
Zig Zag,i027,SOLUSDT,True,tp0.80,1301,-0.060465738603113314,-78.66592592265043,0.8583006776823068
Zig Zag,i027,SOLUSDT,True,tp1.80,1236,-0.09037021878808074,-111.69759042206779,0.8505300329598872
Zig Zag,i027,SOLUSDT,True,sl0.50,1301,-0.0868383885387843,-112.97674348895836,0.792563854192668
Zig Zag,i027,SOLUSDT,True,sl1.20,1209,-0.08029427676860013,-97.07578061323755,0.8718093319441591
Zig Zag,i027,SOLUSDT,True,fee0.02,1278,-0.022479298085306725,-28.728542953021996,0.9544359100901793
Zig Zag,i027,SOLUSDT,True,fee0.07,1278,-0.12246711388863264,-156.51297154967253,0.778228510606388
Zig Zag,i027,SOLUSDT,True,slip3,1278,-0.08483425301481433,-108.4181753529327,0.8399558649629684
Zig Zag,i027,SOLUSDT,True,no_funding,1278,-0.08178843201174671,-104.5256161110123,0.8451775246015958
Linear Regression Curve,i028,SOLUSDT,False,baseline,7968,-0.10820797107155905,-862.2011134981825,0.671611402599936
Linear Regression Curve,i028,SOLUSDT,False,tp0.80,8557,-0.10836521149645212,-927.2811147751408,0.6610347327456653
Linear Regression Curve,i028,SOLUSDT,False,tp1.80,7566,-0.10867179842137246,-822.2108268561041,0.6709337547909229
Linear Regression Curve,i028,SOLUSDT,False,sl0.50,8848,-0.10008627448082978,-885.563356606382,0.6706674368789084
Linear Regression Curve,i028,SOLUSDT,False,sl1.20,7551,-0.11412827144833555,-861.7825777063817,0.6672598741975108
Linear Regression Curve,i028,SOLUSDT,False,fee0.02,7968,-0.048207347016363984,-384.1161410263882,0.83358072793195
Linear Regression Curve,i028,SOLUSDT,False,fee0.07,7968,-0.14820838710835574,-1180.9244284793785,0.5849566569704774
Linear Regression Curve,i028,SOLUSDT,False,slip3,7968,-0.1105654461726628,-880.9854751037772,0.666080846848366
Linear Regression Curve,i028,SOLUSDT,False,no_funding,7968,-0.10818295739184018,-862.0018044981827,0.6716850631861404
Linear Regression Curve,i028,SOLUSDT,True,baseline,3089,-0.09613979873705353,-296.97583829875833,0.8167836427649802
Linear Regression Curve,i028,SOLUSDT,True,tp0.80,3538,-0.1039912877464393,-367.92117604690225,0.7669354790490879
Linear Regression Curve,i028,SOLUSDT,True,tp1.80,2630,-0.09889005741970605,-260.08085101382693,0.8318576821991439
Linear Regression Curve,i028,SOLUSDT,True,sl0.50,3792,-0.09196237339758903,-348.72131992365763,0.7791881422850162
Linear Regression Curve,i028,SOLUSDT,True,sl1.20,2522,-0.08742680096686167,-220.49039203842514,0.8567252119846346
Linear Regression Curve,i028,SOLUSDT,True,fee0.02,3089,-0.036142974099739315,-111.64564699409473,0.9260674462347293
Linear Regression Curve,i028,SOLUSDT,True,fee0.07,3089,-0.13613768182859634,-420.5292991685341,0.7519020843842453
Linear Regression Curve,i028,SOLUSDT,True,slip3,3089,-0.0985036493697539,-304.2777729031699,0.8127848905206952
Linear Regression Curve,i028,SOLUSDT,True,no_funding,3089,-0.09534693114236267,-294.5266702987583,0.8181386784685012
Linear Regression Slope,i029,SOLUSDT,False,baseline,2455,-0.1167179034058963,-286.5424528614754,0.7500645828293043
Linear Regression Slope,i029,SOLUSDT,False,tp0.80,2590,-0.10001802089358346,-259.0466741143812,0.7533949359248242
Linear Regression Slope,i029,SOLUSDT,False,tp1.80,2339,-0.1066687920135439,-249.49830451967915,0.7869890867327606
Linear Regression Slope,i029,SOLUSDT,False,sl0.50,2729,-0.11865778897836984,-323.81710612197134,0.6997619027388055
Linear Regression Slope,i029,SOLUSDT,False,sl1.20,2200,-0.13209397656476668,-290.6067484424867,0.7431349810801411
Linear Regression Slope,i029,SOLUSDT,False,fee0.02,2455,-0.056722502813078016,-139.2537444061065,0.8677398796905714
Linear Regression Slope,i029,SOLUSDT,False,fee0.07,2455,-0.15671483713444184,-384.7349251650547,0.681939796137524
Linear Regression Slope,i029,SOLUSDT,False,slip3,2455,-0.1190668092313469,-292.30901666295665,0.7458542591510262
Linear Regression Slope,i029,SOLUSDT,False,no_funding,2455,-0.11670543701078426,-286.5118478614754,0.750077170933159
Linear Regression Slope,i029,SOLUSDT,True,baseline,1030,-0.09762361018930883,-100.55231849498809,0.8153151698338651
Linear Regression Slope,i029,SOLUSDT,True,tp0.80,1073,-0.09071659255460766,-97.33890381109403,0.7947805899348
Linear Regression Slope,i029,SOLUSDT,True,tp1.80,994,-0.08083774390155357,-80.35271743814425,0.8617022853471404
Linear Regression Slope,i029,SOLUSDT,True,sl0.50,1097,-0.10335839101457488,-113.38415494298863,0.7546498913627762
Linear Regression Slope,i029,SOLUSDT,True,sl1.20,950,-0.11472847839676083,-108.99205447692277,0.8169709411254238
Linear Regression Slope,i029,SOLUSDT,True,fee0.02,1030,-0.03763109622531792,-38.760029112077454,0.9236653571710443
Linear Regression Slope,i029,SOLUSDT,True,fee0.07,1030,-0.1376186194986361,-141.74717808359517,0.7508627117944725
Linear Regression Slope,i029,SOLUSDT,True,slip3,1030,-0.09998292519003968,-102.98241294574086,0.8113501765781158
Linear Regression Slope,i029,SOLUSDT,True,no_funding,1030,-0.09663436358736707,-99.53339449498809,0.8169836030941915
Keltner Channels,i030,SOLUSDT,False,baseline,1265,-0.08465725374711128,-107.09142599009576,0.8388906003425647
Keltner Channels,i030,SOLUSDT,False,tp0.80,1373,-0.09745132066778514,-133.800663276869,0.7817263421784185
Keltner Channels,i030,SOLUSDT,False,tp1.80,1164,-0.0645334694459435,-75.11695843507825,0.8903085514501942
Keltner Channels,i030,SOLUSDT,False,sl0.50,1362,-0.1109182971647282,-151.0707207383598,0.7399745804065113
Keltner Channels,i030,SOLUSDT,False,sl1.20,1215,-0.10201924911024547,-123.95338766894825,0.8377164287932908
Keltner Channels,i030,SOLUSDT,False,fee0.02,1265,-0.024666302694635687,-31.202872908714145,0.9496591553256503
Keltner Channels,i030,SOLUSDT,False,fee0.07,1265,-0.12465122111542835,-157.68379471101684,0.7730006331539826
Keltner Channels,i030,SOLUSDT,False,slip3,1265,-0.08700437516828886,-110.0605345878854,0.8348589491636752
Keltner Channels,i030,SOLUSDT,False,no_funding,1265,-0.08447934544671601,-106.86637199009574,0.8392413515213355
Keltner Channels,i030,SOLUSDT,True,baseline,723,-0.09443978002186174,-68.27996095580605,0.8226230371676008
Keltner Channels,i030,SOLUSDT,True,tp0.80,776,-0.12475989028514928,-96.81367486127583,0.7298471676081549
Keltner Channels,i030,SOLUSDT,True,tp1.80,668,-0.07164864730381602,-47.86129639894911,0.8794293810218641
Keltner Channels,i030,SOLUSDT,True,sl0.50,782,-0.12801784803596716,-100.10995716412631,0.7048823271156182
Keltner Channels,i030,SOLUSDT,True,sl1.20,697,-0.13618417659643664,-94.92037108771633,0.7905512930698113
Keltner Channels,i030,SOLUSDT,True,fee0.02,723,-0.03445684542629389,-24.91229924321048,0.9306226825711779
Keltner Channels,i030,SOLUSDT,True,fee0.07,723,-0.13442840308557366,-97.19173543086977,0.7583456246174598
Keltner Channels,i030,SOLUSDT,True,slip3,723,-0.09679103492304854,-69.97991824936409,0.8186813336127102
Keltner Channels,i030,SOLUSDT,True,no_funding,723,-0.09389003175076907,-67.88249295580604,0.8235606079409628
Donchian Channels,i031,SOLUSDT,False,baseline,2237,-0.09320524781628893,-208.50013936503836,0.8225159288827655
Donchian Channels,i031,SOLUSDT,False,tp0.80,2509,-0.07886660564751251,-197.8763135696089,0.8185625723104768
Donchian Channels,i031,SOLUSDT,False,tp1.80,1974,-0.06745019138495983,-133.14667779391073,0.8835108810106906
Donchian Channels,i031,SOLUSDT,False,sl0.50,2444,-0.12279082812705772,-300.10078394252906,0.7132583917885152
Donchian Channels,i031,SOLUSDT,False,sl1.20,2087,-0.08974461487589476,-187.29701124599237,0.8535280766321983
Donchian Channels,i031,SOLUSDT,False,fee0.02,2237,-0.03321224303452846,-74.29578766824017,0.9321385780555409
Donchian Channels,i031,SOLUSDT,False,fee0.07,2237,-0.1332005843374626,-297.96970716290383,0.7573749303289139
Donchian Channels,i031,SOLUSDT,False,slip3,2237,-0.09555592518001088,-213.75860462768435,0.8185205964864869
Donchian Channels,i031,SOLUSDT,False,no_funding,2237,-0.09313330324767026,-208.33919936503835,0.8226587020004281
Donchian Channels,i031,SOLUSDT,True,baseline,1116,-0.08993494460841431,-100.36739818299037,0.8290788685486993
Donchian Channels,i031,SOLUSDT,True,tp0.80,1236,-0.09022471383214929,-111.51774629653653,0.7960592231794903
Donchian Channels,i031,SOLUSDT,True,tp1.80,1006,-0.07152227886030606,-71.95141253346789,0.8779679382275113
Donchian Channels,i031,SOLUSDT,True,sl0.50,1203,-0.12361345666970021,-148.70698837364935,0.7126339280451803
Donchian Channels,i031,SOLUSDT,True,sl1.20,1067,-0.09386454709333229,-100.15347174858556,0.8491103457297812
Donchian Channels,i031,SOLUSDT,True,fee0.02,1116,-0.029948801564053683,-33.42286254548391,0.9389705500047677
Donchian Channels,i031,SOLUSDT,True,fee0.07,1116,-0.1299257066379881,-144.99708860799473,0.7636992882635886
Donchian Channels,i031,SOLUSDT,True,slip3,1116,-0.09229178242360371,-102.99762918474174,0.8250590220922904
Donchian Channels,i031,SOLUSDT,True,no_funding,1116,-0.08929532095250035,-99.65357818299039,0.8301678758574663
Price Channel,i032,SOLUSDT,False,baseline,3244,-0.09319723471066071,-302.33182940138335,0.7684033587685876
Price Channel,i032,SOLUSDT,False,tp0.80,3375,-0.10226811571028159,-345.1548905222004,0.7157595216840468
Price Channel,i032,SOLUSDT,False,tp1.80,3116,-0.07488613189537643,-233.34518698599297,0.8226635317308075
Price Channel,i032,SOLUSDT,False,sl0.50,3725,-0.08692917351755551,-323.81117135289423,0.7590652289449745
Price Channel,i032,SOLUSDT,False,sl1.20,2984,-0.11430118893756461,-341.07474778969276,0.7286880344793281
Price Channel,i032,SOLUSDT,False,fee0.02,3244,-0.0332063851310064,-107.72151336498474,0.9078852288841592
Price Channel,i032,SOLUSDT,False,fee0.07,3244,-0.13319113443043026,-432.0720400923158,0.6906815807015795
Price Channel,i032,SOLUSDT,False,slip3,3244,-0.09555108584942833,-309.9677224955455,0.7635271201615689
Price Channel,i032,SOLUSDT,False,no_funding,3244,-0.0932696582618321,-302.56677140138333,0.7682251213028237
Price Channel,i032,SOLUSDT,True,baseline,1324,-0.05001458947174784,-66.21931646059413,0.9014673339351295
Price Channel,i032,SOLUSDT,True,tp0.80,1418,-0.07423607224882327,-105.2667504488314,0.8280724402260631
Price Channel,i032,SOLUSDT,True,tp1.80,1227,-0.04009109622614854,-49.19177506948426,0.9301035171733286
Price Channel,i032,SOLUSDT,True,sl0.50,1552,-0.06020415758688668,-93.43685257484813,0.8518608947106207
Price Channel,i032,SOLUSDT,True,sl1.20,1116,-0.028096452692525992,-31.35564120485901,0.9517719819208643
Price Channel,i032,SOLUSDT,True,fee0.02,1324,0.009983789965468105,13.218537914279771,1.0211070053168387
Price Channel,i032,SOLUSDT,True,fee0.07,1324,-0.09001350909655849,-119.17788604384344,0.8303805687570005
Price Channel,i032,SOLUSDT,True,slip3,1324,-0.052360354593409764,-69.32510948167452,0.8971196806218321
Price Channel,i032,SOLUSDT,True,no_funding,1324,-0.04921302149591702,-65.15804046059412,0.9029703601803123
MA Channel,i033,SOLUSDT,False,baseline,3039,-0.0812156485597601,-246.81435597311093,0.8328083175017459
MA Channel,i033,SOLUSDT,False,tp0.80,3344,-0.08194623967549096,-274.02822547484175,0.8037116768171544
MA Channel,i033,SOLUSDT,False,tp1.80,2759,-0.07062018994192183,-194.84110404976235,0.8662673953264691
MA Channel,i033,SOLUSDT,False,sl0.50,3663,-0.08514521653298394,-311.88692816032017,0.7890463141001466
MA Channel,i033,SOLUSDT,False,sl1.20,2607,-0.06529421192798428,-170.22201049625502,0.8744756958425356
MA Channel,i033,SOLUSDT,False,fee0.02,3039,-0.021224383534871136,-64.50090156247337,0.9526660178667806
MA Channel,i033,SOLUSDT,False,fee0.07,3039,-0.12120982524301943,-368.356658913536,0.7626844697763332
MA Channel,i033,SOLUSDT,False,slip3,3039,-0.08356642685764488,-253.95837122038282,0.8284870031723773
MA Channel,i033,SOLUSDT,False,no_funding,3039,-0.08106845737845045,-246.3670419731109,0.8330718157898491
MA Channel,i033,SOLUSDT,True,baseline,1330,-0.048248767468793016,-64.17086073349472,0.9046789757966108
MA Channel,i033,SOLUSDT,True,tp0.80,1458,-0.046224703761656015,-67.39561808449447,0.8891280199489229
MA Channel,i033,SOLUSDT,True,tp1.80,1233,-0.05572718884984324,-68.71162385185671,0.9037492359986032
MA Channel,i033,SOLUSDT,True,sl0.50,1567,-0.06553348074752903,-102.69096433137798,0.839702372276502
MA Channel,i033,SOLUSDT,True,sl1.20,1151,-0.025252296326360817,-29.0653930716413,0.9563774646885862
MA Channel,i033,SOLUSDT,True,fee0.02,1330,0.011745483677340475,15.621493290862832,1.0248894523405503
MA Channel,i033,SOLUSDT,True,fee0.07,1330,-0.0882449348995487,-117.36576341639977,0.8332041895539176
MA Channel,i033,SOLUSDT,True,slip3,1330,-0.0505916078145363,-67.28683839333328,0.9003138661018742
MA Channel,i033,SOLUSDT,True,no_funding,1330,-0.0473036779951088,-62.91389173349471,0.9064326329397697
Chande Kroll Stop,i034,SOLUSDT,False,baseline,3576,-0.06949993433184704,-248.53176517068496,0.8566292919681056
Chande Kroll Stop,i034,SOLUSDT,False,tp0.80,4040,-0.07077209470972112,-285.9192626272733,0.8287329093120659
Chande Kroll Stop,i034,SOLUSDT,False,tp1.80,3143,-0.06704571351887059,-210.72467758981026,0.8744103349167787
Chande Kroll Stop,i034,SOLUSDT,False,sl0.50,4321,-0.07753854173978361,-335.04403885760496,0.8068428826037041
Chande Kroll Stop,i034,SOLUSDT,False,sl1.20,3083,-0.07664489860358008,-236.29622239483737,0.8583433444611046
Chande Kroll Stop,i034,SOLUSDT,False,fee0.02,3576,-0.009506391716385175,-33.99485677779339,0.9787945711629644
Chande Kroll Stop,i034,SOLUSDT,False,fee0.07,3576,-0.10949562940882163,-391.5563707659461,0.784957131575813
Chande Kroll Stop,i034,SOLUSDT,False,slip3,3576,-0.07185638177383191,-256.9584212232229,0.8522076601992726
Chande Kroll Stop,i034,SOLUSDT,False,no_funding,3576,-0.06939080793363675,-248.141529170685,0.8568240182786744
Chande Kroll Stop,i034,SOLUSDT,True,baseline,1657,-0.06985085706204563,-115.74287015180961,0.8650592633036542
Chande Kroll Stop,i034,SOLUSDT,True,tp0.80,1859,-0.08196895124863016,-152.38028037120347,0.8126971135419542
Chande Kroll Stop,i034,SOLUSDT,True,tp1.80,1482,-0.0666621508726817,-98.79330759331427,0.8860976923688374
Chande Kroll Stop,i034,SOLUSDT,True,sl0.50,1984,-0.08830964160319982,-175.20632894074845,0.7884133044325786
Chande Kroll Stop,i034,SOLUSDT,True,sl1.20,1453,-0.06618087026672247,-96.16080449754774,0.8906178254696503
Chande Kroll Stop,i034,SOLUSDT,True,fee0.02,1657,-0.009851984067746624,-16.324737600256157,0.9795960525201751
Chande Kroll Stop,i034,SOLUSDT,True,fee0.07,1657,-0.10985010572491165,-182.02162518617862,0.7969093358038112
Chande Kroll Stop,i034,SOLUSDT,True,slip3,1657,-0.07220665485108,-119.64642708823956,0.8608763578752119
Chande Kroll Stop,i034,SOLUSDT,True,no_funding,1657,-0.06910321373072398,-114.50402515180961,0.8663944015273233
52-Week High/Low,i035,SOLUSDT,False,baseline,927,-0.08304227984103009,-76.98019341263489,0.8413694253108527
52-Week High/Low,i035,SOLUSDT,False,tp0.80,1012,-0.0757059646973348,-76.61443627370281,0.8257071363663694
52-Week High/Low,i035,SOLUSDT,False,tp1.80,838,-0.06324086751672377,-52.995846979014516,0.8918750041650425
52-Week High/Low,i035,SOLUSDT,False,sl0.50,993,-0.13410087080973176,-133.16216471406364,0.6916021133122254
52-Week High/Low,i035,SOLUSDT,False,sl1.20,889,-0.09526889038807126,-84.69404355499535,0.8470700499842454
52-Week High/Low,i035,SOLUSDT,False,fee0.02,927,-0.02305077613757094,-21.368069479528263,0.9527910535030996
52-Week High/Low,i035,SOLUSDT,False,fee0.07,927,-0.1230366156433362,-114.05494270137267,0.775071096031341
52-Week High/Low,i035,SOLUSDT,False,slip3,927,-0.08537658010757815,-79.14408975972495,0.8373352782301952
52-Week High/Low,i035,SOLUSDT,False,no_funding,927,-0.08249027768353279,-76.46848741263489,0.8423235557069576
52-Week High/Low,i035,SOLUSDT,True,baseline,648,-0.07612542899313951,-49.329277987554406,0.8543479653198323
52-Week High/Low,i035,SOLUSDT,True,tp0.80,712,-0.0935120400694399,-66.58057252944121,0.7899053980359212
52-Week High/Low,i035,SOLUSDT,True,tp1.80,588,-0.08322582529740194,-48.93678527487234,0.8598912370616608
52-Week High/Low,i035,SOLUSDT,True,sl0.50,694,-0.13075317233912806,-90.74270160335487,0.6988443737328306
52-Week High/Low,i035,SOLUSDT,True,sl1.20,624,-0.09676888945955495,-60.38378702276228,0.8451336596662192
52-Week High/Low,i035,SOLUSDT,True,fee0.02,648,-0.016133966766654243,-10.454810464791949,0.9669220109296668
52-Week High/Low,i035,SOLUSDT,True,fee0.07,648,-0.11611973714412971,-75.24558966939605,0.7872943823096055
52-Week High/Low,i035,SOLUSDT,True,slip3,648,-0.07846939113381282,-50.8481654547107,0.8502501734001134
52-Week High/Low,i035,SOLUSDT,True,no_funding,648,-0.07543416356104074,-48.8813379875544,0.855547675671077
Majority Rule,i036,SOLUSDT,False,baseline,3084,-0.1412377586272805,-435.57724760653304,0.7076538621775297
Majority Rule,i036,SOLUSDT,False,tp0.80,3364,-0.12935449457760606,-435.14851975906674,0.6951427974874685
Majority Rule,i036,SOLUSDT,False,tp1.80,2842,-0.15603099075102211,-443.4400757144049,0.7011296510924631
Majority Rule,i036,SOLUSDT,False,sl0.50,3618,-0.12434542299189122,-449.88174038466246,0.6899969944906842
Majority Rule,i036,SOLUSDT,False,sl1.20,2708,-0.1538766049228927,-416.6978461311935,0.7157084883881378
Majority Rule,i036,SOLUSDT,False,fee0.02,3084,-0.08124293185034254,-250.55320182645636,0.8170830853936661
Majority Rule,i036,SOLUSDT,False,fee0.07,3084,-0.1812343098119058,-558.9266114599175,0.6442023515160598
Majority Rule,i036,SOLUSDT,False,slip3,3084,-0.1435898718402227,-442.83116475524673,0.7037266855871954
Majority Rule,i036,SOLUSDT,False,no_funding,3084,-0.14129050570899254,-435.739919606533,0.7076363276738447
Majority Rule,i036,SOLUSDT,True,baseline,1360,-0.1252906892847248,-170.39533742722574,0.7676587543762463
Majority Rule,i036,SOLUSDT,True,tp0.80,1489,-0.12824393956750776,-190.95522601601905,0.722245725810522
Majority Rule,i036,SOLUSDT,True,tp1.80,1249,-0.13610621947177962,-169.99666812025274,0.7749322888700044
Majority Rule,i036,SOLUSDT,True,sl0.50,1566,-0.11361051990821908,-177.91407417627107,0.7331149360857293
Majority Rule,i036,SOLUSDT,True,sl1.20,1213,-0.10122756626972118,-122.7890378851718,0.8359064448480192
Majority Rule,i036,SOLUSDT,True,fee0.02,1360,-0.06528853864119052,-88.79241255201912,0.8701582328235066
Majority Rule,i036,SOLUSDT,True,fee0.07,1360,-0.16529212304708102,-224.79728734403022,0.7067049226054614
Majority Rule,i036,SOLUSDT,True,slip3,1360,-0.12765068950961125,-173.6049377330713,0.7639090934622812
Majority Rule,i036,SOLUSDT,True,no_funding,1360,-0.12432093340237188,-169.07646942722576,0.7693020003410295
MACD,i038,SOLUSDT,False,baseline,2601,-0.08825186383201927,-229.54309782708214,0.8087868277124515
MACD,i038,SOLUSDT,False,tp0.80,2734,-0.09709471881968844,-265.4569612530282,0.761998892280107
MACD,i038,SOLUSDT,False,tp1.80,2440,-0.0878518750126899,-214.35857503096335,0.8217977012559167
MACD,i038,SOLUSDT,False,sl0.50,2887,-0.08311365309270588,-239.9491164786419,0.7846821674449684
MACD,i038,SOLUSDT,False,sl1.20,2368,-0.101773338751036,-240.99926616245324,0.8021376319076504
MACD,i038,SOLUSDT,False,fee0.02,2601,-0.028252570371760915,-73.48493553695013,0.9333117019571838
MACD,i038,SOLUSDT,False,fee0.07,2601,-0.12825139280552492,-333.58187268717023,0.7366773156392505
MACD,i038,SOLUSDT,False,slip3,2601,-0.09060252039508453,-235.65715554761485,0.8043273615132248
MACD,i038,SOLUSDT,False,no_funding,2601,-0.08817739132144643,-229.34939482708216,0.8089246387408544
MACD,i038,SOLUSDT,True,baseline,1055,-0.08814707507678196,-92.99516420600497,0.8322028680034957
MACD,i038,SOLUSDT,True,tp0.80,1097,-0.07929047275216707,-86.98164860912728,0.8179265826154296
MACD,i038,SOLUSDT,True,tp1.80,1012,-0.07628280867296185,-77.19820237703739,0.8697283081910174
MACD,i038,SOLUSDT,True,sl0.50,1159,-0.103254073918572,-119.67147167162496,0.7553467449626458
MACD,i038,SOLUSDT,True,sl1.20,953,-0.08437714432181233,-80.41141853868716,0.8619035797570014
MACD,i038,SOLUSDT,True,fee0.02,1055,-0.028155215035860163,-29.703751862832473,0.9425311285941481
MACD,i038,SOLUSDT,True,fee0.07,1055,-0.12814164843739656,-135.18943910145336,0.766564992870892
MACD,i038,SOLUSDT,True,slip3,1055,-0.09050569195378264,-95.4835050112407,0.82816496499589
MACD,i038,SOLUSDT,True,no_funding,1055,-0.08737743337062086,-92.18319220600499,0.8335267156592093
RSI,i039,SOLUSDT,False,baseline,3069,-0.09913116134767519,-304.23353417601516,0.7281107760665726
RSI,i039,SOLUSDT,False,tp0.80,3198,-0.09546219223941774,-305.28809078165796,0.7078717599240101
RSI,i039,SOLUSDT,False,tp1.80,2952,-0.09181470172853597,-271.0369995026382,0.7603479264960167
RSI,i039,SOLUSDT,False,sl0.50,3488,-0.08728372741420927,-304.44564122076196,0.7420566817050451
RSI,i039,SOLUSDT,False,sl1.20,2887,-0.09473581474514056,-273.5022971692208,0.739203226636272
RSI,i039,SOLUSDT,False,fee0.02,3069,-0.03913940567479394,-120.1188360159426,0.8778499541777163
RSI,i039,SOLUSDT,False,fee0.07,3069,-0.13912566512959607,-426.9766662827303,0.6472061170419542
RSI,i039,SOLUSDT,False,slip3,3069,-0.10147671242781423,-311.43203044096185,0.72299916365591
RSI,i039,SOLUSDT,False,no_funding,3069,-0.0992355917810411,-304.5540311760152,0.72783895695252
RSI,i039,SOLUSDT,True,baseline,1226,-0.051978546752087684,-63.7256983180595,0.8973295048914457
RSI,i039,SOLUSDT,True,tp0.80,1332,-0.07254017222939564,-96.623509409555,0.831088836020577
RSI,i039,SOLUSDT,True,tp1.80,1136,-0.04870580384676988,-55.32979316993058,0.9149199704044799
RSI,i039,SOLUSDT,True,sl0.50,1469,-0.060498855701252865,-88.87281902514046,0.8508448407196437
RSI,i039,SOLUSDT,True,sl1.20,1040,-0.032739828782717105,-34.049421934025794,0.943367760070099
RSI,i039,SOLUSDT,True,fee0.02,1226,0.008020248373284798,9.832824505647162,1.017002418488728
RSI,i039,SOLUSDT,True,fee0.07,1226,-0.09197774350233603,-112.76471353386397,0.826245405048669
RSI,i039,SOLUSDT,True,slip3,1226,-0.05432617791124348,-66.6038941191845,0.89297912507364
RSI,i039,SOLUSDT,True,no_funding,1226,-0.05112675637688376,-62.681403318059495,0.8989201997535278
Stochastic,i040,SOLUSDT,False,baseline,9950,-0.09989667571178414,-993.9719233322521,0.6634254131876238
Stochastic,i040,SOLUSDT,False,tp0.80,10576,-0.10470510379857548,-1107.3611777737342,0.6400280982852009
Stochastic,i040,SOLUSDT,False,tp1.80,9507,-0.10143711526401433,-964.3626548149844,0.6572717686915915
Stochastic,i040,SOLUSDT,False,sl0.50,10906,-0.09631950305665037,-1050.460500335829,0.6564234469055722
Stochastic,i040,SOLUSDT,False,sl1.20,9525,-0.10390799306587105,-989.7236339524218,0.6551127111471056
Stochastic,i040,SOLUSDT,False,fee0.02,9950,-0.03989685364301589,-396.97369374800815,0.844541563031577
Stochastic,i040,SOLUSDT,False,fee0.07,9950,-0.13989655709096296,-1391.9707430550816,0.5691079944134582
Stochastic,i040,SOLUSDT,False,slip3,9950,-0.10226090783140696,-1017.4960329224991,0.6573368748642834
Stochastic,i040,SOLUSDT,False,no_funding,9950,-0.09988593169168362,-993.865020332252,0.6634562695913256
Stochastic,i040,SOLUSDT,True,baseline,3564,-0.10671979192566382,-380.3493384230659,0.7979377977221869
Stochastic,i040,SOLUSDT,True,tp0.80,4175,-0.11616678476641285,-484.99632639977364,0.7431951368585331
Stochastic,i040,SOLUSDT,True,tp1.80,3003,-0.10997292293180613,-330.2486875642138,0.8144042453732343
Stochastic,i040,SOLUSDT,True,sl0.50,4481,-0.09919857919015473,-444.50883335108335,0.762656037318364
Stochastic,i040,SOLUSDT,True,sl1.20,2856,-0.11112707950997949,-317.3789390805014,0.8209255321026181
Stochastic,i040,SOLUSDT,True,fee0.02,3564,-0.046722983472984855,-166.52071309771804,0.9050243601229947
Stochastic,i040,SOLUSDT,True,fee0.07,3564,-0.14671766422744986,-522.9017553066312,0.7343953015911462
Stochastic,i040,SOLUSDT,True,slip3,3564,-0.10909352566890829,-388.8093254839891,0.7940055603389647
Stochastic,i040,SOLUSDT,True,no_funding,3564,-0.1059232756518142,-377.5105544230658,0.799292317019626
Stochastic RSI,i041,SOLUSDT,False,baseline,6453,-0.11954715357775539,-771.4377820372555,0.6669874638877076
Stochastic RSI,i041,SOLUSDT,False,tp0.80,6967,-0.11237654101931796,-782.9273612815883,0.6692037675109851
Stochastic RSI,i041,SOLUSDT,False,tp1.80,6102,-0.1145496997821168,-698.9822680704767,0.6819372543244618
Stochastic RSI,i041,SOLUSDT,False,sl0.50,7218,-0.1067621259323913,-770.6090249800003,0.6674600790182487
Stochastic RSI,i041,SOLUSDT,False,sl1.20,6041,-0.11448971432639266,-691.632364245738,0.691128731652044
Stochastic RSI,i041,SOLUSDT,False,fee0.02,6453,-0.059550704073913135,-384.2806933889615,0.813644384285918
Stochastic RSI,i041,SOLUSDT,False,fee0.07,6453,-0.15954478658031684,-1029.5425078027847,0.5867585706958937
Stochastic RSI,i041,SOLUSDT,False,slip3,6453,-0.1218992451063597,-786.6158286713392,0.6619199041147366
Stochastic RSI,i041,SOLUSDT,False,no_funding,6453,-0.11949127941070128,-771.0772260372554,0.6671143120661708
Stochastic RSI,i041,SOLUSDT,True,baseline,2701,-0.09386898344623702,-253.5401242882862,0.8210461216048317
Stochastic RSI,i041,SOLUSDT,True,tp0.80,3048,-0.10592439630873875,-322.8575599490357,0.7635855644597168
Stochastic RSI,i041,SOLUSDT,True,tp1.80,2385,-0.10592419061829374,-252.62919462463054,0.8210707401922726
Stochastic RSI,i041,SOLUSDT,True,sl0.50,3222,-0.10000607113878214,-322.21956120915604,0.761764153147802
Stochastic RSI,i041,SOLUSDT,True,sl1.20,2266,-0.09415574903317761,-213.3569273091805,0.8466334541052555
Stochastic RSI,i041,SOLUSDT,True,fee0.02,2701,-0.03387344600466473,-91.49217765859945,0.9306894061913725
Stochastic RSI,i041,SOLUSDT,True,fee0.07,2701,-0.13386600840728527,-361.57208870807744,0.7559293385403166
Stochastic RSI,i041,SOLUSDT,True,slip3,2701,-0.09622963452025142,-259.91624283919907,0.817040304468427
Stochastic RSI,i041,SOLUSDT,True,no_funding,2701,-0.09306368985127221,-251.36502628828623,0.8224385058310597
Connors RSI,i042,SOLUSDT,False,baseline,11713,-0.10285890748990063,-1204.7863834292061,0.6170609712023614
Connors RSI,i042,SOLUSDT,False,tp0.80,12305,-0.10552080916542979,-1298.4335567806133,0.5977125526556263
Connors RSI,i042,SOLUSDT,False,tp1.80,11351,-0.09886709665167534,-1122.240414093167,0.6328585245481966
Connors RSI,i042,SOLUSDT,False,sl0.50,12769,-0.09744584747114649,-1244.2860263590694,0.6272929462292002
Connors RSI,i042,SOLUSDT,False,sl1.20,11294,-0.10520276812237433,-1188.1600631740957,0.6059682212976042
Connors RSI,i042,SOLUSDT,False,fee0.02,11713,-0.04285898561092978,-502.00729846082055,0.8110275866684112
Connors RSI,i042,SOLUSDT,False,fee0.07,11713,-0.14285885540921453,-1673.3057734081299,0.5198524492456948
Connors RSI,i042,SOLUSDT,False,slip3,11713,-0.1052219131958331,-1232.464269262793,0.610710404964141
Connors RSI,i042,SOLUSDT,False,no_funding,11713,-0.10289019904629096,-1205.1529014292062,0.6169586002472708
Connors RSI,i042,SOLUSDT,True,baseline,3690,-0.09474988399961481,-349.62707195857865,0.8188135653388765
Connors RSI,i042,SOLUSDT,True,tp0.80,4449,-0.10258574345034122,-456.4039726105681,0.769334368089617
Connors RSI,i042,SOLUSDT,True,tp1.80,3061,-0.10170302005529618,-311.3129443892616,0.8272993151718389
Connors RSI,i042,SOLUSDT,True,sl0.50,4752,-0.0938494159141106,-445.97242442385357,0.774580018022116
Connors RSI,i042,SOLUSDT,True,sl1.20,2924,-0.09017414892067925,-263.66921144406615,0.8523381765480543
Connors RSI,i042,SOLUSDT,True,fee0.02,3690,-0.034752434415403946,-128.23648299284056,0.9286488516418157
Connors RSI,i042,SOLUSDT,True,fee0.07,3690,-0.13474818372242206,-497.2207979357375,0.7536292198599223
Connors RSI,i042,SOLUSDT,True,slip3,3690,-0.09712233158145114,-358.38140353555474,0.8147817702154388
Connors RSI,i042,SOLUSDT,True,no_funding,3690,-0.0939699699074739,-346.74918895857866,0.8201605556063943
Awesome Oscillator,i043,SOLUSDT,False,baseline,1569,-0.09043291160005014,-141.88923830047867,0.8142089969344499
Awesome Oscillator,i043,SOLUSDT,False,tp0.80,1607,-0.08369445015324639,-134.49698139626696,0.7960384982037488
Awesome Oscillator,i043,SOLUSDT,False,tp1.80,1531,-0.06774270700273304,-103.71408442118428,0.8732325662743687
Awesome Oscillator,i043,SOLUSDT,False,sl0.50,1690,-0.10153720447465299,-171.59787556216355,0.7496503246702073
Awesome Oscillator,i043,SOLUSDT,False,sl1.20,1419,-0.07301861852817278,-103.61341969147718,0.8630385438145156
Awesome Oscillator,i043,SOLUSDT,False,fee0.02,1569,-0.030440476332613747,-47.76110736587097,0.9323647201340103
Awesome Oscillator,i043,SOLUSDT,False,fee0.07,1569,-0.13042786844500778,-204.6413255902172,0.7449613932650588
Awesome Oscillator,i043,SOLUSDT,False,slip3,1569,-0.09278359412469936,-145.5774591816533,0.8099421032234546
Awesome Oscillator,i043,SOLUSDT,False,no_funding,1569,-0.09048161841968047,-141.96565930047868,0.8141040832711558
Awesome Oscillator,i043,SOLUSDT,True,baseline,639,-0.1032497025516366,-65.97655993049578,0.8048454727132028
Awesome Oscillator,i043,SOLUSDT,True,tp0.80,645,-0.07239825403223701,-46.696873850792876,0.8318252017716972
Awesome Oscillator,i043,SOLUSDT,True,tp1.80,624,-0.07350499664453265,-45.867117906188376,0.8728490342933056
Awesome Oscillator,i043,SOLUSDT,True,sl0.50,666,-0.11482457807781954,-76.4731689998278,0.7302127998803126
Awesome Oscillator,i043,SOLUSDT,True,sl1.20,595,-0.0943978455346837,-56.1667180931368,0.8462986296299126
Awesome Oscillator,i043,SOLUSDT,True,fee0.02,639,-0.04325884026241108,-27.642398927680677,0.912314476098116
Awesome Oscillator,i043,SOLUSDT,True,fee0.07,639,-0.1432436107444536,-91.53266726570585,0.7409728754739127
Awesome Oscillator,i043,SOLUSDT,True,slip3,639,-0.10561786512809554,-67.48981581685305,0.8009038020942827
Awesome Oscillator,i043,SOLUSDT,True,no_funding,639,-0.10249241147182438,-65.49265093049577,0.806144237084213
Accelerator Oscillator,i044,SOLUSDT,False,baseline,3682,-0.09582113840390089,-352.81343160316305,0.773082952698742
Accelerator Oscillator,i044,SOLUSDT,False,tp0.80,3921,-0.104097443089368,-408.1660743534119,0.7290521970466037
Accelerator Oscillator,i044,SOLUSDT,False,tp1.80,3408,-0.10153733576164649,-346.0392402756912,0.768589308474889
Accelerator Oscillator,i044,SOLUSDT,False,sl0.50,4119,-0.09723488634191028,-400.5104968423285,0.7351683184453087
Accelerator Oscillator,i044,SOLUSDT,False,sl1.20,3357,-0.10588851344813972,-355.46773964540506,0.7701925984440674
Accelerator Oscillator,i044,SOLUSDT,False,fee0.02,3682,-0.03582942535985454,-131.9239441749844,0.9069600069391235
Accelerator Oscillator,i044,SOLUSDT,False,fee0.07,3682,-0.13581561376659845,-500.0730898886156,0.6966264117448121
Accelerator Oscillator,i044,SOLUSDT,False,slip3,3682,-0.09816761090780005,-361.45314336251977,0.7683371714531159
Accelerator Oscillator,i044,SOLUSDT,False,no_funding,3682,-0.09581707295034304,-352.7984626031631,0.7730904916029447
Accelerator Oscillator,i044,SOLUSDT,True,baseline,1578,-0.06273997374406849,-99.00367856814006,0.8771074343760691
Accelerator Oscillator,i044,SOLUSDT,True,tp0.80,1699,-0.07800119405666602,-132.5240287022756,0.8200210985965188
Accelerator Oscillator,i044,SOLUSDT,True,tp1.80,1457,-0.07264036718888221,-105.8370149942014,0.8749513538024116
Accelerator Oscillator,i044,SOLUSDT,True,sl0.50,1738,-0.08099658874500636,-140.77207123882104,0.8037660467227848
Accelerator Oscillator,i044,SOLUSDT,True,sl1.20,1424,-0.048836826048129243,-69.54364029253604,0.9173116716666845
Accelerator Oscillator,i044,SOLUSDT,True,fee0.02,1578,-0.002754463107676205,-4.346542783913051,0.9942119429136544
Accelerator Oscillator,i044,SOLUSDT,True,fee0.07,1578,-0.10273031416833003,-162.1084357576248,0.8074944665269606
Accelerator Oscillator,i044,SOLUSDT,True,slip3,1578,-0.06510071830634907,-102.72893348741886,0.8728229096325805
Accelerator Oscillator,i044,SOLUSDT,True,no_funding,1578,-0.061962226595779504,-97.77639356814007,0.8785401956841343
Momentum,i045,SOLUSDT,False,baseline,4115,-0.09383356006393816,-386.1250996631055,0.7420495872005466
Momentum,i045,SOLUSDT,False,tp0.80,4319,-0.09407440165023477,-406.30734072736396,0.7151065378198094
Momentum,i045,SOLUSDT,False,tp1.80,3920,-0.09571478354934408,-375.2019515134288,0.748697818970968
Momentum,i045,SOLUSDT,False,sl0.50,4637,-0.08835475531032405,-409.7010003739726,0.7316595681257011
Momentum,i045,SOLUSDT,False,sl1.20,3813,-0.09829375453712084,-374.7940860500418,0.7373090403264044
Momentum,i045,SOLUSDT,False,fee0.02,4115,-0.033836541421393494,-139.23736794903422,0.8954028941125765
Momentum,i045,SOLUSDT,False,fee0.07,4115,-0.13383157249230127,-550.7169208058197,0.6580911996719669
Momentum,i045,SOLUSDT,False,slip3,4115,-0.09618933557620263,-395.8191158960738,0.7367389686258893
Momentum,i045,SOLUSDT,False,no_funding,4115,-0.09392063904328202,-386.4834296631055,0.7418353455388305
Momentum,i045,SOLUSDT,True,baseline,1592,-0.06825800883367109,-108.66675006320436,0.8670344678643166
Momentum,i045,SOLUSDT,True,tp0.80,1755,-0.08215443436450284,-144.1810323097025,0.8113470647316376
Momentum,i045,SOLUSDT,True,tp1.80,1463,-0.049791104401790125,-72.84438573981896,0.9135755390136698
Momentum,i045,SOLUSDT,True,sl0.50,1874,-0.07857113554201342,-147.24230800573315,0.8094721652008108
Momentum,i045,SOLUSDT,True,sl1.20,1379,-0.05208057728980541,-71.81911608264167,0.9119092760797138
Momentum,i045,SOLUSDT,True,fee0.02,1592,-0.008261795719884819,-13.152778786056633,0.9827318349002238
Momentum,i045,SOLUSDT,True,fee0.07,1592,-0.10825548424286197,-172.34273091463623,0.7982825168761698
Momentum,i045,SOLUSDT,True,slip3,1592,-0.07062349848735223,-112.43260959186475,0.8627949734759519
Momentum,i045,SOLUSDT,True,no_funding,1592,-0.06750790393417361,-107.47258306320437,0.8683988768638435
Chande Momentum Oscillator,i046,SOLUSDT,False,baseline,4272,-0.09370827684015923,-400.32175866116023,0.7394430750070383
Chande Momentum Oscillator,i046,SOLUSDT,False,tp0.80,4483,-0.10244496203169971,-459.26076478810984,0.6905008513539695
Chande Momentum Oscillator,i046,SOLUSDT,False,tp1.80,4062,-0.09330742491882843,-379.01476002028113,0.7503617543294654
Chande Momentum Oscillator,i046,SOLUSDT,False,sl0.50,4828,-0.09961920517122327,-480.96152256666596,0.7001363344919367
Chande Momentum Oscillator,i046,SOLUSDT,False,sl1.20,3987,-0.09186671622187362,-366.2725975766101,0.7509105070728925
Chande Momentum Oscillator,i046,SOLUSDT,False,fee0.02,4272,-0.03370666600738585,-143.99487718355238,0.8943316064169915
Chande Momentum Oscillator,i046,SOLUSDT,False,fee0.07,4272,-0.13370935072867482,-571.2063463128989,0.6549825592007816
Chande Momentum Oscillator,i046,SOLUSDT,False,slip3,4272,-0.09606120260047979,-410.37345750924965,0.7340991449839703
Chande Momentum Oscillator,i046,SOLUSDT,False,no_funding,4272,-0.09380662000495323,-400.74188066116017,0.7391875418970483
Chande Momentum Oscillator,i046,SOLUSDT,True,baseline,1659,-0.03690773910237578,-61.22993917084143,0.9261399752084123
Chande Momentum Oscillator,i046,SOLUSDT,True,tp0.80,1852,-0.06962226296119357,-128.94043100413052,0.837583155145078
Chande Momentum Oscillator,i046,SOLUSDT,True,tp1.80,1499,-0.026791466510164563,-40.160408298736684,0.9526538672580975
Chande Momentum Oscillator,i046,SOLUSDT,True,sl0.50,1958,-0.051846578695114484,-101.51560108503416,0.8713363317133103
Chande Momentum Oscillator,i046,SOLUSDT,True,sl1.20,1440,-0.023029894068946476,-33.16304745928292,0.9601321536384725
Chande Momentum Oscillator,i046,SOLUSDT,True,fee0.02,1659,0.02308766979790338,38.30244419472171,1.049569604161877
Chande Momentum Oscillator,i046,SOLUSDT,True,fee0.07,1659,-0.07690467836922858,-127.58486141455023,0.8527742211661142
Chande Momentum Oscillator,i046,SOLUSDT,True,slip3,1659,-0.03926459878503297,-65.1399693843697,0.9216333838260087
Chande Momentum Oscillator,i046,SOLUSDT,True,no_funding,1659,-0.036111068216299835,-59.90826217084142,0.9276784881005999
Price Oscillator,i047,SOLUSDT,False,baseline,1502,-0.07647144812561965,-114.86011508468073,0.8433778927224967
Price Oscillator,i047,SOLUSDT,False,tp0.80,1551,-0.08425360489943251,-130.67734119901982,0.7985317831104399
Price Oscillator,i047,SOLUSDT,False,tp1.80,1462,-0.059801298905697096,-87.42949900012916,0.8885089285642667
Price Oscillator,i047,SOLUSDT,False,sl0.50,1653,-0.08703614696778922,-143.87075093775556,0.785910168221812
Price Oscillator,i047,SOLUSDT,False,sl1.20,1365,-0.09719014261126346,-132.66454466437463,0.8251235331585399
Price Oscillator,i047,SOLUSDT,False,fee0.02,1502,-0.01647985392697163,-24.752740598311387,0.9634881390800812
Price Oscillator,i047,SOLUSDT,False,fee0.07,1502,-0.11646584425805168,-174.93169807559363,0.7729564283008015
Price Oscillator,i047,SOLUSDT,False,slip3,1502,-0.07881450707369861,-118.37938962469532,0.8390563459085338
Price Oscillator,i047,SOLUSDT,False,no_funding,1502,-0.07661557861829607,-115.07659908468071,0.8430974436416192
Price Oscillator,i047,SOLUSDT,True,baseline,609,-0.05379698055656046,-32.76236115894532,0.8937687591413592
Price Oscillator,i047,SOLUSDT,True,tp0.80,615,-0.07256107905234264,-44.62506361719073,0.832362579858888
Price Oscillator,i047,SOLUSDT,True,tp1.80,601,-0.04586397618334023,-27.56424968618748,0.9198614446466656
Price Oscillator,i047,SOLUSDT,True,sl0.50,635,-0.06357879731623522,-40.37253629580937,0.843930274309971
Price Oscillator,i047,SOLUSDT,True,sl1.20,556,-0.049834757671194524,-27.708125265184158,0.9152181386356057
Price Oscillator,i047,SOLUSDT,True,fee0.02,609,0.006192226528122098,3.771065955626357,1.0131210953408099
Price Oscillator,i047,SOLUSDT,True,fee0.07,609,-0.0937897852796822,-57.11797923532645,0.8228480962748721
Price Oscillator,i047,SOLUSDT,True,slip3,609,-0.056147290148230874,-34.1936997002726,0.8894244667304128
Price Oscillator,i047,SOLUSDT,True,no_funding,609,-0.05311556676345701,-32.34738015894531,0.8950610245602882
Detrended Price Oscillator,i048,SOLUSDT,False,baseline,2133,-0.08121415154947338,-173.2297852550267,0.8047877816420915
Detrended Price Oscillator,i048,SOLUSDT,False,tp0.80,2220,-0.06942245836344843,-154.11785756685552,0.8042896288998139
Detrended Price Oscillator,i048,SOLUSDT,False,tp1.80,2074,-0.05082991434686327,-105.42124235539443,0.8867267377184709
Detrended Price Oscillator,i048,SOLUSDT,False,sl0.50,2428,-0.09295891339821974,-225.70424173087753,0.7505464141340137
Detrended Price Oscillator,i048,SOLUSDT,False,sl1.20,1968,-0.08801752475314718,-173.21848871419365,0.8003944113521383
Detrended Price Oscillator,i048,SOLUSDT,False,fee0.02,2133,-0.021217019369088888,-45.25590231426659,0.9434175239453712
Detrended Price Oscillator,i048,SOLUSDT,False,fee0.07,2133,-0.12121223966972972,-258.54570721553347,0.7267169011354849
Detrended Price Oscillator,i048,SOLUSDT,False,slip3,2133,-0.08355515054075201,-178.22313610342405,0.7999357569995605
Detrended Price Oscillator,i048,SOLUSDT,False,no_funding,2133,-0.08128406059776218,-173.37890125502673,0.8046136641835844
Detrended Price Oscillator,i048,SOLUSDT,True,baseline,858,-0.07277251214129761,-62.43881541723335,0.8584085892242912
Detrended Price Oscillator,i048,SOLUSDT,True,tp0.80,913,-0.06402290852088965,-58.452915479572255,0.8492392953281097
Detrended Price Oscillator,i048,SOLUSDT,True,tp1.80,829,-0.04282068415122983,-35.49834716136953,0.9252164781023364
Detrended Price Oscillator,i048,SOLUSDT,True,sl0.50,992,-0.08219844820811732,-81.54086062245239,0.8012612898286379
Detrended Price Oscillator,i048,SOLUSDT,True,sl1.20,724,-0.0301700956889611,-21.84314927880784,0.947468158847283
Detrended Price Oscillator,i048,SOLUSDT,True,fee0.02,858,-0.012775709332833757,-10.961558607571362,0.9733089610499305
Detrended Price Oscillator,i048,SOLUSDT,True,fee0.07,858,-0.11277038068027356,-96.7569866236747,0.790197277926377
Detrended Price Oscillator,i048,SOLUSDT,True,slip3,858,-0.07510478158473637,-64.4399025997038,0.8542622923158948
Detrended Price Oscillator,i048,SOLUSDT,True,no_funding,858,-0.07208419745598292,-61.84824141723335,0.8596555173378935
TRIX,i049,SOLUSDT,False,baseline,813,-0.04947078666349898,-40.21974955742468,0.900497106261024
TRIX,i049,SOLUSDT,False,tp0.80,814,-0.05592249729729873,-45.52091280000117,0.8654186062240293
TRIX,i049,SOLUSDT,False,tp1.80,813,-0.06348631251067297,-51.614372071177115,0.8878239032926212
TRIX,i049,SOLUSDT,False,sl0.50,828,-0.05539395511057344,-45.86619483155481,0.8620395527536299
TRIX,i049,SOLUSDT,False,sl1.20,776,-0.02509859511974758,-19.47650981292412,0.9552672582640473
TRIX,i049,SOLUSDT,False,fee0.02,813,0.010518736443174135,8.551732728300571,1.0227321057149883
TRIX,i049,SOLUSDT,False,fee0.07,813,-0.08946380206794778,-72.73407108124155,0.828018798426312
TRIX,i049,SOLUSDT,False,slip3,813,-0.051840547623941975,-42.146365218264826,0.8960131998137844
TRIX,i049,SOLUSDT,False,no_funding,813,-0.049841469320325564,-40.52111455742468,0.8997887649969951
TRIX,i049,SOLUSDT,True,baseline,309,-0.056551563083506964,-17.474432992803653,0.8900551553885313
TRIX,i049,SOLUSDT,True,tp0.80,309,-0.07479447641025606,-23.111493210769122,0.8271554758618203
TRIX,i049,SOLUSDT,True,tp1.80,309,-0.07009805712960288,-21.66029965304729,0.8817447815763044
TRIX,i049,SOLUSDT,True,sl0.50,310,-0.04900121980276666,-15.190378138857664,0.8791766807590484
TRIX,i049,SOLUSDT,True,sl1.20,302,-0.007388275395649501,-2.231259169486149,0.987229267526058
TRIX,i049,SOLUSDT,True,fee0.02,309,0.0034354960531744146,1.061568280430894,1.0071631978899784
TRIX,i049,SOLUSDT,True,fee0.07,309,-0.09654293584129459,-29.831767174960028,0.8203972403020506
TRIX,i049,SOLUSDT,True,slip3,309,-0.058937339661921544,-18.211637955533757,0.8857221603801819
TRIX,i049,SOLUSDT,True,no_funding,309,-0.05608681227444547,-17.33082499280365,0.8908920238247814
Fisher Transform,i050,SOLUSDT,False,baseline,5445,-0.10098563571417722,-549.866786463695,0.733610335975527
Fisher Transform,i050,SOLUSDT,False,tp0.80,5858,-0.09525140391955104,-557.9827241607301,0.7275625938738538
Fisher Transform,i050,SOLUSDT,False,tp1.80,5094,-0.09663703413228691,-492.2690518698696,0.7482278245650206
Fisher Transform,i050,SOLUSDT,False,sl0.50,6166,-0.09393480645290883,-579.2020165886358,0.7219663078285532
Fisher Transform,i050,SOLUSDT,False,sl1.20,5015,-0.105107637566996,-527.1148023984849,0.7340979466409988
Fisher Transform,i050,SOLUSDT,False,fee0.02,5445,-0.040988857567417894,-223.18432945459045,0.8795138244752378
Fisher Transform,i050,SOLUSDT,False,fee0.07,5445,-0.1409834878120168,-767.6550911364315,0.6524735320036039
Fisher Transform,i050,SOLUSDT,False,slip3,5445,-0.1033362840442056,-562.6660666206994,0.7285187767930995
Fisher Transform,i050,SOLUSDT,False,no_funding,5445,-0.100951147743562,-549.678999463695,0.733678320473633
Fisher Transform,i050,SOLUSDT,True,baseline,2264,-0.09162200458767687,-207.43221838650047,0.8251062767386936
Fisher Transform,i050,SOLUSDT,True,tp0.80,2493,-0.10395758421092782,-259.16625743784306,0.7675758071333714
Fisher Transform,i050,SOLUSDT,True,tp1.80,2041,-0.09892878164675792,-201.91364334103295,0.8326738082691039
Fisher Transform,i050,SOLUSDT,True,sl0.50,2668,-0.09593766343396677,-255.96168604182336,0.7709505219564697
Fisher Transform,i050,SOLUSDT,True,sl1.20,1931,-0.08482699400776518,-163.80092542899456,0.8606378571036697
Fisher Transform,i050,SOLUSDT,True,fee0.02,2264,-0.031623505279283794,-71.5956159522985,0.9352409655318682
Fisher Transform,i050,SOLUSDT,True,fee0.07,2264,-0.13162100412660563,-297.98995334263515,0.75966474430201
Fisher Transform,i050,SOLUSDT,True,slip3,2264,-0.0939845518764027,-212.7810254481757,0.8210747950866297
Fisher Transform,i050,SOLUSDT,True,no_funding,2264,-0.09070930759121046,-205.36587238650048,0.8266717315631108
Ultimate Oscillator,i051,SOLUSDT,False,baseline,4504,-0.1042503541181207,-469.54359494801565,0.7095770265563973
Ultimate Oscillator,i051,SOLUSDT,False,tp0.80,4784,-0.09818617493720697,-469.7226608995981,0.702721682787063
Ultimate Oscillator,i051,SOLUSDT,False,tp1.80,4281,-0.11254967671262427,-481.8251660067445,0.697390468022728
Ultimate Oscillator,i051,SOLUSDT,False,sl0.50,5012,-0.099438227824371,-498.38439785574747,0.6924821287463793
Ultimate Oscillator,i051,SOLUSDT,False,sl1.20,4212,-0.11655945200467752,-490.94841184370176,0.6916700313296585
Ultimate Oscillator,i051,SOLUSDT,False,fee0.02,4504,-0.044255254602827275,-199.32566673113405,0.8610572613407418
Ultimate Oscillator,i051,SOLUSDT,False,fee0.07,4504,-0.14424708712831635,-649.6888804259368,0.6270021494892067
Ultimate Oscillator,i051,SOLUSDT,False,slip3,4504,-0.10661635164289167,-480.20004779958407,0.7043254388755655
Ultimate Oscillator,i051,SOLUSDT,False,no_funding,4504,-0.10431074576998571,-469.81559894801563,0.7094274655785211
Ultimate Oscillator,i051,SOLUSDT,True,baseline,1807,-0.06443389808213544,-116.43205383441875,0.8737707323336552
Ultimate Oscillator,i051,SOLUSDT,True,tp0.80,2008,-0.07656364167966252,-153.73979249276232,0.8228454033857466
Ultimate Oscillator,i051,SOLUSDT,True,tp1.80,1635,-0.07188449100135723,-117.53114278721905,0.8759282430039054
Ultimate Oscillator,i051,SOLUSDT,True,sl0.50,2141,-0.08165774819554925,-174.82923888667094,0.802085277702033
Ultimate Oscillator,i051,SOLUSDT,True,sl1.20,1539,-0.04023201587220674,-61.91707242732617,0.9309533276525508
Ultimate Oscillator,i051,SOLUSDT,True,fee0.02,1807,-0.00443806041418174,-8.019575168426405,0.9906689618746822
Ultimate Oscillator,i051,SOLUSDT,True,fee0.07,1807,-0.10443112319410462,-188.70703961174704,0.8043338537760116
Ultimate Oscillator,i051,SOLUSDT,True,slip3,1807,-0.06681198132429172,-120.72925025299514,0.8694650051280808
Ultimate Oscillator,i051,SOLUSDT,True,no_funding,1807,-0.0635194647672489,-114.77967283441875,0.8754351343580702
Williams %R,i052,SOLUSDT,False,baseline,3961,-0.10306561450636025,-408.2428990596929,0.7362713508433175
Williams %R,i052,SOLUSDT,False,tp0.80,4161,-0.10712629664630115,-445.75252034525914,0.6981607893027115
Williams %R,i052,SOLUSDT,False,tp1.80,3763,-0.09517811389914406,-358.15524260247906,0.765015984551385
Williams %R,i052,SOLUSDT,False,sl0.50,4528,-0.08713495045525861,-394.547055661411,0.7502564495782138
Williams %R,i052,SOLUSDT,False,sl1.20,3669,-0.10840855524622912,-397.75098919841463,0.7299972013298963
Williams %R,i052,SOLUSDT,False,fee0.02,3961,-0.04306555648914841,-170.58266925351683,0.8764887199785278
Williams %R,i052,SOLUSDT,False,fee0.07,3961,-0.14306565318450146,-566.6830522638103,0.6587532894611038
Williams %R,i052,SOLUSDT,False,slip3,3961,-0.10541725420525547,-417.5577439070169,0.7313957977184782
Williams %R,i052,SOLUSDT,False,no_funding,3961,-0.10311730650333069,-408.4476510596929,0.7361481406783272
Williams %R,i052,SOLUSDT,True,baseline,1584,-0.08169582934736787,-129.40619368623072,0.8425936032140104
Williams %R,i052,SOLUSDT,True,tp0.80,1733,-0.07879093783376398,-136.54469526591296,0.8183771622775889
Williams %R,i052,SOLUSDT,True,tp1.80,1465,-0.06965250472796933,-102.04091942647506,0.8799707082947976
Williams %R,i052,SOLUSDT,True,sl0.50,1897,-0.08158129193585098,-154.7597108023093,0.8025158176633128
Williams %R,i052,SOLUSDT,True,sl1.20,1340,-0.06754931883074573,-90.51608723319927,0.8870396746981994
Williams %R,i052,SOLUSDT,True,fee0.02,1584,-0.021695543795879162,-34.365741372672595,0.955145871907723
Williams %R,i052,SOLUSDT,True,fee0.07,1584,-0.12169601971502705,-192.76649522860285,0.7757170071421878
Williams %R,i052,SOLUSDT,True,slip3,1584,-0.08404352459071023,-133.124942951685,0.838499656547068
Williams %R,i052,SOLUSDT,True,no_funding,1584,-0.0807049284635295,-127.83660668623074,0.8443163549533538
SMI Ergodic,i053,SOLUSDT,False,baseline,4356,-0.10903913144793342,-474.974456587198,0.7358324107602515
SMI Ergodic,i053,SOLUSDT,False,tp0.80,4665,-0.10050478032637356,-468.85480022253256,0.7309724821019229
SMI Ergodic,i053,SOLUSDT,False,tp1.80,4070,-0.1074318980200298,-437.2478249415213,0.7469222828620694
SMI Ergodic,i053,SOLUSDT,False,sl0.50,4953,-0.09138106464692658,-452.61041319622734,0.743657395568612
SMI Ergodic,i053,SOLUSDT,False,sl1.20,4018,-0.11578628093810159,-465.2292768092922,0.7367862555820925
SMI Ergodic,i053,SOLUSDT,False,fee0.02,4356,-0.04903636687773081,-213.60241411939543,0.8684009474757085
SMI Ergodic,i053,SOLUSDT,False,fee0.07,4356,-0.1490409744947352,-649.2224848990664,0.6611767731266818
SMI Ergodic,i053,SOLUSDT,False,slip3,4356,-0.11138241122894538,-485.1817833132861,0.731183869672484
SMI Ergodic,i053,SOLUSDT,False,no_funding,4356,-0.10897767621377366,-474.70675758719807,0.7359465969650413
SMI Ergodic,i053,SOLUSDT,True,baseline,1785,-0.08986116050501601,-160.4021715014536,0.8282465286001899
SMI Ergodic,i053,SOLUSDT,True,tp0.80,1946,-0.08968770527265613,-174.53227446058884,0.7960087818861203
SMI Ergodic,i053,SOLUSDT,True,tp1.80,1653,-0.087428901089322,-144.51997350064926,0.851022627366486
SMI Ergodic,i053,SOLUSDT,True,sl0.50,2084,-0.09888563325781365,-206.07765970928364,0.7643681222228623
SMI Ergodic,i053,SOLUSDT,True,sl1.20,1550,-0.09076508031798616,-140.68587449287855,0.8522278644321024
SMI Ergodic,i053,SOLUSDT,True,fee0.02,1785,-0.029863159302569123,-53.305739355085876,0.9387677372210521
SMI Ergodic,i053,SOLUSDT,True,fee0.07,1785,-0.129859827973314,-231.79979293236545,0.7625510769619003
SMI Ergodic,i053,SOLUSDT,True,slip3,1785,-0.09220636393102818,-164.5883596168853,0.8242299945224761
SMI Ergodic,i053,SOLUSDT,True,no_funding,1785,-0.08895606414647259,-158.78657450145357,0.829831282350118
Relative Vigor Index,i054,SOLUSDT,False,baseline,5054,-0.10298815229496468,-520.5021216987515,0.7289923464593212
Relative Vigor Index,i054,SOLUSDT,False,tp0.80,5421,-0.10133095732118066,-549.3151196381203,0.7121500110387098
Relative Vigor Index,i054,SOLUSDT,False,tp1.80,4739,-0.09776703798901795,-463.3179930299561,0.7464861939603029
Relative Vigor Index,i054,SOLUSDT,False,sl0.50,5636,-0.09227825769804646,-520.0802603861898,0.7236278855861
Relative Vigor Index,i054,SOLUSDT,False,sl1.20,4650,-0.09545529922309276,-443.86714138738137,0.7575914874631139
Relative Vigor Index,i054,SOLUSDT,False,fee0.02,5054,-0.04299075359633855,-217.275268675895,0.8747283140480684
Relative Vigor Index,i054,SOLUSDT,False,fee0.07,5054,-0.14298641809404877,-722.6533570473225,0.6473474002409046
Relative Vigor Index,i054,SOLUSDT,False,slip3,5054,-0.10533762290636256,-532.3763461687564,0.7238872654113133
Relative Vigor Index,i054,SOLUSDT,False,no_funding,5054,-0.10296081909354007,-520.3639796987515,0.7290416878520914
Relative Vigor Index,i054,SOLUSDT,True,baseline,2159,-0.08473833631188592,-182.9500680973617,0.837211160070815
Relative Vigor Index,i054,SOLUSDT,True,tp0.80,2385,-0.09091149510101051,-216.82391581591008,0.7937289434148683
Relative Vigor Index,i054,SOLUSDT,True,tp1.80,1928,-0.06444422324083074,-124.24846240832166,0.8882078388585855
Relative Vigor Index,i054,SOLUSDT,True,sl0.50,2466,-0.08065364288414088,-198.89188335229142,0.8043840311284168
Relative Vigor Index,i054,SOLUSDT,True,sl1.20,1864,-0.06479678719814944,-120.78121133735054,0.8917957106419132
Relative Vigor Index,i054,SOLUSDT,True,fee0.02,2159,-0.024744447740501573,-53.4232626717429,0.9489906017602309
Relative Vigor Index,i054,SOLUSDT,True,fee0.07,2159,-0.12473426202614217,-269.301271714441,0.7708194555799155
Relative Vigor Index,i054,SOLUSDT,True,slip3,2159,-0.08709927215940057,-188.04732859214585,0.8331248249489436
Relative Vigor Index,i054,SOLUSDT,True,no_funding,2159,-0.08387981801637875,-181.09652709736173,0.8386905164765699
True Strength Index,i055,SOLUSDT,False,baseline,2343,-0.09605702465675088,-225.0616087707673,0.799249220797346
True Strength Index,i055,SOLUSDT,False,tp0.80,2454,-0.10200323201074828,-250.31593135437626,0.756960627573755
True Strength Index,i055,SOLUSDT,False,tp1.80,2205,-0.09759230475498092,-215.19103198473292,0.8111313753599229
True Strength Index,i055,SOLUSDT,False,sl0.50,2584,-0.09903362185255012,-255.9028788669895,0.7521802933148323
True Strength Index,i055,SOLUSDT,False,sl1.20,2130,-0.1134107842427381,-241.56497043703214,0.7900381967603709
True Strength Index,i055,SOLUSDT,False,fee0.02,2343,-0.036065917169513406,-84.50244392816991,0.918171427397761
True Strength Index,i055,SOLUSDT,False,fee0.07,2343,-0.13605109631490922,-318.7677186658323,0.7299788464416762
True Strength Index,i055,SOLUSDT,False,slip3,2343,-0.09840017879926795,-230.55161892668482,0.7949845463082517
True Strength Index,i055,SOLUSDT,False,no_funding,2343,-0.09613146597130488,-225.23602477076733,0.7991195058940666
True Strength Index,i055,SOLUSDT,True,baseline,956,-0.12262988727414006,-117.2341722340779,0.7722773009115425
True Strength Index,i055,SOLUSDT,True,tp0.80,976,-0.11115575749387253,-108.4880193140196,0.7543308551918371
True Strength Index,i055,SOLUSDT,True,tp1.80,929,-0.11043113593646378,-102.59052528497486,0.81442443790854
True Strength Index,i055,SOLUSDT,True,sl0.50,1028,-0.1419168251737201,-145.89049627858427,0.6735583081368225
True Strength Index,i055,SOLUSDT,True,sl1.20,861,-0.09877617034834904,-85.04628266992853,0.8404221157664875
True Strength Index,i055,SOLUSDT,True,fee0.02,956,-0.06265491613223147,-59.898099822413286,0.8751919143860765
True Strength Index,i055,SOLUSDT,True,fee0.07,956,-0.16261320136874582,-155.458220508521,0.711090006118092
True Strength Index,i055,SOLUSDT,True,slip3,956,-0.12498600293561336,-119.48661880644637,0.7685166027990901
True Strength Index,i055,SOLUSDT,True,no_funding,956,-0.12184238309003964,-116.4813182340779,0.773523348499664
Coppock Curve,i056,SOLUSDT,False,baseline,1785,-0.09335995189687986,-166.64751413593055,0.809487617119198
Coppock Curve,i056,SOLUSDT,False,tp0.80,1865,-0.07687196205156446,-143.3662092261677,0.8141187339165523
Coppock Curve,i056,SOLUSDT,False,tp1.80,1713,-0.07061295127359578,-120.95998553166956,0.8669537215894032
Coppock Curve,i056,SOLUSDT,False,sl0.50,1931,-0.0987358605285033,-190.65894668053986,0.7566756495203287
Coppock Curve,i056,SOLUSDT,False,sl1.20,1612,-0.10810301383491418,-174.26205830188164,0.8055389355237415
Coppock Curve,i056,SOLUSDT,False,fee0.02,1785,-0.03337119033401337,-59.56757474621386,0.9263477294971154
Coppock Curve,i056,SOLUSDT,False,fee0.07,1785,-0.13335245960545755,-238.03414039574173,0.7409888874544757
Coppock Curve,i056,SOLUSDT,False,slip3,1785,-0.09571408691916858,-170.8496451507159,0.8052629957446803
Coppock Curve,i056,SOLUSDT,False,no_funding,1785,-0.09348314125262218,-166.8674071359306,0.8092857302481185
Coppock Curve,i056,SOLUSDT,True,baseline,734,-0.07489635576145774,-54.97392512890998,0.8551966506498314
Coppock Curve,i056,SOLUSDT,True,tp0.80,743,-0.05135198577582049,-38.15452543143463,0.8776351834311613
Coppock Curve,i056,SOLUSDT,True,tp1.80,718,-0.040453414669743865,-29.045551732876095,0.9295769923798236
Coppock Curve,i056,SOLUSDT,True,sl0.50,757,-0.10142558400308792,-76.77916709033755,0.7589498298497075
Coppock Curve,i056,SOLUSDT,True,sl1.20,687,-0.025648243128947538,-17.62034302958696,0.9555352203422447
Coppock Curve,i056,SOLUSDT,True,fee0.02,734,-0.014909955562004024,-10.943907382510954,0.9690762187849619
Coppock Curve,i056,SOLUSDT,True,fee0.07,734,-0.11488728922776023,-84.32727029317601,0.7875059732829971
Coppock Curve,i056,SOLUSDT,True,slip3,734,-0.07727095278181663,-56.716879341853414,0.851007471621369
Coppock Curve,i056,SOLUSDT,True,no_funding,734,-0.07415502878598089,-54.429791128909976,0.8565449471083169
Rate of Change,i057,SOLUSDT,False,baseline,4272,-0.09370827684015923,-400.32175866116023,0.7394430750070383
Rate of Change,i057,SOLUSDT,False,tp0.80,4483,-0.10244496203169971,-459.26076478810984,0.6905008513539695
Rate of Change,i057,SOLUSDT,False,tp1.80,4062,-0.09330742491882843,-379.01476002028113,0.7503617543294654
Rate of Change,i057,SOLUSDT,False,sl0.50,4828,-0.09961920517122327,-480.96152256666596,0.7001363344919367
Rate of Change,i057,SOLUSDT,False,sl1.20,3987,-0.09186671622187362,-366.2725975766101,0.7509105070728925
Rate of Change,i057,SOLUSDT,False,fee0.02,4272,-0.03370666600738585,-143.99487718355238,0.8943316064169915
Rate of Change,i057,SOLUSDT,False,fee0.07,4272,-0.13370935072867482,-571.2063463128989,0.6549825592007816
Rate of Change,i057,SOLUSDT,False,slip3,4272,-0.09606120260047979,-410.37345750924965,0.7340991449839703
Rate of Change,i057,SOLUSDT,False,no_funding,4272,-0.09380662000495323,-400.74188066116017,0.7391875418970483
Rate of Change,i057,SOLUSDT,True,baseline,1659,-0.03690773910237578,-61.22993917084143,0.9261399752084123
Rate of Change,i057,SOLUSDT,True,tp0.80,1852,-0.06962226296119357,-128.94043100413052,0.837583155145078
Rate of Change,i057,SOLUSDT,True,tp1.80,1499,-0.026791466510164563,-40.160408298736684,0.9526538672580975
Rate of Change,i057,SOLUSDT,True,sl0.50,1958,-0.051846578695114484,-101.51560108503416,0.8713363317133103
Rate of Change,i057,SOLUSDT,True,sl1.20,1440,-0.023029894068946476,-33.16304745928292,0.9601321536384725
Rate of Change,i057,SOLUSDT,True,fee0.02,1659,0.02308766979790338,38.30244419472171,1.049569604161877
Rate of Change,i057,SOLUSDT,True,fee0.07,1659,-0.07690467836922858,-127.58486141455023,0.8527742211661142
Rate of Change,i057,SOLUSDT,True,slip3,1659,-0.03926459878503297,-65.1399693843697,0.9216333838260087
Rate of Change,i057,SOLUSDT,True,no_funding,1659,-0.036111068216299835,-59.90826217084142,0.9276784881005999
Klinger Oscillator,i058,SOLUSDT,False,baseline,4484,-0.11161678832839361,-500.48967886451703,0.7103832564268824
Klinger Oscillator,i058,SOLUSDT,False,tp0.80,4729,-0.11359314091716594,-537.1819633972777,0.6781317474484516
Klinger Oscillator,i058,SOLUSDT,False,tp1.80,4265,-0.11215488108357265,-478.3405678214374,0.7207486317807582
Klinger Oscillator,i058,SOLUSDT,False,sl0.50,5052,-0.09792765298566208,-494.73050288356484,0.7124998923388274
Klinger Oscillator,i058,SOLUSDT,False,sl1.20,4199,-0.11269665076562611,-473.213236564864,0.7244697248505493
Klinger Oscillator,i058,SOLUSDT,False,fee0.02,4484,-0.05161923058755837,-231.4606299546117,0.8502574754580844
Klinger Oscillator,i058,SOLUSDT,False,fee0.07,4484,-0.15161516015561713,-679.8423781377873,0.6330507815614207
Klinger Oscillator,i058,SOLUSDT,False,slip3,4484,-0.11396546629426475,-511.0211508634832,0.7055248138188538
Klinger Oscillator,i058,SOLUSDT,False,no_funding,4484,-0.11157100621420983,-500.2843918645169,0.7104737103756739
Klinger Oscillator,i058,SOLUSDT,True,baseline,1803,-0.08259360355998904,-148.91626721866024,0.8414464874721084
Klinger Oscillator,i058,SOLUSDT,True,tp0.80,1964,-0.09365133694759063,-183.931225765068,0.7882257097263331
Klinger Oscillator,i058,SOLUSDT,True,tp1.80,1632,-0.06763810610906425,-110.38538916999285,0.8836229156806481
Klinger Oscillator,i058,SOLUSDT,True,sl0.50,2111,-0.095872322111461,-202.38647197729418,0.7713922805291695
Klinger Oscillator,i058,SOLUSDT,True,sl1.20,1579,-0.07190066713644033,-113.5311534084393,0.8814144633847754
Klinger Oscillator,i058,SOLUSDT,True,fee0.02,1803,-0.022601249863626025,-40.75005350411772,0.953462850997345
Klinger Oscillator,i058,SOLUSDT,True,fee0.07,1803,-0.12258850602423109,-221.02707636168867,0.7748436591438633
Klinger Oscillator,i058,SOLUSDT,True,slip3,1803,-0.08494430896094164,-153.15458905657778,0.8373648511289729
Klinger Oscillator,i058,SOLUSDT,True,no_funding,1803,-0.08168703228988367,-147.28171921866027,0.8430410482974892
Bollinger Bands,i059,SOLUSDT,False,baseline,2030,-0.09489305885003292,-192.63290946556683,0.8185600559101115
Bollinger Bands,i059,SOLUSDT,False,tp0.80,2215,-0.06848579503572719,-151.69603600413572,0.8400404445139039
Bollinger Bands,i059,SOLUSDT,False,tp1.80,1844,-0.08601251290450283,-158.60707379590323,0.8525228647935302
Bollinger Bands,i059,SOLUSDT,False,sl0.50,2213,-0.09994188297437344,-221.17138702228846,0.7613477890147945
Bollinger Bands,i059,SOLUSDT,False,sl1.20,1878,-0.11195251285109924,-210.24681913436436,0.8198294270225887
Bollinger Bands,i059,SOLUSDT,False,fee0.02,2030,-0.0349023161301488,-70.85170174420206,0.928362508916782
Bollinger Bands,i059,SOLUSDT,False,fee0.07,2030,-0.13488688732995568,-273.82038127981,0.7533665758422163
Bollinger Bands,i059,SOLUSDT,False,slip3,2030,-0.09723924841758456,-197.39567428769666,0.8145675220720052
Bollinger Bands,i059,SOLUSDT,False,no_funding,2030,-0.09482907412096889,-192.50302046556683,0.8186731249418805
Bollinger Bands,i059,SOLUSDT,True,baseline,997,-0.09620309370895648,-95.91448442782962,0.817658922655485
Bollinger Bands,i059,SOLUSDT,True,tp0.80,1072,-0.061577887118459754,-66.01149499098887,0.8553544203240533
Bollinger Bands,i059,SOLUSDT,True,tp1.80,921,-0.09701895889214333,-89.35446113966401,0.8375208864464059
Bollinger Bands,i059,SOLUSDT,True,sl0.50,1082,-0.1210637966419765,-130.9910279666186,0.717852429614377
Bollinger Bands,i059,SOLUSDT,True,sl1.20,945,-0.1000445207893277,-94.54207214591467,0.8398268423208601
Bollinger Bands,i059,SOLUSDT,True,fee0.02,997,-0.03621904070682003,-36.11038358469957,0.9263869371770254
Bollinger Bands,i059,SOLUSDT,True,fee0.07,997,-0.1361924623770475,-135.78388498991637,0.7529836895394273
Bollinger Bands,i059,SOLUSDT,True,slip3,997,-0.09855148757918694,-98.25583311644938,0.8136950598476153
Bollinger Bands,i059,SOLUSDT,True,no_funding,997,-0.09566867545419219,-95.38166942782962,0.8185556212320297
BB %B,i060,SOLUSDT,False,baseline,3385,-0.09304459103347269,-314.9559406483051,0.7581516315606942
BB %B,i060,SOLUSDT,False,tp0.80,3528,-0.09755584405290013,-344.1770178186316,0.7170357380969704
BB %B,i060,SOLUSDT,False,tp1.80,3250,-0.09495591368422819,-308.6067194737416,0.7680097896730218
BB %B,i060,SOLUSDT,False,sl0.50,3867,-0.08445079793113504,-326.5712355996992,0.7576852127428784
BB %B,i060,SOLUSDT,False,sl1.20,3169,-0.0899818120125297,-285.15236226770656,0.7696727213257656
BB %B,i060,SOLUSDT,False,fee0.02,3385,-0.033045806062953036,-111.86005352309603,0.9033379949576628
BB %B,i060,SOLUSDT,False,fee0.07,3385,-0.1330437810138191,-450.35319873177775,0.6782745118513649
BB %B,i060,SOLUSDT,False,slip3,3385,-0.09539171502000832,-322.90095534272814,0.7531315961417445
BB %B,i060,SOLUSDT,False,no_funding,3385,-0.09314894347069573,-315.30917364830503,0.7579022722273798
BB %B,i060,SOLUSDT,True,baseline,1341,-0.061363675326847104,-82.28868861330196,0.879875656193657
BB %B,i060,SOLUSDT,True,tp0.80,1446,-0.0746604644216303,-107.9590315536774,0.826867579844438
BB %B,i060,SOLUSDT,True,tp1.80,1238,-0.07099220935470396,-87.8883551811235,0.8776369268120686
BB %B,i060,SOLUSDT,True,sl0.50,1601,-0.07945573897554174,-127.20863809984233,0.807680481967994
BB %B,i060,SOLUSDT,True,sl1.20,1136,-0.05831015327382443,-66.24033411906454,0.9022175119591069
BB %B,i060,SOLUSDT,True,fee0.02,1341,-0.0013583272876004687,-1.8215168926722285,0.9971474864803334
BB %B,i060,SOLUSDT,True,fee0.07,1341,-0.1013672406863449,-135.9334697603885,0.8101670022136408
BB %B,i060,SOLUSDT,True,slip3,1341,-0.06371084083722522,-85.43623756271903,0.8756119429897247
BB %B,i060,SOLUSDT,True,no_funding,1341,-0.060438591807085745,-81.04815161330198,0.8815558603219377
Standard Error Bands,i061,SOLUSDT,False,baseline,2648,-0.09879831498429714,-261.6179380784188,0.8034061339892393
Standard Error Bands,i061,SOLUSDT,False,tp0.80,2917,-0.07659771194149327,-223.4355257333359,0.8186926358693789
Standard Error Bands,i061,SOLUSDT,False,tp1.80,2383,-0.09362875877187815,-223.11733215338566,0.8270876662821416
Standard Error Bands,i061,SOLUSDT,False,sl0.50,2932,-0.09004900654315615,-264.02368718453386,0.7777502529283491
Standard Error Bands,i061,SOLUSDT,False,sl1.20,2402,-0.1032666444751981,-248.0464800294258,0.8211233951793218
Standard Error Bands,i061,SOLUSDT,False,fee0.02,2648,-0.03880227737049267,-102.74843047706459,0.9167343623821147
Standard Error Bands,i061,SOLUSDT,False,fee0.07,2648,-0.13879567339350016,-367.53094314598843,0.7366678823123799
Standard Error Bands,i061,SOLUSDT,False,slip3,2648,-0.10115806848499966,-267.8665653482791,0.7992835957689047
Standard Error Bands,i061,SOLUSDT,False,no_funding,2648,-0.09879586974260528,-261.6114630784188,0.8034010915400923
Standard Error Bands,i061,SOLUSDT,True,baseline,1160,-0.08634136722176314,-100.15598597724524,0.8346837288002943
Standard Error Bands,i061,SOLUSDT,True,tp0.80,1233,-0.07024698947792517,-86.61453802628172,0.836764843305735
Standard Error Bands,i061,SOLUSDT,True,tp1.80,1073,-0.07985229325665143,-85.68151066438699,0.863624659792781
Standard Error Bands,i061,SOLUSDT,True,sl0.50,1243,-0.09120664552872586,-113.36986039220625,0.7814398071644703
Standard Error Bands,i061,SOLUSDT,True,sl1.20,1087,-0.08559915252010128,-93.04627878935008,0.8608026240417617
Standard Error Bands,i061,SOLUSDT,True,fee0.02,1160,-0.02635594046091774,-30.572890934664578,0.9458655564699339
Standard Error Bands,i061,SOLUSDT,True,fee0.07,1160,-0.12633165172899344,-146.54471600563238,0.7686173503030175
Standard Error Bands,i061,SOLUSDT,True,slip3,1160,-0.08870055064324578,-102.8926387461651,0.8306170381858753
Standard Error Bands,i061,SOLUSDT,True,no_funding,1160,-0.0856211129114183,-99.32049097724523,0.8359252951802402
Envelopes,i062,SOLUSDT,False,baseline,4,-0.4008502911405365,-1.603401164562146,0.40678948660180525
Envelopes,i062,SOLUSDT,False,tp0.80,4,-0.5009002911405367,-2.0036011645621468,0.25872744654036667
Envelopes,i062,SOLUSDT,False,tp1.80,4,-0.25077529114053915,-1.0031011645621566,0.628882546693959
Envelopes,i062,SOLUSDT,False,sl0.50,4,-0.17596279114053628,-0.7038511645621451,0.6097025195211382
Envelopes,i062,SOLUSDT,False,sl1.20,4,-0.10100029114053903,-0.4040011645621561,0.8447182953347813
Envelopes,i062,SOLUSDT,False,fee0.02,4,-0.3411202911405365,-1.364481164562146,0.45932042037176757
Envelopes,i062,SOLUSDT,False,fee0.07,4,-0.4406702911405365,-1.762681164562146,0.37547635060158774
Envelopes,i062,SOLUSDT,False,slip3,4,-0.40345087342161456,-1.6138034936864583,0.40475601719758325
Envelopes,i062,SOLUSDT,False,no_funding,4,-0.4008502911405365,-1.603401164562146,0.40678948660180525
Envelopes,i062,SOLUSDT,True,baseline,2,0.09936472388350856,0.19872944776701712,1.2206167456829766
Envelopes,i062,SOLUSDT,True,tp0.80,2,-0.10073527611649162,-0.20147055223298324,0.7763402551357068
Envelopes,i062,SOLUSDT,True,tp1.80,2,0.39951472388350334,0.7990294477670067,1.8870314815038691
Envelopes,i062,SOLUSDT,True,sl0.50,2,0.24928972388350867,0.49857944776701735,1.8296653767035924
Envelopes,i062,SOLUSDT,True,sl1.20,2,1.0988647238835039,2.1977294477670077,inf
Envelopes,i062,SOLUSDT,True,fee0.02,2,0.1590647238835086,0.3181294477670172,1.3782615298445173
Envelopes,i062,SOLUSDT,True,fee0.07,2,0.05956472388350857,0.11912944776701714,1.126648519005552
Envelopes,i062,SOLUSDT,True,slip3,2,0.09709417165051429,0.19418834330102858,1.2150072321406173
Envelopes,i062,SOLUSDT,True,no_funding,2,0.09936472388350856,0.19872944776701712,1.2206167456829766
Net Volume,i074,SOLUSDT,False,baseline,3617,-0.13201642966294733,-477.50342609088057,0.6563542229818107
Net Volume,i074,SOLUSDT,False,tp0.80,3785,-0.11671826392000717,-441.77862893722715,0.6604700849578583
Net Volume,i074,SOLUSDT,False,tp1.80,3461,-0.13068392124708397,-452.29705143615763,0.6728967566168301
Net Volume,i074,SOLUSDT,False,sl0.50,4042,-0.12479702142219179,-504.4295605884992,0.634187045543852
Net Volume,i074,SOLUSDT,False,sl1.20,3366,-0.137521482261611,-462.89730929258263,0.6603290798784499
Net Volume,i074,SOLUSDT,False,fee0.02,3617,-0.07201611746686123,-260.48229687763705,0.7902736464006415
Net Volume,i074,SOLUSDT,False,fee0.07,3617,-0.17201663779367143,-622.1841788997097,0.5825646680755295
Net Volume,i074,SOLUSDT,False,slip3,3617,-0.13437436872375488,-486.0320916738214,0.6516972769941876
Net Volume,i074,SOLUSDT,False,no_funding,3617,-0.13200478216502087,-477.4612970908805,0.656374983335085
Net Volume,i074,SOLUSDT,True,baseline,1466,-0.061781565463032484,-90.57177496880561,0.8786252448936592
Net Volume,i074,SOLUSDT,True,tp0.80,1615,-0.07311181460948561,-118.07558059431926,0.8297874371492477
Net Volume,i074,SOLUSDT,True,tp1.80,1333,-0.05507365571362008,-73.41318306625556,0.9034858337016749
Net Volume,i074,SOLUSDT,True,sl0.50,1703,-0.09179212532811988,-156.32198943378813,0.7789946683791578
Net Volume,i074,SOLUSDT,True,sl1.20,1302,-0.05333310176710153,-69.43969850076618,0.9100704123871995
Net Volume,i074,SOLUSDT,True,fee0.02,1466,-0.0017860231219218245,-2.6183098967373946,0.9962350633149325
Net Volume,i074,SOLUSDT,True,fee0.07,1466,-0.10177859369043962,-149.2074183501845,0.8087431450952254
Net Volume,i074,SOLUSDT,True,slip3,1466,-0.06414255907427675,-94.03299160288971,0.8743262840112771
Net Volume,i074,SOLUSDT,True,no_funding,1466,-0.06076386014243221,-89.07981896880561,0.8804697943926911
OBV,i075,SOLUSDT,False,baseline,3864,-0.12822475495707444,-495.4604531541356,0.6468308149448864
OBV,i075,SOLUSDT,False,tp0.80,4004,-0.12026114415983008,-481.52562121595963,0.6314807180857303
OBV,i075,SOLUSDT,False,tp1.80,3717,-0.12863598045998706,-478.1399393697719,0.6605784386493838
OBV,i075,SOLUSDT,False,sl0.50,4357,-0.1143428734599451,-498.1918996649807,0.6555227855276822
OBV,i075,SOLUSDT,False,sl1.20,3619,-0.12769749468832997,-462.13723327706606,0.6520643023519187
OBV,i075,SOLUSDT,False,fee0.02,3864,-0.06822498818641884,-263.62135435232244,0.785849842413129
OBV,i075,SOLUSDT,False,fee0.07,3864,-0.1682245994708449,-650.0198523553446,0.572123603729427
OBV,i075,SOLUSDT,False,slip3,3864,-0.13056924101152306,-504.5195472685252,0.6421079517427888
OBV,i075,SOLUSDT,False,no_funding,3864,-0.1282250199674264,-495.46147715413565,0.6467915920875688
OBV,i075,SOLUSDT,True,baseline,1489,-0.10812291393238185,-160.99501884531657,0.7960293654258359
OBV,i075,SOLUSDT,True,tp0.80,1656,-0.10993575562372129,-182.05361131288248,0.7556750405091934
OBV,i075,SOLUSDT,True,tp1.80,1364,-0.08784850193531107,-119.82535663976431,0.850262647005398
OBV,i075,SOLUSDT,True,sl0.50,1801,-0.12169240830175862,-219.16802735146726,0.7154646897644794
OBV,i075,SOLUSDT,True,sl1.20,1281,-0.09249348366141825,-118.48415257027678,0.848281038620954
OBV,i075,SOLUSDT,True,fee0.02,1489,-0.04812928265174364,-71.66450186844628,0.9025358995562396
OBV,i075,SOLUSDT,True,fee0.07,1489,-0.14811866811947402,-220.5486968298968,0.7327803479352
OBV,i075,SOLUSDT,True,slip3,1489,-0.11046455727535709,-164.4817257830067,0.7921677504733978
OBV,i075,SOLUSDT,True,no_funding,1489,-0.10718662380477945,-159.6008828453166,0.7976140557843325
Accumulation/Distribution,i076,SOLUSDT,False,baseline,3880,-0.11065044016696801,-429.32370784783586,0.6929659264177048
Accumulation/Distribution,i076,SOLUSDT,False,tp0.80,4099,-0.09980251287057358,-409.0905002564811,0.6949504664242075
Accumulation/Distribution,i076,SOLUSDT,False,tp1.80,3716,-0.09815608693996467,-364.7480190689087,0.7345327088537459
Accumulation/Distribution,i076,SOLUSDT,False,sl0.50,4322,-0.10029249270206084,-433.46415345830695,0.6914839394201174
Accumulation/Distribution,i076,SOLUSDT,False,sl1.20,3674,-0.12222982688510739,-449.0723839758846,0.6791457757063023
Accumulation/Distribution,i076,SOLUSDT,False,fee0.02,3880,-0.050652550079477714,-196.53189430837355,0.8408205004302918
Accumulation/Distribution,i076,SOLUSDT,False,fee0.07,3880,-0.1506490335586282,-584.5182502074774,0.6129573500869656
Accumulation/Distribution,i076,SOLUSDT,False,slip3,3880,-0.11302130834570501,-438.52267638133543,0.687862161040798
Accumulation/Distribution,i076,SOLUSDT,False,no_funding,3880,-0.11071426155872058,-429.57133484783583,0.692815848833395
Accumulation/Distribution,i076,SOLUSDT,True,baseline,1590,-0.07328724360327672,-116.52671732920999,0.8576574573647233
Accumulation/Distribution,i076,SOLUSDT,True,tp0.80,1751,-0.08847152802601367,-154.91364557354993,0.7981395077337088
Accumulation/Distribution,i076,SOLUSDT,True,tp1.80,1461,-0.08661426315037629,-126.54343846269975,0.8531571546067823
Accumulation/Distribution,i076,SOLUSDT,True,sl0.50,1858,-0.07925398484066018,-147.2539038339466,0.8072487507592365
Accumulation/Distribution,i076,SOLUSDT,True,sl1.20,1382,-0.06751814056814749,-93.31007026517983,0.8876189442977546
Accumulation/Distribution,i076,SOLUSDT,True,fee0.02,1590,-0.013291508721955713,-21.133498867909584,0.9722922997555992
Accumulation/Distribution,i076,SOLUSDT,True,fee0.07,1590,-0.11328440019082407,-180.12219630341028,0.7895910420541769
Accumulation/Distribution,i076,SOLUSDT,True,slip3,1590,-0.0756633878476858,-120.3047866778204,0.8534425526463437
Accumulation/Distribution,i076,SOLUSDT,True,no_funding,1590,-0.07243382536428301,-115.16978232920998,0.8591850667898838
MFI,i077,SOLUSDT,False,baseline,2948,-0.10781069229576228,-317.8259208879072,0.7349667864175823
MFI,i077,SOLUSDT,False,tp0.80,3086,-0.10239409700785376,-315.9881833662367,0.7178142658156395
MFI,i077,SOLUSDT,False,tp1.80,2838,-0.10868731034991735,-308.4545867730655,0.7509060885201302
MFI,i077,SOLUSDT,False,sl0.50,3269,-0.0994998733967114,-325.2650861338496,0.7175476166671831
MFI,i077,SOLUSDT,False,sl1.20,2691,-0.12764431309690902,-343.49084654378214,0.7094086261622888
MFI,i077,SOLUSDT,False,fee0.02,2948,-0.04781604908511377,-140.96171270291538,0.8702498862311518
MFI,i077,SOLUSDT,False,fee0.07,2948,-0.14780712110286134,-435.7353930112352,0.6585759528841307
MFI,i077,SOLUSDT,False,slip3,2948,-0.11016539056218323,-324.76757137731613,0.7301868179627125
MFI,i077,SOLUSDT,False,no_funding,2948,-0.10784967770960219,-317.94084988790723,0.7348625664765468
MFI,i077,SOLUSDT,True,baseline,1211,-0.05857681741130988,-70.93652588509627,0.8847430294540889
MFI,i077,SOLUSDT,True,tp0.80,1309,-0.06365269533318813,-83.32137819114327,0.8498328222368863
MFI,i077,SOLUSDT,True,tp1.80,1128,-0.07610428872895615,-85.84563768626253,0.8681039060410701
MFI,i077,SOLUSDT,True,sl0.50,1349,-0.07191703289853098,-97.01607738011829,0.8243238919574557
MFI,i077,SOLUSDT,True,sl1.20,1105,-0.07169321090074028,-79.22099804531801,0.8812142824195678
MFI,i077,SOLUSDT,True,fee0.02,1211,0.0014077039737722598,1.7047295122382067,1.002972688672848
MFI,i077,SOLUSDT,True,fee0.07,1211,-0.09856649833469801,-119.36402948331929,0.8145084663087143
MFI,i077,SOLUSDT,True,slip3,1211,-0.06093923592206687,-73.79741470162298,0.880414383581893
MFI,i077,SOLUSDT,True,no_funding,1211,-0.05774136076391105,-69.92478788509628,0.8862760146881776
Chaikin Money Flow,i078,SOLUSDT,False,baseline,3186,-0.09360079286486633,-298.2121260674641,0.7415503921300471
Chaikin Money Flow,i078,SOLUSDT,False,tp0.80,3357,-0.09938859670829275,-333.6475191497388,0.703320137826457
Chaikin Money Flow,i078,SOLUSDT,False,tp1.80,3067,-0.08076005150341134,-247.6910779609626,0.7871496746879814
Chaikin Money Flow,i078,SOLUSDT,False,sl0.50,3498,-0.09938213103969937,-347.6386943768684,0.6941858216393267
Chaikin Money Flow,i078,SOLUSDT,False,sl1.20,3004,-0.10518974664835254,-315.98999893165103,0.7317983112358715
Chaikin Money Flow,i078,SOLUSDT,False,fee0.02,3186,-0.03360152171111309,-107.0544481716063,0.8960675140210972
Chaikin Money Flow,i078,SOLUSDT,False,fee0.07,3186,-0.1336003069673685,-425.650577998036,0.6566023163001757
Chaikin Money Flow,i078,SOLUSDT,False,slip3,3186,-0.09597858878978091,-305.787783884242,0.7361421771873413
Chaikin Money Flow,i078,SOLUSDT,False,no_funding,3186,-0.09367815444678725,-298.45860006746415,0.741369189764667
Chaikin Money Flow,i078,SOLUSDT,True,baseline,1342,-0.10737252141296973,-144.09392373620537,0.7968973261965221
Chaikin Money Flow,i078,SOLUSDT,True,tp0.80,1447,-0.09858286003392532,-142.64939846908993,0.7774204021905855
Chaikin Money Flow,i078,SOLUSDT,True,tp1.80,1241,-0.09881759280030217,-122.632632665175,0.8329555971985095
Chaikin Money Flow,i078,SOLUSDT,True,sl0.50,1510,-0.09090291914993498,-137.2634079164018,0.7804058730761328
Chaikin Money Flow,i078,SOLUSDT,True,sl1.20,1173,-0.06979998449179217,-81.87538180887222,0.8835875382346867
Chaikin Money Flow,i078,SOLUSDT,True,fee0.02,1342,-0.047368414162271624,-63.56841180576852,0.9037705832346705
Chaikin Money Flow,i078,SOLUSDT,True,fee0.07,1342,-0.1473752595801018,-197.77759835649664,0.7335189863385569
Chaikin Money Flow,i078,SOLUSDT,True,slip3,1342,-0.10975695129155458,-147.29382863326626,0.7929594155032813
Chaikin Money Flow,i078,SOLUSDT,True,no_funding,1342,-0.10644768907317836,-142.8527987362054,0.7984291092241977
Chaikin Oscillator,i079,SOLUSDT,False,baseline,3456,-0.11087116773466246,-383.1707556909935,0.7290218336349238
Chaikin Oscillator,i079,SOLUSDT,False,tp0.80,3696,-0.10694031358535734,-395.25139901148077,0.7134105327609216
Chaikin Oscillator,i079,SOLUSDT,False,tp1.80,3264,-0.1190272829429254,-388.5050515257085,0.722689578959696
Chaikin Oscillator,i079,SOLUSDT,False,sl0.50,3872,-0.10584733976046629,-409.84089955252546,0.7030898551453744
Chaikin Oscillator,i079,SOLUSDT,False,sl1.20,3199,-0.12320901627156211,-394.14564305272717,0.7215312547020598
Chaikin Oscillator,i079,SOLUSDT,False,fee0.02,3456,-0.05087979259772997,-175.84056321775478,0.8622517204737228
Chaikin Oscillator,i079,SOLUSDT,False,fee0.07,3456,-0.1508654178259508,-521.390884006486,0.6541086958776358
Chaikin Oscillator,i079,SOLUSDT,False,slip3,3456,-0.11323971879124066,-391.3564681425277,0.7243061488929043
Chaikin Oscillator,i079,SOLUSDT,False,no_funding,3456,-0.11086541860271801,-383.1508866909935,0.7290067666407298
Chaikin Oscillator,i079,SOLUSDT,True,baseline,1505,-0.07814706781165942,-117.61133705654743,0.8490794765406025
Chaikin Oscillator,i079,SOLUSDT,True,tp0.80,1618,-0.08552283207267958,-138.37594229359556,0.804570495329371
Chaikin Oscillator,i079,SOLUSDT,True,tp1.80,1378,-0.10242191961751929,-141.13740523294157,0.8265332557136039
Chaikin Oscillator,i079,SOLUSDT,True,sl0.50,1705,-0.08995924051645669,-153.38050508055866,0.7838659660590954
Chaikin Oscillator,i079,SOLUSDT,True,sl1.20,1320,-0.051970809187700896,-68.60146812776517,0.9122066046051535
Chaikin Oscillator,i079,SOLUSDT,True,fee0.02,1505,-0.018150654019340892,-27.31673429910804,0.9623950272990824
Chaikin Oscillator,i079,SOLUSDT,True,fee0.07,1505,-0.1181446770065385,-177.80773889484044,0.7817503776328789
Chaikin Oscillator,i079,SOLUSDT,True,slip3,1505,-0.08053120709114775,-121.19946667217735,0.8448952524764033
Chaikin Oscillator,i079,SOLUSDT,True,no_funding,1505,-0.07723124854255643,-116.23302905654744,0.8506775146290683
Ease of Movement,i080,SOLUSDT,False,baseline,3164,-0.10181834679304325,-322.15324925318885,0.7410955720530348
Ease of Movement,i080,SOLUSDT,False,tp0.80,3291,-0.09642975635979843,-317.35032818009665,0.7237565379724871
Ease of Movement,i080,SOLUSDT,False,tp1.80,3041,-0.11556637019478064,-351.437331762328,0.7274120015247804
Ease of Movement,i080,SOLUSDT,False,sl0.50,3584,-0.0970375299413324,-347.7825073097353,0.7212749053765388
Ease of Movement,i080,SOLUSDT,False,sl1.20,2907,-0.09529444225267099,-277.02094362851454,0.7659583784006307
Ease of Movement,i080,SOLUSDT,False,fee0.02,3164,-0.04182567893568945,-132.33644815252143,0.8819548588701557
Ease of Movement,i080,SOLUSDT,False,fee0.07,3164,-0.14181345869794582,-448.6977833203006,0.6623389299384341
Ease of Movement,i080,SOLUSDT,False,slip3,3164,-0.10416878055120016,-329.59002166399733,0.7361619283801271
Ease of Movement,i080,SOLUSDT,False,no_funding,3164,-0.10190499407496487,-322.42740125318886,0.7408883116989626
Ease of Movement,i080,SOLUSDT,True,baseline,1263,-0.06590353622026528,-83.23616624619505,0.8712520106357609
Ease of Movement,i080,SOLUSDT,True,tp0.80,1387,-0.06740373241496328,-93.48897685955409,0.8421852346824075
Ease of Movement,i080,SOLUSDT,True,tp1.80,1162,-0.06364616779743555,-73.95684698062011,0.8892174077014235
Ease of Movement,i080,SOLUSDT,True,sl0.50,1441,-0.06991278939246248,-100.74432951453845,0.8286951866354287
Ease of Movement,i080,SOLUSDT,True,sl1.20,1110,-0.06211244257516874,-68.9448112584373,0.8958518766084442
Ease of Movement,i080,SOLUSDT,True,fee0.02,1263,-0.005918647148748027,-7.475251348868758,0.9875964807795231
Ease of Movement,i080,SOLUSDT,True,fee0.07,1263,-0.1058934622679435,-133.74344284441264,0.8020920799379798
Ease of Movement,i080,SOLUSDT,True,slip3,1263,-0.06827082678611239,-86.22605423085994,0.8669844381434663
Ease of Movement,i080,SOLUSDT,True,no_funding,1263,-0.06521136757418453,-82.36195724619506,0.8724945622740508
Elder Force Index,i081,SOLUSDT,False,baseline,3216,-0.08626588478725454,-277.4310854758106,0.7716316768185496
Elder Force Index,i081,SOLUSDT,False,tp0.80,3367,-0.09020569458196948,-303.7225736574912,0.7351850823112338
Elder Force Index,i081,SOLUSDT,False,tp1.80,3076,-0.08395328150898919,-258.24029392165073,0.7900984977920289
Elder Force Index,i081,SOLUSDT,False,sl0.50,3639,-0.08972080408770852,-326.49400607517134,0.7415482806487383
Elder Force Index,i081,SOLUSDT,False,sl1.20,2996,-0.08287069714474293,-248.28060864564983,0.7835583145696988
Elder Force Index,i081,SOLUSDT,False,fee0.02,3216,-0.02626870449410788,-84.48015365305093,0.921767393268457
Elder Force Index,i081,SOLUSDT,False,fee0.07,3216,-0.12626400498268567,-406.0650400243171,0.6891041524366168
Elder Force Index,i081,SOLUSDT,False,slip3,3216,-0.08861183348489347,-284.97565648741744,0.7664452103378394
Elder Force Index,i081,SOLUSDT,False,no_funding,3216,-0.08630841090665752,-277.5678494758106,0.7715240915632868
Elder Force Index,i081,SOLUSDT,True,baseline,1296,-0.0676012309352029,-87.61119529202296,0.8683635814717409
Elder Force Index,i081,SOLUSDT,True,tp0.80,1396,-0.08132011247454,-113.52287701445785,0.8126992384248739
Elder Force Index,i081,SOLUSDT,True,tp1.80,1205,-0.05159059798732109,-62.16667057472192,0.9104789456648963
Elder Force Index,i081,SOLUSDT,True,sl0.50,1522,-0.06557271276553751,-99.8016688291481,0.8390839848495002
Elder Force Index,i081,SOLUSDT,True,sl1.20,1116,-0.04382677787055912,-48.91068410354398,0.9254262034104342
Elder Force Index,i081,SOLUSDT,True,fee0.02,1296,-0.007603106469459373,-9.853625984419349,0.984116183073762
Elder Force Index,i081,SOLUSDT,True,fee0.07,1296,-0.10759998057903195,-139.4495748304254,0.7995722788079119
Elder Force Index,i081,SOLUSDT,True,slip3,1296,-0.06994970265745462,-90.65481464406118,0.8641505633849548
Elder Force Index,i081,SOLUSDT,True,no_funding,1296,-0.06674005732409179,-86.49511429202295,0.8699371854145733
Price & Volume Trend,i082,SOLUSDT,False,baseline,2489,-0.09691954339396526,-241.23274350757953,0.7600982848582453
Price & Volume Trend,i082,SOLUSDT,False,tp0.80,2596,-0.09375270623852588,-243.38202539521322,0.7363614620465982
Price & Volume Trend,i082,SOLUSDT,False,tp1.80,2407,-0.07941372892029253,-191.14884551114412,0.8152819753092755
Price & Volume Trend,i082,SOLUSDT,False,sl0.50,2818,-0.10374634806667506,-292.3572088518903,0.7159829589404723
Price & Volume Trend,i082,SOLUSDT,False,sl1.20,2310,-0.09129114291359472,-210.88254013040378,0.7812042264735567
Price & Volume Trend,i082,SOLUSDT,False,fee0.02,2489,-0.036924595123738115,-91.90531726298417,0.898001166457739
Price & Volume Trend,i082,SOLUSDT,False,fee0.07,2489,-0.13691617557411667,-340.7843610039764,0.6832023898086572
Price & Volume Trend,i082,SOLUSDT,False,slip3,2489,-0.09927072087826201,-247.08482426599417,0.7552798545213767
Price & Volume Trend,i082,SOLUSDT,False,no_funding,2489,-0.09691314805447147,-241.2168255075795,0.7601177277617991
Price & Volume Trend,i082,SOLUSDT,True,baseline,1002,-0.08105780140611457,-81.21991700892679,0.8442390552157008
Price & Volume Trend,i082,SOLUSDT,True,tp0.80,1058,-0.08645708156187754,-91.47159229246643,0.8027418560431729
Price & Volume Trend,i082,SOLUSDT,True,tp1.80,953,-0.0841909966825449,-80.23401983846529,0.857486715625602
Price & Volume Trend,i082,SOLUSDT,True,sl0.50,1144,-0.08006390554790171,-91.59310794679956,0.8061869952618502
Price & Volume Trend,i082,SOLUSDT,True,sl1.20,867,-0.08957649034571266,-77.66281712973289,0.8542089087741804
Price & Volume Trend,i082,SOLUSDT,True,fee0.02,1002,-0.021053039627879112,-21.095145707134872,0.9566027407317611
Price & Volume Trend,i082,SOLUSDT,True,fee0.07,1002,-0.12106097592493817,-121.30309787678806,0.7774268462721148
Price & Volume Trend,i082,SOLUSDT,True,slip3,1002,-0.08340550396566869,-83.57231497360003,0.8401534626178745
Price & Volume Trend,i082,SOLUSDT,True,no_funding,1002,-0.08015890819254169,-80.31922600892678,0.8458198904611597
VWAP,i086,SOLUSDT,False,baseline,2777,-0.09272280707610592,-257.49123525034616,0.7492384029191057
VWAP,i086,SOLUSDT,False,tp0.80,2924,-0.08852273452372926,-258.84047574738435,0.7333892199554968
VWAP,i086,SOLUSDT,False,tp1.80,2683,-0.09733823184841957,-261.1584760493097,0.7554206979364434
VWAP,i086,SOLUSDT,False,sl0.50,3184,-0.0883627976487549,-281.3471477136356,0.7435510508968516
VWAP,i086,SOLUSDT,False,sl1.20,2604,-0.09283044137223624,-241.73046933330315,0.750934249387575
VWAP,i086,SOLUSDT,False,fee0.02,2777,-0.03272842770133797,-90.88684372661555,0.8997139526579577
VWAP,i086,SOLUSDT,False,fee0.07,2777,-0.13271905999261788,-368.56082959949987,0.6673473235526984
VWAP,i086,SOLUSDT,False,slip3,2777,-0.09506459618171108,-263.99438359661167,0.7440859671977454
VWAP,i086,SOLUSDT,False,no_funding,2777,-0.09281205842648402,-257.7390862503461,0.7490479694782992
VWAP,i086,SOLUSDT,True,baseline,1145,-0.0809157219586946,-92.64850164270533,0.8433520923411651
VWAP,i086,SOLUSDT,True,tp0.80,1225,-0.10520825553209626,-128.88011302681792,0.7651023642996394
VWAP,i086,SOLUSDT,True,tp1.80,1073,-0.09155248970275615,-98.23582145105733,0.8435103750887206
VWAP,i086,SOLUSDT,True,sl0.50,1368,-0.08803990573748013,-120.43859104887282,0.787444595184228
VWAP,i086,SOLUSDT,True,sl1.20,971,-0.08709926981829569,-84.57339099356511,0.8565215422315501
VWAP,i086,SOLUSDT,True,fee0.02,1145,-0.02092394952976012,-23.95792221157534,0.9565184181864509
VWAP,i086,SOLUSDT,True,fee0.07,1145,-0.12091023691131765,-138.44222126345872,0.7761447715429901
VWAP,i086,SOLUSDT,True,slip3,1145,-0.08325605723442214,-95.32818553341335,0.839251220646926
VWAP,i086,SOLUSDT,True,no_funding,1145,-0.08028145558314877,-91.92226664270532,0.84446971558054
VWMA,i087,SOLUSDT,False,baseline,3569,-0.09527086103787938,-340.0217030441915,0.7553474071437172
VWMA,i087,SOLUSDT,False,tp0.80,3727,-0.10531088744890661,-392.49367752207496,0.7020681647998408
VWMA,i087,SOLUSDT,False,tp1.80,3412,-0.09160436246670746,-312.55408473640585,0.7768139063405278
VWMA,i087,SOLUSDT,False,sl0.50,4078,-0.09409233542613012,-383.7085438677586,0.7342417455503728
VWMA,i087,SOLUSDT,False,sl1.20,3314,-0.09926291371966485,-328.95729606696926,0.7504424386401599
VWMA,i087,SOLUSDT,False,fee0.02,3569,-0.03527253886837275,-125.88769122122234,0.8982895099789535
VWMA,i087,SOLUSDT,False,fee0.07,3569,-0.13526974248421714,-482.7777109261709,0.6764647265127659
VWMA,i087,SOLUSDT,False,slip3,3569,-0.09761388205585705,-348.3839450573538,0.7504054391261646
VWMA,i087,SOLUSDT,False,no_funding,3569,-0.0953522339714742,-340.3121230441914,0.7551561843464548
VWMA,i087,SOLUSDT,True,baseline,1440,-0.07076462351127517,-101.90105785623625,0.8629171536181571
VWMA,i087,SOLUSDT,True,tp0.80,1543,-0.08349588873576265,-128.83415631928176,0.8090647210355374
VWMA,i087,SOLUSDT,True,tp1.80,1330,-0.07312445602636809,-97.25552651506956,0.8745680496130562
VWMA,i087,SOLUSDT,True,sl0.50,1706,-0.08276116184487112,-141.19054210735013,0.8005034971244456
VWMA,i087,SOLUSDT,True,sl1.20,1219,-0.06227834050699601,-75.91729707802813,0.8966208299891542
VWMA,i087,SOLUSDT,True,fee0.02,1440,-0.01076142112535316,-15.49644642050855,0.9776363563208225
VWMA,i087,SOLUSDT,True,fee0.07,1440,-0.11076675843522318,-159.5041321467214,0.7947267409906544
VWMA,i087,SOLUSDT,True,slip3,1440,-0.0731086211390641,-105.27641444025231,0.8587525856793523
VWMA,i087,SOLUSDT,True,no_funding,1440,-0.06979637420571962,-100.50677885623625,0.8646336606563879
Pivot Points Standard,i088,SOLUSDT,False,baseline,1181,-0.0705370386183831,-83.30424260831045,0.8235312526141494
Pivot Points Standard,i088,SOLUSDT,False,tp0.80,1212,-0.06552250489460978,-79.41327593226707,0.8069571326411966
Pivot Points Standard,i088,SOLUSDT,False,tp1.80,1159,-0.05047828673389104,-58.50433432457971,0.8846559026026991
Pivot Points Standard,i088,SOLUSDT,False,sl0.50,1352,-0.055333324515016866,-74.81065474430281,0.8447633605375318
Pivot Points Standard,i088,SOLUSDT,False,sl1.20,1098,-0.07697490745101834,-84.51844838121814,0.8155230302518934
Pivot Points Standard,i088,SOLUSDT,False,fee0.02,1181,-0.010539845737839287,-12.447557816388198,0.9705634684431471
Pivot Points Standard,i088,SOLUSDT,False,fee0.07,1181,-0.11053516720541232,-130.54203246959196,0.7414376420354349
Pivot Points Standard,i088,SOLUSDT,False,slip3,1181,-0.07291076025618351,-86.10760786255274,0.8183425566968209
Pivot Points Standard,i088,SOLUSDT,False,no_funding,1181,-0.07037802761076244,-83.11645060831044,0.823885498342472
Pivot Points Standard,i088,SOLUSDT,True,baseline,487,-0.0738406244676871,-35.960384115763624,0.8568031989001215
Pivot Points Standard,i088,SOLUSDT,True,tp0.80,505,-0.07253359456334547,-36.62946525448947,0.8310828611757711
Pivot Points Standard,i088,SOLUSDT,True,tp1.80,475,-0.050485155662031836,-23.98044893946512,0.9105665417877484
Pivot Points Standard,i088,SOLUSDT,True,sl0.50,557,-0.05105559924641696,-28.437968780254252,0.8732064867482926
Pivot Points Standard,i088,SOLUSDT,True,sl1.20,430,-0.09052981645022616,-38.92782107359725,0.8525474720461349
Pivot Points Standard,i088,SOLUSDT,True,fee0.02,487,-0.013840726642664012,-6.740433874977374,0.9711825060848417
Pivot Points Standard,i088,SOLUSDT,True,fee0.07,487,-0.11384055635103589,-55.440350942954474,0.7888861976737517
Pivot Points Standard,i088,SOLUSDT,True,slip3,487,-0.07624991844133078,-37.13371028092809,0.8525363043016498
Pivot Points Standard,i088,SOLUSDT,True,no_funding,487,-0.0729946491083442,-35.54839411576363,0.8582821401357859
Balance of Power,i089,SOLUSDT,False,baseline,3708,-0.1284910902220649,-476.4449625434166,0.6602682318619613
Balance of Power,i089,SOLUSDT,False,tp0.80,3875,-0.12400250646405968,-480.5097125482313,0.6395136109281614
Balance of Power,i089,SOLUSDT,False,tp1.80,3573,-0.12764421441230123,-456.0727780951523,0.6779591025706598
Balance of Power,i089,SOLUSDT,False,sl0.50,4159,-0.12424355602764985,-516.7289495189957,0.6357110634077948
Balance of Power,i089,SOLUSDT,False,sl1.20,3449,-0.13619373565820228,-469.73219428513977,0.6549267876832352
Balance of Power,i089,SOLUSDT,False,fee0.02,3708,-0.06849787166628848,-253.99010813859766,0.7961941058360938
Balance of Power,i089,SOLUSDT,False,fee0.07,3708,-0.16848656925924915,-624.7481988132959,0.5860128901628723
Balance of Power,i089,SOLUSDT,False,slip3,3708,-0.13084286334761264,-485.16533729294764,0.655574453232314
Balance of Power,i089,SOLUSDT,False,no_funding,3708,-0.1285656970181814,-476.7216045434166,0.6600877196575624
Balance of Power,i089,SOLUSDT,True,baseline,1464,-0.08914754807738531,-130.5120103852921,0.8291466226808503
Balance of Power,i089,SOLUSDT,True,tp0.80,1607,-0.10308472604523748,-165.65715475469665,0.7694724335142327
Balance of Power,i089,SOLUSDT,True,tp1.80,1349,-0.11522760573274453,-155.44204013347237,0.8060203650930045
Balance of Power,i089,SOLUSDT,True,sl0.50,1716,-0.10191857573379223,-174.8922759591875,0.7575861009827517
Balance of Power,i089,SOLUSDT,True,sl1.20,1270,-0.09013840434490962,-114.47577351803521,0.8531653115031338
Balance of Power,i089,SOLUSDT,True,fee0.02,1464,-0.02916047213988494,-42.69093121279155,0.9400412889273628
Balance of Power,i089,SOLUSDT,True,fee0.07,1464,-0.12913893203571888,-189.05939650029245,0.7632555052078225
Balance of Power,i089,SOLUSDT,True,slip3,1464,-0.09149812073112934,-133.95324875037335,0.8251078186659442
Balance of Power,i089,SOLUSDT,True,no_funding,1464,-0.08812811365115579,-129.0195583852921,0.8309243304188685
Accumulative Swing Index,i090,SOLUSDT,False,baseline,2752,-0.10151174964209844,-279.3603350150549,0.7509142324994679
Accumulative Swing Index,i090,SOLUSDT,False,tp0.80,2884,-0.09355254607980448,-269.80554289415613,0.7401221613931364
Accumulative Swing Index,i090,SOLUSDT,False,tp1.80,2633,-0.0903289202766633,-237.83604708845445,0.7893497331247155
Accumulative Swing Index,i090,SOLUSDT,False,sl0.50,3139,-0.10007946126607177,-314.1494289141993,0.7253009599683993
Accumulative Swing Index,i090,SOLUSDT,False,sl1.20,2523,-0.11922324086150096,-300.80023669356694,0.7225929247814499
Accumulative Swing Index,i090,SOLUSDT,False,fee0.02,2752,-0.04151710618131332,-114.25507621097424,0.8865746305527982
Accumulative Swing Index,i090,SOLUSDT,False,fee0.07,2752,-0.14150817861595522,-389.43050755110875,0.6750579479765535
Accumulative Swing Index,i090,SOLUSDT,False,slip3,2752,-0.10384840738451881,-285.7908171221958,0.7461923408981637
Accumulative Swing Index,i090,SOLUSDT,False,no_funding,2752,-0.10153868241826124,-279.43445401505494,0.7508165714478688
Accumulative Swing Index,i090,SOLUSDT,True,baseline,1135,-0.12183231457631566,-138.27967704411827,0.7732225408972182
Accumulative Swing Index,i090,SOLUSDT,True,tp0.80,1193,-0.11088995587015286,-132.29171735309237,0.7539464118366769
Accumulative Swing Index,i090,SOLUSDT,True,tp1.80,1083,-0.08874828212036756,-96.11438953635808,0.849457871715653
Accumulative Swing Index,i090,SOLUSDT,True,sl0.50,1308,-0.11337807946376133,-148.29852793859985,0.7333581198185847
Accumulative Swing Index,i090,SOLUSDT,True,sl1.20,981,-0.08934798500138552,-87.65037328635921,0.8532601988314037
Accumulative Swing Index,i090,SOLUSDT,True,fee0.02,1135,-0.061844478728640406,-70.19348335700685,0.8765244313775066
Accumulative Swing Index,i090,SOLUSDT,True,fee0.07,1135,-0.16182420514143256,-183.67047283552594,0.7118118916316177
Accumulative Swing Index,i090,SOLUSDT,True,slip3,1135,-0.12417204778783068,-140.9352742391878,0.7694726264995917
Accumulative Swing Index,i090,SOLUSDT,True,no_funding,1135,-0.12098633307851832,-137.3194880441183,0.7746111041999718
Up/Down,i091,SOLUSDT,False,baseline,3034,-0.11819674851167815,-358.6089349844315,0.6927969100782417
Up/Down,i091,SOLUSDT,False,tp0.80,3185,-0.1152736080970426,-367.14644178908065,0.6703880400659967
Up/Down,i091,SOLUSDT,False,tp1.80,2901,-0.11899969903123424,-345.2181268896105,0.7041042611929612
Up/Down,i091,SOLUSDT,False,sl0.50,3390,-0.1135212319828803,-384.8369764219642,0.6681129179797659
Up/Down,i091,SOLUSDT,False,sl1.20,2829,-0.12681803076625792,-358.76820903774365,0.6930719222759928
Up/Down,i091,SOLUSDT,False,fee0.02,3034,-0.05819944576375571,-176.5771184472348,0.8321048012353013
Up/Down,i091,SOLUSDT,False,fee0.07,3034,-0.15819495034362646,-479.96347934256266,0.6151556486079219
Up/Down,i091,SOLUSDT,False,slip3,3034,-0.1205723388218782,-365.8164759855785,0.687883205770616
Up/Down,i091,SOLUSDT,False,no_funding,3034,-0.11821769116164518,-358.67247498443146,0.6927010602997586
Up/Down,i091,SOLUSDT,True,baseline,1324,-0.13203211261996886,-174.81051710883878,0.7567940285188773
Up/Down,i091,SOLUSDT,True,tp0.80,1423,-0.117879310400889,-167.74225870046507,0.7412145659633533
Up/Down,i091,SOLUSDT,True,tp1.80,1228,-0.1327404222755571,-163.00523855438414,0.7803101297038183
Up/Down,i091,SOLUSDT,True,sl0.50,1483,-0.12406592419733188,-183.98976558464318,0.7102119963237633
Up/Down,i091,SOLUSDT,True,sl1.20,1196,-0.1241229401754188,-148.45103644980088,0.8030714397602494
Up/Down,i091,SOLUSDT,True,fee0.02,1324,-0.07203175149876999,-95.37003898437146,0.8577127456391976
Up/Down,i091,SOLUSDT,True,fee0.07,1324,-0.1720323533674348,-227.7708358584837,0.696794645419554
Up/Down,i091,SOLUSDT,True,slip3,1324,-0.13441907009193677,-177.9708488017243,0.7530622019177542
Up/Down,i091,SOLUSDT,True,no_funding,1324,-0.131328040867703,-173.87832610883876,0.7579037935824449
Average Price,i099,SOLUSDT,False,baseline,2754,-0.09111459180711266,-250.92958583678828,0.7859322461750903
Average Price,i099,SOLUSDT,False,tp0.80,2883,-0.09471737075140205,-273.0701798762921,0.7488389718213422
Average Price,i099,SOLUSDT,False,tp1.80,2637,-0.08740625223219607,-230.49028713630105,0.8088609559763997
Average Price,i099,SOLUSDT,False,sl0.50,3169,-0.0888754338316733,-281.6462498125727,0.762065912322244
Average Price,i099,SOLUSDT,False,sl1.20,2511,-0.09325875503899708,-234.1727339029217,0.7924716475212241
Average Price,i099,SOLUSDT,False,fee0.02,2754,-0.031122752320274037,-85.7120598900347,0.9192597915277476
Average Price,i099,SOLUSDT,False,fee0.07,2754,-0.13110915146500507,-361.074603134624,0.7103783413202046
Average Price,i099,SOLUSDT,False,slip3,2754,-0.09346351800895888,-257.39852859667275,0.7812271003928787
Average Price,i099,SOLUSDT,False,no_funding,2754,-0.09121478861176043,-251.20552783678824,0.7857027126160391
Average Price,i099,SOLUSDT,True,baseline,1129,-0.05396909836169684,-60.93111205035573,0.8937108204003383
Average Price,i099,SOLUSDT,True,tp0.80,1198,-0.05990313733998759,-71.76395853330513,0.8583450520750081
Average Price,i099,SOLUSDT,True,tp1.80,1067,-0.09409768337808697,-100.4022281644188,0.8401268247011182
Average Price,i099,SOLUSDT,True,sl0.50,1294,-0.08707636093981161,-112.67681105611622,0.7902084994408565
Average Price,i099,SOLUSDT,True,sl1.20,997,-0.05457346146624543,-54.40974108184668,0.9081400622344737
Average Price,i099,SOLUSDT,True,fee0.02,1129,0.006033120670125414,6.8113932365715915,1.0127432519749189
Average Price,i099,SOLUSDT,True,fee0.07,1129,-0.09397057771624502,-106.09278224164062,0.8229376485548668
Average Price,i099,SOLUSDT,True,slip3,1129,-0.056324893756146056,-63.5908050506889,0.8893667114104814
Average Price,i099,SOLUSDT,True,no_funding,1129,-0.05310861740509807,-59.95962905035572,0.895290921398272
Typical Price,i100,SOLUSDT,False,baseline,2874,-0.08064890420987052,-231.78495069916787,0.8051794790790215
Typical Price,i100,SOLUSDT,False,tp0.80,3002,-0.08454310990912207,-253.79841594718445,0.7686550886645963
Typical Price,i100,SOLUSDT,False,tp1.80,2739,-0.08519679184458288,-233.35401286231252,0.8091386550038178
Typical Price,i100,SOLUSDT,False,sl0.50,3300,-0.08445315249121767,-278.6954032210183,0.7709245345006764
Typical Price,i100,SOLUSDT,False,sl1.20,2625,-0.08155469889855275,-214.081084608701,0.8110008595484692
Typical Price,i100,SOLUSDT,False,fee0.02,2874,-0.020657888887949418,-59.37077266396663,0.9447063030429819
Typical Price,i100,SOLUSDT,False,fee0.07,2874,-0.12064291442448459,-346.72773605596865,0.7265309392486867
Typical Price,i100,SOLUSDT,False,slip3,2874,-0.082998187280546,-238.53679024428925,0.8002729401815192
Typical Price,i100,SOLUSDT,False,no_funding,2874,-0.0807320691368016,-232.02396669916783,0.8049831960811918
Typical Price,i100,SOLUSDT,True,baseline,1169,-0.04624224856818523,-54.05718857620854,0.9081463139201413
Typical Price,i100,SOLUSDT,True,tp0.80,1241,-0.0417950731878109,-51.86768582607333,0.8986845289583397
Typical Price,i100,SOLUSDT,True,tp1.80,1101,-0.08020641391990331,-88.30726172581353,0.8625752206627243
Typical Price,i100,SOLUSDT,True,sl0.50,1357,-0.08043419445080133,-109.1492018697374,0.8053195915089701
Typical Price,i100,SOLUSDT,True,sl1.20,1019,-0.040433476896325087,-41.20171295735526,0.93092946460399
Typical Price,i100,SOLUSDT,True,fee0.02,1169,0.01375632198449779,16.08114039987792,1.029310377567434
Typical Price,i100,SOLUSDT,True,fee0.07,1169,-0.08624129560330727,-100.8160745602662,0.8361229340688506
Typical Price,i100,SOLUSDT,True,slip3,1169,-0.04860184867463963,-56.81556110065373,0.9037173739572478
Typical Price,i100,SOLUSDT,True,no_funding,1169,-0.0453159260703238,-52.97431757620853,0.9098786016403759
Median Price,i101,SOLUSDT,False,baseline,2933,-0.08332325491725566,-244.38710667231084,0.7971920671337464
Median Price,i101,SOLUSDT,False,tp0.80,3059,-0.0906892991971586,-277.41856624410815,0.7515290483301765
Median Price,i101,SOLUSDT,False,tp1.80,2807,-0.08383725882362747,-235.3311855179223,0.8102283750310512
Median Price,i101,SOLUSDT,False,sl0.50,3345,-0.08288091624164673,-277.23666482830834,0.7712009548878486
Median Price,i101,SOLUSDT,False,sl1.20,2668,-0.0841523573873472,-224.5184895094423,0.8034975960551732
Median Price,i101,SOLUSDT,False,fee0.02,2933,-0.023332732387828528,-68.43490409350107,0.9371141656413556
Median Price,i101,SOLUSDT,False,fee0.07,2933,-0.12331693660354041,-361.688575058184,0.7183671054584204
Median Price,i101,SOLUSDT,False,slip3,2933,-0.08568052731755628,-251.30098662239257,0.7922561027086962
Median Price,i101,SOLUSDT,False,no_funding,2933,-0.08343769167143225,-244.72274967231078,0.7969138444265711
Median Price,i101,SOLUSDT,True,baseline,1182,-0.05656118858694305,-66.85532490976668,0.8887525623506674
Median Price,i101,SOLUSDT,True,tp0.80,1251,-0.05999978306189998,-75.05972861043688,0.8580428141429767
Median Price,i101,SOLUSDT,True,tp1.80,1108,-0.0810229086501101,-89.77338278432198,0.8607830116706392
Median Price,i101,SOLUSDT,True,sl0.50,1364,-0.08539302643741759,-116.47608806063758,0.7940536477216094
Median Price,i101,SOLUSDT,True,sl1.20,1036,-0.04777450979560415,-49.4943921482459,0.9189856527250726
Median Price,i101,SOLUSDT,True,fee0.02,1182,0.0034352780680647404,4.060498676452523,1.0072477019147046
Median Price,i101,SOLUSDT,True,fee0.07,1182,-0.09655883302361493,-114.13254063391285,0.818319443079127
Median Price,i101,SOLUSDT,True,slip3,1182,-0.05892334456432071,-69.64739327502708,0.8844165510344422
Median Price,i101,SOLUSDT,True,no_funding,1182,-0.05573689755479414,-65.88101290976668,0.8902547916957094
SMA,i001,XRPUSDT,False,baseline,5178,-0.10608053094227994,-549.2849892191256,0.6956430727241736
SMA,i001,XRPUSDT,False,tp0.80,5439,-0.11195446491979359,-608.9203346987574,0.6548577802940867
SMA,i001,XRPUSDT,False,tp1.80,4961,-0.09250005137950226,-458.89275489371073,0.7411627511975265
SMA,i001,XRPUSDT,False,sl0.50,5765,-0.10514674028512778,-606.1709577437617,0.6789132445898265
SMA,i001,XRPUSDT,False,sl1.20,4924,-0.1080416429814811,-531.9970500408128,0.6962953915436867
SMA,i001,XRPUSDT,False,fee0.02,5178,-0.046082597080166814,-238.61568768110376,0.8492228072354923
SMA,i001,XRPUSDT,False,fee0.07,5178,-0.14607915351702205,-756.3978569111403,0.6132298763929279
SMA,i001,XRPUSDT,False,slip3,5178,-0.12774163261282748,-661.4461736692206,0.6493901696368708
SMA,i001,XRPUSDT,False,no_funding,5178,-0.10616985925436956,-549.7475312191256,0.6954248648647966
SMA,i001,XRPUSDT,True,baseline,1925,-0.07854679593498985,-151.20258217485548,0.8458130255342775
SMA,i001,XRPUSDT,True,tp0.80,2088,-0.09357643520840785,-195.38759671515558,0.7852835309845272
SMA,i001,XRPUSDT,True,tp1.80,1742,-0.054360861270575246,-94.69662033334208,0.9031118295265043
SMA,i001,XRPUSDT,True,sl0.50,2273,-0.08107518286814927,-184.2838906593033,0.8031696549815485
SMA,i001,XRPUSDT,True,sl1.20,1650,-0.06755655286310848,-111.46831222412898,0.8841384158362517
SMA,i001,XRPUSDT,True,fee0.02,1925,-0.018558727067147396,-35.72554960425873,0.9608854371542549
SMA,i001,XRPUSDT,True,fee0.07,1925,-0.11853884184688486,-228.18727055525335,0.7775541103677
SMA,i001,XRPUSDT,True,slip3,1925,-0.10008974285557289,-192.6727549969778,0.808238547537846
SMA,i001,XRPUSDT,True,no_funding,1925,-0.0777822239869379,-149.73078117485548,0.847191820387727
EMA,i002,XRPUSDT,False,baseline,5423,-0.10887689244329773,-590.4393877200037,0.670524858664334
EMA,i002,XRPUSDT,False,tp0.80,5677,-0.11282610684763215,-640.5138085740078,0.6353588713296697
EMA,i002,XRPUSDT,False,tp1.80,5226,-0.09383255627830894,-490.3689391104425,0.7232737805904123
EMA,i002,XRPUSDT,False,sl0.50,6013,-0.10753120168957676,-646.5851157594251,0.6598084080476506
EMA,i002,XRPUSDT,False,sl1.20,5168,-0.11493288988206668,-593.9731749105206,0.6569822107208249
EMA,i002,XRPUSDT,False,fee0.02,5423,-0.04887691759978039,-265.05952414360905,0.8293985528845793
EMA,i002,XRPUSDT,False,fee0.07,5423,-0.14887687567230926,-807.359296770933,0.586885831975984
EMA,i002,XRPUSDT,False,slip3,5423,-0.13067207842898126,-708.6346813203654,0.6233057144623378
EMA,i002,XRPUSDT,False,no_funding,5423,-0.10894409251705764,-590.8038137200035,0.6703373089032234
EMA,i002,XRPUSDT,True,baseline,1932,-0.07423739338924487,-143.4266440280211,0.853950431080559
EMA,i002,XRPUSDT,True,tp0.80,2110,-0.09024237864064512,-190.4114189317612,0.7917719467284159
EMA,i002,XRPUSDT,True,tp1.80,1733,-0.03731470146868167,-64.66637764522534,0.9330852147554071
EMA,i002,XRPUSDT,True,sl0.50,2319,-0.08261392501523569,-191.58169211033157,0.7999270835651447
EMA,i002,XRPUSDT,True,sl1.20,1671,-0.0753468205970906,-125.90453721773838,0.8721099143764269
EMA,i002,XRPUSDT,True,fee0.02,1932,-0.01424647508674615,-27.524189867593563,0.9699047259305411
EMA,i002,XRPUSDT,True,fee0.07,1932,-0.11423133892424406,-220.69494680163953,0.7851644976348988
EMA,i002,XRPUSDT,True,slip3,1932,-0.09595432000216411,-185.38374624418105,0.815832898702224
EMA,i002,XRPUSDT,True,no_funding,1932,-0.0734055786894519,-141.81957802802108,0.8554538283013938
DEMA,i003,XRPUSDT,False,baseline,7361,-0.11559738830799876,-850.9123753351789,0.6531476801847457
DEMA,i003,XRPUSDT,False,tp0.80,7765,-0.11133234817386642,-864.4956835700727,0.6434979593716152
DEMA,i003,XRPUSDT,False,tp1.80,7034,-0.1198026194900474,-842.6916254929936,0.6471374843840575
DEMA,i003,XRPUSDT,False,sl0.50,8027,-0.11289428247777619,-906.2024054491095,0.6331051604647422
DEMA,i003,XRPUSDT,False,sl1.20,7015,-0.1219632063305671,-855.5718924089282,0.6475179577984383
DEMA,i003,XRPUSDT,False,fee0.02,7361,-0.05560142566049911,-409.28209428693395,0.8092228569213465
DEMA,i003,XRPUSDT,False,fee0.07,7361,-0.15559469673966522,-1145.3325627006757,0.5702370070765531
DEMA,i003,XRPUSDT,False,slip3,7361,-0.13730926028595286,-1010.733464964899,0.6065759372269685
DEMA,i003,XRPUSDT,False,no_funding,7361,-0.1155795050040998,-850.7807363351787,0.6531803550653916
DEMA,i003,XRPUSDT,True,baseline,2619,-0.0990619625190585,-259.4432798374142,0.80905181748469
DEMA,i003,XRPUSDT,True,tp0.80,2923,-0.10519441626032067,-307.4832787289173,0.7621462044874776
DEMA,i003,XRPUSDT,True,tp1.80,2324,-0.08355976176866643,-194.19288635038077,0.8541988177472797
DEMA,i003,XRPUSDT,True,sl0.50,3164,-0.10573955487534566,-334.5599516255936,0.7485023138205139
DEMA,i003,XRPUSDT,True,sl1.20,2225,-0.10269439105066236,-228.4950200877238,0.8301179673696163
DEMA,i003,XRPUSDT,True,fee0.02,2619,-0.03907242659430508,-102.330685250485,0.919169406280768
DEMA,i003,XRPUSDT,True,fee0.07,2619,-0.13905498646889414,-364.1850095620337,0.7436464626398793
DEMA,i003,XRPUSDT,True,slip3,2619,-0.12067233171548516,-316.04083676285563,0.7729758232187474
DEMA,i003,XRPUSDT,True,no_funding,2619,-0.09839615114066978,-257.6995198374142,0.8102036319329904
TEMA,i004,XRPUSDT,False,baseline,8300,-0.10535935971402247,-874.4826856263865,0.6686994977323721
TEMA,i004,XRPUSDT,False,tp0.80,8814,-0.1062737394689787,-936.6967396795783,0.6521819556884011
TEMA,i004,XRPUSDT,False,tp1.80,7942,-0.10472551446359193,-831.7300358698471,0.6752785033363494
TEMA,i004,XRPUSDT,False,sl0.50,9021,-0.11032108977613209,-995.2065508704877,0.6286856594550424
TEMA,i004,XRPUSDT,False,sl1.20,7952,-0.11080608280739826,-881.1299704844309,0.6672639011712918
TEMA,i004,XRPUSDT,False,fee0.02,8300,-0.04536017824719347,-376.4894794517058,0.836581413037403
TEMA,i004,XRPUSDT,False,fee0.07,8300,-0.1453588140252418,-1206.4781564095072,0.5799915945202255
TEMA,i004,XRPUSDT,False,slip3,8300,-0.12702073879922712,-1054.2721320335852,0.618931481906949
TEMA,i004,XRPUSDT,False,no_funding,8300,-0.10534590694293813,-874.3710276263865,0.6687413444307583
TEMA,i004,XRPUSDT,True,baseline,2935,-0.07398345373786806,-217.14143672064273,0.8538102317163888
TEMA,i004,XRPUSDT,True,tp0.80,3351,-0.08182585787159895,-274.1984497277281,0.8088994011182178
TEMA,i004,XRPUSDT,True,tp1.80,2587,-0.07667377183911889,-198.35504774780054,0.8658763089623275
TEMA,i004,XRPUSDT,True,sl0.50,3568,-0.09109775155675227,-325.0367775544921,0.7806546312563776
TEMA,i004,XRPUSDT,True,sl1.20,2456,-0.06223416520478226,-152.84710974294524,0.8926972809094061
TEMA,i004,XRPUSDT,True,fee0.02,2935,-0.013991049134762422,-41.063729210527704,0.9703127861186885
TEMA,i004,XRPUSDT,True,fee0.07,2935,-0.11397839013993849,-334.5265750607195,0.7846959007421748
TEMA,i004,XRPUSDT,True,slip3,2935,-0.0956183925526748,-280.63998214210056,0.8156629354484358
TEMA,i004,XRPUSDT,True,no_funding,2935,-0.07329578968335357,-215.12314272064273,0.8550729989952613
Hull MA,i005,XRPUSDT,False,baseline,8832,-0.10748914055918968,-949.3440894187632,0.6606620837656684
Hull MA,i005,XRPUSDT,False,tp0.80,9405,-0.10324844601002023,-971.0516347242402,0.6586455258068272
Hull MA,i005,XRPUSDT,False,tp1.80,8452,-0.10430732485967589,-881.6055097139806,0.6729447784163893
Hull MA,i005,XRPUSDT,False,sl0.50,9576,-0.1128663992333489,-1080.808639058549,0.6176943626547005
Hull MA,i005,XRPUSDT,False,sl1.20,8409,-0.11511025264470248,-967.9621144893032,0.6501010749816453
Hull MA,i005,XRPUSDT,False,fee0.02,8832,-0.04748830093573038,-419.4166738643707,0.8287430978752425
Hull MA,i005,XRPUSDT,False,fee0.07,8832,-0.14748970030816252,-1302.6290331216915,0.5715308813603135
Hull MA,i005,XRPUSDT,False,slip3,8832,-0.12913655647659228,-1140.5340668012632,0.6107476427098306
Hull MA,i005,XRPUSDT,False,no_funding,8832,-0.10748275378382735,-949.2876814187632,0.6606882492308349
Hull MA,i005,XRPUSDT,True,baseline,3148,-0.08797592924491661,-276.9482252629975,0.8284257343385009
Hull MA,i005,XRPUSDT,True,tp0.80,3585,-0.09283616701767622,-332.81765875836925,0.7862642247041561
Hull MA,i005,XRPUSDT,True,tp1.80,2755,-0.07898843912468187,-217.61314978849856,0.8617925072341025
Hull MA,i005,XRPUSDT,True,sl0.50,3782,-0.09902063444895237,-374.4960394859379,0.7630260516906866
Hull MA,i005,XRPUSDT,True,sl1.20,2629,-0.0737251207739924,-193.82334251482604,0.8743122682236731
Hull MA,i005,XRPUSDT,True,fee0.02,3148,-0.027984002366874195,-88.09363945091997,0.9413890573675208
Hull MA,i005,XRPUSDT,True,fee0.07,3148,-0.1279705471636116,-402.8512824710493,0.7614143516996409
Hull MA,i005,XRPUSDT,True,slip3,3148,-0.10958265440608383,-344.9661960703519,0.7914924755424205
Hull MA,i005,XRPUSDT,True,no_funding,3148,-0.0872974788001898,-274.8124632629975,0.8296290838884528
Hamming MA,i006,XRPUSDT,False,baseline,4990,-0.09861568790843966,-492.09228266311385,0.7243953194502674
Hamming MA,i006,XRPUSDT,False,tp0.80,5249,-0.10892477442945801,-571.7461409802252,0.6730152593031018
Hamming MA,i006,XRPUSDT,False,tp1.80,4755,-0.09312678427873072,-442.8178592453646,0.7483973705318852
Hamming MA,i006,XRPUSDT,False,sl0.50,5574,-0.10181654689747613,-567.5254324065319,0.6953062365790349
Hamming MA,i006,XRPUSDT,False,sl1.20,4739,-0.10820970536877064,-512.8057937426041,0.7094285392337147
Hamming MA,i006,XRPUSDT,False,fee0.02,4990,-0.03861571697520125,-192.69242770625422,0.8778125944819714
Hamming MA,i006,XRPUSDT,False,fee0.07,4990,-0.13861566853059862,-691.692185967687,0.6410972621286212
Hamming MA,i006,XRPUSDT,False,slip3,4990,-0.1202851258556639,-600.2227780197629,0.6778222959442801
Hamming MA,i006,XRPUSDT,False,no_funding,4990,-0.0986627802932092,-492.3272736631139,0.7242829484816229
Hamming MA,i006,XRPUSDT,True,baseline,1909,-0.06074013688455502,-115.95292131261552,0.8788680821792731
Hamming MA,i006,XRPUSDT,True,tp0.80,2059,-0.08465407801040992,-174.30274662343402,0.8031970707759903
Hamming MA,i006,XRPUSDT,True,tp1.80,1728,-0.04086332037744538,-70.61181761222561,0.9264796939519979
Hamming MA,i006,XRPUSDT,True,sl0.50,2241,-0.0824477143747217,-184.76532791375132,0.8000567298016344
Hamming MA,i006,XRPUSDT,True,sl1.20,1647,-0.0448036817024466,-73.79166376392955,0.9213150896079016
Hamming MA,i006,XRPUSDT,True,fee0.02,1909,-0.0007510048916997321,-1.4336683382547886,0.9983922028034729
Hamming MA,i006,XRPUSDT,True,fee0.07,1909,-0.10073289154645855,-192.29908996218936,0.8079162761135704
Hamming MA,i006,XRPUSDT,True,slip3,1909,-0.08255169572018363,-157.59118712983053,0.839325768637618
Hamming MA,i006,XRPUSDT,True,no_funding,1909,-0.05993629770173677,-114.41839231261551,0.880363642510338
Arnaud Legoux MA,i007,XRPUSDT,False,baseline,8136,-0.11252664431737809,-915.516778166188,0.6395422502138131
Arnaud Legoux MA,i007,XRPUSDT,False,tp0.80,8573,-0.10941027727443356,-937.9743070737188,0.6307480772519174
Arnaud Legoux MA,i007,XRPUSDT,False,tp1.80,7848,-0.11159679279827339,-875.8116298808495,0.6513196511912402
Arnaud Legoux MA,i007,XRPUSDT,False,sl0.50,8955,-0.11300122506560181,-1011.9259704624643,0.6221338935063943
Arnaud Legoux MA,i007,XRPUSDT,False,sl1.20,7789,-0.11288690625322433,-879.2761128063644,0.6412678146738174
Arnaud Legoux MA,i007,XRPUSDT,False,fee0.02,8136,-0.052526443991486226,-427.3551483147319,0.8054641037872641
Arnaud Legoux MA,i007,XRPUSDT,False,fee0.07,8136,-0.15252677786797264,-1240.9578647338253,0.5529805647016551
Arnaud Legoux MA,i007,XRPUSDT,False,slip3,8136,-0.13432496998662774,-1092.8679558112033,0.5906761711510812
Arnaud Legoux MA,i007,XRPUSDT,False,no_funding,8136,-0.11253171130361211,-915.5580031661881,0.6395360975328755
Arnaud Legoux MA,i007,XRPUSDT,True,baseline,2805,-0.08513755173918015,-238.81083262840033,0.8339086032458392
Arnaud Legoux MA,i007,XRPUSDT,True,tp0.80,3185,-0.10234221255735955,-325.95994699519014,0.7673321126653997
Arnaud Legoux MA,i007,XRPUSDT,True,tp1.80,2467,-0.08904041788984281,-219.6627109342422,0.845840729017591
Arnaud Legoux MA,i007,XRPUSDT,True,sl0.50,3416,-0.09546672937499316,-326.1143475449766,0.7707263490758597
Arnaud Legoux MA,i007,XRPUSDT,True,sl1.20,2369,-0.08816380231969277,-208.86004769535216,0.8515656074772597
Arnaud Legoux MA,i007,XRPUSDT,True,fee0.02,2805,-0.025145322788154373,-70.53263042077302,0.947313970822106
Arnaud Legoux MA,i007,XRPUSDT,True,fee0.07,2805,-0.12513237103986402,-350.9963007668186,0.7666279494247654
Arnaud Legoux MA,i007,XRPUSDT,True,slip3,2805,-0.10693962692741561,-299.9656535314008,0.7965542685742854
Arnaud Legoux MA,i007,XRPUSDT,True,no_funding,2805,-0.08446014282652418,-236.91070062840032,0.835124743255228
Least Squares MA,i008,XRPUSDT,False,baseline,4780,-0.11341446555992386,-542.1211453764361,0.6969978843756921
Least Squares MA,i008,XRPUSDT,False,tp0.80,5055,-0.1091091598062672,-551.5468028206808,0.6821154412564663
Least Squares MA,i008,XRPUSDT,False,tp1.80,4555,-0.11084065450399753,-504.8791812657088,0.712524952706541
Least Squares MA,i008,XRPUSDT,False,sl0.50,5246,-0.1119563706729621,-587.3231205503592,0.6656563566131604
Least Squares MA,i008,XRPUSDT,False,sl1.20,4533,-0.12388106376201428,-561.5528620332108,0.6900445073199395
Least Squares MA,i008,XRPUSDT,False,fee0.02,4780,-0.05341655930132256,-255.33115346032184,0.8393379162518952
Least Squares MA,i008,XRPUSDT,False,fee0.07,4780,-0.15341306973232474,-733.3144733205122,0.6190460021960388
Least Squares MA,i008,XRPUSDT,False,slip3,4780,-0.13487394165222266,-644.6974410976244,0.6538475484213029
Least Squares MA,i008,XRPUSDT,False,no_funding,4780,-0.11341411827958912,-542.119485376436,0.6970052076961707
Least Squares MA,i008,XRPUSDT,True,baseline,1847,-0.10107975822514281,-186.6943134418388,0.8057838559323406
Least Squares MA,i008,XRPUSDT,True,tp0.80,2005,-0.10931724924614546,-219.18108473852163,0.7548260913338134
Least Squares MA,i008,XRPUSDT,True,tp1.80,1712,-0.09305594593243785,-159.3117794363336,0.8393469264610505
Least Squares MA,i008,XRPUSDT,True,sl0.50,2138,-0.08990298677910141,-192.2125857337188,0.7835524661896763
Least Squares MA,i008,XRPUSDT,True,sl1.20,1606,-0.08402410520669579,-134.94271296195345,0.85889503359872
Least Squares MA,i008,XRPUSDT,True,fee0.02,1847,-0.04109267373725158,-75.89816839270367,0.9152568092468669
Least Squares MA,i008,XRPUSDT,True,fee0.07,1847,-0.14107114788373704,-260.5584101412623,0.7407923575265887
Least Squares MA,i008,XRPUSDT,True,slip3,1847,-0.12277870756992318,-226.7722728816481,0.7698146126810131
Least Squares MA,i008,XRPUSDT,True,no_funding,1847,-0.10037091415367558,-185.3850784418388,0.8070048001066453
Smoothed MA,i009,XRPUSDT,False,baseline,4529,-0.1091661069928342,-494.4132985705461,0.6791266445924353
Smoothed MA,i009,XRPUSDT,False,tp0.80,4746,-0.10910271379039509,-517.8014796492151,0.6530096568696577
Smoothed MA,i009,XRPUSDT,False,tp1.80,4358,-0.11117324889031437,-484.4930186639901,0.687546844312093
Smoothed MA,i009,XRPUSDT,False,sl0.50,5030,-0.10687490425456313,-537.5807684004525,0.6696989327660534
Smoothed MA,i009,XRPUSDT,False,sl1.20,4320,-0.10954633295973146,-473.24015838603987,0.6807039896771625
Smoothed MA,i009,XRPUSDT,False,fee0.02,4529,-0.04916616701892806,-222.67357042872518,0.8338269021856258
Smoothed MA,i009,XRPUSDT,False,fee0.07,4529,-0.1491660669754383,-675.57311733176,0.5971656038129042
Smoothed MA,i009,XRPUSDT,False,slip3,4529,-0.13088038040522731,-592.7572428552746,0.6328764347983445
Smoothed MA,i009,XRPUSDT,False,no_funding,4529,-0.10924488994712873,-494.7701065705461,0.6789419064872154
Smoothed MA,i009,XRPUSDT,True,baseline,1631,-0.06808077578405881,-111.03974530379995,0.8649879769436267
Smoothed MA,i009,XRPUSDT,True,tp0.80,1785,-0.09100670790888989,-162.44697361736846,0.7906255082464277
Smoothed MA,i009,XRPUSDT,True,tp1.80,1500,-0.06354791699048086,-95.32187548572129,0.8873548617099596
Smoothed MA,i009,XRPUSDT,True,sl0.50,1977,-0.08661423725639927,-171.23634705590135,0.790937087589771
Smoothed MA,i009,XRPUSDT,True,sl1.20,1430,-0.08049365903097057,-115.1059324142879,0.863388200849932
Smoothed MA,i009,XRPUSDT,True,fee0.02,1631,-0.008091674076459438,-13.197520418705345,0.9827695194404601
Smoothed MA,i009,XRPUSDT,True,fee0.07,1631,-0.10807351025579176,-176.26789522719636,0.795098264822456
Smoothed MA,i009,XRPUSDT,True,slip3,1631,-0.08972686128048796,-146.34451074847584,0.8263443262277741
Smoothed MA,i009,XRPUSDT,True,no_funding,1631,-0.06718372673439602,-109.5766583037999,0.8666187157181701
Adaptive MA,i010,XRPUSDT,False,baseline,4043,-0.10008342472130596,-404.63728614824,0.7173689699326282
Adaptive MA,i010,XRPUSDT,False,tp0.80,4239,-0.09969956072577349,-422.62643791655375,0.6903627616045244
Adaptive MA,i010,XRPUSDT,False,tp1.80,3902,-0.09675067744877516,-377.5211434051207,0.7423232061106255
Adaptive MA,i010,XRPUSDT,False,sl0.50,4510,-0.10230216010820427,-461.38274208800124,0.6938230295451475
Adaptive MA,i010,XRPUSDT,False,sl1.20,3815,-0.11179090309214844,-426.4822952965463,0.6916813854639576
Adaptive MA,i010,XRPUSDT,False,fee0.02,4043,-0.040081787924641704,-162.05066857932638,0.8708815726285453
Adaptive MA,i010,XRPUSDT,False,fee0.07,4043,-0.14008451591908216,-566.3616978608492,0.6348577799642591
Adaptive MA,i010,XRPUSDT,False,slip3,4043,-0.12182887488185545,-492.5541411473416,0.6708671213578282
Adaptive MA,i010,XRPUSDT,False,no_funding,4043,-0.10015683209207027,-404.9340721482401,0.7171873929072199
Adaptive MA,i010,XRPUSDT,True,baseline,1549,-0.05872535664211145,-90.96557743863063,0.8819502402822919
Adaptive MA,i010,XRPUSDT,True,tp0.80,1657,-0.07801301640511484,-129.2675681832753,0.81635413971382
Adaptive MA,i010,XRPUSDT,True,tp1.80,1446,-0.02664322811718708,-38.526107857452516,0.951476536360158
Adaptive MA,i010,XRPUSDT,True,sl0.50,1846,-0.0759460730116734,-140.1964507795491,0.8143491855069571
Adaptive MA,i010,XRPUSDT,True,sl1.20,1373,-0.07301850289052522,-100.25440446869112,0.8743043319254848
Adaptive MA,i010,XRPUSDT,True,fee0.02,1549,0.0012618454643762184,1.9545986243187623,1.0027258986971286
Adaptive MA,i010,XRPUSDT,True,fee0.07,1549,-0.09871682471310325,-152.91236148059696,0.8103824917289029
Adaptive MA,i010,XRPUSDT,True,slip3,1549,-0.08074147367597838,-125.06854272409049,0.8418263732099909
Adaptive MA,i010,XRPUSDT,True,no_funding,1549,-0.05787660841745036,-89.65086643863062,0.8835722009627929
Multi-Timeframe MA,i011,XRPUSDT,False,baseline,1657,-0.11171391434569324,-185.1099560708137,0.7129590035724708
Multi-Timeframe MA,i011,XRPUSDT,False,tp0.80,1707,-0.10339783337899129,-176.50010157793812,0.6967029401483303
Multi-Timeframe MA,i011,XRPUSDT,False,tp1.80,1633,-0.11497524636257354,-187.7545773100826,0.7300030496790466
Multi-Timeframe MA,i011,XRPUSDT,False,sl0.50,1871,-0.11286474627730983,-211.1699402848467,0.6853095966072623
Multi-Timeframe MA,i011,XRPUSDT,False,sl1.20,1561,-0.12125662247090814,-189.2815876770876,0.701419369149397
Multi-Timeframe MA,i011,XRPUSDT,False,fee0.02,1657,-0.05171574577456996,-85.69299074846242,0.8501844628026777
Multi-Timeframe MA,i011,XRPUSDT,False,fee0.07,1657,-0.15171269339310878,-251.38793295238125,0.6375664683832571
Multi-Timeframe MA,i011,XRPUSDT,False,slip3,1657,-0.13272487993781992,-219.9251260569676,0.6722131931983463
Multi-Timeframe MA,i011,XRPUSDT,False,no_funding,1657,-0.11177872726059969,-185.2173510708137,0.7128457152289198
Multi-Timeframe MA,i011,XRPUSDT,True,baseline,619,-0.1522308007140232,-94.23086564198036,0.7171654565790556
Multi-Timeframe MA,i011,XRPUSDT,True,tp0.80,659,-0.1460758908927362,-96.26401209831316,0.6847087813554673
Multi-Timeframe MA,i011,XRPUSDT,True,tp1.80,601,-0.17363129028032773,-104.35240545847697,0.7080476711833384
Multi-Timeframe MA,i011,XRPUSDT,True,sl0.50,722,-0.13727739076120973,-99.11427612959342,0.6813388262940828
Multi-Timeframe MA,i011,XRPUSDT,True,sl1.20,556,-0.1810594853430508,-100.66907385073624,0.7116479563115936
Multi-Timeframe MA,i011,XRPUSDT,True,fee0.02,619,-0.09225403704223277,-57.105248929142086,0.8158302717357278
Multi-Timeframe MA,i011,XRPUSDT,True,fee0.07,619,-0.19221530982855017,-118.98127678387256,0.6587283212982409
Multi-Timeframe MA,i011,XRPUSDT,True,slip3,619,-0.17398759253496807,-107.69831977914524,0.6850311358328085
Multi-Timeframe MA,i011,XRPUSDT,True,no_funding,619,-0.15170451961547712,-93.90509764198033,0.7180034846925502
WMA,i012,XRPUSDT,False,baseline,6224,-0.11109798929499588,-691.4738853720543,0.6659249574130205
WMA,i012,XRPUSDT,False,tp0.80,6551,-0.11105602762519329,-727.5280369726412,0.6432450795133324
WMA,i012,XRPUSDT,False,tp1.80,5973,-0.10874293554363937,-649.5215540021579,0.6808504849848941
WMA,i012,XRPUSDT,False,sl0.50,6904,-0.11173815897309507,-771.4402495502484,0.6479034017482352
WMA,i012,XRPUSDT,False,sl1.20,5948,-0.11679124812722468,-694.6743438607324,0.6561364310051894
WMA,i012,XRPUSDT,False,fee0.02,6224,-0.05109782897592624,-318.03288754616494,0.8234309980812619
WMA,i012,XRPUSDT,False,fee0.07,6224,-0.15109809617437564,-940.434550589314,0.5826141467226554
WMA,i012,XRPUSDT,False,slip3,6224,-0.1328886832706727,-827.0991646766668,0.6189402970514613
WMA,i012,XRPUSDT,False,no_funding,6224,-0.1111380640057928,-691.7233103720545,0.6658188396278499
WMA,i012,XRPUSDT,True,baseline,2242,-0.07821869916143803,-175.36632351994407,0.8466708470197508
WMA,i012,XRPUSDT,True,tp0.80,2446,-0.09598133427743974,-234.7703436426176,0.7798908519163765
WMA,i012,XRPUSDT,True,tp1.80,1995,-0.051237638997807526,-102.21908980062602,0.9089045834615217
WMA,i012,XRPUSDT,True,sl0.50,2691,-0.0865142712826814,-232.80990402169564,0.7910047509275328
WMA,i012,XRPUSDT,True,sl1.20,1927,-0.08995762723446842,-173.34834768082064,0.8490445240371716
WMA,i012,XRPUSDT,True,fee0.02,2242,-0.01822849672788221,-40.86828966391191,0.9616389265057246
WMA,i012,XRPUSDT,True,fee0.07,2242,-0.11821216745047526,-265.03167942396556,0.7784429898530189
WMA,i012,XRPUSDT,True,slip3,2242,-0.1000502680256525,-224.31270091351294,0.8086273572299434
WMA,i012,XRPUSDT,True,no_funding,2242,-0.07746939140051028,-173.68637551994402,0.8480164616507339
McGinley Dynamic,i013,XRPUSDT,False,baseline,3215,-0.10724152781509576,-344.78151192553287,0.6998033304236828
McGinley Dynamic,i013,XRPUSDT,False,tp0.80,3359,-0.10887390765681333,-365.70745581923603,0.6668388165006035
McGinley Dynamic,i013,XRPUSDT,False,tp1.80,3112,-0.09418062868823077,-293.09011647777413,0.7485041708370765
McGinley Dynamic,i013,XRPUSDT,False,sl0.50,3550,-0.10972812986260383,-389.53486101224354,0.6727417034875052
McGinley Dynamic,i013,XRPUSDT,False,sl1.20,3013,-0.1187560979084506,-357.8121229981616,0.6725602455591173
McGinley Dynamic,i013,XRPUSDT,False,fee0.02,3215,-0.04723631810060649,-151.86476269344985,0.8490325929687234
McGinley Dynamic,i013,XRPUSDT,False,fee0.07,3215,-0.1472450009580886,-473.3926780802548,0.6197111478988389
McGinley Dynamic,i013,XRPUSDT,False,slip3,3215,-0.12905377688171368,-414.90789267470944,0.6546768124446155
McGinley Dynamic,i013,XRPUSDT,False,no_funding,3215,-0.1074213265709278,-345.3595649255329,0.6993989819514179
McGinley Dynamic,i013,XRPUSDT,True,baseline,1218,-0.08226693303717324,-100.201124439277,0.8381571154280046
McGinley Dynamic,i013,XRPUSDT,True,tp0.80,1302,-0.09556709981717884,-124.42836396196685,0.7813215920771499
McGinley Dynamic,i013,XRPUSDT,True,tp1.80,1150,-0.07497161034250827,-86.21735189388451,0.8673023650048668
McGinley Dynamic,i013,XRPUSDT,True,sl0.50,1434,-0.08490548987218832,-121.75447247671806,0.7939664335414097
McGinley Dynamic,i013,XRPUSDT,True,sl1.20,1070,-0.08639853937977196,-92.44643713635598,0.8538385340081406
McGinley Dynamic,i013,XRPUSDT,True,fee0.02,1218,-0.02226858626308076,-27.12313806843236,0.9529537654754262
McGinley Dynamic,i013,XRPUSDT,True,fee0.07,1218,-0.12226583088656828,-148.91978201984014,0.7700507517652455
McGinley Dynamic,i013,XRPUSDT,True,slip3,1218,-0.10436202090289894,-127.11294145973089,0.7998346124808641
McGinley Dynamic,i013,XRPUSDT,True,no_funding,1218,-0.08156544781549835,-99.34671543927699,0.8394106356162916
Guppy MMA,i014,XRPUSDT,False,baseline,1391,-0.058090416400827835,-80.80376921355152,0.8823921892167206
Guppy MMA,i014,XRPUSDT,False,tp0.80,1432,-0.07375845354022867,-105.62210546960745,0.8246915904422556
Guppy MMA,i014,XRPUSDT,False,tp1.80,1364,-0.04738999682800937,-64.63995567340478,0.9138462546663328
Guppy MMA,i014,XRPUSDT,False,sl0.50,1550,-0.05857703397533186,-90.79440266176438,0.8544444308418154
Guppy MMA,i014,XRPUSDT,False,sl1.20,1238,-0.07400246268703888,-91.61504880655413,0.8707856648066707
Guppy MMA,i014,XRPUSDT,False,fee0.02,1391,0.0019038634948505564,2.648274121337124,1.0041438185557712
Guppy MMA,i014,XRPUSDT,False,fee0.07,1391,-0.09808660299794679,-136.43846477014398,0.8103069784475045
Guppy MMA,i014,XRPUSDT,False,slip3,1391,-0.07932942859480986,-110.34723517538052,0.8433106264682401
Guppy MMA,i014,XRPUSDT,False,no_funding,1391,-0.05776435816933969,-80.3502222135515,0.8830115775218599
Guppy MMA,i014,XRPUSDT,True,baseline,706,-0.03352598980852384,-23.669348804817826,0.9315180775217891
Guppy MMA,i014,XRPUSDT,True,tp0.80,736,-0.05530210308956946,-40.70234787392313,0.8663752043009518
Guppy MMA,i014,XRPUSDT,True,tp1.80,689,-0.02440522899658492,-16.81520277864701,0.9553746701983024
Guppy MMA,i014,XRPUSDT,True,sl0.50,784,-0.05474493815345482,-42.920031512308576,0.8638936516067692
Guppy MMA,i014,XRPUSDT,True,sl1.20,651,-0.0593015385236551,-38.60530157889947,0.8972041551976306
Guppy MMA,i014,XRPUSDT,True,fee0.02,706,0.026450287622899013,18.673903061766705,1.0579776348209589
Guppy MMA,i014,XRPUSDT,True,fee0.07,706,-0.07351017476280577,-51.89818338254087,0.8564176240482814
Guppy MMA,i014,XRPUSDT,True,slip3,706,-0.055620530109722746,-39.268094257464256,0.8892098311814046
Guppy MMA,i014,XRPUSDT,True,no_funding,706,-0.03280456346291476,-23.16002180481782,0.9329400643685727
MA Cross,i015,XRPUSDT,False,baseline,1840,-0.10903351953424006,-200.62167594300172,0.7693043703967332
MA Cross,i015,XRPUSDT,False,tp0.80,1912,-0.10801069457571008,-206.51644802875765,0.7369529241795312
MA Cross,i015,XRPUSDT,False,tp1.80,1778,-0.10429034469256547,-185.4282328633814,0.7973964268147352
MA Cross,i015,XRPUSDT,False,sl0.50,2001,-0.09963242216638421,-199.36447675493477,0.7461888584835653
MA Cross,i015,XRPUSDT,False,sl1.20,1690,-0.11644672832684029,-196.79497087236007,0.7786860070490618
MA Cross,i015,XRPUSDT,False,fee0.02,1840,-0.049046413580139836,-90.2454009874573,0.8872502339302215
MA Cross,i015,XRPUSDT,False,fee0.07,1840,-0.14902492350364024,-274.205859246698,0.7008009595026783
MA Cross,i015,XRPUSDT,False,slip3,1840,-0.13021725840865112,-239.59975547191803,0.7322816044981912
MA Cross,i015,XRPUSDT,False,no_funding,1840,-0.10921792007771833,-200.9609729430017,0.7689486071124145
MA Cross,i015,XRPUSDT,True,baseline,768,-0.07020063438497659,-53.91408720766202,0.8591984058073343
MA Cross,i015,XRPUSDT,True,tp0.80,789,-0.11463313683914342,-90.44554496608416,0.7433857077995888
MA Cross,i015,XRPUSDT,True,tp1.80,757,-0.06418221488079526,-48.585936664762,0.8851052372064717
MA Cross,i015,XRPUSDT,True,sl0.50,796,-0.09349342352567759,-74.42076512643936,0.7735516535013763
MA Cross,i015,XRPUSDT,True,sl1.20,732,-0.04486742031510657,-32.84295167065801,0.9198717455448912
MA Cross,i015,XRPUSDT,True,fee0.02,768,-0.010215170836140663,-7.845251202156028,0.9779861757336804
MA Cross,i015,XRPUSDT,True,fee0.07,768,-0.11019094341753394,-84.62664454466606,0.7888353104383229
MA Cross,i015,XRPUSDT,True,slip3,768,-0.09243357606240556,-70.98898641592747,0.8193632429694083
MA Cross,i015,XRPUSDT,True,no_funding,768,-0.06950963438497659,-53.383399207662016,0.8605031968931579
EMA Cross,i016,XRPUSDT,False,baseline,1556,-0.1010436434804573,-157.22390925559156,0.7875625540951364
EMA Cross,i016,XRPUSDT,False,tp0.80,1592,-0.11089218655334716,-176.54036099292867,0.7322522830886479
EMA Cross,i016,XRPUSDT,False,tp1.80,1516,-0.09058314046845746,-137.3240409501815,0.8251363395712998
EMA Cross,i016,XRPUSDT,False,sl0.50,1714,-0.09832158583165769,-168.52319811546127,0.7538791210764242
EMA Cross,i016,XRPUSDT,False,sl1.20,1399,-0.12534218321729718,-175.35371432099876,0.7631571607167782
EMA Cross,i016,XRPUSDT,False,fee0.02,1556,-0.0410502722691673,-63.87422365082431,0.9061637346372788
EMA Cross,i016,XRPUSDT,False,fee0.07,1556,-0.141039224287984,-219.45703299210305,0.7185952420637808
EMA Cross,i016,XRPUSDT,False,slip3,1556,-0.12198677083089461,-189.811415412872,0.7506589330589848
EMA Cross,i016,XRPUSDT,False,no_funding,1556,-0.10113985427737247,-157.37361325559155,0.7874480406930566
EMA Cross,i016,XRPUSDT,True,baseline,611,-0.054102382753803115,-33.0565558625737,0.8902888653520598
EMA Cross,i016,XRPUSDT,True,tp0.80,622,-0.06201188194316683,-38.57139056864977,0.8513416173679205
EMA Cross,i016,XRPUSDT,True,tp1.80,597,-0.039759921262609466,-23.73667299377785,0.9268608890369128
EMA Cross,i016,XRPUSDT,True,sl0.50,660,-0.07532896835468414,-49.71711911409153,0.8153681759878185
EMA Cross,i016,XRPUSDT,True,sl1.20,572,-0.08805972294512207,-50.37016152460983,0.8496506857842454
EMA Cross,i016,XRPUSDT,True,fee0.02,611,0.005890668002991519,3.599198149827818,1.0128231164497834
EMA Cross,i016,XRPUSDT,True,fee0.07,611,-0.09409774992499956,-57.49372520417473,0.8176278210316954
EMA Cross,i016,XRPUSDT,True,slip3,611,-0.0764301282763591,-46.69880837685542,0.8489760269556506
EMA Cross,i016,XRPUSDT,True,no_funding,611,-0.05341283610895858,-32.63524286257369,0.891622651993635
MA-EMA Cross,i017,XRPUSDT,False,baseline,3934,-0.10204421217340129,-401.44193069016063,0.7491714378085287
MA-EMA Cross,i017,XRPUSDT,False,tp0.80,4178,-0.09891759821656337,-413.2777253488017,0.7295260706005984
MA-EMA Cross,i017,XRPUSDT,False,tp1.80,3703,-0.09627326986140508,-356.499918296783,0.7720433152553627
MA-EMA Cross,i017,XRPUSDT,False,sl0.50,4298,-0.1033441370242194,-444.173100930095,0.708595738103211
MA-EMA Cross,i017,XRPUSDT,False,sl1.20,3648,-0.11165947176126834,-407.33375298510686,0.7487063333487872
MA-EMA Cross,i017,XRPUSDT,False,fee0.02,3934,-0.04204573406463492,-165.40791781027377,0.8860688971786339
MA-EMA Cross,i017,XRPUSDT,False,fee0.07,3934,-0.14204319757924558,-558.797939276752,0.6716954463083425
MA-EMA Cross,i017,XRPUSDT,False,slip3,3934,-0.12333746102159851,-485.20957165896857,0.7067795298079469
MA-EMA Cross,i017,XRPUSDT,False,no_funding,3934,-0.1020672236121405,-401.5324576901607,0.7491072030766597
MA-EMA Cross,i017,XRPUSDT,True,baseline,1678,-0.08974921772313953,-150.5991873394281,0.8247990488299985
MA-EMA Cross,i017,XRPUSDT,True,tp0.80,1790,-0.09563288567118983,-171.1828653514298,0.7810869381395878
MA-EMA Cross,i017,XRPUSDT,True,tp1.80,1567,-0.08752492670086869,-137.15156014026124,0.8468411585127457
MA-EMA Cross,i017,XRPUSDT,True,sl0.50,1862,-0.11507330374351771,-214.26649157043,0.7276867815606514
MA-EMA Cross,i017,XRPUSDT,True,sl1.20,1501,-0.06741523915325222,-101.19027396903158,0.8836549845545009
MA-EMA Cross,i017,XRPUSDT,True,fee0.02,1678,-0.029756780164893862,-49.9318771166919,0.9376045659767839
MA-EMA Cross,i017,XRPUSDT,True,fee0.07,1678,-0.12974417609530334,-217.710727487919,0.7579213159775032
MA-EMA Cross,i017,XRPUSDT,True,slip3,1678,-0.11133683464710788,-186.82320853784702,0.7878830583694261
MA-EMA Cross,i017,XRPUSDT,True,no_funding,1678,-0.08895339650740651,-149.26379933942812,0.826213451214052
SuperTrend,i018,XRPUSDT,False,baseline,913,-0.10560853318995159,-96.4205908024258,0.7941762202479311
SuperTrend,i018,XRPUSDT,False,tp0.80,926,-0.10981232585167677,-101.6862137386527,0.7528712043392337
SuperTrend,i018,XRPUSDT,False,tp1.80,894,-0.09521246917756067,-85.11994744473924,0.8294464313974796
SuperTrend,i018,XRPUSDT,False,sl0.50,945,-0.09722013470896132,-91.87302729996844,0.7647792854510905
SuperTrend,i018,XRPUSDT,False,sl1.20,864,-0.10945889789281034,-94.57248777938814,0.8157705299128098
SuperTrend,i018,XRPUSDT,False,fee0.02,913,-0.04562278295705396,-41.65360083979026,0.9044175835513165
SuperTrend,i018,XRPUSDT,False,fee0.07,913,-0.14559903334521673,-132.9319174441829,0.7289014524965003
SuperTrend,i018,XRPUSDT,False,slip3,913,-0.12694013342071686,-115.89634181311447,0.758762538199581
SuperTrend,i018,XRPUSDT,False,no_funding,913,-0.10577889244515425,-96.57612880242583,0.7938577233270594
SuperTrend,i018,XRPUSDT,True,baseline,328,-0.10084280685032164,-33.076440646905496,0.8028716711039142
SuperTrend,i018,XRPUSDT,True,tp0.80,328,-0.0813533173987781,-26.683888106799213,0.8101915411731129
SuperTrend,i018,XRPUSDT,True,tp1.80,327,-0.10775419744216753,-35.235622563588784,0.8114722667266377
SuperTrend,i018,XRPUSDT,True,sl0.50,329,-0.08096290166208886,-26.636794646827237,0.8027076802335545
SuperTrend,i018,XRPUSDT,True,sl1.20,325,-0.12533504787570524,-40.733890559604205,0.7919426511426432
SuperTrend,i018,XRPUSDT,True,fee0.02,328,-0.04085361074978917,-13.399984325930847,0.914128163369813
SuperTrend,i018,XRPUSDT,True,fee0.07,328,-0.14083560425067662,-46.19407819422193,0.73701097913913
SuperTrend,i018,XRPUSDT,True,slip3,328,-0.12387994568556751,-40.63262218486614,0.7645957357765075
SuperTrend,i018,XRPUSDT,True,no_funding,328,-0.1004835629478826,-32.95860864690549,0.8034647019113265
Ichimoku Cloud,i019,XRPUSDT,False,baseline,1527,-0.07715972488548177,-117.82289990013066,0.8380715370541334
Ichimoku Cloud,i019,XRPUSDT,False,tp0.80,1584,-0.0967323417260293,-153.2240292940304,0.7662053916963276
Ichimoku Cloud,i019,XRPUSDT,False,tp1.80,1494,-0.07926516931000384,-118.42216294914574,0.8514087366331912
Ichimoku Cloud,i019,XRPUSDT,False,sl0.50,1787,-0.09064316695304249,-161.9793393450869,0.7759885140890981
Ichimoku Cloud,i019,XRPUSDT,False,sl1.20,1363,-0.10431281659399899,-142.1783690176206,0.8075598538278703
Ichimoku Cloud,i019,XRPUSDT,False,fee0.02,1527,-0.017164252118591516,-26.209812985089243,0.9609833005224
Ichimoku Cloud,i019,XRPUSDT,False,fee0.07,1527,-0.11715670673007529,-178.89829117682498,0.7661449330687224
Ichimoku Cloud,i019,XRPUSDT,False,slip3,1527,-0.09831651984989467,-150.12932581078914,0.7991565815953089
Ichimoku Cloud,i019,XRPUSDT,False,no_funding,1527,-0.07699525926662124,-117.57176090013064,0.8384072281311716
Ichimoku Cloud,i019,XRPUSDT,True,baseline,693,-0.11089094966584224,-76.84742811842867,0.7882475160959165
Ichimoku Cloud,i019,XRPUSDT,True,tp0.80,726,-0.12177781089514678,-88.41069070987655,0.7299849622059637
Ichimoku Cloud,i019,XRPUSDT,True,tp1.80,667,-0.11856734956522477,-79.08442216000492,0.7959788611074742
Ichimoku Cloud,i019,XRPUSDT,True,sl0.50,799,-0.10705918352711065,-85.54028763816142,0.746660366834822
Ichimoku Cloud,i019,XRPUSDT,True,sl1.20,626,-0.1568723288301154,-98.20207784765223,0.749076020268557
Ichimoku Cloud,i019,XRPUSDT,True,fee0.02,693,-0.05092592307543374,-35.291664691275585,0.8956282772878994
Ichimoku Cloud,i019,XRPUSDT,True,fee0.07,693,-0.15086763405944792,-104.5512704031974,0.7244889340248711
Ichimoku Cloud,i019,XRPUSDT,True,slip3,693,-0.13223117515870156,-91.63620438498018,0.7534722596908043
Ichimoku Cloud,i019,XRPUSDT,True,no_funding,693,-0.11030746048835308,-76.44307011842868,0.7892458056306628
Parabolic SAR,i020,XRPUSDT,False,baseline,2761,-0.09602202066380337,-265.1167990527611,0.7860458664799187
Parabolic SAR,i020,XRPUSDT,False,tp0.80,2928,-0.08949339514187987,-262.0366609754243,0.7721301184254651
Parabolic SAR,i020,XRPUSDT,False,tp1.80,2609,-0.08665483198328817,-226.08245664439886,0.819534056134232
Parabolic SAR,i020,XRPUSDT,False,sl0.50,3045,-0.11585837238143241,-352.7887439014617,0.7020961699186624
Parabolic SAR,i020,XRPUSDT,False,sl1.20,2535,-0.0913815280305893,-231.65217355754385,0.8127463492246744
Parabolic SAR,i020,XRPUSDT,False,fee0.02,2761,-0.03603161004417818,-99.48327533197596,0.9124455167333342
Parabolic SAR,i020,XRPUSDT,False,fee0.07,2761,-0.13601562774355352,-375.5391481999513,0.7130908908289826
Parabolic SAR,i020,XRPUSDT,False,slip3,2761,-0.11698775404794097,-323.003188926365,0.7468483122607932
Parabolic SAR,i020,XRPUSDT,False,no_funding,2761,-0.09602555054428145,-265.1265450527611,0.7860435437108514
Parabolic SAR,i020,XRPUSDT,True,baseline,1149,-0.05517011020567029,-63.390456626315164,0.8891313973376989
Parabolic SAR,i020,XRPUSDT,True,tp0.80,1198,-0.06995958028380868,-83.8115771800028,0.8342429487442881
Parabolic SAR,i020,XRPUSDT,True,tp1.80,1098,-0.04134445460537704,-45.39621115670399,0.9254208448240225
Parabolic SAR,i020,XRPUSDT,True,sl0.50,1222,-0.08375664727666546,-102.35062297208519,0.7966697558043282
Parabolic SAR,i020,XRPUSDT,True,sl1.20,1075,-0.0625641470833731,-67.25645811462608,0.8917435372747449
Parabolic SAR,i020,XRPUSDT,True,fee0.02,1149,0.004807842141349979,5.524210620411126,1.010377212822562
Parabolic SAR,i020,XRPUSDT,True,fee0.07,1149,-0.09515541177035049,-109.33356812413271,0.8172000906914566
Parabolic SAR,i020,XRPUSDT,True,slip3,1149,-0.07673855958018039,-88.17260495762726,0.8494979428605947
Parabolic SAR,i020,XRPUSDT,True,no_funding,1149,-0.05421548357381649,-62.293590626315144,0.8909340653391145
Directional Movement,i021,XRPUSDT,False,baseline,2278,-0.10565371614779853,-240.67916538468506,0.7346984836581845
Directional Movement,i021,XRPUSDT,False,tp0.80,2360,-0.10052657405997176,-237.24271478153332,0.7122983127959859
Directional Movement,i021,XRPUSDT,False,tp1.80,2219,-0.0962806505743056,-213.64676362438414,0.7758106838649036
Directional Movement,i021,XRPUSDT,False,sl0.50,2568,-0.10318107957146037,-264.96901233951024,0.7117695243714177
Directional Movement,i021,XRPUSDT,False,sl1.20,2108,-0.10960949854230942,-231.05682292718822,0.7351038987596048
Directional Movement,i021,XRPUSDT,False,fee0.02,2278,-0.04565434702868304,-104.00060253133996,0.8721659274446725
Directional Movement,i021,XRPUSDT,False,fee0.07,2278,-0.1456532955605422,-331.79820728691516,0.6581795158137763
Directional Movement,i021,XRPUSDT,False,slip3,2278,-0.1270319150470062,-289.3787024770801,0.6924745282280449
Directional Movement,i021,XRPUSDT,False,no_funding,2278,-0.10574201772813217,-240.88031638468505,0.7344941500382307
Directional Movement,i021,XRPUSDT,True,baseline,901,-0.08853981126428051,-79.77436994911675,0.827659900345081
Directional Movement,i021,XRPUSDT,True,tp0.80,953,-0.10384679230475355,-98.96599306643013,0.7651878023841959
Directional Movement,i021,XRPUSDT,True,tp1.80,871,-0.06283917467288273,-54.73292114008086,0.8886141238942711
Directional Movement,i021,XRPUSDT,True,sl0.50,1021,-0.06517805034972271,-66.54678940706688,0.8390556992958438
Directional Movement,i021,XRPUSDT,True,sl1.20,808,-0.06257515023181588,-50.560721387307225,0.8920979093054443
Directional Movement,i021,XRPUSDT,True,fee0.02,901,-0.02855835843404281,-25.73108094907257,0.9403170264125112
Directional Movement,i021,XRPUSDT,True,fee0.07,901,-0.128527446484439,-115.80322928247955,0.7608419385062475
Directional Movement,i021,XRPUSDT,True,slip3,901,-0.11063664736380954,-99.68361927479239,0.7900348786508672
Directional Movement,i021,XRPUSDT,True,no_funding,901,-0.08780354156394754,-79.11099094911674,0.8289656449682372
Vortex,i022,XRPUSDT,False,baseline,2967,-0.1031799796373378,-306.1349995839812,0.7327495833273788
Vortex,i022,XRPUSDT,False,tp0.80,3080,-0.10908357278698229,-335.9774041839055,0.6856718981941651
Vortex,i022,XRPUSDT,False,tp1.80,2862,-0.09819826040945645,-281.0434212918643,0.7616869740802983
Vortex,i022,XRPUSDT,False,sl0.50,3284,-0.09278450682624366,-304.70432041738417,0.7270035778742284
Vortex,i022,XRPUSDT,False,sl1.20,2757,-0.09709102835951154,-267.67996518717337,0.7586352371429055
Vortex,i022,XRPUSDT,False,fee0.02,2967,-0.04318158702371518,-128.11976869936294,0.8755794479240119
Vortex,i022,XRPUSDT,False,fee0.07,2967,-0.14317890804641953,-424.81182017372674,0.6534133719118611
Vortex,i022,XRPUSDT,False,slip3,2967,-0.12447292462928197,-369.31116737507955,0.6893536453979515
Vortex,i022,XRPUSDT,False,no_funding,2967,-0.10329816096527847,-306.4856435839812,0.732514291202143
Vortex,i022,XRPUSDT,True,baseline,1178,-0.08435528833567757,-99.37052965942817,0.8340069248579877
Vortex,i022,XRPUSDT,True,tp0.80,1273,-0.09496953818463391,-120.89622210903896,0.7822722428679257
Vortex,i022,XRPUSDT,True,tp1.80,1114,-0.07100715026768185,-79.10196539819758,0.8739742591414263
Vortex,i022,XRPUSDT,True,sl0.50,1323,-0.09708064183901255,-128.43768915301362,0.7658648638857688
Vortex,i022,XRPUSDT,True,sl1.20,1057,-0.07609451076499643,-80.43189787860123,0.8693569505964993
Vortex,i022,XRPUSDT,True,fee0.02,1178,-0.024360981695498662,-28.697236437297423,0.9485092567391805
Vortex,i022,XRPUSDT,True,fee0.07,1178,-0.12435149276246352,-146.48605847418202,0.766128689913421
Vortex,i022,XRPUSDT,True,slip3,1178,-0.1063244759925738,-125.25023271925195,0.7959720614194513
Vortex,i022,XRPUSDT,True,no_funding,1178,-0.08368492246131423,-98.58083865942817,0.8351989076798625
Williams Alligator,i023,XRPUSDT,False,baseline,1795,-0.08444544385871539,-151.57957172639414,0.8208596223276332
Williams Alligator,i023,XRPUSDT,False,tp0.80,1882,-0.10240829026054044,-192.73240227033713,0.7536446857879787
Williams Alligator,i023,XRPUSDT,False,tp1.80,1725,-0.10499475519274869,-181.1159527074915,0.8012679556366581
Williams Alligator,i023,XRPUSDT,False,sl0.50,1974,-0.0978417596161297,-193.13963348224007,0.752815184276348
Williams Alligator,i023,XRPUSDT,False,sl1.20,1635,-0.09394725336862553,-153.60375925770273,0.8223309619024133
Williams Alligator,i023,XRPUSDT,False,fee0.02,1795,-0.024451267038658513,-43.89002433439203,0.9439485929193974
Williams Alligator,i023,XRPUSDT,False,fee0.07,1795,-0.12444156173875334,-223.37260332106226,0.748676490499222
Williams Alligator,i023,XRPUSDT,False,slip3,1795,-0.1055472646193511,-189.45733999173524,0.7819270109812911
Williams Alligator,i023,XRPUSDT,False,no_funding,1795,-0.08438339371943962,-151.4681917263941,0.8209643220347251
Williams Alligator,i023,XRPUSDT,True,baseline,872,-0.05855786576741717,-51.06245894918777,0.8830362660069948
Williams Alligator,i023,XRPUSDT,True,tp0.80,916,-0.07471103456777665,-68.43530766408341,0.82521609908057
Williams Alligator,i023,XRPUSDT,True,tp1.80,827,-0.07163404561198934,-59.241355721115184,0.8736326602952604
Williams Alligator,i023,XRPUSDT,True,sl0.50,939,-0.07944884904738787,-74.60246925549721,0.8067596428254963
Williams Alligator,i023,XRPUSDT,True,sl1.20,823,-0.05820327971559579,-47.90129920593533,0.8991448923979817
Williams Alligator,i023,XRPUSDT,True,fee0.02,872,0.0014168012838565638,1.2354507195229236,1.003037963451977
Williams Alligator,i023,XRPUSDT,True,fee0.07,872,-0.09854097713493301,-85.92773206166159,0.811787497405721
Williams Alligator,i023,XRPUSDT,True,slip3,872,-0.0806843936240058,-70.35679124013305,0.842735663532766
Williams Alligator,i023,XRPUSDT,True,no_funding,872,-0.058055198336224495,-50.62413294918776,0.8839456152235189
Williams Fractal,i024,XRPUSDT,False,baseline,2837,-0.11742857125619117,-333.1448566538144,0.7671197708163011
Williams Fractal,i024,XRPUSDT,False,tp0.80,3083,-0.11025599312803015,-339.91922681371693,0.745700530041453
Williams Fractal,i024,XRPUSDT,False,tp1.80,2586,-0.1345466515781555,-347.9376409811101,0.758983859751219
Williams Fractal,i024,XRPUSDT,False,sl0.50,3216,-0.12185202064579599,-391.8760983968799,0.706464214867918
Williams Fractal,i024,XRPUSDT,False,sl1.20,2576,-0.12784100031799964,-329.3184168191671,0.7782897442141913
Williams Fractal,i024,XRPUSDT,False,fee0.02,2837,-0.057425825631118754,-162.91706731548393,0.8769904859644015
Williams Fractal,i024,XRPUSDT,False,fee0.07,2837,-0.1574304016729061,-446.6300495460346,0.7025352957318572
Williams Fractal,i024,XRPUSDT,False,slip3,2837,-0.13822430141079467,-392.14234310242443,0.7327898429425052
Williams Fractal,i024,XRPUSDT,False,no_funding,2837,-0.11737955363194019,-333.0057936538143,0.7672175557531113
Williams Fractal,i024,XRPUSDT,True,baseline,1301,-0.10596548666945757,-137.8610981569643,0.7981976640881951
Williams Fractal,i024,XRPUSDT,True,tp0.80,1401,-0.09905962361034287,-138.78253267809035,0.7754969289928921
Williams Fractal,i024,XRPUSDT,True,tp1.80,1207,-0.13271950111375205,-160.19243784429872,0.7783165111390923
Williams Fractal,i024,XRPUSDT,True,sl0.50,1441,-0.11773885199311876,-169.66168572208414,0.7254588871969266
Williams Fractal,i024,XRPUSDT,True,sl1.20,1212,-0.0836836320535398,-101.42456204889025,0.8601917569452597
Williams Fractal,i024,XRPUSDT,True,fee0.02,1301,-0.045970916126986526,-59.808161881209465,0.9060341608416531
Williams Fractal,i024,XRPUSDT,True,fee0.07,1301,-0.14596186703110495,-189.89638900746755,0.7341690067568198
Williams Fractal,i024,XRPUSDT,True,slip3,1301,-0.12768366790077046,-166.11645193890237,0.762688317055126
Williams Fractal,i024,XRPUSDT,True,no_funding,1301,-0.10533248513217852,-137.03756315696427,0.7992889774925032
Aroon,i025,XRPUSDT,False,baseline,2319,-0.10902890488709907,-252.83803043318275,0.7567396566772676
Aroon,i025,XRPUSDT,False,tp0.80,2434,-0.10297110100510919,-250.63165984643575,0.7371401125698033
Aroon,i025,XRPUSDT,False,tp1.80,2231,-0.08956364500997563,-199.81649201725563,0.813349470214969
Aroon,i025,XRPUSDT,False,sl0.50,2559,-0.1193687751047325,-305.4646954930105,0.6914652069025261
Aroon,i025,XRPUSDT,False,sl1.20,2134,-0.11174560444909562,-238.46511989437005,0.7721686330790289
Aroon,i025,XRPUSDT,False,fee0.02,2319,-0.04902756836012816,-113.69493102713719,0.8806438523156452
Aroon,i025,XRPUSDT,False,fee0.07,2319,-0.14902979590507973,-345.60009670387984,0.6853093680532628
Aroon,i025,XRPUSDT,False,slip3,2319,-0.1300334808859903,-301.5476421746115,0.7183528531949831
Aroon,i025,XRPUSDT,False,no_funding,2319,-0.109046236495551,-252.87822243318274,0.7567440408977686
Aroon,i025,XRPUSDT,True,baseline,980,-0.08502120665433349,-83.32078252124681,0.832606686762249
Aroon,i025,XRPUSDT,True,tp0.80,1025,-0.09036768024498197,-92.62687225110652,0.7919046777634045
Aroon,i025,XRPUSDT,True,tp1.80,937,-0.04196865719578968,-39.32463179245493,0.9240485976481936
Aroon,i025,XRPUSDT,True,sl0.50,1038,-0.11025829146161371,-114.44810653715503,0.7371993874580091
Aroon,i025,XRPUSDT,True,sl1.20,915,-0.0943945178050935,-86.37098379166055,0.8402141191487881
Aroon,i025,XRPUSDT,True,fee0.02,980,-0.025030696253512702,-24.530082328442447,0.9470689641311169
Aroon,i025,XRPUSDT,True,fee0.07,980,-0.12501488025488072,-122.5145826497831,0.7647142091305378
Aroon,i025,XRPUSDT,True,slip3,980,-0.10686072476772121,-104.7235102723668,0.7946859567637249
Aroon,i025,XRPUSDT,True,no_funding,980,-0.08425222910331306,-82.5671845212468,0.8339824084813142
Trend Strength Index,i026,XRPUSDT,False,baseline,2379,-0.11620988265532232,-276.4633108370118,0.7432175163670308
Trend Strength Index,i026,XRPUSDT,False,tp0.80,2488,-0.11500990184969712,-286.1446358020464,0.7117376272079774
Trend Strength Index,i026,XRPUSDT,False,tp1.80,2279,-0.10124269253340762,-230.73209628363597,0.790454478772978
Trend Strength Index,i026,XRPUSDT,False,sl0.50,2643,-0.11275528403623901,-298.0122157077797,0.7084335176649778
Trend Strength Index,i026,XRPUSDT,False,sl1.20,2169,-0.09794951810752209,-212.45250477521546,0.7955107643598761
Trend Strength Index,i026,XRPUSDT,False,fee0.02,2379,-0.05621419744733685,-133.73357572721437,0.8641512295477153
Trend Strength Index,i026,XRPUSDT,False,fee0.07,2379,-0.15620700612731264,-371.61646757687674,0.6737977263760295
Trend Strength Index,i026,XRPUSDT,False,slip3,2379,-0.13694793168502367,-325.7991294786713,0.7061880501142715
Trend Strength Index,i026,XRPUSDT,False,no_funding,2379,-0.11632555941026135,-276.73850583701176,0.7430176108390812
Trend Strength Index,i026,XRPUSDT,True,baseline,983,-0.09766214857962506,-96.00189205377143,0.8103728280192858
Trend Strength Index,i026,XRPUSDT,True,tp0.80,1018,-0.10456728881620174,-106.44950001489337,0.7635481017952629
Trend Strength Index,i026,XRPUSDT,True,tp1.80,950,-0.05862774473719142,-55.69635750033185,0.8948778934385258
Trend Strength Index,i026,XRPUSDT,True,sl0.50,1064,-0.12437536430535365,-132.33538762089628,0.7086879342832965
Trend Strength Index,i026,XRPUSDT,True,sl1.20,914,-0.08477507841499786,-77.48442167130804,0.8550003379042339
Trend Strength Index,i026,XRPUSDT,True,fee0.02,983,-0.03767030677195955,-37.02991155683624,0.9214221263481026
Trend Strength Index,i026,XRPUSDT,True,fee0.07,983,-0.13765670978473543,-135.31654571839493,0.7445623723189139
Trend Strength Index,i026,XRPUSDT,True,slip3,983,-0.11937065062685023,-117.34134956619377,0.7739172828612896
Trend Strength Index,i026,XRPUSDT,True,no_funding,983,-0.09681161246568812,-95.16581505377142,0.8118592022061375
Zig Zag,i027,XRPUSDT,False,baseline,3490,-0.06254650102756885,-218.2872885862153,0.8734888375949882
Zig Zag,i027,XRPUSDT,False,tp0.80,3694,-0.07922539080210879,-292.6585936229898,0.8152332760344819
Zig Zag,i027,XRPUSDT,False,tp1.80,3208,-0.05287501065397303,-169.6230341779455,0.899346074388657
Zig Zag,i027,XRPUSDT,False,sl0.50,3726,-0.09930123189439499,-369.9963900385158,0.7640383532607072
Zig Zag,i027,XRPUSDT,False,sl1.20,3056,-0.06511679895365796,-198.99693760237875,0.8808354046253891
Zig Zag,i027,XRPUSDT,False,fee0.02,3490,-0.0025439753813418196,-8.87847408088295,0.9944652195516485
Zig Zag,i027,XRPUSDT,False,fee0.07,3490,-0.10254818479172026,-357.89316492310365,0.8019088178866084
Zig Zag,i027,XRPUSDT,False,slip3,3490,-0.08333986777049911,-290.8561385190419,0.8354481971275388
Zig Zag,i027,XRPUSDT,False,no_funding,3490,-0.06252160675822789,-218.20040758621536,0.873550914959883
Zig Zag,i027,XRPUSDT,True,baseline,1490,-0.037068201708951434,-55.23162054633764,0.9270327910734899
Zig Zag,i027,XRPUSDT,True,tp0.80,1513,-0.06686440330407548,-101.16584219906619,0.8441369768309558
Zig Zag,i027,XRPUSDT,True,tp1.80,1432,-0.015116164331010361,-21.64634732200684,0.973930123342279
Zig Zag,i027,XRPUSDT,True,sl0.50,1511,-0.0795386805859663,-120.18294636539508,0.8100342026656029
Zig Zag,i027,XRPUSDT,True,sl1.20,1430,-0.044391358108119956,-63.47964209461154,0.9267050852226478
Zig Zag,i027,XRPUSDT,True,fee0.02,1490,0.022935798482196762,34.17433973847317,1.0483638882675723
Zig Zag,i027,XRPUSDT,True,fee0.07,1490,-0.07707086850305027,-114.83559406954491,0.8547286271535925
Zig Zag,i027,XRPUSDT,True,slip3,1490,-0.058494447892019866,-87.1567273591096,0.887518290345981
Zig Zag,i027,XRPUSDT,True,no_funding,1490,-0.03649703325257559,-54.38057954633763,0.9281189332384696
Linear Regression Curve,i028,XRPUSDT,False,baseline,8065,-0.10474598267746077,-844.7763502937211,0.6802530530797408
Linear Regression Curve,i028,XRPUSDT,False,tp0.80,8558,-0.10752335540106579,-920.184875522321,0.6568693079220924
Linear Regression Curve,i028,XRPUSDT,False,tp1.80,7657,-0.11352961449267845,-869.2962581704389,0.6597183745422593
Linear Regression Curve,i028,XRPUSDT,False,sl0.50,8757,-0.11258780329243413,-985.9313934318458,0.6292999218579747
Linear Regression Curve,i028,XRPUSDT,False,sl1.20,7661,-0.11432084697858812,-875.8120087029635,0.6682375424014906
Linear Regression Curve,i028,XRPUSDT,False,fee0.02,8065,-0.04474600656964745,-360.8765429842067,0.8445184326222308
Linear Regression Curve,i028,XRPUSDT,False,fee0.07,8065,-0.1447459667493363,-1167.3762218333973,0.592437790984177
Linear Regression Curve,i028,XRPUSDT,False,slip3,8065,-0.12637730928038787,-1019.2329993463283,0.6311248395570154
Linear Regression Curve,i028,XRPUSDT,False,no_funding,8065,-0.1047570524852723,-844.8656282937211,0.6802372431695446
Linear Regression Curve,i028,XRPUSDT,True,baseline,2927,-0.08004447969260955,-234.29019206026817,0.842736663748575
Linear Regression Curve,i028,XRPUSDT,True,tp0.80,3308,-0.09053966395634319,-299.5052083675833,0.7910785302802459
Linear Regression Curve,i028,XRPUSDT,True,tp1.80,2579,-0.08088293671282967,-208.59709378238773,0.8585657788483746
Linear Regression Curve,i028,XRPUSDT,True,sl0.50,3477,-0.09355580193179143,-325.2935233168388,0.7751157322245221
Linear Regression Curve,i028,XRPUSDT,True,sl1.20,2464,-0.08066961210877374,-198.76992423601848,0.8631485380212174
Linear Regression Curve,i028,XRPUSDT,True,fee0.02,2927,-0.020054557559407223,-58.69968997638494,0.9576865505066194
Linear Regression Curve,i028,XRPUSDT,True,fee0.07,2927,-0.12003776111474448,-351.3505267828571,0.7745624143707712
Linear Regression Curve,i028,XRPUSDT,True,slip3,2927,-0.10157058920095494,-297.2971145911951,0.8052650172200956
Linear Regression Curve,i028,XRPUSDT,True,no_funding,2927,-0.07937237378212099,-232.32293806026814,0.8439484765569313
Linear Regression Slope,i029,XRPUSDT,False,baseline,2379,-0.11620988265532232,-276.4633108370118,0.7432175163670308
Linear Regression Slope,i029,XRPUSDT,False,tp0.80,2488,-0.11500990184969712,-286.1446358020464,0.7117376272079774
Linear Regression Slope,i029,XRPUSDT,False,tp1.80,2279,-0.10124269253340762,-230.73209628363597,0.790454478772978
Linear Regression Slope,i029,XRPUSDT,False,sl0.50,2643,-0.11275528403623901,-298.0122157077797,0.7084335176649778
Linear Regression Slope,i029,XRPUSDT,False,sl1.20,2169,-0.09794951810752209,-212.45250477521546,0.7955107643598761
Linear Regression Slope,i029,XRPUSDT,False,fee0.02,2379,-0.05621419744733685,-133.73357572721437,0.8641512295477153
Linear Regression Slope,i029,XRPUSDT,False,fee0.07,2379,-0.15620700612731264,-371.61646757687674,0.6737977263760295
Linear Regression Slope,i029,XRPUSDT,False,slip3,2379,-0.13694793168502367,-325.7991294786713,0.7061880501142715
Linear Regression Slope,i029,XRPUSDT,False,no_funding,2379,-0.11632555941026135,-276.73850583701176,0.7430176108390812
Linear Regression Slope,i029,XRPUSDT,True,baseline,983,-0.09766214857962506,-96.00189205377143,0.8103728280192858
Linear Regression Slope,i029,XRPUSDT,True,tp0.80,1018,-0.10456728881620174,-106.44950001489337,0.7635481017952629
Linear Regression Slope,i029,XRPUSDT,True,tp1.80,950,-0.05862774473719142,-55.69635750033185,0.8948778934385258
Linear Regression Slope,i029,XRPUSDT,True,sl0.50,1064,-0.12437536430535365,-132.33538762089628,0.7086879342832965
Linear Regression Slope,i029,XRPUSDT,True,sl1.20,914,-0.08477507841499786,-77.48442167130804,0.8550003379042339
Linear Regression Slope,i029,XRPUSDT,True,fee0.02,983,-0.03767030677195955,-37.02991155683624,0.9214221263481026
Linear Regression Slope,i029,XRPUSDT,True,fee0.07,983,-0.13765670978473543,-135.31654571839493,0.7445623723189139
Linear Regression Slope,i029,XRPUSDT,True,slip3,983,-0.11937065062685023,-117.34134956619377,0.7739172828612896
Linear Regression Slope,i029,XRPUSDT,True,no_funding,983,-0.09681161246568812,-95.16581505377142,0.8118592022061375
Keltner Channels,i030,XRPUSDT,False,baseline,1244,-0.13978887820409994,-173.8973644859003,0.7424570403054324
Keltner Channels,i030,XRPUSDT,False,tp0.80,1354,-0.11842876653408572,-160.35254988715207,0.7389981415861261
Keltner Channels,i030,XRPUSDT,False,tp1.80,1158,-0.14519049225678615,-168.13059003335835,0.7594377903300396
Keltner Channels,i030,XRPUSDT,False,sl0.50,1345,-0.14679364120012395,-197.4374474141667,0.666118876857458
Keltner Channels,i030,XRPUSDT,False,sl1.20,1192,-0.12604992732273146,-150.2515133686959,0.7975367393920072
Keltner Channels,i030,XRPUSDT,False,fee0.02,1244,-0.07977732725871038,-99.24299510983572,0.8423658352653433
Keltner Channels,i030,XRPUSDT,False,fee0.07,1244,-0.17979657883435968,-223.66694406994344,0.6830960929365192
Keltner Channels,i030,XRPUSDT,False,slip3,1244,-0.16100901051308236,-200.29520907827444,0.7103423760145045
Keltner Channels,i030,XRPUSDT,False,no_funding,1244,-0.13944970055136682,-173.47542748590033,0.7429914701814085
Keltner Channels,i030,XRPUSDT,True,baseline,748,-0.15723808488435476,-117.61408749349735,0.7173881996304241
Keltner Channels,i030,XRPUSDT,True,tp0.80,819,-0.11910067486827747,-97.54345271711925,0.7392591145042582
Keltner Channels,i030,XRPUSDT,True,tp1.80,700,-0.13504378124501634,-94.53064687151145,0.7801664301919771
Keltner Channels,i030,XRPUSDT,True,sl0.50,803,-0.154578703350601,-124.12669879053261,0.6509044895011191
Keltner Channels,i030,XRPUSDT,True,sl1.20,719,-0.13461992739105036,-96.79172779416521,0.7879138734380616
Keltner Channels,i030,XRPUSDT,True,fee0.02,748,-0.09723115827123079,-72.72890638688064,0.8126798989845673
Keltner Channels,i030,XRPUSDT,True,fee0.07,748,-0.19724270262643745,-147.5375415645752,0.6606568632292796
Keltner Channels,i030,XRPUSDT,True,slip3,748,-0.17917733754516219,-134.0246484837813,0.6855604541081269
Keltner Channels,i030,XRPUSDT,True,no_funding,748,-0.15683851001804458,-117.31520549349734,0.7180056044754691
Donchian Channels,i031,XRPUSDT,False,baseline,2059,-0.10922802272875724,-224.90049879851117,0.791501009578068
Donchian Channels,i031,XRPUSDT,False,tp0.80,2275,-0.10853651123952579,-246.92056306992117,0.7565548470594057
Donchian Channels,i031,XRPUSDT,False,tp1.80,1874,-0.1378518868471001,-258.3344359514656,0.7676778585271097
Donchian Channels,i031,XRPUSDT,False,sl0.50,2248,-0.11820163393131468,-265.7172730775954,0.7221034426625714
Donchian Channels,i031,XRPUSDT,False,sl1.20,1912,-0.09715234589767087,-185.75528535634672,0.8381374757691282
Donchian Channels,i031,XRPUSDT,False,fee0.02,2059,-0.04922834284933023,-101.36115792677094,0.8991071244379761
Donchian Channels,i031,XRPUSDT,False,fee0.07,2059,-0.1492278093150419,-307.2600593796713,0.7276471106248777
Donchian Channels,i031,XRPUSDT,False,slip3,2059,-0.13014068958701577,-267.95967985966547,0.757465116016321
Donchian Channels,i031,XRPUSDT,False,no_funding,2059,-0.1090174486636771,-224.46692679851114,0.791873287209663
Donchian Channels,i031,XRPUSDT,True,baseline,1056,-0.09464011660505679,-99.93996313493997,0.8201097578594914
Donchian Channels,i031,XRPUSDT,True,tp0.80,1164,-0.1032143757991567,-120.1415334302184,0.7683093992038238
Donchian Channels,i031,XRPUSDT,True,tp1.80,961,-0.1343531760035761,-129.11340213943663,0.7780581940105794
Donchian Channels,i031,XRPUSDT,True,sl0.50,1132,-0.11344023969007311,-128.41435132916277,0.7345594013426864
Donchian Channels,i031,XRPUSDT,True,sl1.20,994,-0.08446003571345205,-83.95327549917133,0.8604115476578745
Donchian Channels,i031,XRPUSDT,True,fee0.02,1056,-0.03463884759248103,-36.57862305765997,0.929376794875283
Donchian Channels,i031,XRPUSDT,True,fee0.07,1056,-0.13464096261344066,-142.18085651979334,0.7551573752611498
Donchian Channels,i031,XRPUSDT,True,slip3,1056,-0.11645766529530847,-122.97929455184575,0.784015128721305
Donchian Channels,i031,XRPUSDT,True,no_funding,1056,-0.09414967910505678,-99.42206113493997,0.8209486747283627
Price Channel,i032,XRPUSDT,False,baseline,3292,-0.11906086050217678,-391.948352773166,0.7007279018349608
Price Channel,i032,XRPUSDT,False,tp0.80,3418,-0.12521507236987706,-427.9851173602398,0.6512965113596131
Price Channel,i032,XRPUSDT,False,tp1.80,3153,-0.12245735644650985,-386.10804487584556,0.7088551684119939
Price Channel,i032,XRPUSDT,False,sl0.50,3699,-0.10847368858667304,-401.24417408210354,0.6961342756832535
Price Channel,i032,XRPUSDT,False,sl1.20,3096,-0.11419165805149287,-353.5373733274219,0.7203930194793347
Price Channel,i032,XRPUSDT,False,fee0.02,3292,-0.05906187726854707,-194.43169996805696,0.8335102354130106
Price Channel,i032,XRPUSDT,False,fee0.07,3292,-0.15906018265792995,-523.6261213099053,0.6273317941778277
Price Channel,i032,XRPUSDT,False,slip3,3292,-0.14037203772589876,-462.10474819365874,0.6604305280538623
Price Channel,i032,XRPUSDT,False,no_funding,3292,-0.11923375296876246,-392.517514773166,0.7003919892561025
Price Channel,i032,XRPUSDT,True,baseline,1279,-0.08600097752888189,-109.99525025943994,0.8325080344955997
Price Channel,i032,XRPUSDT,True,tp0.80,1352,-0.09587558523278915,-129.62379123473093,0.7803289346589746
Price Channel,i032,XRPUSDT,True,tp1.80,1219,-0.07513020578056588,-91.5837208465098,0.8679778787050979
Price Channel,i032,XRPUSDT,True,sl0.50,1500,-0.10026693154938195,-150.40039732407294,0.7608576699999726
Price Channel,i032,XRPUSDT,True,sl1.20,1122,-0.09386147237480158,-105.31257200452737,0.8438749371607355
Price Channel,i032,XRPUSDT,True,fee0.02,1279,-0.026009685012004,-33.26638713035312,0.945610958329979
Price Channel,i032,XRPUSDT,True,fee0.07,1279,-0.12599517254013384,-161.1478256788312,0.7654154847600835
Price Channel,i032,XRPUSDT,True,slip3,1279,-0.10769249198455799,-137.73869724824968,0.7953534896785694
Price Channel,i032,XRPUSDT,True,no_funding,1279,-0.08510992670792801,-108.85559625943992,0.8341163992139962
MA Channel,i033,XRPUSDT,False,baseline,2964,-0.08401205281985878,-249.01172455806142,0.8218355026717967
MA Channel,i033,XRPUSDT,False,tp0.80,3242,-0.08689331660572668,-281.7081324357659,0.7872356987047066
MA Channel,i033,XRPUSDT,False,tp1.80,2740,-0.0598525623050025,-163.99602071570686,0.8827391049327021
MA Channel,i033,XRPUSDT,False,sl0.50,3524,-0.09591813245610661,-338.0154987753197,0.760732901729523
MA Channel,i033,XRPUSDT,False,sl1.20,2605,-0.08591773059371423,-223.81568819662556,0.8322754170051916
MA Channel,i033,XRPUSDT,False,fee0.02,2964,-0.02402033289227891,-71.19626669271469,0.9446535863603539
MA Channel,i033,XRPUSDT,False,fee0.07,2964,-0.12400653277157873,-367.55536313495935,0.7503426148517393
MA Channel,i033,XRPUSDT,False,slip3,2964,-0.1049684323297409,-311.12643342535205,0.7835211182816976
MA Channel,i033,XRPUSDT,False,no_funding,2964,-0.0839478942503581,-248.8215585580614,0.8219685356716383
MA Channel,i033,XRPUSDT,True,baseline,1293,-0.0690686838650897,-89.30580823756098,0.8631319823150301
MA Channel,i033,XRPUSDT,True,tp0.80,1423,-0.08875858367637522,-126.30346457148194,0.7955066116872496
MA Channel,i033,XRPUSDT,True,tp1.80,1211,-0.04182785977560697,-50.653538188260036,0.9252284200608101
MA Channel,i033,XRPUSDT,True,sl0.50,1507,-0.09468864430203541,-142.69578696316736,0.7730836697170153
MA Channel,i033,XRPUSDT,True,sl1.20,1133,-0.04019186091454299,-45.53737841617721,0.9293582050585389
MA Channel,i033,XRPUSDT,True,fee0.02,1293,-0.009084534828886125,-11.746303533749758,0.9806746548471094
MA Channel,i033,XRPUSDT,True,fee0.07,1293,-0.10905811655589209,-141.01214470676848,0.7933692410167491
MA Channel,i033,XRPUSDT,True,slip3,1293,-0.09083206552779519,-117.44586072743917,0.8243853157202853
MA Channel,i033,XRPUSDT,True,no_funding,1293,-0.06829353614660554,-88.30354223756096,0.8645624903422718
Chande Kroll Stop,i034,XRPUSDT,False,baseline,3456,-0.10168004651230896,-351.40624074653977,0.79029546730816
Chande Kroll Stop,i034,XRPUSDT,False,tp0.80,3873,-0.09940475069382243,-384.9945994371743,0.7630605538950158
Chande Kroll Stop,i034,XRPUSDT,False,tp1.80,3129,-0.08875340920841558,-277.70941741313237,0.8317860580566117
Chande Kroll Stop,i034,XRPUSDT,False,sl0.50,4063,-0.10986860042320461,-446.39612351948034,0.7296810522284389
Chande Kroll Stop,i034,XRPUSDT,False,sl1.20,3072,-0.1080430524084558,-331.90825699877615,0.8012431532747736
Chande Kroll Stop,i034,XRPUSDT,False,fee0.02,3456,-0.041688604204810464,-144.07581613182495,0.9067872483942484
Chande Kroll Stop,i034,XRPUSDT,False,fee0.07,3456,-0.14167434138397467,-489.62652382301644,0.7223007100195606
Chande Kroll Stop,i034,XRPUSDT,False,slip3,3456,-0.12267774983442897,-423.9743034277866,0.7538069180884972
Chande Kroll Stop,i034,XRPUSDT,False,no_funding,3456,-0.10159973950999415,-351.1286997465398,0.7904662612259497
Chande Kroll Stop,i034,XRPUSDT,True,baseline,1641,-0.09187463575596297,-150.76627727553523,0.8228131392048628
Chande Kroll Stop,i034,XRPUSDT,True,tp0.80,1795,-0.09742040105799189,-174.86961989909545,0.7791041902917859
Chande Kroll Stop,i034,XRPUSDT,True,tp1.80,1487,-0.06771359175211485,-100.69011093539477,0.8820112806553693
Chande Kroll Stop,i034,XRPUSDT,True,sl0.50,1915,-0.10207676109612761,-195.47699749908435,0.7581514801879542
Chande Kroll Stop,i034,XRPUSDT,True,sl1.20,1475,-0.10023549853712133,-147.84736034225395,0.8351228696796397
Chande Kroll Stop,i034,XRPUSDT,True,fee0.02,1641,-0.03188858933577366,-52.329175100004576,0.9340242359443295
Chande Kroll Stop,i034,XRPUSDT,True,fee0.07,1641,-0.13186533336942255,-216.39101205922236,0.7567221030000997
Chande Kroll Stop,i034,XRPUSDT,True,slip3,1641,-0.11368681087838507,-186.56005665142993,0.7860040829909644
Chande Kroll Stop,i034,XRPUSDT,True,no_funding,1641,-0.09129948097229446,-149.8224482755352,0.8237953593089415
52-Week High/Low,i035,XRPUSDT,False,baseline,863,-0.1333950095580125,-115.11989324856478,0.7561252978630466
52-Week High/Low,i035,XRPUSDT,False,tp0.80,929,-0.11277585031910194,-104.76876494644571,0.7507145928789045
52-Week High/Low,i035,XRPUSDT,False,tp1.80,800,-0.1662517335328276,-133.0013868262621,0.7350083860872074
52-Week High/Low,i035,XRPUSDT,False,sl0.50,920,-0.13992044505184711,-128.72680944769934,0.6813121222246109
52-Week High/Low,i035,XRPUSDT,False,sl1.20,821,-0.09186494350922854,-75.42111862107663,0.8501142752804675
52-Week High/Low,i035,XRPUSDT,False,fee0.02,863,-0.07338944195189814,-63.33508840448809,0.8561364617578899
52-Week High/Low,i035,XRPUSDT,False,fee0.07,863,-0.17339872129542205,-149.64309647794926,0.6966156545000085
52-Week High/Low,i035,XRPUSDT,False,slip3,863,-0.15404650116064,-132.94213050163233,0.724828122092079
52-Week High/Low,i035,XRPUSDT,False,no_funding,863,-0.132987752315834,-114.76843024856475,0.756741580533656
52-Week High/Low,i035,XRPUSDT,True,baseline,610,-0.17297109442211286,-105.51236759748886,0.6955214172003039
52-Week High/Low,i035,XRPUSDT,True,tp0.80,658,-0.145532460879533,-95.76035925873272,0.691829810349443
52-Week High/Low,i035,XRPUSDT,True,tp1.80,569,-0.19036966421036214,-108.32033893569606,0.7047438940992402
52-Week High/Low,i035,XRPUSDT,True,sl0.50,645,-0.1565244559004392,-100.95827405578328,0.6482936824568429
52-Week High/Low,i035,XRPUSDT,True,sl1.20,581,-0.1341369293593318,-77.93355595777179,0.7914066986511615
52-Week High/Low,i035,XRPUSDT,True,fee0.02,610,-0.11296545548493023,-68.90892784580744,0.7869054925643365
52-Week High/Low,i035,XRPUSDT,True,fee0.07,610,-0.212974853713568,-129.9146607652765,0.6410958717789625
52-Week High/Low,i035,XRPUSDT,True,slip3,610,-0.19408318151241186,-118.39074072257122,0.6660750028539573
52-Week High/Low,i035,XRPUSDT,True,no_funding,610,-0.17252372884834238,-105.23947459748885,0.6961295762365981
Majority Rule,i036,XRPUSDT,False,baseline,3001,-0.12739180107821046,-382.30279503570966,0.7294723624932751
Majority Rule,i036,XRPUSDT,False,tp0.80,3251,-0.13076316888169764,-425.111062034399,0.6867400363174331
Majority Rule,i036,XRPUSDT,False,tp1.80,2788,-0.1309033377101661,-364.9585055359431,0.7416746401528771
Majority Rule,i036,XRPUSDT,False,sl0.50,3438,-0.12422520361155373,-427.0862500165217,0.6856165443487577
Majority Rule,i036,XRPUSDT,False,sl1.20,2671,-0.13941676990178534,-372.38219240766864,0.7334892598197452
Majority Rule,i036,XRPUSDT,False,fee0.02,3001,-0.0674047105575513,-202.28153638321146,0.8441834912157742
Majority Rule,i036,XRPUSDT,False,fee0.07,3001,-0.16738319475865,-502.3169674707086,0.6630231462900025
Majority Rule,i036,XRPUSDT,False,slip3,3001,-0.14828067489328545,-444.99030535474964,0.693756424128727
Majority Rule,i036,XRPUSDT,False,no_funding,3001,-0.12756768378397526,-382.8306190357098,0.7291397088340458
Majority Rule,i036,XRPUSDT,True,baseline,1336,-0.11289607105804972,-150.82915093355444,0.7861314001485297
Majority Rule,i036,XRPUSDT,True,tp0.80,1426,-0.11087914628364977,-158.11366260048456,0.7525964753373434
Majority Rule,i036,XRPUSDT,True,tp1.80,1228,-0.11475659189161488,-140.92109484290307,0.8034010774078265
Majority Rule,i036,XRPUSDT,True,sl0.50,1503,-0.11972065696412401,-179.9401474170784,0.7194699202663551
Majority Rule,i036,XRPUSDT,True,sl1.20,1190,-0.11215043298375339,-133.45901525066654,0.8159068878991375
Majority Rule,i036,XRPUSDT,True,fee0.02,1336,-0.05291079376772055,-70.68882047367467,0.8924082736358065
Majority Rule,i036,XRPUSDT,True,fee0.07,1336,-0.15288625591826918,-204.25603790680765,0.7230464489751703
Majority Rule,i036,XRPUSDT,True,slip3,1336,-0.1341904300017751,-179.27841448237155,0.7516123493521155
Majority Rule,i036,XRPUSDT,True,no_funding,1336,-0.1123595980041575,-150.11242293355443,0.7870151932663035
MACD,i038,XRPUSDT,False,baseline,2511,-0.10451009626401696,-262.4248517189466,0.7702912426054752
MACD,i038,XRPUSDT,False,tp0.80,2647,-0.10621541509954414,-281.15220376849334,0.7366355575861506
MACD,i038,XRPUSDT,False,tp1.80,2384,-0.08991285973660944,-214.35225761207687,0.8147998608724715
MACD,i038,XRPUSDT,False,sl0.50,2757,-0.11582085977252994,-319.31811039286504,0.7016281776816887
MACD,i038,XRPUSDT,False,sl1.20,2313,-0.09866590494355075,-228.2142381344329,0.8006472464901334
MACD,i038,XRPUSDT,False,fee0.02,2511,-0.04451663678513818,-111.78127496748198,0.8931775671103241
MACD,i038,XRPUSDT,False,fee0.07,2511,-0.14450573591660285,-362.8539028865897,0.6994187367737073
MACD,i038,XRPUSDT,False,slip3,2511,-0.1256708594828797,-315.55952816151097,0.7317789650314065
MACD,i038,XRPUSDT,False,no_funding,2511,-0.10461324799639449,-262.68386571894655,0.7700813856185004
MACD,i038,XRPUSDT,True,baseline,1003,-0.0882157260982506,-88.48037327654535,0.8271776641371542
MACD,i038,XRPUSDT,True,tp0.80,1041,-0.08754738697593552,-91.13682984194888,0.7972448787363009
MACD,i038,XRPUSDT,True,tp1.80,978,-0.07357057980444227,-71.95202704874455,0.8696055793834204
MACD,i038,XRPUSDT,True,sl0.50,1090,-0.13012429742770057,-141.83548419619362,0.6957056659634117
MACD,i038,XRPUSDT,True,sl1.20,917,-0.06758102216216808,-61.97179732270812,0.8822452836537025
MACD,i038,XRPUSDT,True,fee0.02,1003,-0.02823245099943279,-28.317148352431087,0.9405830635096437
MACD,i038,XRPUSDT,True,fee0.07,1003,-0.12820457616412914,-128.5891898926215,0.7599593409449269
MACD,i038,XRPUSDT,True,slip3,1003,-0.10973550004223899,-110.06470654236571,0.7901881914780241
MACD,i038,XRPUSDT,True,no_funding,1003,-0.08740793945817081,-87.67016327654534,0.8286018939048434
RSI,i039,XRPUSDT,False,baseline,3224,-0.10035918000129981,-323.55799632419064,0.7150301296193654
RSI,i039,XRPUSDT,False,tp0.80,3370,-0.10192466983382513,-343.4861373399907,0.683035618694262
RSI,i039,XRPUSDT,False,tp1.80,3112,-0.09532320907706837,-296.64582664783677,0.742939872455982
RSI,i039,XRPUSDT,False,sl0.50,3571,-0.10699128021614639,-382.0658616518587,0.6796418182058207
RSI,i039,XRPUSDT,False,sl1.20,3040,-0.10822383120420064,-329.0004468607699,0.6964990882178835
RSI,i039,XRPUSDT,False,fee0.02,3224,-0.04035540722043207,-130.105832878673,0.8689103763306775
RSI,i039,XRPUSDT,False,fee0.07,3224,-0.140361695188545,-452.52610528786903,0.632640083077412
RSI,i039,XRPUSDT,False,slip3,3224,-0.12219164082126936,-393.94585000777244,0.6684945474831143
RSI,i039,XRPUSDT,False,no_funding,3224,-0.1005269455099847,-324.09887232419067,0.7146492210863717
RSI,i039,XRPUSDT,True,baseline,1217,-0.07677973738636812,-93.44094039921,0.8479090260286369
RSI,i039,XRPUSDT,True,tp0.80,1300,-0.08661425667240183,-112.59853367412238,0.7993666167806237
RSI,i039,XRPUSDT,True,tp1.80,1143,-0.06293358735683995,-71.93309034886806,0.8878832907142052
RSI,i039,XRPUSDT,True,sl0.50,1432,-0.0827074199326858,-118.43702534360605,0.7988306878665198
RSI,i039,XRPUSDT,True,sl1.20,1067,-0.08986950213783404,-95.89075878106893,0.8480682780026854
RSI,i039,XRPUSDT,True,fee0.02,1217,-0.016787400575802258,-20.430266500751344,0.9642829255338935
RSI,i039,XRPUSDT,True,fee0.07,1217,-0.11677462859341209,-142.11472299818251,0.778890869687145
RSI,i039,XRPUSDT,True,slip3,1217,-0.09885463375247949,-120.30608927676754,0.809093329300128
RSI,i039,XRPUSDT,True,no_funding,1217,-0.07608490912013968,-92.59533439920999,0.8491694299015135
Stochastic,i040,XRPUSDT,False,baseline,10024,-0.10701608322051205,-1072.7292182024128,0.6467316335636001
Stochastic,i040,XRPUSDT,False,tp0.80,10576,-0.10579937793498692,-1118.9342210404216,0.6342317242765061
Stochastic,i040,XRPUSDT,False,tp1.80,9637,-0.10619382348372589,-1023.3898769126664,0.654596175258584
Stochastic,i040,XRPUSDT,False,sl0.50,10882,-0.11179386906066595,-1216.540883118167,0.6118478736865798
Stochastic,i040,XRPUSDT,False,sl1.20,9624,-0.10971329977002482,-1055.880796986719,0.6464569965617144
Stochastic,i040,XRPUSDT,False,fee0.02,10024,-0.047015322682984896,-471.2815945742406,0.8208303022815581
Stochastic,i040,XRPUSDT,False,fee0.07,10024,-0.14701659024553013,-1473.694300621194,0.5559172183459138
Stochastic,i040,XRPUSDT,False,slip3,10024,-0.12860742857658333,-1289.160864051671,0.5959039311698434
Stochastic,i040,XRPUSDT,False,no_funding,10024,-0.10702025141684085,-1072.7710002024128,0.6467283421522917
Stochastic,i040,XRPUSDT,True,baseline,3424,-0.09243850486309213,-316.50944065122746,0.8203467939160534
Stochastic,i040,XRPUSDT,True,tp0.80,3964,-0.09531880731991275,-377.84375221613413,0.781067658065307
Stochastic,i040,XRPUSDT,True,tp1.80,2964,-0.08833253627736198,-261.81763752610095,0.8463760471893031
Stochastic,i040,XRPUSDT,True,sl0.50,4156,-0.09641676590389392,-400.70807909658316,0.768555373466218
Stochastic,i040,XRPUSDT,True,sl1.20,2855,-0.09655081782752276,-275.65258489757747,0.8389595666551533
Stochastic,i040,XRPUSDT,True,fee0.02,3424,-0.03244511813711074,-111.09208450146717,0.9322632531578182
Stochastic,i040,XRPUSDT,True,fee0.07,3424,-0.1324340960137464,-453.45434475106765,0.7539937006282208
Stochastic,i040,XRPUSDT,True,slip3,3424,-0.11413938625065201,-390.8132585222325,0.7836259796269476
Stochastic,i040,XRPUSDT,True,no_funding,3424,-0.09181028640514818,-314.3584206512274,0.8214623348595963
Stochastic RSI,i041,XRPUSDT,False,baseline,6498,-0.11624137726322878,-755.3364694564606,0.675104863446263
Stochastic RSI,i041,XRPUSDT,False,tp0.80,6923,-0.11632832089622425,-805.3409655645604,0.6533525092084491
Stochastic RSI,i041,XRPUSDT,False,tp1.80,6156,-0.10977791441478743,-675.7928411374314,0.6973817475668849
Stochastic RSI,i041,XRPUSDT,False,sl0.50,7128,-0.11300370554765828,-805.4904131437082,0.6498193611676325
Stochastic RSI,i041,XRPUSDT,False,sl1.20,6109,-0.11840867845587359,-723.3586166869318,0.6831513753190774
Stochastic RSI,i041,XRPUSDT,False,fee0.02,6498,-0.056247101463992005,-365.49366531302,0.823179414179342
Stochastic RSI,i041,XRPUSDT,False,fee0.07,6498,-0.1562375611293866,-1015.2316722187543,0.5943095319823689
Stochastic RSI,i041,XRPUSDT,False,slip3,6498,-0.13775224499769498,-895.114087995022,0.630465923263399
Stochastic RSI,i041,XRPUSDT,False,no_funding,6498,-0.11621783294189915,-755.1834784564606,0.6751494435568639
Stochastic RSI,i041,XRPUSDT,True,baseline,2538,-0.106173836820736,-269.46919785102796,0.7969587208230783
Stochastic RSI,i041,XRPUSDT,True,tp0.80,2836,-0.10537110746260446,-298.8324607639463,0.7620153144952614
Stochastic RSI,i041,XRPUSDT,True,tp1.80,2282,-0.10003386708572028,-228.27728468961368,0.8277770724687968
Stochastic RSI,i041,XRPUSDT,True,sl0.50,3001,-0.11381001772011021,-341.54386317805074,0.7317329335612026
Stochastic RSI,i041,XRPUSDT,True,sl1.20,2180,-0.10017111929654474,-218.37304006646752,0.8338568039593774
Stochastic RSI,i041,XRPUSDT,True,fee0.02,2538,-0.046188777790089015,-117.22711803124592,0.9051832417261687
Stochastic RSI,i041,XRPUSDT,True,fee0.07,2538,-0.14616387617450066,-370.9639177308827,0.7326996053863853
Stochastic RSI,i041,XRPUSDT,True,slip3,2538,-0.12752991601639255,-323.6709268496043,0.7619581011986372
Stochastic RSI,i041,XRPUSDT,True,no_funding,2538,-0.10545496132822223,-267.64469185102797,0.7981617129846064
Connors RSI,i042,XRPUSDT,False,baseline,11882,-0.11203596758452576,-1331.2113668393351,0.5951065500085997
Connors RSI,i042,XRPUSDT,False,tp0.80,12443,-0.10661982133693211,-1326.6704368954463,0.5945192159545936
Connors RSI,i042,XRPUSDT,False,tp1.80,11526,-0.11260222382027225,-1297.8532317524578,0.5998721064107307
Connors RSI,i042,XRPUSDT,False,sl0.50,12794,-0.11441954324077652,-1463.8836362224947,0.5742280345671059
Connors RSI,i042,XRPUSDT,False,sl1.20,11486,-0.11292770133816642,-1297.0875775701795,0.594645434075195
Connors RSI,i042,XRPUSDT,False,fee0.02,11882,-0.05203435571106282,-618.2722145588483,0.7782045262303617
Connors RSI,i042,XRPUSDT,False,fee0.07,11882,-0.15203704216683442,-1806.5041350263264,0.502968152211561
Connors RSI,i042,XRPUSDT,False,slip3,11882,-0.1336238419843478,-1587.7184904580204,0.5432155477094255
Connors RSI,i042,XRPUSDT,False,no_funding,11882,-0.11206808608309503,-1331.5929988393352,0.5950177611282851
Connors RSI,i042,XRPUSDT,True,baseline,3625,-0.0864483670447899,-313.3753305373634,0.8313803275991234
Connors RSI,i042,XRPUSDT,True,tp0.80,4267,-0.09287470750152711,-396.2963769090162,0.7864891756648652
Connors RSI,i042,XRPUSDT,True,tp1.80,3111,-0.08603063313794979,-267.6412996921618,0.8507828736111516
Connors RSI,i042,XRPUSDT,True,sl0.50,4490,-0.09784747585970016,-439.33516661005376,0.7659464652149109
Connors RSI,i042,XRPUSDT,True,sl1.20,2971,-0.08446682397076623,-250.95093401714647,0.857845691838102
Connors RSI,i042,XRPUSDT,True,fee0.02,3625,-0.026451913086484855,-95.88818493850759,0.9445760011661279
Connors RSI,i042,XRPUSDT,True,fee0.07,3625,-0.12644600301699335,-458.3667609366008,0.7642692469305954
Connors RSI,i042,XRPUSDT,True,slip3,3625,-0.10796549899644037,-391.3749338620963,0.7945536769698961
Connors RSI,i042,XRPUSDT,True,no_funding,3625,-0.08584469228616921,-311.1870095373634,0.8324680149513279
Awesome Oscillator,i043,XRPUSDT,False,baseline,1536,-0.1023275697783783,-157.17514717958906,0.7850963000016502
Awesome Oscillator,i043,XRPUSDT,False,tp0.80,1582,-0.09199751213418869,-145.54006419628652,0.7733461996150959
Awesome Oscillator,i043,XRPUSDT,False,tp1.80,1510,-0.08682737200304343,-131.1093317245956,0.8334135467893983
Awesome Oscillator,i043,XRPUSDT,False,sl0.50,1685,-0.1007858228170055,-169.82411144665429,0.7476224629034149
Awesome Oscillator,i043,XRPUSDT,False,sl1.20,1395,-0.12325922894229498,-171.9466243745015,0.7697019006330724
Awesome Oscillator,i043,XRPUSDT,False,fee0.02,1536,-0.042338963302879055,-65.03264763322223,0.9034316147391367
Awesome Oscillator,i043,XRPUSDT,False,fee0.07,1536,-0.1423199740953778,-218.60348021050032,0.7162818921742724
Awesome Oscillator,i043,XRPUSDT,False,slip3,1536,-0.12370855841604196,-190.01634572704046,0.7475727695505711
Awesome Oscillator,i043,XRPUSDT,False,no_funding,1536,-0.10232717068983663,-157.17453417958907,0.7851304711030114
Awesome Oscillator,i043,XRPUSDT,True,baseline,618,-0.03408850035056878,-21.066693216651508,0.9293884658232566
Awesome Oscillator,i043,XRPUSDT,True,tp0.80,633,-0.050706047334043804,-32.096927962449726,0.8764854643807112
Awesome Oscillator,i043,XRPUSDT,True,tp1.80,614,-0.01021571361495025,-6.2724481595794535,0.9809107997255712
Awesome Oscillator,i043,XRPUSDT,True,sl0.50,648,-0.05225885363380145,-33.863737154703344,0.8690844327271317
Awesome Oscillator,i043,XRPUSDT,True,sl1.20,578,-0.033447016478765156,-19.33237552472626,0.9394912227466422
Awesome Oscillator,i043,XRPUSDT,True,fee0.02,618,0.025897078962627523,16.00439479890381,1.057589491794707
Awesome Oscillator,i043,XRPUSDT,True,fee0.07,618,-0.07407888655936636,-45.780751893688404,0.853292256830984
Awesome Oscillator,i043,XRPUSDT,True,slip3,618,-0.056406562687312554,-34.85925574075916,0.8860991301197749
Awesome Oscillator,i043,XRPUSDT,True,no_funding,618,-0.033300244687138346,-20.5795512166515,0.930962065842737
Accelerator Oscillator,i044,XRPUSDT,False,baseline,3648,-0.10381208480301181,-378.70648536138714,0.7485448830773141
Accelerator Oscillator,i044,XRPUSDT,False,tp0.80,3850,-0.1031851567005741,-397.26285329721026,0.7202010964869593
Accelerator Oscillator,i044,XRPUSDT,False,tp1.80,3447,-0.10373843457082547,-357.58638396563543,0.7618331823144301
Accelerator Oscillator,i044,XRPUSDT,False,sl0.50,4028,-0.10173723408815943,-409.7975789071062,0.7155477336928169
Accelerator Oscillator,i044,XRPUSDT,False,sl1.20,3372,-0.10061395440547492,-339.2702542552615,0.7722372184623496
Accelerator Oscillator,i044,XRPUSDT,False,fee0.02,3648,-0.043814155871274366,-159.83404061840886,0.8832314045243665
Accelerator Oscillator,i044,XRPUSDT,False,fee0.07,3648,-0.14381070409083677,-524.6214485233726,0.6721426630103784
Accelerator Oscillator,i044,XRPUSDT,False,slip3,3648,-0.1250386922884314,-456.1411494681977,0.7069312980880804
Accelerator Oscillator,i044,XRPUSDT,False,no_funding,3648,-0.10380908562538022,-378.6955443613871,0.748567068144889
Accelerator Oscillator,i044,XRPUSDT,True,baseline,1527,-0.08828518963026462,-134.81148456541408,0.8276598352472412
Accelerator Oscillator,i044,XRPUSDT,True,tp0.80,1644,-0.10209092324328296,-167.83747781195723,0.768244906322563
Accelerator Oscillator,i044,XRPUSDT,True,tp1.80,1433,-0.0681824095458777,-97.70539287924275,0.8794129126047678
Accelerator Oscillator,i044,XRPUSDT,True,sl0.50,1687,-0.11681174589032528,-197.06141531697875,0.7241070986030804
Accelerator Oscillator,i044,XRPUSDT,True,sl1.20,1390,-0.08792245542996703,-122.21221304765417,0.8518609535956984
Accelerator Oscillator,i044,XRPUSDT,True,fee0.02,1527,-0.028292822721652764,-43.20314029596377,0.9406658276105411
Accelerator Oscillator,i044,XRPUSDT,True,fee0.07,1527,-0.12828010090267256,-195.883714078381,0.7606594184596338
Accelerator Oscillator,i044,XRPUSDT,True,slip3,1527,-0.10975206366946753,-167.5914012232769,0.7909504580211695
Accelerator Oscillator,i044,XRPUSDT,True,no_funding,1527,-0.08749579539319847,-133.60607956541406,0.829085037310417
Momentum,i045,XRPUSDT,False,baseline,4107,-0.10997338725991933,-451.66070147648867,0.6919523985593251
Momentum,i045,XRPUSDT,False,tp0.80,4295,-0.10928169516540996,-469.3648807354358,0.6656833617503451
Momentum,i045,XRPUSDT,False,tp1.80,3965,-0.0957036460102919,-379.4649564308074,0.7432194510787906
Momentum,i045,XRPUSDT,False,sl0.50,4580,-0.10400599655597598,-476.34746422637005,0.6818016731124527
Momentum,i045,XRPUSDT,False,sl1.20,3869,-0.1036123077677805,-400.8760187535428,0.71488010013272
Momentum,i045,XRPUSDT,False,fee0.02,4107,-0.04997911916742565,-205.26424242061717,0.8417871996727676
Momentum,i045,XRPUSDT,False,fee0.07,4107,-0.14996956598824848,-615.9250075137365,0.6106792829891385
Momentum,i045,XRPUSDT,False,slip3,4107,-0.1312347208060344,-538.9809983503834,0.6471614662347908
Momentum,i045,XRPUSDT,False,no_funding,4107,-0.11004541915668095,-451.9565364764887,0.6917744869425737
Momentum,i045,XRPUSDT,True,baseline,1541,-0.06839239160905505,-105.39267546955384,0.8642390397038243
Momentum,i045,XRPUSDT,True,tp0.80,1690,-0.08041115755458814,-135.89485626725394,0.8123914941713967
Momentum,i045,XRPUSDT,True,tp1.80,1413,-0.052059811660357884,-73.5605138760857,0.9072024177018116
Momentum,i045,XRPUSDT,True,sl0.50,1784,-0.08698918739309408,-155.18871030927983,0.7895596591858209
Momentum,i045,XRPUSDT,True,sl1.20,1375,-0.06462678037261887,-88.86182301235095,0.8889382654092117
Momentum,i045,XRPUSDT,True,fee0.02,1541,-0.00840841582086578,-12.957368779954168,0.9820718184696062
Momentum,i045,XRPUSDT,True,fee0.07,1541,-0.10838170880118128,-167.01621326262034,0.7943839972931385
Momentum,i045,XRPUSDT,True,slip3,1541,-0.09018381938630624,-138.97326567429792,0.8253430310155503
Momentum,i045,XRPUSDT,True,no_funding,1541,-0.06753435981152098,-104.07044846955382,0.8658067481907804
Chande Momentum Oscillator,i046,XRPUSDT,False,baseline,4260,-0.10340666342469604,-440.5123861892052,0.7074038397559276
Chande Momentum Oscillator,i046,XRPUSDT,False,tp0.80,4456,-0.103309488960137,-460.34708280637045,0.6787536377488607
Chande Momentum Oscillator,i046,XRPUSDT,False,tp1.80,4098,-0.08885590721180195,-364.13150775396434,0.758836856669026
Chande Momentum Oscillator,i046,XRPUSDT,False,sl0.50,4750,-0.10061460633833533,-477.9193801070928,0.6917745290924349
Chande Momentum Oscillator,i046,XRPUSDT,False,sl1.20,4000,-0.10507207482137679,-420.28829928550715,0.710190020824743
Chande Momentum Oscillator,i046,XRPUSDT,False,fee0.02,4260,-0.043410404641704044,-184.92832377365923,0.8611848222687062
Chande Momentum Oscillator,i046,XRPUSDT,False,fee0.07,4260,-0.14340416928002403,-610.9017611329025,0.6239460338821555
Chande Momentum Oscillator,i046,XRPUSDT,False,slip3,4260,-0.12474281524765825,-531.4043929550242,0.6613491921378537
Chande Momentum Oscillator,i046,XRPUSDT,False,no_funding,4260,-0.10344657375333455,-440.6824041892051,0.7073233173366932
Chande Momentum Oscillator,i046,XRPUSDT,True,baseline,1561,-0.071968869726136,-112.3434056424983,0.8567205500911815
Chande Momentum Oscillator,i046,XRPUSDT,True,tp0.80,1723,-0.06156097070407768,-106.06955252312585,0.8519645750272274
Chande Momentum Oscillator,i046,XRPUSDT,True,tp1.80,1436,-0.04631894322991883,-66.51400247816343,0.9160630347907377
Chande Momentum Oscillator,i046,XRPUSDT,True,sl0.50,1803,-0.0881361459296131,-158.90947111109242,0.7860858122296919
Chande Momentum Oscillator,i046,XRPUSDT,True,sl1.20,1378,-0.05934957499656633,-81.78371434526841,0.8968319233891646
Chande Momentum Oscillator,i046,XRPUSDT,True,fee0.02,1561,-0.011986513373719043,-18.710947376375426,0.9743659154990434
Chande Momentum Oscillator,i046,XRPUSDT,True,fee0.07,1561,-0.11195710729441401,-174.76504448658025,0.7870067731776683
Chande Momentum Oscillator,i046,XRPUSDT,True,slip3,1561,-0.0936074262870099,-146.12119243402245,0.8181813606797875
Chande Momentum Oscillator,i046,XRPUSDT,True,no_funding,1561,-0.07106915223734675,-110.93894664249828,0.8583631730066711
Price Oscillator,i047,XRPUSDT,False,baseline,1483,-0.09578432266921444,-142.04815051844503,0.7995971625636769
Price Oscillator,i047,XRPUSDT,False,tp0.80,1520,-0.10449332311205574,-158.82985113032473,0.7482782435965086
Price Oscillator,i047,XRPUSDT,False,tp1.80,1453,-0.08755334787640762,-127.21501446442028,0.832952788310879
Price Oscillator,i047,XRPUSDT,False,sl0.50,1635,-0.1015460403000324,-166.027775890553,0.7484571845281848
Price Oscillator,i047,XRPUSDT,False,sl1.20,1335,-0.11798243697946592,-157.506553367587,0.7795641951010303
Price Oscillator,i047,XRPUSDT,False,fee0.02,1483,-0.03579105539593386,-53.07813515216991,0.9186711581605342
Price Oscillator,i047,XRPUSDT,False,fee0.07,1483,-0.13577983418473485,-201.36149409596177,0.7302202594354138
Price Oscillator,i047,XRPUSDT,False,slip3,1483,-0.11661227941027338,-172.93601036543544,0.762587404453612
Price Oscillator,i047,XRPUSDT,False,no_funding,1483,-0.0958300293448719,-142.11593351844502,0.7995661141685424
Price Oscillator,i047,XRPUSDT,True,baseline,585,-0.03443022311253661,-20.141680520833916,0.9293271393318562
Price Oscillator,i047,XRPUSDT,True,tp0.80,593,-0.05903326825575434,-35.00672807566232,0.8583606063293666
Price Oscillator,i047,XRPUSDT,True,tp1.80,571,-0.0325303627442637,-18.574837126974572,0.9403539001915071
Price Oscillator,i047,XRPUSDT,True,sl0.50,627,-0.06414645539386675,-40.21982753195446,0.8415955365344142
Price Oscillator,i047,XRPUSDT,True,sl1.20,549,-0.06425915039900458,-35.27827356905351,0.8890545493905831
Price Oscillator,i047,XRPUSDT,True,fee0.02,585,0.025554092368448442,14.94914403554234,1.0562868503500562
Price Oscillator,i047,XRPUSDT,True,fee0.07,585,-0.07441976676652666,-43.5355635584181,0.8539570180097221
Price Oscillator,i047,XRPUSDT,True,slip3,585,-0.05620668531200801,-32.88091090752469,0.8874770883856535
Price Oscillator,i047,XRPUSDT,True,no_funding,585,-0.03371613935185284,-19.72394152083391,0.930742015173905
Detrended Price Oscillator,i048,XRPUSDT,False,baseline,2234,-0.11714165541356941,-261.69445819391404,0.7153560631081899
Detrended Price Oscillator,i048,XRPUSDT,False,tp0.80,2315,-0.11781659071438602,-272.7454075038036,0.6777674072988827
Detrended Price Oscillator,i048,XRPUSDT,False,tp1.80,2179,-0.11316975524419326,-246.5968966770971,0.7459607256631712
Detrended Price Oscillator,i048,XRPUSDT,False,sl0.50,2508,-0.11143670238320535,-279.483249577079,0.697819511349357
Detrended Price Oscillator,i048,XRPUSDT,False,sl1.20,2078,-0.11890136366466077,-247.07703369516508,0.722324526260466
Detrended Price Oscillator,i048,XRPUSDT,False,fee0.02,2234,-0.05714597828834044,-127.66411549615255,0.8450276187007719
Detrended Price Oscillator,i048,XRPUSDT,False,fee0.07,2234,-0.15713877349705535,-351.0480199924217,0.6430235076506838
Detrended Price Oscillator,i048,XRPUSDT,False,slip3,2234,-0.13859534602230328,-309.6220030138255,0.6754907321464285
Detrended Price Oscillator,i048,XRPUSDT,False,no_funding,2234,-0.11723690563738318,-261.90724719391403,0.7151610056669977
Detrended Price Oscillator,i048,XRPUSDT,True,baseline,858,-0.03929822223100759,-33.71787467420451,0.9193682394378276
Detrended Price Oscillator,i048,XRPUSDT,True,tp0.80,897,-0.07198803378437142,-64.57326630458115,0.8296932019342175
Detrended Price Oscillator,i048,XRPUSDT,True,tp1.80,822,-0.033658030908498476,-27.666901406785747,0.9387895192443019
Detrended Price Oscillator,i048,XRPUSDT,True,sl0.50,1005,-0.05928640075887198,-59.582832762666335,0.8530576923489139
Detrended Price Oscillator,i048,XRPUSDT,True,sl1.20,766,-0.038504516231591304,-29.49445943339894,0.9315316322975759
Detrended Price Oscillator,i048,XRPUSDT,True,fee0.02,858,0.020687812250034833,17.75014291052989,1.0455986053999353
Detrended Price Oscillator,i048,XRPUSDT,True,fee0.07,858,-0.07928891188503591,-68.02988639736081,0.8445159816389216
Detrended Price Oscillator,i048,XRPUSDT,True,slip3,858,-0.06169749781733366,-52.93645312727229,0.8766303650807492
Detrended Price Oscillator,i048,XRPUSDT,True,no_funding,858,-0.03867843318671853,-33.186095674204495,0.9205897782849007
TRIX,i049,XRPUSDT,False,baseline,836,-0.07747515012360144,-64.7692255033308,0.8416348360779862
TRIX,i049,XRPUSDT,False,tp0.80,838,-0.0848061486871967,-71.06755259987084,0.7976186437899859
TRIX,i049,XRPUSDT,False,tp1.80,835,-0.08536001729989814,-71.27561444541494,0.843838536337198
TRIX,i049,XRPUSDT,False,sl0.50,860,-0.08392927834506328,-72.17917937675442,0.793105126809041
TRIX,i049,XRPUSDT,False,sl1.20,794,-0.0985883643884795,-78.27916132445272,0.8274662032163302
TRIX,i049,XRPUSDT,False,fee0.02,836,-0.01747597823596209,-14.609917805264308,0.9615374742096384
TRIX,i049,XRPUSDT,False,fee0.07,836,-0.11747459804869438,-98.2087639687085,0.7708708161106598
TRIX,i049,XRPUSDT,False,slip3,836,-0.09873200006600792,-82.53995205518262,0.8033026279597374
TRIX,i049,XRPUSDT,False,no_funding,836,-0.07755484031498901,-64.83584650333081,0.841515548877758
TRIX,i049,XRPUSDT,True,baseline,335,-0.08585734104499247,-28.76220925007248,0.8287106718385245
TRIX,i049,XRPUSDT,True,tp0.80,336,-0.0721910722498504,-24.256200275949734,0.8265430340404286
TRIX,i049,XRPUSDT,True,tp1.80,333,-0.13089164618706314,-43.586918180292024,0.7697616451390379
TRIX,i049,XRPUSDT,True,sl0.50,338,-0.1009722130642427,-34.128608015714036,0.7576699674451703
TRIX,i049,XRPUSDT,True,sl1.20,330,-0.11187116655342996,-36.91748496263189,0.8128951973236852
TRIX,i049,XRPUSDT,True,fee0.02,335,-0.025880821289135804,-8.670075131860495,0.9445052568346296
TRIX,i049,XRPUSDT,True,fee0.07,335,-0.12584168754889694,-42.156965328880474,0.7601776742527917
TRIX,i049,XRPUSDT,True,slip3,335,-0.10846882894554959,-36.33705769675911,0.7891954762961269
TRIX,i049,XRPUSDT,True,no_funding,335,-0.0854194037315596,-28.61550025007247,0.8294917617810595
Fisher Transform,i050,XRPUSDT,False,baseline,5382,-0.09415459433106277,-506.7400266897798,0.7446521581454889
Fisher Transform,i050,XRPUSDT,False,tp0.80,5717,-0.10346558885251274,-591.5127714698153,0.6990497693346838
Fisher Transform,i050,XRPUSDT,False,tp1.80,5079,-0.099420206638562,-504.9552295172565,0.7394660821224568
Fisher Transform,i050,XRPUSDT,False,sl0.50,5963,-0.1022450495640039,-609.6872305501553,0.6944200910660716
Fisher Transform,i050,XRPUSDT,False,sl1.20,5018,-0.1019285660442223,-511.4775444099076,0.7370557079877208
Fisher Transform,i050,XRPUSDT,False,fee0.02,5382,-0.03416021122592958,-183.85025681795304,0.8965317509735361
Fisher Transform,i050,XRPUSDT,False,fee0.07,5382,-0.13415084973448493,-721.9998732709978,0.6605318441463949
Fisher Transform,i050,XRPUSDT,False,slip3,5382,-0.1157378701951965,-622.9012173905476,0.6979153254322992
Fisher Transform,i050,XRPUSDT,False,no_funding,5382,-0.09419363465064658,-506.95014168977985,0.7445601165385928
Fisher Transform,i050,XRPUSDT,True,baseline,2157,-0.08337928768859865,-179.84912354430728,0.8375081181020675
Fisher Transform,i050,XRPUSDT,True,tp0.80,2358,-0.0945110443186903,-222.85704250347172,0.7837844915654857
Fisher Transform,i050,XRPUSDT,True,tp1.80,1950,-0.08087686037088891,-157.7098777232334,0.8591304146442025
Fisher Transform,i050,XRPUSDT,True,sl0.50,2482,-0.09265355374915855,-229.96612040541154,0.7771213265987044
Fisher Transform,i050,XRPUSDT,True,sl1.20,1887,-0.09065259764924843,-171.0614517641318,0.8480759897150784
Fisher Transform,i050,XRPUSDT,True,fee0.02,2157,-0.023391471000094782,-50.45540294720444,0.9510814737838821
Fisher Transform,i050,XRPUSDT,True,fee0.07,2157,-0.12337116548093456,-266.11160394237584,0.7700616854942512
Fisher Transform,i050,XRPUSDT,True,slip3,2157,-0.10480607899844531,-226.06671239964652,0.8006028513332557
Fisher Transform,i050,XRPUSDT,True,no_funding,2157,-0.08269650233857545,-178.37635554430724,0.8387094039007548
Ultimate Oscillator,i051,XRPUSDT,False,baseline,4498,-0.11459004865078307,-515.4260388312222,0.6714006028305953
Ultimate Oscillator,i051,XRPUSDT,False,tp0.80,4748,-0.11692113406395702,-555.141544535668,0.6418954639355755
Ultimate Oscillator,i051,XRPUSDT,False,tp1.80,4323,-0.1064594808483682,-460.22433570749575,0.7032713712523174
Ultimate Oscillator,i051,XRPUSDT,False,sl0.50,4949,-0.11477047498555555,-567.9990807035144,0.6409834761765187
Ultimate Oscillator,i051,XRPUSDT,False,sl1.20,4263,-0.11514955829685061,-490.88256701947415,0.6818637459406701
Ultimate Oscillator,i051,XRPUSDT,False,fee0.02,4498,-0.05459404449527787,-245.56401213975985,0.8226525400723003
Ultimate Oscillator,i051,XRPUSDT,False,fee0.07,4498,-0.1545873847544532,-695.3340566255304,0.5897549960045207
Ultimate Oscillator,i051,XRPUSDT,False,slip3,4498,-0.13592349914621282,-611.3838991596654,0.626430739076052
Ultimate Oscillator,i051,XRPUSDT,False,no_funding,4498,-0.1146066349113433,-515.5006438312222,0.6713860041008217
Ultimate Oscillator,i051,XRPUSDT,True,baseline,1736,-0.09323936465543357,-161.86353704183267,0.8184699333390122
Ultimate Oscillator,i051,XRPUSDT,True,tp0.80,1887,-0.10221432468324716,-192.87843067728738,0.7676520823422274
Ultimate Oscillator,i051,XRPUSDT,True,tp1.80,1583,-0.07561460344581555,-119.69791725472602,0.8671054843958128
Ultimate Oscillator,i051,XRPUSDT,True,sl0.50,2017,-0.09122835873429759,-184.00759956707824,0.7799296403807143
Ultimate Oscillator,i051,XRPUSDT,True,sl1.20,1519,-0.0752114509700184,-114.24619402345795,0.8705988499903555
Ultimate Oscillator,i051,XRPUSDT,True,fee0.02,1736,-0.03324538723887894,-57.713992246693834,0.9304742145816419
Ultimate Oscillator,i051,XRPUSDT,True,fee0.07,1736,-0.13323534959980332,-231.2965669052586,0.7520879936979258
Ultimate Oscillator,i051,XRPUSDT,True,slip3,1736,-0.11466379777016802,-199.0563529290117,0.7821286703024422
Ultimate Oscillator,i051,XRPUSDT,True,no_funding,1736,-0.09245486868769164,-160.50165204183267,0.8198504524414846
Williams %R,i052,XRPUSDT,False,baseline,4011,-0.11510918089831064,-461.70292458312395,0.6999987669264581
Williams %R,i052,XRPUSDT,False,tp0.80,4211,-0.11434895677055287,-481.52345696079817,0.6725197811353829
Williams %R,i052,XRPUSDT,False,tp1.80,3845,-0.10997319939084574,-422.8469516578018,0.7261392634311923
Williams %R,i052,XRPUSDT,False,sl0.50,4536,-0.1128373224427243,-511.8300946001974,0.6793183617186899
Williams %R,i052,XRPUSDT,False,sl1.20,3770,-0.10920392603502127,-411.6988011520302,0.720160342103371
Williams %R,i052,XRPUSDT,False,fee0.02,4011,-0.05510931975564715,-221.0434815399007,0.8385485446608419
Williams %R,i052,XRPUSDT,False,fee0.07,4011,-0.15510908832675296,-622.1425532786061,0.6238106067955251
Williams %R,i052,XRPUSDT,False,slip3,4011,-0.1361568866010679,-546.1252721568833,0.6585993090212587
Williams %R,i052,XRPUSDT,False,no_funding,4011,-0.1151670617260344,-461.93508458312397,0.699864136608726
Williams %R,i052,XRPUSDT,True,baseline,1526,-0.08205731800833359,-125.21946728071707,0.8391731347464015
Williams %R,i052,XRPUSDT,True,tp0.80,1643,-0.09151160481974825,-150.3535667188464,0.7889673325643566
Williams %R,i052,XRPUSDT,True,tp1.80,1415,-0.04682343563807411,-66.25516142787487,0.91616210158468
Williams %R,i052,XRPUSDT,True,sl0.50,1805,-0.10189419323240728,-183.91901878449514,0.7565896095751583
Williams %R,i052,XRPUSDT,True,sl1.20,1343,-0.07851725945736918,-105.4486794512468,0.866702261223582
Williams %R,i052,XRPUSDT,True,fee0.02,1526,-0.022065026841933028,-33.6712309607898,0.9535522663016437
Williams %R,i052,XRPUSDT,True,fee0.07,1526,-0.12205217878593401,-186.2516248273353,0.7713760894023448
Williams %R,i052,XRPUSDT,True,slip3,1526,-0.10345808075191953,-157.87703122742923,0.8021026902319903
Williams %R,i052,XRPUSDT,True,no_funding,1526,-0.08109867515119072,-123.75657828071705,0.8409054750056779
SMI Ergodic,i053,XRPUSDT,False,baseline,4316,-0.09528306615289844,-411.2417135159097,0.7554886977964592
SMI Ergodic,i053,XRPUSDT,False,tp0.80,4592,-0.09847305966432199,-452.1882899785666,0.7240786916480121
SMI Ergodic,i053,XRPUSDT,False,tp1.80,4086,-0.097017075907318,-396.41177215730136,0.7629058156138716
SMI Ergodic,i053,XRPUSDT,False,sl0.50,4765,-0.09829411006088808,-468.37143444013174,0.7177284683650628
SMI Ergodic,i053,XRPUSDT,False,sl1.20,4048,-0.10438450841112462,-422.5484900482325,0.750359514760875
SMI Ergodic,i053,XRPUSDT,False,fee0.02,4316,-0.035286900724752435,-152.2982635280315,0.8991866942536044
SMI Ergodic,i053,XRPUSDT,False,fee0.07,4316,-0.13528050977166248,-583.8706801744952,0.6753881056112523
SMI Ergodic,i053,XRPUSDT,False,slip3,4316,-0.11685704937722645,-504.35502511210933,0.7110734037278127
SMI Ergodic,i053,XRPUSDT,False,no_funding,4316,-0.09529592991564174,-411.2972335159098,0.7554598818643029
SMI Ergodic,i053,XRPUSDT,True,baseline,1713,-0.08061773401544016,-138.09817836844897,0.8422534902862198
SMI Ergodic,i053,XRPUSDT,True,tp0.80,1845,-0.0951186074359055,-175.49383071924566,0.782512078605041
SMI Ergodic,i053,XRPUSDT,True,tp1.80,1585,-0.07018113287682243,-111.23709560976356,0.8768379720078744
SMI Ergodic,i053,XRPUSDT,True,sl0.50,1957,-0.08795893492814716,-172.135635654384,0.7879399826057261
SMI Ergodic,i053,XRPUSDT,True,sl1.20,1504,-0.05643944399409601,-84.8849237671204,0.9021478115050524
SMI Ergodic,i053,XRPUSDT,True,fee0.02,1713,-0.020627876486827516,-35.33555242193553,0.9566633069011419
SMI Ergodic,i053,XRPUSDT,True,fee0.07,1713,-0.12061097236784858,-206.60659566612463,0.7743539440221929
SMI Ergodic,i053,XRPUSDT,True,slip3,1713,-0.10233334879757555,-175.29702649024694,0.8045464117855057
SMI Ergodic,i053,XRPUSDT,True,no_funding,1713,-0.07993658398625157,-136.93136836844894,0.8434669075385604
Relative Vigor Index,i054,XRPUSDT,False,baseline,5037,-0.09283568625855679,-467.6133516843505,0.7491046029747527
Relative Vigor Index,i054,XRPUSDT,False,tp0.80,5357,-0.09431917056915168,-505.26779673894555,0.7227293929248874
Relative Vigor Index,i054,XRPUSDT,False,tp1.80,4748,-0.09378753121763383,-445.3031982213254,0.7550873308483785
Relative Vigor Index,i054,XRPUSDT,False,sl0.50,5538,-0.11033612402935537,-611.04145487457,0.6722589223070444
Relative Vigor Index,i054,XRPUSDT,False,sl1.20,4680,-0.11049458813923475,-517.1146724916186,0.7225731464282261
Relative Vigor Index,i054,XRPUSDT,False,fee0.02,5037,-0.0328409453675515,-165.41984181635692,0.9013870327883768
Relative Vigor Index,i054,XRPUSDT,False,fee0.07,5037,-0.13283218018589366,-669.0756915963464,0.664221894772287
Relative Vigor Index,i054,XRPUSDT,False,slip3,5037,-0.11438718004247041,-576.1682258739233,0.7021325409357586
Relative Vigor Index,i054,XRPUSDT,False,no_funding,5037,-0.09282936682238448,-467.5815206843506,0.7491172971331032
Relative Vigor Index,i054,XRPUSDT,True,baseline,2022,-0.09339343296817632,-188.84152146165252,0.8179285330843885
Relative Vigor Index,i054,XRPUSDT,True,tp0.80,2242,-0.10250457632373601,-229.81526011781614,0.767339561272824
Relative Vigor Index,i054,XRPUSDT,True,tp1.80,1855,-0.08914256749366528,-165.3594627007491,0.8437583544382865
Relative Vigor Index,i054,XRPUSDT,True,sl0.50,2337,-0.10310462120366555,-240.95549975296638,0.7540061338265406
Relative Vigor Index,i054,XRPUSDT,True,sl1.20,1798,-0.08712811159615244,-156.6563446498821,0.8527795909862987
Relative Vigor Index,i054,XRPUSDT,True,fee0.02,2022,-0.03341141121773874,-67.55787348226772,0.9300619961466692
Relative Vigor Index,i054,XRPUSDT,True,fee0.07,2022,-0.13338144746846806,-269.6972867812424,0.7514060133783563
Relative Vigor Index,i054,XRPUSDT,True,slip3,2022,-0.11497974134132365,-232.48903699215643,0.7812636584299745
Relative Vigor Index,i054,XRPUSDT,True,no_funding,2022,-0.09269636323523861,-187.43204646165248,0.8191325958336666
True Strength Index,i055,XRPUSDT,False,baseline,2276,-0.11021675031800786,-250.8533237237859,0.7649790520543673
True Strength Index,i055,XRPUSDT,False,tp0.80,2383,-0.1205194657566472,-287.19788689809025,0.7110925740726264
True Strength Index,i055,XRPUSDT,False,tp1.80,2165,-0.11374368697322484,-246.25508229703178,0.7762677882004262
True Strength Index,i055,XRPUSDT,False,sl0.50,2495,-0.1135545203824932,-283.3185283543205,0.7135269098274198
True Strength Index,i055,XRPUSDT,False,sl1.20,2107,-0.10951476808194914,-230.74761634866684,0.7894100124455931
True Strength Index,i055,XRPUSDT,False,fee0.02,2276,-0.050217225750758224,-114.29440580872571,0.8833701845828117
True Strength Index,i055,XRPUSDT,False,fee0.07,2276,-0.15021643336284102,-341.8926023338261,0.6963916227084527
True Strength Index,i055,XRPUSDT,False,slip3,2276,-0.13109265941253334,-298.3668928229259,0.7282817450797006
True Strength Index,i055,XRPUSDT,False,no_funding,2276,-0.11022617694366693,-250.87477872378594,0.7649397933198553
True Strength Index,i055,XRPUSDT,True,baseline,916,-0.11659193707070085,-106.79821435676197,0.7784962587088968
True Strength Index,i055,XRPUSDT,True,tp0.80,939,-0.12189762051728144,-114.46186566572727,0.7303110997785162
True Strength Index,i055,XRPUSDT,True,tp1.80,893,-0.10249937438821868,-91.53194132867928,0.8229542625622055
True Strength Index,i055,XRPUSDT,True,sl0.50,993,-0.1148345371651809,-114.03069540502464,0.728806731176754
True Strength Index,i055,XRPUSDT,True,sl1.20,839,-0.07419659928678937,-62.25094680161628,0.872679280474151
True Strength Index,i055,XRPUSDT,True,fee0.02,916,-0.0566022251291049,-51.84763821826009,0.8845723334457178
True Strength Index,i055,XRPUSDT,True,fee0.07,916,-0.15658507836509816,-143.43193178242993,0.7155410240135126
True Strength Index,i055,XRPUSDT,True,slip3,916,-0.13806074475171756,-126.46364219257329,0.7438459722092596
True Strength Index,i055,XRPUSDT,True,no_funding,916,-0.11580987266022048,-106.08184335676196,0.7797803245129536
Coppock Curve,i056,XRPUSDT,False,baseline,1759,-0.11226868254095548,-197.4806125895407,0.7654719317043205
Coppock Curve,i056,XRPUSDT,False,tp0.80,1828,-0.11375906250176272,-207.95156625322227,0.7277110780334075
Coppock Curve,i056,XRPUSDT,False,tp1.80,1692,-0.12722060228613485,-215.25725906814017,0.7591877382238993
Coppock Curve,i056,XRPUSDT,False,sl0.50,1914,-0.10636205812480976,-203.57697925088587,0.7325198833813942
Coppock Curve,i056,XRPUSDT,False,sl1.20,1631,-0.12237465187169444,-199.5930572027336,0.7731112277549004
Coppock Curve,i056,XRPUSDT,False,fee0.02,1759,-0.05227782902237092,-91.95670125035045,0.8813876447553635
Coppock Curve,i056,XRPUSDT,False,fee0.07,1759,-0.15226258488667854,-267.8298868156676,0.6980586667744472
Coppock Curve,i056,XRPUSDT,False,slip3,1759,-0.13357790905947325,-234.96354203561344,0.728754198276228
Coppock Curve,i056,XRPUSDT,False,no_funding,1759,-0.11249623285363315,-197.88087358954073,0.7650382152660946
Coppock Curve,i056,XRPUSDT,True,baseline,737,-0.06287112062466485,-46.336015900377994,0.8732481882080099
Coppock Curve,i056,XRPUSDT,True,tp0.80,752,-0.09460317428025042,-71.14158705874831,0.7823313818422882
Coppock Curve,i056,XRPUSDT,True,tp1.80,725,-0.06567280049465578,-47.61278035862544,0.8822267407232077
Coppock Curve,i056,XRPUSDT,True,sl0.50,760,-0.07758036529606396,-58.96107762500862,0.8091862566190561
Coppock Curve,i056,XRPUSDT,True,sl1.20,702,-0.04492851792610326,-31.539819584124483,0.9200780960660206
Coppock Curve,i056,XRPUSDT,True,fee0.02,737,-0.0028860619555896028,-2.127027661269537,0.9937486787212931
Coppock Curve,i056,XRPUSDT,True,fee0.07,737,-0.10286115973738169,-75.8086747264503,0.8018406200014782
Coppock Curve,i056,XRPUSDT,True,slip3,737,-0.08523802671587728,-62.82042568960156,0.8325570669876674
Coppock Curve,i056,XRPUSDT,True,no_funding,737,-0.06226791845370147,-45.891455900377984,0.8743871904650277
Rate of Change,i057,XRPUSDT,False,baseline,4260,-0.10340666342469604,-440.5123861892052,0.7074038397559276
Rate of Change,i057,XRPUSDT,False,tp0.80,4456,-0.103309488960137,-460.34708280637045,0.6787536377488607
Rate of Change,i057,XRPUSDT,False,tp1.80,4098,-0.08885590721180195,-364.13150775396434,0.758836856669026
Rate of Change,i057,XRPUSDT,False,sl0.50,4750,-0.10061460633833533,-477.9193801070928,0.6917745290924349
Rate of Change,i057,XRPUSDT,False,sl1.20,4000,-0.10507207482137679,-420.28829928550715,0.710190020824743
Rate of Change,i057,XRPUSDT,False,fee0.02,4260,-0.043410404641704044,-184.92832377365923,0.8611848222687062
Rate of Change,i057,XRPUSDT,False,fee0.07,4260,-0.14340416928002403,-610.9017611329025,0.6239460338821555
Rate of Change,i057,XRPUSDT,False,slip3,4260,-0.12474281524765825,-531.4043929550242,0.6613491921378537
Rate of Change,i057,XRPUSDT,False,no_funding,4260,-0.10344657375333455,-440.6824041892051,0.7073233173366932
Rate of Change,i057,XRPUSDT,True,baseline,1561,-0.071968869726136,-112.3434056424983,0.8567205500911815
Rate of Change,i057,XRPUSDT,True,tp0.80,1723,-0.06156097070407768,-106.06955252312585,0.8519645750272274
Rate of Change,i057,XRPUSDT,True,tp1.80,1436,-0.04631894322991883,-66.51400247816343,0.9160630347907377
Rate of Change,i057,XRPUSDT,True,sl0.50,1803,-0.0881361459296131,-158.90947111109242,0.7860858122296919
Rate of Change,i057,XRPUSDT,True,sl1.20,1378,-0.05934957499656633,-81.78371434526841,0.8968319233891646
Rate of Change,i057,XRPUSDT,True,fee0.02,1561,-0.011986513373719043,-18.710947376375426,0.9743659154990434
Rate of Change,i057,XRPUSDT,True,fee0.07,1561,-0.11195710729441401,-174.76504448658025,0.7870067731776683
Rate of Change,i057,XRPUSDT,True,slip3,1561,-0.0936074262870099,-146.12119243402245,0.8181813606797875
Rate of Change,i057,XRPUSDT,True,no_funding,1561,-0.07106915223734675,-110.93894664249828,0.8583631730066711
Klinger Oscillator,i058,XRPUSDT,False,baseline,4548,-0.08665742881603489,-394.1179862553267,0.7586746835900184
Klinger Oscillator,i058,XRPUSDT,False,tp0.80,4767,-0.09787576045848902,-466.5737501056172,0.7034351334822607
Klinger Oscillator,i058,XRPUSDT,False,tp1.80,4314,-0.09230987952315184,-398.224820262877,0.7543638883178839
Klinger Oscillator,i058,XRPUSDT,False,sl0.50,4998,-0.10107472319917335,-505.1714665494684,0.6929957140575146
Klinger Oscillator,i058,XRPUSDT,False,sl1.20,4290,-0.09567739099045205,-410.45600734903934,0.7494806271526375
Klinger Oscillator,i058,XRPUSDT,False,fee0.02,4548,-0.026661298994509704,-121.25558782703013,0.916461446732316
Klinger Oscillator,i058,XRPUSDT,False,fee0.07,4548,-0.12665484869705168,-576.0262518741911,0.6722927457525685
Klinger Oscillator,i058,XRPUSDT,False,slip3,4548,-0.10790886150845763,-490.76950214046536,0.7112827702654495
Klinger Oscillator,i058,XRPUSDT,False,no_funding,4548,-0.08670051478789065,-394.31394125532665,0.7585651482037175
Klinger Oscillator,i058,XRPUSDT,True,baseline,1750,-0.07219189342907244,-126.33581350087675,0.8579638800421354
Klinger Oscillator,i058,XRPUSDT,True,tp0.80,1911,-0.10016531545260889,-191.41591782993558,0.7728193408873241
Klinger Oscillator,i058,XRPUSDT,True,tp1.80,1607,-0.062358627809477665,-100.21031488983061,0.8897846908790642
Klinger Oscillator,i058,XRPUSDT,True,sl0.50,2030,-0.08056568694551802,-163.5483444994016,0.8045111098940928
Klinger Oscillator,i058,XRPUSDT,True,sl1.20,1533,-0.05220138408333566,-80.02472179975358,0.9093661889408814
Klinger Oscillator,i058,XRPUSDT,True,fee0.02,1750,-0.012203084790859567,-21.355398384004243,0.9742304920261978
Klinger Oscillator,i058,XRPUSDT,True,fee0.07,1750,-0.11218443252121438,-196.32275691212516,0.7889325169514011
Klinger Oscillator,i058,XRPUSDT,True,slip3,1750,-0.0936271441329199,-163.84750223260983,0.8201419894208203
Klinger Oscillator,i058,XRPUSDT,True,no_funding,1750,-0.07150725171478671,-125.13769050087676,0.8591883247480527
Bollinger Bands,i059,XRPUSDT,False,baseline,1974,-0.11508713105035827,-227.18199669340723,0.7808166856142535
Bollinger Bands,i059,XRPUSDT,False,tp0.80,2149,-0.10280456676159631,-220.9270139706705,0.7674883482249946
Bollinger Bands,i059,XRPUSDT,False,tp1.80,1818,-0.09785502958127518,-177.90044377875827,0.8307420899612304
Bollinger Bands,i059,XRPUSDT,False,sl0.50,2178,-0.11797625542790337,-256.95228432197354,0.7212401818548348
Bollinger Bands,i059,XRPUSDT,False,sl1.20,1812,-0.09140263832263505,-165.62158064061472,0.8467360708721802
Bollinger Bands,i059,XRPUSDT,False,fee0.02,1974,-0.05508124940541705,-108.73038632629326,0.8873412532128184
Bollinger Bands,i059,XRPUSDT,False,fee0.07,1974,-0.1550910521469858,-306.14973693815,0.717620606706032
Bollinger Bands,i059,XRPUSDT,False,slip3,1974,-0.1359083487106417,-268.28308035480666,0.7471585496505522
Bollinger Bands,i059,XRPUSDT,False,no_funding,1974,-0.11505005911520123,-227.10881669340725,0.7808943736419415
Bollinger Bands,i059,XRPUSDT,True,baseline,1000,-0.12332300863116087,-123.32300863116087,0.7709170692401849
Bollinger Bands,i059,XRPUSDT,True,tp0.80,1070,-0.10110819969730228,-108.18577367611344,0.7727501746160998
Bollinger Bands,i059,XRPUSDT,True,tp1.80,937,-0.10695471763924772,-100.21657042797511,0.8201718842800124
Bollinger Bands,i059,XRPUSDT,True,sl0.50,1085,-0.11285555417774712,-122.44827628285564,0.7353524265038595
Bollinger Bands,i059,XRPUSDT,True,sl1.20,926,-0.09073441952648494,-84.02007248152505,0.8501826987447234
Bollinger Bands,i059,XRPUSDT,True,fee0.02,1000,-0.06332036828617764,-63.32036828617764,0.8738805841090915
Bollinger Bands,i059,XRPUSDT,True,fee0.07,1000,-0.16332476886114972,-163.32476886114972,0.7097028913474814
Bollinger Bands,i059,XRPUSDT,True,slip3,1000,-0.14527042203778665,-145.27042203778663,0.7365595102622102
Bollinger Bands,i059,XRPUSDT,True,no_funding,1000,-0.12285825463116087,-122.85825463116086,0.7716558922952219
BB %B,i060,XRPUSDT,False,baseline,3431,-0.11063031937397867,-379.57262577212083,0.7063342320946342
BB %B,i060,XRPUSDT,False,tp0.80,3586,-0.10883355693780013,-390.27713517895126,0.6796455830882251
BB %B,i060,XRPUSDT,False,tp1.80,3303,-0.103177631820602,-340.7957179034484,0.739438421098487
BB %B,i060,XRPUSDT,False,sl0.50,3823,-0.10776780175656125,-411.9963061153337,0.688756566310702
BB %B,i060,XRPUSDT,False,sl1.20,3222,-0.10173100251883414,-327.77729011568357,0.7311685301781493
BB %B,i060,XRPUSDT,False,fee0.02,3431,-0.05063409425418193,-173.72557738609822,0.8480402622513591
BB %B,i060,XRPUSDT,False,fee0.07,3431,-0.15062780278717647,-516.8039913628025,0.6290378197760776
BB %B,i060,XRPUSDT,False,slip3,3431,-0.13202036797404695,-452.96188251895506,0.6635655734358086
BB %B,i060,XRPUSDT,False,no_funding,3431,-0.11081033482137012,-380.19025877212084,0.7059308791851643
BB %B,i060,XRPUSDT,True,baseline,1281,-0.08195343171026027,-104.98234602084342,0.8392095286594895
BB %B,i060,XRPUSDT,True,tp0.80,1376,-0.09820110580674053,-135.12472159007498,0.7754838240633667
BB %B,i060,XRPUSDT,True,tp1.80,1220,-0.06071015576884261,-74.06639003798799,0.8922382665655296
BB %B,i060,XRPUSDT,True,sl0.50,1516,-0.10480226038293286,-158.8802267405262,0.7502712100821455
BB %B,i060,XRPUSDT,True,sl1.20,1109,-0.06747727582847741,-74.83229889378146,0.8837516000401796
BB %B,i060,XRPUSDT,True,fee0.02,1281,-0.021958443955481955,-28.128766706972385,0.9537165330979551
BB %B,i060,XRPUSDT,True,fee0.07,1281,-0.12195009021344584,-156.21806556342412,0.7713221305762691
BB %B,i060,XRPUSDT,True,slip3,1281,-0.1032910013211961,-132.3157726924522,0.8021665769126864
BB %B,i060,XRPUSDT,True,no_funding,1281,-0.08113570493430398,-103.9348380208434,0.8406701608719447
Standard Error Bands,i061,XRPUSDT,False,baseline,2514,-0.10758178982351141,-270.46061961630767,0.7822262501561372
Standard Error Bands,i061,XRPUSDT,False,tp0.80,2754,-0.09894600145142146,-272.4972879972147,0.7673504977758573
Standard Error Bands,i061,XRPUSDT,False,tp1.80,2277,-0.10368909269965201,-236.10006407710765,0.8063160414624495
Standard Error Bands,i061,XRPUSDT,False,sl0.50,2788,-0.11048784977216275,-308.04012516478974,0.7291860997766557
Standard Error Bands,i061,XRPUSDT,False,sl1.20,2294,-0.11054657312079255,-253.59383873909815,0.8024930714340093
Standard Error Bands,i061,XRPUSDT,False,fee0.02,2514,-0.047580170035023996,-119.61654746805033,0.8959153964217969
Standard Error Bands,i061,XRPUSDT,False,fee0.07,2514,-0.14758286968250303,-371.0233343818127,0.7155074227347563
Standard Error Bands,i061,XRPUSDT,False,slip3,2514,-0.12852912030859776,-323.12220845581476,0.7464140221185772
Standard Error Bands,i061,XRPUSDT,False,no_funding,2514,-0.10756086579805396,-270.4080166163077,0.7822573661058468
Standard Error Bands,i061,XRPUSDT,True,baseline,1142,-0.10538557764340198,-120.35032966876504,0.799968224265571
Standard Error Bands,i061,XRPUSDT,True,tp0.80,1225,-0.08761307874830641,-107.32602146667536,0.7986749937312276
Standard Error Bands,i061,XRPUSDT,True,tp1.80,1056,-0.08709165967391776,-91.96879261565715,0.8502972880635581
Standard Error Bands,i061,XRPUSDT,True,sl0.50,1210,-0.10633754430979557,-128.66842861485264,0.7485716854024267
Standard Error Bands,i061,XRPUSDT,True,sl1.20,1069,-0.10112610299890794,-108.10380410583261,0.8332491983731195
Standard Error Bands,i061,XRPUSDT,True,fee0.02,1142,-0.04538181244164588,-51.8260298083596,0.9075958368647513
Standard Error Bands,i061,XRPUSDT,True,fee0.07,1142,-0.1453880877779061,-166.03319624236875,0.7360122801701384
Standard Error Bands,i061,XRPUSDT,True,slip3,1142,-0.12744678319296165,-145.5442264063622,0.7639258042977501
Standard Error Bands,i061,XRPUSDT,True,no_funding,1142,-0.10476505049804294,-119.64168766876504,0.80103771625261
Envelopes,i062,XRPUSDT,False,baseline,13,-0.14253661775355575,-1.8529760307962246,0.7452388541775464
Envelopes,i062,XRPUSDT,False,tp0.80,13,-0.29630584852278663,-3.851976030796226,0.4704012297101362
Envelopes,i062,XRPUSDT,False,tp1.80,13,-0.11178277159970956,-1.4531760307962243,0.8225092920064607
Envelopes,i062,XRPUSDT,False,sl0.50,13,-0.08864815621509158,-1.1524260307961904,0.7900016383365525
Envelopes,i062,XRPUSDT,False,sl1.20,13,-0.20395200236893873,-2.6513760307962033,0.7106385391136265
Envelopes,i062,XRPUSDT,False,fee0.02,13,-0.08243507929201727,-1.0716560307962246,0.8422612242498645
Envelopes,i062,XRPUSDT,False,fee0.07,13,-0.18260431006124808,-2.373856030796225,0.6873652647350528
Envelopes,i062,XRPUSDT,False,slip3,13,-0.16573293018374233,-2.15452809238865,0.7097010567355196
Envelopes,i062,XRPUSDT,False,no_funding,13,-0.14253661775355575,-1.8529760307962246,0.7452388541775464
Envelopes,i062,XRPUSDT,True,baseline,10,-0.11272616891030537,-1.1272616891030536,0.7934282510703152
Envelopes,i062,XRPUSDT,True,tp0.80,10,-0.27264616891030546,-2.726461689103055,0.500373369420601
Envelopes,i062,XRPUSDT,True,tp1.80,10,-0.1327161689103054,-1.3271616891030542,0.7916853881628955
Envelopes,i062,XRPUSDT,True,sl0.50,10,-0.10264116891030314,-1.0264116891030315,0.7596843856618056
Envelopes,i062,XRPUSDT,True,sl1.20,10,-0.11260616891030427,-1.1260616891030426,0.8279998369429715
Envelopes,i062,XRPUSDT,True,fee0.02,10,-0.0525821689103054,-0.525821689103054,0.8968369901312363
Envelopes,i062,XRPUSDT,True,fee0.07,10,-0.15282216891030542,-1.5282216891030542,0.731749668797229
Envelopes,i062,XRPUSDT,True,slip3,10,-0.13769850673091608,-1.3769850673091606,0.7528295988103173
Envelopes,i062,XRPUSDT,True,no_funding,10,-0.11272616891030537,-1.1272616891030536,0.7934282510703152
Net Volume,i074,XRPUSDT,False,baseline,3487,-0.11084116773882466,-386.5031519052816,0.6976845258987747
Net Volume,i074,XRPUSDT,False,tp0.80,3623,-0.11821387315955312,-428.28886245706093,0.6477226714698388
Net Volume,i074,XRPUSDT,False,tp1.80,3365,-0.11823471473239265,-397.8598150745013,0.6971687346930099
Net Volume,i074,XRPUSDT,False,sl0.50,3842,-0.11052581279707248,-424.64017276635246,0.6655423060497914
Net Volume,i074,XRPUSDT,False,sl1.20,3253,-0.10784086023924644,-350.8063183582687,0.715385147564895
Net Volume,i074,XRPUSDT,False,fee0.02,3487,-0.05084686751622135,-177.30302702906383,0.844393739377393
Net Volume,i074,XRPUSDT,False,fee0.07,3487,-0.15083736788722688,-525.9699018227601,0.6172484432396569
Net Volume,i074,XRPUSDT,False,slip3,3487,-0.132084863458623,-460.5799188802184,0.6534563984183003
Net Volume,i074,XRPUSDT,False,no_funding,3487,-0.11092855231008936,-386.8078619052816,0.6974936169189557
Net Volume,i074,XRPUSDT,True,baseline,1341,-0.10400503333655368,-139.47074970431848,0.8002360059612986
Net Volume,i074,XRPUSDT,True,tp0.80,1458,-0.11506364833739828,-167.76279927592668,0.7440885724269252
Net Volume,i074,XRPUSDT,True,tp1.80,1240,-0.10033735052345605,-124.4183146490855,0.8265228844431108
Net Volume,i074,XRPUSDT,True,sl0.50,1528,-0.11223130155333456,-171.48942877349523,0.7344086244179042
Net Volume,i074,XRPUSDT,True,sl1.20,1201,-0.08354090341964565,-100.33262500699442,0.8584614564755638
Net Volume,i074,XRPUSDT,True,fee0.02,1341,-0.04401922313375565,-59.029778222366325,0.9092389021002615
Net Volume,i074,XRPUSDT,True,fee0.07,1341,-0.1439955734717524,-193.09806402561995,0.735541196905885
Net Volume,i074,XRPUSDT,True,slip3,1341,-0.12584082596619967,-168.75254762067377,0.7641427626232217
Net Volume,i074,XRPUSDT,True,no_funding,1341,-0.10342028091298915,-138.68659670431845,0.8012331656086586
OBV,i075,XRPUSDT,False,baseline,3730,-0.10273302315662722,-383.1941763742195,0.6989145134675544
OBV,i075,XRPUSDT,False,tp0.80,3901,-0.09889892020878664,-385.8046877344767,0.6815634942526544
OBV,i075,XRPUSDT,False,tp1.80,3612,-0.09858736725015609,-356.0975705075638,0.7258430116421559
OBV,i075,XRPUSDT,False,sl0.50,4138,-0.09544353501003751,-394.94534787153526,0.7002471315252606
OBV,i075,XRPUSDT,False,sl1.20,3531,-0.09819591869393932,-346.7297889082997,0.7158121857251493
OBV,i075,XRPUSDT,False,fee0.02,3730,-0.042736951145495874,-159.40882777269962,0.856510870030685
OBV,i075,XRPUSDT,False,fee0.07,3730,-0.14273040449738147,-532.3844087752329,0.6148717051173292
OBV,i075,XRPUSDT,False,slip3,3730,-0.1240365416701513,-462.6563004296643,0.6524371663999106
OBV,i075,XRPUSDT,False,no_funding,3730,-0.10279580680273982,-383.42835937421955,0.6987339346378129
OBV,i075,XRPUSDT,True,baseline,1396,-0.09254742823835836,-129.1962098207483,0.8205904811739674
OBV,i075,XRPUSDT,True,tp0.80,1531,-0.11301783484018728,-173.0303051403267,0.7477038838841393
OBV,i075,XRPUSDT,True,tp1.80,1293,-0.08141814835885208,-105.27366582799573,0.8572928965026714
OBV,i075,XRPUSDT,True,sl0.50,1653,-0.10157017229008271,-167.8954947955067,0.757966037832014
OBV,i075,XRPUSDT,True,sl1.20,1223,-0.08056140679583634,-98.52660051130785,0.8636744990027907
OBV,i075,XRPUSDT,True,fee0.02,1396,-0.03255098708849327,-45.441177975536604,0.9322232401866092
OBV,i075,XRPUSDT,True,fee0.07,1396,-0.1325450556716018,-185.0328977175561,0.7544139385596391
OBV,i075,XRPUSDT,True,slip3,1396,-0.11390796349633939,-159.01551704088976,0.7844279384748064
OBV,i075,XRPUSDT,True,no_funding,1396,-0.09190716964236982,-128.30240882074827,0.8217053968474245
Accumulation/Distribution,i076,XRPUSDT,False,baseline,3871,-0.12222807285078988,-473.14487000540765,0.6600282997026239
Accumulation/Distribution,i076,XRPUSDT,False,tp0.80,4054,-0.12368800879426517,-501.43118765195106,0.6294523608205006
Accumulation/Distribution,i076,XRPUSDT,False,tp1.80,3711,-0.12164024035862704,-451.406931970865,0.6749146200043116
Accumulation/Distribution,i076,XRPUSDT,False,sl0.50,4183,-0.12067157209580649,-504.76918607675856,0.626740552541063
Accumulation/Distribution,i076,XRPUSDT,False,sl1.20,3660,-0.11967475500442516,-438.0096033161961,0.6787873983023428
Accumulation/Distribution,i076,XRPUSDT,False,fee0.02,3871,-0.062229148184298214,-240.8890326214184,0.8038472644232342
Accumulation/Distribution,i076,XRPUSDT,False,fee0.07,3871,-0.1622273559617843,-627.9820949280671,0.5824861449980236
Accumulation/Distribution,i076,XRPUSDT,False,slip3,3871,-0.14362255932397142,-555.9629271430933,0.6171509970804141
Accumulation/Distribution,i076,XRPUSDT,False,no_funding,3871,-0.12239685249429286,-473.79821600540765,0.6596562645874701
Accumulation/Distribution,i076,XRPUSDT,True,baseline,1527,-0.12456813037162483,-190.21553507747115,0.7643663636318808
Accumulation/Distribution,i076,XRPUSDT,True,tp0.80,1654,-0.12281233030970548,-203.13159433225286,0.7278348651954345
Accumulation/Distribution,i076,XRPUSDT,True,tp1.80,1411,-0.10721038707456285,-151.27385616220818,0.8152421870895491
Accumulation/Distribution,i076,XRPUSDT,True,sl0.50,1744,-0.11054121141635181,-192.78387271011755,0.7377347951820634
Accumulation/Distribution,i076,XRPUSDT,True,sl1.20,1329,-0.10818696424655498,-143.78047548367158,0.8194730644336455
Accumulation/Distribution,i076,XRPUSDT,True,fee0.02,1527,-0.06456971854218349,-98.59796021391418,0.8688042448576436
Accumulation/Distribution,i076,XRPUSDT,True,fee0.07,1527,-0.16456707159125242,-251.29391831984248,0.7024786072197434
Accumulation/Distribution,i076,XRPUSDT,True,slip3,1527,-0.1459658571253734,-222.8898638304452,0.7305737632805245
Accumulation/Distribution,i076,XRPUSDT,True,no_funding,1527,-0.12385653443187368,-189.1289280774711,0.7655618386365575
MFI,i077,XRPUSDT,False,baseline,2933,-0.09357320205324095,-274.4502016221557,0.7577011834108286
MFI,i077,XRPUSDT,False,tp0.80,3038,-0.10403699172031498,-316.06438084631685,0.7003550378093071
MFI,i077,XRPUSDT,False,tp1.80,2832,-0.10023097594639373,-283.85412388018705,0.7600848762004218
MFI,i077,XRPUSDT,False,sl0.50,3244,-0.08276010026607124,-268.4737652631351,0.7562775304996322
MFI,i077,XRPUSDT,False,sl1.20,2719,-0.08942051487295746,-243.13437993957132,0.7789430197754833
MFI,i077,XRPUSDT,False,fee0.02,2933,-0.03357801444109186,-98.48431635572243,0.9034292895452356
MFI,i077,XRPUSDT,False,fee0.07,2933,-0.1335699937946737,-391.76079179977796,0.6762606338390131
MFI,i077,XRPUSDT,False,slip3,2933,-0.11486771240028353,-336.90700047003156,0.7130188845589357
MFI,i077,XRPUSDT,False,no_funding,2933,-0.09365396611733916,-274.68708262215574,0.7575407551368013
MFI,i077,XRPUSDT,True,baseline,1187,-0.0904436744733201,-107.35664159983097,0.8242471148328061
MFI,i077,XRPUSDT,True,tp0.80,1284,-0.1074660305624126,-137.98638324213778,0.7571849135426627
MFI,i077,XRPUSDT,True,tp1.80,1123,-0.09493141512482074,-106.60797918517369,0.8352976358395993
MFI,i077,XRPUSDT,True,sl0.50,1339,-0.09581660896923688,-128.2984394098082,0.7705165054786278
MFI,i077,XRPUSDT,True,sl1.20,1067,-0.0633963401060422,-67.64389489314702,0.8897720637459762
MFI,i077,XRPUSDT,True,fee0.02,1187,-0.030458584706352276,-36.15434004644015,0.9364678605724862
MFI,i077,XRPUSDT,True,fee0.07,1187,-0.13043373431796534,-154.8248426354249,0.7576587783626808
MFI,i077,XRPUSDT,True,slip3,1187,-0.11228867429124124,-133.28665638370336,0.7871342950524322
MFI,i077,XRPUSDT,True,no_funding,1187,-0.08977538803692584,-106.56338559983097,0.8253880382012462
Chaikin Money Flow,i078,XRPUSDT,False,baseline,3213,-0.11095284952173197,-356.4915055133248,0.6993282611385438
Chaikin Money Flow,i078,XRPUSDT,False,tp0.80,3344,-0.12434762545082866,-415.818459507571,0.6358674987961754
Chaikin Money Flow,i078,XRPUSDT,False,tp1.80,3089,-0.11450588330582355,-353.70867353168893,0.704809625678722
Chaikin Money Flow,i078,XRPUSDT,False,sl0.50,3497,-0.12736554445374285,-445.39730895473866,0.6176628878226489
Chaikin Money Flow,i078,XRPUSDT,False,sl1.20,3028,-0.11403780102387988,-345.30646150030833,0.7085722428715628
Chaikin Money Flow,i078,XRPUSDT,False,fee0.02,3213,-0.050954555575324696,-163.71698706351825,0.8452785524901119
Chaikin Money Flow,i078,XRPUSDT,False,fee0.07,3213,-0.15095171215267017,-485.0078511465292,0.6190252801758396
Chaikin Money Flow,i078,XRPUSDT,False,slip3,3213,-0.1322040097089322,-424.77148319479915,0.6554672426972286
Chaikin Money Flow,i078,XRPUSDT,False,no_funding,3213,-0.11112994724971206,-357.0605205133249,0.6989104006939675
Chaikin Money Flow,i078,XRPUSDT,True,baseline,1312,-0.11451636528971286,-150.24547126010327,0.7804219544102488
Chaikin Money Flow,i078,XRPUSDT,True,tp0.80,1425,-0.12288233605585472,-175.10732887959298,0.7280662470949014
Chaikin Money Flow,i078,XRPUSDT,True,tp1.80,1200,-0.117249929356721,-140.6999152280652,0.7976149090565611
Chaikin Money Flow,i078,XRPUSDT,True,sl0.50,1485,-0.13839969887932946,-205.52355283580422,0.6794198984482991
Chaikin Money Flow,i078,XRPUSDT,True,sl1.20,1177,-0.11280501993914813,-132.77150846837733,0.8126912674010683
Chaikin Money Flow,i078,XRPUSDT,True,fee0.02,1312,-0.05451699083769732,-71.52629197905888,0.8876888710422842
Chaikin Money Flow,i078,XRPUSDT,True,fee0.07,1312,-0.1545159482577232,-202.72492411413285,0.7168746422386079
Chaikin Money Flow,i078,XRPUSDT,True,slip3,1312,-0.13611786625219693,-178.5866405228824,0.7454803461759005
Chaikin Money Flow,i078,XRPUSDT,True,no_funding,1312,-0.11386416864337139,-149.38978926010324,0.7814902886579748
Chaikin Oscillator,i079,XRPUSDT,False,baseline,3378,-0.12087377552637386,-408.3116137280909,0.6939733292019397
Chaikin Oscillator,i079,XRPUSDT,False,tp0.80,3585,-0.11339631785044291,-406.5257994938379,0.6850740757529478
Chaikin Oscillator,i079,XRPUSDT,False,tp1.80,3231,-0.10960741097932208,-354.1415448741896,0.7349364331006786
Chaikin Oscillator,i079,XRPUSDT,False,sl0.50,3687,-0.12420227653724843,-457.93379359283495,0.6448668058084037
Chaikin Oscillator,i079,XRPUSDT,False,sl1.20,3183,-0.12405428625545574,-394.86479315111563,0.7067147455735576
Chaikin Oscillator,i079,XRPUSDT,False,fee0.02,3378,-0.060874175333464495,-205.6329642764431,0.8283639913942968
Chaikin Oscillator,i079,XRPUSDT,False,fee0.07,3378,-0.16087350898831346,-543.4307133625229,0.6193347847703772
Chaikin Oscillator,i079,XRPUSDT,False,slip3,3378,-0.14195687983982994,-479.5303400989455,0.6534640311002489
Chaikin Oscillator,i079,XRPUSDT,False,no_funding,3378,-0.12098177700653964,-408.6764427280909,0.6937694126380833
Chaikin Oscillator,i079,XRPUSDT,True,baseline,1424,-0.091333224868793,-130.05851221316124,0.822105284212935
Chaikin Oscillator,i079,XRPUSDT,True,tp0.80,1517,-0.11046786944333797,-167.57975794554372,0.7518264348318126
Chaikin Oscillator,i079,XRPUSDT,True,tp1.80,1329,-0.07284403864889649,-96.80972736438345,0.8713138559396223
Chaikin Oscillator,i079,XRPUSDT,True,sl0.50,1578,-0.09580755658598747,-151.18432429268822,0.7695462586263639
Chaikin Oscillator,i079,XRPUSDT,True,sl1.20,1263,-0.08618633226104877,-108.8533376457046,0.8539080698821365
Chaikin Oscillator,i079,XRPUSDT,True,fee0.02,1424,-0.0313347996665827,-44.62075472521377,0.9344537215418776
Chaikin Oscillator,i079,XRPUSDT,True,fee0.07,1424,-0.1313321750035999,-187.01701720512625,0.7555171115208528
Chaikin Oscillator,i079,XRPUSDT,True,slip3,1424,-0.11276273949240243,-160.57414103718105,0.785742523117285
Chaikin Oscillator,i079,XRPUSDT,True,no_funding,1424,-0.09051750225643344,-128.89692321316122,0.8235349083807952
Ease of Movement,i080,XRPUSDT,False,baseline,3163,-0.10766267140585775,-340.53702965672807,0.7191456555376013
Ease of Movement,i080,XRPUSDT,False,tp0.80,3294,-0.11051841581757528,-364.047661703093,0.6802345545558942
Ease of Movement,i080,XRPUSDT,False,tp1.80,3043,-0.10312271581635855,-313.80242422917905,0.7453349406814748
Ease of Movement,i080,XRPUSDT,False,sl0.50,3482,-0.1005547347948351,-350.13158655561585,0.7030249312003558
Ease of Movement,i080,XRPUSDT,False,sl1.20,2920,-0.1163294097032286,-339.68187633342745,0.7104897353167793
Ease of Movement,i080,XRPUSDT,False,fee0.02,3163,-0.047663594252266524,-150.75994861991902,0.8613286753649207
Ease of Movement,i080,XRPUSDT,False,fee0.07,3163,-0.1476620561749186,-467.0550836812675,0.6404533963653533
Ease of Movement,i080,XRPUSDT,False,slip3,3163,-0.128982418595681,-407.971390018139,0.6759530198613466
Ease of Movement,i080,XRPUSDT,False,no_funding,3163,-0.1077981200305811,-340.965453656728,0.7188447625272277
Ease of Movement,i080,XRPUSDT,True,baseline,1245,-0.08057588996784919,-100.31698300997223,0.841371742996985
Ease of Movement,i080,XRPUSDT,True,tp0.80,1363,-0.0878647292744931,-119.75962600113408,0.7969366781759222
Ease of Movement,i080,XRPUSDT,True,tp1.80,1184,-0.06522707149571581,-77.22885265092752,0.8836390735669329
Ease of Movement,i080,XRPUSDT,True,sl0.50,1425,-0.08346556006449662,-118.9384230919077,0.7970249282009435
Ease of Movement,i080,XRPUSDT,True,sl1.20,1126,-0.07373483993304983,-83.02542976461412,0.87367866960123
Ease of Movement,i080,XRPUSDT,True,fee0.02,1245,-0.020582317439259697,-25.624985211878325,0.9564728531114665
Ease of Movement,i080,XRPUSDT,True,fee0.07,1245,-0.12057160498690886,-150.11164820870152,0.7731190443753465
Ease of Movement,i080,XRPUSDT,True,slip3,1245,-0.10244290604905604,-127.54141803107477,0.8033188565873194
Ease of Movement,i080,XRPUSDT,True,no_funding,1245,-0.07979178876302989,-99.34077700997221,0.8427773894813412
Elder Force Index,i081,XRPUSDT,False,baseline,3255,-0.10774055745901745,-350.6955145291018,0.7102563468673778
Elder Force Index,i081,XRPUSDT,False,tp0.80,3403,-0.11042981784065364,-375.79267011174437,0.6733888276037
Elder Force Index,i081,XRPUSDT,False,tp1.80,3142,-0.09633177039449295,-302.6744225794968,0.752765315328313
Elder Force Index,i081,XRPUSDT,False,sl0.50,3617,-0.11192105210847392,-404.8184454763502,0.6743321483636419
Elder Force Index,i081,XRPUSDT,False,sl1.20,3062,-0.10616699120345563,-325.0833270649812,0.7195482511492844
Elder Force Index,i081,XRPUSDT,False,fee0.02,3255,-0.04774016007231787,-155.39422103539468,0.8548332923408689
Elder Force Index,i081,XRPUSDT,False,fee0.07,3255,-0.14774082238348385,-480.89637685824,0.6315631588903333
Elder Force Index,i081,XRPUSDT,False,slip3,3255,-0.12931326574092786,-420.91467998672016,0.6663043300160391
Elder Force Index,i081,XRPUSDT,False,no_funding,3255,-0.10785356544672868,-351.0633555291019,0.710033346760251
Elder Force Index,i081,XRPUSDT,True,baseline,1233,-0.07687272885904403,-94.78407468320128,0.8480634301984342
Elder Force Index,i081,XRPUSDT,True,tp0.80,1309,-0.09417916107183368,-123.28052184303029,0.7835154873577951
Elder Force Index,i081,XRPUSDT,True,tp1.80,1149,-0.05989616124138784,-68.82068926635463,0.8931683480499344
Elder Force Index,i081,XRPUSDT,True,sl0.50,1446,-0.0983916333445085,-142.2743018161593,0.7640684964185317
Elder Force Index,i081,XRPUSDT,True,sl1.20,1067,-0.0480453352313153,-51.264372691813435,0.9152306564382884
Elder Force Index,i081,XRPUSDT,True,fee0.02,1233,-0.016888323906829615,-20.823303377120915,0.9641666842216325
Elder Force Index,i081,XRPUSDT,True,fee0.07,1233,-0.11686233216052033,-144.09125555392157,0.7791875262576338
Elder Force Index,i081,XRPUSDT,True,slip3,1233,-0.0986269474992832,-121.60702626661619,0.8097773590160152
Elder Force Index,i081,XRPUSDT,True,no_funding,1233,-0.07604127630429951,-93.75889368320128,0.8495829318987678
Price & Volume Trend,i082,XRPUSDT,False,baseline,2483,-0.11103656469015163,-275.70379012564655,0.7159872069644876
Price & Volume Trend,i082,XRPUSDT,False,tp0.80,2587,-0.10763111889613075,-278.4417045842902,0.6916820460332225
Price & Volume Trend,i082,XRPUSDT,False,tp1.80,2405,-0.09552028607524113,-229.7262880109549,0.7692451339422886
Price & Volume Trend,i082,XRPUSDT,False,sl0.50,2767,-0.1153219741241777,-319.0959024015997,0.6760511649849021
Price & Volume Trend,i082,XRPUSDT,False,sl1.20,2322,-0.10985632515228665,-255.08638700360956,0.7266714213640555
Price & Volume Trend,i082,XRPUSDT,False,fee0.02,2483,-0.05103982743232646,-126.73189151446662,0.8534523355878391
Price & Volume Trend,i082,XRPUSDT,False,fee0.07,2483,-0.1510343895287018,-375.01838919976655,0.6401802059230072
Price & Volume Trend,i082,XRPUSDT,False,slip3,2483,-0.13204004586126686,-327.85543387352556,0.6747520374652187
Price & Volume Trend,i082,XRPUSDT,False,no_funding,2483,-0.11113875679647463,-275.95753312564653,0.7157977483303198
Price & Volume Trend,i082,XRPUSDT,True,baseline,952,-0.059621264678812264,-56.75944397422927,0.8804196241412894
Price & Volume Trend,i082,XRPUSDT,True,tp0.80,998,-0.06617516682861986,-66.04281649496262,0.843316042276202
Price & Volume Trend,i082,XRPUSDT,True,tp1.80,900,-0.06034911122958316,-54.314200106624845,0.8920657265395147
Price & Volume Trend,i082,XRPUSDT,True,sl0.50,1089,-0.07264766565867832,-79.11330790230069,0.822286479098157
Price & Volume Trend,i082,XRPUSDT,True,sl1.20,845,-0.02214824313219295,-18.715265446703043,0.9597238598836935
Price & Volume Trend,i082,XRPUSDT,True,fee0.02,952,0.00036313618519680767,0.3457056483073609,1.0007818423496904
Price & Volume Trend,i082,XRPUSDT,True,fee0.07,952,-0.09961086525481834,-94.82954372258705,0.8089658887233482
Price & Volume Trend,i082,XRPUSDT,True,slip3,952,-0.08088968995414952,-77.00698483635034,0.841561102157475
Price & Volume Trend,i082,XRPUSDT,True,no_funding,952,-0.05893220585528284,-56.10345997422927,0.8817268905562323
VWAP,i086,XRPUSDT,False,baseline,2889,-0.09727421945862721,-281.025220015974,0.7310792605719374
VWAP,i086,XRPUSDT,False,tp0.80,3007,-0.10350834045216606,-311.2495797396633,0.6843499503389588
VWAP,i086,XRPUSDT,False,tp1.80,2799,-0.0916778917738504,-256.60641907500724,0.7609714640920394
VWAP,i086,XRPUSDT,False,sl0.50,3230,-0.0993086473819985,-320.76693104385515,0.7080742803182472
VWAP,i086,XRPUSDT,False,sl1.20,2729,-0.10523989553914047,-287.19967492631434,0.716600296253828
VWAP,i086,XRPUSDT,False,fee0.02,2889,-0.03727071952080561,-107.67510869560739,0.8828493515742815
VWAP,i086,XRPUSDT,False,fee0.07,2889,-0.13727655275050826,-396.59196089621844,0.6490745760955765
VWAP,i086,XRPUSDT,False,slip3,2889,-0.11879594241413448,-343.20147763443447,0.6854502972873583
VWAP,i086,XRPUSDT,False,no_funding,2889,-0.09726808792522465,-281.007506015974,0.7310956444467166
VWAP,i086,XRPUSDT,True,baseline,1108,-0.08429704278452126,-93.40112340524955,0.8348874897927806
VWAP,i086,XRPUSDT,True,tp0.80,1186,-0.10234638783547913,-121.38281597287826,0.766982051812495
VWAP,i086,XRPUSDT,True,tp1.80,1048,-0.08494294119109093,-89.0202023682633,0.8506892534359699
VWAP,i086,XRPUSDT,True,sl0.50,1299,-0.08209322786663659,-106.63910299876093,0.8007385407970883
VWAP,i086,XRPUSDT,True,sl1.20,978,-0.116171529795226,-113.61575613973103,0.8069516690270289
VWAP,i086,XRPUSDT,True,fee0.02,1108,-0.024294623575050807,-26.918442921156295,0.9488965618348241
VWAP,i086,XRPUSDT,True,fee0.07,1108,-0.1242986555908349,-137.72291039464508,0.7672455430502333
VWAP,i086,XRPUSDT,True,slip3,1108,-0.10647705880110757,-117.97658115162717,0.7966954703773644
VWAP,i086,XRPUSDT,True,no_funding,1108,-0.08372014025744544,-92.76191540524954,0.8359309657332152
VWMA,i087,XRPUSDT,False,baseline,3694,-0.1243735715825741,-459.4359734260287,0.6750464946007916
VWMA,i087,XRPUSDT,False,tp0.80,3865,-0.11750480168594114,-454.15605851616243,0.6592113008576318
VWMA,i087,XRPUSDT,False,tp1.80,3558,-0.12107921357336654,-430.79984189403814,0.697758753647939
VWMA,i087,XRPUSDT,False,sl0.50,4121,-0.11841587884064542,-487.9918367022998,0.6621128824671526
VWMA,i087,XRPUSDT,False,sl1.20,3478,-0.11839905927223879,-411.7919281488465,0.6957437903726059
VWMA,i087,XRPUSDT,False,fee0.02,3694,-0.06437589352753807,-237.80455069072565,0.8100325166020462
VWMA,i087,XRPUSDT,False,fee0.07,3694,-0.16437202361926478,-607.1902552495641,0.6012718563446146
VWMA,i087,XRPUSDT,False,slip3,3694,-0.14578854002738748,-538.5428668611693,0.6341233089794769
VWMA,i087,XRPUSDT,False,no_funding,3694,-0.12453630033189732,-460.03709342602866,0.674698572689062
VWMA,i087,XRPUSDT,True,baseline,1370,-0.07786943468830065,-106.68112552297188,0.8468674405208317
VWMA,i087,XRPUSDT,True,tp0.80,1469,-0.10488910154453458,-154.08209016892133,0.7623749941767718
VWMA,i087,XRPUSDT,True,tp1.80,1293,-0.05648763917618113,-73.0385174548022,0.8991362626487883
VWMA,i087,XRPUSDT,True,sl0.50,1626,-0.11012436459379017,-179.0622168295028,0.7395095776595374
VWMA,i087,XRPUSDT,True,sl1.20,1194,-0.0766550938999867,-91.52618211658412,0.8699078356445227
VWMA,i087,XRPUSDT,True,fee0.02,1370,-0.017872607602707154,-24.485472415708802,0.962249618464678
VWMA,i087,XRPUSDT,True,fee0.07,1370,-0.11786731941202967,-161.47822759448064,0.7784457056357581
VWMA,i087,XRPUSDT,True,slip3,1370,-0.09926406032082395,-135.99176263952884,0.8094674861037381
VWMA,i087,XRPUSDT,True,no_funding,1370,-0.07699349162260721,-105.48108352297187,0.8484524588795344
Pivot Points Standard,i088,XRPUSDT,False,baseline,1226,-0.10205584476216019,-125.1204656784084,0.736166330963168
Pivot Points Standard,i088,XRPUSDT,False,tp0.80,1256,-0.10087733478864758,-126.70193249454135,0.7011063278169395
Pivot Points Standard,i088,XRPUSDT,False,tp1.80,1206,-0.12016893382212955,-144.92373418948824,0.7200052833986387
Pivot Points Standard,i088,XRPUSDT,False,sl0.50,1370,-0.09300814462120223,-127.42115813104706,0.7365978191477928
Pivot Points Standard,i088,XRPUSDT,False,sl1.20,1156,-0.1013482142320119,-117.15853565220576,0.7445989543366051
Pivot Points Standard,i088,XRPUSDT,False,fee0.02,1226,-0.042060994633788075,-51.56677942102418,0.8774655185456277
Pivot Points Standard,i088,XRPUSDT,False,fee0.07,1226,-0.14205241151440826,-174.15625651666454,0.6584736376516299
Pivot Points Standard,i088,XRPUSDT,False,slip3,1226,-0.12426129654420189,-152.34434956319149,0.6917300325493452
Pivot Points Standard,i088,XRPUSDT,False,no_funding,1226,-0.10192406254356311,-124.95890067840838,0.7364760416975952
Pivot Points Standard,i088,XRPUSDT,True,baseline,493,-0.19043333326650017,-93.88363330038459,0.652525929226441
Pivot Points Standard,i088,XRPUSDT,True,tp0.80,516,-0.15734446142927486,-81.18974209750583,0.6624901856108846
Pivot Points Standard,i088,XRPUSDT,True,tp1.80,487,-0.1469337981340918,-71.5567596913027,0.7505467020732755
Pivot Points Standard,i088,XRPUSDT,True,sl0.50,565,-0.14328031576030248,-80.95337840457091,0.6650840776280614
Pivot Points Standard,i088,XRPUSDT,True,sl1.20,433,-0.20479009601938378,-88.67411157639317,0.6761593090190876
Pivot Points Standard,i088,XRPUSDT,True,fee0.02,493,-0.13043586921743436,-64.30488352419515,0.7438983181309824
Pivot Points Standard,i088,XRPUSDT,True,fee0.07,493,-0.2304316426325441,-113.60279981784424,0.5985772142358214
Pivot Points Standard,i088,XRPUSDT,True,slip3,493,-0.2135672799685573,-105.28866902449874,0.6211288890223116
Pivot Points Standard,i088,XRPUSDT,True,no_funding,493,-0.18959959290138864,-93.4725993003846,0.6537861798265774
Balance of Power,i089,XRPUSDT,False,baseline,3767,-0.12440113175527905,-468.6190633221361,0.6619557851438279
Balance of Power,i089,XRPUSDT,False,tp0.80,3922,-0.12860312780050145,-504.38146723356675,0.6189958519191164
Balance of Power,i089,XRPUSDT,False,tp1.80,3629,-0.1287347508459372,-467.1784108199061,0.6670036990202755
Balance of Power,i089,XRPUSDT,False,sl0.50,4177,-0.11928987416309296,-498.2738043792393,0.6427307843127369
Balance of Power,i089,XRPUSDT,False,sl1.20,3552,-0.1334870079397864,-474.1458522021214,0.6552060730265196
Balance of Power,i089,XRPUSDT,False,fee0.02,3767,-0.06440401841509474,-242.6099373696619,0.8025317394155003
Balance of Power,i089,XRPUSDT,False,fee0.07,3767,-0.1643992073154019,-619.2918139571188,0.5856400956423251
Balance of Power,i089,XRPUSDT,False,slip3,3767,-0.14562752704649964,-548.5788943841642,0.6200968212363052
Balance of Power,i089,XRPUSDT,False,no_funding,3767,-0.12451105795650015,-469.03315532213605,0.6617378029636385
Balance of Power,i089,XRPUSDT,True,baseline,1445,-0.08673514892592711,-125.33229019796468,0.8299312605669186
Balance of Power,i089,XRPUSDT,True,tp0.80,1589,-0.10127360914293339,-160.92376492812116,0.7695628918619873
Balance of Power,i089,XRPUSDT,True,tp1.80,1333,-0.08444280884479499,-112.56226419011173,0.8510603311020375
Balance of Power,i089,XRPUSDT,True,sl0.50,1691,-0.1234062915637065,-208.6800390342277,0.709333952868141
Balance of Power,i089,XRPUSDT,True,sl1.20,1288,-0.08971922102849514,-115.55835668470174,0.8488637236453883
Balance of Power,i089,XRPUSDT,True,fee0.02,1445,-0.0267358947679458,-38.63336793968168,0.9436859424004378
Balance of Power,i089,XRPUSDT,True,fee0.07,1445,-0.12673465169791465,-183.13157170348666,0.7625311173083539
Balance of Power,i089,XRPUSDT,True,slip3,1445,-0.10835908400653961,-156.57887638944973,0.7927121197252945
Balance of Power,i089,XRPUSDT,True,no_funding,1445,-0.08607358906433538,-124.37633619796462,0.831094965105338
Accumulative Swing Index,i090,XRPUSDT,False,baseline,2721,-0.11009471284345292,-299.56771364703536,0.720644006987764
Accumulative Swing Index,i090,XRPUSDT,False,tp0.80,2848,-0.10914804356571002,-310.8536280751421,0.6926222697150899
Accumulative Swing Index,i090,XRPUSDT,False,tp1.80,2611,-0.09926711846877133,-259.18644632196197,0.760324370345623
Accumulative Swing Index,i090,XRPUSDT,False,sl0.50,3038,-0.11684754719159468,-354.98284836806465,0.6736180974212418
Accumulative Swing Index,i090,XRPUSDT,False,sl1.20,2544,-0.11454267172047608,-291.39655685689115,0.7222908175407411
Accumulative Swing Index,i090,XRPUSDT,False,fee0.02,2721,-0.05008910183190171,-136.2924460846046,0.8577327829008742
Accumulative Swing Index,i090,XRPUSDT,False,fee0.07,2721,-0.15009845351782042,-408.41789202198936,0.6447170455738471
Accumulative Swing Index,i090,XRPUSDT,False,slip3,2721,-0.13127344665083507,-357.19504833692224,0.6792408767906345
Accumulative Swing Index,i090,XRPUSDT,False,no_funding,2721,-0.11017867021206741,-299.7961616470354,0.7204322585248253
Accumulative Swing Index,i090,XRPUSDT,True,baseline,1083,-0.10322280382987653,-111.79029654775627,0.8012433822924194
Accumulative Swing Index,i090,XRPUSDT,True,tp0.80,1140,-0.11488934974203865,-130.97385870592407,0.7437186989740955
Accumulative Swing Index,i090,XRPUSDT,True,tp1.80,1037,-0.07891085125955684,-81.83055275616043,0.8623331117078983
Accumulative Swing Index,i090,XRPUSDT,True,sl0.50,1220,-0.09202188763815615,-112.2667029185505,0.7780622890385827
Accumulative Swing Index,i090,XRPUSDT,True,sl1.20,967,-0.11067388171302345,-107.02164361649366,0.8180626107088573
Accumulative Swing Index,i090,XRPUSDT,True,fee0.02,1083,-0.043230355391539736,-46.81847488903754,0.91062474921516
Accumulative Swing Index,i090,XRPUSDT,True,fee0.07,1083,-0.14321776945543438,-155.10484432023546,0.7363700950866293
Accumulative Swing Index,i090,XRPUSDT,True,slip3,1083,-0.12462063831921175,-134.96415129970632,0.7656909439081256
Accumulative Swing Index,i090,XRPUSDT,True,no_funding,1083,-0.1024649469508368,-110.96953754775627,0.8025407367574955
Up/Down,i091,XRPUSDT,False,baseline,2602,-0.10940402478142107,-284.6692724812576,0.703130006045694
Up/Down,i091,XRPUSDT,False,tp0.80,2726,-0.10588787415548209,-288.6503449478442,0.6826189478469469
Up/Down,i091,XRPUSDT,False,tp1.80,2504,-0.11247799618376429,-281.6449024441458,0.7113322712039758
Up/Down,i091,XRPUSDT,False,sl0.50,2863,-0.10474704511369196,-299.89079016050005,0.6808271279232603
Up/Down,i091,XRPUSDT,False,sl1.20,2438,-0.09783628166810657,-238.5248547068438,0.7434645735830057
Up/Down,i091,XRPUSDT,False,fee0.02,2602,-0.049405590182207616,-128.55334565410425,0.8504523246592509
Up/Down,i091,XRPUSDT,False,fee0.07,2602,-0.14940298118089668,-388.74655703269315,0.6216733310099821
Up/Down,i091,XRPUSDT,False,slip3,2602,-0.13103791886881683,-340.9606648966614,0.6578829140558137
Up/Down,i091,XRPUSDT,False,no_funding,2602,-0.10929779149933036,-284.3928534812576,0.7033260661506449
Up/Down,i091,XRPUSDT,True,baseline,1127,-0.08558171941067763,-96.4505977758337,0.8318916697110394
Up/Down,i091,XRPUSDT,True,tp0.80,1197,-0.09616623929550916,-115.11098843672447,0.7795964007131285
Up/Down,i091,XRPUSDT,True,tp1.80,1050,-0.07219030158034684,-75.79981665936418,0.8717477189321962
Up/Down,i091,XRPUSDT,True,sl0.50,1241,-0.09638325252985193,-119.61161638954624,0.7681717386030642
Up/Down,i091,XRPUSDT,True,sl1.20,1003,-0.058490264731826454,-58.66573552602193,0.8975408492329982
Up/Down,i091,XRPUSDT,True,fee0.02,1127,-0.025605124594991657,-28.856975418555596,0.9459534936647097
Up/Down,i091,XRPUSDT,True,fee0.07,1127,-0.12556611595446832,-141.5130126806858,0.7643015746214302
Up/Down,i091,XRPUSDT,True,slip3,1127,-0.10746691020410445,-121.11520780002571,0.7941037315133288
Up/Down,i091,XRPUSDT,True,no_funding,1127,-0.08471832455708402,-95.47755177583369,0.8334375712907697
Average Price,i099,XRPUSDT,False,baseline,2785,-0.10740461202224688,-299.12184448195757,0.7411073375038957
Average Price,i099,XRPUSDT,False,tp0.80,2907,-0.10841298546669031,-315.1565487516687,0.7065541385855976
Average Price,i099,XRPUSDT,False,tp1.80,2685,-0.08073052840682414,-216.76146877232281,0.8154297924181848
Average Price,i099,XRPUSDT,False,sl0.50,3141,-0.10978086937766017,-344.8217107152306,0.703187580842648
Average Price,i099,XRPUSDT,False,sl1.20,2548,-0.10285677810093886,-262.0790706011922,0.7595294722475844
Average Price,i099,XRPUSDT,False,fee0.02,2785,-0.04740818495720434,-132.0317951058141,0.873223037681441
Average Price,i099,XRPUSDT,False,fee0.07,2785,-0.1474022300656086,-410.5152107327199,0.666910870915589
Average Price,i099,XRPUSDT,False,slip3,2785,-0.1286082994939701,-358.1741140907067,0.7005773975222002
Average Price,i099,XRPUSDT,False,no_funding,2785,-0.10754542638490398,-299.5140124819576,0.7408361678771087
Average Price,i099,XRPUSDT,True,baseline,1130,-0.0792485421428257,-89.55085262139303,0.8441272270604914
Average Price,i099,XRPUSDT,True,tp0.80,1180,-0.08897954834756189,-104.99586705012302,0.7943845449159237
Average Price,i099,XRPUSDT,True,tp1.80,1070,-0.04469279363802112,-47.8212891926826,0.9197391611228704
Average Price,i099,XRPUSDT,True,sl0.50,1275,-0.09159925100293183,-116.78904502873809,0.778465652633893
Average Price,i099,XRPUSDT,True,sl1.20,996,-0.05811780349387749,-57.88533227990198,0.8996412431817788
Average Price,i099,XRPUSDT,True,fee0.02,1130,-0.019258229294200492,-21.761799102446556,0.9593064332198766
Average Price,i099,XRPUSDT,True,fee0.07,1130,-0.1192420840419092,-134.7435549673574,0.7758567270075989
Average Price,i099,XRPUSDT,True,slip3,1130,-0.10070201421115657,-113.79327605860693,0.8066411710121887
Average Price,i099,XRPUSDT,True,no_funding,1130,-0.07844421028441861,-88.64195762139303,0.8455906895344288
Typical Price,i100,XRPUSDT,False,baseline,2917,-0.11071976351671214,-322.96955017824934,0.7287385674303131
Typical Price,i100,XRPUSDT,False,tp0.80,3050,-0.1085324330387579,-331.0239207682116,0.7016021736626759
Typical Price,i100,XRPUSDT,False,tp1.80,2812,-0.09495940168711403,-267.0258375441647,0.7801776774918282
Typical Price,i100,XRPUSDT,False,sl0.50,3289,-0.10319635429021023,-339.41280926050143,0.7158880942968293
Typical Price,i100,XRPUSDT,False,sl1.20,2689,-0.1035855491471335,-278.541541656642,0.7510452016177495
Typical Price,i100,XRPUSDT,False,fee0.02,2917,-0.050725052578458066,-147.96497837136218,0.8615782310890573
Typical Price,i100,XRPUSDT,False,fee0.07,2917,-0.15071623747554821,-439.6392647161742,0.6545462258387632
Typical Price,i100,XRPUSDT,False,slip3,2917,-0.13191550322894519,-384.79752291883307,0.6881566916372174
Typical Price,i100,XRPUSDT,False,no_funding,2917,-0.11086619203916673,-323.39668217824936,0.7284395430407151
Typical Price,i100,XRPUSDT,True,baseline,1160,-0.0829296670761562,-96.1984138083412,0.8371977644910288
Typical Price,i100,XRPUSDT,True,tp0.80,1223,-0.0936989429377306,-114.59380721284451,0.784622211671062
Typical Price,i100,XRPUSDT,True,tp1.80,1103,-0.03965337576388642,-43.737673467566715,0.9286421456306501
Typical Price,i100,XRPUSDT,True,sl0.50,1327,-0.09406822158606849,-124.82853004471288,0.7731282078940744
Typical Price,i100,XRPUSDT,True,sl1.20,1003,-0.04204117606365537,-42.167299591846344,0.9259134300040677
Typical Price,i100,XRPUSDT,True,fee0.02,1160,-0.022934391703758435,-26.603894376359783,0.9516269364774957
Typical Price,i100,XRPUSDT,True,fee0.07,1160,-0.12292651732442143,-142.59476009632886,0.7694021551340672
Typical Price,i100,XRPUSDT,True,slip3,1160,-0.10431879168657833,-121.00979835643086,0.8001141144085598
Typical Price,i100,XRPUSDT,True,no_funding,1160,-0.08210703690374241,-95.24416280834119,0.8386806242625641
Median Price,i101,XRPUSDT,False,baseline,2991,-0.11374683292014283,-340.2167772641472,0.7158805376918528
Median Price,i101,XRPUSDT,False,tp0.80,3121,-0.10890368650806818,-339.8884055916808,0.6948672755273694
Median Price,i101,XRPUSDT,False,tp1.80,2893,-0.08464897608894058,-244.88948782530508,0.7981377603657199
Median Price,i101,XRPUSDT,False,sl0.50,3366,-0.11202802189691752,-377.0863217050244,0.6875493155558402
Median Price,i101,XRPUSDT,False,sl1.20,2747,-0.10494125909814812,-288.2736387426129,0.7430477951217371
Median Price,i101,XRPUSDT,False,fee0.02,2991,-0.05374936347926675,-160.76434616648686,0.8503105898426795
Median Price,i101,XRPUSDT,False,fee0.07,2991,-0.15374514588072688,-459.85173132925416,0.6411591269137389
Median Price,i101,XRPUSDT,False,slip3,2991,-0.13487814122633046,-403.42052040795437,0.675154450985565
Median Price,i101,XRPUSDT,False,no_funding,2991,-0.11386675802880215,-340.5754732641472,0.7156520886248374
Median Price,i101,XRPUSDT,True,baseline,1193,-0.08124907281607317,-96.93014386957529,0.8406865812923691
Median Price,i101,XRPUSDT,True,tp0.80,1256,-0.08607704333772687,-108.11276643218494,0.8004213874677771
Median Price,i101,XRPUSDT,True,tp1.80,1132,-0.05355760612530651,-60.627210133846965,0.904811894003776
Median Price,i101,XRPUSDT,True,sl0.50,1347,-0.08313490443931346,-111.98271627975522,0.7974708287388318
Median Price,i101,XRPUSDT,True,sl1.20,1034,-0.03768058826117771,-38.961728262057754,0.9333592978085018
Median Price,i101,XRPUSDT,True,fee0.02,1193,-0.021259296307509622,-25.36234049485898,0.9552208375634399
Median Price,i101,XRPUSDT,True,fee0.07,1193,-0.12124225715511557,-144.64201278605287,0.7727730260908476
Median Price,i101,XRPUSDT,True,slip3,1193,-0.10252088975677637,-122.3074214798342,0.8037179812513501
Median Price,i101,XRPUSDT,True,no_funding,1193,-0.08048397809687785,-96.01738586957526,0.8420615899293513
