utc_time,stage,trial_id,indicators,htf,params,split,symbols,note,n_trials
2026-10-10T01:19:39+00:00,S1,S1-i001-nohtf,SMA,False,{'length': 9},train,"BTCUSDT,ETHUSDT,BNBUSDT,SOLUSDT,XRPUSDT",Bảng A đơn lẻ,1
2026-10-10T01:19:39+00:00,S1,S1-i001-htf,SMA,True,{'length': 9},train,"BTCUSDT,ETHUSDT,BNBUSDT,SOLUSDT,XRPUSDT",Bảng A đơn lẻ,1
2026-10-10T01:19:39+00:00,S1,S1-i002-nohtf,EMA,False,{'length': 9},train,"BTCUSDT,ETHUSDT,BNBUSDT,SOLUSDT,XRPUSDT",Bảng A đơn lẻ,1
2026-10-10T01:19:39+00:00,S1,S1-i002-htf,EMA,True,{'length': 9},train,"BTCUSDT,ETHUSDT,BNBUSDT,SOLUSDT,XRPUSDT",Bảng A đơn lẻ,1
2026-10-10T01:19:39+00:00,S1,S1-i003-nohtf,DEMA,False,{'length': 9},train,"BTCUSDT,ETHUSDT,BNBUSDT,SOLUSDT,XRPUSDT",Bảng A đơn lẻ,1
2026-10-10T01:19:39+00:00,S1,S1-i003-htf,DEMA,True,{'length': 9},train,"BTCUSDT,ETHUSDT,BNBUSDT,SOLUSDT,XRPUSDT",Bảng A đơn lẻ,1
2026-10-10T01:19:39+00:00,S1,S1-i004-nohtf,TEMA,False,{'length': 9},train,"BTCUSDT,ETHUSDT,BNBUSDT,SOLUSDT,XRPUSDT",Bảng A đơn lẻ,1
2026-10-10T01:19:39+00:00,S1,S1-i004-htf,TEMA,True,{'length': 9},train,"BTCUSDT,ETHUSDT,BNBUSDT,SOLUSDT,XRPUSDT",Bảng A đơn lẻ,1
2026-10-10T01:19:39+00:00,S1,S1-i005-nohtf,Hull MA,False,{'length': 9},train,"BTCUSDT,ETHUSDT,BNBUSDT,SOLUSDT,XRPUSDT",Bảng A đơn lẻ,1
2026-10-10T01:19:39+00:00,S1,S1-i005-htf,Hull MA,True,{'length': 9},train,"BTCUSDT,ETHUSDT,BNBUSDT,SOLUSDT,XRPUSDT",Bảng A đơn lẻ,1
2026-10-10T01:19:39+00:00,S1,S1-i006-nohtf,Hamming MA,False,{'length': 10},train,"BTCUSDT,ETHUSDT,BNBUSDT,SOLUSDT,XRPUSDT",Bảng A đơn lẻ,1
2026-10-10T01:19:39+00:00,S1,S1-i006-htf,Hamming MA,True,{'length': 10},train,"BTCUSDT,ETHUSDT,BNBUSDT,SOLUSDT,XRPUSDT",Bảng A đơn lẻ,1
2026-10-10T01:19:39+00:00,S1,S1-i007-nohtf,Arnaud Legoux MA,False,"{'length': 9, 'offset': 0.85, 'sigma': 6}",train,"BTCUSDT,ETHUSDT,BNBUSDT,SOLUSDT,XRPUSDT",Bảng A đơn lẻ,1
2026-10-10T01:19:39+00:00,S1,S1-i007-htf,Arnaud Legoux MA,True,"{'length': 9, 'offset': 0.85, 'sigma': 6}",train,"BTCUSDT,ETHUSDT,BNBUSDT,SOLUSDT,XRPUSDT",Bảng A đơn lẻ,1
2026-10-10T01:19:39+00:00,S1,S1-i008-nohtf,Least Squares MA,False,{'length': 25},train,"BTCUSDT,ETHUSDT,BNBUSDT,SOLUSDT,XRPUSDT",Bảng A đơn lẻ,1
2026-10-10T01:19:39+00:00,S1,S1-i008-htf,Least Squares MA,True,{'length': 25},train,"BTCUSDT,ETHUSDT,BNBUSDT,SOLUSDT,XRPUSDT",Bảng A đơn lẻ,1
2026-10-10T01:19:39+00:00,S1,S1-i009-nohtf,Smoothed MA,False,{'length': 7},train,"BTCUSDT,ETHUSDT,BNBUSDT,SOLUSDT,XRPUSDT",Bảng A đơn lẻ,1
2026-10-10T01:19:39+00:00,S1,S1-i009-htf,Smoothed MA,True,{'length': 7},train,"BTCUSDT,ETHUSDT,BNBUSDT,SOLUSDT,XRPUSDT",Bảng A đơn lẻ,1
2026-10-10T01:19:39+00:00,S1,S1-i010-nohtf,Adaptive MA,False,"{'length': 9, 'fast': 2, 'slow': 30}",train,"BTCUSDT,ETHUSDT,BNBUSDT,SOLUSDT,XRPUSDT",Bảng A đơn lẻ,1
2026-10-10T01:19:39+00:00,S1,S1-i010-htf,Adaptive MA,True,"{'length': 9, 'fast': 2, 'slow': 30}",train,"BTCUSDT,ETHUSDT,BNBUSDT,SOLUSDT,XRPUSDT",Bảng A đơn lẻ,1
2026-10-10T01:19:39+00:00,S1,S1-i011-nohtf,Multi-Timeframe MA,False,"{'length': 20, 'tf': '15m'}",train,"BTCUSDT,ETHUSDT,BNBUSDT,SOLUSDT,XRPUSDT",Bảng A đơn lẻ,1
2026-10-10T01:19:39+00:00,S1,S1-i011-htf,Multi-Timeframe MA,True,"{'length': 20, 'tf': '15m'}",train,"BTCUSDT,ETHUSDT,BNBUSDT,SOLUSDT,XRPUSDT",Bảng A đơn lẻ,1
2026-10-10T01:19:39+00:00,S1,S1-i012-nohtf,WMA,False,{'length': 9},train,"BTCUSDT,ETHUSDT,BNBUSDT,SOLUSDT,XRPUSDT",Bảng A đơn lẻ,1
2026-10-10T01:19:39+00:00,S1,S1-i012-htf,WMA,True,{'length': 9},train,"BTCUSDT,ETHUSDT,BNBUSDT,SOLUSDT,XRPUSDT",Bảng A đơn lẻ,1
2026-10-10T01:19:39+00:00,S1,S1-i013-nohtf,McGinley Dynamic,False,{'length': 14},train,"BTCUSDT,ETHUSDT,BNBUSDT,SOLUSDT,XRPUSDT",Bảng A đơn lẻ,1
2026-10-10T01:19:39+00:00,S1,S1-i013-htf,McGinley Dynamic,True,{'length': 14},train,"BTCUSDT,ETHUSDT,BNBUSDT,SOLUSDT,XRPUSDT",Bảng A đơn lẻ,1
2026-10-10T01:19:39+00:00,S1,S1-i014-nohtf,Guppy MMA,False,"{'short': [3, 5, 8, 10, 12, 15], 'long': [30, 35, 40, 45, 50, 60]}",train,"BTCUSDT,ETHUSDT,BNBUSDT,SOLUSDT,XRPUSDT",Bảng A đơn lẻ,1
2026-10-10T01:19:39+00:00,S1,S1-i014-htf,Guppy MMA,True,"{'short': [3, 5, 8, 10, 12, 15], 'long': [30, 35, 40, 45, 50, 60]}",train,"BTCUSDT,ETHUSDT,BNBUSDT,SOLUSDT,XRPUSDT",Bảng A đơn lẻ,1
2026-10-10T01:19:39+00:00,S1,S1-i015-nohtf,MA Cross,False,"{'fast': 9, 'slow': 21}",train,"BTCUSDT,ETHUSDT,BNBUSDT,SOLUSDT,XRPUSDT",Bảng A đơn lẻ,1
2026-10-10T01:19:39+00:00,S1,S1-i015-htf,MA Cross,True,"{'fast': 9, 'slow': 21}",train,"BTCUSDT,ETHUSDT,BNBUSDT,SOLUSDT,XRPUSDT",Bảng A đơn lẻ,1
2026-10-10T01:19:39+00:00,S1,S1-i016-nohtf,EMA Cross,False,"{'fast': 9, 'slow': 21}",train,"BTCUSDT,ETHUSDT,BNBUSDT,SOLUSDT,XRPUSDT",Bảng A đơn lẻ,1
2026-10-10T01:19:39+00:00,S1,S1-i016-htf,EMA Cross,True,"{'fast': 9, 'slow': 21}",train,"BTCUSDT,ETHUSDT,BNBUSDT,SOLUSDT,XRPUSDT",Bảng A đơn lẻ,1
2026-10-10T01:19:39+00:00,S1,S1-i017-nohtf,MA-EMA Cross,False,"{'sma': 10, 'ema': 10}",train,"BTCUSDT,ETHUSDT,BNBUSDT,SOLUSDT,XRPUSDT",Bảng A đơn lẻ,1
2026-10-10T01:19:39+00:00,S1,S1-i017-htf,MA-EMA Cross,True,"{'sma': 10, 'ema': 10}",train,"BTCUSDT,ETHUSDT,BNBUSDT,SOLUSDT,XRPUSDT",Bảng A đơn lẻ,1
2026-10-10T01:19:39+00:00,S1,S1-i018-nohtf,SuperTrend,False,"{'atr': 10, 'factor': 3.0}",train,"BTCUSDT,ETHUSDT,BNBUSDT,SOLUSDT,XRPUSDT",Bảng A đơn lẻ,1
2026-10-10T01:19:39+00:00,S1,S1-i018-htf,SuperTrend,True,"{'atr': 10, 'factor': 3.0}",train,"BTCUSDT,ETHUSDT,BNBUSDT,SOLUSDT,XRPUSDT",Bảng A đơn lẻ,1
2026-10-10T01:19:39+00:00,S1,S1-i019-nohtf,Ichimoku Cloud,False,"{'tenkan': 9, 'kijun': 26, 'senkou_b': 52, 'displacement': 26}",train,"BTCUSDT,ETHUSDT,BNBUSDT,SOLUSDT,XRPUSDT",Bảng A đơn lẻ,1
2026-10-10T01:19:39+00:00,S1,S1-i019-htf,Ichimoku Cloud,True,"{'tenkan': 9, 'kijun': 26, 'senkou_b': 52, 'displacement': 26}",train,"BTCUSDT,ETHUSDT,BNBUSDT,SOLUSDT,XRPUSDT",Bảng A đơn lẻ,1
2026-10-10T01:19:39+00:00,S1,S1-i020-nohtf,Parabolic SAR,False,"{'start': 0.02, 'inc': 0.02, 'max': 0.2}",train,"BTCUSDT,ETHUSDT,BNBUSDT,SOLUSDT,XRPUSDT",Bảng A đơn lẻ,1
2026-10-10T01:19:39+00:00,S1,S1-i020-htf,Parabolic SAR,True,"{'start': 0.02, 'inc': 0.02, 'max': 0.2}",train,"BTCUSDT,ETHUSDT,BNBUSDT,SOLUSDT,XRPUSDT",Bảng A đơn lẻ,1
2026-10-10T01:19:39+00:00,S1,S1-i021-nohtf,Directional Movement,False,{'length': 14},train,"BTCUSDT,ETHUSDT,BNBUSDT,SOLUSDT,XRPUSDT",Bảng A đơn lẻ,1
2026-10-10T01:19:39+00:00,S1,S1-i021-htf,Directional Movement,True,{'length': 14},train,"BTCUSDT,ETHUSDT,BNBUSDT,SOLUSDT,XRPUSDT",Bảng A đơn lẻ,1
2026-10-10T01:19:39+00:00,S1,S1-i022-nohtf,Vortex,False,{'length': 14},train,"BTCUSDT,ETHUSDT,BNBUSDT,SOLUSDT,XRPUSDT",Bảng A đơn lẻ,1
2026-10-10T01:19:39+00:00,S1,S1-i022-htf,Vortex,True,{'length': 14},train,"BTCUSDT,ETHUSDT,BNBUSDT,SOLUSDT,XRPUSDT",Bảng A đơn lẻ,1
2026-10-10T01:19:39+00:00,S1,S1-i023-nohtf,Williams Alligator,False,"{'jaw': [13, 8], 'teeth': [8, 5], 'lips': [5, 3]}",train,"BTCUSDT,ETHUSDT,BNBUSDT,SOLUSDT,XRPUSDT",Bảng A đơn lẻ,1
2026-10-10T01:19:39+00:00,S1,S1-i023-htf,Williams Alligator,True,"{'jaw': [13, 8], 'teeth': [8, 5], 'lips': [5, 3]}",train,"BTCUSDT,ETHUSDT,BNBUSDT,SOLUSDT,XRPUSDT",Bảng A đơn lẻ,1
2026-10-10T01:19:39+00:00,S1,S1-i024-nohtf,Williams Fractal,False,{'periods': 2},train,"BTCUSDT,ETHUSDT,BNBUSDT,SOLUSDT,XRPUSDT",Bảng A đơn lẻ,1
2026-10-10T01:19:39+00:00,S1,S1-i024-htf,Williams Fractal,True,{'periods': 2},train,"BTCUSDT,ETHUSDT,BNBUSDT,SOLUSDT,XRPUSDT",Bảng A đơn lẻ,1
2026-10-10T01:19:39+00:00,S1,S1-i025-nohtf,Aroon,False,{'length': 14},train,"BTCUSDT,ETHUSDT,BNBUSDT,SOLUSDT,XRPUSDT",Bảng A đơn lẻ,1
2026-10-10T01:19:39+00:00,S1,S1-i025-htf,Aroon,True,{'length': 14},train,"BTCUSDT,ETHUSDT,BNBUSDT,SOLUSDT,XRPUSDT",Bảng A đơn lẻ,1
2026-10-10T01:19:39+00:00,S1,S1-i026-nohtf,Trend Strength Index,False,{'length': 14},train,"BTCUSDT,ETHUSDT,BNBUSDT,SOLUSDT,XRPUSDT",Bảng A đơn lẻ,1
2026-10-10T01:19:39+00:00,S1,S1-i026-htf,Trend Strength Index,True,{'length': 14},train,"BTCUSDT,ETHUSDT,BNBUSDT,SOLUSDT,XRPUSDT",Bảng A đơn lẻ,1
2026-10-10T01:19:39+00:00,S1,S1-i027-nohtf,Zig Zag,False,{'deviation': 0.005},train,"BTCUSDT,ETHUSDT,BNBUSDT,SOLUSDT,XRPUSDT",Bảng A đơn lẻ,1
2026-10-10T01:19:39+00:00,S1,S1-i027-htf,Zig Zag,True,{'deviation': 0.005},train,"BTCUSDT,ETHUSDT,BNBUSDT,SOLUSDT,XRPUSDT",Bảng A đơn lẻ,1
2026-10-10T01:19:39+00:00,S1,S1-i028-nohtf,Linear Regression Curve,False,{'length': 9},train,"BTCUSDT,ETHUSDT,BNBUSDT,SOLUSDT,XRPUSDT",Bảng A đơn lẻ,1
2026-10-10T01:19:39+00:00,S1,S1-i028-htf,Linear Regression Curve,True,{'length': 9},train,"BTCUSDT,ETHUSDT,BNBUSDT,SOLUSDT,XRPUSDT",Bảng A đơn lẻ,1
2026-10-10T01:19:39+00:00,S1,S1-i029-nohtf,Linear Regression Slope,False,{'length': 14},train,"BTCUSDT,ETHUSDT,BNBUSDT,SOLUSDT,XRPUSDT",Bảng A đơn lẻ,1
2026-10-10T01:19:39+00:00,S1,S1-i029-htf,Linear Regression Slope,True,{'length': 14},train,"BTCUSDT,ETHUSDT,BNBUSDT,SOLUSDT,XRPUSDT",Bảng A đơn lẻ,1
2026-10-10T01:19:39+00:00,S1,S1-i030-nohtf,Keltner Channels,False,"{'length': 20, 'mult': 2.0, 'atr': 10}",train,"BTCUSDT,ETHUSDT,BNBUSDT,SOLUSDT,XRPUSDT",Bảng A đơn lẻ,1
2026-10-10T01:19:39+00:00,S1,S1-i030-htf,Keltner Channels,True,"{'length': 20, 'mult': 2.0, 'atr': 10}",train,"BTCUSDT,ETHUSDT,BNBUSDT,SOLUSDT,XRPUSDT",Bảng A đơn lẻ,1
2026-10-10T01:19:39+00:00,S1,S1-i031-nohtf,Donchian Channels,False,{'length': 20},train,"BTCUSDT,ETHUSDT,BNBUSDT,SOLUSDT,XRPUSDT",Bảng A đơn lẻ,1
2026-10-10T01:19:39+00:00,S1,S1-i031-htf,Donchian Channels,True,{'length': 20},train,"BTCUSDT,ETHUSDT,BNBUSDT,SOLUSDT,XRPUSDT",Bảng A đơn lẻ,1
2026-10-10T01:19:39+00:00,S1,S1-i032-nohtf,Price Channel,False,{'length': 20},train,"BTCUSDT,ETHUSDT,BNBUSDT,SOLUSDT,XRPUSDT",Bảng A đơn lẻ,1
2026-10-10T01:19:39+00:00,S1,S1-i032-htf,Price Channel,True,{'length': 20},train,"BTCUSDT,ETHUSDT,BNBUSDT,SOLUSDT,XRPUSDT",Bảng A đơn lẻ,1
2026-10-10T01:19:39+00:00,S1,S1-i033-nohtf,MA Channel,False,{'length': 20},train,"BTCUSDT,ETHUSDT,BNBUSDT,SOLUSDT,XRPUSDT",Bảng A đơn lẻ,1
2026-10-10T01:19:39+00:00,S1,S1-i033-htf,MA Channel,True,{'length': 20},train,"BTCUSDT,ETHUSDT,BNBUSDT,SOLUSDT,XRPUSDT",Bảng A đơn lẻ,1
2026-10-10T01:19:39+00:00,S1,S1-i034-nohtf,Chande Kroll Stop,False,"{'p': 10, 'x': 1.0, 'q': 9}",train,"BTCUSDT,ETHUSDT,BNBUSDT,SOLUSDT,XRPUSDT",Bảng A đơn lẻ,1
2026-10-10T01:19:39+00:00,S1,S1-i034-htf,Chande Kroll Stop,True,"{'p': 10, 'x': 1.0, 'q': 9}",train,"BTCUSDT,ETHUSDT,BNBUSDT,SOLUSDT,XRPUSDT",Bảng A đơn lẻ,1
2026-10-10T01:19:39+00:00,S1,S1-i035-nohtf,52-Week High/Low,False,{'length': 1440},train,"BTCUSDT,ETHUSDT,BNBUSDT,SOLUSDT,XRPUSDT",Bảng A đơn lẻ,1
2026-10-10T01:19:39+00:00,S1,S1-i035-htf,52-Week High/Low,True,{'length': 1440},train,"BTCUSDT,ETHUSDT,BNBUSDT,SOLUSDT,XRPUSDT",Bảng A đơn lẻ,1
2026-10-10T01:19:39+00:00,S1,S1-i036-nohtf,Majority Rule,False,{'length': 14},train,"BTCUSDT,ETHUSDT,BNBUSDT,SOLUSDT,XRPUSDT",Bảng A đơn lẻ,1
2026-10-10T01:19:39+00:00,S1,S1-i036-htf,Majority Rule,True,{'length': 14},train,"BTCUSDT,ETHUSDT,BNBUSDT,SOLUSDT,XRPUSDT",Bảng A đơn lẻ,1
2026-10-10T01:19:39+00:00,S1,S1-i037-nohtf,ADX,False,{'length': 14},train,"BTCUSDT,ETHUSDT,BNBUSDT,SOLUSDT,XRPUSDT",Bảng A đơn lẻ,1
2026-10-10T01:19:39+00:00,S1,S1-i037-htf,ADX,True,{'length': 14},train,"BTCUSDT,ETHUSDT,BNBUSDT,SOLUSDT,XRPUSDT",Bảng A đơn lẻ,1
2026-10-10T01:19:39+00:00,S1,S1-i038-nohtf,MACD,False,"{'fast': 12, 'slow': 26, 'signal': 9}",train,"BTCUSDT,ETHUSDT,BNBUSDT,SOLUSDT,XRPUSDT",Bảng A đơn lẻ,1
2026-10-10T01:19:39+00:00,S1,S1-i038-htf,MACD,True,"{'fast': 12, 'slow': 26, 'signal': 9}",train,"BTCUSDT,ETHUSDT,BNBUSDT,SOLUSDT,XRPUSDT",Bảng A đơn lẻ,1
2026-10-10T01:19:39+00:00,S1,S1-i039-nohtf,RSI,False,{'length': 14},train,"BTCUSDT,ETHUSDT,BNBUSDT,SOLUSDT,XRPUSDT",Bảng A đơn lẻ,1
2026-10-10T01:19:39+00:00,S1,S1-i039-htf,RSI,True,{'length': 14},train,"BTCUSDT,ETHUSDT,BNBUSDT,SOLUSDT,XRPUSDT",Bảng A đơn lẻ,1
2026-10-10T01:19:39+00:00,S1,S1-i040-nohtf,Stochastic,False,"{'k': 14, 'smooth_k': 1, 'd': 3}",train,"BTCUSDT,ETHUSDT,BNBUSDT,SOLUSDT,XRPUSDT",Bảng A đơn lẻ,1
2026-10-10T01:19:39+00:00,S1,S1-i040-htf,Stochastic,True,"{'k': 14, 'smooth_k': 1, 'd': 3}",train,"BTCUSDT,ETHUSDT,BNBUSDT,SOLUSDT,XRPUSDT",Bảng A đơn lẻ,1
2026-10-10T01:19:39+00:00,S1,S1-i041-nohtf,Stochastic RSI,False,"{'rsi': 14, 'stoch': 14, 'k': 3, 'd': 3}",train,"BTCUSDT,ETHUSDT,BNBUSDT,SOLUSDT,XRPUSDT",Bảng A đơn lẻ,1
2026-10-10T01:19:39+00:00,S1,S1-i041-htf,Stochastic RSI,True,"{'rsi': 14, 'stoch': 14, 'k': 3, 'd': 3}",train,"BTCUSDT,ETHUSDT,BNBUSDT,SOLUSDT,XRPUSDT",Bảng A đơn lẻ,1
2026-10-10T01:19:39+00:00,S1,S1-i042-nohtf,Connors RSI,False,"{'rsi': 3, 'streak': 2, 'rank': 100}",train,"BTCUSDT,ETHUSDT,BNBUSDT,SOLUSDT,XRPUSDT",Bảng A đơn lẻ,1
2026-10-10T01:19:39+00:00,S1,S1-i042-htf,Connors RSI,True,"{'rsi': 3, 'streak': 2, 'rank': 100}",train,"BTCUSDT,ETHUSDT,BNBUSDT,SOLUSDT,XRPUSDT",Bảng A đơn lẻ,1
2026-10-10T01:19:39+00:00,S1,S1-i043-nohtf,Awesome Oscillator,False,"{'fast': 5, 'slow': 34}",train,"BTCUSDT,ETHUSDT,BNBUSDT,SOLUSDT,XRPUSDT",Bảng A đơn lẻ,1
2026-10-10T01:19:39+00:00,S1,S1-i043-htf,Awesome Oscillator,True,"{'fast': 5, 'slow': 34}",train,"BTCUSDT,ETHUSDT,BNBUSDT,SOLUSDT,XRPUSDT",Bảng A đơn lẻ,1
2026-10-10T01:19:39+00:00,S1,S1-i044-nohtf,Accelerator Oscillator,False,"{'fast': 5, 'slow': 34, 'smooth': 5}",train,"BTCUSDT,ETHUSDT,BNBUSDT,SOLUSDT,XRPUSDT",Bảng A đơn lẻ,1
2026-10-10T01:19:39+00:00,S1,S1-i044-htf,Accelerator Oscillator,True,"{'fast': 5, 'slow': 34, 'smooth': 5}",train,"BTCUSDT,ETHUSDT,BNBUSDT,SOLUSDT,XRPUSDT",Bảng A đơn lẻ,1
2026-10-10T01:19:39+00:00,S1,S1-i045-nohtf,Momentum,False,{'length': 10},train,"BTCUSDT,ETHUSDT,BNBUSDT,SOLUSDT,XRPUSDT",Bảng A đơn lẻ,1
2026-10-10T01:19:39+00:00,S1,S1-i045-htf,Momentum,True,{'length': 10},train,"BTCUSDT,ETHUSDT,BNBUSDT,SOLUSDT,XRPUSDT",Bảng A đơn lẻ,1
2026-10-10T01:19:39+00:00,S1,S1-i046-nohtf,Chande Momentum Oscillator,False,{'length': 9},train,"BTCUSDT,ETHUSDT,BNBUSDT,SOLUSDT,XRPUSDT",Bảng A đơn lẻ,1
2026-10-10T01:19:39+00:00,S1,S1-i046-htf,Chande Momentum Oscillator,True,{'length': 9},train,"BTCUSDT,ETHUSDT,BNBUSDT,SOLUSDT,XRPUSDT",Bảng A đơn lẻ,1
2026-10-10T01:19:39+00:00,S1,S1-i047-nohtf,Price Oscillator,False,"{'fast': 10, 'slow': 21}",train,"BTCUSDT,ETHUSDT,BNBUSDT,SOLUSDT,XRPUSDT",Bảng A đơn lẻ,1
2026-10-10T01:19:39+00:00,S1,S1-i047-htf,Price Oscillator,True,"{'fast': 10, 'slow': 21}",train,"BTCUSDT,ETHUSDT,BNBUSDT,SOLUSDT,XRPUSDT",Bảng A đơn lẻ,1
2026-10-10T01:19:39+00:00,S1,S1-i048-nohtf,Detrended Price Oscillator,False,{'length': 21},train,"BTCUSDT,ETHUSDT,BNBUSDT,SOLUSDT,XRPUSDT",Bảng A đơn lẻ,1
2026-10-10T01:19:39+00:00,S1,S1-i048-htf,Detrended Price Oscillator,True,{'length': 21},train,"BTCUSDT,ETHUSDT,BNBUSDT,SOLUSDT,XRPUSDT",Bảng A đơn lẻ,1
2026-10-10T01:19:39+00:00,S1,S1-i049-nohtf,TRIX,False,{'length': 18},train,"BTCUSDT,ETHUSDT,BNBUSDT,SOLUSDT,XRPUSDT",Bảng A đơn lẻ,1
2026-10-10T01:19:39+00:00,S1,S1-i049-htf,TRIX,True,{'length': 18},train,"BTCUSDT,ETHUSDT,BNBUSDT,SOLUSDT,XRPUSDT",Bảng A đơn lẻ,1
2026-10-10T01:19:39+00:00,S1,S1-i050-nohtf,Fisher Transform,False,{'length': 9},train,"BTCUSDT,ETHUSDT,BNBUSDT,SOLUSDT,XRPUSDT",Bảng A đơn lẻ,1
2026-10-10T01:19:39+00:00,S1,S1-i050-htf,Fisher Transform,True,{'length': 9},train,"BTCUSDT,ETHUSDT,BNBUSDT,SOLUSDT,XRPUSDT",Bảng A đơn lẻ,1
2026-10-10T01:19:39+00:00,S1,S1-i051-nohtf,Ultimate Oscillator,False,"{'fast': 7, 'mid': 14, 'slow': 28}",train,"BTCUSDT,ETHUSDT,BNBUSDT,SOLUSDT,XRPUSDT",Bảng A đơn lẻ,1
2026-10-10T01:19:39+00:00,S1,S1-i051-htf,Ultimate Oscillator,True,"{'fast': 7, 'mid': 14, 'slow': 28}",train,"BTCUSDT,ETHUSDT,BNBUSDT,SOLUSDT,XRPUSDT",Bảng A đơn lẻ,1
2026-10-10T01:19:39+00:00,S1,S1-i052-nohtf,Williams %R,False,{'length': 14},train,"BTCUSDT,ETHUSDT,BNBUSDT,SOLUSDT,XRPUSDT",Bảng A đơn lẻ,1
2026-10-10T01:19:39+00:00,S1,S1-i052-htf,Williams %R,True,{'length': 14},train,"BTCUSDT,ETHUSDT,BNBUSDT,SOLUSDT,XRPUSDT",Bảng A đơn lẻ,1
2026-10-10T01:19:39+00:00,S1,S1-i053-nohtf,SMI Ergodic,False,"{'short': 5, 'long': 20, 'signal': 5}",train,"BTCUSDT,ETHUSDT,BNBUSDT,SOLUSDT,XRPUSDT",Bảng A đơn lẻ,1
2026-10-10T01:19:39+00:00,S1,S1-i053-htf,SMI Ergodic,True,"{'short': 5, 'long': 20, 'signal': 5}",train,"BTCUSDT,ETHUSDT,BNBUSDT,SOLUSDT,XRPUSDT",Bảng A đơn lẻ,1
2026-10-10T01:19:39+00:00,S1,S1-i054-nohtf,Relative Vigor Index,False,{'length': 10},train,"BTCUSDT,ETHUSDT,BNBUSDT,SOLUSDT,XRPUSDT",Bảng A đơn lẻ,1
2026-10-10T01:19:39+00:00,S1,S1-i054-htf,Relative Vigor Index,True,{'length': 10},train,"BTCUSDT,ETHUSDT,BNBUSDT,SOLUSDT,XRPUSDT",Bảng A đơn lẻ,1
2026-10-10T01:19:39+00:00,S1,S1-i055-nohtf,True Strength Index,False,"{'long': 25, 'short': 13, 'signal': 13}",train,"BTCUSDT,ETHUSDT,BNBUSDT,SOLUSDT,XRPUSDT",Bảng A đơn lẻ,1
2026-10-10T01:19:39+00:00,S1,S1-i055-htf,True Strength Index,True,"{'long': 25, 'short': 13, 'signal': 13}",train,"BTCUSDT,ETHUSDT,BNBUSDT,SOLUSDT,XRPUSDT",Bảng A đơn lẻ,1
2026-10-10T01:19:39+00:00,S1,S1-i056-nohtf,Coppock Curve,False,"{'wma': 10, 'long': 14, 'short': 11}",train,"BTCUSDT,ETHUSDT,BNBUSDT,SOLUSDT,XRPUSDT",Bảng A đơn lẻ,1
2026-10-10T01:19:39+00:00,S1,S1-i056-htf,Coppock Curve,True,"{'wma': 10, 'long': 14, 'short': 11}",train,"BTCUSDT,ETHUSDT,BNBUSDT,SOLUSDT,XRPUSDT",Bảng A đơn lẻ,1
2026-10-10T01:19:39+00:00,S1,S1-i057-nohtf,Rate of Change,False,{'length': 9},train,"BTCUSDT,ETHUSDT,BNBUSDT,SOLUSDT,XRPUSDT",Bảng A đơn lẻ,1
2026-10-10T01:19:39+00:00,S1,S1-i057-htf,Rate of Change,True,{'length': 9},train,"BTCUSDT,ETHUSDT,BNBUSDT,SOLUSDT,XRPUSDT",Bảng A đơn lẻ,1
2026-10-10T01:19:39+00:00,S1,S1-i058-nohtf,Klinger Oscillator,False,"{'fast': 34, 'slow': 55, 'signal': 13}",train,"BTCUSDT,ETHUSDT,BNBUSDT,SOLUSDT,XRPUSDT",Bảng A đơn lẻ,1
2026-10-10T01:19:39+00:00,S1,S1-i058-htf,Klinger Oscillator,True,"{'fast': 34, 'slow': 55, 'signal': 13}",train,"BTCUSDT,ETHUSDT,BNBUSDT,SOLUSDT,XRPUSDT",Bảng A đơn lẻ,1
2026-10-10T01:19:39+00:00,S1,S1-i059-nohtf,Bollinger Bands,False,"{'length': 20, 'mult': 2.0}",train,"BTCUSDT,ETHUSDT,BNBUSDT,SOLUSDT,XRPUSDT",Bảng A đơn lẻ,1
2026-10-10T01:19:39+00:00,S1,S1-i059-htf,Bollinger Bands,True,"{'length': 20, 'mult': 2.0}",train,"BTCUSDT,ETHUSDT,BNBUSDT,SOLUSDT,XRPUSDT",Bảng A đơn lẻ,1
2026-10-10T01:19:39+00:00,S1,S1-i060-nohtf,BB %B,False,"{'length': 20, 'mult': 2.0}",train,"BTCUSDT,ETHUSDT,BNBUSDT,SOLUSDT,XRPUSDT",Bảng A đơn lẻ,1
2026-10-10T01:19:39+00:00,S1,S1-i060-htf,BB %B,True,"{'length': 20, 'mult': 2.0}",train,"BTCUSDT,ETHUSDT,BNBUSDT,SOLUSDT,XRPUSDT",Bảng A đơn lẻ,1
2026-10-10T01:19:39+00:00,S1,S1-i061-nohtf,Standard Error Bands,False,"{'length': 21, 'mult': 2.0, 'smooth': 3}",train,"BTCUSDT,ETHUSDT,BNBUSDT,SOLUSDT,XRPUSDT",Bảng A đơn lẻ,1
2026-10-10T01:19:39+00:00,S1,S1-i061-htf,Standard Error Bands,True,"{'length': 21, 'mult': 2.0, 'smooth': 3}",train,"BTCUSDT,ETHUSDT,BNBUSDT,SOLUSDT,XRPUSDT",Bảng A đơn lẻ,1
2026-10-10T01:19:39+00:00,S1,S1-i062-nohtf,Envelopes,False,"{'length': 20, 'percent': 10.0}",train,"BTCUSDT,ETHUSDT,BNBUSDT,SOLUSDT,XRPUSDT",Bảng A đơn lẻ,1
2026-10-10T01:19:39+00:00,S1,S1-i062-htf,Envelopes,True,"{'length': 20, 'percent': 10.0}",train,"BTCUSDT,ETHUSDT,BNBUSDT,SOLUSDT,XRPUSDT",Bảng A đơn lẻ,1
2026-10-10T01:19:39+00:00,S1,S1-i063-nohtf,BB Width,False,"{'length': 20, 'mult': 2.0}",train,"BTCUSDT,ETHUSDT,BNBUSDT,SOLUSDT,XRPUSDT",Bảng A đơn lẻ,1
2026-10-10T01:19:39+00:00,S1,S1-i063-htf,BB Width,True,"{'length': 20, 'mult': 2.0}",train,"BTCUSDT,ETHUSDT,BNBUSDT,SOLUSDT,XRPUSDT",Bảng A đơn lẻ,1
2026-10-10T01:19:39+00:00,S1,S1-i064-nohtf,ATR,False,{'length': 14},train,"BTCUSDT,ETHUSDT,BNBUSDT,SOLUSDT,XRPUSDT",Bảng A đơn lẻ,1
2026-10-10T01:19:39+00:00,S1,S1-i064-htf,ATR,True,{'length': 14},train,"BTCUSDT,ETHUSDT,BNBUSDT,SOLUSDT,XRPUSDT",Bảng A đơn lẻ,1
2026-10-10T01:19:39+00:00,S1,S1-i065-nohtf,Historical Volatility,False,{'length': 10},train,"BTCUSDT,ETHUSDT,BNBUSDT,SOLUSDT,XRPUSDT",Bảng A đơn lẻ,1
2026-10-10T01:19:39+00:00,S1,S1-i065-htf,Historical Volatility,True,{'length': 10},train,"BTCUSDT,ETHUSDT,BNBUSDT,SOLUSDT,XRPUSDT",Bảng A đơn lẻ,1
2026-10-10T01:19:39+00:00,S1,S1-i066-nohtf,Chaikin Volatility,False,"{'length': 10, 'roc': 10}",train,"BTCUSDT,ETHUSDT,BNBUSDT,SOLUSDT,XRPUSDT",Bảng A đơn lẻ,1
2026-10-10T01:19:39+00:00,S1,S1-i066-htf,Chaikin Volatility,True,"{'length': 10, 'roc': 10}",train,"BTCUSDT,ETHUSDT,BNBUSDT,SOLUSDT,XRPUSDT",Bảng A đơn lẻ,1
2026-10-10T01:19:39+00:00,S1,S1-i067-nohtf,Close-to-Close Volatility,False,{'length': 10},train,"BTCUSDT,ETHUSDT,BNBUSDT,SOLUSDT,XRPUSDT",Bảng A đơn lẻ,1
2026-10-10T01:19:39+00:00,S1,S1-i067-htf,Close-to-Close Volatility,True,{'length': 10},train,"BTCUSDT,ETHUSDT,BNBUSDT,SOLUSDT,XRPUSDT",Bảng A đơn lẻ,1
2026-10-10T01:19:39+00:00,S1,S1-i068-nohtf,Non-Directional Close-to-Close Volatility,False,{'length': 10},train,"BTCUSDT,ETHUSDT,BNBUSDT,SOLUSDT,XRPUSDT",Bảng A đơn lẻ,1
2026-10-10T01:19:39+00:00,S1,S1-i068-htf,Non-Directional Close-to-Close Volatility,True,{'length': 10},train,"BTCUSDT,ETHUSDT,BNBUSDT,SOLUSDT,XRPUSDT",Bảng A đơn lẻ,1
2026-10-10T01:19:39+00:00,S1,S1-i069-nohtf,O-H-L-C Volatility,False,{'length': 10},train,"BTCUSDT,ETHUSDT,BNBUSDT,SOLUSDT,XRPUSDT",Bảng A đơn lẻ,1
2026-10-10T01:19:39+00:00,S1,S1-i069-htf,O-H-L-C Volatility,True,{'length': 10},train,"BTCUSDT,ETHUSDT,BNBUSDT,SOLUSDT,XRPUSDT",Bảng A đơn lẻ,1
2026-10-10T01:19:39+00:00,S1,S1-i070-nohtf,Relative Volatility Index,False,"{'stdev': 10, 'smooth': 14}",train,"BTCUSDT,ETHUSDT,BNBUSDT,SOLUSDT,XRPUSDT",Bảng A đơn lẻ,1
2026-10-10T01:19:39+00:00,S1,S1-i070-htf,Relative Volatility Index,True,"{'stdev': 10, 'smooth': 14}",train,"BTCUSDT,ETHUSDT,BNBUSDT,SOLUSDT,XRPUSDT",Bảng A đơn lẻ,1
2026-10-10T01:19:39+00:00,S1,S1-i071-nohtf,Standard Deviation,False,{'length': 20},train,"BTCUSDT,ETHUSDT,BNBUSDT,SOLUSDT,XRPUSDT",Bảng A đơn lẻ,1
2026-10-10T01:19:39+00:00,S1,S1-i071-htf,Standard Deviation,True,{'length': 20},train,"BTCUSDT,ETHUSDT,BNBUSDT,SOLUSDT,XRPUSDT",Bảng A đơn lẻ,1
2026-10-10T01:19:39+00:00,S1,S1-i073-nohtf,Mass Index,False,"{'ema': 9, 'sum': 25}",train,"BTCUSDT,ETHUSDT,BNBUSDT,SOLUSDT,XRPUSDT",Bảng A đơn lẻ,1
2026-10-10T01:19:39+00:00,S1,S1-i073-htf,Mass Index,True,"{'ema': 9, 'sum': 25}",train,"BTCUSDT,ETHUSDT,BNBUSDT,SOLUSDT,XRPUSDT",Bảng A đơn lẻ,1
2026-10-10T01:19:39+00:00,S1,S1-i074-nohtf,Net Volume,False,{'length': 14},train,"BTCUSDT,ETHUSDT,BNBUSDT,SOLUSDT,XRPUSDT",Bảng A đơn lẻ,1
2026-10-10T01:19:39+00:00,S1,S1-i074-htf,Net Volume,True,{'length': 14},train,"BTCUSDT,ETHUSDT,BNBUSDT,SOLUSDT,XRPUSDT",Bảng A đơn lẻ,1
2026-10-10T01:19:39+00:00,S1,S1-i075-nohtf,OBV,False,{'signal': 20},train,"BTCUSDT,ETHUSDT,BNBUSDT,SOLUSDT,XRPUSDT",Bảng A đơn lẻ,1
2026-10-10T01:19:39+00:00,S1,S1-i075-htf,OBV,True,{'signal': 20},train,"BTCUSDT,ETHUSDT,BNBUSDT,SOLUSDT,XRPUSDT",Bảng A đơn lẻ,1
2026-10-10T01:19:39+00:00,S1,S1-i076-nohtf,Accumulation/Distribution,False,{'signal': 20},train,"BTCUSDT,ETHUSDT,BNBUSDT,SOLUSDT,XRPUSDT",Bảng A đơn lẻ,1
2026-10-10T01:19:39+00:00,S1,S1-i076-htf,Accumulation/Distribution,True,{'signal': 20},train,"BTCUSDT,ETHUSDT,BNBUSDT,SOLUSDT,XRPUSDT",Bảng A đơn lẻ,1
2026-10-10T01:19:39+00:00,S1,S1-i077-nohtf,MFI,False,{'length': 14},train,"BTCUSDT,ETHUSDT,BNBUSDT,SOLUSDT,XRPUSDT",Bảng A đơn lẻ,1
2026-10-10T01:19:39+00:00,S1,S1-i077-htf,MFI,True,{'length': 14},train,"BTCUSDT,ETHUSDT,BNBUSDT,SOLUSDT,XRPUSDT",Bảng A đơn lẻ,1
2026-10-10T01:19:39+00:00,S1,S1-i078-nohtf,Chaikin Money Flow,False,{'length': 20},train,"BTCUSDT,ETHUSDT,BNBUSDT,SOLUSDT,XRPUSDT",Bảng A đơn lẻ,1
2026-10-10T01:19:39+00:00,S1,S1-i078-htf,Chaikin Money Flow,True,{'length': 20},train,"BTCUSDT,ETHUSDT,BNBUSDT,SOLUSDT,XRPUSDT",Bảng A đơn lẻ,1
2026-10-10T01:19:39+00:00,S1,S1-i079-nohtf,Chaikin Oscillator,False,"{'fast': 3, 'slow': 10}",train,"BTCUSDT,ETHUSDT,BNBUSDT,SOLUSDT,XRPUSDT",Bảng A đơn lẻ,1
2026-10-10T01:19:39+00:00,S1,S1-i079-htf,Chaikin Oscillator,True,"{'fast': 3, 'slow': 10}",train,"BTCUSDT,ETHUSDT,BNBUSDT,SOLUSDT,XRPUSDT",Bảng A đơn lẻ,1
2026-10-10T01:19:39+00:00,S1,S1-i080-nohtf,Ease of Movement,False,"{'length': 14, 'divisor': 10000}",train,"BTCUSDT,ETHUSDT,BNBUSDT,SOLUSDT,XRPUSDT",Bảng A đơn lẻ,1
2026-10-10T01:19:39+00:00,S1,S1-i080-htf,Ease of Movement,True,"{'length': 14, 'divisor': 10000}",train,"BTCUSDT,ETHUSDT,BNBUSDT,SOLUSDT,XRPUSDT",Bảng A đơn lẻ,1
2026-10-10T01:19:39+00:00,S1,S1-i081-nohtf,Elder Force Index,False,{'length': 13},train,"BTCUSDT,ETHUSDT,BNBUSDT,SOLUSDT,XRPUSDT",Bảng A đơn lẻ,1
2026-10-10T01:19:39+00:00,S1,S1-i081-htf,Elder Force Index,True,{'length': 13},train,"BTCUSDT,ETHUSDT,BNBUSDT,SOLUSDT,XRPUSDT",Bảng A đơn lẻ,1
2026-10-10T01:19:39+00:00,S1,S1-i082-nohtf,Price & Volume Trend,False,{'signal': 20},train,"BTCUSDT,ETHUSDT,BNBUSDT,SOLUSDT,XRPUSDT",Bảng A đơn lẻ,1
2026-10-10T01:19:39+00:00,S1,S1-i082-htf,Price & Volume Trend,True,{'signal': 20},train,"BTCUSDT,ETHUSDT,BNBUSDT,SOLUSDT,XRPUSDT",Bảng A đơn lẻ,1
2026-10-10T01:19:39+00:00,S1,S1-i083-nohtf,Volume,False,{},train,"BTCUSDT,ETHUSDT,BNBUSDT,SOLUSDT,XRPUSDT",Bảng A đơn lẻ,1
2026-10-10T01:19:39+00:00,S1,S1-i083-htf,Volume,True,{},train,"BTCUSDT,ETHUSDT,BNBUSDT,SOLUSDT,XRPUSDT",Bảng A đơn lẻ,1
2026-10-10T01:19:39+00:00,S1,S1-i084-nohtf,Volume Oscillator,False,"{'fast': 5, 'slow': 10}",train,"BTCUSDT,ETHUSDT,BNBUSDT,SOLUSDT,XRPUSDT",Bảng A đơn lẻ,1
2026-10-10T01:19:39+00:00,S1,S1-i084-htf,Volume Oscillator,True,"{'fast': 5, 'slow': 10}",train,"BTCUSDT,ETHUSDT,BNBUSDT,SOLUSDT,XRPUSDT",Bảng A đơn lẻ,1
2026-10-10T01:19:39+00:00,S1,S1-i085-nohtf,Volume Profile Fixed Range,False,"{'value_area': 0.7, 'bins': 100}",train,"BTCUSDT,ETHUSDT,BNBUSDT,SOLUSDT,XRPUSDT",Bảng A đơn lẻ,1
2026-10-10T01:19:39+00:00,S1,S1-i085-htf,Volume Profile Fixed Range,True,"{'value_area': 0.7, 'bins': 100}",train,"BTCUSDT,ETHUSDT,BNBUSDT,SOLUSDT,XRPUSDT",Bảng A đơn lẻ,1
2026-10-10T01:19:39+00:00,S1,S1-i086-nohtf,VWAP,False,{'anchor': '1D'},train,"BTCUSDT,ETHUSDT,BNBUSDT,SOLUSDT,XRPUSDT",Bảng A đơn lẻ,1
2026-10-10T01:19:39+00:00,S1,S1-i086-htf,VWAP,True,{'anchor': '1D'},train,"BTCUSDT,ETHUSDT,BNBUSDT,SOLUSDT,XRPUSDT",Bảng A đơn lẻ,1
2026-10-10T01:19:39+00:00,S1,S1-i087-nohtf,VWMA,False,{'length': 20},train,"BTCUSDT,ETHUSDT,BNBUSDT,SOLUSDT,XRPUSDT",Bảng A đơn lẻ,1
2026-10-10T01:19:39+00:00,S1,S1-i087-htf,VWMA,True,{'length': 20},train,"BTCUSDT,ETHUSDT,BNBUSDT,SOLUSDT,XRPUSDT",Bảng A đơn lẻ,1
2026-10-10T01:19:39+00:00,S1,S1-i088-nohtf,Pivot Points Standard,False,{'anchor': '1D'},train,"BTCUSDT,ETHUSDT,BNBUSDT,SOLUSDT,XRPUSDT",Bảng A đơn lẻ,1
2026-10-10T01:19:39+00:00,S1,S1-i088-htf,Pivot Points Standard,True,{'anchor': '1D'},train,"BTCUSDT,ETHUSDT,BNBUSDT,SOLUSDT,XRPUSDT",Bảng A đơn lẻ,1
2026-10-10T01:19:39+00:00,S1,S1-i089-nohtf,Balance of Power,False,{'length': 14},train,"BTCUSDT,ETHUSDT,BNBUSDT,SOLUSDT,XRPUSDT",Bảng A đơn lẻ,1
2026-10-10T01:19:39+00:00,S1,S1-i089-htf,Balance of Power,True,{'length': 14},train,"BTCUSDT,ETHUSDT,BNBUSDT,SOLUSDT,XRPUSDT",Bảng A đơn lẻ,1
2026-10-10T01:19:39+00:00,S1,S1-i090-nohtf,Accumulative Swing Index,False,"{'limit': 10000.0, 'signal': 20}",train,"BTCUSDT,ETHUSDT,BNBUSDT,SOLUSDT,XRPUSDT",Bảng A đơn lẻ,1
2026-10-10T01:19:39+00:00,S1,S1-i090-htf,Accumulative Swing Index,True,"{'limit': 10000.0, 'signal': 20}",train,"BTCUSDT,ETHUSDT,BNBUSDT,SOLUSDT,XRPUSDT",Bảng A đơn lẻ,1
2026-10-10T01:19:39+00:00,S1,S1-i091-nohtf,Up/Down,False,{'length': 14},train,"BTCUSDT,ETHUSDT,BNBUSDT,SOLUSDT,XRPUSDT",Bảng A đơn lẻ,1
2026-10-10T01:19:39+00:00,S1,S1-i091-htf,Up/Down,True,{'length': 14},train,"BTCUSDT,ETHUSDT,BNBUSDT,SOLUSDT,XRPUSDT",Bảng A đơn lẻ,1
2026-10-10T01:19:39+00:00,S1,S1-i092-nohtf,Spread,False,{'length': 20},train,"BTCUSDT,ETHUSDT,BNBUSDT,SOLUSDT,XRPUSDT",Bảng A đơn lẻ,1
2026-10-10T01:19:39+00:00,S1,S1-i092-htf,Spread,True,{'length': 20},train,"BTCUSDT,ETHUSDT,BNBUSDT,SOLUSDT,XRPUSDT",Bảng A đơn lẻ,1
2026-10-10T01:19:39+00:00,S1,S1-i093-nohtf,Correlation Coefficient,False,{'length': 20},train,"BTCUSDT,ETHUSDT,BNBUSDT,SOLUSDT,XRPUSDT",Bảng A đơn lẻ,1
2026-10-10T01:19:39+00:00,S1,S1-i093-htf,Correlation Coefficient,True,{'length': 20},train,"BTCUSDT,ETHUSDT,BNBUSDT,SOLUSDT,XRPUSDT",Bảng A đơn lẻ,1
2026-10-10T01:19:39+00:00,S1,S1-i094-nohtf,Correlation-Log,False,{'length': 20},train,"BTCUSDT,ETHUSDT,BNBUSDT,SOLUSDT,XRPUSDT",Bảng A đơn lẻ,1
2026-10-10T01:19:39+00:00,S1,S1-i094-htf,Correlation-Log,True,{'length': 20},train,"BTCUSDT,ETHUSDT,BNBUSDT,SOLUSDT,XRPUSDT",Bảng A đơn lẻ,1
2026-10-10T01:19:39+00:00,S1,S1-i095-nohtf,Rank Correlation,False,{'length': 20},train,"BTCUSDT,ETHUSDT,BNBUSDT,SOLUSDT,XRPUSDT",Bảng A đơn lẻ,1
2026-10-10T01:19:39+00:00,S1,S1-i095-htf,Rank Correlation,True,{'length': 20},train,"BTCUSDT,ETHUSDT,BNBUSDT,SOLUSDT,XRPUSDT",Bảng A đơn lẻ,1
2026-10-10T01:19:39+00:00,S1,S1-i096-nohtf,Ratio,False,{'length': 20},train,"BTCUSDT,ETHUSDT,BNBUSDT,SOLUSDT,XRPUSDT",Bảng A đơn lẻ,1
2026-10-10T01:19:39+00:00,S1,S1-i096-htf,Ratio,True,{'length': 20},train,"BTCUSDT,ETHUSDT,BNBUSDT,SOLUSDT,XRPUSDT",Bảng A đơn lẻ,1
2026-10-10T01:19:39+00:00,S1,S1-i097-nohtf,Standard Error,False,{'length': 20},train,"BTCUSDT,ETHUSDT,BNBUSDT,SOLUSDT,XRPUSDT",Bảng A đơn lẻ,1
2026-10-10T01:19:39+00:00,S1,S1-i097-htf,Standard Error,True,{'length': 20},train,"BTCUSDT,ETHUSDT,BNBUSDT,SOLUSDT,XRPUSDT",Bảng A đơn lẻ,1
2026-10-10T01:19:39+00:00,S1,S1-i099-nohtf,Average Price,False,{'length': 20},train,"BTCUSDT,ETHUSDT,BNBUSDT,SOLUSDT,XRPUSDT",Bảng A đơn lẻ,1
2026-10-10T01:19:39+00:00,S1,S1-i099-htf,Average Price,True,{'length': 20},train,"BTCUSDT,ETHUSDT,BNBUSDT,SOLUSDT,XRPUSDT",Bảng A đơn lẻ,1
2026-10-10T01:19:39+00:00,S1,S1-i100-nohtf,Typical Price,False,{'length': 20},train,"BTCUSDT,ETHUSDT,BNBUSDT,SOLUSDT,XRPUSDT",Bảng A đơn lẻ,1
2026-10-10T01:19:39+00:00,S1,S1-i100-htf,Typical Price,True,{'length': 20},train,"BTCUSDT,ETHUSDT,BNBUSDT,SOLUSDT,XRPUSDT",Bảng A đơn lẻ,1
2026-10-10T01:19:39+00:00,S1,S1-i101-nohtf,Median Price,False,{'length': 20},train,"BTCUSDT,ETHUSDT,BNBUSDT,SOLUSDT,XRPUSDT",Bảng A đơn lẻ,1
2026-10-10T01:19:39+00:00,S1,S1-i101-htf,Median Price,True,{'length': 20},train,"BTCUSDT,ETHUSDT,BNBUSDT,SOLUSDT,XRPUSDT",Bảng A đơn lẻ,1
2026-10-10T01:25:16+00:00,S2,S2-i001-nohtf-baseline,SMA,False,baseline,train,"BTCUSDT,ETHUSDT,BNBUSDT,SOLUSDT,XRPUSDT",backtest đơn lẻ,1
2026-10-10T01:25:16+00:00,S2,S2-i001-nohtf-tp0.80,SMA,False,tp0.80,train,"BTCUSDT,ETHUSDT,BNBUSDT,SOLUSDT,XRPUSDT",backtest đơn lẻ,1
2026-10-10T01:25:16+00:00,S2,S2-i001-nohtf-tp1.80,SMA,False,tp1.80,train,"BTCUSDT,ETHUSDT,BNBUSDT,SOLUSDT,XRPUSDT",backtest đơn lẻ,1
2026-10-10T01:25:16+00:00,S2,S2-i001-nohtf-sl0.50,SMA,False,sl0.50,train,"BTCUSDT,ETHUSDT,BNBUSDT,SOLUSDT,XRPUSDT",backtest đơn lẻ,1
2026-10-10T01:25:16+00:00,S2,S2-i001-nohtf-sl1.20,SMA,False,sl1.20,train,"BTCUSDT,ETHUSDT,BNBUSDT,SOLUSDT,XRPUSDT",backtest đơn lẻ,1
2026-10-10T01:25:16+00:00,S2,S2-i001-nohtf-fee0.02,SMA,False,fee0.02,train,"BTCUSDT,ETHUSDT,BNBUSDT,SOLUSDT,XRPUSDT",backtest đơn lẻ,1
2026-10-10T01:25:16+00:00,S2,S2-i001-nohtf-fee0.07,SMA,False,fee0.07,train,"BTCUSDT,ETHUSDT,BNBUSDT,SOLUSDT,XRPUSDT",backtest đơn lẻ,1
2026-10-10T01:25:16+00:00,S2,S2-i001-nohtf-slip3,SMA,False,slip3,train,"BTCUSDT,ETHUSDT,BNBUSDT,SOLUSDT,XRPUSDT",backtest đơn lẻ,1
2026-10-10T01:25:16+00:00,S2,S2-i001-nohtf-no_funding,SMA,False,no_funding,train,"BTCUSDT,ETHUSDT,BNBUSDT,SOLUSDT,XRPUSDT",backtest đơn lẻ,1
2026-10-10T01:25:16+00:00,S2,S2-i001-htf-baseline,SMA,True,baseline,train,"BTCUSDT,ETHUSDT,BNBUSDT,SOLUSDT,XRPUSDT",backtest đơn lẻ,1
2026-10-10T01:25:16+00:00,S2,S2-i001-htf-tp0.80,SMA,True,tp0.80,train,"BTCUSDT,ETHUSDT,BNBUSDT,SOLUSDT,XRPUSDT",backtest đơn lẻ,1
2026-10-10T01:25:16+00:00,S2,S2-i001-htf-tp1.80,SMA,True,tp1.80,train,"BTCUSDT,ETHUSDT,BNBUSDT,SOLUSDT,XRPUSDT",backtest đơn lẻ,1
2026-10-10T01:25:16+00:00,S2,S2-i001-htf-sl0.50,SMA,True,sl0.50,train,"BTCUSDT,ETHUSDT,BNBUSDT,SOLUSDT,XRPUSDT",backtest đơn lẻ,1
2026-10-10T01:25:16+00:00,S2,S2-i001-htf-sl1.20,SMA,True,sl1.20,train,"BTCUSDT,ETHUSDT,BNBUSDT,SOLUSDT,XRPUSDT",backtest đơn lẻ,1
2026-10-10T01:25:16+00:00,S2,S2-i001-htf-fee0.02,SMA,True,fee0.02,train,"BTCUSDT,ETHUSDT,BNBUSDT,SOLUSDT,XRPUSDT",backtest đơn lẻ,1
2026-10-10T01:25:16+00:00,S2,S2-i001-htf-fee0.07,SMA,True,fee0.07,train,"BTCUSDT,ETHUSDT,BNBUSDT,SOLUSDT,XRPUSDT",backtest đơn lẻ,1
2026-10-10T01:25:16+00:00,S2,S2-i001-htf-slip3,SMA,True,slip3,train,"BTCUSDT,ETHUSDT,BNBUSDT,SOLUSDT,XRPUSDT",backtest đơn lẻ,1
2026-10-10T01:25:16+00:00,S2,S2-i001-htf-no_funding,SMA,True,no_funding,train,"BTCUSDT,ETHUSDT,BNBUSDT,SOLUSDT,XRPUSDT",backtest đơn lẻ,1
2026-10-10T01:25:16+00:00,S2,S2-i002-nohtf-baseline,EMA,False,baseline,train,"BTCUSDT,ETHUSDT,BNBUSDT,SOLUSDT,XRPUSDT",backtest đơn lẻ,1
2026-10-10T01:25:16+00:00,S2,S2-i002-nohtf-tp0.80,EMA,False,tp0.80,train,"BTCUSDT,ETHUSDT,BNBUSDT,SOLUSDT,XRPUSDT",backtest đơn lẻ,1
2026-10-10T01:25:16+00:00,S2,S2-i002-nohtf-tp1.80,EMA,False,tp1.80,train,"BTCUSDT,ETHUSDT,BNBUSDT,SOLUSDT,XRPUSDT",backtest đơn lẻ,1
2026-10-10T01:25:16+00:00,S2,S2-i002-nohtf-sl0.50,EMA,False,sl0.50,train,"BTCUSDT,ETHUSDT,BNBUSDT,SOLUSDT,XRPUSDT",backtest đơn lẻ,1
2026-10-10T01:25:16+00:00,S2,S2-i002-nohtf-sl1.20,EMA,False,sl1.20,train,"BTCUSDT,ETHUSDT,BNBUSDT,SOLUSDT,XRPUSDT",backtest đơn lẻ,1
2026-10-10T01:25:16+00:00,S2,S2-i002-nohtf-fee0.02,EMA,False,fee0.02,train,"BTCUSDT,ETHUSDT,BNBUSDT,SOLUSDT,XRPUSDT",backtest đơn lẻ,1
2026-10-10T01:25:16+00:00,S2,S2-i002-nohtf-fee0.07,EMA,False,fee0.07,train,"BTCUSDT,ETHUSDT,BNBUSDT,SOLUSDT,XRPUSDT",backtest đơn lẻ,1
2026-10-10T01:25:16+00:00,S2,S2-i002-nohtf-slip3,EMA,False,slip3,train,"BTCUSDT,ETHUSDT,BNBUSDT,SOLUSDT,XRPUSDT",backtest đơn lẻ,1
2026-10-10T01:25:16+00:00,S2,S2-i002-nohtf-no_funding,EMA,False,no_funding,train,"BTCUSDT,ETHUSDT,BNBUSDT,SOLUSDT,XRPUSDT",backtest đơn lẻ,1
2026-10-10T01:25:16+00:00,S2,S2-i002-htf-baseline,EMA,True,baseline,train,"BTCUSDT,ETHUSDT,BNBUSDT,SOLUSDT,XRPUSDT",backtest đơn lẻ,1
2026-10-10T01:25:16+00:00,S2,S2-i002-htf-tp0.80,EMA,True,tp0.80,train,"BTCUSDT,ETHUSDT,BNBUSDT,SOLUSDT,XRPUSDT",backtest đơn lẻ,1
2026-10-10T01:25:16+00:00,S2,S2-i002-htf-tp1.80,EMA,True,tp1.80,train,"BTCUSDT,ETHUSDT,BNBUSDT,SOLUSDT,XRPUSDT",backtest đơn lẻ,1
2026-10-10T01:25:16+00:00,S2,S2-i002-htf-sl0.50,EMA,True,sl0.50,train,"BTCUSDT,ETHUSDT,BNBUSDT,SOLUSDT,XRPUSDT",backtest đơn lẻ,1
2026-10-10T01:25:16+00:00,S2,S2-i002-htf-sl1.20,EMA,True,sl1.20,train,"BTCUSDT,ETHUSDT,BNBUSDT,SOLUSDT,XRPUSDT",backtest đơn lẻ,1
2026-10-10T01:25:16+00:00,S2,S2-i002-htf-fee0.02,EMA,True,fee0.02,train,"BTCUSDT,ETHUSDT,BNBUSDT,SOLUSDT,XRPUSDT",backtest đơn lẻ,1
2026-10-10T01:25:16+00:00,S2,S2-i002-htf-fee0.07,EMA,True,fee0.07,train,"BTCUSDT,ETHUSDT,BNBUSDT,SOLUSDT,XRPUSDT",backtest đơn lẻ,1
2026-10-10T01:25:16+00:00,S2,S2-i002-htf-slip3,EMA,True,slip3,train,"BTCUSDT,ETHUSDT,BNBUSDT,SOLUSDT,XRPUSDT",backtest đơn lẻ,1
2026-10-10T01:25:16+00:00,S2,S2-i002-htf-no_funding,EMA,True,no_funding,train,"BTCUSDT,ETHUSDT,BNBUSDT,SOLUSDT,XRPUSDT",backtest đơn lẻ,1
2026-10-10T01:25:16+00:00,S2,S2-i003-nohtf-baseline,DEMA,False,baseline,train,"BTCUSDT,ETHUSDT,BNBUSDT,SOLUSDT,XRPUSDT",backtest đơn lẻ,1
2026-10-10T01:25:16+00:00,S2,S2-i003-nohtf-tp0.80,DEMA,False,tp0.80,train,"BTCUSDT,ETHUSDT,BNBUSDT,SOLUSDT,XRPUSDT",backtest đơn lẻ,1
2026-10-10T01:25:16+00:00,S2,S2-i003-nohtf-tp1.80,DEMA,False,tp1.80,train,"BTCUSDT,ETHUSDT,BNBUSDT,SOLUSDT,XRPUSDT",backtest đơn lẻ,1
2026-10-10T01:25:16+00:00,S2,S2-i003-nohtf-sl0.50,DEMA,False,sl0.50,train,"BTCUSDT,ETHUSDT,BNBUSDT,SOLUSDT,XRPUSDT",backtest đơn lẻ,1
2026-10-10T01:25:16+00:00,S2,S2-i003-nohtf-sl1.20,DEMA,False,sl1.20,train,"BTCUSDT,ETHUSDT,BNBUSDT,SOLUSDT,XRPUSDT",backtest đơn lẻ,1
2026-10-10T01:25:16+00:00,S2,S2-i003-nohtf-fee0.02,DEMA,False,fee0.02,train,"BTCUSDT,ETHUSDT,BNBUSDT,SOLUSDT,XRPUSDT",backtest đơn lẻ,1
2026-10-10T01:25:16+00:00,S2,S2-i003-nohtf-fee0.07,DEMA,False,fee0.07,train,"BTCUSDT,ETHUSDT,BNBUSDT,SOLUSDT,XRPUSDT",backtest đơn lẻ,1
2026-10-10T01:25:16+00:00,S2,S2-i003-nohtf-slip3,DEMA,False,slip3,train,"BTCUSDT,ETHUSDT,BNBUSDT,SOLUSDT,XRPUSDT",backtest đơn lẻ,1
2026-10-10T01:25:16+00:00,S2,S2-i003-nohtf-no_funding,DEMA,False,no_funding,train,"BTCUSDT,ETHUSDT,BNBUSDT,SOLUSDT,XRPUSDT",backtest đơn lẻ,1
2026-10-10T01:25:16+00:00,S2,S2-i003-htf-baseline,DEMA,True,baseline,train,"BTCUSDT,ETHUSDT,BNBUSDT,SOLUSDT,XRPUSDT",backtest đơn lẻ,1
2026-10-10T01:25:16+00:00,S2,S2-i003-htf-tp0.80,DEMA,True,tp0.80,train,"BTCUSDT,ETHUSDT,BNBUSDT,SOLUSDT,XRPUSDT",backtest đơn lẻ,1
2026-10-10T01:25:16+00:00,S2,S2-i003-htf-tp1.80,DEMA,True,tp1.80,train,"BTCUSDT,ETHUSDT,BNBUSDT,SOLUSDT,XRPUSDT",backtest đơn lẻ,1
2026-10-10T01:25:16+00:00,S2,S2-i003-htf-sl0.50,DEMA,True,sl0.50,train,"BTCUSDT,ETHUSDT,BNBUSDT,SOLUSDT,XRPUSDT",backtest đơn lẻ,1
2026-10-10T01:25:16+00:00,S2,S2-i003-htf-sl1.20,DEMA,True,sl1.20,train,"BTCUSDT,ETHUSDT,BNBUSDT,SOLUSDT,XRPUSDT",backtest đơn lẻ,1
2026-10-10T01:25:16+00:00,S2,S2-i003-htf-fee0.02,DEMA,True,fee0.02,train,"BTCUSDT,ETHUSDT,BNBUSDT,SOLUSDT,XRPUSDT",backtest đơn lẻ,1
2026-10-10T01:25:16+00:00,S2,S2-i003-htf-fee0.07,DEMA,True,fee0.07,train,"BTCUSDT,ETHUSDT,BNBUSDT,SOLUSDT,XRPUSDT",backtest đơn lẻ,1
2026-10-10T01:25:16+00:00,S2,S2-i003-htf-slip3,DEMA,True,slip3,train,"BTCUSDT,ETHUSDT,BNBUSDT,SOLUSDT,XRPUSDT",backtest đơn lẻ,1
2026-10-10T01:25:16+00:00,S2,S2-i003-htf-no_funding,DEMA,True,no_funding,train,"BTCUSDT,ETHUSDT,BNBUSDT,SOLUSDT,XRPUSDT",backtest đơn lẻ,1
2026-10-10T01:25:16+00:00,S2,S2-i004-nohtf-baseline,TEMA,False,baseline,train,"BTCUSDT,ETHUSDT,BNBUSDT,SOLUSDT,XRPUSDT",backtest đơn lẻ,1
2026-10-10T01:25:16+00:00,S2,S2-i004-nohtf-tp0.80,TEMA,False,tp0.80,train,"BTCUSDT,ETHUSDT,BNBUSDT,SOLUSDT,XRPUSDT",backtest đơn lẻ,1
2026-10-10T01:25:16+00:00,S2,S2-i004-nohtf-tp1.80,TEMA,False,tp1.80,train,"BTCUSDT,ETHUSDT,BNBUSDT,SOLUSDT,XRPUSDT",backtest đơn lẻ,1
2026-10-10T01:25:16+00:00,S2,S2-i004-nohtf-sl0.50,TEMA,False,sl0.50,train,"BTCUSDT,ETHUSDT,BNBUSDT,SOLUSDT,XRPUSDT",backtest đơn lẻ,1
2026-10-10T01:25:16+00:00,S2,S2-i004-nohtf-sl1.20,TEMA,False,sl1.20,train,"BTCUSDT,ETHUSDT,BNBUSDT,SOLUSDT,XRPUSDT",backtest đơn lẻ,1
2026-10-10T01:25:16+00:00,S2,S2-i004-nohtf-fee0.02,TEMA,False,fee0.02,train,"BTCUSDT,ETHUSDT,BNBUSDT,SOLUSDT,XRPUSDT",backtest đơn lẻ,1
2026-10-10T01:25:16+00:00,S2,S2-i004-nohtf-fee0.07,TEMA,False,fee0.07,train,"BTCUSDT,ETHUSDT,BNBUSDT,SOLUSDT,XRPUSDT",backtest đơn lẻ,1
2026-10-10T01:25:16+00:00,S2,S2-i004-nohtf-slip3,TEMA,False,slip3,train,"BTCUSDT,ETHUSDT,BNBUSDT,SOLUSDT,XRPUSDT",backtest đơn lẻ,1
2026-10-10T01:25:16+00:00,S2,S2-i004-nohtf-no_funding,TEMA,False,no_funding,train,"BTCUSDT,ETHUSDT,BNBUSDT,SOLUSDT,XRPUSDT",backtest đơn lẻ,1
2026-10-10T01:25:16+00:00,S2,S2-i004-htf-baseline,TEMA,True,baseline,train,"BTCUSDT,ETHUSDT,BNBUSDT,SOLUSDT,XRPUSDT",backtest đơn lẻ,1
2026-10-10T01:25:16+00:00,S2,S2-i004-htf-tp0.80,TEMA,True,tp0.80,train,"BTCUSDT,ETHUSDT,BNBUSDT,SOLUSDT,XRPUSDT",backtest đơn lẻ,1
2026-10-10T01:25:16+00:00,S2,S2-i004-htf-tp1.80,TEMA,True,tp1.80,train,"BTCUSDT,ETHUSDT,BNBUSDT,SOLUSDT,XRPUSDT",backtest đơn lẻ,1
2026-10-10T01:25:16+00:00,S2,S2-i004-htf-sl0.50,TEMA,True,sl0.50,train,"BTCUSDT,ETHUSDT,BNBUSDT,SOLUSDT,XRPUSDT",backtest đơn lẻ,1
2026-10-10T01:25:16+00:00,S2,S2-i004-htf-sl1.20,TEMA,True,sl1.20,train,"BTCUSDT,ETHUSDT,BNBUSDT,SOLUSDT,XRPUSDT",backtest đơn lẻ,1
2026-10-10T01:25:16+00:00,S2,S2-i004-htf-fee0.02,TEMA,True,fee0.02,train,"BTCUSDT,ETHUSDT,BNBUSDT,SOLUSDT,XRPUSDT",backtest đơn lẻ,1
2026-10-10T01:25:16+00:00,S2,S2-i004-htf-fee0.07,TEMA,True,fee0.07,train,"BTCUSDT,ETHUSDT,BNBUSDT,SOLUSDT,XRPUSDT",backtest đơn lẻ,1
2026-10-10T01:25:16+00:00,S2,S2-i004-htf-slip3,TEMA,True,slip3,train,"BTCUSDT,ETHUSDT,BNBUSDT,SOLUSDT,XRPUSDT",backtest đơn lẻ,1
2026-10-10T01:25:16+00:00,S2,S2-i004-htf-no_funding,TEMA,True,no_funding,train,"BTCUSDT,ETHUSDT,BNBUSDT,SOLUSDT,XRPUSDT",backtest đơn lẻ,1
2026-10-10T01:25:16+00:00,S2,S2-i005-nohtf-baseline,Hull MA,False,baseline,train,"BTCUSDT,ETHUSDT,BNBUSDT,SOLUSDT,XRPUSDT",backtest đơn lẻ,1
2026-10-10T01:25:16+00:00,S2,S2-i005-nohtf-tp0.80,Hull MA,False,tp0.80,train,"BTCUSDT,ETHUSDT,BNBUSDT,SOLUSDT,XRPUSDT",backtest đơn lẻ,1
2026-10-10T01:25:16+00:00,S2,S2-i005-nohtf-tp1.80,Hull MA,False,tp1.80,train,"BTCUSDT,ETHUSDT,BNBUSDT,SOLUSDT,XRPUSDT",backtest đơn lẻ,1
2026-10-10T01:25:16+00:00,S2,S2-i005-nohtf-sl0.50,Hull MA,False,sl0.50,train,"BTCUSDT,ETHUSDT,BNBUSDT,SOLUSDT,XRPUSDT",backtest đơn lẻ,1
2026-10-10T01:25:16+00:00,S2,S2-i005-nohtf-sl1.20,Hull MA,False,sl1.20,train,"BTCUSDT,ETHUSDT,BNBUSDT,SOLUSDT,XRPUSDT",backtest đơn lẻ,1
2026-10-10T01:25:16+00:00,S2,S2-i005-nohtf-fee0.02,Hull MA,False,fee0.02,train,"BTCUSDT,ETHUSDT,BNBUSDT,SOLUSDT,XRPUSDT",backtest đơn lẻ,1
2026-10-10T01:25:16+00:00,S2,S2-i005-nohtf-fee0.07,Hull MA,False,fee0.07,train,"BTCUSDT,ETHUSDT,BNBUSDT,SOLUSDT,XRPUSDT",backtest đơn lẻ,1
2026-10-10T01:25:16+00:00,S2,S2-i005-nohtf-slip3,Hull MA,False,slip3,train,"BTCUSDT,ETHUSDT,BNBUSDT,SOLUSDT,XRPUSDT",backtest đơn lẻ,1
2026-10-10T01:25:16+00:00,S2,S2-i005-nohtf-no_funding,Hull MA,False,no_funding,train,"BTCUSDT,ETHUSDT,BNBUSDT,SOLUSDT,XRPUSDT",backtest đơn lẻ,1
2026-10-10T01:25:16+00:00,S2,S2-i005-htf-baseline,Hull MA,True,baseline,train,"BTCUSDT,ETHUSDT,BNBUSDT,SOLUSDT,XRPUSDT",backtest đơn lẻ,1
2026-10-10T01:25:16+00:00,S2,S2-i005-htf-tp0.80,Hull MA,True,tp0.80,train,"BTCUSDT,ETHUSDT,BNBUSDT,SOLUSDT,XRPUSDT",backtest đơn lẻ,1
2026-10-10T01:25:16+00:00,S2,S2-i005-htf-tp1.80,Hull MA,True,tp1.80,train,"BTCUSDT,ETHUSDT,BNBUSDT,SOLUSDT,XRPUSDT",backtest đơn lẻ,1
2026-10-10T01:25:16+00:00,S2,S2-i005-htf-sl0.50,Hull MA,True,sl0.50,train,"BTCUSDT,ETHUSDT,BNBUSDT,SOLUSDT,XRPUSDT",backtest đơn lẻ,1
2026-10-10T01:25:16+00:00,S2,S2-i005-htf-sl1.20,Hull MA,True,sl1.20,train,"BTCUSDT,ETHUSDT,BNBUSDT,SOLUSDT,XRPUSDT",backtest đơn lẻ,1
2026-10-10T01:25:16+00:00,S2,S2-i005-htf-fee0.02,Hull MA,True,fee0.02,train,"BTCUSDT,ETHUSDT,BNBUSDT,SOLUSDT,XRPUSDT",backtest đơn lẻ,1
2026-10-10T01:25:16+00:00,S2,S2-i005-htf-fee0.07,Hull MA,True,fee0.07,train,"BTCUSDT,ETHUSDT,BNBUSDT,SOLUSDT,XRPUSDT",backtest đơn lẻ,1
2026-10-10T01:25:16+00:00,S2,S2-i005-htf-slip3,Hull MA,True,slip3,train,"BTCUSDT,ETHUSDT,BNBUSDT,SOLUSDT,XRPUSDT",backtest đơn lẻ,1
2026-10-10T01:25:16+00:00,S2,S2-i005-htf-no_funding,Hull MA,True,no_funding,train,"BTCUSDT,ETHUSDT,BNBUSDT,SOLUSDT,XRPUSDT",backtest đơn lẻ,1
2026-10-10T01:25:16+00:00,S2,S2-i006-nohtf-baseline,Hamming MA,False,baseline,train,"BTCUSDT,ETHUSDT,BNBUSDT,SOLUSDT,XRPUSDT",backtest đơn lẻ,1
2026-10-10T01:25:16+00:00,S2,S2-i006-nohtf-tp0.80,Hamming MA,False,tp0.80,train,"BTCUSDT,ETHUSDT,BNBUSDT,SOLUSDT,XRPUSDT",backtest đơn lẻ,1
2026-10-10T01:25:16+00:00,S2,S2-i006-nohtf-tp1.80,Hamming MA,False,tp1.80,train,"BTCUSDT,ETHUSDT,BNBUSDT,SOLUSDT,XRPUSDT",backtest đơn lẻ,1
2026-10-10T01:25:16+00:00,S2,S2-i006-nohtf-sl0.50,Hamming MA,False,sl0.50,train,"BTCUSDT,ETHUSDT,BNBUSDT,SOLUSDT,XRPUSDT",backtest đơn lẻ,1
2026-10-10T01:25:16+00:00,S2,S2-i006-nohtf-sl1.20,Hamming MA,False,sl1.20,train,"BTCUSDT,ETHUSDT,BNBUSDT,SOLUSDT,XRPUSDT",backtest đơn lẻ,1
2026-10-10T01:25:16+00:00,S2,S2-i006-nohtf-fee0.02,Hamming MA,False,fee0.02,train,"BTCUSDT,ETHUSDT,BNBUSDT,SOLUSDT,XRPUSDT",backtest đơn lẻ,1
2026-10-10T01:25:16+00:00,S2,S2-i006-nohtf-fee0.07,Hamming MA,False,fee0.07,train,"BTCUSDT,ETHUSDT,BNBUSDT,SOLUSDT,XRPUSDT",backtest đơn lẻ,1
2026-10-10T01:25:16+00:00,S2,S2-i006-nohtf-slip3,Hamming MA,False,slip3,train,"BTCUSDT,ETHUSDT,BNBUSDT,SOLUSDT,XRPUSDT",backtest đơn lẻ,1
2026-10-10T01:25:16+00:00,S2,S2-i006-nohtf-no_funding,Hamming MA,False,no_funding,train,"BTCUSDT,ETHUSDT,BNBUSDT,SOLUSDT,XRPUSDT",backtest đơn lẻ,1
2026-10-10T01:25:16+00:00,S2,S2-i006-htf-baseline,Hamming MA,True,baseline,train,"BTCUSDT,ETHUSDT,BNBUSDT,SOLUSDT,XRPUSDT",backtest đơn lẻ,1
2026-10-10T01:25:16+00:00,S2,S2-i006-htf-tp0.80,Hamming MA,True,tp0.80,train,"BTCUSDT,ETHUSDT,BNBUSDT,SOLUSDT,XRPUSDT",backtest đơn lẻ,1
2026-10-10T01:25:16+00:00,S2,S2-i006-htf-tp1.80,Hamming MA,True,tp1.80,train,"BTCUSDT,ETHUSDT,BNBUSDT,SOLUSDT,XRPUSDT",backtest đơn lẻ,1
2026-10-10T01:25:16+00:00,S2,S2-i006-htf-sl0.50,Hamming MA,True,sl0.50,train,"BTCUSDT,ETHUSDT,BNBUSDT,SOLUSDT,XRPUSDT",backtest đơn lẻ,1
2026-10-10T01:25:16+00:00,S2,S2-i006-htf-sl1.20,Hamming MA,True,sl1.20,train,"BTCUSDT,ETHUSDT,BNBUSDT,SOLUSDT,XRPUSDT",backtest đơn lẻ,1
2026-10-10T01:25:16+00:00,S2,S2-i006-htf-fee0.02,Hamming MA,True,fee0.02,train,"BTCUSDT,ETHUSDT,BNBUSDT,SOLUSDT,XRPUSDT",backtest đơn lẻ,1
2026-10-10T01:25:16+00:00,S2,S2-i006-htf-fee0.07,Hamming MA,True,fee0.07,train,"BTCUSDT,ETHUSDT,BNBUSDT,SOLUSDT,XRPUSDT",backtest đơn lẻ,1
2026-10-10T01:25:16+00:00,S2,S2-i006-htf-slip3,Hamming MA,True,slip3,train,"BTCUSDT,ETHUSDT,BNBUSDT,SOLUSDT,XRPUSDT",backtest đơn lẻ,1
2026-10-10T01:25:16+00:00,S2,S2-i006-htf-no_funding,Hamming MA,True,no_funding,train,"BTCUSDT,ETHUSDT,BNBUSDT,SOLUSDT,XRPUSDT",backtest đơn lẻ,1
2026-10-10T01:25:16+00:00,S2,S2-i007-nohtf-baseline,Arnaud Legoux MA,False,baseline,train,"BTCUSDT,ETHUSDT,BNBUSDT,SOLUSDT,XRPUSDT",backtest đơn lẻ,1
2026-10-10T01:25:16+00:00,S2,S2-i007-nohtf-tp0.80,Arnaud Legoux MA,False,tp0.80,train,"BTCUSDT,ETHUSDT,BNBUSDT,SOLUSDT,XRPUSDT",backtest đơn lẻ,1
2026-10-10T01:25:16+00:00,S2,S2-i007-nohtf-tp1.80,Arnaud Legoux MA,False,tp1.80,train,"BTCUSDT,ETHUSDT,BNBUSDT,SOLUSDT,XRPUSDT",backtest đơn lẻ,1
2026-10-10T01:25:16+00:00,S2,S2-i007-nohtf-sl0.50,Arnaud Legoux MA,False,sl0.50,train,"BTCUSDT,ETHUSDT,BNBUSDT,SOLUSDT,XRPUSDT",backtest đơn lẻ,1
2026-10-10T01:25:16+00:00,S2,S2-i007-nohtf-sl1.20,Arnaud Legoux MA,False,sl1.20,train,"BTCUSDT,ETHUSDT,BNBUSDT,SOLUSDT,XRPUSDT",backtest đơn lẻ,1
2026-10-10T01:25:16+00:00,S2,S2-i007-nohtf-fee0.02,Arnaud Legoux MA,False,fee0.02,train,"BTCUSDT,ETHUSDT,BNBUSDT,SOLUSDT,XRPUSDT",backtest đơn lẻ,1
2026-10-10T01:25:16+00:00,S2,S2-i007-nohtf-fee0.07,Arnaud Legoux MA,False,fee0.07,train,"BTCUSDT,ETHUSDT,BNBUSDT,SOLUSDT,XRPUSDT",backtest đơn lẻ,1
2026-10-10T01:25:16+00:00,S2,S2-i007-nohtf-slip3,Arnaud Legoux MA,False,slip3,train,"BTCUSDT,ETHUSDT,BNBUSDT,SOLUSDT,XRPUSDT",backtest đơn lẻ,1
2026-10-10T01:25:16+00:00,S2,S2-i007-nohtf-no_funding,Arnaud Legoux MA,False,no_funding,train,"BTCUSDT,ETHUSDT,BNBUSDT,SOLUSDT,XRPUSDT",backtest đơn lẻ,1
2026-10-10T01:25:16+00:00,S2,S2-i007-htf-baseline,Arnaud Legoux MA,True,baseline,train,"BTCUSDT,ETHUSDT,BNBUSDT,SOLUSDT,XRPUSDT",backtest đơn lẻ,1
2026-10-10T01:25:16+00:00,S2,S2-i007-htf-tp0.80,Arnaud Legoux MA,True,tp0.80,train,"BTCUSDT,ETHUSDT,BNBUSDT,SOLUSDT,XRPUSDT",backtest đơn lẻ,1
2026-10-10T01:25:16+00:00,S2,S2-i007-htf-tp1.80,Arnaud Legoux MA,True,tp1.80,train,"BTCUSDT,ETHUSDT,BNBUSDT,SOLUSDT,XRPUSDT",backtest đơn lẻ,1
2026-10-10T01:25:16+00:00,S2,S2-i007-htf-sl0.50,Arnaud Legoux MA,True,sl0.50,train,"BTCUSDT,ETHUSDT,BNBUSDT,SOLUSDT,XRPUSDT",backtest đơn lẻ,1
2026-10-10T01:25:16+00:00,S2,S2-i007-htf-sl1.20,Arnaud Legoux MA,True,sl1.20,train,"BTCUSDT,ETHUSDT,BNBUSDT,SOLUSDT,XRPUSDT",backtest đơn lẻ,1
2026-10-10T01:25:16+00:00,S2,S2-i007-htf-fee0.02,Arnaud Legoux MA,True,fee0.02,train,"BTCUSDT,ETHUSDT,BNBUSDT,SOLUSDT,XRPUSDT",backtest đơn lẻ,1
2026-10-10T01:25:16+00:00,S2,S2-i007-htf-fee0.07,Arnaud Legoux MA,True,fee0.07,train,"BTCUSDT,ETHUSDT,BNBUSDT,SOLUSDT,XRPUSDT",backtest đơn lẻ,1
2026-10-10T01:25:16+00:00,S2,S2-i007-htf-slip3,Arnaud Legoux MA,True,slip3,train,"BTCUSDT,ETHUSDT,BNBUSDT,SOLUSDT,XRPUSDT",backtest đơn lẻ,1
2026-10-10T01:25:16+00:00,S2,S2-i007-htf-no_funding,Arnaud Legoux MA,True,no_funding,train,"BTCUSDT,ETHUSDT,BNBUSDT,SOLUSDT,XRPUSDT",backtest đơn lẻ,1
2026-10-10T01:25:16+00:00,S2,S2-i008-nohtf-baseline,Least Squares MA,False,baseline,train,"BTCUSDT,ETHUSDT,BNBUSDT,SOLUSDT,XRPUSDT",backtest đơn lẻ,1
2026-10-10T01:25:16+00:00,S2,S2-i008-nohtf-tp0.80,Least Squares MA,False,tp0.80,train,"BTCUSDT,ETHUSDT,BNBUSDT,SOLUSDT,XRPUSDT",backtest đơn lẻ,1
2026-10-10T01:25:16+00:00,S2,S2-i008-nohtf-tp1.80,Least Squares MA,False,tp1.80,train,"BTCUSDT,ETHUSDT,BNBUSDT,SOLUSDT,XRPUSDT",backtest đơn lẻ,1
2026-10-10T01:25:16+00:00,S2,S2-i008-nohtf-sl0.50,Least Squares MA,False,sl0.50,train,"BTCUSDT,ETHUSDT,BNBUSDT,SOLUSDT,XRPUSDT",backtest đơn lẻ,1
2026-10-10T01:25:16+00:00,S2,S2-i008-nohtf-sl1.20,Least Squares MA,False,sl1.20,train,"BTCUSDT,ETHUSDT,BNBUSDT,SOLUSDT,XRPUSDT",backtest đơn lẻ,1
2026-10-10T01:25:16+00:00,S2,S2-i008-nohtf-fee0.02,Least Squares MA,False,fee0.02,train,"BTCUSDT,ETHUSDT,BNBUSDT,SOLUSDT,XRPUSDT",backtest đơn lẻ,1
2026-10-10T01:25:16+00:00,S2,S2-i008-nohtf-fee0.07,Least Squares MA,False,fee0.07,train,"BTCUSDT,ETHUSDT,BNBUSDT,SOLUSDT,XRPUSDT",backtest đơn lẻ,1
2026-10-10T01:25:16+00:00,S2,S2-i008-nohtf-slip3,Least Squares MA,False,slip3,train,"BTCUSDT,ETHUSDT,BNBUSDT,SOLUSDT,XRPUSDT",backtest đơn lẻ,1
2026-10-10T01:25:16+00:00,S2,S2-i008-nohtf-no_funding,Least Squares MA,False,no_funding,train,"BTCUSDT,ETHUSDT,BNBUSDT,SOLUSDT,XRPUSDT",backtest đơn lẻ,1
2026-10-10T01:25:16+00:00,S2,S2-i008-htf-baseline,Least Squares MA,True,baseline,train,"BTCUSDT,ETHUSDT,BNBUSDT,SOLUSDT,XRPUSDT",backtest đơn lẻ,1
2026-10-10T01:25:16+00:00,S2,S2-i008-htf-tp0.80,Least Squares MA,True,tp0.80,train,"BTCUSDT,ETHUSDT,BNBUSDT,SOLUSDT,XRPUSDT",backtest đơn lẻ,1
2026-10-10T01:25:16+00:00,S2,S2-i008-htf-tp1.80,Least Squares MA,True,tp1.80,train,"BTCUSDT,ETHUSDT,BNBUSDT,SOLUSDT,XRPUSDT",backtest đơn lẻ,1
2026-10-10T01:25:16+00:00,S2,S2-i008-htf-sl0.50,Least Squares MA,True,sl0.50,train,"BTCUSDT,ETHUSDT,BNBUSDT,SOLUSDT,XRPUSDT",backtest đơn lẻ,1
2026-10-10T01:25:16+00:00,S2,S2-i008-htf-sl1.20,Least Squares MA,True,sl1.20,train,"BTCUSDT,ETHUSDT,BNBUSDT,SOLUSDT,XRPUSDT",backtest đơn lẻ,1
2026-10-10T01:25:16+00:00,S2,S2-i008-htf-fee0.02,Least Squares MA,True,fee0.02,train,"BTCUSDT,ETHUSDT,BNBUSDT,SOLUSDT,XRPUSDT",backtest đơn lẻ,1
2026-10-10T01:25:16+00:00,S2,S2-i008-htf-fee0.07,Least Squares MA,True,fee0.07,train,"BTCUSDT,ETHUSDT,BNBUSDT,SOLUSDT,XRPUSDT",backtest đơn lẻ,1
2026-10-10T01:25:16+00:00,S2,S2-i008-htf-slip3,Least Squares MA,True,slip3,train,"BTCUSDT,ETHUSDT,BNBUSDT,SOLUSDT,XRPUSDT",backtest đơn lẻ,1
2026-10-10T01:25:16+00:00,S2,S2-i008-htf-no_funding,Least Squares MA,True,no_funding,train,"BTCUSDT,ETHUSDT,BNBUSDT,SOLUSDT,XRPUSDT",backtest đơn lẻ,1
2026-10-10T01:25:16+00:00,S2,S2-i009-nohtf-baseline,Smoothed MA,False,baseline,train,"BTCUSDT,ETHUSDT,BNBUSDT,SOLUSDT,XRPUSDT",backtest đơn lẻ,1
2026-10-10T01:25:16+00:00,S2,S2-i009-nohtf-tp0.80,Smoothed MA,False,tp0.80,train,"BTCUSDT,ETHUSDT,BNBUSDT,SOLUSDT,XRPUSDT",backtest đơn lẻ,1
2026-10-10T01:25:16+00:00,S2,S2-i009-nohtf-tp1.80,Smoothed MA,False,tp1.80,train,"BTCUSDT,ETHUSDT,BNBUSDT,SOLUSDT,XRPUSDT",backtest đơn lẻ,1
2026-10-10T01:25:16+00:00,S2,S2-i009-nohtf-sl0.50,Smoothed MA,False,sl0.50,train,"BTCUSDT,ETHUSDT,BNBUSDT,SOLUSDT,XRPUSDT",backtest đơn lẻ,1
2026-10-10T01:25:16+00:00,S2,S2-i009-nohtf-sl1.20,Smoothed MA,False,sl1.20,train,"BTCUSDT,ETHUSDT,BNBUSDT,SOLUSDT,XRPUSDT",backtest đơn lẻ,1
2026-10-10T01:25:16+00:00,S2,S2-i009-nohtf-fee0.02,Smoothed MA,False,fee0.02,train,"BTCUSDT,ETHUSDT,BNBUSDT,SOLUSDT,XRPUSDT",backtest đơn lẻ,1
2026-10-10T01:25:16+00:00,S2,S2-i009-nohtf-fee0.07,Smoothed MA,False,fee0.07,train,"BTCUSDT,ETHUSDT,BNBUSDT,SOLUSDT,XRPUSDT",backtest đơn lẻ,1
2026-10-10T01:25:16+00:00,S2,S2-i009-nohtf-slip3,Smoothed MA,False,slip3,train,"BTCUSDT,ETHUSDT,BNBUSDT,SOLUSDT,XRPUSDT",backtest đơn lẻ,1
2026-10-10T01:25:16+00:00,S2,S2-i009-nohtf-no_funding,Smoothed MA,False,no_funding,train,"BTCUSDT,ETHUSDT,BNBUSDT,SOLUSDT,XRPUSDT",backtest đơn lẻ,1
2026-10-10T01:25:16+00:00,S2,S2-i009-htf-baseline,Smoothed MA,True,baseline,train,"BTCUSDT,ETHUSDT,BNBUSDT,SOLUSDT,XRPUSDT",backtest đơn lẻ,1
2026-10-10T01:25:16+00:00,S2,S2-i009-htf-tp0.80,Smoothed MA,True,tp0.80,train,"BTCUSDT,ETHUSDT,BNBUSDT,SOLUSDT,XRPUSDT",backtest đơn lẻ,1
2026-10-10T01:25:16+00:00,S2,S2-i009-htf-tp1.80,Smoothed MA,True,tp1.80,train,"BTCUSDT,ETHUSDT,BNBUSDT,SOLUSDT,XRPUSDT",backtest đơn lẻ,1
2026-10-10T01:25:16+00:00,S2,S2-i009-htf-sl0.50,Smoothed MA,True,sl0.50,train,"BTCUSDT,ETHUSDT,BNBUSDT,SOLUSDT,XRPUSDT",backtest đơn lẻ,1
2026-10-10T01:25:16+00:00,S2,S2-i009-htf-sl1.20,Smoothed MA,True,sl1.20,train,"BTCUSDT,ETHUSDT,BNBUSDT,SOLUSDT,XRPUSDT",backtest đơn lẻ,1
2026-10-10T01:25:16+00:00,S2,S2-i009-htf-fee0.02,Smoothed MA,True,fee0.02,train,"BTCUSDT,ETHUSDT,BNBUSDT,SOLUSDT,XRPUSDT",backtest đơn lẻ,1
2026-10-10T01:25:16+00:00,S2,S2-i009-htf-fee0.07,Smoothed MA,True,fee0.07,train,"BTCUSDT,ETHUSDT,BNBUSDT,SOLUSDT,XRPUSDT",backtest đơn lẻ,1
2026-10-10T01:25:16+00:00,S2,S2-i009-htf-slip3,Smoothed MA,True,slip3,train,"BTCUSDT,ETHUSDT,BNBUSDT,SOLUSDT,XRPUSDT",backtest đơn lẻ,1
2026-10-10T01:25:16+00:00,S2,S2-i009-htf-no_funding,Smoothed MA,True,no_funding,train,"BTCUSDT,ETHUSDT,BNBUSDT,SOLUSDT,XRPUSDT",backtest đơn lẻ,1
2026-10-10T01:25:16+00:00,S2,S2-i010-nohtf-baseline,Adaptive MA,False,baseline,train,"BTCUSDT,ETHUSDT,BNBUSDT,SOLUSDT,XRPUSDT",backtest đơn lẻ,1
2026-10-10T01:25:16+00:00,S2,S2-i010-nohtf-tp0.80,Adaptive MA,False,tp0.80,train,"BTCUSDT,ETHUSDT,BNBUSDT,SOLUSDT,XRPUSDT",backtest đơn lẻ,1
2026-10-10T01:25:16+00:00,S2,S2-i010-nohtf-tp1.80,Adaptive MA,False,tp1.80,train,"BTCUSDT,ETHUSDT,BNBUSDT,SOLUSDT,XRPUSDT",backtest đơn lẻ,1
2026-10-10T01:25:16+00:00,S2,S2-i010-nohtf-sl0.50,Adaptive MA,False,sl0.50,train,"BTCUSDT,ETHUSDT,BNBUSDT,SOLUSDT,XRPUSDT",backtest đơn lẻ,1
2026-10-10T01:25:16+00:00,S2,S2-i010-nohtf-sl1.20,Adaptive MA,False,sl1.20,train,"BTCUSDT,ETHUSDT,BNBUSDT,SOLUSDT,XRPUSDT",backtest đơn lẻ,1
2026-10-10T01:25:16+00:00,S2,S2-i010-nohtf-fee0.02,Adaptive MA,False,fee0.02,train,"BTCUSDT,ETHUSDT,BNBUSDT,SOLUSDT,XRPUSDT",backtest đơn lẻ,1
2026-10-10T01:25:16+00:00,S2,S2-i010-nohtf-fee0.07,Adaptive MA,False,fee0.07,train,"BTCUSDT,ETHUSDT,BNBUSDT,SOLUSDT,XRPUSDT",backtest đơn lẻ,1
2026-10-10T01:25:16+00:00,S2,S2-i010-nohtf-slip3,Adaptive MA,False,slip3,train,"BTCUSDT,ETHUSDT,BNBUSDT,SOLUSDT,XRPUSDT",backtest đơn lẻ,1
2026-10-10T01:25:16+00:00,S2,S2-i010-nohtf-no_funding,Adaptive MA,False,no_funding,train,"BTCUSDT,ETHUSDT,BNBUSDT,SOLUSDT,XRPUSDT",backtest đơn lẻ,1
2026-10-10T01:25:16+00:00,S2,S2-i010-htf-baseline,Adaptive MA,True,baseline,train,"BTCUSDT,ETHUSDT,BNBUSDT,SOLUSDT,XRPUSDT",backtest đơn lẻ,1
2026-10-10T01:25:16+00:00,S2,S2-i010-htf-tp0.80,Adaptive MA,True,tp0.80,train,"BTCUSDT,ETHUSDT,BNBUSDT,SOLUSDT,XRPUSDT",backtest đơn lẻ,1
2026-10-10T01:25:16+00:00,S2,S2-i010-htf-tp1.80,Adaptive MA,True,tp1.80,train,"BTCUSDT,ETHUSDT,BNBUSDT,SOLUSDT,XRPUSDT",backtest đơn lẻ,1
2026-10-10T01:25:16+00:00,S2,S2-i010-htf-sl0.50,Adaptive MA,True,sl0.50,train,"BTCUSDT,ETHUSDT,BNBUSDT,SOLUSDT,XRPUSDT",backtest đơn lẻ,1
2026-10-10T01:25:16+00:00,S2,S2-i010-htf-sl1.20,Adaptive MA,True,sl1.20,train,"BTCUSDT,ETHUSDT,BNBUSDT,SOLUSDT,XRPUSDT",backtest đơn lẻ,1
2026-10-10T01:25:16+00:00,S2,S2-i010-htf-fee0.02,Adaptive MA,True,fee0.02,train,"BTCUSDT,ETHUSDT,BNBUSDT,SOLUSDT,XRPUSDT",backtest đơn lẻ,1
2026-10-10T01:25:16+00:00,S2,S2-i010-htf-fee0.07,Adaptive MA,True,fee0.07,train,"BTCUSDT,ETHUSDT,BNBUSDT,SOLUSDT,XRPUSDT",backtest đơn lẻ,1
2026-10-10T01:25:16+00:00,S2,S2-i010-htf-slip3,Adaptive MA,True,slip3,train,"BTCUSDT,ETHUSDT,BNBUSDT,SOLUSDT,XRPUSDT",backtest đơn lẻ,1
2026-10-10T01:25:16+00:00,S2,S2-i010-htf-no_funding,Adaptive MA,True,no_funding,train,"BTCUSDT,ETHUSDT,BNBUSDT,SOLUSDT,XRPUSDT",backtest đơn lẻ,1
2026-10-10T01:25:16+00:00,S2,S2-i011-nohtf-baseline,Multi-Timeframe MA,False,baseline,train,"BTCUSDT,ETHUSDT,BNBUSDT,SOLUSDT,XRPUSDT",backtest đơn lẻ,1
2026-10-10T01:25:16+00:00,S2,S2-i011-nohtf-tp0.80,Multi-Timeframe MA,False,tp0.80,train,"BTCUSDT,ETHUSDT,BNBUSDT,SOLUSDT,XRPUSDT",backtest đơn lẻ,1
2026-10-10T01:25:16+00:00,S2,S2-i011-nohtf-tp1.80,Multi-Timeframe MA,False,tp1.80,train,"BTCUSDT,ETHUSDT,BNBUSDT,SOLUSDT,XRPUSDT",backtest đơn lẻ,1
2026-10-10T01:25:16+00:00,S2,S2-i011-nohtf-sl0.50,Multi-Timeframe MA,False,sl0.50,train,"BTCUSDT,ETHUSDT,BNBUSDT,SOLUSDT,XRPUSDT",backtest đơn lẻ,1
2026-10-10T01:25:16+00:00,S2,S2-i011-nohtf-sl1.20,Multi-Timeframe MA,False,sl1.20,train,"BTCUSDT,ETHUSDT,BNBUSDT,SOLUSDT,XRPUSDT",backtest đơn lẻ,1
2026-10-10T01:25:16+00:00,S2,S2-i011-nohtf-fee0.02,Multi-Timeframe MA,False,fee0.02,train,"BTCUSDT,ETHUSDT,BNBUSDT,SOLUSDT,XRPUSDT",backtest đơn lẻ,1
2026-10-10T01:25:16+00:00,S2,S2-i011-nohtf-fee0.07,Multi-Timeframe MA,False,fee0.07,train,"BTCUSDT,ETHUSDT,BNBUSDT,SOLUSDT,XRPUSDT",backtest đơn lẻ,1
2026-10-10T01:25:16+00:00,S2,S2-i011-nohtf-slip3,Multi-Timeframe MA,False,slip3,train,"BTCUSDT,ETHUSDT,BNBUSDT,SOLUSDT,XRPUSDT",backtest đơn lẻ,1
2026-10-10T01:25:16+00:00,S2,S2-i011-nohtf-no_funding,Multi-Timeframe MA,False,no_funding,train,"BTCUSDT,ETHUSDT,BNBUSDT,SOLUSDT,XRPUSDT",backtest đơn lẻ,1
2026-10-10T01:25:16+00:00,S2,S2-i011-htf-baseline,Multi-Timeframe MA,True,baseline,train,"BTCUSDT,ETHUSDT,BNBUSDT,SOLUSDT,XRPUSDT",backtest đơn lẻ,1
2026-10-10T01:25:16+00:00,S2,S2-i011-htf-tp0.80,Multi-Timeframe MA,True,tp0.80,train,"BTCUSDT,ETHUSDT,BNBUSDT,SOLUSDT,XRPUSDT",backtest đơn lẻ,1
2026-10-10T01:25:16+00:00,S2,S2-i011-htf-tp1.80,Multi-Timeframe MA,True,tp1.80,train,"BTCUSDT,ETHUSDT,BNBUSDT,SOLUSDT,XRPUSDT",backtest đơn lẻ,1
2026-10-10T01:25:16+00:00,S2,S2-i011-htf-sl0.50,Multi-Timeframe MA,True,sl0.50,train,"BTCUSDT,ETHUSDT,BNBUSDT,SOLUSDT,XRPUSDT",backtest đơn lẻ,1
2026-10-10T01:25:16+00:00,S2,S2-i011-htf-sl1.20,Multi-Timeframe MA,True,sl1.20,train,"BTCUSDT,ETHUSDT,BNBUSDT,SOLUSDT,XRPUSDT",backtest đơn lẻ,1
2026-10-10T01:25:16+00:00,S2,S2-i011-htf-fee0.02,Multi-Timeframe MA,True,fee0.02,train,"BTCUSDT,ETHUSDT,BNBUSDT,SOLUSDT,XRPUSDT",backtest đơn lẻ,1
2026-10-10T01:25:16+00:00,S2,S2-i011-htf-fee0.07,Multi-Timeframe MA,True,fee0.07,train,"BTCUSDT,ETHUSDT,BNBUSDT,SOLUSDT,XRPUSDT",backtest đơn lẻ,1
2026-10-10T01:25:16+00:00,S2,S2-i011-htf-slip3,Multi-Timeframe MA,True,slip3,train,"BTCUSDT,ETHUSDT,BNBUSDT,SOLUSDT,XRPUSDT",backtest đơn lẻ,1
2026-10-10T01:25:16+00:00,S2,S2-i011-htf-no_funding,Multi-Timeframe MA,True,no_funding,train,"BTCUSDT,ETHUSDT,BNBUSDT,SOLUSDT,XRPUSDT",backtest đơn lẻ,1
2026-10-10T01:25:16+00:00,S2,S2-i012-nohtf-baseline,WMA,False,baseline,train,"BTCUSDT,ETHUSDT,BNBUSDT,SOLUSDT,XRPUSDT",backtest đơn lẻ,1
2026-10-10T01:25:16+00:00,S2,S2-i012-nohtf-tp0.80,WMA,False,tp0.80,train,"BTCUSDT,ETHUSDT,BNBUSDT,SOLUSDT,XRPUSDT",backtest đơn lẻ,1
2026-10-10T01:25:16+00:00,S2,S2-i012-nohtf-tp1.80,WMA,False,tp1.80,train,"BTCUSDT,ETHUSDT,BNBUSDT,SOLUSDT,XRPUSDT",backtest đơn lẻ,1
2026-10-10T01:25:16+00:00,S2,S2-i012-nohtf-sl0.50,WMA,False,sl0.50,train,"BTCUSDT,ETHUSDT,BNBUSDT,SOLUSDT,XRPUSDT",backtest đơn lẻ,1
2026-10-10T01:25:16+00:00,S2,S2-i012-nohtf-sl1.20,WMA,False,sl1.20,train,"BTCUSDT,ETHUSDT,BNBUSDT,SOLUSDT,XRPUSDT",backtest đơn lẻ,1
2026-10-10T01:25:16+00:00,S2,S2-i012-nohtf-fee0.02,WMA,False,fee0.02,train,"BTCUSDT,ETHUSDT,BNBUSDT,SOLUSDT,XRPUSDT",backtest đơn lẻ,1
2026-10-10T01:25:16+00:00,S2,S2-i012-nohtf-fee0.07,WMA,False,fee0.07,train,"BTCUSDT,ETHUSDT,BNBUSDT,SOLUSDT,XRPUSDT",backtest đơn lẻ,1
2026-10-10T01:25:16+00:00,S2,S2-i012-nohtf-slip3,WMA,False,slip3,train,"BTCUSDT,ETHUSDT,BNBUSDT,SOLUSDT,XRPUSDT",backtest đơn lẻ,1
2026-10-10T01:25:16+00:00,S2,S2-i012-nohtf-no_funding,WMA,False,no_funding,train,"BTCUSDT,ETHUSDT,BNBUSDT,SOLUSDT,XRPUSDT",backtest đơn lẻ,1
2026-10-10T01:25:16+00:00,S2,S2-i012-htf-baseline,WMA,True,baseline,train,"BTCUSDT,ETHUSDT,BNBUSDT,SOLUSDT,XRPUSDT",backtest đơn lẻ,1
2026-10-10T01:25:16+00:00,S2,S2-i012-htf-tp0.80,WMA,True,tp0.80,train,"BTCUSDT,ETHUSDT,BNBUSDT,SOLUSDT,XRPUSDT",backtest đơn lẻ,1
2026-10-10T01:25:16+00:00,S2,S2-i012-htf-tp1.80,WMA,True,tp1.80,train,"BTCUSDT,ETHUSDT,BNBUSDT,SOLUSDT,XRPUSDT",backtest đơn lẻ,1
2026-10-10T01:25:16+00:00,S2,S2-i012-htf-sl0.50,WMA,True,sl0.50,train,"BTCUSDT,ETHUSDT,BNBUSDT,SOLUSDT,XRPUSDT",backtest đơn lẻ,1
2026-10-10T01:25:16+00:00,S2,S2-i012-htf-sl1.20,WMA,True,sl1.20,train,"BTCUSDT,ETHUSDT,BNBUSDT,SOLUSDT,XRPUSDT",backtest đơn lẻ,1
2026-10-10T01:25:16+00:00,S2,S2-i012-htf-fee0.02,WMA,True,fee0.02,train,"BTCUSDT,ETHUSDT,BNBUSDT,SOLUSDT,XRPUSDT",backtest đơn lẻ,1
2026-10-10T01:25:16+00:00,S2,S2-i012-htf-fee0.07,WMA,True,fee0.07,train,"BTCUSDT,ETHUSDT,BNBUSDT,SOLUSDT,XRPUSDT",backtest đơn lẻ,1
2026-10-10T01:25:16+00:00,S2,S2-i012-htf-slip3,WMA,True,slip3,train,"BTCUSDT,ETHUSDT,BNBUSDT,SOLUSDT,XRPUSDT",backtest đơn lẻ,1
2026-10-10T01:25:16+00:00,S2,S2-i012-htf-no_funding,WMA,True,no_funding,train,"BTCUSDT,ETHUSDT,BNBUSDT,SOLUSDT,XRPUSDT",backtest đơn lẻ,1
2026-10-10T01:25:16+00:00,S2,S2-i013-nohtf-baseline,McGinley Dynamic,False,baseline,train,"BTCUSDT,ETHUSDT,BNBUSDT,SOLUSDT,XRPUSDT",backtest đơn lẻ,1
2026-10-10T01:25:16+00:00,S2,S2-i013-nohtf-tp0.80,McGinley Dynamic,False,tp0.80,train,"BTCUSDT,ETHUSDT,BNBUSDT,SOLUSDT,XRPUSDT",backtest đơn lẻ,1
2026-10-10T01:25:16+00:00,S2,S2-i013-nohtf-tp1.80,McGinley Dynamic,False,tp1.80,train,"BTCUSDT,ETHUSDT,BNBUSDT,SOLUSDT,XRPUSDT",backtest đơn lẻ,1
2026-10-10T01:25:16+00:00,S2,S2-i013-nohtf-sl0.50,McGinley Dynamic,False,sl0.50,train,"BTCUSDT,ETHUSDT,BNBUSDT,SOLUSDT,XRPUSDT",backtest đơn lẻ,1
2026-10-10T01:25:16+00:00,S2,S2-i013-nohtf-sl1.20,McGinley Dynamic,False,sl1.20,train,"BTCUSDT,ETHUSDT,BNBUSDT,SOLUSDT,XRPUSDT",backtest đơn lẻ,1
2026-10-10T01:25:16+00:00,S2,S2-i013-nohtf-fee0.02,McGinley Dynamic,False,fee0.02,train,"BTCUSDT,ETHUSDT,BNBUSDT,SOLUSDT,XRPUSDT",backtest đơn lẻ,1
2026-10-10T01:25:16+00:00,S2,S2-i013-nohtf-fee0.07,McGinley Dynamic,False,fee0.07,train,"BTCUSDT,ETHUSDT,BNBUSDT,SOLUSDT,XRPUSDT",backtest đơn lẻ,1
2026-10-10T01:25:16+00:00,S2,S2-i013-nohtf-slip3,McGinley Dynamic,False,slip3,train,"BTCUSDT,ETHUSDT,BNBUSDT,SOLUSDT,XRPUSDT",backtest đơn lẻ,1
2026-10-10T01:25:16+00:00,S2,S2-i013-nohtf-no_funding,McGinley Dynamic,False,no_funding,train,"BTCUSDT,ETHUSDT,BNBUSDT,SOLUSDT,XRPUSDT",backtest đơn lẻ,1
2026-10-10T01:25:16+00:00,S2,S2-i013-htf-baseline,McGinley Dynamic,True,baseline,train,"BTCUSDT,ETHUSDT,BNBUSDT,SOLUSDT,XRPUSDT",backtest đơn lẻ,1
2026-10-10T01:25:16+00:00,S2,S2-i013-htf-tp0.80,McGinley Dynamic,True,tp0.80,train,"BTCUSDT,ETHUSDT,BNBUSDT,SOLUSDT,XRPUSDT",backtest đơn lẻ,1
2026-10-10T01:25:16+00:00,S2,S2-i013-htf-tp1.80,McGinley Dynamic,True,tp1.80,train,"BTCUSDT,ETHUSDT,BNBUSDT,SOLUSDT,XRPUSDT",backtest đơn lẻ,1
2026-10-10T01:25:16+00:00,S2,S2-i013-htf-sl0.50,McGinley Dynamic,True,sl0.50,train,"BTCUSDT,ETHUSDT,BNBUSDT,SOLUSDT,XRPUSDT",backtest đơn lẻ,1
2026-10-10T01:25:16+00:00,S2,S2-i013-htf-sl1.20,McGinley Dynamic,True,sl1.20,train,"BTCUSDT,ETHUSDT,BNBUSDT,SOLUSDT,XRPUSDT",backtest đơn lẻ,1
2026-10-10T01:25:16+00:00,S2,S2-i013-htf-fee0.02,McGinley Dynamic,True,fee0.02,train,"BTCUSDT,ETHUSDT,BNBUSDT,SOLUSDT,XRPUSDT",backtest đơn lẻ,1
2026-10-10T01:25:16+00:00,S2,S2-i013-htf-fee0.07,McGinley Dynamic,True,fee0.07,train,"BTCUSDT,ETHUSDT,BNBUSDT,SOLUSDT,XRPUSDT",backtest đơn lẻ,1
2026-10-10T01:25:16+00:00,S2,S2-i013-htf-slip3,McGinley Dynamic,True,slip3,train,"BTCUSDT,ETHUSDT,BNBUSDT,SOLUSDT,XRPUSDT",backtest đơn lẻ,1
2026-10-10T01:25:16+00:00,S2,S2-i013-htf-no_funding,McGinley Dynamic,True,no_funding,train,"BTCUSDT,ETHUSDT,BNBUSDT,SOLUSDT,XRPUSDT",backtest đơn lẻ,1
2026-10-10T01:25:16+00:00,S2,S2-i014-nohtf-baseline,Guppy MMA,False,baseline,train,"BTCUSDT,ETHUSDT,BNBUSDT,SOLUSDT,XRPUSDT",backtest đơn lẻ,1
2026-10-10T01:25:16+00:00,S2,S2-i014-nohtf-tp0.80,Guppy MMA,False,tp0.80,train,"BTCUSDT,ETHUSDT,BNBUSDT,SOLUSDT,XRPUSDT",backtest đơn lẻ,1
2026-10-10T01:25:16+00:00,S2,S2-i014-nohtf-tp1.80,Guppy MMA,False,tp1.80,train,"BTCUSDT,ETHUSDT,BNBUSDT,SOLUSDT,XRPUSDT",backtest đơn lẻ,1
2026-10-10T01:25:16+00:00,S2,S2-i014-nohtf-sl0.50,Guppy MMA,False,sl0.50,train,"BTCUSDT,ETHUSDT,BNBUSDT,SOLUSDT,XRPUSDT",backtest đơn lẻ,1
2026-10-10T01:25:16+00:00,S2,S2-i014-nohtf-sl1.20,Guppy MMA,False,sl1.20,train,"BTCUSDT,ETHUSDT,BNBUSDT,SOLUSDT,XRPUSDT",backtest đơn lẻ,1
2026-10-10T01:25:16+00:00,S2,S2-i014-nohtf-fee0.02,Guppy MMA,False,fee0.02,train,"BTCUSDT,ETHUSDT,BNBUSDT,SOLUSDT,XRPUSDT",backtest đơn lẻ,1
2026-10-10T01:25:16+00:00,S2,S2-i014-nohtf-fee0.07,Guppy MMA,False,fee0.07,train,"BTCUSDT,ETHUSDT,BNBUSDT,SOLUSDT,XRPUSDT",backtest đơn lẻ,1
2026-10-10T01:25:16+00:00,S2,S2-i014-nohtf-slip3,Guppy MMA,False,slip3,train,"BTCUSDT,ETHUSDT,BNBUSDT,SOLUSDT,XRPUSDT",backtest đơn lẻ,1
2026-10-10T01:25:16+00:00,S2,S2-i014-nohtf-no_funding,Guppy MMA,False,no_funding,train,"BTCUSDT,ETHUSDT,BNBUSDT,SOLUSDT,XRPUSDT",backtest đơn lẻ,1
2026-10-10T01:25:16+00:00,S2,S2-i014-htf-baseline,Guppy MMA,True,baseline,train,"BTCUSDT,ETHUSDT,BNBUSDT,SOLUSDT,XRPUSDT",backtest đơn lẻ,1
2026-10-10T01:25:16+00:00,S2,S2-i014-htf-tp0.80,Guppy MMA,True,tp0.80,train,"BTCUSDT,ETHUSDT,BNBUSDT,SOLUSDT,XRPUSDT",backtest đơn lẻ,1
2026-10-10T01:25:16+00:00,S2,S2-i014-htf-tp1.80,Guppy MMA,True,tp1.80,train,"BTCUSDT,ETHUSDT,BNBUSDT,SOLUSDT,XRPUSDT",backtest đơn lẻ,1
2026-10-10T01:25:16+00:00,S2,S2-i014-htf-sl0.50,Guppy MMA,True,sl0.50,train,"BTCUSDT,ETHUSDT,BNBUSDT,SOLUSDT,XRPUSDT",backtest đơn lẻ,1
2026-10-10T01:25:16+00:00,S2,S2-i014-htf-sl1.20,Guppy MMA,True,sl1.20,train,"BTCUSDT,ETHUSDT,BNBUSDT,SOLUSDT,XRPUSDT",backtest đơn lẻ,1
2026-10-10T01:25:16+00:00,S2,S2-i014-htf-fee0.02,Guppy MMA,True,fee0.02,train,"BTCUSDT,ETHUSDT,BNBUSDT,SOLUSDT,XRPUSDT",backtest đơn lẻ,1
2026-10-10T01:25:16+00:00,S2,S2-i014-htf-fee0.07,Guppy MMA,True,fee0.07,train,"BTCUSDT,ETHUSDT,BNBUSDT,SOLUSDT,XRPUSDT",backtest đơn lẻ,1
2026-10-10T01:25:16+00:00,S2,S2-i014-htf-slip3,Guppy MMA,True,slip3,train,"BTCUSDT,ETHUSDT,BNBUSDT,SOLUSDT,XRPUSDT",backtest đơn lẻ,1
2026-10-10T01:25:16+00:00,S2,S2-i014-htf-no_funding,Guppy MMA,True,no_funding,train,"BTCUSDT,ETHUSDT,BNBUSDT,SOLUSDT,XRPUSDT",backtest đơn lẻ,1
2026-10-10T01:25:16+00:00,S2,S2-i015-nohtf-baseline,MA Cross,False,baseline,train,"BTCUSDT,ETHUSDT,BNBUSDT,SOLUSDT,XRPUSDT",backtest đơn lẻ,1
2026-10-10T01:25:16+00:00,S2,S2-i015-nohtf-tp0.80,MA Cross,False,tp0.80,train,"BTCUSDT,ETHUSDT,BNBUSDT,SOLUSDT,XRPUSDT",backtest đơn lẻ,1
2026-10-10T01:25:16+00:00,S2,S2-i015-nohtf-tp1.80,MA Cross,False,tp1.80,train,"BTCUSDT,ETHUSDT,BNBUSDT,SOLUSDT,XRPUSDT",backtest đơn lẻ,1
2026-10-10T01:25:16+00:00,S2,S2-i015-nohtf-sl0.50,MA Cross,False,sl0.50,train,"BTCUSDT,ETHUSDT,BNBUSDT,SOLUSDT,XRPUSDT",backtest đơn lẻ,1
2026-10-10T01:25:16+00:00,S2,S2-i015-nohtf-sl1.20,MA Cross,False,sl1.20,train,"BTCUSDT,ETHUSDT,BNBUSDT,SOLUSDT,XRPUSDT",backtest đơn lẻ,1
2026-10-10T01:25:16+00:00,S2,S2-i015-nohtf-fee0.02,MA Cross,False,fee0.02,train,"BTCUSDT,ETHUSDT,BNBUSDT,SOLUSDT,XRPUSDT",backtest đơn lẻ,1
2026-10-10T01:25:16+00:00,S2,S2-i015-nohtf-fee0.07,MA Cross,False,fee0.07,train,"BTCUSDT,ETHUSDT,BNBUSDT,SOLUSDT,XRPUSDT",backtest đơn lẻ,1
2026-10-10T01:25:16+00:00,S2,S2-i015-nohtf-slip3,MA Cross,False,slip3,train,"BTCUSDT,ETHUSDT,BNBUSDT,SOLUSDT,XRPUSDT",backtest đơn lẻ,1
2026-10-10T01:25:16+00:00,S2,S2-i015-nohtf-no_funding,MA Cross,False,no_funding,train,"BTCUSDT,ETHUSDT,BNBUSDT,SOLUSDT,XRPUSDT",backtest đơn lẻ,1
2026-10-10T01:25:16+00:00,S2,S2-i015-htf-baseline,MA Cross,True,baseline,train,"BTCUSDT,ETHUSDT,BNBUSDT,SOLUSDT,XRPUSDT",backtest đơn lẻ,1
2026-10-10T01:25:16+00:00,S2,S2-i015-htf-tp0.80,MA Cross,True,tp0.80,train,"BTCUSDT,ETHUSDT,BNBUSDT,SOLUSDT,XRPUSDT",backtest đơn lẻ,1
2026-10-10T01:25:16+00:00,S2,S2-i015-htf-tp1.80,MA Cross,True,tp1.80,train,"BTCUSDT,ETHUSDT,BNBUSDT,SOLUSDT,XRPUSDT",backtest đơn lẻ,1
2026-10-10T01:25:16+00:00,S2,S2-i015-htf-sl0.50,MA Cross,True,sl0.50,train,"BTCUSDT,ETHUSDT,BNBUSDT,SOLUSDT,XRPUSDT",backtest đơn lẻ,1
2026-10-10T01:25:16+00:00,S2,S2-i015-htf-sl1.20,MA Cross,True,sl1.20,train,"BTCUSDT,ETHUSDT,BNBUSDT,SOLUSDT,XRPUSDT",backtest đơn lẻ,1
2026-10-10T01:25:16+00:00,S2,S2-i015-htf-fee0.02,MA Cross,True,fee0.02,train,"BTCUSDT,ETHUSDT,BNBUSDT,SOLUSDT,XRPUSDT",backtest đơn lẻ,1
2026-10-10T01:25:16+00:00,S2,S2-i015-htf-fee0.07,MA Cross,True,fee0.07,train,"BTCUSDT,ETHUSDT,BNBUSDT,SOLUSDT,XRPUSDT",backtest đơn lẻ,1
2026-10-10T01:25:16+00:00,S2,S2-i015-htf-slip3,MA Cross,True,slip3,train,"BTCUSDT,ETHUSDT,BNBUSDT,SOLUSDT,XRPUSDT",backtest đơn lẻ,1
2026-10-10T01:25:16+00:00,S2,S2-i015-htf-no_funding,MA Cross,True,no_funding,train,"BTCUSDT,ETHUSDT,BNBUSDT,SOLUSDT,XRPUSDT",backtest đơn lẻ,1
2026-10-10T01:25:16+00:00,S2,S2-i016-nohtf-baseline,EMA Cross,False,baseline,train,"BTCUSDT,ETHUSDT,BNBUSDT,SOLUSDT,XRPUSDT",backtest đơn lẻ,1
2026-10-10T01:25:16+00:00,S2,S2-i016-nohtf-tp0.80,EMA Cross,False,tp0.80,train,"BTCUSDT,ETHUSDT,BNBUSDT,SOLUSDT,XRPUSDT",backtest đơn lẻ,1
2026-10-10T01:25:16+00:00,S2,S2-i016-nohtf-tp1.80,EMA Cross,False,tp1.80,train,"BTCUSDT,ETHUSDT,BNBUSDT,SOLUSDT,XRPUSDT",backtest đơn lẻ,1
2026-10-10T01:25:16+00:00,S2,S2-i016-nohtf-sl0.50,EMA Cross,False,sl0.50,train,"BTCUSDT,ETHUSDT,BNBUSDT,SOLUSDT,XRPUSDT",backtest đơn lẻ,1
2026-10-10T01:25:16+00:00,S2,S2-i016-nohtf-sl1.20,EMA Cross,False,sl1.20,train,"BTCUSDT,ETHUSDT,BNBUSDT,SOLUSDT,XRPUSDT",backtest đơn lẻ,1
2026-10-10T01:25:16+00:00,S2,S2-i016-nohtf-fee0.02,EMA Cross,False,fee0.02,train,"BTCUSDT,ETHUSDT,BNBUSDT,SOLUSDT,XRPUSDT",backtest đơn lẻ,1
2026-10-10T01:25:16+00:00,S2,S2-i016-nohtf-fee0.07,EMA Cross,False,fee0.07,train,"BTCUSDT,ETHUSDT,BNBUSDT,SOLUSDT,XRPUSDT",backtest đơn lẻ,1
2026-10-10T01:25:16+00:00,S2,S2-i016-nohtf-slip3,EMA Cross,False,slip3,train,"BTCUSDT,ETHUSDT,BNBUSDT,SOLUSDT,XRPUSDT",backtest đơn lẻ,1
2026-10-10T01:25:16+00:00,S2,S2-i016-nohtf-no_funding,EMA Cross,False,no_funding,train,"BTCUSDT,ETHUSDT,BNBUSDT,SOLUSDT,XRPUSDT",backtest đơn lẻ,1
2026-10-10T01:25:16+00:00,S2,S2-i016-htf-baseline,EMA Cross,True,baseline,train,"BTCUSDT,ETHUSDT,BNBUSDT,SOLUSDT,XRPUSDT",backtest đơn lẻ,1
2026-10-10T01:25:16+00:00,S2,S2-i016-htf-tp0.80,EMA Cross,True,tp0.80,train,"BTCUSDT,ETHUSDT,BNBUSDT,SOLUSDT,XRPUSDT",backtest đơn lẻ,1
2026-10-10T01:25:16+00:00,S2,S2-i016-htf-tp1.80,EMA Cross,True,tp1.80,train,"BTCUSDT,ETHUSDT,BNBUSDT,SOLUSDT,XRPUSDT",backtest đơn lẻ,1
2026-10-10T01:25:16+00:00,S2,S2-i016-htf-sl0.50,EMA Cross,True,sl0.50,train,"BTCUSDT,ETHUSDT,BNBUSDT,SOLUSDT,XRPUSDT",backtest đơn lẻ,1
2026-10-10T01:25:16+00:00,S2,S2-i016-htf-sl1.20,EMA Cross,True,sl1.20,train,"BTCUSDT,ETHUSDT,BNBUSDT,SOLUSDT,XRPUSDT",backtest đơn lẻ,1
2026-10-10T01:25:16+00:00,S2,S2-i016-htf-fee0.02,EMA Cross,True,fee0.02,train,"BTCUSDT,ETHUSDT,BNBUSDT,SOLUSDT,XRPUSDT",backtest đơn lẻ,1
2026-10-10T01:25:16+00:00,S2,S2-i016-htf-fee0.07,EMA Cross,True,fee0.07,train,"BTCUSDT,ETHUSDT,BNBUSDT,SOLUSDT,XRPUSDT",backtest đơn lẻ,1
2026-10-10T01:25:16+00:00,S2,S2-i016-htf-slip3,EMA Cross,True,slip3,train,"BTCUSDT,ETHUSDT,BNBUSDT,SOLUSDT,XRPUSDT",backtest đơn lẻ,1
2026-10-10T01:25:16+00:00,S2,S2-i016-htf-no_funding,EMA Cross,True,no_funding,train,"BTCUSDT,ETHUSDT,BNBUSDT,SOLUSDT,XRPUSDT",backtest đơn lẻ,1
2026-10-10T01:25:16+00:00,S2,S2-i017-nohtf-baseline,MA-EMA Cross,False,baseline,train,"BTCUSDT,ETHUSDT,BNBUSDT,SOLUSDT,XRPUSDT",backtest đơn lẻ,1
2026-10-10T01:25:16+00:00,S2,S2-i017-nohtf-tp0.80,MA-EMA Cross,False,tp0.80,train,"BTCUSDT,ETHUSDT,BNBUSDT,SOLUSDT,XRPUSDT",backtest đơn lẻ,1
2026-10-10T01:25:16+00:00,S2,S2-i017-nohtf-tp1.80,MA-EMA Cross,False,tp1.80,train,"BTCUSDT,ETHUSDT,BNBUSDT,SOLUSDT,XRPUSDT",backtest đơn lẻ,1
2026-10-10T01:25:16+00:00,S2,S2-i017-nohtf-sl0.50,MA-EMA Cross,False,sl0.50,train,"BTCUSDT,ETHUSDT,BNBUSDT,SOLUSDT,XRPUSDT",backtest đơn lẻ,1
2026-10-10T01:25:16+00:00,S2,S2-i017-nohtf-sl1.20,MA-EMA Cross,False,sl1.20,train,"BTCUSDT,ETHUSDT,BNBUSDT,SOLUSDT,XRPUSDT",backtest đơn lẻ,1
2026-10-10T01:25:16+00:00,S2,S2-i017-nohtf-fee0.02,MA-EMA Cross,False,fee0.02,train,"BTCUSDT,ETHUSDT,BNBUSDT,SOLUSDT,XRPUSDT",backtest đơn lẻ,1
2026-10-10T01:25:16+00:00,S2,S2-i017-nohtf-fee0.07,MA-EMA Cross,False,fee0.07,train,"BTCUSDT,ETHUSDT,BNBUSDT,SOLUSDT,XRPUSDT",backtest đơn lẻ,1
2026-10-10T01:25:16+00:00,S2,S2-i017-nohtf-slip3,MA-EMA Cross,False,slip3,train,"BTCUSDT,ETHUSDT,BNBUSDT,SOLUSDT,XRPUSDT",backtest đơn lẻ,1
2026-10-10T01:25:16+00:00,S2,S2-i017-nohtf-no_funding,MA-EMA Cross,False,no_funding,train,"BTCUSDT,ETHUSDT,BNBUSDT,SOLUSDT,XRPUSDT",backtest đơn lẻ,1
2026-10-10T01:25:16+00:00,S2,S2-i017-htf-baseline,MA-EMA Cross,True,baseline,train,"BTCUSDT,ETHUSDT,BNBUSDT,SOLUSDT,XRPUSDT",backtest đơn lẻ,1
2026-10-10T01:25:16+00:00,S2,S2-i017-htf-tp0.80,MA-EMA Cross,True,tp0.80,train,"BTCUSDT,ETHUSDT,BNBUSDT,SOLUSDT,XRPUSDT",backtest đơn lẻ,1
2026-10-10T01:25:16+00:00,S2,S2-i017-htf-tp1.80,MA-EMA Cross,True,tp1.80,train,"BTCUSDT,ETHUSDT,BNBUSDT,SOLUSDT,XRPUSDT",backtest đơn lẻ,1
2026-10-10T01:25:16+00:00,S2,S2-i017-htf-sl0.50,MA-EMA Cross,True,sl0.50,train,"BTCUSDT,ETHUSDT,BNBUSDT,SOLUSDT,XRPUSDT",backtest đơn lẻ,1
2026-10-10T01:25:16+00:00,S2,S2-i017-htf-sl1.20,MA-EMA Cross,True,sl1.20,train,"BTCUSDT,ETHUSDT,BNBUSDT,SOLUSDT,XRPUSDT",backtest đơn lẻ,1
2026-10-10T01:25:16+00:00,S2,S2-i017-htf-fee0.02,MA-EMA Cross,True,fee0.02,train,"BTCUSDT,ETHUSDT,BNBUSDT,SOLUSDT,XRPUSDT",backtest đơn lẻ,1
2026-10-10T01:25:16+00:00,S2,S2-i017-htf-fee0.07,MA-EMA Cross,True,fee0.07,train,"BTCUSDT,ETHUSDT,BNBUSDT,SOLUSDT,XRPUSDT",backtest đơn lẻ,1
2026-10-10T01:25:16+00:00,S2,S2-i017-htf-slip3,MA-EMA Cross,True,slip3,train,"BTCUSDT,ETHUSDT,BNBUSDT,SOLUSDT,XRPUSDT",backtest đơn lẻ,1
2026-10-10T01:25:16+00:00,S2,S2-i017-htf-no_funding,MA-EMA Cross,True,no_funding,train,"BTCUSDT,ETHUSDT,BNBUSDT,SOLUSDT,XRPUSDT",backtest đơn lẻ,1
2026-10-10T01:25:16+00:00,S2,S2-i018-nohtf-baseline,SuperTrend,False,baseline,train,"BTCUSDT,ETHUSDT,BNBUSDT,SOLUSDT,XRPUSDT",backtest đơn lẻ,1
2026-10-10T01:25:16+00:00,S2,S2-i018-nohtf-tp0.80,SuperTrend,False,tp0.80,train,"BTCUSDT,ETHUSDT,BNBUSDT,SOLUSDT,XRPUSDT",backtest đơn lẻ,1
2026-10-10T01:25:16+00:00,S2,S2-i018-nohtf-tp1.80,SuperTrend,False,tp1.80,train,"BTCUSDT,ETHUSDT,BNBUSDT,SOLUSDT,XRPUSDT",backtest đơn lẻ,1
2026-10-10T01:25:16+00:00,S2,S2-i018-nohtf-sl0.50,SuperTrend,False,sl0.50,train,"BTCUSDT,ETHUSDT,BNBUSDT,SOLUSDT,XRPUSDT",backtest đơn lẻ,1
2026-10-10T01:25:16+00:00,S2,S2-i018-nohtf-sl1.20,SuperTrend,False,sl1.20,train,"BTCUSDT,ETHUSDT,BNBUSDT,SOLUSDT,XRPUSDT",backtest đơn lẻ,1
2026-10-10T01:25:16+00:00,S2,S2-i018-nohtf-fee0.02,SuperTrend,False,fee0.02,train,"BTCUSDT,ETHUSDT,BNBUSDT,SOLUSDT,XRPUSDT",backtest đơn lẻ,1
2026-10-10T01:25:16+00:00,S2,S2-i018-nohtf-fee0.07,SuperTrend,False,fee0.07,train,"BTCUSDT,ETHUSDT,BNBUSDT,SOLUSDT,XRPUSDT",backtest đơn lẻ,1
2026-10-10T01:25:16+00:00,S2,S2-i018-nohtf-slip3,SuperTrend,False,slip3,train,"BTCUSDT,ETHUSDT,BNBUSDT,SOLUSDT,XRPUSDT",backtest đơn lẻ,1
2026-10-10T01:25:16+00:00,S2,S2-i018-nohtf-no_funding,SuperTrend,False,no_funding,train,"BTCUSDT,ETHUSDT,BNBUSDT,SOLUSDT,XRPUSDT",backtest đơn lẻ,1
2026-10-10T01:25:16+00:00,S2,S2-i018-htf-baseline,SuperTrend,True,baseline,train,"BTCUSDT,ETHUSDT,BNBUSDT,SOLUSDT,XRPUSDT",backtest đơn lẻ,1
2026-10-10T01:25:16+00:00,S2,S2-i018-htf-tp0.80,SuperTrend,True,tp0.80,train,"BTCUSDT,ETHUSDT,BNBUSDT,SOLUSDT,XRPUSDT",backtest đơn lẻ,1
2026-10-10T01:25:16+00:00,S2,S2-i018-htf-tp1.80,SuperTrend,True,tp1.80,train,"BTCUSDT,ETHUSDT,BNBUSDT,SOLUSDT,XRPUSDT",backtest đơn lẻ,1
2026-10-10T01:25:16+00:00,S2,S2-i018-htf-sl0.50,SuperTrend,True,sl0.50,train,"BTCUSDT,ETHUSDT,BNBUSDT,SOLUSDT,XRPUSDT",backtest đơn lẻ,1
2026-10-10T01:25:16+00:00,S2,S2-i018-htf-sl1.20,SuperTrend,True,sl1.20,train,"BTCUSDT,ETHUSDT,BNBUSDT,SOLUSDT,XRPUSDT",backtest đơn lẻ,1
2026-10-10T01:25:16+00:00,S2,S2-i018-htf-fee0.02,SuperTrend,True,fee0.02,train,"BTCUSDT,ETHUSDT,BNBUSDT,SOLUSDT,XRPUSDT",backtest đơn lẻ,1
2026-10-10T01:25:16+00:00,S2,S2-i018-htf-fee0.07,SuperTrend,True,fee0.07,train,"BTCUSDT,ETHUSDT,BNBUSDT,SOLUSDT,XRPUSDT",backtest đơn lẻ,1
2026-10-10T01:25:16+00:00,S2,S2-i018-htf-slip3,SuperTrend,True,slip3,train,"BTCUSDT,ETHUSDT,BNBUSDT,SOLUSDT,XRPUSDT",backtest đơn lẻ,1
2026-10-10T01:25:16+00:00,S2,S2-i018-htf-no_funding,SuperTrend,True,no_funding,train,"BTCUSDT,ETHUSDT,BNBUSDT,SOLUSDT,XRPUSDT",backtest đơn lẻ,1
2026-10-10T01:25:16+00:00,S2,S2-i019-nohtf-baseline,Ichimoku Cloud,False,baseline,train,"BTCUSDT,ETHUSDT,BNBUSDT,SOLUSDT,XRPUSDT",backtest đơn lẻ,1
2026-10-10T01:25:16+00:00,S2,S2-i019-nohtf-tp0.80,Ichimoku Cloud,False,tp0.80,train,"BTCUSDT,ETHUSDT,BNBUSDT,SOLUSDT,XRPUSDT",backtest đơn lẻ,1
2026-10-10T01:25:16+00:00,S2,S2-i019-nohtf-tp1.80,Ichimoku Cloud,False,tp1.80,train,"BTCUSDT,ETHUSDT,BNBUSDT,SOLUSDT,XRPUSDT",backtest đơn lẻ,1
2026-10-10T01:25:16+00:00,S2,S2-i019-nohtf-sl0.50,Ichimoku Cloud,False,sl0.50,train,"BTCUSDT,ETHUSDT,BNBUSDT,SOLUSDT,XRPUSDT",backtest đơn lẻ,1
2026-10-10T01:25:16+00:00,S2,S2-i019-nohtf-sl1.20,Ichimoku Cloud,False,sl1.20,train,"BTCUSDT,ETHUSDT,BNBUSDT,SOLUSDT,XRPUSDT",backtest đơn lẻ,1
2026-10-10T01:25:16+00:00,S2,S2-i019-nohtf-fee0.02,Ichimoku Cloud,False,fee0.02,train,"BTCUSDT,ETHUSDT,BNBUSDT,SOLUSDT,XRPUSDT",backtest đơn lẻ,1
2026-10-10T01:25:16+00:00,S2,S2-i019-nohtf-fee0.07,Ichimoku Cloud,False,fee0.07,train,"BTCUSDT,ETHUSDT,BNBUSDT,SOLUSDT,XRPUSDT",backtest đơn lẻ,1
2026-10-10T01:25:16+00:00,S2,S2-i019-nohtf-slip3,Ichimoku Cloud,False,slip3,train,"BTCUSDT,ETHUSDT,BNBUSDT,SOLUSDT,XRPUSDT",backtest đơn lẻ,1
2026-10-10T01:25:16+00:00,S2,S2-i019-nohtf-no_funding,Ichimoku Cloud,False,no_funding,train,"BTCUSDT,ETHUSDT,BNBUSDT,SOLUSDT,XRPUSDT",backtest đơn lẻ,1
2026-10-10T01:25:16+00:00,S2,S2-i019-htf-baseline,Ichimoku Cloud,True,baseline,train,"BTCUSDT,ETHUSDT,BNBUSDT,SOLUSDT,XRPUSDT",backtest đơn lẻ,1
2026-10-10T01:25:16+00:00,S2,S2-i019-htf-tp0.80,Ichimoku Cloud,True,tp0.80,train,"BTCUSDT,ETHUSDT,BNBUSDT,SOLUSDT,XRPUSDT",backtest đơn lẻ,1
2026-10-10T01:25:16+00:00,S2,S2-i019-htf-tp1.80,Ichimoku Cloud,True,tp1.80,train,"BTCUSDT,ETHUSDT,BNBUSDT,SOLUSDT,XRPUSDT",backtest đơn lẻ,1
2026-10-10T01:25:16+00:00,S2,S2-i019-htf-sl0.50,Ichimoku Cloud,True,sl0.50,train,"BTCUSDT,ETHUSDT,BNBUSDT,SOLUSDT,XRPUSDT",backtest đơn lẻ,1
2026-10-10T01:25:16+00:00,S2,S2-i019-htf-sl1.20,Ichimoku Cloud,True,sl1.20,train,"BTCUSDT,ETHUSDT,BNBUSDT,SOLUSDT,XRPUSDT",backtest đơn lẻ,1
2026-10-10T01:25:16+00:00,S2,S2-i019-htf-fee0.02,Ichimoku Cloud,True,fee0.02,train,"BTCUSDT,ETHUSDT,BNBUSDT,SOLUSDT,XRPUSDT",backtest đơn lẻ,1
2026-10-10T01:25:16+00:00,S2,S2-i019-htf-fee0.07,Ichimoku Cloud,True,fee0.07,train,"BTCUSDT,ETHUSDT,BNBUSDT,SOLUSDT,XRPUSDT",backtest đơn lẻ,1
2026-10-10T01:25:16+00:00,S2,S2-i019-htf-slip3,Ichimoku Cloud,True,slip3,train,"BTCUSDT,ETHUSDT,BNBUSDT,SOLUSDT,XRPUSDT",backtest đơn lẻ,1
2026-10-10T01:25:16+00:00,S2,S2-i019-htf-no_funding,Ichimoku Cloud,True,no_funding,train,"BTCUSDT,ETHUSDT,BNBUSDT,SOLUSDT,XRPUSDT",backtest đơn lẻ,1
2026-10-10T01:25:16+00:00,S2,S2-i020-nohtf-baseline,Parabolic SAR,False,baseline,train,"BTCUSDT,ETHUSDT,BNBUSDT,SOLUSDT,XRPUSDT",backtest đơn lẻ,1
2026-10-10T01:25:16+00:00,S2,S2-i020-nohtf-tp0.80,Parabolic SAR,False,tp0.80,train,"BTCUSDT,ETHUSDT,BNBUSDT,SOLUSDT,XRPUSDT",backtest đơn lẻ,1
2026-10-10T01:25:16+00:00,S2,S2-i020-nohtf-tp1.80,Parabolic SAR,False,tp1.80,train,"BTCUSDT,ETHUSDT,BNBUSDT,SOLUSDT,XRPUSDT",backtest đơn lẻ,1
2026-10-10T01:25:16+00:00,S2,S2-i020-nohtf-sl0.50,Parabolic SAR,False,sl0.50,train,"BTCUSDT,ETHUSDT,BNBUSDT,SOLUSDT,XRPUSDT",backtest đơn lẻ,1
2026-10-10T01:25:16+00:00,S2,S2-i020-nohtf-sl1.20,Parabolic SAR,False,sl1.20,train,"BTCUSDT,ETHUSDT,BNBUSDT,SOLUSDT,XRPUSDT",backtest đơn lẻ,1
2026-10-10T01:25:16+00:00,S2,S2-i020-nohtf-fee0.02,Parabolic SAR,False,fee0.02,train,"BTCUSDT,ETHUSDT,BNBUSDT,SOLUSDT,XRPUSDT",backtest đơn lẻ,1
2026-10-10T01:25:16+00:00,S2,S2-i020-nohtf-fee0.07,Parabolic SAR,False,fee0.07,train,"BTCUSDT,ETHUSDT,BNBUSDT,SOLUSDT,XRPUSDT",backtest đơn lẻ,1
2026-10-10T01:25:16+00:00,S2,S2-i020-nohtf-slip3,Parabolic SAR,False,slip3,train,"BTCUSDT,ETHUSDT,BNBUSDT,SOLUSDT,XRPUSDT",backtest đơn lẻ,1
2026-10-10T01:25:16+00:00,S2,S2-i020-nohtf-no_funding,Parabolic SAR,False,no_funding,train,"BTCUSDT,ETHUSDT,BNBUSDT,SOLUSDT,XRPUSDT",backtest đơn lẻ,1
2026-10-10T01:25:16+00:00,S2,S2-i020-htf-baseline,Parabolic SAR,True,baseline,train,"BTCUSDT,ETHUSDT,BNBUSDT,SOLUSDT,XRPUSDT",backtest đơn lẻ,1
2026-10-10T01:25:16+00:00,S2,S2-i020-htf-tp0.80,Parabolic SAR,True,tp0.80,train,"BTCUSDT,ETHUSDT,BNBUSDT,SOLUSDT,XRPUSDT",backtest đơn lẻ,1
2026-10-10T01:25:16+00:00,S2,S2-i020-htf-tp1.80,Parabolic SAR,True,tp1.80,train,"BTCUSDT,ETHUSDT,BNBUSDT,SOLUSDT,XRPUSDT",backtest đơn lẻ,1
2026-10-10T01:25:16+00:00,S2,S2-i020-htf-sl0.50,Parabolic SAR,True,sl0.50,train,"BTCUSDT,ETHUSDT,BNBUSDT,SOLUSDT,XRPUSDT",backtest đơn lẻ,1
2026-10-10T01:25:16+00:00,S2,S2-i020-htf-sl1.20,Parabolic SAR,True,sl1.20,train,"BTCUSDT,ETHUSDT,BNBUSDT,SOLUSDT,XRPUSDT",backtest đơn lẻ,1
2026-10-10T01:25:16+00:00,S2,S2-i020-htf-fee0.02,Parabolic SAR,True,fee0.02,train,"BTCUSDT,ETHUSDT,BNBUSDT,SOLUSDT,XRPUSDT",backtest đơn lẻ,1
2026-10-10T01:25:16+00:00,S2,S2-i020-htf-fee0.07,Parabolic SAR,True,fee0.07,train,"BTCUSDT,ETHUSDT,BNBUSDT,SOLUSDT,XRPUSDT",backtest đơn lẻ,1
2026-10-10T01:25:16+00:00,S2,S2-i020-htf-slip3,Parabolic SAR,True,slip3,train,"BTCUSDT,ETHUSDT,BNBUSDT,SOLUSDT,XRPUSDT",backtest đơn lẻ,1
2026-10-10T01:25:16+00:00,S2,S2-i020-htf-no_funding,Parabolic SAR,True,no_funding,train,"BTCUSDT,ETHUSDT,BNBUSDT,SOLUSDT,XRPUSDT",backtest đơn lẻ,1
2026-10-10T01:25:16+00:00,S2,S2-i021-nohtf-baseline,Directional Movement,False,baseline,train,"BTCUSDT,ETHUSDT,BNBUSDT,SOLUSDT,XRPUSDT",backtest đơn lẻ,1
2026-10-10T01:25:16+00:00,S2,S2-i021-nohtf-tp0.80,Directional Movement,False,tp0.80,train,"BTCUSDT,ETHUSDT,BNBUSDT,SOLUSDT,XRPUSDT",backtest đơn lẻ,1
2026-10-10T01:25:16+00:00,S2,S2-i021-nohtf-tp1.80,Directional Movement,False,tp1.80,train,"BTCUSDT,ETHUSDT,BNBUSDT,SOLUSDT,XRPUSDT",backtest đơn lẻ,1
2026-10-10T01:25:16+00:00,S2,S2-i021-nohtf-sl0.50,Directional Movement,False,sl0.50,train,"BTCUSDT,ETHUSDT,BNBUSDT,SOLUSDT,XRPUSDT",backtest đơn lẻ,1
2026-10-10T01:25:16+00:00,S2,S2-i021-nohtf-sl1.20,Directional Movement,False,sl1.20,train,"BTCUSDT,ETHUSDT,BNBUSDT,SOLUSDT,XRPUSDT",backtest đơn lẻ,1
2026-10-10T01:25:16+00:00,S2,S2-i021-nohtf-fee0.02,Directional Movement,False,fee0.02,train,"BTCUSDT,ETHUSDT,BNBUSDT,SOLUSDT,XRPUSDT",backtest đơn lẻ,1
2026-10-10T01:25:16+00:00,S2,S2-i021-nohtf-fee0.07,Directional Movement,False,fee0.07,train,"BTCUSDT,ETHUSDT,BNBUSDT,SOLUSDT,XRPUSDT",backtest đơn lẻ,1
2026-10-10T01:25:16+00:00,S2,S2-i021-nohtf-slip3,Directional Movement,False,slip3,train,"BTCUSDT,ETHUSDT,BNBUSDT,SOLUSDT,XRPUSDT",backtest đơn lẻ,1
2026-10-10T01:25:16+00:00,S2,S2-i021-nohtf-no_funding,Directional Movement,False,no_funding,train,"BTCUSDT,ETHUSDT,BNBUSDT,SOLUSDT,XRPUSDT",backtest đơn lẻ,1
2026-10-10T01:25:16+00:00,S2,S2-i021-htf-baseline,Directional Movement,True,baseline,train,"BTCUSDT,ETHUSDT,BNBUSDT,SOLUSDT,XRPUSDT",backtest đơn lẻ,1
2026-10-10T01:25:16+00:00,S2,S2-i021-htf-tp0.80,Directional Movement,True,tp0.80,train,"BTCUSDT,ETHUSDT,BNBUSDT,SOLUSDT,XRPUSDT",backtest đơn lẻ,1
2026-10-10T01:25:16+00:00,S2,S2-i021-htf-tp1.80,Directional Movement,True,tp1.80,train,"BTCUSDT,ETHUSDT,BNBUSDT,SOLUSDT,XRPUSDT",backtest đơn lẻ,1
2026-10-10T01:25:16+00:00,S2,S2-i021-htf-sl0.50,Directional Movement,True,sl0.50,train,"BTCUSDT,ETHUSDT,BNBUSDT,SOLUSDT,XRPUSDT",backtest đơn lẻ,1
2026-10-10T01:25:16+00:00,S2,S2-i021-htf-sl1.20,Directional Movement,True,sl1.20,train,"BTCUSDT,ETHUSDT,BNBUSDT,SOLUSDT,XRPUSDT",backtest đơn lẻ,1
2026-10-10T01:25:16+00:00,S2,S2-i021-htf-fee0.02,Directional Movement,True,fee0.02,train,"BTCUSDT,ETHUSDT,BNBUSDT,SOLUSDT,XRPUSDT",backtest đơn lẻ,1
2026-10-10T01:25:16+00:00,S2,S2-i021-htf-fee0.07,Directional Movement,True,fee0.07,train,"BTCUSDT,ETHUSDT,BNBUSDT,SOLUSDT,XRPUSDT",backtest đơn lẻ,1
2026-10-10T01:25:16+00:00,S2,S2-i021-htf-slip3,Directional Movement,True,slip3,train,"BTCUSDT,ETHUSDT,BNBUSDT,SOLUSDT,XRPUSDT",backtest đơn lẻ,1
2026-10-10T01:25:16+00:00,S2,S2-i021-htf-no_funding,Directional Movement,True,no_funding,train,"BTCUSDT,ETHUSDT,BNBUSDT,SOLUSDT,XRPUSDT",backtest đơn lẻ,1
2026-10-10T01:25:16+00:00,S2,S2-i022-nohtf-baseline,Vortex,False,baseline,train,"BTCUSDT,ETHUSDT,BNBUSDT,SOLUSDT,XRPUSDT",backtest đơn lẻ,1
2026-10-10T01:25:16+00:00,S2,S2-i022-nohtf-tp0.80,Vortex,False,tp0.80,train,"BTCUSDT,ETHUSDT,BNBUSDT,SOLUSDT,XRPUSDT",backtest đơn lẻ,1
2026-10-10T01:25:16+00:00,S2,S2-i022-nohtf-tp1.80,Vortex,False,tp1.80,train,"BTCUSDT,ETHUSDT,BNBUSDT,SOLUSDT,XRPUSDT",backtest đơn lẻ,1
2026-10-10T01:25:16+00:00,S2,S2-i022-nohtf-sl0.50,Vortex,False,sl0.50,train,"BTCUSDT,ETHUSDT,BNBUSDT,SOLUSDT,XRPUSDT",backtest đơn lẻ,1
2026-10-10T01:25:16+00:00,S2,S2-i022-nohtf-sl1.20,Vortex,False,sl1.20,train,"BTCUSDT,ETHUSDT,BNBUSDT,SOLUSDT,XRPUSDT",backtest đơn lẻ,1
2026-10-10T01:25:16+00:00,S2,S2-i022-nohtf-fee0.02,Vortex,False,fee0.02,train,"BTCUSDT,ETHUSDT,BNBUSDT,SOLUSDT,XRPUSDT",backtest đơn lẻ,1
2026-10-10T01:25:16+00:00,S2,S2-i022-nohtf-fee0.07,Vortex,False,fee0.07,train,"BTCUSDT,ETHUSDT,BNBUSDT,SOLUSDT,XRPUSDT",backtest đơn lẻ,1
2026-10-10T01:25:16+00:00,S2,S2-i022-nohtf-slip3,Vortex,False,slip3,train,"BTCUSDT,ETHUSDT,BNBUSDT,SOLUSDT,XRPUSDT",backtest đơn lẻ,1
2026-10-10T01:25:16+00:00,S2,S2-i022-nohtf-no_funding,Vortex,False,no_funding,train,"BTCUSDT,ETHUSDT,BNBUSDT,SOLUSDT,XRPUSDT",backtest đơn lẻ,1
2026-10-10T01:25:16+00:00,S2,S2-i022-htf-baseline,Vortex,True,baseline,train,"BTCUSDT,ETHUSDT,BNBUSDT,SOLUSDT,XRPUSDT",backtest đơn lẻ,1
2026-10-10T01:25:16+00:00,S2,S2-i022-htf-tp0.80,Vortex,True,tp0.80,train,"BTCUSDT,ETHUSDT,BNBUSDT,SOLUSDT,XRPUSDT",backtest đơn lẻ,1
2026-10-10T01:25:16+00:00,S2,S2-i022-htf-tp1.80,Vortex,True,tp1.80,train,"BTCUSDT,ETHUSDT,BNBUSDT,SOLUSDT,XRPUSDT",backtest đơn lẻ,1
2026-10-10T01:25:16+00:00,S2,S2-i022-htf-sl0.50,Vortex,True,sl0.50,train,"BTCUSDT,ETHUSDT,BNBUSDT,SOLUSDT,XRPUSDT",backtest đơn lẻ,1
2026-10-10T01:25:16+00:00,S2,S2-i022-htf-sl1.20,Vortex,True,sl1.20,train,"BTCUSDT,ETHUSDT,BNBUSDT,SOLUSDT,XRPUSDT",backtest đơn lẻ,1
2026-10-10T01:25:16+00:00,S2,S2-i022-htf-fee0.02,Vortex,True,fee0.02,train,"BTCUSDT,ETHUSDT,BNBUSDT,SOLUSDT,XRPUSDT",backtest đơn lẻ,1
2026-10-10T01:25:16+00:00,S2,S2-i022-htf-fee0.07,Vortex,True,fee0.07,train,"BTCUSDT,ETHUSDT,BNBUSDT,SOLUSDT,XRPUSDT",backtest đơn lẻ,1
2026-10-10T01:25:16+00:00,S2,S2-i022-htf-slip3,Vortex,True,slip3,train,"BTCUSDT,ETHUSDT,BNBUSDT,SOLUSDT,XRPUSDT",backtest đơn lẻ,1
2026-10-10T01:25:16+00:00,S2,S2-i022-htf-no_funding,Vortex,True,no_funding,train,"BTCUSDT,ETHUSDT,BNBUSDT,SOLUSDT,XRPUSDT",backtest đơn lẻ,1
2026-10-10T01:25:16+00:00,S2,S2-i023-nohtf-baseline,Williams Alligator,False,baseline,train,"BTCUSDT,ETHUSDT,BNBUSDT,SOLUSDT,XRPUSDT",backtest đơn lẻ,1
2026-10-10T01:25:16+00:00,S2,S2-i023-nohtf-tp0.80,Williams Alligator,False,tp0.80,train,"BTCUSDT,ETHUSDT,BNBUSDT,SOLUSDT,XRPUSDT",backtest đơn lẻ,1
2026-10-10T01:25:16+00:00,S2,S2-i023-nohtf-tp1.80,Williams Alligator,False,tp1.80,train,"BTCUSDT,ETHUSDT,BNBUSDT,SOLUSDT,XRPUSDT",backtest đơn lẻ,1
2026-10-10T01:25:16+00:00,S2,S2-i023-nohtf-sl0.50,Williams Alligator,False,sl0.50,train,"BTCUSDT,ETHUSDT,BNBUSDT,SOLUSDT,XRPUSDT",backtest đơn lẻ,1
2026-10-10T01:25:16+00:00,S2,S2-i023-nohtf-sl1.20,Williams Alligator,False,sl1.20,train,"BTCUSDT,ETHUSDT,BNBUSDT,SOLUSDT,XRPUSDT",backtest đơn lẻ,1
2026-10-10T01:25:16+00:00,S2,S2-i023-nohtf-fee0.02,Williams Alligator,False,fee0.02,train,"BTCUSDT,ETHUSDT,BNBUSDT,SOLUSDT,XRPUSDT",backtest đơn lẻ,1
2026-10-10T01:25:16+00:00,S2,S2-i023-nohtf-fee0.07,Williams Alligator,False,fee0.07,train,"BTCUSDT,ETHUSDT,BNBUSDT,SOLUSDT,XRPUSDT",backtest đơn lẻ,1
2026-10-10T01:25:16+00:00,S2,S2-i023-nohtf-slip3,Williams Alligator,False,slip3,train,"BTCUSDT,ETHUSDT,BNBUSDT,SOLUSDT,XRPUSDT",backtest đơn lẻ,1
2026-10-10T01:25:16+00:00,S2,S2-i023-nohtf-no_funding,Williams Alligator,False,no_funding,train,"BTCUSDT,ETHUSDT,BNBUSDT,SOLUSDT,XRPUSDT",backtest đơn lẻ,1
2026-10-10T01:25:16+00:00,S2,S2-i023-htf-baseline,Williams Alligator,True,baseline,train,"BTCUSDT,ETHUSDT,BNBUSDT,SOLUSDT,XRPUSDT",backtest đơn lẻ,1
2026-10-10T01:25:16+00:00,S2,S2-i023-htf-tp0.80,Williams Alligator,True,tp0.80,train,"BTCUSDT,ETHUSDT,BNBUSDT,SOLUSDT,XRPUSDT",backtest đơn lẻ,1
2026-10-10T01:25:16+00:00,S2,S2-i023-htf-tp1.80,Williams Alligator,True,tp1.80,train,"BTCUSDT,ETHUSDT,BNBUSDT,SOLUSDT,XRPUSDT",backtest đơn lẻ,1
2026-10-10T01:25:16+00:00,S2,S2-i023-htf-sl0.50,Williams Alligator,True,sl0.50,train,"BTCUSDT,ETHUSDT,BNBUSDT,SOLUSDT,XRPUSDT",backtest đơn lẻ,1
2026-10-10T01:25:16+00:00,S2,S2-i023-htf-sl1.20,Williams Alligator,True,sl1.20,train,"BTCUSDT,ETHUSDT,BNBUSDT,SOLUSDT,XRPUSDT",backtest đơn lẻ,1
2026-10-10T01:25:16+00:00,S2,S2-i023-htf-fee0.02,Williams Alligator,True,fee0.02,train,"BTCUSDT,ETHUSDT,BNBUSDT,SOLUSDT,XRPUSDT",backtest đơn lẻ,1
2026-10-10T01:25:16+00:00,S2,S2-i023-htf-fee0.07,Williams Alligator,True,fee0.07,train,"BTCUSDT,ETHUSDT,BNBUSDT,SOLUSDT,XRPUSDT",backtest đơn lẻ,1
2026-10-10T01:25:16+00:00,S2,S2-i023-htf-slip3,Williams Alligator,True,slip3,train,"BTCUSDT,ETHUSDT,BNBUSDT,SOLUSDT,XRPUSDT",backtest đơn lẻ,1
2026-10-10T01:25:16+00:00,S2,S2-i023-htf-no_funding,Williams Alligator,True,no_funding,train,"BTCUSDT,ETHUSDT,BNBUSDT,SOLUSDT,XRPUSDT",backtest đơn lẻ,1
2026-10-10T01:25:16+00:00,S2,S2-i024-nohtf-baseline,Williams Fractal,False,baseline,train,"BTCUSDT,ETHUSDT,BNBUSDT,SOLUSDT,XRPUSDT",backtest đơn lẻ,1
2026-10-10T01:25:16+00:00,S2,S2-i024-nohtf-tp0.80,Williams Fractal,False,tp0.80,train,"BTCUSDT,ETHUSDT,BNBUSDT,SOLUSDT,XRPUSDT",backtest đơn lẻ,1
2026-10-10T01:25:16+00:00,S2,S2-i024-nohtf-tp1.80,Williams Fractal,False,tp1.80,train,"BTCUSDT,ETHUSDT,BNBUSDT,SOLUSDT,XRPUSDT",backtest đơn lẻ,1
2026-10-10T01:25:16+00:00,S2,S2-i024-nohtf-sl0.50,Williams Fractal,False,sl0.50,train,"BTCUSDT,ETHUSDT,BNBUSDT,SOLUSDT,XRPUSDT",backtest đơn lẻ,1
2026-10-10T01:25:16+00:00,S2,S2-i024-nohtf-sl1.20,Williams Fractal,False,sl1.20,train,"BTCUSDT,ETHUSDT,BNBUSDT,SOLUSDT,XRPUSDT",backtest đơn lẻ,1
2026-10-10T01:25:16+00:00,S2,S2-i024-nohtf-fee0.02,Williams Fractal,False,fee0.02,train,"BTCUSDT,ETHUSDT,BNBUSDT,SOLUSDT,XRPUSDT",backtest đơn lẻ,1
2026-10-10T01:25:16+00:00,S2,S2-i024-nohtf-fee0.07,Williams Fractal,False,fee0.07,train,"BTCUSDT,ETHUSDT,BNBUSDT,SOLUSDT,XRPUSDT",backtest đơn lẻ,1
2026-10-10T01:25:16+00:00,S2,S2-i024-nohtf-slip3,Williams Fractal,False,slip3,train,"BTCUSDT,ETHUSDT,BNBUSDT,SOLUSDT,XRPUSDT",backtest đơn lẻ,1
2026-10-10T01:25:16+00:00,S2,S2-i024-nohtf-no_funding,Williams Fractal,False,no_funding,train,"BTCUSDT,ETHUSDT,BNBUSDT,SOLUSDT,XRPUSDT",backtest đơn lẻ,1
2026-10-10T01:25:16+00:00,S2,S2-i024-htf-baseline,Williams Fractal,True,baseline,train,"BTCUSDT,ETHUSDT,BNBUSDT,SOLUSDT,XRPUSDT",backtest đơn lẻ,1
2026-10-10T01:25:16+00:00,S2,S2-i024-htf-tp0.80,Williams Fractal,True,tp0.80,train,"BTCUSDT,ETHUSDT,BNBUSDT,SOLUSDT,XRPUSDT",backtest đơn lẻ,1
2026-10-10T01:25:16+00:00,S2,S2-i024-htf-tp1.80,Williams Fractal,True,tp1.80,train,"BTCUSDT,ETHUSDT,BNBUSDT,SOLUSDT,XRPUSDT",backtest đơn lẻ,1
2026-10-10T01:25:16+00:00,S2,S2-i024-htf-sl0.50,Williams Fractal,True,sl0.50,train,"BTCUSDT,ETHUSDT,BNBUSDT,SOLUSDT,XRPUSDT",backtest đơn lẻ,1
2026-10-10T01:25:16+00:00,S2,S2-i024-htf-sl1.20,Williams Fractal,True,sl1.20,train,"BTCUSDT,ETHUSDT,BNBUSDT,SOLUSDT,XRPUSDT",backtest đơn lẻ,1
2026-10-10T01:25:16+00:00,S2,S2-i024-htf-fee0.02,Williams Fractal,True,fee0.02,train,"BTCUSDT,ETHUSDT,BNBUSDT,SOLUSDT,XRPUSDT",backtest đơn lẻ,1
2026-10-10T01:25:16+00:00,S2,S2-i024-htf-fee0.07,Williams Fractal,True,fee0.07,train,"BTCUSDT,ETHUSDT,BNBUSDT,SOLUSDT,XRPUSDT",backtest đơn lẻ,1
2026-10-10T01:25:16+00:00,S2,S2-i024-htf-slip3,Williams Fractal,True,slip3,train,"BTCUSDT,ETHUSDT,BNBUSDT,SOLUSDT,XRPUSDT",backtest đơn lẻ,1
2026-10-10T01:25:16+00:00,S2,S2-i024-htf-no_funding,Williams Fractal,True,no_funding,train,"BTCUSDT,ETHUSDT,BNBUSDT,SOLUSDT,XRPUSDT",backtest đơn lẻ,1
2026-10-10T01:25:16+00:00,S2,S2-i025-nohtf-baseline,Aroon,False,baseline,train,"BTCUSDT,ETHUSDT,BNBUSDT,SOLUSDT,XRPUSDT",backtest đơn lẻ,1
2026-10-10T01:25:16+00:00,S2,S2-i025-nohtf-tp0.80,Aroon,False,tp0.80,train,"BTCUSDT,ETHUSDT,BNBUSDT,SOLUSDT,XRPUSDT",backtest đơn lẻ,1
2026-10-10T01:25:16+00:00,S2,S2-i025-nohtf-tp1.80,Aroon,False,tp1.80,train,"BTCUSDT,ETHUSDT,BNBUSDT,SOLUSDT,XRPUSDT",backtest đơn lẻ,1
2026-10-10T01:25:16+00:00,S2,S2-i025-nohtf-sl0.50,Aroon,False,sl0.50,train,"BTCUSDT,ETHUSDT,BNBUSDT,SOLUSDT,XRPUSDT",backtest đơn lẻ,1
2026-10-10T01:25:16+00:00,S2,S2-i025-nohtf-sl1.20,Aroon,False,sl1.20,train,"BTCUSDT,ETHUSDT,BNBUSDT,SOLUSDT,XRPUSDT",backtest đơn lẻ,1
2026-10-10T01:25:16+00:00,S2,S2-i025-nohtf-fee0.02,Aroon,False,fee0.02,train,"BTCUSDT,ETHUSDT,BNBUSDT,SOLUSDT,XRPUSDT",backtest đơn lẻ,1
2026-10-10T01:25:16+00:00,S2,S2-i025-nohtf-fee0.07,Aroon,False,fee0.07,train,"BTCUSDT,ETHUSDT,BNBUSDT,SOLUSDT,XRPUSDT",backtest đơn lẻ,1
2026-10-10T01:25:16+00:00,S2,S2-i025-nohtf-slip3,Aroon,False,slip3,train,"BTCUSDT,ETHUSDT,BNBUSDT,SOLUSDT,XRPUSDT",backtest đơn lẻ,1
2026-10-10T01:25:16+00:00,S2,S2-i025-nohtf-no_funding,Aroon,False,no_funding,train,"BTCUSDT,ETHUSDT,BNBUSDT,SOLUSDT,XRPUSDT",backtest đơn lẻ,1
2026-10-10T01:25:16+00:00,S2,S2-i025-htf-baseline,Aroon,True,baseline,train,"BTCUSDT,ETHUSDT,BNBUSDT,SOLUSDT,XRPUSDT",backtest đơn lẻ,1
2026-10-10T01:25:16+00:00,S2,S2-i025-htf-tp0.80,Aroon,True,tp0.80,train,"BTCUSDT,ETHUSDT,BNBUSDT,SOLUSDT,XRPUSDT",backtest đơn lẻ,1
2026-10-10T01:25:16+00:00,S2,S2-i025-htf-tp1.80,Aroon,True,tp1.80,train,"BTCUSDT,ETHUSDT,BNBUSDT,SOLUSDT,XRPUSDT",backtest đơn lẻ,1
2026-10-10T01:25:16+00:00,S2,S2-i025-htf-sl0.50,Aroon,True,sl0.50,train,"BTCUSDT,ETHUSDT,BNBUSDT,SOLUSDT,XRPUSDT",backtest đơn lẻ,1
2026-10-10T01:25:16+00:00,S2,S2-i025-htf-sl1.20,Aroon,True,sl1.20,train,"BTCUSDT,ETHUSDT,BNBUSDT,SOLUSDT,XRPUSDT",backtest đơn lẻ,1
2026-10-10T01:25:16+00:00,S2,S2-i025-htf-fee0.02,Aroon,True,fee0.02,train,"BTCUSDT,ETHUSDT,BNBUSDT,SOLUSDT,XRPUSDT",backtest đơn lẻ,1
2026-10-10T01:25:16+00:00,S2,S2-i025-htf-fee0.07,Aroon,True,fee0.07,train,"BTCUSDT,ETHUSDT,BNBUSDT,SOLUSDT,XRPUSDT",backtest đơn lẻ,1
2026-10-10T01:25:16+00:00,S2,S2-i025-htf-slip3,Aroon,True,slip3,train,"BTCUSDT,ETHUSDT,BNBUSDT,SOLUSDT,XRPUSDT",backtest đơn lẻ,1
2026-10-10T01:25:16+00:00,S2,S2-i025-htf-no_funding,Aroon,True,no_funding,train,"BTCUSDT,ETHUSDT,BNBUSDT,SOLUSDT,XRPUSDT",backtest đơn lẻ,1
2026-10-10T01:25:16+00:00,S2,S2-i026-nohtf-baseline,Trend Strength Index,False,baseline,train,"BTCUSDT,ETHUSDT,BNBUSDT,SOLUSDT,XRPUSDT",backtest đơn lẻ,1
2026-10-10T01:25:16+00:00,S2,S2-i026-nohtf-tp0.80,Trend Strength Index,False,tp0.80,train,"BTCUSDT,ETHUSDT,BNBUSDT,SOLUSDT,XRPUSDT",backtest đơn lẻ,1
2026-10-10T01:25:16+00:00,S2,S2-i026-nohtf-tp1.80,Trend Strength Index,False,tp1.80,train,"BTCUSDT,ETHUSDT,BNBUSDT,SOLUSDT,XRPUSDT",backtest đơn lẻ,1
2026-10-10T01:25:16+00:00,S2,S2-i026-nohtf-sl0.50,Trend Strength Index,False,sl0.50,train,"BTCUSDT,ETHUSDT,BNBUSDT,SOLUSDT,XRPUSDT",backtest đơn lẻ,1
2026-10-10T01:25:16+00:00,S2,S2-i026-nohtf-sl1.20,Trend Strength Index,False,sl1.20,train,"BTCUSDT,ETHUSDT,BNBUSDT,SOLUSDT,XRPUSDT",backtest đơn lẻ,1
2026-10-10T01:25:16+00:00,S2,S2-i026-nohtf-fee0.02,Trend Strength Index,False,fee0.02,train,"BTCUSDT,ETHUSDT,BNBUSDT,SOLUSDT,XRPUSDT",backtest đơn lẻ,1
2026-10-10T01:25:16+00:00,S2,S2-i026-nohtf-fee0.07,Trend Strength Index,False,fee0.07,train,"BTCUSDT,ETHUSDT,BNBUSDT,SOLUSDT,XRPUSDT",backtest đơn lẻ,1
2026-10-10T01:25:16+00:00,S2,S2-i026-nohtf-slip3,Trend Strength Index,False,slip3,train,"BTCUSDT,ETHUSDT,BNBUSDT,SOLUSDT,XRPUSDT",backtest đơn lẻ,1
2026-10-10T01:25:16+00:00,S2,S2-i026-nohtf-no_funding,Trend Strength Index,False,no_funding,train,"BTCUSDT,ETHUSDT,BNBUSDT,SOLUSDT,XRPUSDT",backtest đơn lẻ,1
2026-10-10T01:25:16+00:00,S2,S2-i026-htf-baseline,Trend Strength Index,True,baseline,train,"BTCUSDT,ETHUSDT,BNBUSDT,SOLUSDT,XRPUSDT",backtest đơn lẻ,1
2026-10-10T01:25:16+00:00,S2,S2-i026-htf-tp0.80,Trend Strength Index,True,tp0.80,train,"BTCUSDT,ETHUSDT,BNBUSDT,SOLUSDT,XRPUSDT",backtest đơn lẻ,1
2026-10-10T01:25:16+00:00,S2,S2-i026-htf-tp1.80,Trend Strength Index,True,tp1.80,train,"BTCUSDT,ETHUSDT,BNBUSDT,SOLUSDT,XRPUSDT",backtest đơn lẻ,1
2026-10-10T01:25:16+00:00,S2,S2-i026-htf-sl0.50,Trend Strength Index,True,sl0.50,train,"BTCUSDT,ETHUSDT,BNBUSDT,SOLUSDT,XRPUSDT",backtest đơn lẻ,1
2026-10-10T01:25:16+00:00,S2,S2-i026-htf-sl1.20,Trend Strength Index,True,sl1.20,train,"BTCUSDT,ETHUSDT,BNBUSDT,SOLUSDT,XRPUSDT",backtest đơn lẻ,1
2026-10-10T01:25:16+00:00,S2,S2-i026-htf-fee0.02,Trend Strength Index,True,fee0.02,train,"BTCUSDT,ETHUSDT,BNBUSDT,SOLUSDT,XRPUSDT",backtest đơn lẻ,1
2026-10-10T01:25:16+00:00,S2,S2-i026-htf-fee0.07,Trend Strength Index,True,fee0.07,train,"BTCUSDT,ETHUSDT,BNBUSDT,SOLUSDT,XRPUSDT",backtest đơn lẻ,1
2026-10-10T01:25:16+00:00,S2,S2-i026-htf-slip3,Trend Strength Index,True,slip3,train,"BTCUSDT,ETHUSDT,BNBUSDT,SOLUSDT,XRPUSDT",backtest đơn lẻ,1
2026-10-10T01:25:16+00:00,S2,S2-i026-htf-no_funding,Trend Strength Index,True,no_funding,train,"BTCUSDT,ETHUSDT,BNBUSDT,SOLUSDT,XRPUSDT",backtest đơn lẻ,1
2026-10-10T01:25:16+00:00,S2,S2-i027-nohtf-baseline,Zig Zag,False,baseline,train,"BTCUSDT,ETHUSDT,BNBUSDT,SOLUSDT,XRPUSDT",backtest đơn lẻ,1
2026-10-10T01:25:16+00:00,S2,S2-i027-nohtf-tp0.80,Zig Zag,False,tp0.80,train,"BTCUSDT,ETHUSDT,BNBUSDT,SOLUSDT,XRPUSDT",backtest đơn lẻ,1
2026-10-10T01:25:16+00:00,S2,S2-i027-nohtf-tp1.80,Zig Zag,False,tp1.80,train,"BTCUSDT,ETHUSDT,BNBUSDT,SOLUSDT,XRPUSDT",backtest đơn lẻ,1
2026-10-10T01:25:16+00:00,S2,S2-i027-nohtf-sl0.50,Zig Zag,False,sl0.50,train,"BTCUSDT,ETHUSDT,BNBUSDT,SOLUSDT,XRPUSDT",backtest đơn lẻ,1
2026-10-10T01:25:16+00:00,S2,S2-i027-nohtf-sl1.20,Zig Zag,False,sl1.20,train,"BTCUSDT,ETHUSDT,BNBUSDT,SOLUSDT,XRPUSDT",backtest đơn lẻ,1
2026-10-10T01:25:16+00:00,S2,S2-i027-nohtf-fee0.02,Zig Zag,False,fee0.02,train,"BTCUSDT,ETHUSDT,BNBUSDT,SOLUSDT,XRPUSDT",backtest đơn lẻ,1
2026-10-10T01:25:16+00:00,S2,S2-i027-nohtf-fee0.07,Zig Zag,False,fee0.07,train,"BTCUSDT,ETHUSDT,BNBUSDT,SOLUSDT,XRPUSDT",backtest đơn lẻ,1
2026-10-10T01:25:16+00:00,S2,S2-i027-nohtf-slip3,Zig Zag,False,slip3,train,"BTCUSDT,ETHUSDT,BNBUSDT,SOLUSDT,XRPUSDT",backtest đơn lẻ,1
2026-10-10T01:25:16+00:00,S2,S2-i027-nohtf-no_funding,Zig Zag,False,no_funding,train,"BTCUSDT,ETHUSDT,BNBUSDT,SOLUSDT,XRPUSDT",backtest đơn lẻ,1
2026-10-10T01:25:16+00:00,S2,S2-i027-htf-baseline,Zig Zag,True,baseline,train,"BTCUSDT,ETHUSDT,BNBUSDT,SOLUSDT,XRPUSDT",backtest đơn lẻ,1
2026-10-10T01:25:16+00:00,S2,S2-i027-htf-tp0.80,Zig Zag,True,tp0.80,train,"BTCUSDT,ETHUSDT,BNBUSDT,SOLUSDT,XRPUSDT",backtest đơn lẻ,1
2026-10-10T01:25:16+00:00,S2,S2-i027-htf-tp1.80,Zig Zag,True,tp1.80,train,"BTCUSDT,ETHUSDT,BNBUSDT,SOLUSDT,XRPUSDT",backtest đơn lẻ,1
2026-10-10T01:25:16+00:00,S2,S2-i027-htf-sl0.50,Zig Zag,True,sl0.50,train,"BTCUSDT,ETHUSDT,BNBUSDT,SOLUSDT,XRPUSDT",backtest đơn lẻ,1
2026-10-10T01:25:16+00:00,S2,S2-i027-htf-sl1.20,Zig Zag,True,sl1.20,train,"BTCUSDT,ETHUSDT,BNBUSDT,SOLUSDT,XRPUSDT",backtest đơn lẻ,1
2026-10-10T01:25:16+00:00,S2,S2-i027-htf-fee0.02,Zig Zag,True,fee0.02,train,"BTCUSDT,ETHUSDT,BNBUSDT,SOLUSDT,XRPUSDT",backtest đơn lẻ,1
2026-10-10T01:25:16+00:00,S2,S2-i027-htf-fee0.07,Zig Zag,True,fee0.07,train,"BTCUSDT,ETHUSDT,BNBUSDT,SOLUSDT,XRPUSDT",backtest đơn lẻ,1
2026-10-10T01:25:16+00:00,S2,S2-i027-htf-slip3,Zig Zag,True,slip3,train,"BTCUSDT,ETHUSDT,BNBUSDT,SOLUSDT,XRPUSDT",backtest đơn lẻ,1
2026-10-10T01:25:16+00:00,S2,S2-i027-htf-no_funding,Zig Zag,True,no_funding,train,"BTCUSDT,ETHUSDT,BNBUSDT,SOLUSDT,XRPUSDT",backtest đơn lẻ,1
2026-10-10T01:25:16+00:00,S2,S2-i028-nohtf-baseline,Linear Regression Curve,False,baseline,train,"BTCUSDT,ETHUSDT,BNBUSDT,SOLUSDT,XRPUSDT",backtest đơn lẻ,1
2026-10-10T01:25:16+00:00,S2,S2-i028-nohtf-tp0.80,Linear Regression Curve,False,tp0.80,train,"BTCUSDT,ETHUSDT,BNBUSDT,SOLUSDT,XRPUSDT",backtest đơn lẻ,1
2026-10-10T01:25:16+00:00,S2,S2-i028-nohtf-tp1.80,Linear Regression Curve,False,tp1.80,train,"BTCUSDT,ETHUSDT,BNBUSDT,SOLUSDT,XRPUSDT",backtest đơn lẻ,1
2026-10-10T01:25:16+00:00,S2,S2-i028-nohtf-sl0.50,Linear Regression Curve,False,sl0.50,train,"BTCUSDT,ETHUSDT,BNBUSDT,SOLUSDT,XRPUSDT",backtest đơn lẻ,1
2026-10-10T01:25:16+00:00,S2,S2-i028-nohtf-sl1.20,Linear Regression Curve,False,sl1.20,train,"BTCUSDT,ETHUSDT,BNBUSDT,SOLUSDT,XRPUSDT",backtest đơn lẻ,1
2026-10-10T01:25:16+00:00,S2,S2-i028-nohtf-fee0.02,Linear Regression Curve,False,fee0.02,train,"BTCUSDT,ETHUSDT,BNBUSDT,SOLUSDT,XRPUSDT",backtest đơn lẻ,1
2026-10-10T01:25:16+00:00,S2,S2-i028-nohtf-fee0.07,Linear Regression Curve,False,fee0.07,train,"BTCUSDT,ETHUSDT,BNBUSDT,SOLUSDT,XRPUSDT",backtest đơn lẻ,1
2026-10-10T01:25:16+00:00,S2,S2-i028-nohtf-slip3,Linear Regression Curve,False,slip3,train,"BTCUSDT,ETHUSDT,BNBUSDT,SOLUSDT,XRPUSDT",backtest đơn lẻ,1
2026-10-10T01:25:16+00:00,S2,S2-i028-nohtf-no_funding,Linear Regression Curve,False,no_funding,train,"BTCUSDT,ETHUSDT,BNBUSDT,SOLUSDT,XRPUSDT",backtest đơn lẻ,1
2026-10-10T01:25:16+00:00,S2,S2-i028-htf-baseline,Linear Regression Curve,True,baseline,train,"BTCUSDT,ETHUSDT,BNBUSDT,SOLUSDT,XRPUSDT",backtest đơn lẻ,1
2026-10-10T01:25:16+00:00,S2,S2-i028-htf-tp0.80,Linear Regression Curve,True,tp0.80,train,"BTCUSDT,ETHUSDT,BNBUSDT,SOLUSDT,XRPUSDT",backtest đơn lẻ,1
2026-10-10T01:25:16+00:00,S2,S2-i028-htf-tp1.80,Linear Regression Curve,True,tp1.80,train,"BTCUSDT,ETHUSDT,BNBUSDT,SOLUSDT,XRPUSDT",backtest đơn lẻ,1
2026-10-10T01:25:16+00:00,S2,S2-i028-htf-sl0.50,Linear Regression Curve,True,sl0.50,train,"BTCUSDT,ETHUSDT,BNBUSDT,SOLUSDT,XRPUSDT",backtest đơn lẻ,1
2026-10-10T01:25:16+00:00,S2,S2-i028-htf-sl1.20,Linear Regression Curve,True,sl1.20,train,"BTCUSDT,ETHUSDT,BNBUSDT,SOLUSDT,XRPUSDT",backtest đơn lẻ,1
2026-10-10T01:25:16+00:00,S2,S2-i028-htf-fee0.02,Linear Regression Curve,True,fee0.02,train,"BTCUSDT,ETHUSDT,BNBUSDT,SOLUSDT,XRPUSDT",backtest đơn lẻ,1
2026-10-10T01:25:16+00:00,S2,S2-i028-htf-fee0.07,Linear Regression Curve,True,fee0.07,train,"BTCUSDT,ETHUSDT,BNBUSDT,SOLUSDT,XRPUSDT",backtest đơn lẻ,1
2026-10-10T01:25:16+00:00,S2,S2-i028-htf-slip3,Linear Regression Curve,True,slip3,train,"BTCUSDT,ETHUSDT,BNBUSDT,SOLUSDT,XRPUSDT",backtest đơn lẻ,1
2026-10-10T01:25:16+00:00,S2,S2-i028-htf-no_funding,Linear Regression Curve,True,no_funding,train,"BTCUSDT,ETHUSDT,BNBUSDT,SOLUSDT,XRPUSDT",backtest đơn lẻ,1
2026-10-10T01:25:16+00:00,S2,S2-i029-nohtf-baseline,Linear Regression Slope,False,baseline,train,"BTCUSDT,ETHUSDT,BNBUSDT,SOLUSDT,XRPUSDT",backtest đơn lẻ,1
2026-10-10T01:25:16+00:00,S2,S2-i029-nohtf-tp0.80,Linear Regression Slope,False,tp0.80,train,"BTCUSDT,ETHUSDT,BNBUSDT,SOLUSDT,XRPUSDT",backtest đơn lẻ,1
2026-10-10T01:25:16+00:00,S2,S2-i029-nohtf-tp1.80,Linear Regression Slope,False,tp1.80,train,"BTCUSDT,ETHUSDT,BNBUSDT,SOLUSDT,XRPUSDT",backtest đơn lẻ,1
2026-10-10T01:25:16+00:00,S2,S2-i029-nohtf-sl0.50,Linear Regression Slope,False,sl0.50,train,"BTCUSDT,ETHUSDT,BNBUSDT,SOLUSDT,XRPUSDT",backtest đơn lẻ,1
2026-10-10T01:25:16+00:00,S2,S2-i029-nohtf-sl1.20,Linear Regression Slope,False,sl1.20,train,"BTCUSDT,ETHUSDT,BNBUSDT,SOLUSDT,XRPUSDT",backtest đơn lẻ,1
2026-10-10T01:25:16+00:00,S2,S2-i029-nohtf-fee0.02,Linear Regression Slope,False,fee0.02,train,"BTCUSDT,ETHUSDT,BNBUSDT,SOLUSDT,XRPUSDT",backtest đơn lẻ,1
2026-10-10T01:25:16+00:00,S2,S2-i029-nohtf-fee0.07,Linear Regression Slope,False,fee0.07,train,"BTCUSDT,ETHUSDT,BNBUSDT,SOLUSDT,XRPUSDT",backtest đơn lẻ,1
2026-10-10T01:25:16+00:00,S2,S2-i029-nohtf-slip3,Linear Regression Slope,False,slip3,train,"BTCUSDT,ETHUSDT,BNBUSDT,SOLUSDT,XRPUSDT",backtest đơn lẻ,1
2026-10-10T01:25:16+00:00,S2,S2-i029-nohtf-no_funding,Linear Regression Slope,False,no_funding,train,"BTCUSDT,ETHUSDT,BNBUSDT,SOLUSDT,XRPUSDT",backtest đơn lẻ,1
2026-10-10T01:25:16+00:00,S2,S2-i029-htf-baseline,Linear Regression Slope,True,baseline,train,"BTCUSDT,ETHUSDT,BNBUSDT,SOLUSDT,XRPUSDT",backtest đơn lẻ,1
2026-10-10T01:25:16+00:00,S2,S2-i029-htf-tp0.80,Linear Regression Slope,True,tp0.80,train,"BTCUSDT,ETHUSDT,BNBUSDT,SOLUSDT,XRPUSDT",backtest đơn lẻ,1
2026-10-10T01:25:16+00:00,S2,S2-i029-htf-tp1.80,Linear Regression Slope,True,tp1.80,train,"BTCUSDT,ETHUSDT,BNBUSDT,SOLUSDT,XRPUSDT",backtest đơn lẻ,1
2026-10-10T01:25:16+00:00,S2,S2-i029-htf-sl0.50,Linear Regression Slope,True,sl0.50,train,"BTCUSDT,ETHUSDT,BNBUSDT,SOLUSDT,XRPUSDT",backtest đơn lẻ,1
2026-10-10T01:25:16+00:00,S2,S2-i029-htf-sl1.20,Linear Regression Slope,True,sl1.20,train,"BTCUSDT,ETHUSDT,BNBUSDT,SOLUSDT,XRPUSDT",backtest đơn lẻ,1
2026-10-10T01:25:16+00:00,S2,S2-i029-htf-fee0.02,Linear Regression Slope,True,fee0.02,train,"BTCUSDT,ETHUSDT,BNBUSDT,SOLUSDT,XRPUSDT",backtest đơn lẻ,1
2026-10-10T01:25:16+00:00,S2,S2-i029-htf-fee0.07,Linear Regression Slope,True,fee0.07,train,"BTCUSDT,ETHUSDT,BNBUSDT,SOLUSDT,XRPUSDT",backtest đơn lẻ,1
2026-10-10T01:25:16+00:00,S2,S2-i029-htf-slip3,Linear Regression Slope,True,slip3,train,"BTCUSDT,ETHUSDT,BNBUSDT,SOLUSDT,XRPUSDT",backtest đơn lẻ,1
2026-10-10T01:25:16+00:00,S2,S2-i029-htf-no_funding,Linear Regression Slope,True,no_funding,train,"BTCUSDT,ETHUSDT,BNBUSDT,SOLUSDT,XRPUSDT",backtest đơn lẻ,1
2026-10-10T01:25:16+00:00,S2,S2-i030-nohtf-baseline,Keltner Channels,False,baseline,train,"BTCUSDT,ETHUSDT,BNBUSDT,SOLUSDT,XRPUSDT",backtest đơn lẻ,1
2026-10-10T01:25:16+00:00,S2,S2-i030-nohtf-tp0.80,Keltner Channels,False,tp0.80,train,"BTCUSDT,ETHUSDT,BNBUSDT,SOLUSDT,XRPUSDT",backtest đơn lẻ,1
2026-10-10T01:25:16+00:00,S2,S2-i030-nohtf-tp1.80,Keltner Channels,False,tp1.80,train,"BTCUSDT,ETHUSDT,BNBUSDT,SOLUSDT,XRPUSDT",backtest đơn lẻ,1
2026-10-10T01:25:16+00:00,S2,S2-i030-nohtf-sl0.50,Keltner Channels,False,sl0.50,train,"BTCUSDT,ETHUSDT,BNBUSDT,SOLUSDT,XRPUSDT",backtest đơn lẻ,1
2026-10-10T01:25:16+00:00,S2,S2-i030-nohtf-sl1.20,Keltner Channels,False,sl1.20,train,"BTCUSDT,ETHUSDT,BNBUSDT,SOLUSDT,XRPUSDT",backtest đơn lẻ,1
2026-10-10T01:25:16+00:00,S2,S2-i030-nohtf-fee0.02,Keltner Channels,False,fee0.02,train,"BTCUSDT,ETHUSDT,BNBUSDT,SOLUSDT,XRPUSDT",backtest đơn lẻ,1
2026-10-10T01:25:16+00:00,S2,S2-i030-nohtf-fee0.07,Keltner Channels,False,fee0.07,train,"BTCUSDT,ETHUSDT,BNBUSDT,SOLUSDT,XRPUSDT",backtest đơn lẻ,1
2026-10-10T01:25:16+00:00,S2,S2-i030-nohtf-slip3,Keltner Channels,False,slip3,train,"BTCUSDT,ETHUSDT,BNBUSDT,SOLUSDT,XRPUSDT",backtest đơn lẻ,1
2026-10-10T01:25:16+00:00,S2,S2-i030-nohtf-no_funding,Keltner Channels,False,no_funding,train,"BTCUSDT,ETHUSDT,BNBUSDT,SOLUSDT,XRPUSDT",backtest đơn lẻ,1
2026-10-10T01:25:16+00:00,S2,S2-i030-htf-baseline,Keltner Channels,True,baseline,train,"BTCUSDT,ETHUSDT,BNBUSDT,SOLUSDT,XRPUSDT",backtest đơn lẻ,1
2026-10-10T01:25:16+00:00,S2,S2-i030-htf-tp0.80,Keltner Channels,True,tp0.80,train,"BTCUSDT,ETHUSDT,BNBUSDT,SOLUSDT,XRPUSDT",backtest đơn lẻ,1
2026-10-10T01:25:16+00:00,S2,S2-i030-htf-tp1.80,Keltner Channels,True,tp1.80,train,"BTCUSDT,ETHUSDT,BNBUSDT,SOLUSDT,XRPUSDT",backtest đơn lẻ,1
2026-10-10T01:25:16+00:00,S2,S2-i030-htf-sl0.50,Keltner Channels,True,sl0.50,train,"BTCUSDT,ETHUSDT,BNBUSDT,SOLUSDT,XRPUSDT",backtest đơn lẻ,1
2026-10-10T01:25:16+00:00,S2,S2-i030-htf-sl1.20,Keltner Channels,True,sl1.20,train,"BTCUSDT,ETHUSDT,BNBUSDT,SOLUSDT,XRPUSDT",backtest đơn lẻ,1
2026-10-10T01:25:16+00:00,S2,S2-i030-htf-fee0.02,Keltner Channels,True,fee0.02,train,"BTCUSDT,ETHUSDT,BNBUSDT,SOLUSDT,XRPUSDT",backtest đơn lẻ,1
2026-10-10T01:25:16+00:00,S2,S2-i030-htf-fee0.07,Keltner Channels,True,fee0.07,train,"BTCUSDT,ETHUSDT,BNBUSDT,SOLUSDT,XRPUSDT",backtest đơn lẻ,1
2026-10-10T01:25:16+00:00,S2,S2-i030-htf-slip3,Keltner Channels,True,slip3,train,"BTCUSDT,ETHUSDT,BNBUSDT,SOLUSDT,XRPUSDT",backtest đơn lẻ,1
2026-10-10T01:25:16+00:00,S2,S2-i030-htf-no_funding,Keltner Channels,True,no_funding,train,"BTCUSDT,ETHUSDT,BNBUSDT,SOLUSDT,XRPUSDT",backtest đơn lẻ,1
2026-10-10T01:25:16+00:00,S2,S2-i031-nohtf-baseline,Donchian Channels,False,baseline,train,"BTCUSDT,ETHUSDT,BNBUSDT,SOLUSDT,XRPUSDT",backtest đơn lẻ,1
2026-10-10T01:25:16+00:00,S2,S2-i031-nohtf-tp0.80,Donchian Channels,False,tp0.80,train,"BTCUSDT,ETHUSDT,BNBUSDT,SOLUSDT,XRPUSDT",backtest đơn lẻ,1
2026-10-10T01:25:16+00:00,S2,S2-i031-nohtf-tp1.80,Donchian Channels,False,tp1.80,train,"BTCUSDT,ETHUSDT,BNBUSDT,SOLUSDT,XRPUSDT",backtest đơn lẻ,1
2026-10-10T01:25:16+00:00,S2,S2-i031-nohtf-sl0.50,Donchian Channels,False,sl0.50,train,"BTCUSDT,ETHUSDT,BNBUSDT,SOLUSDT,XRPUSDT",backtest đơn lẻ,1
2026-10-10T01:25:16+00:00,S2,S2-i031-nohtf-sl1.20,Donchian Channels,False,sl1.20,train,"BTCUSDT,ETHUSDT,BNBUSDT,SOLUSDT,XRPUSDT",backtest đơn lẻ,1
2026-10-10T01:25:16+00:00,S2,S2-i031-nohtf-fee0.02,Donchian Channels,False,fee0.02,train,"BTCUSDT,ETHUSDT,BNBUSDT,SOLUSDT,XRPUSDT",backtest đơn lẻ,1
2026-10-10T01:25:16+00:00,S2,S2-i031-nohtf-fee0.07,Donchian Channels,False,fee0.07,train,"BTCUSDT,ETHUSDT,BNBUSDT,SOLUSDT,XRPUSDT",backtest đơn lẻ,1
2026-10-10T01:25:16+00:00,S2,S2-i031-nohtf-slip3,Donchian Channels,False,slip3,train,"BTCUSDT,ETHUSDT,BNBUSDT,SOLUSDT,XRPUSDT",backtest đơn lẻ,1
2026-10-10T01:25:16+00:00,S2,S2-i031-nohtf-no_funding,Donchian Channels,False,no_funding,train,"BTCUSDT,ETHUSDT,BNBUSDT,SOLUSDT,XRPUSDT",backtest đơn lẻ,1
2026-10-10T01:25:16+00:00,S2,S2-i031-htf-baseline,Donchian Channels,True,baseline,train,"BTCUSDT,ETHUSDT,BNBUSDT,SOLUSDT,XRPUSDT",backtest đơn lẻ,1
2026-10-10T01:25:16+00:00,S2,S2-i031-htf-tp0.80,Donchian Channels,True,tp0.80,train,"BTCUSDT,ETHUSDT,BNBUSDT,SOLUSDT,XRPUSDT",backtest đơn lẻ,1
2026-10-10T01:25:16+00:00,S2,S2-i031-htf-tp1.80,Donchian Channels,True,tp1.80,train,"BTCUSDT,ETHUSDT,BNBUSDT,SOLUSDT,XRPUSDT",backtest đơn lẻ,1
2026-10-10T01:25:16+00:00,S2,S2-i031-htf-sl0.50,Donchian Channels,True,sl0.50,train,"BTCUSDT,ETHUSDT,BNBUSDT,SOLUSDT,XRPUSDT",backtest đơn lẻ,1
2026-10-10T01:25:16+00:00,S2,S2-i031-htf-sl1.20,Donchian Channels,True,sl1.20,train,"BTCUSDT,ETHUSDT,BNBUSDT,SOLUSDT,XRPUSDT",backtest đơn lẻ,1
2026-10-10T01:25:16+00:00,S2,S2-i031-htf-fee0.02,Donchian Channels,True,fee0.02,train,"BTCUSDT,ETHUSDT,BNBUSDT,SOLUSDT,XRPUSDT",backtest đơn lẻ,1
2026-10-10T01:25:16+00:00,S2,S2-i031-htf-fee0.07,Donchian Channels,True,fee0.07,train,"BTCUSDT,ETHUSDT,BNBUSDT,SOLUSDT,XRPUSDT",backtest đơn lẻ,1
2026-10-10T01:25:16+00:00,S2,S2-i031-htf-slip3,Donchian Channels,True,slip3,train,"BTCUSDT,ETHUSDT,BNBUSDT,SOLUSDT,XRPUSDT",backtest đơn lẻ,1
2026-10-10T01:25:16+00:00,S2,S2-i031-htf-no_funding,Donchian Channels,True,no_funding,train,"BTCUSDT,ETHUSDT,BNBUSDT,SOLUSDT,XRPUSDT",backtest đơn lẻ,1
2026-10-10T01:25:16+00:00,S2,S2-i032-nohtf-baseline,Price Channel,False,baseline,train,"BTCUSDT,ETHUSDT,BNBUSDT,SOLUSDT,XRPUSDT",backtest đơn lẻ,1
2026-10-10T01:25:16+00:00,S2,S2-i032-nohtf-tp0.80,Price Channel,False,tp0.80,train,"BTCUSDT,ETHUSDT,BNBUSDT,SOLUSDT,XRPUSDT",backtest đơn lẻ,1
2026-10-10T01:25:16+00:00,S2,S2-i032-nohtf-tp1.80,Price Channel,False,tp1.80,train,"BTCUSDT,ETHUSDT,BNBUSDT,SOLUSDT,XRPUSDT",backtest đơn lẻ,1
2026-10-10T01:25:16+00:00,S2,S2-i032-nohtf-sl0.50,Price Channel,False,sl0.50,train,"BTCUSDT,ETHUSDT,BNBUSDT,SOLUSDT,XRPUSDT",backtest đơn lẻ,1
2026-10-10T01:25:16+00:00,S2,S2-i032-nohtf-sl1.20,Price Channel,False,sl1.20,train,"BTCUSDT,ETHUSDT,BNBUSDT,SOLUSDT,XRPUSDT",backtest đơn lẻ,1
2026-10-10T01:25:16+00:00,S2,S2-i032-nohtf-fee0.02,Price Channel,False,fee0.02,train,"BTCUSDT,ETHUSDT,BNBUSDT,SOLUSDT,XRPUSDT",backtest đơn lẻ,1
2026-10-10T01:25:16+00:00,S2,S2-i032-nohtf-fee0.07,Price Channel,False,fee0.07,train,"BTCUSDT,ETHUSDT,BNBUSDT,SOLUSDT,XRPUSDT",backtest đơn lẻ,1
2026-10-10T01:25:16+00:00,S2,S2-i032-nohtf-slip3,Price Channel,False,slip3,train,"BTCUSDT,ETHUSDT,BNBUSDT,SOLUSDT,XRPUSDT",backtest đơn lẻ,1
2026-10-10T01:25:16+00:00,S2,S2-i032-nohtf-no_funding,Price Channel,False,no_funding,train,"BTCUSDT,ETHUSDT,BNBUSDT,SOLUSDT,XRPUSDT",backtest đơn lẻ,1
2026-10-10T01:25:16+00:00,S2,S2-i032-htf-baseline,Price Channel,True,baseline,train,"BTCUSDT,ETHUSDT,BNBUSDT,SOLUSDT,XRPUSDT",backtest đơn lẻ,1
2026-10-10T01:25:16+00:00,S2,S2-i032-htf-tp0.80,Price Channel,True,tp0.80,train,"BTCUSDT,ETHUSDT,BNBUSDT,SOLUSDT,XRPUSDT",backtest đơn lẻ,1
2026-10-10T01:25:16+00:00,S2,S2-i032-htf-tp1.80,Price Channel,True,tp1.80,train,"BTCUSDT,ETHUSDT,BNBUSDT,SOLUSDT,XRPUSDT",backtest đơn lẻ,1
2026-10-10T01:25:16+00:00,S2,S2-i032-htf-sl0.50,Price Channel,True,sl0.50,train,"BTCUSDT,ETHUSDT,BNBUSDT,SOLUSDT,XRPUSDT",backtest đơn lẻ,1
2026-10-10T01:25:16+00:00,S2,S2-i032-htf-sl1.20,Price Channel,True,sl1.20,train,"BTCUSDT,ETHUSDT,BNBUSDT,SOLUSDT,XRPUSDT",backtest đơn lẻ,1
2026-10-10T01:25:16+00:00,S2,S2-i032-htf-fee0.02,Price Channel,True,fee0.02,train,"BTCUSDT,ETHUSDT,BNBUSDT,SOLUSDT,XRPUSDT",backtest đơn lẻ,1
2026-10-10T01:25:16+00:00,S2,S2-i032-htf-fee0.07,Price Channel,True,fee0.07,train,"BTCUSDT,ETHUSDT,BNBUSDT,SOLUSDT,XRPUSDT",backtest đơn lẻ,1
2026-10-10T01:25:16+00:00,S2,S2-i032-htf-slip3,Price Channel,True,slip3,train,"BTCUSDT,ETHUSDT,BNBUSDT,SOLUSDT,XRPUSDT",backtest đơn lẻ,1
2026-10-10T01:25:16+00:00,S2,S2-i032-htf-no_funding,Price Channel,True,no_funding,train,"BTCUSDT,ETHUSDT,BNBUSDT,SOLUSDT,XRPUSDT",backtest đơn lẻ,1
2026-10-10T01:25:16+00:00,S2,S2-i033-nohtf-baseline,MA Channel,False,baseline,train,"BTCUSDT,ETHUSDT,BNBUSDT,SOLUSDT,XRPUSDT",backtest đơn lẻ,1
2026-10-10T01:25:16+00:00,S2,S2-i033-nohtf-tp0.80,MA Channel,False,tp0.80,train,"BTCUSDT,ETHUSDT,BNBUSDT,SOLUSDT,XRPUSDT",backtest đơn lẻ,1
2026-10-10T01:25:16+00:00,S2,S2-i033-nohtf-tp1.80,MA Channel,False,tp1.80,train,"BTCUSDT,ETHUSDT,BNBUSDT,SOLUSDT,XRPUSDT",backtest đơn lẻ,1
2026-10-10T01:25:16+00:00,S2,S2-i033-nohtf-sl0.50,MA Channel,False,sl0.50,train,"BTCUSDT,ETHUSDT,BNBUSDT,SOLUSDT,XRPUSDT",backtest đơn lẻ,1
2026-10-10T01:25:16+00:00,S2,S2-i033-nohtf-sl1.20,MA Channel,False,sl1.20,train,"BTCUSDT,ETHUSDT,BNBUSDT,SOLUSDT,XRPUSDT",backtest đơn lẻ,1
2026-10-10T01:25:16+00:00,S2,S2-i033-nohtf-fee0.02,MA Channel,False,fee0.02,train,"BTCUSDT,ETHUSDT,BNBUSDT,SOLUSDT,XRPUSDT",backtest đơn lẻ,1
2026-10-10T01:25:16+00:00,S2,S2-i033-nohtf-fee0.07,MA Channel,False,fee0.07,train,"BTCUSDT,ETHUSDT,BNBUSDT,SOLUSDT,XRPUSDT",backtest đơn lẻ,1
2026-10-10T01:25:16+00:00,S2,S2-i033-nohtf-slip3,MA Channel,False,slip3,train,"BTCUSDT,ETHUSDT,BNBUSDT,SOLUSDT,XRPUSDT",backtest đơn lẻ,1
2026-10-10T01:25:16+00:00,S2,S2-i033-nohtf-no_funding,MA Channel,False,no_funding,train,"BTCUSDT,ETHUSDT,BNBUSDT,SOLUSDT,XRPUSDT",backtest đơn lẻ,1
2026-10-10T01:25:16+00:00,S2,S2-i033-htf-baseline,MA Channel,True,baseline,train,"BTCUSDT,ETHUSDT,BNBUSDT,SOLUSDT,XRPUSDT",backtest đơn lẻ,1
2026-10-10T01:25:16+00:00,S2,S2-i033-htf-tp0.80,MA Channel,True,tp0.80,train,"BTCUSDT,ETHUSDT,BNBUSDT,SOLUSDT,XRPUSDT",backtest đơn lẻ,1
2026-10-10T01:25:16+00:00,S2,S2-i033-htf-tp1.80,MA Channel,True,tp1.80,train,"BTCUSDT,ETHUSDT,BNBUSDT,SOLUSDT,XRPUSDT",backtest đơn lẻ,1
2026-10-10T01:25:16+00:00,S2,S2-i033-htf-sl0.50,MA Channel,True,sl0.50,train,"BTCUSDT,ETHUSDT,BNBUSDT,SOLUSDT,XRPUSDT",backtest đơn lẻ,1
2026-10-10T01:25:16+00:00,S2,S2-i033-htf-sl1.20,MA Channel,True,sl1.20,train,"BTCUSDT,ETHUSDT,BNBUSDT,SOLUSDT,XRPUSDT",backtest đơn lẻ,1
2026-10-10T01:25:16+00:00,S2,S2-i033-htf-fee0.02,MA Channel,True,fee0.02,train,"BTCUSDT,ETHUSDT,BNBUSDT,SOLUSDT,XRPUSDT",backtest đơn lẻ,1
2026-10-10T01:25:16+00:00,S2,S2-i033-htf-fee0.07,MA Channel,True,fee0.07,train,"BTCUSDT,ETHUSDT,BNBUSDT,SOLUSDT,XRPUSDT",backtest đơn lẻ,1
2026-10-10T01:25:16+00:00,S2,S2-i033-htf-slip3,MA Channel,True,slip3,train,"BTCUSDT,ETHUSDT,BNBUSDT,SOLUSDT,XRPUSDT",backtest đơn lẻ,1
2026-10-10T01:25:16+00:00,S2,S2-i033-htf-no_funding,MA Channel,True,no_funding,train,"BTCUSDT,ETHUSDT,BNBUSDT,SOLUSDT,XRPUSDT",backtest đơn lẻ,1
2026-10-10T01:25:16+00:00,S2,S2-i034-nohtf-baseline,Chande Kroll Stop,False,baseline,train,"BTCUSDT,ETHUSDT,BNBUSDT,SOLUSDT,XRPUSDT",backtest đơn lẻ,1
2026-10-10T01:25:16+00:00,S2,S2-i034-nohtf-tp0.80,Chande Kroll Stop,False,tp0.80,train,"BTCUSDT,ETHUSDT,BNBUSDT,SOLUSDT,XRPUSDT",backtest đơn lẻ,1
2026-10-10T01:25:16+00:00,S2,S2-i034-nohtf-tp1.80,Chande Kroll Stop,False,tp1.80,train,"BTCUSDT,ETHUSDT,BNBUSDT,SOLUSDT,XRPUSDT",backtest đơn lẻ,1
2026-10-10T01:25:16+00:00,S2,S2-i034-nohtf-sl0.50,Chande Kroll Stop,False,sl0.50,train,"BTCUSDT,ETHUSDT,BNBUSDT,SOLUSDT,XRPUSDT",backtest đơn lẻ,1
2026-10-10T01:25:16+00:00,S2,S2-i034-nohtf-sl1.20,Chande Kroll Stop,False,sl1.20,train,"BTCUSDT,ETHUSDT,BNBUSDT,SOLUSDT,XRPUSDT",backtest đơn lẻ,1
2026-10-10T01:25:16+00:00,S2,S2-i034-nohtf-fee0.02,Chande Kroll Stop,False,fee0.02,train,"BTCUSDT,ETHUSDT,BNBUSDT,SOLUSDT,XRPUSDT",backtest đơn lẻ,1
2026-10-10T01:25:16+00:00,S2,S2-i034-nohtf-fee0.07,Chande Kroll Stop,False,fee0.07,train,"BTCUSDT,ETHUSDT,BNBUSDT,SOLUSDT,XRPUSDT",backtest đơn lẻ,1
2026-10-10T01:25:16+00:00,S2,S2-i034-nohtf-slip3,Chande Kroll Stop,False,slip3,train,"BTCUSDT,ETHUSDT,BNBUSDT,SOLUSDT,XRPUSDT",backtest đơn lẻ,1
2026-10-10T01:25:16+00:00,S2,S2-i034-nohtf-no_funding,Chande Kroll Stop,False,no_funding,train,"BTCUSDT,ETHUSDT,BNBUSDT,SOLUSDT,XRPUSDT",backtest đơn lẻ,1
2026-10-10T01:25:16+00:00,S2,S2-i034-htf-baseline,Chande Kroll Stop,True,baseline,train,"BTCUSDT,ETHUSDT,BNBUSDT,SOLUSDT,XRPUSDT",backtest đơn lẻ,1
2026-10-10T01:25:16+00:00,S2,S2-i034-htf-tp0.80,Chande Kroll Stop,True,tp0.80,train,"BTCUSDT,ETHUSDT,BNBUSDT,SOLUSDT,XRPUSDT",backtest đơn lẻ,1
2026-10-10T01:25:16+00:00,S2,S2-i034-htf-tp1.80,Chande Kroll Stop,True,tp1.80,train,"BTCUSDT,ETHUSDT,BNBUSDT,SOLUSDT,XRPUSDT",backtest đơn lẻ,1
2026-10-10T01:25:16+00:00,S2,S2-i034-htf-sl0.50,Chande Kroll Stop,True,sl0.50,train,"BTCUSDT,ETHUSDT,BNBUSDT,SOLUSDT,XRPUSDT",backtest đơn lẻ,1
2026-10-10T01:25:16+00:00,S2,S2-i034-htf-sl1.20,Chande Kroll Stop,True,sl1.20,train,"BTCUSDT,ETHUSDT,BNBUSDT,SOLUSDT,XRPUSDT",backtest đơn lẻ,1
2026-10-10T01:25:16+00:00,S2,S2-i034-htf-fee0.02,Chande Kroll Stop,True,fee0.02,train,"BTCUSDT,ETHUSDT,BNBUSDT,SOLUSDT,XRPUSDT",backtest đơn lẻ,1
2026-10-10T01:25:16+00:00,S2,S2-i034-htf-fee0.07,Chande Kroll Stop,True,fee0.07,train,"BTCUSDT,ETHUSDT,BNBUSDT,SOLUSDT,XRPUSDT",backtest đơn lẻ,1
2026-10-10T01:25:16+00:00,S2,S2-i034-htf-slip3,Chande Kroll Stop,True,slip3,train,"BTCUSDT,ETHUSDT,BNBUSDT,SOLUSDT,XRPUSDT",backtest đơn lẻ,1
2026-10-10T01:25:16+00:00,S2,S2-i034-htf-no_funding,Chande Kroll Stop,True,no_funding,train,"BTCUSDT,ETHUSDT,BNBUSDT,SOLUSDT,XRPUSDT",backtest đơn lẻ,1
2026-10-10T01:25:16+00:00,S2,S2-i035-nohtf-baseline,52-Week High/Low,False,baseline,train,"BTCUSDT,ETHUSDT,BNBUSDT,SOLUSDT,XRPUSDT",backtest đơn lẻ,1
2026-10-10T01:25:16+00:00,S2,S2-i035-nohtf-tp0.80,52-Week High/Low,False,tp0.80,train,"BTCUSDT,ETHUSDT,BNBUSDT,SOLUSDT,XRPUSDT",backtest đơn lẻ,1
2026-10-10T01:25:16+00:00,S2,S2-i035-nohtf-tp1.80,52-Week High/Low,False,tp1.80,train,"BTCUSDT,ETHUSDT,BNBUSDT,SOLUSDT,XRPUSDT",backtest đơn lẻ,1
2026-10-10T01:25:16+00:00,S2,S2-i035-nohtf-sl0.50,52-Week High/Low,False,sl0.50,train,"BTCUSDT,ETHUSDT,BNBUSDT,SOLUSDT,XRPUSDT",backtest đơn lẻ,1
2026-10-10T01:25:16+00:00,S2,S2-i035-nohtf-sl1.20,52-Week High/Low,False,sl1.20,train,"BTCUSDT,ETHUSDT,BNBUSDT,SOLUSDT,XRPUSDT",backtest đơn lẻ,1
2026-10-10T01:25:16+00:00,S2,S2-i035-nohtf-fee0.02,52-Week High/Low,False,fee0.02,train,"BTCUSDT,ETHUSDT,BNBUSDT,SOLUSDT,XRPUSDT",backtest đơn lẻ,1
2026-10-10T01:25:16+00:00,S2,S2-i035-nohtf-fee0.07,52-Week High/Low,False,fee0.07,train,"BTCUSDT,ETHUSDT,BNBUSDT,SOLUSDT,XRPUSDT",backtest đơn lẻ,1
2026-10-10T01:25:16+00:00,S2,S2-i035-nohtf-slip3,52-Week High/Low,False,slip3,train,"BTCUSDT,ETHUSDT,BNBUSDT,SOLUSDT,XRPUSDT",backtest đơn lẻ,1
2026-10-10T01:25:16+00:00,S2,S2-i035-nohtf-no_funding,52-Week High/Low,False,no_funding,train,"BTCUSDT,ETHUSDT,BNBUSDT,SOLUSDT,XRPUSDT",backtest đơn lẻ,1
2026-10-10T01:25:16+00:00,S2,S2-i035-htf-baseline,52-Week High/Low,True,baseline,train,"BTCUSDT,ETHUSDT,BNBUSDT,SOLUSDT,XRPUSDT",backtest đơn lẻ,1
2026-10-10T01:25:16+00:00,S2,S2-i035-htf-tp0.80,52-Week High/Low,True,tp0.80,train,"BTCUSDT,ETHUSDT,BNBUSDT,SOLUSDT,XRPUSDT",backtest đơn lẻ,1
2026-10-10T01:25:16+00:00,S2,S2-i035-htf-tp1.80,52-Week High/Low,True,tp1.80,train,"BTCUSDT,ETHUSDT,BNBUSDT,SOLUSDT,XRPUSDT",backtest đơn lẻ,1
2026-10-10T01:25:16+00:00,S2,S2-i035-htf-sl0.50,52-Week High/Low,True,sl0.50,train,"BTCUSDT,ETHUSDT,BNBUSDT,SOLUSDT,XRPUSDT",backtest đơn lẻ,1
2026-10-10T01:25:16+00:00,S2,S2-i035-htf-sl1.20,52-Week High/Low,True,sl1.20,train,"BTCUSDT,ETHUSDT,BNBUSDT,SOLUSDT,XRPUSDT",backtest đơn lẻ,1
2026-10-10T01:25:16+00:00,S2,S2-i035-htf-fee0.02,52-Week High/Low,True,fee0.02,train,"BTCUSDT,ETHUSDT,BNBUSDT,SOLUSDT,XRPUSDT",backtest đơn lẻ,1
2026-10-10T01:25:16+00:00,S2,S2-i035-htf-fee0.07,52-Week High/Low,True,fee0.07,train,"BTCUSDT,ETHUSDT,BNBUSDT,SOLUSDT,XRPUSDT",backtest đơn lẻ,1
2026-10-10T01:25:16+00:00,S2,S2-i035-htf-slip3,52-Week High/Low,True,slip3,train,"BTCUSDT,ETHUSDT,BNBUSDT,SOLUSDT,XRPUSDT",backtest đơn lẻ,1
2026-10-10T01:25:16+00:00,S2,S2-i035-htf-no_funding,52-Week High/Low,True,no_funding,train,"BTCUSDT,ETHUSDT,BNBUSDT,SOLUSDT,XRPUSDT",backtest đơn lẻ,1
2026-10-10T01:25:16+00:00,S2,S2-i036-nohtf-baseline,Majority Rule,False,baseline,train,"BTCUSDT,ETHUSDT,BNBUSDT,SOLUSDT,XRPUSDT",backtest đơn lẻ,1
2026-10-10T01:25:16+00:00,S2,S2-i036-nohtf-tp0.80,Majority Rule,False,tp0.80,train,"BTCUSDT,ETHUSDT,BNBUSDT,SOLUSDT,XRPUSDT",backtest đơn lẻ,1
2026-10-10T01:25:16+00:00,S2,S2-i036-nohtf-tp1.80,Majority Rule,False,tp1.80,train,"BTCUSDT,ETHUSDT,BNBUSDT,SOLUSDT,XRPUSDT",backtest đơn lẻ,1
2026-10-10T01:25:16+00:00,S2,S2-i036-nohtf-sl0.50,Majority Rule,False,sl0.50,train,"BTCUSDT,ETHUSDT,BNBUSDT,SOLUSDT,XRPUSDT",backtest đơn lẻ,1
2026-10-10T01:25:16+00:00,S2,S2-i036-nohtf-sl1.20,Majority Rule,False,sl1.20,train,"BTCUSDT,ETHUSDT,BNBUSDT,SOLUSDT,XRPUSDT",backtest đơn lẻ,1
2026-10-10T01:25:16+00:00,S2,S2-i036-nohtf-fee0.02,Majority Rule,False,fee0.02,train,"BTCUSDT,ETHUSDT,BNBUSDT,SOLUSDT,XRPUSDT",backtest đơn lẻ,1
2026-10-10T01:25:16+00:00,S2,S2-i036-nohtf-fee0.07,Majority Rule,False,fee0.07,train,"BTCUSDT,ETHUSDT,BNBUSDT,SOLUSDT,XRPUSDT",backtest đơn lẻ,1
2026-10-10T01:25:16+00:00,S2,S2-i036-nohtf-slip3,Majority Rule,False,slip3,train,"BTCUSDT,ETHUSDT,BNBUSDT,SOLUSDT,XRPUSDT",backtest đơn lẻ,1
2026-10-10T01:25:16+00:00,S2,S2-i036-nohtf-no_funding,Majority Rule,False,no_funding,train,"BTCUSDT,ETHUSDT,BNBUSDT,SOLUSDT,XRPUSDT",backtest đơn lẻ,1
2026-10-10T01:25:16+00:00,S2,S2-i036-htf-baseline,Majority Rule,True,baseline,train,"BTCUSDT,ETHUSDT,BNBUSDT,SOLUSDT,XRPUSDT",backtest đơn lẻ,1
2026-10-10T01:25:16+00:00,S2,S2-i036-htf-tp0.80,Majority Rule,True,tp0.80,train,"BTCUSDT,ETHUSDT,BNBUSDT,SOLUSDT,XRPUSDT",backtest đơn lẻ,1
2026-10-10T01:25:16+00:00,S2,S2-i036-htf-tp1.80,Majority Rule,True,tp1.80,train,"BTCUSDT,ETHUSDT,BNBUSDT,SOLUSDT,XRPUSDT",backtest đơn lẻ,1
2026-10-10T01:25:16+00:00,S2,S2-i036-htf-sl0.50,Majority Rule,True,sl0.50,train,"BTCUSDT,ETHUSDT,BNBUSDT,SOLUSDT,XRPUSDT",backtest đơn lẻ,1
2026-10-10T01:25:16+00:00,S2,S2-i036-htf-sl1.20,Majority Rule,True,sl1.20,train,"BTCUSDT,ETHUSDT,BNBUSDT,SOLUSDT,XRPUSDT",backtest đơn lẻ,1
2026-10-10T01:25:16+00:00,S2,S2-i036-htf-fee0.02,Majority Rule,True,fee0.02,train,"BTCUSDT,ETHUSDT,BNBUSDT,SOLUSDT,XRPUSDT",backtest đơn lẻ,1
2026-10-10T01:25:16+00:00,S2,S2-i036-htf-fee0.07,Majority Rule,True,fee0.07,train,"BTCUSDT,ETHUSDT,BNBUSDT,SOLUSDT,XRPUSDT",backtest đơn lẻ,1
2026-10-10T01:25:16+00:00,S2,S2-i036-htf-slip3,Majority Rule,True,slip3,train,"BTCUSDT,ETHUSDT,BNBUSDT,SOLUSDT,XRPUSDT",backtest đơn lẻ,1
2026-10-10T01:25:16+00:00,S2,S2-i036-htf-no_funding,Majority Rule,True,no_funding,train,"BTCUSDT,ETHUSDT,BNBUSDT,SOLUSDT,XRPUSDT",backtest đơn lẻ,1
2026-10-10T01:25:16+00:00,S2,S2-i038-nohtf-baseline,MACD,False,baseline,train,"BTCUSDT,ETHUSDT,BNBUSDT,SOLUSDT,XRPUSDT",backtest đơn lẻ,1
2026-10-10T01:25:16+00:00,S2,S2-i038-nohtf-tp0.80,MACD,False,tp0.80,train,"BTCUSDT,ETHUSDT,BNBUSDT,SOLUSDT,XRPUSDT",backtest đơn lẻ,1
2026-10-10T01:25:16+00:00,S2,S2-i038-nohtf-tp1.80,MACD,False,tp1.80,train,"BTCUSDT,ETHUSDT,BNBUSDT,SOLUSDT,XRPUSDT",backtest đơn lẻ,1
2026-10-10T01:25:16+00:00,S2,S2-i038-nohtf-sl0.50,MACD,False,sl0.50,train,"BTCUSDT,ETHUSDT,BNBUSDT,SOLUSDT,XRPUSDT",backtest đơn lẻ,1
2026-10-10T01:25:16+00:00,S2,S2-i038-nohtf-sl1.20,MACD,False,sl1.20,train,"BTCUSDT,ETHUSDT,BNBUSDT,SOLUSDT,XRPUSDT",backtest đơn lẻ,1
2026-10-10T01:25:16+00:00,S2,S2-i038-nohtf-fee0.02,MACD,False,fee0.02,train,"BTCUSDT,ETHUSDT,BNBUSDT,SOLUSDT,XRPUSDT",backtest đơn lẻ,1
2026-10-10T01:25:16+00:00,S2,S2-i038-nohtf-fee0.07,MACD,False,fee0.07,train,"BTCUSDT,ETHUSDT,BNBUSDT,SOLUSDT,XRPUSDT",backtest đơn lẻ,1
2026-10-10T01:25:16+00:00,S2,S2-i038-nohtf-slip3,MACD,False,slip3,train,"BTCUSDT,ETHUSDT,BNBUSDT,SOLUSDT,XRPUSDT",backtest đơn lẻ,1
2026-10-10T01:25:16+00:00,S2,S2-i038-nohtf-no_funding,MACD,False,no_funding,train,"BTCUSDT,ETHUSDT,BNBUSDT,SOLUSDT,XRPUSDT",backtest đơn lẻ,1
2026-10-10T01:25:16+00:00,S2,S2-i038-htf-baseline,MACD,True,baseline,train,"BTCUSDT,ETHUSDT,BNBUSDT,SOLUSDT,XRPUSDT",backtest đơn lẻ,1
2026-10-10T01:25:16+00:00,S2,S2-i038-htf-tp0.80,MACD,True,tp0.80,train,"BTCUSDT,ETHUSDT,BNBUSDT,SOLUSDT,XRPUSDT",backtest đơn lẻ,1
2026-10-10T01:25:16+00:00,S2,S2-i038-htf-tp1.80,MACD,True,tp1.80,train,"BTCUSDT,ETHUSDT,BNBUSDT,SOLUSDT,XRPUSDT",backtest đơn lẻ,1
2026-10-10T01:25:16+00:00,S2,S2-i038-htf-sl0.50,MACD,True,sl0.50,train,"BTCUSDT,ETHUSDT,BNBUSDT,SOLUSDT,XRPUSDT",backtest đơn lẻ,1
2026-10-10T01:25:16+00:00,S2,S2-i038-htf-sl1.20,MACD,True,sl1.20,train,"BTCUSDT,ETHUSDT,BNBUSDT,SOLUSDT,XRPUSDT",backtest đơn lẻ,1
2026-10-10T01:25:16+00:00,S2,S2-i038-htf-fee0.02,MACD,True,fee0.02,train,"BTCUSDT,ETHUSDT,BNBUSDT,SOLUSDT,XRPUSDT",backtest đơn lẻ,1
2026-10-10T01:25:16+00:00,S2,S2-i038-htf-fee0.07,MACD,True,fee0.07,train,"BTCUSDT,ETHUSDT,BNBUSDT,SOLUSDT,XRPUSDT",backtest đơn lẻ,1
2026-10-10T01:25:16+00:00,S2,S2-i038-htf-slip3,MACD,True,slip3,train,"BTCUSDT,ETHUSDT,BNBUSDT,SOLUSDT,XRPUSDT",backtest đơn lẻ,1
2026-10-10T01:25:16+00:00,S2,S2-i038-htf-no_funding,MACD,True,no_funding,train,"BTCUSDT,ETHUSDT,BNBUSDT,SOLUSDT,XRPUSDT",backtest đơn lẻ,1
2026-10-10T01:25:16+00:00,S2,S2-i039-nohtf-baseline,RSI,False,baseline,train,"BTCUSDT,ETHUSDT,BNBUSDT,SOLUSDT,XRPUSDT",backtest đơn lẻ,1
2026-10-10T01:25:16+00:00,S2,S2-i039-nohtf-tp0.80,RSI,False,tp0.80,train,"BTCUSDT,ETHUSDT,BNBUSDT,SOLUSDT,XRPUSDT",backtest đơn lẻ,1
2026-10-10T01:25:16+00:00,S2,S2-i039-nohtf-tp1.80,RSI,False,tp1.80,train,"BTCUSDT,ETHUSDT,BNBUSDT,SOLUSDT,XRPUSDT",backtest đơn lẻ,1
2026-10-10T01:25:16+00:00,S2,S2-i039-nohtf-sl0.50,RSI,False,sl0.50,train,"BTCUSDT,ETHUSDT,BNBUSDT,SOLUSDT,XRPUSDT",backtest đơn lẻ,1
2026-10-10T01:25:16+00:00,S2,S2-i039-nohtf-sl1.20,RSI,False,sl1.20,train,"BTCUSDT,ETHUSDT,BNBUSDT,SOLUSDT,XRPUSDT",backtest đơn lẻ,1
2026-10-10T01:25:16+00:00,S2,S2-i039-nohtf-fee0.02,RSI,False,fee0.02,train,"BTCUSDT,ETHUSDT,BNBUSDT,SOLUSDT,XRPUSDT",backtest đơn lẻ,1
2026-10-10T01:25:16+00:00,S2,S2-i039-nohtf-fee0.07,RSI,False,fee0.07,train,"BTCUSDT,ETHUSDT,BNBUSDT,SOLUSDT,XRPUSDT",backtest đơn lẻ,1
2026-10-10T01:25:16+00:00,S2,S2-i039-nohtf-slip3,RSI,False,slip3,train,"BTCUSDT,ETHUSDT,BNBUSDT,SOLUSDT,XRPUSDT",backtest đơn lẻ,1
2026-10-10T01:25:16+00:00,S2,S2-i039-nohtf-no_funding,RSI,False,no_funding,train,"BTCUSDT,ETHUSDT,BNBUSDT,SOLUSDT,XRPUSDT",backtest đơn lẻ,1
2026-10-10T01:25:16+00:00,S2,S2-i039-htf-baseline,RSI,True,baseline,train,"BTCUSDT,ETHUSDT,BNBUSDT,SOLUSDT,XRPUSDT",backtest đơn lẻ,1
2026-10-10T01:25:16+00:00,S2,S2-i039-htf-tp0.80,RSI,True,tp0.80,train,"BTCUSDT,ETHUSDT,BNBUSDT,SOLUSDT,XRPUSDT",backtest đơn lẻ,1
2026-10-10T01:25:16+00:00,S2,S2-i039-htf-tp1.80,RSI,True,tp1.80,train,"BTCUSDT,ETHUSDT,BNBUSDT,SOLUSDT,XRPUSDT",backtest đơn lẻ,1
2026-10-10T01:25:16+00:00,S2,S2-i039-htf-sl0.50,RSI,True,sl0.50,train,"BTCUSDT,ETHUSDT,BNBUSDT,SOLUSDT,XRPUSDT",backtest đơn lẻ,1
2026-10-10T01:25:16+00:00,S2,S2-i039-htf-sl1.20,RSI,True,sl1.20,train,"BTCUSDT,ETHUSDT,BNBUSDT,SOLUSDT,XRPUSDT",backtest đơn lẻ,1
2026-10-10T01:25:16+00:00,S2,S2-i039-htf-fee0.02,RSI,True,fee0.02,train,"BTCUSDT,ETHUSDT,BNBUSDT,SOLUSDT,XRPUSDT",backtest đơn lẻ,1
2026-10-10T01:25:16+00:00,S2,S2-i039-htf-fee0.07,RSI,True,fee0.07,train,"BTCUSDT,ETHUSDT,BNBUSDT,SOLUSDT,XRPUSDT",backtest đơn lẻ,1
2026-10-10T01:25:16+00:00,S2,S2-i039-htf-slip3,RSI,True,slip3,train,"BTCUSDT,ETHUSDT,BNBUSDT,SOLUSDT,XRPUSDT",backtest đơn lẻ,1
2026-10-10T01:25:16+00:00,S2,S2-i039-htf-no_funding,RSI,True,no_funding,train,"BTCUSDT,ETHUSDT,BNBUSDT,SOLUSDT,XRPUSDT",backtest đơn lẻ,1
2026-10-10T01:25:16+00:00,S2,S2-i040-nohtf-baseline,Stochastic,False,baseline,train,"BTCUSDT,ETHUSDT,BNBUSDT,SOLUSDT,XRPUSDT",backtest đơn lẻ,1
2026-10-10T01:25:16+00:00,S2,S2-i040-nohtf-tp0.80,Stochastic,False,tp0.80,train,"BTCUSDT,ETHUSDT,BNBUSDT,SOLUSDT,XRPUSDT",backtest đơn lẻ,1
2026-10-10T01:25:16+00:00,S2,S2-i040-nohtf-tp1.80,Stochastic,False,tp1.80,train,"BTCUSDT,ETHUSDT,BNBUSDT,SOLUSDT,XRPUSDT",backtest đơn lẻ,1
2026-10-10T01:25:16+00:00,S2,S2-i040-nohtf-sl0.50,Stochastic,False,sl0.50,train,"BTCUSDT,ETHUSDT,BNBUSDT,SOLUSDT,XRPUSDT",backtest đơn lẻ,1
2026-10-10T01:25:16+00:00,S2,S2-i040-nohtf-sl1.20,Stochastic,False,sl1.20,train,"BTCUSDT,ETHUSDT,BNBUSDT,SOLUSDT,XRPUSDT",backtest đơn lẻ,1
2026-10-10T01:25:16+00:00,S2,S2-i040-nohtf-fee0.02,Stochastic,False,fee0.02,train,"BTCUSDT,ETHUSDT,BNBUSDT,SOLUSDT,XRPUSDT",backtest đơn lẻ,1
2026-10-10T01:25:16+00:00,S2,S2-i040-nohtf-fee0.07,Stochastic,False,fee0.07,train,"BTCUSDT,ETHUSDT,BNBUSDT,SOLUSDT,XRPUSDT",backtest đơn lẻ,1
2026-10-10T01:25:16+00:00,S2,S2-i040-nohtf-slip3,Stochastic,False,slip3,train,"BTCUSDT,ETHUSDT,BNBUSDT,SOLUSDT,XRPUSDT",backtest đơn lẻ,1
2026-10-10T01:25:16+00:00,S2,S2-i040-nohtf-no_funding,Stochastic,False,no_funding,train,"BTCUSDT,ETHUSDT,BNBUSDT,SOLUSDT,XRPUSDT",backtest đơn lẻ,1
2026-10-10T01:25:16+00:00,S2,S2-i040-htf-baseline,Stochastic,True,baseline,train,"BTCUSDT,ETHUSDT,BNBUSDT,SOLUSDT,XRPUSDT",backtest đơn lẻ,1
2026-10-10T01:25:16+00:00,S2,S2-i040-htf-tp0.80,Stochastic,True,tp0.80,train,"BTCUSDT,ETHUSDT,BNBUSDT,SOLUSDT,XRPUSDT",backtest đơn lẻ,1
2026-10-10T01:25:16+00:00,S2,S2-i040-htf-tp1.80,Stochastic,True,tp1.80,train,"BTCUSDT,ETHUSDT,BNBUSDT,SOLUSDT,XRPUSDT",backtest đơn lẻ,1
2026-10-10T01:25:16+00:00,S2,S2-i040-htf-sl0.50,Stochastic,True,sl0.50,train,"BTCUSDT,ETHUSDT,BNBUSDT,SOLUSDT,XRPUSDT",backtest đơn lẻ,1
2026-10-10T01:25:16+00:00,S2,S2-i040-htf-sl1.20,Stochastic,True,sl1.20,train,"BTCUSDT,ETHUSDT,BNBUSDT,SOLUSDT,XRPUSDT",backtest đơn lẻ,1
2026-10-10T01:25:16+00:00,S2,S2-i040-htf-fee0.02,Stochastic,True,fee0.02,train,"BTCUSDT,ETHUSDT,BNBUSDT,SOLUSDT,XRPUSDT",backtest đơn lẻ,1
2026-10-10T01:25:16+00:00,S2,S2-i040-htf-fee0.07,Stochastic,True,fee0.07,train,"BTCUSDT,ETHUSDT,BNBUSDT,SOLUSDT,XRPUSDT",backtest đơn lẻ,1
2026-10-10T01:25:16+00:00,S2,S2-i040-htf-slip3,Stochastic,True,slip3,train,"BTCUSDT,ETHUSDT,BNBUSDT,SOLUSDT,XRPUSDT",backtest đơn lẻ,1
2026-10-10T01:25:16+00:00,S2,S2-i040-htf-no_funding,Stochastic,True,no_funding,train,"BTCUSDT,ETHUSDT,BNBUSDT,SOLUSDT,XRPUSDT",backtest đơn lẻ,1
2026-10-10T01:25:16+00:00,S2,S2-i041-nohtf-baseline,Stochastic RSI,False,baseline,train,"BTCUSDT,ETHUSDT,BNBUSDT,SOLUSDT,XRPUSDT",backtest đơn lẻ,1
2026-10-10T01:25:16+00:00,S2,S2-i041-nohtf-tp0.80,Stochastic RSI,False,tp0.80,train,"BTCUSDT,ETHUSDT,BNBUSDT,SOLUSDT,XRPUSDT",backtest đơn lẻ,1
2026-10-10T01:25:16+00:00,S2,S2-i041-nohtf-tp1.80,Stochastic RSI,False,tp1.80,train,"BTCUSDT,ETHUSDT,BNBUSDT,SOLUSDT,XRPUSDT",backtest đơn lẻ,1
2026-10-10T01:25:16+00:00,S2,S2-i041-nohtf-sl0.50,Stochastic RSI,False,sl0.50,train,"BTCUSDT,ETHUSDT,BNBUSDT,SOLUSDT,XRPUSDT",backtest đơn lẻ,1
2026-10-10T01:25:16+00:00,S2,S2-i041-nohtf-sl1.20,Stochastic RSI,False,sl1.20,train,"BTCUSDT,ETHUSDT,BNBUSDT,SOLUSDT,XRPUSDT",backtest đơn lẻ,1
2026-10-10T01:25:16+00:00,S2,S2-i041-nohtf-fee0.02,Stochastic RSI,False,fee0.02,train,"BTCUSDT,ETHUSDT,BNBUSDT,SOLUSDT,XRPUSDT",backtest đơn lẻ,1
2026-10-10T01:25:16+00:00,S2,S2-i041-nohtf-fee0.07,Stochastic RSI,False,fee0.07,train,"BTCUSDT,ETHUSDT,BNBUSDT,SOLUSDT,XRPUSDT",backtest đơn lẻ,1
2026-10-10T01:25:16+00:00,S2,S2-i041-nohtf-slip3,Stochastic RSI,False,slip3,train,"BTCUSDT,ETHUSDT,BNBUSDT,SOLUSDT,XRPUSDT",backtest đơn lẻ,1
2026-10-10T01:25:16+00:00,S2,S2-i041-nohtf-no_funding,Stochastic RSI,False,no_funding,train,"BTCUSDT,ETHUSDT,BNBUSDT,SOLUSDT,XRPUSDT",backtest đơn lẻ,1
2026-10-10T01:25:16+00:00,S2,S2-i041-htf-baseline,Stochastic RSI,True,baseline,train,"BTCUSDT,ETHUSDT,BNBUSDT,SOLUSDT,XRPUSDT",backtest đơn lẻ,1
2026-10-10T01:25:16+00:00,S2,S2-i041-htf-tp0.80,Stochastic RSI,True,tp0.80,train,"BTCUSDT,ETHUSDT,BNBUSDT,SOLUSDT,XRPUSDT",backtest đơn lẻ,1
2026-10-10T01:25:16+00:00,S2,S2-i041-htf-tp1.80,Stochastic RSI,True,tp1.80,train,"BTCUSDT,ETHUSDT,BNBUSDT,SOLUSDT,XRPUSDT",backtest đơn lẻ,1
2026-10-10T01:25:16+00:00,S2,S2-i041-htf-sl0.50,Stochastic RSI,True,sl0.50,train,"BTCUSDT,ETHUSDT,BNBUSDT,SOLUSDT,XRPUSDT",backtest đơn lẻ,1
2026-10-10T01:25:16+00:00,S2,S2-i041-htf-sl1.20,Stochastic RSI,True,sl1.20,train,"BTCUSDT,ETHUSDT,BNBUSDT,SOLUSDT,XRPUSDT",backtest đơn lẻ,1
2026-10-10T01:25:16+00:00,S2,S2-i041-htf-fee0.02,Stochastic RSI,True,fee0.02,train,"BTCUSDT,ETHUSDT,BNBUSDT,SOLUSDT,XRPUSDT",backtest đơn lẻ,1
2026-10-10T01:25:16+00:00,S2,S2-i041-htf-fee0.07,Stochastic RSI,True,fee0.07,train,"BTCUSDT,ETHUSDT,BNBUSDT,SOLUSDT,XRPUSDT",backtest đơn lẻ,1
2026-10-10T01:25:16+00:00,S2,S2-i041-htf-slip3,Stochastic RSI,True,slip3,train,"BTCUSDT,ETHUSDT,BNBUSDT,SOLUSDT,XRPUSDT",backtest đơn lẻ,1
2026-10-10T01:25:16+00:00,S2,S2-i041-htf-no_funding,Stochastic RSI,True,no_funding,train,"BTCUSDT,ETHUSDT,BNBUSDT,SOLUSDT,XRPUSDT",backtest đơn lẻ,1
2026-10-10T01:25:16+00:00,S2,S2-i042-nohtf-baseline,Connors RSI,False,baseline,train,"BTCUSDT,ETHUSDT,BNBUSDT,SOLUSDT,XRPUSDT",backtest đơn lẻ,1
2026-10-10T01:25:16+00:00,S2,S2-i042-nohtf-tp0.80,Connors RSI,False,tp0.80,train,"BTCUSDT,ETHUSDT,BNBUSDT,SOLUSDT,XRPUSDT",backtest đơn lẻ,1
2026-10-10T01:25:16+00:00,S2,S2-i042-nohtf-tp1.80,Connors RSI,False,tp1.80,train,"BTCUSDT,ETHUSDT,BNBUSDT,SOLUSDT,XRPUSDT",backtest đơn lẻ,1
2026-10-10T01:25:16+00:00,S2,S2-i042-nohtf-sl0.50,Connors RSI,False,sl0.50,train,"BTCUSDT,ETHUSDT,BNBUSDT,SOLUSDT,XRPUSDT",backtest đơn lẻ,1
2026-10-10T01:25:16+00:00,S2,S2-i042-nohtf-sl1.20,Connors RSI,False,sl1.20,train,"BTCUSDT,ETHUSDT,BNBUSDT,SOLUSDT,XRPUSDT",backtest đơn lẻ,1
2026-10-10T01:25:16+00:00,S2,S2-i042-nohtf-fee0.02,Connors RSI,False,fee0.02,train,"BTCUSDT,ETHUSDT,BNBUSDT,SOLUSDT,XRPUSDT",backtest đơn lẻ,1
2026-10-10T01:25:16+00:00,S2,S2-i042-nohtf-fee0.07,Connors RSI,False,fee0.07,train,"BTCUSDT,ETHUSDT,BNBUSDT,SOLUSDT,XRPUSDT",backtest đơn lẻ,1
2026-10-10T01:25:16+00:00,S2,S2-i042-nohtf-slip3,Connors RSI,False,slip3,train,"BTCUSDT,ETHUSDT,BNBUSDT,SOLUSDT,XRPUSDT",backtest đơn lẻ,1
2026-10-10T01:25:16+00:00,S2,S2-i042-nohtf-no_funding,Connors RSI,False,no_funding,train,"BTCUSDT,ETHUSDT,BNBUSDT,SOLUSDT,XRPUSDT",backtest đơn lẻ,1
2026-10-10T01:25:16+00:00,S2,S2-i042-htf-baseline,Connors RSI,True,baseline,train,"BTCUSDT,ETHUSDT,BNBUSDT,SOLUSDT,XRPUSDT",backtest đơn lẻ,1
2026-10-10T01:25:16+00:00,S2,S2-i042-htf-tp0.80,Connors RSI,True,tp0.80,train,"BTCUSDT,ETHUSDT,BNBUSDT,SOLUSDT,XRPUSDT",backtest đơn lẻ,1
2026-10-10T01:25:16+00:00,S2,S2-i042-htf-tp1.80,Connors RSI,True,tp1.80,train,"BTCUSDT,ETHUSDT,BNBUSDT,SOLUSDT,XRPUSDT",backtest đơn lẻ,1
2026-10-10T01:25:16+00:00,S2,S2-i042-htf-sl0.50,Connors RSI,True,sl0.50,train,"BTCUSDT,ETHUSDT,BNBUSDT,SOLUSDT,XRPUSDT",backtest đơn lẻ,1
2026-10-10T01:25:16+00:00,S2,S2-i042-htf-sl1.20,Connors RSI,True,sl1.20,train,"BTCUSDT,ETHUSDT,BNBUSDT,SOLUSDT,XRPUSDT",backtest đơn lẻ,1
2026-10-10T01:25:16+00:00,S2,S2-i042-htf-fee0.02,Connors RSI,True,fee0.02,train,"BTCUSDT,ETHUSDT,BNBUSDT,SOLUSDT,XRPUSDT",backtest đơn lẻ,1
2026-10-10T01:25:16+00:00,S2,S2-i042-htf-fee0.07,Connors RSI,True,fee0.07,train,"BTCUSDT,ETHUSDT,BNBUSDT,SOLUSDT,XRPUSDT",backtest đơn lẻ,1
2026-10-10T01:25:16+00:00,S2,S2-i042-htf-slip3,Connors RSI,True,slip3,train,"BTCUSDT,ETHUSDT,BNBUSDT,SOLUSDT,XRPUSDT",backtest đơn lẻ,1
2026-10-10T01:25:16+00:00,S2,S2-i042-htf-no_funding,Connors RSI,True,no_funding,train,"BTCUSDT,ETHUSDT,BNBUSDT,SOLUSDT,XRPUSDT",backtest đơn lẻ,1
2026-10-10T01:25:16+00:00,S2,S2-i043-nohtf-baseline,Awesome Oscillator,False,baseline,train,"BTCUSDT,ETHUSDT,BNBUSDT,SOLUSDT,XRPUSDT",backtest đơn lẻ,1
2026-10-10T01:25:16+00:00,S2,S2-i043-nohtf-tp0.80,Awesome Oscillator,False,tp0.80,train,"BTCUSDT,ETHUSDT,BNBUSDT,SOLUSDT,XRPUSDT",backtest đơn lẻ,1
2026-10-10T01:25:16+00:00,S2,S2-i043-nohtf-tp1.80,Awesome Oscillator,False,tp1.80,train,"BTCUSDT,ETHUSDT,BNBUSDT,SOLUSDT,XRPUSDT",backtest đơn lẻ,1
2026-10-10T01:25:16+00:00,S2,S2-i043-nohtf-sl0.50,Awesome Oscillator,False,sl0.50,train,"BTCUSDT,ETHUSDT,BNBUSDT,SOLUSDT,XRPUSDT",backtest đơn lẻ,1
2026-10-10T01:25:16+00:00,S2,S2-i043-nohtf-sl1.20,Awesome Oscillator,False,sl1.20,train,"BTCUSDT,ETHUSDT,BNBUSDT,SOLUSDT,XRPUSDT",backtest đơn lẻ,1
2026-10-10T01:25:16+00:00,S2,S2-i043-nohtf-fee0.02,Awesome Oscillator,False,fee0.02,train,"BTCUSDT,ETHUSDT,BNBUSDT,SOLUSDT,XRPUSDT",backtest đơn lẻ,1
2026-10-10T01:25:16+00:00,S2,S2-i043-nohtf-fee0.07,Awesome Oscillator,False,fee0.07,train,"BTCUSDT,ETHUSDT,BNBUSDT,SOLUSDT,XRPUSDT",backtest đơn lẻ,1
2026-10-10T01:25:16+00:00,S2,S2-i043-nohtf-slip3,Awesome Oscillator,False,slip3,train,"BTCUSDT,ETHUSDT,BNBUSDT,SOLUSDT,XRPUSDT",backtest đơn lẻ,1
2026-10-10T01:25:16+00:00,S2,S2-i043-nohtf-no_funding,Awesome Oscillator,False,no_funding,train,"BTCUSDT,ETHUSDT,BNBUSDT,SOLUSDT,XRPUSDT",backtest đơn lẻ,1
2026-10-10T01:25:16+00:00,S2,S2-i043-htf-baseline,Awesome Oscillator,True,baseline,train,"BTCUSDT,ETHUSDT,BNBUSDT,SOLUSDT,XRPUSDT",backtest đơn lẻ,1
2026-10-10T01:25:16+00:00,S2,S2-i043-htf-tp0.80,Awesome Oscillator,True,tp0.80,train,"BTCUSDT,ETHUSDT,BNBUSDT,SOLUSDT,XRPUSDT",backtest đơn lẻ,1
2026-10-10T01:25:16+00:00,S2,S2-i043-htf-tp1.80,Awesome Oscillator,True,tp1.80,train,"BTCUSDT,ETHUSDT,BNBUSDT,SOLUSDT,XRPUSDT",backtest đơn lẻ,1
2026-10-10T01:25:16+00:00,S2,S2-i043-htf-sl0.50,Awesome Oscillator,True,sl0.50,train,"BTCUSDT,ETHUSDT,BNBUSDT,SOLUSDT,XRPUSDT",backtest đơn lẻ,1
2026-10-10T01:25:16+00:00,S2,S2-i043-htf-sl1.20,Awesome Oscillator,True,sl1.20,train,"BTCUSDT,ETHUSDT,BNBUSDT,SOLUSDT,XRPUSDT",backtest đơn lẻ,1
2026-10-10T01:25:16+00:00,S2,S2-i043-htf-fee0.02,Awesome Oscillator,True,fee0.02,train,"BTCUSDT,ETHUSDT,BNBUSDT,SOLUSDT,XRPUSDT",backtest đơn lẻ,1
2026-10-10T01:25:16+00:00,S2,S2-i043-htf-fee0.07,Awesome Oscillator,True,fee0.07,train,"BTCUSDT,ETHUSDT,BNBUSDT,SOLUSDT,XRPUSDT",backtest đơn lẻ,1
2026-10-10T01:25:16+00:00,S2,S2-i043-htf-slip3,Awesome Oscillator,True,slip3,train,"BTCUSDT,ETHUSDT,BNBUSDT,SOLUSDT,XRPUSDT",backtest đơn lẻ,1
2026-10-10T01:25:16+00:00,S2,S2-i043-htf-no_funding,Awesome Oscillator,True,no_funding,train,"BTCUSDT,ETHUSDT,BNBUSDT,SOLUSDT,XRPUSDT",backtest đơn lẻ,1
2026-10-10T01:25:16+00:00,S2,S2-i044-nohtf-baseline,Accelerator Oscillator,False,baseline,train,"BTCUSDT,ETHUSDT,BNBUSDT,SOLUSDT,XRPUSDT",backtest đơn lẻ,1
2026-10-10T01:25:16+00:00,S2,S2-i044-nohtf-tp0.80,Accelerator Oscillator,False,tp0.80,train,"BTCUSDT,ETHUSDT,BNBUSDT,SOLUSDT,XRPUSDT",backtest đơn lẻ,1
2026-10-10T01:25:16+00:00,S2,S2-i044-nohtf-tp1.80,Accelerator Oscillator,False,tp1.80,train,"BTCUSDT,ETHUSDT,BNBUSDT,SOLUSDT,XRPUSDT",backtest đơn lẻ,1
2026-10-10T01:25:16+00:00,S2,S2-i044-nohtf-sl0.50,Accelerator Oscillator,False,sl0.50,train,"BTCUSDT,ETHUSDT,BNBUSDT,SOLUSDT,XRPUSDT",backtest đơn lẻ,1
2026-10-10T01:25:16+00:00,S2,S2-i044-nohtf-sl1.20,Accelerator Oscillator,False,sl1.20,train,"BTCUSDT,ETHUSDT,BNBUSDT,SOLUSDT,XRPUSDT",backtest đơn lẻ,1
2026-10-10T01:25:16+00:00,S2,S2-i044-nohtf-fee0.02,Accelerator Oscillator,False,fee0.02,train,"BTCUSDT,ETHUSDT,BNBUSDT,SOLUSDT,XRPUSDT",backtest đơn lẻ,1
2026-10-10T01:25:16+00:00,S2,S2-i044-nohtf-fee0.07,Accelerator Oscillator,False,fee0.07,train,"BTCUSDT,ETHUSDT,BNBUSDT,SOLUSDT,XRPUSDT",backtest đơn lẻ,1
2026-10-10T01:25:16+00:00,S2,S2-i044-nohtf-slip3,Accelerator Oscillator,False,slip3,train,"BTCUSDT,ETHUSDT,BNBUSDT,SOLUSDT,XRPUSDT",backtest đơn lẻ,1
2026-10-10T01:25:16+00:00,S2,S2-i044-nohtf-no_funding,Accelerator Oscillator,False,no_funding,train,"BTCUSDT,ETHUSDT,BNBUSDT,SOLUSDT,XRPUSDT",backtest đơn lẻ,1
2026-10-10T01:25:16+00:00,S2,S2-i044-htf-baseline,Accelerator Oscillator,True,baseline,train,"BTCUSDT,ETHUSDT,BNBUSDT,SOLUSDT,XRPUSDT",backtest đơn lẻ,1
2026-10-10T01:25:16+00:00,S2,S2-i044-htf-tp0.80,Accelerator Oscillator,True,tp0.80,train,"BTCUSDT,ETHUSDT,BNBUSDT,SOLUSDT,XRPUSDT",backtest đơn lẻ,1
2026-10-10T01:25:16+00:00,S2,S2-i044-htf-tp1.80,Accelerator Oscillator,True,tp1.80,train,"BTCUSDT,ETHUSDT,BNBUSDT,SOLUSDT,XRPUSDT",backtest đơn lẻ,1
2026-10-10T01:25:16+00:00,S2,S2-i044-htf-sl0.50,Accelerator Oscillator,True,sl0.50,train,"BTCUSDT,ETHUSDT,BNBUSDT,SOLUSDT,XRPUSDT",backtest đơn lẻ,1
2026-10-10T01:25:16+00:00,S2,S2-i044-htf-sl1.20,Accelerator Oscillator,True,sl1.20,train,"BTCUSDT,ETHUSDT,BNBUSDT,SOLUSDT,XRPUSDT",backtest đơn lẻ,1
2026-10-10T01:25:16+00:00,S2,S2-i044-htf-fee0.02,Accelerator Oscillator,True,fee0.02,train,"BTCUSDT,ETHUSDT,BNBUSDT,SOLUSDT,XRPUSDT",backtest đơn lẻ,1
2026-10-10T01:25:16+00:00,S2,S2-i044-htf-fee0.07,Accelerator Oscillator,True,fee0.07,train,"BTCUSDT,ETHUSDT,BNBUSDT,SOLUSDT,XRPUSDT",backtest đơn lẻ,1
2026-10-10T01:25:16+00:00,S2,S2-i044-htf-slip3,Accelerator Oscillator,True,slip3,train,"BTCUSDT,ETHUSDT,BNBUSDT,SOLUSDT,XRPUSDT",backtest đơn lẻ,1
2026-10-10T01:25:16+00:00,S2,S2-i044-htf-no_funding,Accelerator Oscillator,True,no_funding,train,"BTCUSDT,ETHUSDT,BNBUSDT,SOLUSDT,XRPUSDT",backtest đơn lẻ,1
2026-10-10T01:25:16+00:00,S2,S2-i045-nohtf-baseline,Momentum,False,baseline,train,"BTCUSDT,ETHUSDT,BNBUSDT,SOLUSDT,XRPUSDT",backtest đơn lẻ,1
2026-10-10T01:25:16+00:00,S2,S2-i045-nohtf-tp0.80,Momentum,False,tp0.80,train,"BTCUSDT,ETHUSDT,BNBUSDT,SOLUSDT,XRPUSDT",backtest đơn lẻ,1
2026-10-10T01:25:16+00:00,S2,S2-i045-nohtf-tp1.80,Momentum,False,tp1.80,train,"BTCUSDT,ETHUSDT,BNBUSDT,SOLUSDT,XRPUSDT",backtest đơn lẻ,1
2026-10-10T01:25:16+00:00,S2,S2-i045-nohtf-sl0.50,Momentum,False,sl0.50,train,"BTCUSDT,ETHUSDT,BNBUSDT,SOLUSDT,XRPUSDT",backtest đơn lẻ,1
2026-10-10T01:25:16+00:00,S2,S2-i045-nohtf-sl1.20,Momentum,False,sl1.20,train,"BTCUSDT,ETHUSDT,BNBUSDT,SOLUSDT,XRPUSDT",backtest đơn lẻ,1
2026-10-10T01:25:16+00:00,S2,S2-i045-nohtf-fee0.02,Momentum,False,fee0.02,train,"BTCUSDT,ETHUSDT,BNBUSDT,SOLUSDT,XRPUSDT",backtest đơn lẻ,1
2026-10-10T01:25:16+00:00,S2,S2-i045-nohtf-fee0.07,Momentum,False,fee0.07,train,"BTCUSDT,ETHUSDT,BNBUSDT,SOLUSDT,XRPUSDT",backtest đơn lẻ,1
2026-10-10T01:25:16+00:00,S2,S2-i045-nohtf-slip3,Momentum,False,slip3,train,"BTCUSDT,ETHUSDT,BNBUSDT,SOLUSDT,XRPUSDT",backtest đơn lẻ,1
2026-10-10T01:25:16+00:00,S2,S2-i045-nohtf-no_funding,Momentum,False,no_funding,train,"BTCUSDT,ETHUSDT,BNBUSDT,SOLUSDT,XRPUSDT",backtest đơn lẻ,1
2026-10-10T01:25:16+00:00,S2,S2-i045-htf-baseline,Momentum,True,baseline,train,"BTCUSDT,ETHUSDT,BNBUSDT,SOLUSDT,XRPUSDT",backtest đơn lẻ,1
2026-10-10T01:25:16+00:00,S2,S2-i045-htf-tp0.80,Momentum,True,tp0.80,train,"BTCUSDT,ETHUSDT,BNBUSDT,SOLUSDT,XRPUSDT",backtest đơn lẻ,1
2026-10-10T01:25:16+00:00,S2,S2-i045-htf-tp1.80,Momentum,True,tp1.80,train,"BTCUSDT,ETHUSDT,BNBUSDT,SOLUSDT,XRPUSDT",backtest đơn lẻ,1
2026-10-10T01:25:16+00:00,S2,S2-i045-htf-sl0.50,Momentum,True,sl0.50,train,"BTCUSDT,ETHUSDT,BNBUSDT,SOLUSDT,XRPUSDT",backtest đơn lẻ,1
2026-10-10T01:25:16+00:00,S2,S2-i045-htf-sl1.20,Momentum,True,sl1.20,train,"BTCUSDT,ETHUSDT,BNBUSDT,SOLUSDT,XRPUSDT",backtest đơn lẻ,1
2026-10-10T01:25:16+00:00,S2,S2-i045-htf-fee0.02,Momentum,True,fee0.02,train,"BTCUSDT,ETHUSDT,BNBUSDT,SOLUSDT,XRPUSDT",backtest đơn lẻ,1
2026-10-10T01:25:16+00:00,S2,S2-i045-htf-fee0.07,Momentum,True,fee0.07,train,"BTCUSDT,ETHUSDT,BNBUSDT,SOLUSDT,XRPUSDT",backtest đơn lẻ,1
2026-10-10T01:25:16+00:00,S2,S2-i045-htf-slip3,Momentum,True,slip3,train,"BTCUSDT,ETHUSDT,BNBUSDT,SOLUSDT,XRPUSDT",backtest đơn lẻ,1
2026-10-10T01:25:16+00:00,S2,S2-i045-htf-no_funding,Momentum,True,no_funding,train,"BTCUSDT,ETHUSDT,BNBUSDT,SOLUSDT,XRPUSDT",backtest đơn lẻ,1
2026-10-10T01:25:16+00:00,S2,S2-i046-nohtf-baseline,Chande Momentum Oscillator,False,baseline,train,"BTCUSDT,ETHUSDT,BNBUSDT,SOLUSDT,XRPUSDT",backtest đơn lẻ,1
2026-10-10T01:25:16+00:00,S2,S2-i046-nohtf-tp0.80,Chande Momentum Oscillator,False,tp0.80,train,"BTCUSDT,ETHUSDT,BNBUSDT,SOLUSDT,XRPUSDT",backtest đơn lẻ,1
2026-10-10T01:25:16+00:00,S2,S2-i046-nohtf-tp1.80,Chande Momentum Oscillator,False,tp1.80,train,"BTCUSDT,ETHUSDT,BNBUSDT,SOLUSDT,XRPUSDT",backtest đơn lẻ,1
2026-10-10T01:25:16+00:00,S2,S2-i046-nohtf-sl0.50,Chande Momentum Oscillator,False,sl0.50,train,"BTCUSDT,ETHUSDT,BNBUSDT,SOLUSDT,XRPUSDT",backtest đơn lẻ,1
2026-10-10T01:25:16+00:00,S2,S2-i046-nohtf-sl1.20,Chande Momentum Oscillator,False,sl1.20,train,"BTCUSDT,ETHUSDT,BNBUSDT,SOLUSDT,XRPUSDT",backtest đơn lẻ,1
2026-10-10T01:25:16+00:00,S2,S2-i046-nohtf-fee0.02,Chande Momentum Oscillator,False,fee0.02,train,"BTCUSDT,ETHUSDT,BNBUSDT,SOLUSDT,XRPUSDT",backtest đơn lẻ,1
2026-10-10T01:25:16+00:00,S2,S2-i046-nohtf-fee0.07,Chande Momentum Oscillator,False,fee0.07,train,"BTCUSDT,ETHUSDT,BNBUSDT,SOLUSDT,XRPUSDT",backtest đơn lẻ,1
2026-10-10T01:25:16+00:00,S2,S2-i046-nohtf-slip3,Chande Momentum Oscillator,False,slip3,train,"BTCUSDT,ETHUSDT,BNBUSDT,SOLUSDT,XRPUSDT",backtest đơn lẻ,1
2026-10-10T01:25:16+00:00,S2,S2-i046-nohtf-no_funding,Chande Momentum Oscillator,False,no_funding,train,"BTCUSDT,ETHUSDT,BNBUSDT,SOLUSDT,XRPUSDT",backtest đơn lẻ,1
2026-10-10T01:25:16+00:00,S2,S2-i046-htf-baseline,Chande Momentum Oscillator,True,baseline,train,"BTCUSDT,ETHUSDT,BNBUSDT,SOLUSDT,XRPUSDT",backtest đơn lẻ,1
2026-10-10T01:25:16+00:00,S2,S2-i046-htf-tp0.80,Chande Momentum Oscillator,True,tp0.80,train,"BTCUSDT,ETHUSDT,BNBUSDT,SOLUSDT,XRPUSDT",backtest đơn lẻ,1
2026-10-10T01:25:16+00:00,S2,S2-i046-htf-tp1.80,Chande Momentum Oscillator,True,tp1.80,train,"BTCUSDT,ETHUSDT,BNBUSDT,SOLUSDT,XRPUSDT",backtest đơn lẻ,1
2026-10-10T01:25:16+00:00,S2,S2-i046-htf-sl0.50,Chande Momentum Oscillator,True,sl0.50,train,"BTCUSDT,ETHUSDT,BNBUSDT,SOLUSDT,XRPUSDT",backtest đơn lẻ,1
2026-10-10T01:25:16+00:00,S2,S2-i046-htf-sl1.20,Chande Momentum Oscillator,True,sl1.20,train,"BTCUSDT,ETHUSDT,BNBUSDT,SOLUSDT,XRPUSDT",backtest đơn lẻ,1
2026-10-10T01:25:16+00:00,S2,S2-i046-htf-fee0.02,Chande Momentum Oscillator,True,fee0.02,train,"BTCUSDT,ETHUSDT,BNBUSDT,SOLUSDT,XRPUSDT",backtest đơn lẻ,1
2026-10-10T01:25:16+00:00,S2,S2-i046-htf-fee0.07,Chande Momentum Oscillator,True,fee0.07,train,"BTCUSDT,ETHUSDT,BNBUSDT,SOLUSDT,XRPUSDT",backtest đơn lẻ,1
2026-10-10T01:25:16+00:00,S2,S2-i046-htf-slip3,Chande Momentum Oscillator,True,slip3,train,"BTCUSDT,ETHUSDT,BNBUSDT,SOLUSDT,XRPUSDT",backtest đơn lẻ,1
2026-10-10T01:25:16+00:00,S2,S2-i046-htf-no_funding,Chande Momentum Oscillator,True,no_funding,train,"BTCUSDT,ETHUSDT,BNBUSDT,SOLUSDT,XRPUSDT",backtest đơn lẻ,1
2026-10-10T01:25:16+00:00,S2,S2-i047-nohtf-baseline,Price Oscillator,False,baseline,train,"BTCUSDT,ETHUSDT,BNBUSDT,SOLUSDT,XRPUSDT",backtest đơn lẻ,1
2026-10-10T01:25:16+00:00,S2,S2-i047-nohtf-tp0.80,Price Oscillator,False,tp0.80,train,"BTCUSDT,ETHUSDT,BNBUSDT,SOLUSDT,XRPUSDT",backtest đơn lẻ,1
2026-10-10T01:25:16+00:00,S2,S2-i047-nohtf-tp1.80,Price Oscillator,False,tp1.80,train,"BTCUSDT,ETHUSDT,BNBUSDT,SOLUSDT,XRPUSDT",backtest đơn lẻ,1
2026-10-10T01:25:16+00:00,S2,S2-i047-nohtf-sl0.50,Price Oscillator,False,sl0.50,train,"BTCUSDT,ETHUSDT,BNBUSDT,SOLUSDT,XRPUSDT",backtest đơn lẻ,1
2026-10-10T01:25:16+00:00,S2,S2-i047-nohtf-sl1.20,Price Oscillator,False,sl1.20,train,"BTCUSDT,ETHUSDT,BNBUSDT,SOLUSDT,XRPUSDT",backtest đơn lẻ,1
2026-10-10T01:25:16+00:00,S2,S2-i047-nohtf-fee0.02,Price Oscillator,False,fee0.02,train,"BTCUSDT,ETHUSDT,BNBUSDT,SOLUSDT,XRPUSDT",backtest đơn lẻ,1
2026-10-10T01:25:16+00:00,S2,S2-i047-nohtf-fee0.07,Price Oscillator,False,fee0.07,train,"BTCUSDT,ETHUSDT,BNBUSDT,SOLUSDT,XRPUSDT",backtest đơn lẻ,1
2026-10-10T01:25:16+00:00,S2,S2-i047-nohtf-slip3,Price Oscillator,False,slip3,train,"BTCUSDT,ETHUSDT,BNBUSDT,SOLUSDT,XRPUSDT",backtest đơn lẻ,1
2026-10-10T01:25:16+00:00,S2,S2-i047-nohtf-no_funding,Price Oscillator,False,no_funding,train,"BTCUSDT,ETHUSDT,BNBUSDT,SOLUSDT,XRPUSDT",backtest đơn lẻ,1
2026-10-10T01:25:16+00:00,S2,S2-i047-htf-baseline,Price Oscillator,True,baseline,train,"BTCUSDT,ETHUSDT,BNBUSDT,SOLUSDT,XRPUSDT",backtest đơn lẻ,1
2026-10-10T01:25:16+00:00,S2,S2-i047-htf-tp0.80,Price Oscillator,True,tp0.80,train,"BTCUSDT,ETHUSDT,BNBUSDT,SOLUSDT,XRPUSDT",backtest đơn lẻ,1
2026-10-10T01:25:16+00:00,S2,S2-i047-htf-tp1.80,Price Oscillator,True,tp1.80,train,"BTCUSDT,ETHUSDT,BNBUSDT,SOLUSDT,XRPUSDT",backtest đơn lẻ,1
2026-10-10T01:25:16+00:00,S2,S2-i047-htf-sl0.50,Price Oscillator,True,sl0.50,train,"BTCUSDT,ETHUSDT,BNBUSDT,SOLUSDT,XRPUSDT",backtest đơn lẻ,1
2026-10-10T01:25:16+00:00,S2,S2-i047-htf-sl1.20,Price Oscillator,True,sl1.20,train,"BTCUSDT,ETHUSDT,BNBUSDT,SOLUSDT,XRPUSDT",backtest đơn lẻ,1
2026-10-10T01:25:16+00:00,S2,S2-i047-htf-fee0.02,Price Oscillator,True,fee0.02,train,"BTCUSDT,ETHUSDT,BNBUSDT,SOLUSDT,XRPUSDT",backtest đơn lẻ,1
2026-10-10T01:25:16+00:00,S2,S2-i047-htf-fee0.07,Price Oscillator,True,fee0.07,train,"BTCUSDT,ETHUSDT,BNBUSDT,SOLUSDT,XRPUSDT",backtest đơn lẻ,1
2026-10-10T01:25:16+00:00,S2,S2-i047-htf-slip3,Price Oscillator,True,slip3,train,"BTCUSDT,ETHUSDT,BNBUSDT,SOLUSDT,XRPUSDT",backtest đơn lẻ,1
2026-10-10T01:25:16+00:00,S2,S2-i047-htf-no_funding,Price Oscillator,True,no_funding,train,"BTCUSDT,ETHUSDT,BNBUSDT,SOLUSDT,XRPUSDT",backtest đơn lẻ,1
2026-10-10T01:25:16+00:00,S2,S2-i048-nohtf-baseline,Detrended Price Oscillator,False,baseline,train,"BTCUSDT,ETHUSDT,BNBUSDT,SOLUSDT,XRPUSDT",backtest đơn lẻ,1
2026-10-10T01:25:16+00:00,S2,S2-i048-nohtf-tp0.80,Detrended Price Oscillator,False,tp0.80,train,"BTCUSDT,ETHUSDT,BNBUSDT,SOLUSDT,XRPUSDT",backtest đơn lẻ,1
2026-10-10T01:25:16+00:00,S2,S2-i048-nohtf-tp1.80,Detrended Price Oscillator,False,tp1.80,train,"BTCUSDT,ETHUSDT,BNBUSDT,SOLUSDT,XRPUSDT",backtest đơn lẻ,1
2026-10-10T01:25:16+00:00,S2,S2-i048-nohtf-sl0.50,Detrended Price Oscillator,False,sl0.50,train,"BTCUSDT,ETHUSDT,BNBUSDT,SOLUSDT,XRPUSDT",backtest đơn lẻ,1
2026-10-10T01:25:16+00:00,S2,S2-i048-nohtf-sl1.20,Detrended Price Oscillator,False,sl1.20,train,"BTCUSDT,ETHUSDT,BNBUSDT,SOLUSDT,XRPUSDT",backtest đơn lẻ,1
2026-10-10T01:25:16+00:00,S2,S2-i048-nohtf-fee0.02,Detrended Price Oscillator,False,fee0.02,train,"BTCUSDT,ETHUSDT,BNBUSDT,SOLUSDT,XRPUSDT",backtest đơn lẻ,1
2026-10-10T01:25:16+00:00,S2,S2-i048-nohtf-fee0.07,Detrended Price Oscillator,False,fee0.07,train,"BTCUSDT,ETHUSDT,BNBUSDT,SOLUSDT,XRPUSDT",backtest đơn lẻ,1
2026-10-10T01:25:16+00:00,S2,S2-i048-nohtf-slip3,Detrended Price Oscillator,False,slip3,train,"BTCUSDT,ETHUSDT,BNBUSDT,SOLUSDT,XRPUSDT",backtest đơn lẻ,1
2026-10-10T01:25:16+00:00,S2,S2-i048-nohtf-no_funding,Detrended Price Oscillator,False,no_funding,train,"BTCUSDT,ETHUSDT,BNBUSDT,SOLUSDT,XRPUSDT",backtest đơn lẻ,1
2026-10-10T01:25:16+00:00,S2,S2-i048-htf-baseline,Detrended Price Oscillator,True,baseline,train,"BTCUSDT,ETHUSDT,BNBUSDT,SOLUSDT,XRPUSDT",backtest đơn lẻ,1
2026-10-10T01:25:16+00:00,S2,S2-i048-htf-tp0.80,Detrended Price Oscillator,True,tp0.80,train,"BTCUSDT,ETHUSDT,BNBUSDT,SOLUSDT,XRPUSDT",backtest đơn lẻ,1
2026-10-10T01:25:16+00:00,S2,S2-i048-htf-tp1.80,Detrended Price Oscillator,True,tp1.80,train,"BTCUSDT,ETHUSDT,BNBUSDT,SOLUSDT,XRPUSDT",backtest đơn lẻ,1
2026-10-10T01:25:16+00:00,S2,S2-i048-htf-sl0.50,Detrended Price Oscillator,True,sl0.50,train,"BTCUSDT,ETHUSDT,BNBUSDT,SOLUSDT,XRPUSDT",backtest đơn lẻ,1
2026-10-10T01:25:16+00:00,S2,S2-i048-htf-sl1.20,Detrended Price Oscillator,True,sl1.20,train,"BTCUSDT,ETHUSDT,BNBUSDT,SOLUSDT,XRPUSDT",backtest đơn lẻ,1
2026-10-10T01:25:16+00:00,S2,S2-i048-htf-fee0.02,Detrended Price Oscillator,True,fee0.02,train,"BTCUSDT,ETHUSDT,BNBUSDT,SOLUSDT,XRPUSDT",backtest đơn lẻ,1
2026-10-10T01:25:16+00:00,S2,S2-i048-htf-fee0.07,Detrended Price Oscillator,True,fee0.07,train,"BTCUSDT,ETHUSDT,BNBUSDT,SOLUSDT,XRPUSDT",backtest đơn lẻ,1
2026-10-10T01:25:16+00:00,S2,S2-i048-htf-slip3,Detrended Price Oscillator,True,slip3,train,"BTCUSDT,ETHUSDT,BNBUSDT,SOLUSDT,XRPUSDT",backtest đơn lẻ,1
2026-10-10T01:25:16+00:00,S2,S2-i048-htf-no_funding,Detrended Price Oscillator,True,no_funding,train,"BTCUSDT,ETHUSDT,BNBUSDT,SOLUSDT,XRPUSDT",backtest đơn lẻ,1
2026-10-10T01:25:16+00:00,S2,S2-i049-nohtf-baseline,TRIX,False,baseline,train,"BTCUSDT,ETHUSDT,BNBUSDT,SOLUSDT,XRPUSDT",backtest đơn lẻ,1
2026-10-10T01:25:16+00:00,S2,S2-i049-nohtf-tp0.80,TRIX,False,tp0.80,train,"BTCUSDT,ETHUSDT,BNBUSDT,SOLUSDT,XRPUSDT",backtest đơn lẻ,1
2026-10-10T01:25:16+00:00,S2,S2-i049-nohtf-tp1.80,TRIX,False,tp1.80,train,"BTCUSDT,ETHUSDT,BNBUSDT,SOLUSDT,XRPUSDT",backtest đơn lẻ,1
2026-10-10T01:25:16+00:00,S2,S2-i049-nohtf-sl0.50,TRIX,False,sl0.50,train,"BTCUSDT,ETHUSDT,BNBUSDT,SOLUSDT,XRPUSDT",backtest đơn lẻ,1
2026-10-10T01:25:16+00:00,S2,S2-i049-nohtf-sl1.20,TRIX,False,sl1.20,train,"BTCUSDT,ETHUSDT,BNBUSDT,SOLUSDT,XRPUSDT",backtest đơn lẻ,1
2026-10-10T01:25:16+00:00,S2,S2-i049-nohtf-fee0.02,TRIX,False,fee0.02,train,"BTCUSDT,ETHUSDT,BNBUSDT,SOLUSDT,XRPUSDT",backtest đơn lẻ,1
2026-10-10T01:25:16+00:00,S2,S2-i049-nohtf-fee0.07,TRIX,False,fee0.07,train,"BTCUSDT,ETHUSDT,BNBUSDT,SOLUSDT,XRPUSDT",backtest đơn lẻ,1
2026-10-10T01:25:16+00:00,S2,S2-i049-nohtf-slip3,TRIX,False,slip3,train,"BTCUSDT,ETHUSDT,BNBUSDT,SOLUSDT,XRPUSDT",backtest đơn lẻ,1
2026-10-10T01:25:16+00:00,S2,S2-i049-nohtf-no_funding,TRIX,False,no_funding,train,"BTCUSDT,ETHUSDT,BNBUSDT,SOLUSDT,XRPUSDT",backtest đơn lẻ,1
2026-10-10T01:25:16+00:00,S2,S2-i049-htf-baseline,TRIX,True,baseline,train,"BTCUSDT,ETHUSDT,BNBUSDT,SOLUSDT,XRPUSDT",backtest đơn lẻ,1
2026-10-10T01:25:16+00:00,S2,S2-i049-htf-tp0.80,TRIX,True,tp0.80,train,"BTCUSDT,ETHUSDT,BNBUSDT,SOLUSDT,XRPUSDT",backtest đơn lẻ,1
2026-10-10T01:25:16+00:00,S2,S2-i049-htf-tp1.80,TRIX,True,tp1.80,train,"BTCUSDT,ETHUSDT,BNBUSDT,SOLUSDT,XRPUSDT",backtest đơn lẻ,1
2026-10-10T01:25:16+00:00,S2,S2-i049-htf-sl0.50,TRIX,True,sl0.50,train,"BTCUSDT,ETHUSDT,BNBUSDT,SOLUSDT,XRPUSDT",backtest đơn lẻ,1
2026-10-10T01:25:16+00:00,S2,S2-i049-htf-sl1.20,TRIX,True,sl1.20,train,"BTCUSDT,ETHUSDT,BNBUSDT,SOLUSDT,XRPUSDT",backtest đơn lẻ,1
2026-10-10T01:25:16+00:00,S2,S2-i049-htf-fee0.02,TRIX,True,fee0.02,train,"BTCUSDT,ETHUSDT,BNBUSDT,SOLUSDT,XRPUSDT",backtest đơn lẻ,1
2026-10-10T01:25:16+00:00,S2,S2-i049-htf-fee0.07,TRIX,True,fee0.07,train,"BTCUSDT,ETHUSDT,BNBUSDT,SOLUSDT,XRPUSDT",backtest đơn lẻ,1
2026-10-10T01:25:16+00:00,S2,S2-i049-htf-slip3,TRIX,True,slip3,train,"BTCUSDT,ETHUSDT,BNBUSDT,SOLUSDT,XRPUSDT",backtest đơn lẻ,1
2026-10-10T01:25:16+00:00,S2,S2-i049-htf-no_funding,TRIX,True,no_funding,train,"BTCUSDT,ETHUSDT,BNBUSDT,SOLUSDT,XRPUSDT",backtest đơn lẻ,1
2026-10-10T01:25:16+00:00,S2,S2-i050-nohtf-baseline,Fisher Transform,False,baseline,train,"BTCUSDT,ETHUSDT,BNBUSDT,SOLUSDT,XRPUSDT",backtest đơn lẻ,1
2026-10-10T01:25:16+00:00,S2,S2-i050-nohtf-tp0.80,Fisher Transform,False,tp0.80,train,"BTCUSDT,ETHUSDT,BNBUSDT,SOLUSDT,XRPUSDT",backtest đơn lẻ,1
2026-10-10T01:25:16+00:00,S2,S2-i050-nohtf-tp1.80,Fisher Transform,False,tp1.80,train,"BTCUSDT,ETHUSDT,BNBUSDT,SOLUSDT,XRPUSDT",backtest đơn lẻ,1
2026-10-10T01:25:16+00:00,S2,S2-i050-nohtf-sl0.50,Fisher Transform,False,sl0.50,train,"BTCUSDT,ETHUSDT,BNBUSDT,SOLUSDT,XRPUSDT",backtest đơn lẻ,1
2026-10-10T01:25:16+00:00,S2,S2-i050-nohtf-sl1.20,Fisher Transform,False,sl1.20,train,"BTCUSDT,ETHUSDT,BNBUSDT,SOLUSDT,XRPUSDT",backtest đơn lẻ,1
2026-10-10T01:25:16+00:00,S2,S2-i050-nohtf-fee0.02,Fisher Transform,False,fee0.02,train,"BTCUSDT,ETHUSDT,BNBUSDT,SOLUSDT,XRPUSDT",backtest đơn lẻ,1
2026-10-10T01:25:16+00:00,S2,S2-i050-nohtf-fee0.07,Fisher Transform,False,fee0.07,train,"BTCUSDT,ETHUSDT,BNBUSDT,SOLUSDT,XRPUSDT",backtest đơn lẻ,1
2026-10-10T01:25:16+00:00,S2,S2-i050-nohtf-slip3,Fisher Transform,False,slip3,train,"BTCUSDT,ETHUSDT,BNBUSDT,SOLUSDT,XRPUSDT",backtest đơn lẻ,1
2026-10-10T01:25:16+00:00,S2,S2-i050-nohtf-no_funding,Fisher Transform,False,no_funding,train,"BTCUSDT,ETHUSDT,BNBUSDT,SOLUSDT,XRPUSDT",backtest đơn lẻ,1
2026-10-10T01:25:16+00:00,S2,S2-i050-htf-baseline,Fisher Transform,True,baseline,train,"BTCUSDT,ETHUSDT,BNBUSDT,SOLUSDT,XRPUSDT",backtest đơn lẻ,1
2026-10-10T01:25:16+00:00,S2,S2-i050-htf-tp0.80,Fisher Transform,True,tp0.80,train,"BTCUSDT,ETHUSDT,BNBUSDT,SOLUSDT,XRPUSDT",backtest đơn lẻ,1
2026-10-10T01:25:16+00:00,S2,S2-i050-htf-tp1.80,Fisher Transform,True,tp1.80,train,"BTCUSDT,ETHUSDT,BNBUSDT,SOLUSDT,XRPUSDT",backtest đơn lẻ,1
2026-10-10T01:25:16+00:00,S2,S2-i050-htf-sl0.50,Fisher Transform,True,sl0.50,train,"BTCUSDT,ETHUSDT,BNBUSDT,SOLUSDT,XRPUSDT",backtest đơn lẻ,1
2026-10-10T01:25:16+00:00,S2,S2-i050-htf-sl1.20,Fisher Transform,True,sl1.20,train,"BTCUSDT,ETHUSDT,BNBUSDT,SOLUSDT,XRPUSDT",backtest đơn lẻ,1
2026-10-10T01:25:16+00:00,S2,S2-i050-htf-fee0.02,Fisher Transform,True,fee0.02,train,"BTCUSDT,ETHUSDT,BNBUSDT,SOLUSDT,XRPUSDT",backtest đơn lẻ,1
2026-10-10T01:25:16+00:00,S2,S2-i050-htf-fee0.07,Fisher Transform,True,fee0.07,train,"BTCUSDT,ETHUSDT,BNBUSDT,SOLUSDT,XRPUSDT",backtest đơn lẻ,1
2026-10-10T01:25:16+00:00,S2,S2-i050-htf-slip3,Fisher Transform,True,slip3,train,"BTCUSDT,ETHUSDT,BNBUSDT,SOLUSDT,XRPUSDT",backtest đơn lẻ,1
2026-10-10T01:25:16+00:00,S2,S2-i050-htf-no_funding,Fisher Transform,True,no_funding,train,"BTCUSDT,ETHUSDT,BNBUSDT,SOLUSDT,XRPUSDT",backtest đơn lẻ,1
2026-10-10T01:25:16+00:00,S2,S2-i051-nohtf-baseline,Ultimate Oscillator,False,baseline,train,"BTCUSDT,ETHUSDT,BNBUSDT,SOLUSDT,XRPUSDT",backtest đơn lẻ,1
2026-10-10T01:25:16+00:00,S2,S2-i051-nohtf-tp0.80,Ultimate Oscillator,False,tp0.80,train,"BTCUSDT,ETHUSDT,BNBUSDT,SOLUSDT,XRPUSDT",backtest đơn lẻ,1
2026-10-10T01:25:16+00:00,S2,S2-i051-nohtf-tp1.80,Ultimate Oscillator,False,tp1.80,train,"BTCUSDT,ETHUSDT,BNBUSDT,SOLUSDT,XRPUSDT",backtest đơn lẻ,1
2026-10-10T01:25:16+00:00,S2,S2-i051-nohtf-sl0.50,Ultimate Oscillator,False,sl0.50,train,"BTCUSDT,ETHUSDT,BNBUSDT,SOLUSDT,XRPUSDT",backtest đơn lẻ,1
2026-10-10T01:25:16+00:00,S2,S2-i051-nohtf-sl1.20,Ultimate Oscillator,False,sl1.20,train,"BTCUSDT,ETHUSDT,BNBUSDT,SOLUSDT,XRPUSDT",backtest đơn lẻ,1
2026-10-10T01:25:16+00:00,S2,S2-i051-nohtf-fee0.02,Ultimate Oscillator,False,fee0.02,train,"BTCUSDT,ETHUSDT,BNBUSDT,SOLUSDT,XRPUSDT",backtest đơn lẻ,1
2026-10-10T01:25:16+00:00,S2,S2-i051-nohtf-fee0.07,Ultimate Oscillator,False,fee0.07,train,"BTCUSDT,ETHUSDT,BNBUSDT,SOLUSDT,XRPUSDT",backtest đơn lẻ,1
2026-10-10T01:25:16+00:00,S2,S2-i051-nohtf-slip3,Ultimate Oscillator,False,slip3,train,"BTCUSDT,ETHUSDT,BNBUSDT,SOLUSDT,XRPUSDT",backtest đơn lẻ,1
2026-10-10T01:25:16+00:00,S2,S2-i051-nohtf-no_funding,Ultimate Oscillator,False,no_funding,train,"BTCUSDT,ETHUSDT,BNBUSDT,SOLUSDT,XRPUSDT",backtest đơn lẻ,1
2026-10-10T01:25:16+00:00,S2,S2-i051-htf-baseline,Ultimate Oscillator,True,baseline,train,"BTCUSDT,ETHUSDT,BNBUSDT,SOLUSDT,XRPUSDT",backtest đơn lẻ,1
2026-10-10T01:25:16+00:00,S2,S2-i051-htf-tp0.80,Ultimate Oscillator,True,tp0.80,train,"BTCUSDT,ETHUSDT,BNBUSDT,SOLUSDT,XRPUSDT",backtest đơn lẻ,1
2026-10-10T01:25:16+00:00,S2,S2-i051-htf-tp1.80,Ultimate Oscillator,True,tp1.80,train,"BTCUSDT,ETHUSDT,BNBUSDT,SOLUSDT,XRPUSDT",backtest đơn lẻ,1
2026-10-10T01:25:16+00:00,S2,S2-i051-htf-sl0.50,Ultimate Oscillator,True,sl0.50,train,"BTCUSDT,ETHUSDT,BNBUSDT,SOLUSDT,XRPUSDT",backtest đơn lẻ,1
2026-10-10T01:25:16+00:00,S2,S2-i051-htf-sl1.20,Ultimate Oscillator,True,sl1.20,train,"BTCUSDT,ETHUSDT,BNBUSDT,SOLUSDT,XRPUSDT",backtest đơn lẻ,1
2026-10-10T01:25:16+00:00,S2,S2-i051-htf-fee0.02,Ultimate Oscillator,True,fee0.02,train,"BTCUSDT,ETHUSDT,BNBUSDT,SOLUSDT,XRPUSDT",backtest đơn lẻ,1
2026-10-10T01:25:16+00:00,S2,S2-i051-htf-fee0.07,Ultimate Oscillator,True,fee0.07,train,"BTCUSDT,ETHUSDT,BNBUSDT,SOLUSDT,XRPUSDT",backtest đơn lẻ,1
2026-10-10T01:25:16+00:00,S2,S2-i051-htf-slip3,Ultimate Oscillator,True,slip3,train,"BTCUSDT,ETHUSDT,BNBUSDT,SOLUSDT,XRPUSDT",backtest đơn lẻ,1
2026-10-10T01:25:16+00:00,S2,S2-i051-htf-no_funding,Ultimate Oscillator,True,no_funding,train,"BTCUSDT,ETHUSDT,BNBUSDT,SOLUSDT,XRPUSDT",backtest đơn lẻ,1
2026-10-10T01:25:16+00:00,S2,S2-i052-nohtf-baseline,Williams %R,False,baseline,train,"BTCUSDT,ETHUSDT,BNBUSDT,SOLUSDT,XRPUSDT",backtest đơn lẻ,1
2026-10-10T01:25:16+00:00,S2,S2-i052-nohtf-tp0.80,Williams %R,False,tp0.80,train,"BTCUSDT,ETHUSDT,BNBUSDT,SOLUSDT,XRPUSDT",backtest đơn lẻ,1
2026-10-10T01:25:16+00:00,S2,S2-i052-nohtf-tp1.80,Williams %R,False,tp1.80,train,"BTCUSDT,ETHUSDT,BNBUSDT,SOLUSDT,XRPUSDT",backtest đơn lẻ,1
2026-10-10T01:25:16+00:00,S2,S2-i052-nohtf-sl0.50,Williams %R,False,sl0.50,train,"BTCUSDT,ETHUSDT,BNBUSDT,SOLUSDT,XRPUSDT",backtest đơn lẻ,1
2026-10-10T01:25:16+00:00,S2,S2-i052-nohtf-sl1.20,Williams %R,False,sl1.20,train,"BTCUSDT,ETHUSDT,BNBUSDT,SOLUSDT,XRPUSDT",backtest đơn lẻ,1
2026-10-10T01:25:16+00:00,S2,S2-i052-nohtf-fee0.02,Williams %R,False,fee0.02,train,"BTCUSDT,ETHUSDT,BNBUSDT,SOLUSDT,XRPUSDT",backtest đơn lẻ,1
2026-10-10T01:25:16+00:00,S2,S2-i052-nohtf-fee0.07,Williams %R,False,fee0.07,train,"BTCUSDT,ETHUSDT,BNBUSDT,SOLUSDT,XRPUSDT",backtest đơn lẻ,1
2026-10-10T01:25:16+00:00,S2,S2-i052-nohtf-slip3,Williams %R,False,slip3,train,"BTCUSDT,ETHUSDT,BNBUSDT,SOLUSDT,XRPUSDT",backtest đơn lẻ,1
2026-10-10T01:25:16+00:00,S2,S2-i052-nohtf-no_funding,Williams %R,False,no_funding,train,"BTCUSDT,ETHUSDT,BNBUSDT,SOLUSDT,XRPUSDT",backtest đơn lẻ,1
2026-10-10T01:25:16+00:00,S2,S2-i052-htf-baseline,Williams %R,True,baseline,train,"BTCUSDT,ETHUSDT,BNBUSDT,SOLUSDT,XRPUSDT",backtest đơn lẻ,1
2026-10-10T01:25:16+00:00,S2,S2-i052-htf-tp0.80,Williams %R,True,tp0.80,train,"BTCUSDT,ETHUSDT,BNBUSDT,SOLUSDT,XRPUSDT",backtest đơn lẻ,1
2026-10-10T01:25:16+00:00,S2,S2-i052-htf-tp1.80,Williams %R,True,tp1.80,train,"BTCUSDT,ETHUSDT,BNBUSDT,SOLUSDT,XRPUSDT",backtest đơn lẻ,1
2026-10-10T01:25:16+00:00,S2,S2-i052-htf-sl0.50,Williams %R,True,sl0.50,train,"BTCUSDT,ETHUSDT,BNBUSDT,SOLUSDT,XRPUSDT",backtest đơn lẻ,1
2026-10-10T01:25:16+00:00,S2,S2-i052-htf-sl1.20,Williams %R,True,sl1.20,train,"BTCUSDT,ETHUSDT,BNBUSDT,SOLUSDT,XRPUSDT",backtest đơn lẻ,1
2026-10-10T01:25:16+00:00,S2,S2-i052-htf-fee0.02,Williams %R,True,fee0.02,train,"BTCUSDT,ETHUSDT,BNBUSDT,SOLUSDT,XRPUSDT",backtest đơn lẻ,1
2026-10-10T01:25:16+00:00,S2,S2-i052-htf-fee0.07,Williams %R,True,fee0.07,train,"BTCUSDT,ETHUSDT,BNBUSDT,SOLUSDT,XRPUSDT",backtest đơn lẻ,1
2026-10-10T01:25:16+00:00,S2,S2-i052-htf-slip3,Williams %R,True,slip3,train,"BTCUSDT,ETHUSDT,BNBUSDT,SOLUSDT,XRPUSDT",backtest đơn lẻ,1
2026-10-10T01:25:16+00:00,S2,S2-i052-htf-no_funding,Williams %R,True,no_funding,train,"BTCUSDT,ETHUSDT,BNBUSDT,SOLUSDT,XRPUSDT",backtest đơn lẻ,1
2026-10-10T01:25:16+00:00,S2,S2-i053-nohtf-baseline,SMI Ergodic,False,baseline,train,"BTCUSDT,ETHUSDT,BNBUSDT,SOLUSDT,XRPUSDT",backtest đơn lẻ,1
2026-10-10T01:25:16+00:00,S2,S2-i053-nohtf-tp0.80,SMI Ergodic,False,tp0.80,train,"BTCUSDT,ETHUSDT,BNBUSDT,SOLUSDT,XRPUSDT",backtest đơn lẻ,1
2026-10-10T01:25:16+00:00,S2,S2-i053-nohtf-tp1.80,SMI Ergodic,False,tp1.80,train,"BTCUSDT,ETHUSDT,BNBUSDT,SOLUSDT,XRPUSDT",backtest đơn lẻ,1
2026-10-10T01:25:16+00:00,S2,S2-i053-nohtf-sl0.50,SMI Ergodic,False,sl0.50,train,"BTCUSDT,ETHUSDT,BNBUSDT,SOLUSDT,XRPUSDT",backtest đơn lẻ,1
2026-10-10T01:25:16+00:00,S2,S2-i053-nohtf-sl1.20,SMI Ergodic,False,sl1.20,train,"BTCUSDT,ETHUSDT,BNBUSDT,SOLUSDT,XRPUSDT",backtest đơn lẻ,1
2026-10-10T01:25:16+00:00,S2,S2-i053-nohtf-fee0.02,SMI Ergodic,False,fee0.02,train,"BTCUSDT,ETHUSDT,BNBUSDT,SOLUSDT,XRPUSDT",backtest đơn lẻ,1
2026-10-10T01:25:16+00:00,S2,S2-i053-nohtf-fee0.07,SMI Ergodic,False,fee0.07,train,"BTCUSDT,ETHUSDT,BNBUSDT,SOLUSDT,XRPUSDT",backtest đơn lẻ,1
2026-10-10T01:25:16+00:00,S2,S2-i053-nohtf-slip3,SMI Ergodic,False,slip3,train,"BTCUSDT,ETHUSDT,BNBUSDT,SOLUSDT,XRPUSDT",backtest đơn lẻ,1
2026-10-10T01:25:16+00:00,S2,S2-i053-nohtf-no_funding,SMI Ergodic,False,no_funding,train,"BTCUSDT,ETHUSDT,BNBUSDT,SOLUSDT,XRPUSDT",backtest đơn lẻ,1
2026-10-10T01:25:16+00:00,S2,S2-i053-htf-baseline,SMI Ergodic,True,baseline,train,"BTCUSDT,ETHUSDT,BNBUSDT,SOLUSDT,XRPUSDT",backtest đơn lẻ,1
2026-10-10T01:25:16+00:00,S2,S2-i053-htf-tp0.80,SMI Ergodic,True,tp0.80,train,"BTCUSDT,ETHUSDT,BNBUSDT,SOLUSDT,XRPUSDT",backtest đơn lẻ,1
2026-10-10T01:25:16+00:00,S2,S2-i053-htf-tp1.80,SMI Ergodic,True,tp1.80,train,"BTCUSDT,ETHUSDT,BNBUSDT,SOLUSDT,XRPUSDT",backtest đơn lẻ,1
2026-10-10T01:25:16+00:00,S2,S2-i053-htf-sl0.50,SMI Ergodic,True,sl0.50,train,"BTCUSDT,ETHUSDT,BNBUSDT,SOLUSDT,XRPUSDT",backtest đơn lẻ,1
2026-10-10T01:25:16+00:00,S2,S2-i053-htf-sl1.20,SMI Ergodic,True,sl1.20,train,"BTCUSDT,ETHUSDT,BNBUSDT,SOLUSDT,XRPUSDT",backtest đơn lẻ,1
2026-10-10T01:25:16+00:00,S2,S2-i053-htf-fee0.02,SMI Ergodic,True,fee0.02,train,"BTCUSDT,ETHUSDT,BNBUSDT,SOLUSDT,XRPUSDT",backtest đơn lẻ,1
2026-10-10T01:25:16+00:00,S2,S2-i053-htf-fee0.07,SMI Ergodic,True,fee0.07,train,"BTCUSDT,ETHUSDT,BNBUSDT,SOLUSDT,XRPUSDT",backtest đơn lẻ,1
2026-10-10T01:25:16+00:00,S2,S2-i053-htf-slip3,SMI Ergodic,True,slip3,train,"BTCUSDT,ETHUSDT,BNBUSDT,SOLUSDT,XRPUSDT",backtest đơn lẻ,1
2026-10-10T01:25:16+00:00,S2,S2-i053-htf-no_funding,SMI Ergodic,True,no_funding,train,"BTCUSDT,ETHUSDT,BNBUSDT,SOLUSDT,XRPUSDT",backtest đơn lẻ,1
2026-10-10T01:25:16+00:00,S2,S2-i054-nohtf-baseline,Relative Vigor Index,False,baseline,train,"BTCUSDT,ETHUSDT,BNBUSDT,SOLUSDT,XRPUSDT",backtest đơn lẻ,1
2026-10-10T01:25:16+00:00,S2,S2-i054-nohtf-tp0.80,Relative Vigor Index,False,tp0.80,train,"BTCUSDT,ETHUSDT,BNBUSDT,SOLUSDT,XRPUSDT",backtest đơn lẻ,1
2026-10-10T01:25:16+00:00,S2,S2-i054-nohtf-tp1.80,Relative Vigor Index,False,tp1.80,train,"BTCUSDT,ETHUSDT,BNBUSDT,SOLUSDT,XRPUSDT",backtest đơn lẻ,1
2026-10-10T01:25:16+00:00,S2,S2-i054-nohtf-sl0.50,Relative Vigor Index,False,sl0.50,train,"BTCUSDT,ETHUSDT,BNBUSDT,SOLUSDT,XRPUSDT",backtest đơn lẻ,1
2026-10-10T01:25:16+00:00,S2,S2-i054-nohtf-sl1.20,Relative Vigor Index,False,sl1.20,train,"BTCUSDT,ETHUSDT,BNBUSDT,SOLUSDT,XRPUSDT",backtest đơn lẻ,1
2026-10-10T01:25:16+00:00,S2,S2-i054-nohtf-fee0.02,Relative Vigor Index,False,fee0.02,train,"BTCUSDT,ETHUSDT,BNBUSDT,SOLUSDT,XRPUSDT",backtest đơn lẻ,1
2026-10-10T01:25:16+00:00,S2,S2-i054-nohtf-fee0.07,Relative Vigor Index,False,fee0.07,train,"BTCUSDT,ETHUSDT,BNBUSDT,SOLUSDT,XRPUSDT",backtest đơn lẻ,1
2026-10-10T01:25:16+00:00,S2,S2-i054-nohtf-slip3,Relative Vigor Index,False,slip3,train,"BTCUSDT,ETHUSDT,BNBUSDT,SOLUSDT,XRPUSDT",backtest đơn lẻ,1
2026-10-10T01:25:16+00:00,S2,S2-i054-nohtf-no_funding,Relative Vigor Index,False,no_funding,train,"BTCUSDT,ETHUSDT,BNBUSDT,SOLUSDT,XRPUSDT",backtest đơn lẻ,1
2026-10-10T01:25:16+00:00,S2,S2-i054-htf-baseline,Relative Vigor Index,True,baseline,train,"BTCUSDT,ETHUSDT,BNBUSDT,SOLUSDT,XRPUSDT",backtest đơn lẻ,1
2026-10-10T01:25:16+00:00,S2,S2-i054-htf-tp0.80,Relative Vigor Index,True,tp0.80,train,"BTCUSDT,ETHUSDT,BNBUSDT,SOLUSDT,XRPUSDT",backtest đơn lẻ,1
2026-10-10T01:25:16+00:00,S2,S2-i054-htf-tp1.80,Relative Vigor Index,True,tp1.80,train,"BTCUSDT,ETHUSDT,BNBUSDT,SOLUSDT,XRPUSDT",backtest đơn lẻ,1
2026-10-10T01:25:16+00:00,S2,S2-i054-htf-sl0.50,Relative Vigor Index,True,sl0.50,train,"BTCUSDT,ETHUSDT,BNBUSDT,SOLUSDT,XRPUSDT",backtest đơn lẻ,1
2026-10-10T01:25:16+00:00,S2,S2-i054-htf-sl1.20,Relative Vigor Index,True,sl1.20,train,"BTCUSDT,ETHUSDT,BNBUSDT,SOLUSDT,XRPUSDT",backtest đơn lẻ,1
2026-10-10T01:25:16+00:00,S2,S2-i054-htf-fee0.02,Relative Vigor Index,True,fee0.02,train,"BTCUSDT,ETHUSDT,BNBUSDT,SOLUSDT,XRPUSDT",backtest đơn lẻ,1
2026-10-10T01:25:16+00:00,S2,S2-i054-htf-fee0.07,Relative Vigor Index,True,fee0.07,train,"BTCUSDT,ETHUSDT,BNBUSDT,SOLUSDT,XRPUSDT",backtest đơn lẻ,1
2026-10-10T01:25:16+00:00,S2,S2-i054-htf-slip3,Relative Vigor Index,True,slip3,train,"BTCUSDT,ETHUSDT,BNBUSDT,SOLUSDT,XRPUSDT",backtest đơn lẻ,1
2026-10-10T01:25:16+00:00,S2,S2-i054-htf-no_funding,Relative Vigor Index,True,no_funding,train,"BTCUSDT,ETHUSDT,BNBUSDT,SOLUSDT,XRPUSDT",backtest đơn lẻ,1
2026-10-10T01:25:16+00:00,S2,S2-i055-nohtf-baseline,True Strength Index,False,baseline,train,"BTCUSDT,ETHUSDT,BNBUSDT,SOLUSDT,XRPUSDT",backtest đơn lẻ,1
2026-10-10T01:25:16+00:00,S2,S2-i055-nohtf-tp0.80,True Strength Index,False,tp0.80,train,"BTCUSDT,ETHUSDT,BNBUSDT,SOLUSDT,XRPUSDT",backtest đơn lẻ,1
2026-10-10T01:25:16+00:00,S2,S2-i055-nohtf-tp1.80,True Strength Index,False,tp1.80,train,"BTCUSDT,ETHUSDT,BNBUSDT,SOLUSDT,XRPUSDT",backtest đơn lẻ,1
2026-10-10T01:25:16+00:00,S2,S2-i055-nohtf-sl0.50,True Strength Index,False,sl0.50,train,"BTCUSDT,ETHUSDT,BNBUSDT,SOLUSDT,XRPUSDT",backtest đơn lẻ,1
2026-10-10T01:25:16+00:00,S2,S2-i055-nohtf-sl1.20,True Strength Index,False,sl1.20,train,"BTCUSDT,ETHUSDT,BNBUSDT,SOLUSDT,XRPUSDT",backtest đơn lẻ,1
2026-10-10T01:25:16+00:00,S2,S2-i055-nohtf-fee0.02,True Strength Index,False,fee0.02,train,"BTCUSDT,ETHUSDT,BNBUSDT,SOLUSDT,XRPUSDT",backtest đơn lẻ,1
2026-10-10T01:25:16+00:00,S2,S2-i055-nohtf-fee0.07,True Strength Index,False,fee0.07,train,"BTCUSDT,ETHUSDT,BNBUSDT,SOLUSDT,XRPUSDT",backtest đơn lẻ,1
2026-10-10T01:25:16+00:00,S2,S2-i055-nohtf-slip3,True Strength Index,False,slip3,train,"BTCUSDT,ETHUSDT,BNBUSDT,SOLUSDT,XRPUSDT",backtest đơn lẻ,1
2026-10-10T01:25:16+00:00,S2,S2-i055-nohtf-no_funding,True Strength Index,False,no_funding,train,"BTCUSDT,ETHUSDT,BNBUSDT,SOLUSDT,XRPUSDT",backtest đơn lẻ,1
2026-10-10T01:25:16+00:00,S2,S2-i055-htf-baseline,True Strength Index,True,baseline,train,"BTCUSDT,ETHUSDT,BNBUSDT,SOLUSDT,XRPUSDT",backtest đơn lẻ,1
2026-10-10T01:25:16+00:00,S2,S2-i055-htf-tp0.80,True Strength Index,True,tp0.80,train,"BTCUSDT,ETHUSDT,BNBUSDT,SOLUSDT,XRPUSDT",backtest đơn lẻ,1
2026-10-10T01:25:16+00:00,S2,S2-i055-htf-tp1.80,True Strength Index,True,tp1.80,train,"BTCUSDT,ETHUSDT,BNBUSDT,SOLUSDT,XRPUSDT",backtest đơn lẻ,1
2026-10-10T01:25:16+00:00,S2,S2-i055-htf-sl0.50,True Strength Index,True,sl0.50,train,"BTCUSDT,ETHUSDT,BNBUSDT,SOLUSDT,XRPUSDT",backtest đơn lẻ,1
2026-10-10T01:25:16+00:00,S2,S2-i055-htf-sl1.20,True Strength Index,True,sl1.20,train,"BTCUSDT,ETHUSDT,BNBUSDT,SOLUSDT,XRPUSDT",backtest đơn lẻ,1
2026-10-10T01:25:16+00:00,S2,S2-i055-htf-fee0.02,True Strength Index,True,fee0.02,train,"BTCUSDT,ETHUSDT,BNBUSDT,SOLUSDT,XRPUSDT",backtest đơn lẻ,1
2026-10-10T01:25:16+00:00,S2,S2-i055-htf-fee0.07,True Strength Index,True,fee0.07,train,"BTCUSDT,ETHUSDT,BNBUSDT,SOLUSDT,XRPUSDT",backtest đơn lẻ,1
2026-10-10T01:25:16+00:00,S2,S2-i055-htf-slip3,True Strength Index,True,slip3,train,"BTCUSDT,ETHUSDT,BNBUSDT,SOLUSDT,XRPUSDT",backtest đơn lẻ,1
2026-10-10T01:25:16+00:00,S2,S2-i055-htf-no_funding,True Strength Index,True,no_funding,train,"BTCUSDT,ETHUSDT,BNBUSDT,SOLUSDT,XRPUSDT",backtest đơn lẻ,1
2026-10-10T01:25:16+00:00,S2,S2-i056-nohtf-baseline,Coppock Curve,False,baseline,train,"BTCUSDT,ETHUSDT,BNBUSDT,SOLUSDT,XRPUSDT",backtest đơn lẻ,1
2026-10-10T01:25:16+00:00,S2,S2-i056-nohtf-tp0.80,Coppock Curve,False,tp0.80,train,"BTCUSDT,ETHUSDT,BNBUSDT,SOLUSDT,XRPUSDT",backtest đơn lẻ,1
2026-10-10T01:25:16+00:00,S2,S2-i056-nohtf-tp1.80,Coppock Curve,False,tp1.80,train,"BTCUSDT,ETHUSDT,BNBUSDT,SOLUSDT,XRPUSDT",backtest đơn lẻ,1
2026-10-10T01:25:16+00:00,S2,S2-i056-nohtf-sl0.50,Coppock Curve,False,sl0.50,train,"BTCUSDT,ETHUSDT,BNBUSDT,SOLUSDT,XRPUSDT",backtest đơn lẻ,1
2026-10-10T01:25:16+00:00,S2,S2-i056-nohtf-sl1.20,Coppock Curve,False,sl1.20,train,"BTCUSDT,ETHUSDT,BNBUSDT,SOLUSDT,XRPUSDT",backtest đơn lẻ,1
2026-10-10T01:25:16+00:00,S2,S2-i056-nohtf-fee0.02,Coppock Curve,False,fee0.02,train,"BTCUSDT,ETHUSDT,BNBUSDT,SOLUSDT,XRPUSDT",backtest đơn lẻ,1
2026-10-10T01:25:16+00:00,S2,S2-i056-nohtf-fee0.07,Coppock Curve,False,fee0.07,train,"BTCUSDT,ETHUSDT,BNBUSDT,SOLUSDT,XRPUSDT",backtest đơn lẻ,1
2026-10-10T01:25:16+00:00,S2,S2-i056-nohtf-slip3,Coppock Curve,False,slip3,train,"BTCUSDT,ETHUSDT,BNBUSDT,SOLUSDT,XRPUSDT",backtest đơn lẻ,1
2026-10-10T01:25:16+00:00,S2,S2-i056-nohtf-no_funding,Coppock Curve,False,no_funding,train,"BTCUSDT,ETHUSDT,BNBUSDT,SOLUSDT,XRPUSDT",backtest đơn lẻ,1
2026-10-10T01:25:16+00:00,S2,S2-i056-htf-baseline,Coppock Curve,True,baseline,train,"BTCUSDT,ETHUSDT,BNBUSDT,SOLUSDT,XRPUSDT",backtest đơn lẻ,1
2026-10-10T01:25:16+00:00,S2,S2-i056-htf-tp0.80,Coppock Curve,True,tp0.80,train,"BTCUSDT,ETHUSDT,BNBUSDT,SOLUSDT,XRPUSDT",backtest đơn lẻ,1
2026-10-10T01:25:16+00:00,S2,S2-i056-htf-tp1.80,Coppock Curve,True,tp1.80,train,"BTCUSDT,ETHUSDT,BNBUSDT,SOLUSDT,XRPUSDT",backtest đơn lẻ,1
2026-10-10T01:25:16+00:00,S2,S2-i056-htf-sl0.50,Coppock Curve,True,sl0.50,train,"BTCUSDT,ETHUSDT,BNBUSDT,SOLUSDT,XRPUSDT",backtest đơn lẻ,1
2026-10-10T01:25:16+00:00,S2,S2-i056-htf-sl1.20,Coppock Curve,True,sl1.20,train,"BTCUSDT,ETHUSDT,BNBUSDT,SOLUSDT,XRPUSDT",backtest đơn lẻ,1
2026-10-10T01:25:16+00:00,S2,S2-i056-htf-fee0.02,Coppock Curve,True,fee0.02,train,"BTCUSDT,ETHUSDT,BNBUSDT,SOLUSDT,XRPUSDT",backtest đơn lẻ,1
2026-10-10T01:25:16+00:00,S2,S2-i056-htf-fee0.07,Coppock Curve,True,fee0.07,train,"BTCUSDT,ETHUSDT,BNBUSDT,SOLUSDT,XRPUSDT",backtest đơn lẻ,1
2026-10-10T01:25:16+00:00,S2,S2-i056-htf-slip3,Coppock Curve,True,slip3,train,"BTCUSDT,ETHUSDT,BNBUSDT,SOLUSDT,XRPUSDT",backtest đơn lẻ,1
2026-10-10T01:25:16+00:00,S2,S2-i056-htf-no_funding,Coppock Curve,True,no_funding,train,"BTCUSDT,ETHUSDT,BNBUSDT,SOLUSDT,XRPUSDT",backtest đơn lẻ,1
2026-10-10T01:25:16+00:00,S2,S2-i057-nohtf-baseline,Rate of Change,False,baseline,train,"BTCUSDT,ETHUSDT,BNBUSDT,SOLUSDT,XRPUSDT",backtest đơn lẻ,1
2026-10-10T01:25:16+00:00,S2,S2-i057-nohtf-tp0.80,Rate of Change,False,tp0.80,train,"BTCUSDT,ETHUSDT,BNBUSDT,SOLUSDT,XRPUSDT",backtest đơn lẻ,1
2026-10-10T01:25:16+00:00,S2,S2-i057-nohtf-tp1.80,Rate of Change,False,tp1.80,train,"BTCUSDT,ETHUSDT,BNBUSDT,SOLUSDT,XRPUSDT",backtest đơn lẻ,1
2026-10-10T01:25:16+00:00,S2,S2-i057-nohtf-sl0.50,Rate of Change,False,sl0.50,train,"BTCUSDT,ETHUSDT,BNBUSDT,SOLUSDT,XRPUSDT",backtest đơn lẻ,1
2026-10-10T01:25:16+00:00,S2,S2-i057-nohtf-sl1.20,Rate of Change,False,sl1.20,train,"BTCUSDT,ETHUSDT,BNBUSDT,SOLUSDT,XRPUSDT",backtest đơn lẻ,1
2026-10-10T01:25:16+00:00,S2,S2-i057-nohtf-fee0.02,Rate of Change,False,fee0.02,train,"BTCUSDT,ETHUSDT,BNBUSDT,SOLUSDT,XRPUSDT",backtest đơn lẻ,1
2026-10-10T01:25:16+00:00,S2,S2-i057-nohtf-fee0.07,Rate of Change,False,fee0.07,train,"BTCUSDT,ETHUSDT,BNBUSDT,SOLUSDT,XRPUSDT",backtest đơn lẻ,1
2026-10-10T01:25:16+00:00,S2,S2-i057-nohtf-slip3,Rate of Change,False,slip3,train,"BTCUSDT,ETHUSDT,BNBUSDT,SOLUSDT,XRPUSDT",backtest đơn lẻ,1
2026-10-10T01:25:16+00:00,S2,S2-i057-nohtf-no_funding,Rate of Change,False,no_funding,train,"BTCUSDT,ETHUSDT,BNBUSDT,SOLUSDT,XRPUSDT",backtest đơn lẻ,1
2026-10-10T01:25:16+00:00,S2,S2-i057-htf-baseline,Rate of Change,True,baseline,train,"BTCUSDT,ETHUSDT,BNBUSDT,SOLUSDT,XRPUSDT",backtest đơn lẻ,1
2026-10-10T01:25:16+00:00,S2,S2-i057-htf-tp0.80,Rate of Change,True,tp0.80,train,"BTCUSDT,ETHUSDT,BNBUSDT,SOLUSDT,XRPUSDT",backtest đơn lẻ,1
2026-10-10T01:25:16+00:00,S2,S2-i057-htf-tp1.80,Rate of Change,True,tp1.80,train,"BTCUSDT,ETHUSDT,BNBUSDT,SOLUSDT,XRPUSDT",backtest đơn lẻ,1
2026-10-10T01:25:16+00:00,S2,S2-i057-htf-sl0.50,Rate of Change,True,sl0.50,train,"BTCUSDT,ETHUSDT,BNBUSDT,SOLUSDT,XRPUSDT",backtest đơn lẻ,1
2026-10-10T01:25:16+00:00,S2,S2-i057-htf-sl1.20,Rate of Change,True,sl1.20,train,"BTCUSDT,ETHUSDT,BNBUSDT,SOLUSDT,XRPUSDT",backtest đơn lẻ,1
2026-10-10T01:25:16+00:00,S2,S2-i057-htf-fee0.02,Rate of Change,True,fee0.02,train,"BTCUSDT,ETHUSDT,BNBUSDT,SOLUSDT,XRPUSDT",backtest đơn lẻ,1
2026-10-10T01:25:16+00:00,S2,S2-i057-htf-fee0.07,Rate of Change,True,fee0.07,train,"BTCUSDT,ETHUSDT,BNBUSDT,SOLUSDT,XRPUSDT",backtest đơn lẻ,1
2026-10-10T01:25:16+00:00,S2,S2-i057-htf-slip3,Rate of Change,True,slip3,train,"BTCUSDT,ETHUSDT,BNBUSDT,SOLUSDT,XRPUSDT",backtest đơn lẻ,1
2026-10-10T01:25:16+00:00,S2,S2-i057-htf-no_funding,Rate of Change,True,no_funding,train,"BTCUSDT,ETHUSDT,BNBUSDT,SOLUSDT,XRPUSDT",backtest đơn lẻ,1
2026-10-10T01:25:16+00:00,S2,S2-i058-nohtf-baseline,Klinger Oscillator,False,baseline,train,"BTCUSDT,ETHUSDT,BNBUSDT,SOLUSDT,XRPUSDT",backtest đơn lẻ,1
2026-10-10T01:25:16+00:00,S2,S2-i058-nohtf-tp0.80,Klinger Oscillator,False,tp0.80,train,"BTCUSDT,ETHUSDT,BNBUSDT,SOLUSDT,XRPUSDT",backtest đơn lẻ,1
2026-10-10T01:25:16+00:00,S2,S2-i058-nohtf-tp1.80,Klinger Oscillator,False,tp1.80,train,"BTCUSDT,ETHUSDT,BNBUSDT,SOLUSDT,XRPUSDT",backtest đơn lẻ,1
2026-10-10T01:25:16+00:00,S2,S2-i058-nohtf-sl0.50,Klinger Oscillator,False,sl0.50,train,"BTCUSDT,ETHUSDT,BNBUSDT,SOLUSDT,XRPUSDT",backtest đơn lẻ,1
2026-10-10T01:25:16+00:00,S2,S2-i058-nohtf-sl1.20,Klinger Oscillator,False,sl1.20,train,"BTCUSDT,ETHUSDT,BNBUSDT,SOLUSDT,XRPUSDT",backtest đơn lẻ,1
2026-10-10T01:25:16+00:00,S2,S2-i058-nohtf-fee0.02,Klinger Oscillator,False,fee0.02,train,"BTCUSDT,ETHUSDT,BNBUSDT,SOLUSDT,XRPUSDT",backtest đơn lẻ,1
2026-10-10T01:25:16+00:00,S2,S2-i058-nohtf-fee0.07,Klinger Oscillator,False,fee0.07,train,"BTCUSDT,ETHUSDT,BNBUSDT,SOLUSDT,XRPUSDT",backtest đơn lẻ,1
2026-10-10T01:25:16+00:00,S2,S2-i058-nohtf-slip3,Klinger Oscillator,False,slip3,train,"BTCUSDT,ETHUSDT,BNBUSDT,SOLUSDT,XRPUSDT",backtest đơn lẻ,1
2026-10-10T01:25:16+00:00,S2,S2-i058-nohtf-no_funding,Klinger Oscillator,False,no_funding,train,"BTCUSDT,ETHUSDT,BNBUSDT,SOLUSDT,XRPUSDT",backtest đơn lẻ,1
2026-10-10T01:25:16+00:00,S2,S2-i058-htf-baseline,Klinger Oscillator,True,baseline,train,"BTCUSDT,ETHUSDT,BNBUSDT,SOLUSDT,XRPUSDT",backtest đơn lẻ,1
2026-10-10T01:25:16+00:00,S2,S2-i058-htf-tp0.80,Klinger Oscillator,True,tp0.80,train,"BTCUSDT,ETHUSDT,BNBUSDT,SOLUSDT,XRPUSDT",backtest đơn lẻ,1
2026-10-10T01:25:16+00:00,S2,S2-i058-htf-tp1.80,Klinger Oscillator,True,tp1.80,train,"BTCUSDT,ETHUSDT,BNBUSDT,SOLUSDT,XRPUSDT",backtest đơn lẻ,1
2026-10-10T01:25:16+00:00,S2,S2-i058-htf-sl0.50,Klinger Oscillator,True,sl0.50,train,"BTCUSDT,ETHUSDT,BNBUSDT,SOLUSDT,XRPUSDT",backtest đơn lẻ,1
2026-10-10T01:25:16+00:00,S2,S2-i058-htf-sl1.20,Klinger Oscillator,True,sl1.20,train,"BTCUSDT,ETHUSDT,BNBUSDT,SOLUSDT,XRPUSDT",backtest đơn lẻ,1
2026-10-10T01:25:16+00:00,S2,S2-i058-htf-fee0.02,Klinger Oscillator,True,fee0.02,train,"BTCUSDT,ETHUSDT,BNBUSDT,SOLUSDT,XRPUSDT",backtest đơn lẻ,1
2026-10-10T01:25:16+00:00,S2,S2-i058-htf-fee0.07,Klinger Oscillator,True,fee0.07,train,"BTCUSDT,ETHUSDT,BNBUSDT,SOLUSDT,XRPUSDT",backtest đơn lẻ,1
2026-10-10T01:25:16+00:00,S2,S2-i058-htf-slip3,Klinger Oscillator,True,slip3,train,"BTCUSDT,ETHUSDT,BNBUSDT,SOLUSDT,XRPUSDT",backtest đơn lẻ,1
2026-10-10T01:25:16+00:00,S2,S2-i058-htf-no_funding,Klinger Oscillator,True,no_funding,train,"BTCUSDT,ETHUSDT,BNBUSDT,SOLUSDT,XRPUSDT",backtest đơn lẻ,1
2026-10-10T01:25:16+00:00,S2,S2-i059-nohtf-baseline,Bollinger Bands,False,baseline,train,"BTCUSDT,ETHUSDT,BNBUSDT,SOLUSDT,XRPUSDT",backtest đơn lẻ,1
2026-10-10T01:25:16+00:00,S2,S2-i059-nohtf-tp0.80,Bollinger Bands,False,tp0.80,train,"BTCUSDT,ETHUSDT,BNBUSDT,SOLUSDT,XRPUSDT",backtest đơn lẻ,1
2026-10-10T01:25:16+00:00,S2,S2-i059-nohtf-tp1.80,Bollinger Bands,False,tp1.80,train,"BTCUSDT,ETHUSDT,BNBUSDT,SOLUSDT,XRPUSDT",backtest đơn lẻ,1
2026-10-10T01:25:16+00:00,S2,S2-i059-nohtf-sl0.50,Bollinger Bands,False,sl0.50,train,"BTCUSDT,ETHUSDT,BNBUSDT,SOLUSDT,XRPUSDT",backtest đơn lẻ,1
2026-10-10T01:25:16+00:00,S2,S2-i059-nohtf-sl1.20,Bollinger Bands,False,sl1.20,train,"BTCUSDT,ETHUSDT,BNBUSDT,SOLUSDT,XRPUSDT",backtest đơn lẻ,1
2026-10-10T01:25:16+00:00,S2,S2-i059-nohtf-fee0.02,Bollinger Bands,False,fee0.02,train,"BTCUSDT,ETHUSDT,BNBUSDT,SOLUSDT,XRPUSDT",backtest đơn lẻ,1
2026-10-10T01:25:16+00:00,S2,S2-i059-nohtf-fee0.07,Bollinger Bands,False,fee0.07,train,"BTCUSDT,ETHUSDT,BNBUSDT,SOLUSDT,XRPUSDT",backtest đơn lẻ,1
2026-10-10T01:25:16+00:00,S2,S2-i059-nohtf-slip3,Bollinger Bands,False,slip3,train,"BTCUSDT,ETHUSDT,BNBUSDT,SOLUSDT,XRPUSDT",backtest đơn lẻ,1
2026-10-10T01:25:16+00:00,S2,S2-i059-nohtf-no_funding,Bollinger Bands,False,no_funding,train,"BTCUSDT,ETHUSDT,BNBUSDT,SOLUSDT,XRPUSDT",backtest đơn lẻ,1
2026-10-10T01:25:16+00:00,S2,S2-i059-htf-baseline,Bollinger Bands,True,baseline,train,"BTCUSDT,ETHUSDT,BNBUSDT,SOLUSDT,XRPUSDT",backtest đơn lẻ,1
2026-10-10T01:25:16+00:00,S2,S2-i059-htf-tp0.80,Bollinger Bands,True,tp0.80,train,"BTCUSDT,ETHUSDT,BNBUSDT,SOLUSDT,XRPUSDT",backtest đơn lẻ,1
2026-10-10T01:25:16+00:00,S2,S2-i059-htf-tp1.80,Bollinger Bands,True,tp1.80,train,"BTCUSDT,ETHUSDT,BNBUSDT,SOLUSDT,XRPUSDT",backtest đơn lẻ,1
2026-10-10T01:25:16+00:00,S2,S2-i059-htf-sl0.50,Bollinger Bands,True,sl0.50,train,"BTCUSDT,ETHUSDT,BNBUSDT,SOLUSDT,XRPUSDT",backtest đơn lẻ,1
2026-10-10T01:25:16+00:00,S2,S2-i059-htf-sl1.20,Bollinger Bands,True,sl1.20,train,"BTCUSDT,ETHUSDT,BNBUSDT,SOLUSDT,XRPUSDT",backtest đơn lẻ,1
2026-10-10T01:25:16+00:00,S2,S2-i059-htf-fee0.02,Bollinger Bands,True,fee0.02,train,"BTCUSDT,ETHUSDT,BNBUSDT,SOLUSDT,XRPUSDT",backtest đơn lẻ,1
2026-10-10T01:25:16+00:00,S2,S2-i059-htf-fee0.07,Bollinger Bands,True,fee0.07,train,"BTCUSDT,ETHUSDT,BNBUSDT,SOLUSDT,XRPUSDT",backtest đơn lẻ,1
2026-10-10T01:25:16+00:00,S2,S2-i059-htf-slip3,Bollinger Bands,True,slip3,train,"BTCUSDT,ETHUSDT,BNBUSDT,SOLUSDT,XRPUSDT",backtest đơn lẻ,1
2026-10-10T01:25:16+00:00,S2,S2-i059-htf-no_funding,Bollinger Bands,True,no_funding,train,"BTCUSDT,ETHUSDT,BNBUSDT,SOLUSDT,XRPUSDT",backtest đơn lẻ,1
2026-10-10T01:25:16+00:00,S2,S2-i060-nohtf-baseline,BB %B,False,baseline,train,"BTCUSDT,ETHUSDT,BNBUSDT,SOLUSDT,XRPUSDT",backtest đơn lẻ,1
2026-10-10T01:25:16+00:00,S2,S2-i060-nohtf-tp0.80,BB %B,False,tp0.80,train,"BTCUSDT,ETHUSDT,BNBUSDT,SOLUSDT,XRPUSDT",backtest đơn lẻ,1
2026-10-10T01:25:16+00:00,S2,S2-i060-nohtf-tp1.80,BB %B,False,tp1.80,train,"BTCUSDT,ETHUSDT,BNBUSDT,SOLUSDT,XRPUSDT",backtest đơn lẻ,1
2026-10-10T01:25:16+00:00,S2,S2-i060-nohtf-sl0.50,BB %B,False,sl0.50,train,"BTCUSDT,ETHUSDT,BNBUSDT,SOLUSDT,XRPUSDT",backtest đơn lẻ,1
2026-10-10T01:25:16+00:00,S2,S2-i060-nohtf-sl1.20,BB %B,False,sl1.20,train,"BTCUSDT,ETHUSDT,BNBUSDT,SOLUSDT,XRPUSDT",backtest đơn lẻ,1
2026-10-10T01:25:16+00:00,S2,S2-i060-nohtf-fee0.02,BB %B,False,fee0.02,train,"BTCUSDT,ETHUSDT,BNBUSDT,SOLUSDT,XRPUSDT",backtest đơn lẻ,1
2026-10-10T01:25:16+00:00,S2,S2-i060-nohtf-fee0.07,BB %B,False,fee0.07,train,"BTCUSDT,ETHUSDT,BNBUSDT,SOLUSDT,XRPUSDT",backtest đơn lẻ,1
2026-10-10T01:25:16+00:00,S2,S2-i060-nohtf-slip3,BB %B,False,slip3,train,"BTCUSDT,ETHUSDT,BNBUSDT,SOLUSDT,XRPUSDT",backtest đơn lẻ,1
2026-10-10T01:25:16+00:00,S2,S2-i060-nohtf-no_funding,BB %B,False,no_funding,train,"BTCUSDT,ETHUSDT,BNBUSDT,SOLUSDT,XRPUSDT",backtest đơn lẻ,1
2026-10-10T01:25:16+00:00,S2,S2-i060-htf-baseline,BB %B,True,baseline,train,"BTCUSDT,ETHUSDT,BNBUSDT,SOLUSDT,XRPUSDT",backtest đơn lẻ,1
2026-10-10T01:25:16+00:00,S2,S2-i060-htf-tp0.80,BB %B,True,tp0.80,train,"BTCUSDT,ETHUSDT,BNBUSDT,SOLUSDT,XRPUSDT",backtest đơn lẻ,1
2026-10-10T01:25:16+00:00,S2,S2-i060-htf-tp1.80,BB %B,True,tp1.80,train,"BTCUSDT,ETHUSDT,BNBUSDT,SOLUSDT,XRPUSDT",backtest đơn lẻ,1
2026-10-10T01:25:16+00:00,S2,S2-i060-htf-sl0.50,BB %B,True,sl0.50,train,"BTCUSDT,ETHUSDT,BNBUSDT,SOLUSDT,XRPUSDT",backtest đơn lẻ,1
2026-10-10T01:25:16+00:00,S2,S2-i060-htf-sl1.20,BB %B,True,sl1.20,train,"BTCUSDT,ETHUSDT,BNBUSDT,SOLUSDT,XRPUSDT",backtest đơn lẻ,1
2026-10-10T01:25:16+00:00,S2,S2-i060-htf-fee0.02,BB %B,True,fee0.02,train,"BTCUSDT,ETHUSDT,BNBUSDT,SOLUSDT,XRPUSDT",backtest đơn lẻ,1
2026-10-10T01:25:16+00:00,S2,S2-i060-htf-fee0.07,BB %B,True,fee0.07,train,"BTCUSDT,ETHUSDT,BNBUSDT,SOLUSDT,XRPUSDT",backtest đơn lẻ,1
2026-10-10T01:25:16+00:00,S2,S2-i060-htf-slip3,BB %B,True,slip3,train,"BTCUSDT,ETHUSDT,BNBUSDT,SOLUSDT,XRPUSDT",backtest đơn lẻ,1
2026-10-10T01:25:16+00:00,S2,S2-i060-htf-no_funding,BB %B,True,no_funding,train,"BTCUSDT,ETHUSDT,BNBUSDT,SOLUSDT,XRPUSDT",backtest đơn lẻ,1
2026-10-10T01:25:16+00:00,S2,S2-i061-nohtf-baseline,Standard Error Bands,False,baseline,train,"BTCUSDT,ETHUSDT,BNBUSDT,SOLUSDT,XRPUSDT",backtest đơn lẻ,1
2026-10-10T01:25:16+00:00,S2,S2-i061-nohtf-tp0.80,Standard Error Bands,False,tp0.80,train,"BTCUSDT,ETHUSDT,BNBUSDT,SOLUSDT,XRPUSDT",backtest đơn lẻ,1
2026-10-10T01:25:16+00:00,S2,S2-i061-nohtf-tp1.80,Standard Error Bands,False,tp1.80,train,"BTCUSDT,ETHUSDT,BNBUSDT,SOLUSDT,XRPUSDT",backtest đơn lẻ,1
2026-10-10T01:25:16+00:00,S2,S2-i061-nohtf-sl0.50,Standard Error Bands,False,sl0.50,train,"BTCUSDT,ETHUSDT,BNBUSDT,SOLUSDT,XRPUSDT",backtest đơn lẻ,1
2026-10-10T01:25:16+00:00,S2,S2-i061-nohtf-sl1.20,Standard Error Bands,False,sl1.20,train,"BTCUSDT,ETHUSDT,BNBUSDT,SOLUSDT,XRPUSDT",backtest đơn lẻ,1
2026-10-10T01:25:16+00:00,S2,S2-i061-nohtf-fee0.02,Standard Error Bands,False,fee0.02,train,"BTCUSDT,ETHUSDT,BNBUSDT,SOLUSDT,XRPUSDT",backtest đơn lẻ,1
2026-10-10T01:25:16+00:00,S2,S2-i061-nohtf-fee0.07,Standard Error Bands,False,fee0.07,train,"BTCUSDT,ETHUSDT,BNBUSDT,SOLUSDT,XRPUSDT",backtest đơn lẻ,1
2026-10-10T01:25:16+00:00,S2,S2-i061-nohtf-slip3,Standard Error Bands,False,slip3,train,"BTCUSDT,ETHUSDT,BNBUSDT,SOLUSDT,XRPUSDT",backtest đơn lẻ,1
2026-10-10T01:25:16+00:00,S2,S2-i061-nohtf-no_funding,Standard Error Bands,False,no_funding,train,"BTCUSDT,ETHUSDT,BNBUSDT,SOLUSDT,XRPUSDT",backtest đơn lẻ,1
2026-10-10T01:25:16+00:00,S2,S2-i061-htf-baseline,Standard Error Bands,True,baseline,train,"BTCUSDT,ETHUSDT,BNBUSDT,SOLUSDT,XRPUSDT",backtest đơn lẻ,1
2026-10-10T01:25:16+00:00,S2,S2-i061-htf-tp0.80,Standard Error Bands,True,tp0.80,train,"BTCUSDT,ETHUSDT,BNBUSDT,SOLUSDT,XRPUSDT",backtest đơn lẻ,1
2026-10-10T01:25:16+00:00,S2,S2-i061-htf-tp1.80,Standard Error Bands,True,tp1.80,train,"BTCUSDT,ETHUSDT,BNBUSDT,SOLUSDT,XRPUSDT",backtest đơn lẻ,1
2026-10-10T01:25:16+00:00,S2,S2-i061-htf-sl0.50,Standard Error Bands,True,sl0.50,train,"BTCUSDT,ETHUSDT,BNBUSDT,SOLUSDT,XRPUSDT",backtest đơn lẻ,1
2026-10-10T01:25:16+00:00,S2,S2-i061-htf-sl1.20,Standard Error Bands,True,sl1.20,train,"BTCUSDT,ETHUSDT,BNBUSDT,SOLUSDT,XRPUSDT",backtest đơn lẻ,1
2026-10-10T01:25:16+00:00,S2,S2-i061-htf-fee0.02,Standard Error Bands,True,fee0.02,train,"BTCUSDT,ETHUSDT,BNBUSDT,SOLUSDT,XRPUSDT",backtest đơn lẻ,1
2026-10-10T01:25:16+00:00,S2,S2-i061-htf-fee0.07,Standard Error Bands,True,fee0.07,train,"BTCUSDT,ETHUSDT,BNBUSDT,SOLUSDT,XRPUSDT",backtest đơn lẻ,1
2026-10-10T01:25:16+00:00,S2,S2-i061-htf-slip3,Standard Error Bands,True,slip3,train,"BTCUSDT,ETHUSDT,BNBUSDT,SOLUSDT,XRPUSDT",backtest đơn lẻ,1
2026-10-10T01:25:16+00:00,S2,S2-i061-htf-no_funding,Standard Error Bands,True,no_funding,train,"BTCUSDT,ETHUSDT,BNBUSDT,SOLUSDT,XRPUSDT",backtest đơn lẻ,1
2026-10-10T01:25:16+00:00,S2,S2-i062-nohtf-baseline,Envelopes,False,baseline,train,"BTCUSDT,ETHUSDT,BNBUSDT,SOLUSDT,XRPUSDT",backtest đơn lẻ,1
2026-10-10T01:25:16+00:00,S2,S2-i062-nohtf-tp0.80,Envelopes,False,tp0.80,train,"BTCUSDT,ETHUSDT,BNBUSDT,SOLUSDT,XRPUSDT",backtest đơn lẻ,1
2026-10-10T01:25:16+00:00,S2,S2-i062-nohtf-tp1.80,Envelopes,False,tp1.80,train,"BTCUSDT,ETHUSDT,BNBUSDT,SOLUSDT,XRPUSDT",backtest đơn lẻ,1
2026-10-10T01:25:16+00:00,S2,S2-i062-nohtf-sl0.50,Envelopes,False,sl0.50,train,"BTCUSDT,ETHUSDT,BNBUSDT,SOLUSDT,XRPUSDT",backtest đơn lẻ,1
2026-10-10T01:25:16+00:00,S2,S2-i062-nohtf-sl1.20,Envelopes,False,sl1.20,train,"BTCUSDT,ETHUSDT,BNBUSDT,SOLUSDT,XRPUSDT",backtest đơn lẻ,1
2026-10-10T01:25:16+00:00,S2,S2-i062-nohtf-fee0.02,Envelopes,False,fee0.02,train,"BTCUSDT,ETHUSDT,BNBUSDT,SOLUSDT,XRPUSDT",backtest đơn lẻ,1
2026-10-10T01:25:16+00:00,S2,S2-i062-nohtf-fee0.07,Envelopes,False,fee0.07,train,"BTCUSDT,ETHUSDT,BNBUSDT,SOLUSDT,XRPUSDT",backtest đơn lẻ,1
2026-10-10T01:25:16+00:00,S2,S2-i062-nohtf-slip3,Envelopes,False,slip3,train,"BTCUSDT,ETHUSDT,BNBUSDT,SOLUSDT,XRPUSDT",backtest đơn lẻ,1
2026-10-10T01:25:16+00:00,S2,S2-i062-nohtf-no_funding,Envelopes,False,no_funding,train,"BTCUSDT,ETHUSDT,BNBUSDT,SOLUSDT,XRPUSDT",backtest đơn lẻ,1
2026-10-10T01:25:16+00:00,S2,S2-i062-htf-baseline,Envelopes,True,baseline,train,"BTCUSDT,ETHUSDT,BNBUSDT,SOLUSDT,XRPUSDT",backtest đơn lẻ,1
2026-10-10T01:25:16+00:00,S2,S2-i062-htf-tp0.80,Envelopes,True,tp0.80,train,"BTCUSDT,ETHUSDT,BNBUSDT,SOLUSDT,XRPUSDT",backtest đơn lẻ,1
2026-10-10T01:25:16+00:00,S2,S2-i062-htf-tp1.80,Envelopes,True,tp1.80,train,"BTCUSDT,ETHUSDT,BNBUSDT,SOLUSDT,XRPUSDT",backtest đơn lẻ,1
2026-10-10T01:25:16+00:00,S2,S2-i062-htf-sl0.50,Envelopes,True,sl0.50,train,"BTCUSDT,ETHUSDT,BNBUSDT,SOLUSDT,XRPUSDT",backtest đơn lẻ,1
2026-10-10T01:25:16+00:00,S2,S2-i062-htf-sl1.20,Envelopes,True,sl1.20,train,"BTCUSDT,ETHUSDT,BNBUSDT,SOLUSDT,XRPUSDT",backtest đơn lẻ,1
2026-10-10T01:25:16+00:00,S2,S2-i062-htf-fee0.02,Envelopes,True,fee0.02,train,"BTCUSDT,ETHUSDT,BNBUSDT,SOLUSDT,XRPUSDT",backtest đơn lẻ,1
2026-10-10T01:25:16+00:00,S2,S2-i062-htf-fee0.07,Envelopes,True,fee0.07,train,"BTCUSDT,ETHUSDT,BNBUSDT,SOLUSDT,XRPUSDT",backtest đơn lẻ,1
2026-10-10T01:25:16+00:00,S2,S2-i062-htf-slip3,Envelopes,True,slip3,train,"BTCUSDT,ETHUSDT,BNBUSDT,SOLUSDT,XRPUSDT",backtest đơn lẻ,1
2026-10-10T01:25:16+00:00,S2,S2-i062-htf-no_funding,Envelopes,True,no_funding,train,"BTCUSDT,ETHUSDT,BNBUSDT,SOLUSDT,XRPUSDT",backtest đơn lẻ,1
2026-10-10T01:25:16+00:00,S2,S2-i074-nohtf-baseline,Net Volume,False,baseline,train,"BTCUSDT,ETHUSDT,BNBUSDT,SOLUSDT,XRPUSDT",backtest đơn lẻ,1
2026-10-10T01:25:16+00:00,S2,S2-i074-nohtf-tp0.80,Net Volume,False,tp0.80,train,"BTCUSDT,ETHUSDT,BNBUSDT,SOLUSDT,XRPUSDT",backtest đơn lẻ,1
2026-10-10T01:25:16+00:00,S2,S2-i074-nohtf-tp1.80,Net Volume,False,tp1.80,train,"BTCUSDT,ETHUSDT,BNBUSDT,SOLUSDT,XRPUSDT",backtest đơn lẻ,1
2026-10-10T01:25:16+00:00,S2,S2-i074-nohtf-sl0.50,Net Volume,False,sl0.50,train,"BTCUSDT,ETHUSDT,BNBUSDT,SOLUSDT,XRPUSDT",backtest đơn lẻ,1
2026-10-10T01:25:16+00:00,S2,S2-i074-nohtf-sl1.20,Net Volume,False,sl1.20,train,"BTCUSDT,ETHUSDT,BNBUSDT,SOLUSDT,XRPUSDT",backtest đơn lẻ,1
2026-10-10T01:25:16+00:00,S2,S2-i074-nohtf-fee0.02,Net Volume,False,fee0.02,train,"BTCUSDT,ETHUSDT,BNBUSDT,SOLUSDT,XRPUSDT",backtest đơn lẻ,1
2026-10-10T01:25:16+00:00,S2,S2-i074-nohtf-fee0.07,Net Volume,False,fee0.07,train,"BTCUSDT,ETHUSDT,BNBUSDT,SOLUSDT,XRPUSDT",backtest đơn lẻ,1
2026-10-10T01:25:16+00:00,S2,S2-i074-nohtf-slip3,Net Volume,False,slip3,train,"BTCUSDT,ETHUSDT,BNBUSDT,SOLUSDT,XRPUSDT",backtest đơn lẻ,1
2026-10-10T01:25:16+00:00,S2,S2-i074-nohtf-no_funding,Net Volume,False,no_funding,train,"BTCUSDT,ETHUSDT,BNBUSDT,SOLUSDT,XRPUSDT",backtest đơn lẻ,1
2026-10-10T01:25:16+00:00,S2,S2-i074-htf-baseline,Net Volume,True,baseline,train,"BTCUSDT,ETHUSDT,BNBUSDT,SOLUSDT,XRPUSDT",backtest đơn lẻ,1
2026-10-10T01:25:16+00:00,S2,S2-i074-htf-tp0.80,Net Volume,True,tp0.80,train,"BTCUSDT,ETHUSDT,BNBUSDT,SOLUSDT,XRPUSDT",backtest đơn lẻ,1
2026-10-10T01:25:16+00:00,S2,S2-i074-htf-tp1.80,Net Volume,True,tp1.80,train,"BTCUSDT,ETHUSDT,BNBUSDT,SOLUSDT,XRPUSDT",backtest đơn lẻ,1
2026-10-10T01:25:16+00:00,S2,S2-i074-htf-sl0.50,Net Volume,True,sl0.50,train,"BTCUSDT,ETHUSDT,BNBUSDT,SOLUSDT,XRPUSDT",backtest đơn lẻ,1
2026-10-10T01:25:16+00:00,S2,S2-i074-htf-sl1.20,Net Volume,True,sl1.20,train,"BTCUSDT,ETHUSDT,BNBUSDT,SOLUSDT,XRPUSDT",backtest đơn lẻ,1
2026-10-10T01:25:16+00:00,S2,S2-i074-htf-fee0.02,Net Volume,True,fee0.02,train,"BTCUSDT,ETHUSDT,BNBUSDT,SOLUSDT,XRPUSDT",backtest đơn lẻ,1
2026-10-10T01:25:16+00:00,S2,S2-i074-htf-fee0.07,Net Volume,True,fee0.07,train,"BTCUSDT,ETHUSDT,BNBUSDT,SOLUSDT,XRPUSDT",backtest đơn lẻ,1
2026-10-10T01:25:16+00:00,S2,S2-i074-htf-slip3,Net Volume,True,slip3,train,"BTCUSDT,ETHUSDT,BNBUSDT,SOLUSDT,XRPUSDT",backtest đơn lẻ,1
2026-10-10T01:25:16+00:00,S2,S2-i074-htf-no_funding,Net Volume,True,no_funding,train,"BTCUSDT,ETHUSDT,BNBUSDT,SOLUSDT,XRPUSDT",backtest đơn lẻ,1
2026-10-10T01:25:16+00:00,S2,S2-i075-nohtf-baseline,OBV,False,baseline,train,"BTCUSDT,ETHUSDT,BNBUSDT,SOLUSDT,XRPUSDT",backtest đơn lẻ,1
2026-10-10T01:25:16+00:00,S2,S2-i075-nohtf-tp0.80,OBV,False,tp0.80,train,"BTCUSDT,ETHUSDT,BNBUSDT,SOLUSDT,XRPUSDT",backtest đơn lẻ,1
2026-10-10T01:25:16+00:00,S2,S2-i075-nohtf-tp1.80,OBV,False,tp1.80,train,"BTCUSDT,ETHUSDT,BNBUSDT,SOLUSDT,XRPUSDT",backtest đơn lẻ,1
2026-10-10T01:25:16+00:00,S2,S2-i075-nohtf-sl0.50,OBV,False,sl0.50,train,"BTCUSDT,ETHUSDT,BNBUSDT,SOLUSDT,XRPUSDT",backtest đơn lẻ,1
2026-10-10T01:25:16+00:00,S2,S2-i075-nohtf-sl1.20,OBV,False,sl1.20,train,"BTCUSDT,ETHUSDT,BNBUSDT,SOLUSDT,XRPUSDT",backtest đơn lẻ,1
2026-10-10T01:25:16+00:00,S2,S2-i075-nohtf-fee0.02,OBV,False,fee0.02,train,"BTCUSDT,ETHUSDT,BNBUSDT,SOLUSDT,XRPUSDT",backtest đơn lẻ,1
2026-10-10T01:25:16+00:00,S2,S2-i075-nohtf-fee0.07,OBV,False,fee0.07,train,"BTCUSDT,ETHUSDT,BNBUSDT,SOLUSDT,XRPUSDT",backtest đơn lẻ,1
2026-10-10T01:25:16+00:00,S2,S2-i075-nohtf-slip3,OBV,False,slip3,train,"BTCUSDT,ETHUSDT,BNBUSDT,SOLUSDT,XRPUSDT",backtest đơn lẻ,1
2026-10-10T01:25:16+00:00,S2,S2-i075-nohtf-no_funding,OBV,False,no_funding,train,"BTCUSDT,ETHUSDT,BNBUSDT,SOLUSDT,XRPUSDT",backtest đơn lẻ,1
2026-10-10T01:25:16+00:00,S2,S2-i075-htf-baseline,OBV,True,baseline,train,"BTCUSDT,ETHUSDT,BNBUSDT,SOLUSDT,XRPUSDT",backtest đơn lẻ,1
2026-10-10T01:25:16+00:00,S2,S2-i075-htf-tp0.80,OBV,True,tp0.80,train,"BTCUSDT,ETHUSDT,BNBUSDT,SOLUSDT,XRPUSDT",backtest đơn lẻ,1
2026-10-10T01:25:16+00:00,S2,S2-i075-htf-tp1.80,OBV,True,tp1.80,train,"BTCUSDT,ETHUSDT,BNBUSDT,SOLUSDT,XRPUSDT",backtest đơn lẻ,1
2026-10-10T01:25:16+00:00,S2,S2-i075-htf-sl0.50,OBV,True,sl0.50,train,"BTCUSDT,ETHUSDT,BNBUSDT,SOLUSDT,XRPUSDT",backtest đơn lẻ,1
2026-10-10T01:25:16+00:00,S2,S2-i075-htf-sl1.20,OBV,True,sl1.20,train,"BTCUSDT,ETHUSDT,BNBUSDT,SOLUSDT,XRPUSDT",backtest đơn lẻ,1
2026-10-10T01:25:16+00:00,S2,S2-i075-htf-fee0.02,OBV,True,fee0.02,train,"BTCUSDT,ETHUSDT,BNBUSDT,SOLUSDT,XRPUSDT",backtest đơn lẻ,1
2026-10-10T01:25:16+00:00,S2,S2-i075-htf-fee0.07,OBV,True,fee0.07,train,"BTCUSDT,ETHUSDT,BNBUSDT,SOLUSDT,XRPUSDT",backtest đơn lẻ,1
2026-10-10T01:25:16+00:00,S2,S2-i075-htf-slip3,OBV,True,slip3,train,"BTCUSDT,ETHUSDT,BNBUSDT,SOLUSDT,XRPUSDT",backtest đơn lẻ,1
2026-10-10T01:25:16+00:00,S2,S2-i075-htf-no_funding,OBV,True,no_funding,train,"BTCUSDT,ETHUSDT,BNBUSDT,SOLUSDT,XRPUSDT",backtest đơn lẻ,1
2026-10-10T01:25:16+00:00,S2,S2-i076-nohtf-baseline,Accumulation/Distribution,False,baseline,train,"BTCUSDT,ETHUSDT,BNBUSDT,SOLUSDT,XRPUSDT",backtest đơn lẻ,1
2026-10-10T01:25:16+00:00,S2,S2-i076-nohtf-tp0.80,Accumulation/Distribution,False,tp0.80,train,"BTCUSDT,ETHUSDT,BNBUSDT,SOLUSDT,XRPUSDT",backtest đơn lẻ,1
2026-10-10T01:25:16+00:00,S2,S2-i076-nohtf-tp1.80,Accumulation/Distribution,False,tp1.80,train,"BTCUSDT,ETHUSDT,BNBUSDT,SOLUSDT,XRPUSDT",backtest đơn lẻ,1
2026-10-10T01:25:16+00:00,S2,S2-i076-nohtf-sl0.50,Accumulation/Distribution,False,sl0.50,train,"BTCUSDT,ETHUSDT,BNBUSDT,SOLUSDT,XRPUSDT",backtest đơn lẻ,1
2026-10-10T01:25:16+00:00,S2,S2-i076-nohtf-sl1.20,Accumulation/Distribution,False,sl1.20,train,"BTCUSDT,ETHUSDT,BNBUSDT,SOLUSDT,XRPUSDT",backtest đơn lẻ,1
2026-10-10T01:25:16+00:00,S2,S2-i076-nohtf-fee0.02,Accumulation/Distribution,False,fee0.02,train,"BTCUSDT,ETHUSDT,BNBUSDT,SOLUSDT,XRPUSDT",backtest đơn lẻ,1
2026-10-10T01:25:16+00:00,S2,S2-i076-nohtf-fee0.07,Accumulation/Distribution,False,fee0.07,train,"BTCUSDT,ETHUSDT,BNBUSDT,SOLUSDT,XRPUSDT",backtest đơn lẻ,1
2026-10-10T01:25:16+00:00,S2,S2-i076-nohtf-slip3,Accumulation/Distribution,False,slip3,train,"BTCUSDT,ETHUSDT,BNBUSDT,SOLUSDT,XRPUSDT",backtest đơn lẻ,1
2026-10-10T01:25:16+00:00,S2,S2-i076-nohtf-no_funding,Accumulation/Distribution,False,no_funding,train,"BTCUSDT,ETHUSDT,BNBUSDT,SOLUSDT,XRPUSDT",backtest đơn lẻ,1
2026-10-10T01:25:16+00:00,S2,S2-i076-htf-baseline,Accumulation/Distribution,True,baseline,train,"BTCUSDT,ETHUSDT,BNBUSDT,SOLUSDT,XRPUSDT",backtest đơn lẻ,1
2026-10-10T01:25:16+00:00,S2,S2-i076-htf-tp0.80,Accumulation/Distribution,True,tp0.80,train,"BTCUSDT,ETHUSDT,BNBUSDT,SOLUSDT,XRPUSDT",backtest đơn lẻ,1
2026-10-10T01:25:16+00:00,S2,S2-i076-htf-tp1.80,Accumulation/Distribution,True,tp1.80,train,"BTCUSDT,ETHUSDT,BNBUSDT,SOLUSDT,XRPUSDT",backtest đơn lẻ,1
2026-10-10T01:25:16+00:00,S2,S2-i076-htf-sl0.50,Accumulation/Distribution,True,sl0.50,train,"BTCUSDT,ETHUSDT,BNBUSDT,SOLUSDT,XRPUSDT",backtest đơn lẻ,1
2026-10-10T01:25:16+00:00,S2,S2-i076-htf-sl1.20,Accumulation/Distribution,True,sl1.20,train,"BTCUSDT,ETHUSDT,BNBUSDT,SOLUSDT,XRPUSDT",backtest đơn lẻ,1
2026-10-10T01:25:16+00:00,S2,S2-i076-htf-fee0.02,Accumulation/Distribution,True,fee0.02,train,"BTCUSDT,ETHUSDT,BNBUSDT,SOLUSDT,XRPUSDT",backtest đơn lẻ,1
2026-10-10T01:25:16+00:00,S2,S2-i076-htf-fee0.07,Accumulation/Distribution,True,fee0.07,train,"BTCUSDT,ETHUSDT,BNBUSDT,SOLUSDT,XRPUSDT",backtest đơn lẻ,1
2026-10-10T01:25:16+00:00,S2,S2-i076-htf-slip3,Accumulation/Distribution,True,slip3,train,"BTCUSDT,ETHUSDT,BNBUSDT,SOLUSDT,XRPUSDT",backtest đơn lẻ,1
2026-10-10T01:25:16+00:00,S2,S2-i076-htf-no_funding,Accumulation/Distribution,True,no_funding,train,"BTCUSDT,ETHUSDT,BNBUSDT,SOLUSDT,XRPUSDT",backtest đơn lẻ,1
2026-10-10T01:25:16+00:00,S2,S2-i077-nohtf-baseline,MFI,False,baseline,train,"BTCUSDT,ETHUSDT,BNBUSDT,SOLUSDT,XRPUSDT",backtest đơn lẻ,1
2026-10-10T01:25:16+00:00,S2,S2-i077-nohtf-tp0.80,MFI,False,tp0.80,train,"BTCUSDT,ETHUSDT,BNBUSDT,SOLUSDT,XRPUSDT",backtest đơn lẻ,1
2026-10-10T01:25:16+00:00,S2,S2-i077-nohtf-tp1.80,MFI,False,tp1.80,train,"BTCUSDT,ETHUSDT,BNBUSDT,SOLUSDT,XRPUSDT",backtest đơn lẻ,1
2026-10-10T01:25:16+00:00,S2,S2-i077-nohtf-sl0.50,MFI,False,sl0.50,train,"BTCUSDT,ETHUSDT,BNBUSDT,SOLUSDT,XRPUSDT",backtest đơn lẻ,1
2026-10-10T01:25:16+00:00,S2,S2-i077-nohtf-sl1.20,MFI,False,sl1.20,train,"BTCUSDT,ETHUSDT,BNBUSDT,SOLUSDT,XRPUSDT",backtest đơn lẻ,1
2026-10-10T01:25:16+00:00,S2,S2-i077-nohtf-fee0.02,MFI,False,fee0.02,train,"BTCUSDT,ETHUSDT,BNBUSDT,SOLUSDT,XRPUSDT",backtest đơn lẻ,1
2026-10-10T01:25:16+00:00,S2,S2-i077-nohtf-fee0.07,MFI,False,fee0.07,train,"BTCUSDT,ETHUSDT,BNBUSDT,SOLUSDT,XRPUSDT",backtest đơn lẻ,1
2026-10-10T01:25:16+00:00,S2,S2-i077-nohtf-slip3,MFI,False,slip3,train,"BTCUSDT,ETHUSDT,BNBUSDT,SOLUSDT,XRPUSDT",backtest đơn lẻ,1
2026-10-10T01:25:16+00:00,S2,S2-i077-nohtf-no_funding,MFI,False,no_funding,train,"BTCUSDT,ETHUSDT,BNBUSDT,SOLUSDT,XRPUSDT",backtest đơn lẻ,1
2026-10-10T01:25:16+00:00,S2,S2-i077-htf-baseline,MFI,True,baseline,train,"BTCUSDT,ETHUSDT,BNBUSDT,SOLUSDT,XRPUSDT",backtest đơn lẻ,1
2026-10-10T01:25:16+00:00,S2,S2-i077-htf-tp0.80,MFI,True,tp0.80,train,"BTCUSDT,ETHUSDT,BNBUSDT,SOLUSDT,XRPUSDT",backtest đơn lẻ,1
2026-10-10T01:25:16+00:00,S2,S2-i077-htf-tp1.80,MFI,True,tp1.80,train,"BTCUSDT,ETHUSDT,BNBUSDT,SOLUSDT,XRPUSDT",backtest đơn lẻ,1
2026-10-10T01:25:16+00:00,S2,S2-i077-htf-sl0.50,MFI,True,sl0.50,train,"BTCUSDT,ETHUSDT,BNBUSDT,SOLUSDT,XRPUSDT",backtest đơn lẻ,1
2026-10-10T01:25:16+00:00,S2,S2-i077-htf-sl1.20,MFI,True,sl1.20,train,"BTCUSDT,ETHUSDT,BNBUSDT,SOLUSDT,XRPUSDT",backtest đơn lẻ,1
2026-10-10T01:25:16+00:00,S2,S2-i077-htf-fee0.02,MFI,True,fee0.02,train,"BTCUSDT,ETHUSDT,BNBUSDT,SOLUSDT,XRPUSDT",backtest đơn lẻ,1
2026-10-10T01:25:16+00:00,S2,S2-i077-htf-fee0.07,MFI,True,fee0.07,train,"BTCUSDT,ETHUSDT,BNBUSDT,SOLUSDT,XRPUSDT",backtest đơn lẻ,1
2026-10-10T01:25:16+00:00,S2,S2-i077-htf-slip3,MFI,True,slip3,train,"BTCUSDT,ETHUSDT,BNBUSDT,SOLUSDT,XRPUSDT",backtest đơn lẻ,1
2026-10-10T01:25:16+00:00,S2,S2-i077-htf-no_funding,MFI,True,no_funding,train,"BTCUSDT,ETHUSDT,BNBUSDT,SOLUSDT,XRPUSDT",backtest đơn lẻ,1
2026-10-10T01:25:16+00:00,S2,S2-i078-nohtf-baseline,Chaikin Money Flow,False,baseline,train,"BTCUSDT,ETHUSDT,BNBUSDT,SOLUSDT,XRPUSDT",backtest đơn lẻ,1
2026-10-10T01:25:16+00:00,S2,S2-i078-nohtf-tp0.80,Chaikin Money Flow,False,tp0.80,train,"BTCUSDT,ETHUSDT,BNBUSDT,SOLUSDT,XRPUSDT",backtest đơn lẻ,1
2026-10-10T01:25:16+00:00,S2,S2-i078-nohtf-tp1.80,Chaikin Money Flow,False,tp1.80,train,"BTCUSDT,ETHUSDT,BNBUSDT,SOLUSDT,XRPUSDT",backtest đơn lẻ,1
2026-10-10T01:25:16+00:00,S2,S2-i078-nohtf-sl0.50,Chaikin Money Flow,False,sl0.50,train,"BTCUSDT,ETHUSDT,BNBUSDT,SOLUSDT,XRPUSDT",backtest đơn lẻ,1
2026-10-10T01:25:16+00:00,S2,S2-i078-nohtf-sl1.20,Chaikin Money Flow,False,sl1.20,train,"BTCUSDT,ETHUSDT,BNBUSDT,SOLUSDT,XRPUSDT",backtest đơn lẻ,1
2026-10-10T01:25:16+00:00,S2,S2-i078-nohtf-fee0.02,Chaikin Money Flow,False,fee0.02,train,"BTCUSDT,ETHUSDT,BNBUSDT,SOLUSDT,XRPUSDT",backtest đơn lẻ,1
2026-10-10T01:25:16+00:00,S2,S2-i078-nohtf-fee0.07,Chaikin Money Flow,False,fee0.07,train,"BTCUSDT,ETHUSDT,BNBUSDT,SOLUSDT,XRPUSDT",backtest đơn lẻ,1
2026-10-10T01:25:16+00:00,S2,S2-i078-nohtf-slip3,Chaikin Money Flow,False,slip3,train,"BTCUSDT,ETHUSDT,BNBUSDT,SOLUSDT,XRPUSDT",backtest đơn lẻ,1
2026-10-10T01:25:16+00:00,S2,S2-i078-nohtf-no_funding,Chaikin Money Flow,False,no_funding,train,"BTCUSDT,ETHUSDT,BNBUSDT,SOLUSDT,XRPUSDT",backtest đơn lẻ,1
2026-10-10T01:25:16+00:00,S2,S2-i078-htf-baseline,Chaikin Money Flow,True,baseline,train,"BTCUSDT,ETHUSDT,BNBUSDT,SOLUSDT,XRPUSDT",backtest đơn lẻ,1
2026-10-10T01:25:16+00:00,S2,S2-i078-htf-tp0.80,Chaikin Money Flow,True,tp0.80,train,"BTCUSDT,ETHUSDT,BNBUSDT,SOLUSDT,XRPUSDT",backtest đơn lẻ,1
2026-10-10T01:25:16+00:00,S2,S2-i078-htf-tp1.80,Chaikin Money Flow,True,tp1.80,train,"BTCUSDT,ETHUSDT,BNBUSDT,SOLUSDT,XRPUSDT",backtest đơn lẻ,1
2026-10-10T01:25:16+00:00,S2,S2-i078-htf-sl0.50,Chaikin Money Flow,True,sl0.50,train,"BTCUSDT,ETHUSDT,BNBUSDT,SOLUSDT,XRPUSDT",backtest đơn lẻ,1
2026-10-10T01:25:16+00:00,S2,S2-i078-htf-sl1.20,Chaikin Money Flow,True,sl1.20,train,"BTCUSDT,ETHUSDT,BNBUSDT,SOLUSDT,XRPUSDT",backtest đơn lẻ,1
2026-10-10T01:25:16+00:00,S2,S2-i078-htf-fee0.02,Chaikin Money Flow,True,fee0.02,train,"BTCUSDT,ETHUSDT,BNBUSDT,SOLUSDT,XRPUSDT",backtest đơn lẻ,1
2026-10-10T01:25:16+00:00,S2,S2-i078-htf-fee0.07,Chaikin Money Flow,True,fee0.07,train,"BTCUSDT,ETHUSDT,BNBUSDT,SOLUSDT,XRPUSDT",backtest đơn lẻ,1
2026-10-10T01:25:16+00:00,S2,S2-i078-htf-slip3,Chaikin Money Flow,True,slip3,train,"BTCUSDT,ETHUSDT,BNBUSDT,SOLUSDT,XRPUSDT",backtest đơn lẻ,1
2026-10-10T01:25:16+00:00,S2,S2-i078-htf-no_funding,Chaikin Money Flow,True,no_funding,train,"BTCUSDT,ETHUSDT,BNBUSDT,SOLUSDT,XRPUSDT",backtest đơn lẻ,1
2026-10-10T01:25:16+00:00,S2,S2-i079-nohtf-baseline,Chaikin Oscillator,False,baseline,train,"BTCUSDT,ETHUSDT,BNBUSDT,SOLUSDT,XRPUSDT",backtest đơn lẻ,1
2026-10-10T01:25:16+00:00,S2,S2-i079-nohtf-tp0.80,Chaikin Oscillator,False,tp0.80,train,"BTCUSDT,ETHUSDT,BNBUSDT,SOLUSDT,XRPUSDT",backtest đơn lẻ,1
2026-10-10T01:25:16+00:00,S2,S2-i079-nohtf-tp1.80,Chaikin Oscillator,False,tp1.80,train,"BTCUSDT,ETHUSDT,BNBUSDT,SOLUSDT,XRPUSDT",backtest đơn lẻ,1
2026-10-10T01:25:16+00:00,S2,S2-i079-nohtf-sl0.50,Chaikin Oscillator,False,sl0.50,train,"BTCUSDT,ETHUSDT,BNBUSDT,SOLUSDT,XRPUSDT",backtest đơn lẻ,1
2026-10-10T01:25:16+00:00,S2,S2-i079-nohtf-sl1.20,Chaikin Oscillator,False,sl1.20,train,"BTCUSDT,ETHUSDT,BNBUSDT,SOLUSDT,XRPUSDT",backtest đơn lẻ,1
2026-10-10T01:25:16+00:00,S2,S2-i079-nohtf-fee0.02,Chaikin Oscillator,False,fee0.02,train,"BTCUSDT,ETHUSDT,BNBUSDT,SOLUSDT,XRPUSDT",backtest đơn lẻ,1
2026-10-10T01:25:16+00:00,S2,S2-i079-nohtf-fee0.07,Chaikin Oscillator,False,fee0.07,train,"BTCUSDT,ETHUSDT,BNBUSDT,SOLUSDT,XRPUSDT",backtest đơn lẻ,1
2026-10-10T01:25:16+00:00,S2,S2-i079-nohtf-slip3,Chaikin Oscillator,False,slip3,train,"BTCUSDT,ETHUSDT,BNBUSDT,SOLUSDT,XRPUSDT",backtest đơn lẻ,1
2026-10-10T01:25:16+00:00,S2,S2-i079-nohtf-no_funding,Chaikin Oscillator,False,no_funding,train,"BTCUSDT,ETHUSDT,BNBUSDT,SOLUSDT,XRPUSDT",backtest đơn lẻ,1
2026-10-10T01:25:16+00:00,S2,S2-i079-htf-baseline,Chaikin Oscillator,True,baseline,train,"BTCUSDT,ETHUSDT,BNBUSDT,SOLUSDT,XRPUSDT",backtest đơn lẻ,1
2026-10-10T01:25:16+00:00,S2,S2-i079-htf-tp0.80,Chaikin Oscillator,True,tp0.80,train,"BTCUSDT,ETHUSDT,BNBUSDT,SOLUSDT,XRPUSDT",backtest đơn lẻ,1
2026-10-10T01:25:16+00:00,S2,S2-i079-htf-tp1.80,Chaikin Oscillator,True,tp1.80,train,"BTCUSDT,ETHUSDT,BNBUSDT,SOLUSDT,XRPUSDT",backtest đơn lẻ,1
2026-10-10T01:25:16+00:00,S2,S2-i079-htf-sl0.50,Chaikin Oscillator,True,sl0.50,train,"BTCUSDT,ETHUSDT,BNBUSDT,SOLUSDT,XRPUSDT",backtest đơn lẻ,1
2026-10-10T01:25:16+00:00,S2,S2-i079-htf-sl1.20,Chaikin Oscillator,True,sl1.20,train,"BTCUSDT,ETHUSDT,BNBUSDT,SOLUSDT,XRPUSDT",backtest đơn lẻ,1
2026-10-10T01:25:16+00:00,S2,S2-i079-htf-fee0.02,Chaikin Oscillator,True,fee0.02,train,"BTCUSDT,ETHUSDT,BNBUSDT,SOLUSDT,XRPUSDT",backtest đơn lẻ,1
2026-10-10T01:25:16+00:00,S2,S2-i079-htf-fee0.07,Chaikin Oscillator,True,fee0.07,train,"BTCUSDT,ETHUSDT,BNBUSDT,SOLUSDT,XRPUSDT",backtest đơn lẻ,1
2026-10-10T01:25:16+00:00,S2,S2-i079-htf-slip3,Chaikin Oscillator,True,slip3,train,"BTCUSDT,ETHUSDT,BNBUSDT,SOLUSDT,XRPUSDT",backtest đơn lẻ,1
2026-10-10T01:25:16+00:00,S2,S2-i079-htf-no_funding,Chaikin Oscillator,True,no_funding,train,"BTCUSDT,ETHUSDT,BNBUSDT,SOLUSDT,XRPUSDT",backtest đơn lẻ,1
2026-10-10T01:25:16+00:00,S2,S2-i080-nohtf-baseline,Ease of Movement,False,baseline,train,"BTCUSDT,ETHUSDT,BNBUSDT,SOLUSDT,XRPUSDT",backtest đơn lẻ,1
2026-10-10T01:25:16+00:00,S2,S2-i080-nohtf-tp0.80,Ease of Movement,False,tp0.80,train,"BTCUSDT,ETHUSDT,BNBUSDT,SOLUSDT,XRPUSDT",backtest đơn lẻ,1
2026-10-10T01:25:16+00:00,S2,S2-i080-nohtf-tp1.80,Ease of Movement,False,tp1.80,train,"BTCUSDT,ETHUSDT,BNBUSDT,SOLUSDT,XRPUSDT",backtest đơn lẻ,1
2026-10-10T01:25:16+00:00,S2,S2-i080-nohtf-sl0.50,Ease of Movement,False,sl0.50,train,"BTCUSDT,ETHUSDT,BNBUSDT,SOLUSDT,XRPUSDT",backtest đơn lẻ,1
2026-10-10T01:25:16+00:00,S2,S2-i080-nohtf-sl1.20,Ease of Movement,False,sl1.20,train,"BTCUSDT,ETHUSDT,BNBUSDT,SOLUSDT,XRPUSDT",backtest đơn lẻ,1
2026-10-10T01:25:16+00:00,S2,S2-i080-nohtf-fee0.02,Ease of Movement,False,fee0.02,train,"BTCUSDT,ETHUSDT,BNBUSDT,SOLUSDT,XRPUSDT",backtest đơn lẻ,1
2026-10-10T01:25:16+00:00,S2,S2-i080-nohtf-fee0.07,Ease of Movement,False,fee0.07,train,"BTCUSDT,ETHUSDT,BNBUSDT,SOLUSDT,XRPUSDT",backtest đơn lẻ,1
2026-10-10T01:25:16+00:00,S2,S2-i080-nohtf-slip3,Ease of Movement,False,slip3,train,"BTCUSDT,ETHUSDT,BNBUSDT,SOLUSDT,XRPUSDT",backtest đơn lẻ,1
2026-10-10T01:25:16+00:00,S2,S2-i080-nohtf-no_funding,Ease of Movement,False,no_funding,train,"BTCUSDT,ETHUSDT,BNBUSDT,SOLUSDT,XRPUSDT",backtest đơn lẻ,1
2026-10-10T01:25:16+00:00,S2,S2-i080-htf-baseline,Ease of Movement,True,baseline,train,"BTCUSDT,ETHUSDT,BNBUSDT,SOLUSDT,XRPUSDT",backtest đơn lẻ,1
2026-10-10T01:25:16+00:00,S2,S2-i080-htf-tp0.80,Ease of Movement,True,tp0.80,train,"BTCUSDT,ETHUSDT,BNBUSDT,SOLUSDT,XRPUSDT",backtest đơn lẻ,1
2026-10-10T01:25:16+00:00,S2,S2-i080-htf-tp1.80,Ease of Movement,True,tp1.80,train,"BTCUSDT,ETHUSDT,BNBUSDT,SOLUSDT,XRPUSDT",backtest đơn lẻ,1
2026-10-10T01:25:16+00:00,S2,S2-i080-htf-sl0.50,Ease of Movement,True,sl0.50,train,"BTCUSDT,ETHUSDT,BNBUSDT,SOLUSDT,XRPUSDT",backtest đơn lẻ,1
2026-10-10T01:25:16+00:00,S2,S2-i080-htf-sl1.20,Ease of Movement,True,sl1.20,train,"BTCUSDT,ETHUSDT,BNBUSDT,SOLUSDT,XRPUSDT",backtest đơn lẻ,1
2026-10-10T01:25:16+00:00,S2,S2-i080-htf-fee0.02,Ease of Movement,True,fee0.02,train,"BTCUSDT,ETHUSDT,BNBUSDT,SOLUSDT,XRPUSDT",backtest đơn lẻ,1
2026-10-10T01:25:16+00:00,S2,S2-i080-htf-fee0.07,Ease of Movement,True,fee0.07,train,"BTCUSDT,ETHUSDT,BNBUSDT,SOLUSDT,XRPUSDT",backtest đơn lẻ,1
2026-10-10T01:25:16+00:00,S2,S2-i080-htf-slip3,Ease of Movement,True,slip3,train,"BTCUSDT,ETHUSDT,BNBUSDT,SOLUSDT,XRPUSDT",backtest đơn lẻ,1
2026-10-10T01:25:16+00:00,S2,S2-i080-htf-no_funding,Ease of Movement,True,no_funding,train,"BTCUSDT,ETHUSDT,BNBUSDT,SOLUSDT,XRPUSDT",backtest đơn lẻ,1
2026-10-10T01:25:16+00:00,S2,S2-i081-nohtf-baseline,Elder Force Index,False,baseline,train,"BTCUSDT,ETHUSDT,BNBUSDT,SOLUSDT,XRPUSDT",backtest đơn lẻ,1
2026-10-10T01:25:16+00:00,S2,S2-i081-nohtf-tp0.80,Elder Force Index,False,tp0.80,train,"BTCUSDT,ETHUSDT,BNBUSDT,SOLUSDT,XRPUSDT",backtest đơn lẻ,1
2026-10-10T01:25:16+00:00,S2,S2-i081-nohtf-tp1.80,Elder Force Index,False,tp1.80,train,"BTCUSDT,ETHUSDT,BNBUSDT,SOLUSDT,XRPUSDT",backtest đơn lẻ,1
2026-10-10T01:25:16+00:00,S2,S2-i081-nohtf-sl0.50,Elder Force Index,False,sl0.50,train,"BTCUSDT,ETHUSDT,BNBUSDT,SOLUSDT,XRPUSDT",backtest đơn lẻ,1
2026-10-10T01:25:16+00:00,S2,S2-i081-nohtf-sl1.20,Elder Force Index,False,sl1.20,train,"BTCUSDT,ETHUSDT,BNBUSDT,SOLUSDT,XRPUSDT",backtest đơn lẻ,1
2026-10-10T01:25:16+00:00,S2,S2-i081-nohtf-fee0.02,Elder Force Index,False,fee0.02,train,"BTCUSDT,ETHUSDT,BNBUSDT,SOLUSDT,XRPUSDT",backtest đơn lẻ,1
2026-10-10T01:25:16+00:00,S2,S2-i081-nohtf-fee0.07,Elder Force Index,False,fee0.07,train,"BTCUSDT,ETHUSDT,BNBUSDT,SOLUSDT,XRPUSDT",backtest đơn lẻ,1
2026-10-10T01:25:16+00:00,S2,S2-i081-nohtf-slip3,Elder Force Index,False,slip3,train,"BTCUSDT,ETHUSDT,BNBUSDT,SOLUSDT,XRPUSDT",backtest đơn lẻ,1
2026-10-10T01:25:16+00:00,S2,S2-i081-nohtf-no_funding,Elder Force Index,False,no_funding,train,"BTCUSDT,ETHUSDT,BNBUSDT,SOLUSDT,XRPUSDT",backtest đơn lẻ,1
2026-10-10T01:25:16+00:00,S2,S2-i081-htf-baseline,Elder Force Index,True,baseline,train,"BTCUSDT,ETHUSDT,BNBUSDT,SOLUSDT,XRPUSDT",backtest đơn lẻ,1
2026-10-10T01:25:16+00:00,S2,S2-i081-htf-tp0.80,Elder Force Index,True,tp0.80,train,"BTCUSDT,ETHUSDT,BNBUSDT,SOLUSDT,XRPUSDT",backtest đơn lẻ,1
2026-10-10T01:25:16+00:00,S2,S2-i081-htf-tp1.80,Elder Force Index,True,tp1.80,train,"BTCUSDT,ETHUSDT,BNBUSDT,SOLUSDT,XRPUSDT",backtest đơn lẻ,1
2026-10-10T01:25:16+00:00,S2,S2-i081-htf-sl0.50,Elder Force Index,True,sl0.50,train,"BTCUSDT,ETHUSDT,BNBUSDT,SOLUSDT,XRPUSDT",backtest đơn lẻ,1
2026-10-10T01:25:16+00:00,S2,S2-i081-htf-sl1.20,Elder Force Index,True,sl1.20,train,"BTCUSDT,ETHUSDT,BNBUSDT,SOLUSDT,XRPUSDT",backtest đơn lẻ,1
2026-10-10T01:25:16+00:00,S2,S2-i081-htf-fee0.02,Elder Force Index,True,fee0.02,train,"BTCUSDT,ETHUSDT,BNBUSDT,SOLUSDT,XRPUSDT",backtest đơn lẻ,1
2026-10-10T01:25:16+00:00,S2,S2-i081-htf-fee0.07,Elder Force Index,True,fee0.07,train,"BTCUSDT,ETHUSDT,BNBUSDT,SOLUSDT,XRPUSDT",backtest đơn lẻ,1
2026-10-10T01:25:16+00:00,S2,S2-i081-htf-slip3,Elder Force Index,True,slip3,train,"BTCUSDT,ETHUSDT,BNBUSDT,SOLUSDT,XRPUSDT",backtest đơn lẻ,1
2026-10-10T01:25:16+00:00,S2,S2-i081-htf-no_funding,Elder Force Index,True,no_funding,train,"BTCUSDT,ETHUSDT,BNBUSDT,SOLUSDT,XRPUSDT",backtest đơn lẻ,1
2026-10-10T01:25:16+00:00,S2,S2-i082-nohtf-baseline,Price & Volume Trend,False,baseline,train,"BTCUSDT,ETHUSDT,BNBUSDT,SOLUSDT,XRPUSDT",backtest đơn lẻ,1
2026-10-10T01:25:16+00:00,S2,S2-i082-nohtf-tp0.80,Price & Volume Trend,False,tp0.80,train,"BTCUSDT,ETHUSDT,BNBUSDT,SOLUSDT,XRPUSDT",backtest đơn lẻ,1
2026-10-10T01:25:16+00:00,S2,S2-i082-nohtf-tp1.80,Price & Volume Trend,False,tp1.80,train,"BTCUSDT,ETHUSDT,BNBUSDT,SOLUSDT,XRPUSDT",backtest đơn lẻ,1
2026-10-10T01:25:16+00:00,S2,S2-i082-nohtf-sl0.50,Price & Volume Trend,False,sl0.50,train,"BTCUSDT,ETHUSDT,BNBUSDT,SOLUSDT,XRPUSDT",backtest đơn lẻ,1
2026-10-10T01:25:16+00:00,S2,S2-i082-nohtf-sl1.20,Price & Volume Trend,False,sl1.20,train,"BTCUSDT,ETHUSDT,BNBUSDT,SOLUSDT,XRPUSDT",backtest đơn lẻ,1
2026-10-10T01:25:16+00:00,S2,S2-i082-nohtf-fee0.02,Price & Volume Trend,False,fee0.02,train,"BTCUSDT,ETHUSDT,BNBUSDT,SOLUSDT,XRPUSDT",backtest đơn lẻ,1
2026-10-10T01:25:16+00:00,S2,S2-i082-nohtf-fee0.07,Price & Volume Trend,False,fee0.07,train,"BTCUSDT,ETHUSDT,BNBUSDT,SOLUSDT,XRPUSDT",backtest đơn lẻ,1
2026-10-10T01:25:16+00:00,S2,S2-i082-nohtf-slip3,Price & Volume Trend,False,slip3,train,"BTCUSDT,ETHUSDT,BNBUSDT,SOLUSDT,XRPUSDT",backtest đơn lẻ,1
2026-10-10T01:25:16+00:00,S2,S2-i082-nohtf-no_funding,Price & Volume Trend,False,no_funding,train,"BTCUSDT,ETHUSDT,BNBUSDT,SOLUSDT,XRPUSDT",backtest đơn lẻ,1
2026-10-10T01:25:16+00:00,S2,S2-i082-htf-baseline,Price & Volume Trend,True,baseline,train,"BTCUSDT,ETHUSDT,BNBUSDT,SOLUSDT,XRPUSDT",backtest đơn lẻ,1
2026-10-10T01:25:16+00:00,S2,S2-i082-htf-tp0.80,Price & Volume Trend,True,tp0.80,train,"BTCUSDT,ETHUSDT,BNBUSDT,SOLUSDT,XRPUSDT",backtest đơn lẻ,1
2026-10-10T01:25:16+00:00,S2,S2-i082-htf-tp1.80,Price & Volume Trend,True,tp1.80,train,"BTCUSDT,ETHUSDT,BNBUSDT,SOLUSDT,XRPUSDT",backtest đơn lẻ,1
2026-10-10T01:25:16+00:00,S2,S2-i082-htf-sl0.50,Price & Volume Trend,True,sl0.50,train,"BTCUSDT,ETHUSDT,BNBUSDT,SOLUSDT,XRPUSDT",backtest đơn lẻ,1
2026-10-10T01:25:16+00:00,S2,S2-i082-htf-sl1.20,Price & Volume Trend,True,sl1.20,train,"BTCUSDT,ETHUSDT,BNBUSDT,SOLUSDT,XRPUSDT",backtest đơn lẻ,1
2026-10-10T01:25:16+00:00,S2,S2-i082-htf-fee0.02,Price & Volume Trend,True,fee0.02,train,"BTCUSDT,ETHUSDT,BNBUSDT,SOLUSDT,XRPUSDT",backtest đơn lẻ,1
2026-10-10T01:25:16+00:00,S2,S2-i082-htf-fee0.07,Price & Volume Trend,True,fee0.07,train,"BTCUSDT,ETHUSDT,BNBUSDT,SOLUSDT,XRPUSDT",backtest đơn lẻ,1
2026-10-10T01:25:16+00:00,S2,S2-i082-htf-slip3,Price & Volume Trend,True,slip3,train,"BTCUSDT,ETHUSDT,BNBUSDT,SOLUSDT,XRPUSDT",backtest đơn lẻ,1
2026-10-10T01:25:16+00:00,S2,S2-i082-htf-no_funding,Price & Volume Trend,True,no_funding,train,"BTCUSDT,ETHUSDT,BNBUSDT,SOLUSDT,XRPUSDT",backtest đơn lẻ,1
2026-10-10T01:25:16+00:00,S2,S2-i086-nohtf-baseline,VWAP,False,baseline,train,"BTCUSDT,ETHUSDT,BNBUSDT,SOLUSDT,XRPUSDT",backtest đơn lẻ,1
2026-10-10T01:25:16+00:00,S2,S2-i086-nohtf-tp0.80,VWAP,False,tp0.80,train,"BTCUSDT,ETHUSDT,BNBUSDT,SOLUSDT,XRPUSDT",backtest đơn lẻ,1
2026-10-10T01:25:16+00:00,S2,S2-i086-nohtf-tp1.80,VWAP,False,tp1.80,train,"BTCUSDT,ETHUSDT,BNBUSDT,SOLUSDT,XRPUSDT",backtest đơn lẻ,1
2026-10-10T01:25:16+00:00,S2,S2-i086-nohtf-sl0.50,VWAP,False,sl0.50,train,"BTCUSDT,ETHUSDT,BNBUSDT,SOLUSDT,XRPUSDT",backtest đơn lẻ,1
2026-10-10T01:25:16+00:00,S2,S2-i086-nohtf-sl1.20,VWAP,False,sl1.20,train,"BTCUSDT,ETHUSDT,BNBUSDT,SOLUSDT,XRPUSDT",backtest đơn lẻ,1
2026-10-10T01:25:16+00:00,S2,S2-i086-nohtf-fee0.02,VWAP,False,fee0.02,train,"BTCUSDT,ETHUSDT,BNBUSDT,SOLUSDT,XRPUSDT",backtest đơn lẻ,1
2026-10-10T01:25:16+00:00,S2,S2-i086-nohtf-fee0.07,VWAP,False,fee0.07,train,"BTCUSDT,ETHUSDT,BNBUSDT,SOLUSDT,XRPUSDT",backtest đơn lẻ,1
2026-10-10T01:25:16+00:00,S2,S2-i086-nohtf-slip3,VWAP,False,slip3,train,"BTCUSDT,ETHUSDT,BNBUSDT,SOLUSDT,XRPUSDT",backtest đơn lẻ,1
2026-10-10T01:25:16+00:00,S2,S2-i086-nohtf-no_funding,VWAP,False,no_funding,train,"BTCUSDT,ETHUSDT,BNBUSDT,SOLUSDT,XRPUSDT",backtest đơn lẻ,1
2026-10-10T01:25:16+00:00,S2,S2-i086-htf-baseline,VWAP,True,baseline,train,"BTCUSDT,ETHUSDT,BNBUSDT,SOLUSDT,XRPUSDT",backtest đơn lẻ,1
2026-10-10T01:25:16+00:00,S2,S2-i086-htf-tp0.80,VWAP,True,tp0.80,train,"BTCUSDT,ETHUSDT,BNBUSDT,SOLUSDT,XRPUSDT",backtest đơn lẻ,1
2026-10-10T01:25:16+00:00,S2,S2-i086-htf-tp1.80,VWAP,True,tp1.80,train,"BTCUSDT,ETHUSDT,BNBUSDT,SOLUSDT,XRPUSDT",backtest đơn lẻ,1
2026-10-10T01:25:16+00:00,S2,S2-i086-htf-sl0.50,VWAP,True,sl0.50,train,"BTCUSDT,ETHUSDT,BNBUSDT,SOLUSDT,XRPUSDT",backtest đơn lẻ,1
2026-10-10T01:25:16+00:00,S2,S2-i086-htf-sl1.20,VWAP,True,sl1.20,train,"BTCUSDT,ETHUSDT,BNBUSDT,SOLUSDT,XRPUSDT",backtest đơn lẻ,1
2026-10-10T01:25:16+00:00,S2,S2-i086-htf-fee0.02,VWAP,True,fee0.02,train,"BTCUSDT,ETHUSDT,BNBUSDT,SOLUSDT,XRPUSDT",backtest đơn lẻ,1
2026-10-10T01:25:16+00:00,S2,S2-i086-htf-fee0.07,VWAP,True,fee0.07,train,"BTCUSDT,ETHUSDT,BNBUSDT,SOLUSDT,XRPUSDT",backtest đơn lẻ,1
2026-10-10T01:25:16+00:00,S2,S2-i086-htf-slip3,VWAP,True,slip3,train,"BTCUSDT,ETHUSDT,BNBUSDT,SOLUSDT,XRPUSDT",backtest đơn lẻ,1
2026-10-10T01:25:16+00:00,S2,S2-i086-htf-no_funding,VWAP,True,no_funding,train,"BTCUSDT,ETHUSDT,BNBUSDT,SOLUSDT,XRPUSDT",backtest đơn lẻ,1
2026-10-10T01:25:16+00:00,S2,S2-i087-nohtf-baseline,VWMA,False,baseline,train,"BTCUSDT,ETHUSDT,BNBUSDT,SOLUSDT,XRPUSDT",backtest đơn lẻ,1
2026-10-10T01:25:16+00:00,S2,S2-i087-nohtf-tp0.80,VWMA,False,tp0.80,train,"BTCUSDT,ETHUSDT,BNBUSDT,SOLUSDT,XRPUSDT",backtest đơn lẻ,1
2026-10-10T01:25:16+00:00,S2,S2-i087-nohtf-tp1.80,VWMA,False,tp1.80,train,"BTCUSDT,ETHUSDT,BNBUSDT,SOLUSDT,XRPUSDT",backtest đơn lẻ,1
2026-10-10T01:25:16+00:00,S2,S2-i087-nohtf-sl0.50,VWMA,False,sl0.50,train,"BTCUSDT,ETHUSDT,BNBUSDT,SOLUSDT,XRPUSDT",backtest đơn lẻ,1
2026-10-10T01:25:16+00:00,S2,S2-i087-nohtf-sl1.20,VWMA,False,sl1.20,train,"BTCUSDT,ETHUSDT,BNBUSDT,SOLUSDT,XRPUSDT",backtest đơn lẻ,1
2026-10-10T01:25:16+00:00,S2,S2-i087-nohtf-fee0.02,VWMA,False,fee0.02,train,"BTCUSDT,ETHUSDT,BNBUSDT,SOLUSDT,XRPUSDT",backtest đơn lẻ,1
2026-10-10T01:25:16+00:00,S2,S2-i087-nohtf-fee0.07,VWMA,False,fee0.07,train,"BTCUSDT,ETHUSDT,BNBUSDT,SOLUSDT,XRPUSDT",backtest đơn lẻ,1
2026-10-10T01:25:16+00:00,S2,S2-i087-nohtf-slip3,VWMA,False,slip3,train,"BTCUSDT,ETHUSDT,BNBUSDT,SOLUSDT,XRPUSDT",backtest đơn lẻ,1
2026-10-10T01:25:16+00:00,S2,S2-i087-nohtf-no_funding,VWMA,False,no_funding,train,"BTCUSDT,ETHUSDT,BNBUSDT,SOLUSDT,XRPUSDT",backtest đơn lẻ,1
2026-10-10T01:25:16+00:00,S2,S2-i087-htf-baseline,VWMA,True,baseline,train,"BTCUSDT,ETHUSDT,BNBUSDT,SOLUSDT,XRPUSDT",backtest đơn lẻ,1
2026-10-10T01:25:16+00:00,S2,S2-i087-htf-tp0.80,VWMA,True,tp0.80,train,"BTCUSDT,ETHUSDT,BNBUSDT,SOLUSDT,XRPUSDT",backtest đơn lẻ,1
2026-10-10T01:25:16+00:00,S2,S2-i087-htf-tp1.80,VWMA,True,tp1.80,train,"BTCUSDT,ETHUSDT,BNBUSDT,SOLUSDT,XRPUSDT",backtest đơn lẻ,1
2026-10-10T01:25:16+00:00,S2,S2-i087-htf-sl0.50,VWMA,True,sl0.50,train,"BTCUSDT,ETHUSDT,BNBUSDT,SOLUSDT,XRPUSDT",backtest đơn lẻ,1
2026-10-10T01:25:16+00:00,S2,S2-i087-htf-sl1.20,VWMA,True,sl1.20,train,"BTCUSDT,ETHUSDT,BNBUSDT,SOLUSDT,XRPUSDT",backtest đơn lẻ,1
2026-10-10T01:25:16+00:00,S2,S2-i087-htf-fee0.02,VWMA,True,fee0.02,train,"BTCUSDT,ETHUSDT,BNBUSDT,SOLUSDT,XRPUSDT",backtest đơn lẻ,1
2026-10-10T01:25:16+00:00,S2,S2-i087-htf-fee0.07,VWMA,True,fee0.07,train,"BTCUSDT,ETHUSDT,BNBUSDT,SOLUSDT,XRPUSDT",backtest đơn lẻ,1
2026-10-10T01:25:16+00:00,S2,S2-i087-htf-slip3,VWMA,True,slip3,train,"BTCUSDT,ETHUSDT,BNBUSDT,SOLUSDT,XRPUSDT",backtest đơn lẻ,1
2026-10-10T01:25:16+00:00,S2,S2-i087-htf-no_funding,VWMA,True,no_funding,train,"BTCUSDT,ETHUSDT,BNBUSDT,SOLUSDT,XRPUSDT",backtest đơn lẻ,1
2026-10-10T01:25:16+00:00,S2,S2-i088-nohtf-baseline,Pivot Points Standard,False,baseline,train,"BTCUSDT,ETHUSDT,BNBUSDT,SOLUSDT,XRPUSDT",backtest đơn lẻ,1
2026-10-10T01:25:16+00:00,S2,S2-i088-nohtf-tp0.80,Pivot Points Standard,False,tp0.80,train,"BTCUSDT,ETHUSDT,BNBUSDT,SOLUSDT,XRPUSDT",backtest đơn lẻ,1
2026-10-10T01:25:16+00:00,S2,S2-i088-nohtf-tp1.80,Pivot Points Standard,False,tp1.80,train,"BTCUSDT,ETHUSDT,BNBUSDT,SOLUSDT,XRPUSDT",backtest đơn lẻ,1
2026-10-10T01:25:16+00:00,S2,S2-i088-nohtf-sl0.50,Pivot Points Standard,False,sl0.50,train,"BTCUSDT,ETHUSDT,BNBUSDT,SOLUSDT,XRPUSDT",backtest đơn lẻ,1
2026-10-10T01:25:16+00:00,S2,S2-i088-nohtf-sl1.20,Pivot Points Standard,False,sl1.20,train,"BTCUSDT,ETHUSDT,BNBUSDT,SOLUSDT,XRPUSDT",backtest đơn lẻ,1
2026-10-10T01:25:16+00:00,S2,S2-i088-nohtf-fee0.02,Pivot Points Standard,False,fee0.02,train,"BTCUSDT,ETHUSDT,BNBUSDT,SOLUSDT,XRPUSDT",backtest đơn lẻ,1
2026-10-10T01:25:16+00:00,S2,S2-i088-nohtf-fee0.07,Pivot Points Standard,False,fee0.07,train,"BTCUSDT,ETHUSDT,BNBUSDT,SOLUSDT,XRPUSDT",backtest đơn lẻ,1
2026-10-10T01:25:16+00:00,S2,S2-i088-nohtf-slip3,Pivot Points Standard,False,slip3,train,"BTCUSDT,ETHUSDT,BNBUSDT,SOLUSDT,XRPUSDT",backtest đơn lẻ,1
2026-10-10T01:25:16+00:00,S2,S2-i088-nohtf-no_funding,Pivot Points Standard,False,no_funding,train,"BTCUSDT,ETHUSDT,BNBUSDT,SOLUSDT,XRPUSDT",backtest đơn lẻ,1
2026-10-10T01:25:16+00:00,S2,S2-i088-htf-baseline,Pivot Points Standard,True,baseline,train,"BTCUSDT,ETHUSDT,BNBUSDT,SOLUSDT,XRPUSDT",backtest đơn lẻ,1
2026-10-10T01:25:16+00:00,S2,S2-i088-htf-tp0.80,Pivot Points Standard,True,tp0.80,train,"BTCUSDT,ETHUSDT,BNBUSDT,SOLUSDT,XRPUSDT",backtest đơn lẻ,1
2026-10-10T01:25:16+00:00,S2,S2-i088-htf-tp1.80,Pivot Points Standard,True,tp1.80,train,"BTCUSDT,ETHUSDT,BNBUSDT,SOLUSDT,XRPUSDT",backtest đơn lẻ,1
2026-10-10T01:25:16+00:00,S2,S2-i088-htf-sl0.50,Pivot Points Standard,True,sl0.50,train,"BTCUSDT,ETHUSDT,BNBUSDT,SOLUSDT,XRPUSDT",backtest đơn lẻ,1
2026-10-10T01:25:16+00:00,S2,S2-i088-htf-sl1.20,Pivot Points Standard,True,sl1.20,train,"BTCUSDT,ETHUSDT,BNBUSDT,SOLUSDT,XRPUSDT",backtest đơn lẻ,1
2026-10-10T01:25:16+00:00,S2,S2-i088-htf-fee0.02,Pivot Points Standard,True,fee0.02,train,"BTCUSDT,ETHUSDT,BNBUSDT,SOLUSDT,XRPUSDT",backtest đơn lẻ,1
2026-10-10T01:25:16+00:00,S2,S2-i088-htf-fee0.07,Pivot Points Standard,True,fee0.07,train,"BTCUSDT,ETHUSDT,BNBUSDT,SOLUSDT,XRPUSDT",backtest đơn lẻ,1
2026-10-10T01:25:16+00:00,S2,S2-i088-htf-slip3,Pivot Points Standard,True,slip3,train,"BTCUSDT,ETHUSDT,BNBUSDT,SOLUSDT,XRPUSDT",backtest đơn lẻ,1
2026-10-10T01:25:16+00:00,S2,S2-i088-htf-no_funding,Pivot Points Standard,True,no_funding,train,"BTCUSDT,ETHUSDT,BNBUSDT,SOLUSDT,XRPUSDT",backtest đơn lẻ,1
2026-10-10T01:25:16+00:00,S2,S2-i089-nohtf-baseline,Balance of Power,False,baseline,train,"BTCUSDT,ETHUSDT,BNBUSDT,SOLUSDT,XRPUSDT",backtest đơn lẻ,1
2026-10-10T01:25:16+00:00,S2,S2-i089-nohtf-tp0.80,Balance of Power,False,tp0.80,train,"BTCUSDT,ETHUSDT,BNBUSDT,SOLUSDT,XRPUSDT",backtest đơn lẻ,1
2026-10-10T01:25:16+00:00,S2,S2-i089-nohtf-tp1.80,Balance of Power,False,tp1.80,train,"BTCUSDT,ETHUSDT,BNBUSDT,SOLUSDT,XRPUSDT",backtest đơn lẻ,1
2026-10-10T01:25:16+00:00,S2,S2-i089-nohtf-sl0.50,Balance of Power,False,sl0.50,train,"BTCUSDT,ETHUSDT,BNBUSDT,SOLUSDT,XRPUSDT",backtest đơn lẻ,1
2026-10-10T01:25:16+00:00,S2,S2-i089-nohtf-sl1.20,Balance of Power,False,sl1.20,train,"BTCUSDT,ETHUSDT,BNBUSDT,SOLUSDT,XRPUSDT",backtest đơn lẻ,1
2026-10-10T01:25:16+00:00,S2,S2-i089-nohtf-fee0.02,Balance of Power,False,fee0.02,train,"BTCUSDT,ETHUSDT,BNBUSDT,SOLUSDT,XRPUSDT",backtest đơn lẻ,1
2026-10-10T01:25:16+00:00,S2,S2-i089-nohtf-fee0.07,Balance of Power,False,fee0.07,train,"BTCUSDT,ETHUSDT,BNBUSDT,SOLUSDT,XRPUSDT",backtest đơn lẻ,1
2026-10-10T01:25:16+00:00,S2,S2-i089-nohtf-slip3,Balance of Power,False,slip3,train,"BTCUSDT,ETHUSDT,BNBUSDT,SOLUSDT,XRPUSDT",backtest đơn lẻ,1
2026-10-10T01:25:16+00:00,S2,S2-i089-nohtf-no_funding,Balance of Power,False,no_funding,train,"BTCUSDT,ETHUSDT,BNBUSDT,SOLUSDT,XRPUSDT",backtest đơn lẻ,1
2026-10-10T01:25:16+00:00,S2,S2-i089-htf-baseline,Balance of Power,True,baseline,train,"BTCUSDT,ETHUSDT,BNBUSDT,SOLUSDT,XRPUSDT",backtest đơn lẻ,1
2026-10-10T01:25:16+00:00,S2,S2-i089-htf-tp0.80,Balance of Power,True,tp0.80,train,"BTCUSDT,ETHUSDT,BNBUSDT,SOLUSDT,XRPUSDT",backtest đơn lẻ,1
2026-10-10T01:25:16+00:00,S2,S2-i089-htf-tp1.80,Balance of Power,True,tp1.80,train,"BTCUSDT,ETHUSDT,BNBUSDT,SOLUSDT,XRPUSDT",backtest đơn lẻ,1
2026-10-10T01:25:16+00:00,S2,S2-i089-htf-sl0.50,Balance of Power,True,sl0.50,train,"BTCUSDT,ETHUSDT,BNBUSDT,SOLUSDT,XRPUSDT",backtest đơn lẻ,1
2026-10-10T01:25:16+00:00,S2,S2-i089-htf-sl1.20,Balance of Power,True,sl1.20,train,"BTCUSDT,ETHUSDT,BNBUSDT,SOLUSDT,XRPUSDT",backtest đơn lẻ,1
2026-10-10T01:25:16+00:00,S2,S2-i089-htf-fee0.02,Balance of Power,True,fee0.02,train,"BTCUSDT,ETHUSDT,BNBUSDT,SOLUSDT,XRPUSDT",backtest đơn lẻ,1
2026-10-10T01:25:16+00:00,S2,S2-i089-htf-fee0.07,Balance of Power,True,fee0.07,train,"BTCUSDT,ETHUSDT,BNBUSDT,SOLUSDT,XRPUSDT",backtest đơn lẻ,1
2026-10-10T01:25:16+00:00,S2,S2-i089-htf-slip3,Balance of Power,True,slip3,train,"BTCUSDT,ETHUSDT,BNBUSDT,SOLUSDT,XRPUSDT",backtest đơn lẻ,1
2026-10-10T01:25:16+00:00,S2,S2-i089-htf-no_funding,Balance of Power,True,no_funding,train,"BTCUSDT,ETHUSDT,BNBUSDT,SOLUSDT,XRPUSDT",backtest đơn lẻ,1
2026-10-10T01:25:16+00:00,S2,S2-i090-nohtf-baseline,Accumulative Swing Index,False,baseline,train,"BTCUSDT,ETHUSDT,BNBUSDT,SOLUSDT,XRPUSDT",backtest đơn lẻ,1
2026-10-10T01:25:16+00:00,S2,S2-i090-nohtf-tp0.80,Accumulative Swing Index,False,tp0.80,train,"BTCUSDT,ETHUSDT,BNBUSDT,SOLUSDT,XRPUSDT",backtest đơn lẻ,1
2026-10-10T01:25:16+00:00,S2,S2-i090-nohtf-tp1.80,Accumulative Swing Index,False,tp1.80,train,"BTCUSDT,ETHUSDT,BNBUSDT,SOLUSDT,XRPUSDT",backtest đơn lẻ,1
2026-10-10T01:25:16+00:00,S2,S2-i090-nohtf-sl0.50,Accumulative Swing Index,False,sl0.50,train,"BTCUSDT,ETHUSDT,BNBUSDT,SOLUSDT,XRPUSDT",backtest đơn lẻ,1
2026-10-10T01:25:16+00:00,S2,S2-i090-nohtf-sl1.20,Accumulative Swing Index,False,sl1.20,train,"BTCUSDT,ETHUSDT,BNBUSDT,SOLUSDT,XRPUSDT",backtest đơn lẻ,1
2026-10-10T01:25:16+00:00,S2,S2-i090-nohtf-fee0.02,Accumulative Swing Index,False,fee0.02,train,"BTCUSDT,ETHUSDT,BNBUSDT,SOLUSDT,XRPUSDT",backtest đơn lẻ,1
2026-10-10T01:25:16+00:00,S2,S2-i090-nohtf-fee0.07,Accumulative Swing Index,False,fee0.07,train,"BTCUSDT,ETHUSDT,BNBUSDT,SOLUSDT,XRPUSDT",backtest đơn lẻ,1
2026-10-10T01:25:16+00:00,S2,S2-i090-nohtf-slip3,Accumulative Swing Index,False,slip3,train,"BTCUSDT,ETHUSDT,BNBUSDT,SOLUSDT,XRPUSDT",backtest đơn lẻ,1
2026-10-10T01:25:16+00:00,S2,S2-i090-nohtf-no_funding,Accumulative Swing Index,False,no_funding,train,"BTCUSDT,ETHUSDT,BNBUSDT,SOLUSDT,XRPUSDT",backtest đơn lẻ,1
2026-10-10T01:25:16+00:00,S2,S2-i090-htf-baseline,Accumulative Swing Index,True,baseline,train,"BTCUSDT,ETHUSDT,BNBUSDT,SOLUSDT,XRPUSDT",backtest đơn lẻ,1
2026-10-10T01:25:16+00:00,S2,S2-i090-htf-tp0.80,Accumulative Swing Index,True,tp0.80,train,"BTCUSDT,ETHUSDT,BNBUSDT,SOLUSDT,XRPUSDT",backtest đơn lẻ,1
2026-10-10T01:25:16+00:00,S2,S2-i090-htf-tp1.80,Accumulative Swing Index,True,tp1.80,train,"BTCUSDT,ETHUSDT,BNBUSDT,SOLUSDT,XRPUSDT",backtest đơn lẻ,1
2026-10-10T01:25:16+00:00,S2,S2-i090-htf-sl0.50,Accumulative Swing Index,True,sl0.50,train,"BTCUSDT,ETHUSDT,BNBUSDT,SOLUSDT,XRPUSDT",backtest đơn lẻ,1
2026-10-10T01:25:16+00:00,S2,S2-i090-htf-sl1.20,Accumulative Swing Index,True,sl1.20,train,"BTCUSDT,ETHUSDT,BNBUSDT,SOLUSDT,XRPUSDT",backtest đơn lẻ,1
2026-10-10T01:25:16+00:00,S2,S2-i090-htf-fee0.02,Accumulative Swing Index,True,fee0.02,train,"BTCUSDT,ETHUSDT,BNBUSDT,SOLUSDT,XRPUSDT",backtest đơn lẻ,1
2026-10-10T01:25:16+00:00,S2,S2-i090-htf-fee0.07,Accumulative Swing Index,True,fee0.07,train,"BTCUSDT,ETHUSDT,BNBUSDT,SOLUSDT,XRPUSDT",backtest đơn lẻ,1
2026-10-10T01:25:16+00:00,S2,S2-i090-htf-slip3,Accumulative Swing Index,True,slip3,train,"BTCUSDT,ETHUSDT,BNBUSDT,SOLUSDT,XRPUSDT",backtest đơn lẻ,1
2026-10-10T01:25:16+00:00,S2,S2-i090-htf-no_funding,Accumulative Swing Index,True,no_funding,train,"BTCUSDT,ETHUSDT,BNBUSDT,SOLUSDT,XRPUSDT",backtest đơn lẻ,1
2026-10-10T01:25:16+00:00,S2,S2-i091-nohtf-baseline,Up/Down,False,baseline,train,"BTCUSDT,ETHUSDT,BNBUSDT,SOLUSDT,XRPUSDT",backtest đơn lẻ,1
2026-10-10T01:25:16+00:00,S2,S2-i091-nohtf-tp0.80,Up/Down,False,tp0.80,train,"BTCUSDT,ETHUSDT,BNBUSDT,SOLUSDT,XRPUSDT",backtest đơn lẻ,1
2026-10-10T01:25:16+00:00,S2,S2-i091-nohtf-tp1.80,Up/Down,False,tp1.80,train,"BTCUSDT,ETHUSDT,BNBUSDT,SOLUSDT,XRPUSDT",backtest đơn lẻ,1
2026-10-10T01:25:16+00:00,S2,S2-i091-nohtf-sl0.50,Up/Down,False,sl0.50,train,"BTCUSDT,ETHUSDT,BNBUSDT,SOLUSDT,XRPUSDT",backtest đơn lẻ,1
2026-10-10T01:25:16+00:00,S2,S2-i091-nohtf-sl1.20,Up/Down,False,sl1.20,train,"BTCUSDT,ETHUSDT,BNBUSDT,SOLUSDT,XRPUSDT",backtest đơn lẻ,1
2026-10-10T01:25:16+00:00,S2,S2-i091-nohtf-fee0.02,Up/Down,False,fee0.02,train,"BTCUSDT,ETHUSDT,BNBUSDT,SOLUSDT,XRPUSDT",backtest đơn lẻ,1
2026-10-10T01:25:16+00:00,S2,S2-i091-nohtf-fee0.07,Up/Down,False,fee0.07,train,"BTCUSDT,ETHUSDT,BNBUSDT,SOLUSDT,XRPUSDT",backtest đơn lẻ,1
2026-10-10T01:25:16+00:00,S2,S2-i091-nohtf-slip3,Up/Down,False,slip3,train,"BTCUSDT,ETHUSDT,BNBUSDT,SOLUSDT,XRPUSDT",backtest đơn lẻ,1
2026-10-10T01:25:16+00:00,S2,S2-i091-nohtf-no_funding,Up/Down,False,no_funding,train,"BTCUSDT,ETHUSDT,BNBUSDT,SOLUSDT,XRPUSDT",backtest đơn lẻ,1
2026-10-10T01:25:16+00:00,S2,S2-i091-htf-baseline,Up/Down,True,baseline,train,"BTCUSDT,ETHUSDT,BNBUSDT,SOLUSDT,XRPUSDT",backtest đơn lẻ,1
2026-10-10T01:25:16+00:00,S2,S2-i091-htf-tp0.80,Up/Down,True,tp0.80,train,"BTCUSDT,ETHUSDT,BNBUSDT,SOLUSDT,XRPUSDT",backtest đơn lẻ,1
2026-10-10T01:25:16+00:00,S2,S2-i091-htf-tp1.80,Up/Down,True,tp1.80,train,"BTCUSDT,ETHUSDT,BNBUSDT,SOLUSDT,XRPUSDT",backtest đơn lẻ,1
2026-10-10T01:25:16+00:00,S2,S2-i091-htf-sl0.50,Up/Down,True,sl0.50,train,"BTCUSDT,ETHUSDT,BNBUSDT,SOLUSDT,XRPUSDT",backtest đơn lẻ,1
2026-10-10T01:25:16+00:00,S2,S2-i091-htf-sl1.20,Up/Down,True,sl1.20,train,"BTCUSDT,ETHUSDT,BNBUSDT,SOLUSDT,XRPUSDT",backtest đơn lẻ,1
2026-10-10T01:25:16+00:00,S2,S2-i091-htf-fee0.02,Up/Down,True,fee0.02,train,"BTCUSDT,ETHUSDT,BNBUSDT,SOLUSDT,XRPUSDT",backtest đơn lẻ,1
2026-10-10T01:25:16+00:00,S2,S2-i091-htf-fee0.07,Up/Down,True,fee0.07,train,"BTCUSDT,ETHUSDT,BNBUSDT,SOLUSDT,XRPUSDT",backtest đơn lẻ,1
2026-10-10T01:25:16+00:00,S2,S2-i091-htf-slip3,Up/Down,True,slip3,train,"BTCUSDT,ETHUSDT,BNBUSDT,SOLUSDT,XRPUSDT",backtest đơn lẻ,1
2026-10-10T01:25:16+00:00,S2,S2-i091-htf-no_funding,Up/Down,True,no_funding,train,"BTCUSDT,ETHUSDT,BNBUSDT,SOLUSDT,XRPUSDT",backtest đơn lẻ,1
2026-10-10T01:25:16+00:00,S2,S2-i099-nohtf-baseline,Average Price,False,baseline,train,"BTCUSDT,ETHUSDT,BNBUSDT,SOLUSDT,XRPUSDT",backtest đơn lẻ,1
2026-10-10T01:25:16+00:00,S2,S2-i099-nohtf-tp0.80,Average Price,False,tp0.80,train,"BTCUSDT,ETHUSDT,BNBUSDT,SOLUSDT,XRPUSDT",backtest đơn lẻ,1
2026-10-10T01:25:16+00:00,S2,S2-i099-nohtf-tp1.80,Average Price,False,tp1.80,train,"BTCUSDT,ETHUSDT,BNBUSDT,SOLUSDT,XRPUSDT",backtest đơn lẻ,1
2026-10-10T01:25:16+00:00,S2,S2-i099-nohtf-sl0.50,Average Price,False,sl0.50,train,"BTCUSDT,ETHUSDT,BNBUSDT,SOLUSDT,XRPUSDT",backtest đơn lẻ,1
2026-10-10T01:25:16+00:00,S2,S2-i099-nohtf-sl1.20,Average Price,False,sl1.20,train,"BTCUSDT,ETHUSDT,BNBUSDT,SOLUSDT,XRPUSDT",backtest đơn lẻ,1
2026-10-10T01:25:16+00:00,S2,S2-i099-nohtf-fee0.02,Average Price,False,fee0.02,train,"BTCUSDT,ETHUSDT,BNBUSDT,SOLUSDT,XRPUSDT",backtest đơn lẻ,1
2026-10-10T01:25:16+00:00,S2,S2-i099-nohtf-fee0.07,Average Price,False,fee0.07,train,"BTCUSDT,ETHUSDT,BNBUSDT,SOLUSDT,XRPUSDT",backtest đơn lẻ,1
2026-10-10T01:25:16+00:00,S2,S2-i099-nohtf-slip3,Average Price,False,slip3,train,"BTCUSDT,ETHUSDT,BNBUSDT,SOLUSDT,XRPUSDT",backtest đơn lẻ,1
2026-10-10T01:25:16+00:00,S2,S2-i099-nohtf-no_funding,Average Price,False,no_funding,train,"BTCUSDT,ETHUSDT,BNBUSDT,SOLUSDT,XRPUSDT",backtest đơn lẻ,1
2026-10-10T01:25:16+00:00,S2,S2-i099-htf-baseline,Average Price,True,baseline,train,"BTCUSDT,ETHUSDT,BNBUSDT,SOLUSDT,XRPUSDT",backtest đơn lẻ,1
2026-10-10T01:25:16+00:00,S2,S2-i099-htf-tp0.80,Average Price,True,tp0.80,train,"BTCUSDT,ETHUSDT,BNBUSDT,SOLUSDT,XRPUSDT",backtest đơn lẻ,1
2026-10-10T01:25:16+00:00,S2,S2-i099-htf-tp1.80,Average Price,True,tp1.80,train,"BTCUSDT,ETHUSDT,BNBUSDT,SOLUSDT,XRPUSDT",backtest đơn lẻ,1
2026-10-10T01:25:16+00:00,S2,S2-i099-htf-sl0.50,Average Price,True,sl0.50,train,"BTCUSDT,ETHUSDT,BNBUSDT,SOLUSDT,XRPUSDT",backtest đơn lẻ,1
2026-10-10T01:25:16+00:00,S2,S2-i099-htf-sl1.20,Average Price,True,sl1.20,train,"BTCUSDT,ETHUSDT,BNBUSDT,SOLUSDT,XRPUSDT",backtest đơn lẻ,1
2026-10-10T01:25:16+00:00,S2,S2-i099-htf-fee0.02,Average Price,True,fee0.02,train,"BTCUSDT,ETHUSDT,BNBUSDT,SOLUSDT,XRPUSDT",backtest đơn lẻ,1
2026-10-10T01:25:16+00:00,S2,S2-i099-htf-fee0.07,Average Price,True,fee0.07,train,"BTCUSDT,ETHUSDT,BNBUSDT,SOLUSDT,XRPUSDT",backtest đơn lẻ,1
2026-10-10T01:25:16+00:00,S2,S2-i099-htf-slip3,Average Price,True,slip3,train,"BTCUSDT,ETHUSDT,BNBUSDT,SOLUSDT,XRPUSDT",backtest đơn lẻ,1
2026-10-10T01:25:16+00:00,S2,S2-i099-htf-no_funding,Average Price,True,no_funding,train,"BTCUSDT,ETHUSDT,BNBUSDT,SOLUSDT,XRPUSDT",backtest đơn lẻ,1
2026-10-10T01:25:16+00:00,S2,S2-i100-nohtf-baseline,Typical Price,False,baseline,train,"BTCUSDT,ETHUSDT,BNBUSDT,SOLUSDT,XRPUSDT",backtest đơn lẻ,1
2026-10-10T01:25:16+00:00,S2,S2-i100-nohtf-tp0.80,Typical Price,False,tp0.80,train,"BTCUSDT,ETHUSDT,BNBUSDT,SOLUSDT,XRPUSDT",backtest đơn lẻ,1
2026-10-10T01:25:16+00:00,S2,S2-i100-nohtf-tp1.80,Typical Price,False,tp1.80,train,"BTCUSDT,ETHUSDT,BNBUSDT,SOLUSDT,XRPUSDT",backtest đơn lẻ,1
2026-10-10T01:25:16+00:00,S2,S2-i100-nohtf-sl0.50,Typical Price,False,sl0.50,train,"BTCUSDT,ETHUSDT,BNBUSDT,SOLUSDT,XRPUSDT",backtest đơn lẻ,1
2026-10-10T01:25:16+00:00,S2,S2-i100-nohtf-sl1.20,Typical Price,False,sl1.20,train,"BTCUSDT,ETHUSDT,BNBUSDT,SOLUSDT,XRPUSDT",backtest đơn lẻ,1
2026-10-10T01:25:16+00:00,S2,S2-i100-nohtf-fee0.02,Typical Price,False,fee0.02,train,"BTCUSDT,ETHUSDT,BNBUSDT,SOLUSDT,XRPUSDT",backtest đơn lẻ,1
2026-10-10T01:25:16+00:00,S2,S2-i100-nohtf-fee0.07,Typical Price,False,fee0.07,train,"BTCUSDT,ETHUSDT,BNBUSDT,SOLUSDT,XRPUSDT",backtest đơn lẻ,1
2026-10-10T01:25:16+00:00,S2,S2-i100-nohtf-slip3,Typical Price,False,slip3,train,"BTCUSDT,ETHUSDT,BNBUSDT,SOLUSDT,XRPUSDT",backtest đơn lẻ,1
2026-10-10T01:25:16+00:00,S2,S2-i100-nohtf-no_funding,Typical Price,False,no_funding,train,"BTCUSDT,ETHUSDT,BNBUSDT,SOLUSDT,XRPUSDT",backtest đơn lẻ,1
2026-10-10T01:25:16+00:00,S2,S2-i100-htf-baseline,Typical Price,True,baseline,train,"BTCUSDT,ETHUSDT,BNBUSDT,SOLUSDT,XRPUSDT",backtest đơn lẻ,1
2026-10-10T01:25:16+00:00,S2,S2-i100-htf-tp0.80,Typical Price,True,tp0.80,train,"BTCUSDT,ETHUSDT,BNBUSDT,SOLUSDT,XRPUSDT",backtest đơn lẻ,1
2026-10-10T01:25:16+00:00,S2,S2-i100-htf-tp1.80,Typical Price,True,tp1.80,train,"BTCUSDT,ETHUSDT,BNBUSDT,SOLUSDT,XRPUSDT",backtest đơn lẻ,1
2026-10-10T01:25:16+00:00,S2,S2-i100-htf-sl0.50,Typical Price,True,sl0.50,train,"BTCUSDT,ETHUSDT,BNBUSDT,SOLUSDT,XRPUSDT",backtest đơn lẻ,1
2026-10-10T01:25:16+00:00,S2,S2-i100-htf-sl1.20,Typical Price,True,sl1.20,train,"BTCUSDT,ETHUSDT,BNBUSDT,SOLUSDT,XRPUSDT",backtest đơn lẻ,1
2026-10-10T01:25:16+00:00,S2,S2-i100-htf-fee0.02,Typical Price,True,fee0.02,train,"BTCUSDT,ETHUSDT,BNBUSDT,SOLUSDT,XRPUSDT",backtest đơn lẻ,1
2026-10-10T01:25:16+00:00,S2,S2-i100-htf-fee0.07,Typical Price,True,fee0.07,train,"BTCUSDT,ETHUSDT,BNBUSDT,SOLUSDT,XRPUSDT",backtest đơn lẻ,1
2026-10-10T01:25:16+00:00,S2,S2-i100-htf-slip3,Typical Price,True,slip3,train,"BTCUSDT,ETHUSDT,BNBUSDT,SOLUSDT,XRPUSDT",backtest đơn lẻ,1
2026-10-10T01:25:16+00:00,S2,S2-i100-htf-no_funding,Typical Price,True,no_funding,train,"BTCUSDT,ETHUSDT,BNBUSDT,SOLUSDT,XRPUSDT",backtest đơn lẻ,1
2026-10-10T01:25:16+00:00,S2,S2-i101-nohtf-baseline,Median Price,False,baseline,train,"BTCUSDT,ETHUSDT,BNBUSDT,SOLUSDT,XRPUSDT",backtest đơn lẻ,1
2026-10-10T01:25:16+00:00,S2,S2-i101-nohtf-tp0.80,Median Price,False,tp0.80,train,"BTCUSDT,ETHUSDT,BNBUSDT,SOLUSDT,XRPUSDT",backtest đơn lẻ,1
2026-10-10T01:25:16+00:00,S2,S2-i101-nohtf-tp1.80,Median Price,False,tp1.80,train,"BTCUSDT,ETHUSDT,BNBUSDT,SOLUSDT,XRPUSDT",backtest đơn lẻ,1
2026-10-10T01:25:16+00:00,S2,S2-i101-nohtf-sl0.50,Median Price,False,sl0.50,train,"BTCUSDT,ETHUSDT,BNBUSDT,SOLUSDT,XRPUSDT",backtest đơn lẻ,1
2026-10-10T01:25:16+00:00,S2,S2-i101-nohtf-sl1.20,Median Price,False,sl1.20,train,"BTCUSDT,ETHUSDT,BNBUSDT,SOLUSDT,XRPUSDT",backtest đơn lẻ,1
2026-10-10T01:25:16+00:00,S2,S2-i101-nohtf-fee0.02,Median Price,False,fee0.02,train,"BTCUSDT,ETHUSDT,BNBUSDT,SOLUSDT,XRPUSDT",backtest đơn lẻ,1
2026-10-10T01:25:16+00:00,S2,S2-i101-nohtf-fee0.07,Median Price,False,fee0.07,train,"BTCUSDT,ETHUSDT,BNBUSDT,SOLUSDT,XRPUSDT",backtest đơn lẻ,1
2026-10-10T01:25:16+00:00,S2,S2-i101-nohtf-slip3,Median Price,False,slip3,train,"BTCUSDT,ETHUSDT,BNBUSDT,SOLUSDT,XRPUSDT",backtest đơn lẻ,1
2026-10-10T01:25:16+00:00,S2,S2-i101-nohtf-no_funding,Median Price,False,no_funding,train,"BTCUSDT,ETHUSDT,BNBUSDT,SOLUSDT,XRPUSDT",backtest đơn lẻ,1
2026-10-10T01:25:16+00:00,S2,S2-i101-htf-baseline,Median Price,True,baseline,train,"BTCUSDT,ETHUSDT,BNBUSDT,SOLUSDT,XRPUSDT",backtest đơn lẻ,1
2026-10-10T01:25:16+00:00,S2,S2-i101-htf-tp0.80,Median Price,True,tp0.80,train,"BTCUSDT,ETHUSDT,BNBUSDT,SOLUSDT,XRPUSDT",backtest đơn lẻ,1
2026-10-10T01:25:16+00:00,S2,S2-i101-htf-tp1.80,Median Price,True,tp1.80,train,"BTCUSDT,ETHUSDT,BNBUSDT,SOLUSDT,XRPUSDT",backtest đơn lẻ,1
2026-10-10T01:25:16+00:00,S2,S2-i101-htf-sl0.50,Median Price,True,sl0.50,train,"BTCUSDT,ETHUSDT,BNBUSDT,SOLUSDT,XRPUSDT",backtest đơn lẻ,1
2026-10-10T01:25:16+00:00,S2,S2-i101-htf-sl1.20,Median Price,True,sl1.20,train,"BTCUSDT,ETHUSDT,BNBUSDT,SOLUSDT,XRPUSDT",backtest đơn lẻ,1
2026-10-10T01:25:16+00:00,S2,S2-i101-htf-fee0.02,Median Price,True,fee0.02,train,"BTCUSDT,ETHUSDT,BNBUSDT,SOLUSDT,XRPUSDT",backtest đơn lẻ,1
2026-10-10T01:25:16+00:00,S2,S2-i101-htf-fee0.07,Median Price,True,fee0.07,train,"BTCUSDT,ETHUSDT,BNBUSDT,SOLUSDT,XRPUSDT",backtest đơn lẻ,1
2026-10-10T01:25:16+00:00,S2,S2-i101-htf-slip3,Median Price,True,slip3,train,"BTCUSDT,ETHUSDT,BNBUSDT,SOLUSDT,XRPUSDT",backtest đơn lẻ,1
2026-10-10T01:25:16+00:00,S2,S2-i101-htf-no_funding,Median Price,True,no_funding,train,"BTCUSDT,ETHUSDT,BNBUSDT,SOLUSDT,XRPUSDT",backtest đơn lẻ,1
2026-10-10T01:29:39+00:00,N4a,N4a-i027>i024|--nohtf,i027>i024|-,False,mặc định (quy đổi M15),train,"BTCUSDT,ETHUSDT,BNBUSDT,SOLUSDT,XRPUSDT",Bảng A tổ hợp kích hoạt + xác nhận,1
2026-10-10T01:29:39+00:00,N4a,N4a-i027>i024|--htf,i027>i024|-,True,mặc định (quy đổi M15),train,"BTCUSDT,ETHUSDT,BNBUSDT,SOLUSDT,XRPUSDT",Bảng A tổ hợp kích hoạt + xác nhận,1
2026-10-10T01:29:39+00:00,N4a,N4a-i027>i024|i064-nohtf,i027>i024|i064,False,mặc định (quy đổi M15),train,"BTCUSDT,ETHUSDT,BNBUSDT,SOLUSDT,XRPUSDT",Bảng A tổ hợp kích hoạt + xác nhận,1
2026-10-10T01:29:39+00:00,N4a,N4a-i027>i024|i064-htf,i027>i024|i064,True,mặc định (quy đổi M15),train,"BTCUSDT,ETHUSDT,BNBUSDT,SOLUSDT,XRPUSDT",Bảng A tổ hợp kích hoạt + xác nhận,1
2026-10-10T01:29:39+00:00,N4a,N4a-i027>i034|--nohtf,i027>i034|-,False,mặc định (quy đổi M15),train,"BTCUSDT,ETHUSDT,BNBUSDT,SOLUSDT,XRPUSDT",Bảng A tổ hợp kích hoạt + xác nhận,1
2026-10-10T01:29:39+00:00,N4a,N4a-i027>i034|--htf,i027>i034|-,True,mặc định (quy đổi M15),train,"BTCUSDT,ETHUSDT,BNBUSDT,SOLUSDT,XRPUSDT",Bảng A tổ hợp kích hoạt + xác nhận,1
2026-10-10T01:29:39+00:00,N4a,N4a-i027>i034|i064-nohtf,i027>i034|i064,False,mặc định (quy đổi M15),train,"BTCUSDT,ETHUSDT,BNBUSDT,SOLUSDT,XRPUSDT",Bảng A tổ hợp kích hoạt + xác nhận,1
2026-10-10T01:29:39+00:00,N4a,N4a-i027>i034|i064-htf,i027>i034|i064,True,mặc định (quy đổi M15),train,"BTCUSDT,ETHUSDT,BNBUSDT,SOLUSDT,XRPUSDT",Bảng A tổ hợp kích hoạt + xác nhận,1
2026-10-10T01:29:39+00:00,N4a,N4a-i027>i061|--nohtf,i027>i061|-,False,mặc định (quy đổi M15),train,"BTCUSDT,ETHUSDT,BNBUSDT,SOLUSDT,XRPUSDT",Bảng A tổ hợp kích hoạt + xác nhận,1
2026-10-10T01:29:39+00:00,N4a,N4a-i027>i061|--htf,i027>i061|-,True,mặc định (quy đổi M15),train,"BTCUSDT,ETHUSDT,BNBUSDT,SOLUSDT,XRPUSDT",Bảng A tổ hợp kích hoạt + xác nhận,1
2026-10-10T01:29:39+00:00,N4a,N4a-i027>i061|i064-nohtf,i027>i061|i064,False,mặc định (quy đổi M15),train,"BTCUSDT,ETHUSDT,BNBUSDT,SOLUSDT,XRPUSDT",Bảng A tổ hợp kích hoạt + xác nhận,1
2026-10-10T01:29:39+00:00,N4a,N4a-i027>i061|i064-htf,i027>i061|i064,True,mặc định (quy đổi M15),train,"BTCUSDT,ETHUSDT,BNBUSDT,SOLUSDT,XRPUSDT",Bảng A tổ hợp kích hoạt + xác nhận,1
2026-10-10T01:29:39+00:00,N4a,N4a-i027>i059|--nohtf,i027>i059|-,False,mặc định (quy đổi M15),train,"BTCUSDT,ETHUSDT,BNBUSDT,SOLUSDT,XRPUSDT",Bảng A tổ hợp kích hoạt + xác nhận,1
2026-10-10T01:29:39+00:00,N4a,N4a-i027>i059|--htf,i027>i059|-,True,mặc định (quy đổi M15),train,"BTCUSDT,ETHUSDT,BNBUSDT,SOLUSDT,XRPUSDT",Bảng A tổ hợp kích hoạt + xác nhận,1
2026-10-10T01:29:39+00:00,N4a,N4a-i027>i059|i064-nohtf,i027>i059|i064,False,mặc định (quy đổi M15),train,"BTCUSDT,ETHUSDT,BNBUSDT,SOLUSDT,XRPUSDT",Bảng A tổ hợp kích hoạt + xác nhận,1
2026-10-10T01:29:39+00:00,N4a,N4a-i027>i059|i064-htf,i027>i059|i064,True,mặc định (quy đổi M15),train,"BTCUSDT,ETHUSDT,BNBUSDT,SOLUSDT,XRPUSDT",Bảng A tổ hợp kích hoạt + xác nhận,1
2026-10-10T01:29:39+00:00,N4a,N4a-i027>i031|--nohtf,i027>i031|-,False,mặc định (quy đổi M15),train,"BTCUSDT,ETHUSDT,BNBUSDT,SOLUSDT,XRPUSDT",Bảng A tổ hợp kích hoạt + xác nhận,1
2026-10-10T01:29:39+00:00,N4a,N4a-i027>i031|--htf,i027>i031|-,True,mặc định (quy đổi M15),train,"BTCUSDT,ETHUSDT,BNBUSDT,SOLUSDT,XRPUSDT",Bảng A tổ hợp kích hoạt + xác nhận,1
2026-10-10T01:29:39+00:00,N4a,N4a-i027>i031|i064-nohtf,i027>i031|i064,False,mặc định (quy đổi M15),train,"BTCUSDT,ETHUSDT,BNBUSDT,SOLUSDT,XRPUSDT",Bảng A tổ hợp kích hoạt + xác nhận,1
2026-10-10T01:29:39+00:00,N4a,N4a-i027>i031|i064-htf,i027>i031|i064,True,mặc định (quy đổi M15),train,"BTCUSDT,ETHUSDT,BNBUSDT,SOLUSDT,XRPUSDT",Bảng A tổ hợp kích hoạt + xác nhận,1
2026-10-10T01:29:39+00:00,N4a,N4a-i027>i101|--nohtf,i027>i101|-,False,mặc định (quy đổi M15),train,"BTCUSDT,ETHUSDT,BNBUSDT,SOLUSDT,XRPUSDT",Bảng A tổ hợp kích hoạt + xác nhận,1
2026-10-10T01:29:39+00:00,N4a,N4a-i027>i101|--htf,i027>i101|-,True,mặc định (quy đổi M15),train,"BTCUSDT,ETHUSDT,BNBUSDT,SOLUSDT,XRPUSDT",Bảng A tổ hợp kích hoạt + xác nhận,1
2026-10-10T01:29:39+00:00,N4a,N4a-i027>i101|i064-nohtf,i027>i101|i064,False,mặc định (quy đổi M15),train,"BTCUSDT,ETHUSDT,BNBUSDT,SOLUSDT,XRPUSDT",Bảng A tổ hợp kích hoạt + xác nhận,1
2026-10-10T01:29:39+00:00,N4a,N4a-i027>i101|i064-htf,i027>i101|i064,True,mặc định (quy đổi M15),train,"BTCUSDT,ETHUSDT,BNBUSDT,SOLUSDT,XRPUSDT",Bảng A tổ hợp kích hoạt + xác nhận,1
2026-10-10T01:29:39+00:00,N4a,N4a-i027>i030|--nohtf,i027>i030|-,False,mặc định (quy đổi M15),train,"BTCUSDT,ETHUSDT,BNBUSDT,SOLUSDT,XRPUSDT",Bảng A tổ hợp kích hoạt + xác nhận,1
2026-10-10T01:29:39+00:00,N4a,N4a-i027>i030|--htf,i027>i030|-,True,mặc định (quy đổi M15),train,"BTCUSDT,ETHUSDT,BNBUSDT,SOLUSDT,XRPUSDT",Bảng A tổ hợp kích hoạt + xác nhận,1
2026-10-10T01:29:39+00:00,N4a,N4a-i027>i030|i064-nohtf,i027>i030|i064,False,mặc định (quy đổi M15),train,"BTCUSDT,ETHUSDT,BNBUSDT,SOLUSDT,XRPUSDT",Bảng A tổ hợp kích hoạt + xác nhận,1
2026-10-10T01:29:39+00:00,N4a,N4a-i027>i030|i064-htf,i027>i030|i064,True,mặc định (quy đổi M15),train,"BTCUSDT,ETHUSDT,BNBUSDT,SOLUSDT,XRPUSDT",Bảng A tổ hợp kích hoạt + xác nhận,1
2026-10-10T01:29:39+00:00,N4a,N4a-i027>i018|--nohtf,i027>i018|-,False,mặc định (quy đổi M15),train,"BTCUSDT,ETHUSDT,BNBUSDT,SOLUSDT,XRPUSDT",Bảng A tổ hợp kích hoạt + xác nhận,1
2026-10-10T01:29:39+00:00,N4a,N4a-i027>i018|--htf,i027>i018|-,True,mặc định (quy đổi M15),train,"BTCUSDT,ETHUSDT,BNBUSDT,SOLUSDT,XRPUSDT",Bảng A tổ hợp kích hoạt + xác nhận,1
2026-10-10T01:29:39+00:00,N4a,N4a-i027>i018|i064-nohtf,i027>i018|i064,False,mặc định (quy đổi M15),train,"BTCUSDT,ETHUSDT,BNBUSDT,SOLUSDT,XRPUSDT",Bảng A tổ hợp kích hoạt + xác nhận,1
2026-10-10T01:29:39+00:00,N4a,N4a-i027>i018|i064-htf,i027>i018|i064,True,mặc định (quy đổi M15),train,"BTCUSDT,ETHUSDT,BNBUSDT,SOLUSDT,XRPUSDT",Bảng A tổ hợp kích hoạt + xác nhận,1
2026-10-10T01:29:39+00:00,N4a,N4a-i027>i035|--nohtf,i027>i035|-,False,mặc định (quy đổi M15),train,"BTCUSDT,ETHUSDT,BNBUSDT,SOLUSDT,XRPUSDT",Bảng A tổ hợp kích hoạt + xác nhận,1
2026-10-10T01:29:39+00:00,N4a,N4a-i027>i035|--htf,i027>i035|-,True,mặc định (quy đổi M15),train,"BTCUSDT,ETHUSDT,BNBUSDT,SOLUSDT,XRPUSDT",Bảng A tổ hợp kích hoạt + xác nhận,1
2026-10-10T01:29:39+00:00,N4a,N4a-i027>i035|i064-nohtf,i027>i035|i064,False,mặc định (quy đổi M15),train,"BTCUSDT,ETHUSDT,BNBUSDT,SOLUSDT,XRPUSDT",Bảng A tổ hợp kích hoạt + xác nhận,1
2026-10-10T01:29:39+00:00,N4a,N4a-i027>i035|i064-htf,i027>i035|i064,True,mặc định (quy đổi M15),train,"BTCUSDT,ETHUSDT,BNBUSDT,SOLUSDT,XRPUSDT",Bảng A tổ hợp kích hoạt + xác nhận,1
2026-10-10T01:29:39+00:00,N4a,N4a-i027>i024+i034|--nohtf,i027>i024+i034|-,False,mặc định (quy đổi M15),train,"BTCUSDT,ETHUSDT,BNBUSDT,SOLUSDT,XRPUSDT",Bảng A tổ hợp kích hoạt + xác nhận,1
2026-10-10T01:29:39+00:00,N4a,N4a-i027>i024+i034|--htf,i027>i024+i034|-,True,mặc định (quy đổi M15),train,"BTCUSDT,ETHUSDT,BNBUSDT,SOLUSDT,XRPUSDT",Bảng A tổ hợp kích hoạt + xác nhận,1
2026-10-10T01:29:39+00:00,N4a,N4a-i027>i024+i034|i064-nohtf,i027>i024+i034|i064,False,mặc định (quy đổi M15),train,"BTCUSDT,ETHUSDT,BNBUSDT,SOLUSDT,XRPUSDT",Bảng A tổ hợp kích hoạt + xác nhận,1
2026-10-10T01:29:39+00:00,N4a,N4a-i027>i024+i034|i064-htf,i027>i024+i034|i064,True,mặc định (quy đổi M15),train,"BTCUSDT,ETHUSDT,BNBUSDT,SOLUSDT,XRPUSDT",Bảng A tổ hợp kích hoạt + xác nhận,1
2026-10-10T01:29:39+00:00,N4a,N4a-i027>i024+i061|--nohtf,i027>i024+i061|-,False,mặc định (quy đổi M15),train,"BTCUSDT,ETHUSDT,BNBUSDT,SOLUSDT,XRPUSDT",Bảng A tổ hợp kích hoạt + xác nhận,1
2026-10-10T01:29:39+00:00,N4a,N4a-i027>i024+i061|--htf,i027>i024+i061|-,True,mặc định (quy đổi M15),train,"BTCUSDT,ETHUSDT,BNBUSDT,SOLUSDT,XRPUSDT",Bảng A tổ hợp kích hoạt + xác nhận,1
2026-10-10T01:29:39+00:00,N4a,N4a-i027>i024+i061|i064-nohtf,i027>i024+i061|i064,False,mặc định (quy đổi M15),train,"BTCUSDT,ETHUSDT,BNBUSDT,SOLUSDT,XRPUSDT",Bảng A tổ hợp kích hoạt + xác nhận,1
2026-10-10T01:29:39+00:00,N4a,N4a-i027>i024+i061|i064-htf,i027>i024+i061|i064,True,mặc định (quy đổi M15),train,"BTCUSDT,ETHUSDT,BNBUSDT,SOLUSDT,XRPUSDT",Bảng A tổ hợp kích hoạt + xác nhận,1
2026-10-10T01:29:39+00:00,N4a,N4a-i027>i024+i059|--nohtf,i027>i024+i059|-,False,mặc định (quy đổi M15),train,"BTCUSDT,ETHUSDT,BNBUSDT,SOLUSDT,XRPUSDT",Bảng A tổ hợp kích hoạt + xác nhận,1
2026-10-10T01:29:39+00:00,N4a,N4a-i027>i024+i059|--htf,i027>i024+i059|-,True,mặc định (quy đổi M15),train,"BTCUSDT,ETHUSDT,BNBUSDT,SOLUSDT,XRPUSDT",Bảng A tổ hợp kích hoạt + xác nhận,1
2026-10-10T01:29:39+00:00,N4a,N4a-i027>i024+i059|i064-nohtf,i027>i024+i059|i064,False,mặc định (quy đổi M15),train,"BTCUSDT,ETHUSDT,BNBUSDT,SOLUSDT,XRPUSDT",Bảng A tổ hợp kích hoạt + xác nhận,1
2026-10-10T01:29:39+00:00,N4a,N4a-i027>i024+i059|i064-htf,i027>i024+i059|i064,True,mặc định (quy đổi M15),train,"BTCUSDT,ETHUSDT,BNBUSDT,SOLUSDT,XRPUSDT",Bảng A tổ hợp kích hoạt + xác nhận,1
2026-10-10T01:29:39+00:00,N4a,N4a-i027>i024+i031|--nohtf,i027>i024+i031|-,False,mặc định (quy đổi M15),train,"BTCUSDT,ETHUSDT,BNBUSDT,SOLUSDT,XRPUSDT",Bảng A tổ hợp kích hoạt + xác nhận,1
2026-10-10T01:29:39+00:00,N4a,N4a-i027>i024+i031|--htf,i027>i024+i031|-,True,mặc định (quy đổi M15),train,"BTCUSDT,ETHUSDT,BNBUSDT,SOLUSDT,XRPUSDT",Bảng A tổ hợp kích hoạt + xác nhận,1
2026-10-10T01:29:39+00:00,N4a,N4a-i027>i024+i031|i064-nohtf,i027>i024+i031|i064,False,mặc định (quy đổi M15),train,"BTCUSDT,ETHUSDT,BNBUSDT,SOLUSDT,XRPUSDT",Bảng A tổ hợp kích hoạt + xác nhận,1
2026-10-10T01:29:39+00:00,N4a,N4a-i027>i024+i031|i064-htf,i027>i024+i031|i064,True,mặc định (quy đổi M15),train,"BTCUSDT,ETHUSDT,BNBUSDT,SOLUSDT,XRPUSDT",Bảng A tổ hợp kích hoạt + xác nhận,1
2026-10-10T01:29:39+00:00,N4a,N4a-i027>i024+i101|--nohtf,i027>i024+i101|-,False,mặc định (quy đổi M15),train,"BTCUSDT,ETHUSDT,BNBUSDT,SOLUSDT,XRPUSDT",Bảng A tổ hợp kích hoạt + xác nhận,1
2026-10-10T01:29:39+00:00,N4a,N4a-i027>i024+i101|--htf,i027>i024+i101|-,True,mặc định (quy đổi M15),train,"BTCUSDT,ETHUSDT,BNBUSDT,SOLUSDT,XRPUSDT",Bảng A tổ hợp kích hoạt + xác nhận,1
2026-10-10T01:29:39+00:00,N4a,N4a-i027>i024+i101|i064-nohtf,i027>i024+i101|i064,False,mặc định (quy đổi M15),train,"BTCUSDT,ETHUSDT,BNBUSDT,SOLUSDT,XRPUSDT",Bảng A tổ hợp kích hoạt + xác nhận,1
2026-10-10T01:29:39+00:00,N4a,N4a-i027>i024+i101|i064-htf,i027>i024+i101|i064,True,mặc định (quy đổi M15),train,"BTCUSDT,ETHUSDT,BNBUSDT,SOLUSDT,XRPUSDT",Bảng A tổ hợp kích hoạt + xác nhận,1
2026-10-10T01:29:39+00:00,N4a,N4a-i027>i024+i030|--nohtf,i027>i024+i030|-,False,mặc định (quy đổi M15),train,"BTCUSDT,ETHUSDT,BNBUSDT,SOLUSDT,XRPUSDT",Bảng A tổ hợp kích hoạt + xác nhận,1
2026-10-10T01:29:39+00:00,N4a,N4a-i027>i024+i030|--htf,i027>i024+i030|-,True,mặc định (quy đổi M15),train,"BTCUSDT,ETHUSDT,BNBUSDT,SOLUSDT,XRPUSDT",Bảng A tổ hợp kích hoạt + xác nhận,1
2026-10-10T01:29:39+00:00,N4a,N4a-i027>i024+i030|i064-nohtf,i027>i024+i030|i064,False,mặc định (quy đổi M15),train,"BTCUSDT,ETHUSDT,BNBUSDT,SOLUSDT,XRPUSDT",Bảng A tổ hợp kích hoạt + xác nhận,1
2026-10-10T01:29:39+00:00,N4a,N4a-i027>i024+i030|i064-htf,i027>i024+i030|i064,True,mặc định (quy đổi M15),train,"BTCUSDT,ETHUSDT,BNBUSDT,SOLUSDT,XRPUSDT",Bảng A tổ hợp kích hoạt + xác nhận,1
2026-10-10T01:29:39+00:00,N4a,N4a-i027>i024+i018|--nohtf,i027>i024+i018|-,False,mặc định (quy đổi M15),train,"BTCUSDT,ETHUSDT,BNBUSDT,SOLUSDT,XRPUSDT",Bảng A tổ hợp kích hoạt + xác nhận,1
2026-10-10T01:29:39+00:00,N4a,N4a-i027>i024+i018|--htf,i027>i024+i018|-,True,mặc định (quy đổi M15),train,"BTCUSDT,ETHUSDT,BNBUSDT,SOLUSDT,XRPUSDT",Bảng A tổ hợp kích hoạt + xác nhận,1
2026-10-10T01:29:39+00:00,N4a,N4a-i027>i024+i018|i064-nohtf,i027>i024+i018|i064,False,mặc định (quy đổi M15),train,"BTCUSDT,ETHUSDT,BNBUSDT,SOLUSDT,XRPUSDT",Bảng A tổ hợp kích hoạt + xác nhận,1
2026-10-10T01:29:39+00:00,N4a,N4a-i027>i024+i018|i064-htf,i027>i024+i018|i064,True,mặc định (quy đổi M15),train,"BTCUSDT,ETHUSDT,BNBUSDT,SOLUSDT,XRPUSDT",Bảng A tổ hợp kích hoạt + xác nhận,1
2026-10-10T01:29:39+00:00,N4a,N4a-i027>i024+i035|--nohtf,i027>i024+i035|-,False,mặc định (quy đổi M15),train,"BTCUSDT,ETHUSDT,BNBUSDT,SOLUSDT,XRPUSDT",Bảng A tổ hợp kích hoạt + xác nhận,1
2026-10-10T01:29:39+00:00,N4a,N4a-i027>i024+i035|--htf,i027>i024+i035|-,True,mặc định (quy đổi M15),train,"BTCUSDT,ETHUSDT,BNBUSDT,SOLUSDT,XRPUSDT",Bảng A tổ hợp kích hoạt + xác nhận,1
2026-10-10T01:29:39+00:00,N4a,N4a-i027>i024+i035|i064-nohtf,i027>i024+i035|i064,False,mặc định (quy đổi M15),train,"BTCUSDT,ETHUSDT,BNBUSDT,SOLUSDT,XRPUSDT",Bảng A tổ hợp kích hoạt + xác nhận,1
2026-10-10T01:29:39+00:00,N4a,N4a-i027>i024+i035|i064-htf,i027>i024+i035|i064,True,mặc định (quy đổi M15),train,"BTCUSDT,ETHUSDT,BNBUSDT,SOLUSDT,XRPUSDT",Bảng A tổ hợp kích hoạt + xác nhận,1
2026-10-10T01:29:39+00:00,N4a,N4a-i027>i034+i061|--nohtf,i027>i034+i061|-,False,mặc định (quy đổi M15),train,"BTCUSDT,ETHUSDT,BNBUSDT,SOLUSDT,XRPUSDT",Bảng A tổ hợp kích hoạt + xác nhận,1
2026-10-10T01:29:39+00:00,N4a,N4a-i027>i034+i061|--htf,i027>i034+i061|-,True,mặc định (quy đổi M15),train,"BTCUSDT,ETHUSDT,BNBUSDT,SOLUSDT,XRPUSDT",Bảng A tổ hợp kích hoạt + xác nhận,1
2026-10-10T01:29:39+00:00,N4a,N4a-i027>i034+i061|i064-nohtf,i027>i034+i061|i064,False,mặc định (quy đổi M15),train,"BTCUSDT,ETHUSDT,BNBUSDT,SOLUSDT,XRPUSDT",Bảng A tổ hợp kích hoạt + xác nhận,1
2026-10-10T01:29:39+00:00,N4a,N4a-i027>i034+i061|i064-htf,i027>i034+i061|i064,True,mặc định (quy đổi M15),train,"BTCUSDT,ETHUSDT,BNBUSDT,SOLUSDT,XRPUSDT",Bảng A tổ hợp kích hoạt + xác nhận,1
2026-10-10T01:29:39+00:00,N4a,N4a-i027>i034+i059|--nohtf,i027>i034+i059|-,False,mặc định (quy đổi M15),train,"BTCUSDT,ETHUSDT,BNBUSDT,SOLUSDT,XRPUSDT",Bảng A tổ hợp kích hoạt + xác nhận,1
2026-10-10T01:29:39+00:00,N4a,N4a-i027>i034+i059|--htf,i027>i034+i059|-,True,mặc định (quy đổi M15),train,"BTCUSDT,ETHUSDT,BNBUSDT,SOLUSDT,XRPUSDT",Bảng A tổ hợp kích hoạt + xác nhận,1
2026-10-10T01:29:39+00:00,N4a,N4a-i027>i034+i059|i064-nohtf,i027>i034+i059|i064,False,mặc định (quy đổi M15),train,"BTCUSDT,ETHUSDT,BNBUSDT,SOLUSDT,XRPUSDT",Bảng A tổ hợp kích hoạt + xác nhận,1
2026-10-10T01:29:39+00:00,N4a,N4a-i027>i034+i059|i064-htf,i027>i034+i059|i064,True,mặc định (quy đổi M15),train,"BTCUSDT,ETHUSDT,BNBUSDT,SOLUSDT,XRPUSDT",Bảng A tổ hợp kích hoạt + xác nhận,1
2026-10-10T01:29:39+00:00,N4a,N4a-i027>i034+i031|--nohtf,i027>i034+i031|-,False,mặc định (quy đổi M15),train,"BTCUSDT,ETHUSDT,BNBUSDT,SOLUSDT,XRPUSDT",Bảng A tổ hợp kích hoạt + xác nhận,1
2026-10-10T01:29:39+00:00,N4a,N4a-i027>i034+i031|--htf,i027>i034+i031|-,True,mặc định (quy đổi M15),train,"BTCUSDT,ETHUSDT,BNBUSDT,SOLUSDT,XRPUSDT",Bảng A tổ hợp kích hoạt + xác nhận,1
2026-10-10T01:29:39+00:00,N4a,N4a-i027>i034+i031|i064-nohtf,i027>i034+i031|i064,False,mặc định (quy đổi M15),train,"BTCUSDT,ETHUSDT,BNBUSDT,SOLUSDT,XRPUSDT",Bảng A tổ hợp kích hoạt + xác nhận,1
2026-10-10T01:29:39+00:00,N4a,N4a-i027>i034+i031|i064-htf,i027>i034+i031|i064,True,mặc định (quy đổi M15),train,"BTCUSDT,ETHUSDT,BNBUSDT,SOLUSDT,XRPUSDT",Bảng A tổ hợp kích hoạt + xác nhận,1
2026-10-10T01:29:39+00:00,N4a,N4a-i027>i034+i101|--nohtf,i027>i034+i101|-,False,mặc định (quy đổi M15),train,"BTCUSDT,ETHUSDT,BNBUSDT,SOLUSDT,XRPUSDT",Bảng A tổ hợp kích hoạt + xác nhận,1
2026-10-10T01:29:39+00:00,N4a,N4a-i027>i034+i101|--htf,i027>i034+i101|-,True,mặc định (quy đổi M15),train,"BTCUSDT,ETHUSDT,BNBUSDT,SOLUSDT,XRPUSDT",Bảng A tổ hợp kích hoạt + xác nhận,1
2026-10-10T01:29:39+00:00,N4a,N4a-i027>i034+i101|i064-nohtf,i027>i034+i101|i064,False,mặc định (quy đổi M15),train,"BTCUSDT,ETHUSDT,BNBUSDT,SOLUSDT,XRPUSDT",Bảng A tổ hợp kích hoạt + xác nhận,1
2026-10-10T01:29:39+00:00,N4a,N4a-i027>i034+i101|i064-htf,i027>i034+i101|i064,True,mặc định (quy đổi M15),train,"BTCUSDT,ETHUSDT,BNBUSDT,SOLUSDT,XRPUSDT",Bảng A tổ hợp kích hoạt + xác nhận,1
2026-10-10T01:29:39+00:00,N4a,N4a-i027>i034+i030|--nohtf,i027>i034+i030|-,False,mặc định (quy đổi M15),train,"BTCUSDT,ETHUSDT,BNBUSDT,SOLUSDT,XRPUSDT",Bảng A tổ hợp kích hoạt + xác nhận,1
2026-10-10T01:29:39+00:00,N4a,N4a-i027>i034+i030|--htf,i027>i034+i030|-,True,mặc định (quy đổi M15),train,"BTCUSDT,ETHUSDT,BNBUSDT,SOLUSDT,XRPUSDT",Bảng A tổ hợp kích hoạt + xác nhận,1
2026-10-10T01:29:39+00:00,N4a,N4a-i027>i034+i030|i064-nohtf,i027>i034+i030|i064,False,mặc định (quy đổi M15),train,"BTCUSDT,ETHUSDT,BNBUSDT,SOLUSDT,XRPUSDT",Bảng A tổ hợp kích hoạt + xác nhận,1
2026-10-10T01:29:39+00:00,N4a,N4a-i027>i034+i030|i064-htf,i027>i034+i030|i064,True,mặc định (quy đổi M15),train,"BTCUSDT,ETHUSDT,BNBUSDT,SOLUSDT,XRPUSDT",Bảng A tổ hợp kích hoạt + xác nhận,1
2026-10-10T01:29:39+00:00,N4a,N4a-i027>i034+i018|--nohtf,i027>i034+i018|-,False,mặc định (quy đổi M15),train,"BTCUSDT,ETHUSDT,BNBUSDT,SOLUSDT,XRPUSDT",Bảng A tổ hợp kích hoạt + xác nhận,1
2026-10-10T01:29:39+00:00,N4a,N4a-i027>i034+i018|--htf,i027>i034+i018|-,True,mặc định (quy đổi M15),train,"BTCUSDT,ETHUSDT,BNBUSDT,SOLUSDT,XRPUSDT",Bảng A tổ hợp kích hoạt + xác nhận,1
2026-10-10T01:29:39+00:00,N4a,N4a-i027>i034+i018|i064-nohtf,i027>i034+i018|i064,False,mặc định (quy đổi M15),train,"BTCUSDT,ETHUSDT,BNBUSDT,SOLUSDT,XRPUSDT",Bảng A tổ hợp kích hoạt + xác nhận,1
2026-10-10T01:29:39+00:00,N4a,N4a-i027>i034+i018|i064-htf,i027>i034+i018|i064,True,mặc định (quy đổi M15),train,"BTCUSDT,ETHUSDT,BNBUSDT,SOLUSDT,XRPUSDT",Bảng A tổ hợp kích hoạt + xác nhận,1
2026-10-10T01:29:39+00:00,N4a,N4a-i027>i034+i035|--nohtf,i027>i034+i035|-,False,mặc định (quy đổi M15),train,"BTCUSDT,ETHUSDT,BNBUSDT,SOLUSDT,XRPUSDT",Bảng A tổ hợp kích hoạt + xác nhận,1
2026-10-10T01:29:39+00:00,N4a,N4a-i027>i034+i035|--htf,i027>i034+i035|-,True,mặc định (quy đổi M15),train,"BTCUSDT,ETHUSDT,BNBUSDT,SOLUSDT,XRPUSDT",Bảng A tổ hợp kích hoạt + xác nhận,1
2026-10-10T01:29:39+00:00,N4a,N4a-i027>i034+i035|i064-nohtf,i027>i034+i035|i064,False,mặc định (quy đổi M15),train,"BTCUSDT,ETHUSDT,BNBUSDT,SOLUSDT,XRPUSDT",Bảng A tổ hợp kích hoạt + xác nhận,1
2026-10-10T01:29:39+00:00,N4a,N4a-i027>i034+i035|i064-htf,i027>i034+i035|i064,True,mặc định (quy đổi M15),train,"BTCUSDT,ETHUSDT,BNBUSDT,SOLUSDT,XRPUSDT",Bảng A tổ hợp kích hoạt + xác nhận,1
2026-10-10T01:29:39+00:00,N4a,N4a-i027>i061+i059|--nohtf,i027>i061+i059|-,False,mặc định (quy đổi M15),train,"BTCUSDT,ETHUSDT,BNBUSDT,SOLUSDT,XRPUSDT",Bảng A tổ hợp kích hoạt + xác nhận,1
2026-10-10T01:29:39+00:00,N4a,N4a-i027>i061+i059|--htf,i027>i061+i059|-,True,mặc định (quy đổi M15),train,"BTCUSDT,ETHUSDT,BNBUSDT,SOLUSDT,XRPUSDT",Bảng A tổ hợp kích hoạt + xác nhận,1
2026-10-10T01:29:39+00:00,N4a,N4a-i027>i061+i059|i064-nohtf,i027>i061+i059|i064,False,mặc định (quy đổi M15),train,"BTCUSDT,ETHUSDT,BNBUSDT,SOLUSDT,XRPUSDT",Bảng A tổ hợp kích hoạt + xác nhận,1
2026-10-10T01:29:39+00:00,N4a,N4a-i027>i061+i059|i064-htf,i027>i061+i059|i064,True,mặc định (quy đổi M15),train,"BTCUSDT,ETHUSDT,BNBUSDT,SOLUSDT,XRPUSDT",Bảng A tổ hợp kích hoạt + xác nhận,1
2026-10-10T01:29:39+00:00,N4a,N4a-i027>i061+i031|--nohtf,i027>i061+i031|-,False,mặc định (quy đổi M15),train,"BTCUSDT,ETHUSDT,BNBUSDT,SOLUSDT,XRPUSDT",Bảng A tổ hợp kích hoạt + xác nhận,1
2026-10-10T01:29:39+00:00,N4a,N4a-i027>i061+i031|--htf,i027>i061+i031|-,True,mặc định (quy đổi M15),train,"BTCUSDT,ETHUSDT,BNBUSDT,SOLUSDT,XRPUSDT",Bảng A tổ hợp kích hoạt + xác nhận,1
2026-10-10T01:29:39+00:00,N4a,N4a-i027>i061+i031|i064-nohtf,i027>i061+i031|i064,False,mặc định (quy đổi M15),train,"BTCUSDT,ETHUSDT,BNBUSDT,SOLUSDT,XRPUSDT",Bảng A tổ hợp kích hoạt + xác nhận,1
2026-10-10T01:29:39+00:00,N4a,N4a-i027>i061+i031|i064-htf,i027>i061+i031|i064,True,mặc định (quy đổi M15),train,"BTCUSDT,ETHUSDT,BNBUSDT,SOLUSDT,XRPUSDT",Bảng A tổ hợp kích hoạt + xác nhận,1
2026-10-10T01:29:39+00:00,N4a,N4a-i027>i061+i101|--nohtf,i027>i061+i101|-,False,mặc định (quy đổi M15),train,"BTCUSDT,ETHUSDT,BNBUSDT,SOLUSDT,XRPUSDT",Bảng A tổ hợp kích hoạt + xác nhận,1
2026-10-10T01:29:39+00:00,N4a,N4a-i027>i061+i101|--htf,i027>i061+i101|-,True,mặc định (quy đổi M15),train,"BTCUSDT,ETHUSDT,BNBUSDT,SOLUSDT,XRPUSDT",Bảng A tổ hợp kích hoạt + xác nhận,1
2026-10-10T01:29:39+00:00,N4a,N4a-i027>i061+i101|i064-nohtf,i027>i061+i101|i064,False,mặc định (quy đổi M15),train,"BTCUSDT,ETHUSDT,BNBUSDT,SOLUSDT,XRPUSDT",Bảng A tổ hợp kích hoạt + xác nhận,1
2026-10-10T01:29:39+00:00,N4a,N4a-i027>i061+i101|i064-htf,i027>i061+i101|i064,True,mặc định (quy đổi M15),train,"BTCUSDT,ETHUSDT,BNBUSDT,SOLUSDT,XRPUSDT",Bảng A tổ hợp kích hoạt + xác nhận,1
2026-10-10T01:29:39+00:00,N4a,N4a-i027>i061+i030|--nohtf,i027>i061+i030|-,False,mặc định (quy đổi M15),train,"BTCUSDT,ETHUSDT,BNBUSDT,SOLUSDT,XRPUSDT",Bảng A tổ hợp kích hoạt + xác nhận,1
2026-10-10T01:29:39+00:00,N4a,N4a-i027>i061+i030|--htf,i027>i061+i030|-,True,mặc định (quy đổi M15),train,"BTCUSDT,ETHUSDT,BNBUSDT,SOLUSDT,XRPUSDT",Bảng A tổ hợp kích hoạt + xác nhận,1
2026-10-10T01:29:39+00:00,N4a,N4a-i027>i061+i030|i064-nohtf,i027>i061+i030|i064,False,mặc định (quy đổi M15),train,"BTCUSDT,ETHUSDT,BNBUSDT,SOLUSDT,XRPUSDT",Bảng A tổ hợp kích hoạt + xác nhận,1
2026-10-10T01:29:39+00:00,N4a,N4a-i027>i061+i030|i064-htf,i027>i061+i030|i064,True,mặc định (quy đổi M15),train,"BTCUSDT,ETHUSDT,BNBUSDT,SOLUSDT,XRPUSDT",Bảng A tổ hợp kích hoạt + xác nhận,1
2026-10-10T01:29:39+00:00,N4a,N4a-i027>i061+i018|--nohtf,i027>i061+i018|-,False,mặc định (quy đổi M15),train,"BTCUSDT,ETHUSDT,BNBUSDT,SOLUSDT,XRPUSDT",Bảng A tổ hợp kích hoạt + xác nhận,1
2026-10-10T01:29:39+00:00,N4a,N4a-i027>i061+i018|--htf,i027>i061+i018|-,True,mặc định (quy đổi M15),train,"BTCUSDT,ETHUSDT,BNBUSDT,SOLUSDT,XRPUSDT",Bảng A tổ hợp kích hoạt + xác nhận,1
2026-10-10T01:29:39+00:00,N4a,N4a-i027>i061+i018|i064-nohtf,i027>i061+i018|i064,False,mặc định (quy đổi M15),train,"BTCUSDT,ETHUSDT,BNBUSDT,SOLUSDT,XRPUSDT",Bảng A tổ hợp kích hoạt + xác nhận,1
2026-10-10T01:29:39+00:00,N4a,N4a-i027>i061+i018|i064-htf,i027>i061+i018|i064,True,mặc định (quy đổi M15),train,"BTCUSDT,ETHUSDT,BNBUSDT,SOLUSDT,XRPUSDT",Bảng A tổ hợp kích hoạt + xác nhận,1
2026-10-10T01:29:39+00:00,N4a,N4a-i027>i061+i035|--nohtf,i027>i061+i035|-,False,mặc định (quy đổi M15),train,"BTCUSDT,ETHUSDT,BNBUSDT,SOLUSDT,XRPUSDT",Bảng A tổ hợp kích hoạt + xác nhận,1
2026-10-10T01:29:39+00:00,N4a,N4a-i027>i061+i035|--htf,i027>i061+i035|-,True,mặc định (quy đổi M15),train,"BTCUSDT,ETHUSDT,BNBUSDT,SOLUSDT,XRPUSDT",Bảng A tổ hợp kích hoạt + xác nhận,1
2026-10-10T01:29:39+00:00,N4a,N4a-i027>i061+i035|i064-nohtf,i027>i061+i035|i064,False,mặc định (quy đổi M15),train,"BTCUSDT,ETHUSDT,BNBUSDT,SOLUSDT,XRPUSDT",Bảng A tổ hợp kích hoạt + xác nhận,1
2026-10-10T01:29:39+00:00,N4a,N4a-i027>i061+i035|i064-htf,i027>i061+i035|i064,True,mặc định (quy đổi M15),train,"BTCUSDT,ETHUSDT,BNBUSDT,SOLUSDT,XRPUSDT",Bảng A tổ hợp kích hoạt + xác nhận,1
2026-10-10T01:29:39+00:00,N4a,N4a-i027>i059+i031|--nohtf,i027>i059+i031|-,False,mặc định (quy đổi M15),train,"BTCUSDT,ETHUSDT,BNBUSDT,SOLUSDT,XRPUSDT",Bảng A tổ hợp kích hoạt + xác nhận,1
2026-10-10T01:29:39+00:00,N4a,N4a-i027>i059+i031|--htf,i027>i059+i031|-,True,mặc định (quy đổi M15),train,"BTCUSDT,ETHUSDT,BNBUSDT,SOLUSDT,XRPUSDT",Bảng A tổ hợp kích hoạt + xác nhận,1
2026-10-10T01:29:39+00:00,N4a,N4a-i027>i059+i031|i064-nohtf,i027>i059+i031|i064,False,mặc định (quy đổi M15),train,"BTCUSDT,ETHUSDT,BNBUSDT,SOLUSDT,XRPUSDT",Bảng A tổ hợp kích hoạt + xác nhận,1
2026-10-10T01:29:39+00:00,N4a,N4a-i027>i059+i031|i064-htf,i027>i059+i031|i064,True,mặc định (quy đổi M15),train,"BTCUSDT,ETHUSDT,BNBUSDT,SOLUSDT,XRPUSDT",Bảng A tổ hợp kích hoạt + xác nhận,1
2026-10-10T01:29:39+00:00,N4a,N4a-i027>i059+i101|--nohtf,i027>i059+i101|-,False,mặc định (quy đổi M15),train,"BTCUSDT,ETHUSDT,BNBUSDT,SOLUSDT,XRPUSDT",Bảng A tổ hợp kích hoạt + xác nhận,1
2026-10-10T01:29:39+00:00,N4a,N4a-i027>i059+i101|--htf,i027>i059+i101|-,True,mặc định (quy đổi M15),train,"BTCUSDT,ETHUSDT,BNBUSDT,SOLUSDT,XRPUSDT",Bảng A tổ hợp kích hoạt + xác nhận,1
2026-10-10T01:29:39+00:00,N4a,N4a-i027>i059+i101|i064-nohtf,i027>i059+i101|i064,False,mặc định (quy đổi M15),train,"BTCUSDT,ETHUSDT,BNBUSDT,SOLUSDT,XRPUSDT",Bảng A tổ hợp kích hoạt + xác nhận,1
2026-10-10T01:29:39+00:00,N4a,N4a-i027>i059+i101|i064-htf,i027>i059+i101|i064,True,mặc định (quy đổi M15),train,"BTCUSDT,ETHUSDT,BNBUSDT,SOLUSDT,XRPUSDT",Bảng A tổ hợp kích hoạt + xác nhận,1
2026-10-10T01:29:39+00:00,N4a,N4a-i027>i059+i030|--nohtf,i027>i059+i030|-,False,mặc định (quy đổi M15),train,"BTCUSDT,ETHUSDT,BNBUSDT,SOLUSDT,XRPUSDT",Bảng A tổ hợp kích hoạt + xác nhận,1
2026-10-10T01:29:39+00:00,N4a,N4a-i027>i059+i030|--htf,i027>i059+i030|-,True,mặc định (quy đổi M15),train,"BTCUSDT,ETHUSDT,BNBUSDT,SOLUSDT,XRPUSDT",Bảng A tổ hợp kích hoạt + xác nhận,1
2026-10-10T01:29:39+00:00,N4a,N4a-i027>i059+i030|i064-nohtf,i027>i059+i030|i064,False,mặc định (quy đổi M15),train,"BTCUSDT,ETHUSDT,BNBUSDT,SOLUSDT,XRPUSDT",Bảng A tổ hợp kích hoạt + xác nhận,1
2026-10-10T01:29:39+00:00,N4a,N4a-i027>i059+i030|i064-htf,i027>i059+i030|i064,True,mặc định (quy đổi M15),train,"BTCUSDT,ETHUSDT,BNBUSDT,SOLUSDT,XRPUSDT",Bảng A tổ hợp kích hoạt + xác nhận,1
2026-10-10T01:29:39+00:00,N4a,N4a-i027>i059+i018|--nohtf,i027>i059+i018|-,False,mặc định (quy đổi M15),train,"BTCUSDT,ETHUSDT,BNBUSDT,SOLUSDT,XRPUSDT",Bảng A tổ hợp kích hoạt + xác nhận,1
2026-10-10T01:29:39+00:00,N4a,N4a-i027>i059+i018|--htf,i027>i059+i018|-,True,mặc định (quy đổi M15),train,"BTCUSDT,ETHUSDT,BNBUSDT,SOLUSDT,XRPUSDT",Bảng A tổ hợp kích hoạt + xác nhận,1
2026-10-10T01:29:39+00:00,N4a,N4a-i027>i059+i018|i064-nohtf,i027>i059+i018|i064,False,mặc định (quy đổi M15),train,"BTCUSDT,ETHUSDT,BNBUSDT,SOLUSDT,XRPUSDT",Bảng A tổ hợp kích hoạt + xác nhận,1
2026-10-10T01:29:39+00:00,N4a,N4a-i027>i059+i018|i064-htf,i027>i059+i018|i064,True,mặc định (quy đổi M15),train,"BTCUSDT,ETHUSDT,BNBUSDT,SOLUSDT,XRPUSDT",Bảng A tổ hợp kích hoạt + xác nhận,1
2026-10-10T01:29:39+00:00,N4a,N4a-i027>i059+i035|--nohtf,i027>i059+i035|-,False,mặc định (quy đổi M15),train,"BTCUSDT,ETHUSDT,BNBUSDT,SOLUSDT,XRPUSDT",Bảng A tổ hợp kích hoạt + xác nhận,1
2026-10-10T01:29:39+00:00,N4a,N4a-i027>i059+i035|--htf,i027>i059+i035|-,True,mặc định (quy đổi M15),train,"BTCUSDT,ETHUSDT,BNBUSDT,SOLUSDT,XRPUSDT",Bảng A tổ hợp kích hoạt + xác nhận,1
2026-10-10T01:29:39+00:00,N4a,N4a-i027>i059+i035|i064-nohtf,i027>i059+i035|i064,False,mặc định (quy đổi M15),train,"BTCUSDT,ETHUSDT,BNBUSDT,SOLUSDT,XRPUSDT",Bảng A tổ hợp kích hoạt + xác nhận,1
2026-10-10T01:29:39+00:00,N4a,N4a-i027>i059+i035|i064-htf,i027>i059+i035|i064,True,mặc định (quy đổi M15),train,"BTCUSDT,ETHUSDT,BNBUSDT,SOLUSDT,XRPUSDT",Bảng A tổ hợp kích hoạt + xác nhận,1
2026-10-10T01:29:39+00:00,N4a,N4a-i027>i031+i101|--nohtf,i027>i031+i101|-,False,mặc định (quy đổi M15),train,"BTCUSDT,ETHUSDT,BNBUSDT,SOLUSDT,XRPUSDT",Bảng A tổ hợp kích hoạt + xác nhận,1
2026-10-10T01:29:39+00:00,N4a,N4a-i027>i031+i101|--htf,i027>i031+i101|-,True,mặc định (quy đổi M15),train,"BTCUSDT,ETHUSDT,BNBUSDT,SOLUSDT,XRPUSDT",Bảng A tổ hợp kích hoạt + xác nhận,1
2026-10-10T01:29:39+00:00,N4a,N4a-i027>i031+i101|i064-nohtf,i027>i031+i101|i064,False,mặc định (quy đổi M15),train,"BTCUSDT,ETHUSDT,BNBUSDT,SOLUSDT,XRPUSDT",Bảng A tổ hợp kích hoạt + xác nhận,1
2026-10-10T01:29:39+00:00,N4a,N4a-i027>i031+i101|i064-htf,i027>i031+i101|i064,True,mặc định (quy đổi M15),train,"BTCUSDT,ETHUSDT,BNBUSDT,SOLUSDT,XRPUSDT",Bảng A tổ hợp kích hoạt + xác nhận,1
2026-10-10T01:29:39+00:00,N4a,N4a-i027>i031+i030|--nohtf,i027>i031+i030|-,False,mặc định (quy đổi M15),train,"BTCUSDT,ETHUSDT,BNBUSDT,SOLUSDT,XRPUSDT",Bảng A tổ hợp kích hoạt + xác nhận,1
2026-10-10T01:29:39+00:00,N4a,N4a-i027>i031+i030|--htf,i027>i031+i030|-,True,mặc định (quy đổi M15),train,"BTCUSDT,ETHUSDT,BNBUSDT,SOLUSDT,XRPUSDT",Bảng A tổ hợp kích hoạt + xác nhận,1
2026-10-10T01:29:39+00:00,N4a,N4a-i027>i031+i030|i064-nohtf,i027>i031+i030|i064,False,mặc định (quy đổi M15),train,"BTCUSDT,ETHUSDT,BNBUSDT,SOLUSDT,XRPUSDT",Bảng A tổ hợp kích hoạt + xác nhận,1
2026-10-10T01:29:39+00:00,N4a,N4a-i027>i031+i030|i064-htf,i027>i031+i030|i064,True,mặc định (quy đổi M15),train,"BTCUSDT,ETHUSDT,BNBUSDT,SOLUSDT,XRPUSDT",Bảng A tổ hợp kích hoạt + xác nhận,1
2026-10-10T01:29:39+00:00,N4a,N4a-i027>i031+i018|--nohtf,i027>i031+i018|-,False,mặc định (quy đổi M15),train,"BTCUSDT,ETHUSDT,BNBUSDT,SOLUSDT,XRPUSDT",Bảng A tổ hợp kích hoạt + xác nhận,1
2026-10-10T01:29:39+00:00,N4a,N4a-i027>i031+i018|--htf,i027>i031+i018|-,True,mặc định (quy đổi M15),train,"BTCUSDT,ETHUSDT,BNBUSDT,SOLUSDT,XRPUSDT",Bảng A tổ hợp kích hoạt + xác nhận,1
2026-10-10T01:29:39+00:00,N4a,N4a-i027>i031+i018|i064-nohtf,i027>i031+i018|i064,False,mặc định (quy đổi M15),train,"BTCUSDT,ETHUSDT,BNBUSDT,SOLUSDT,XRPUSDT",Bảng A tổ hợp kích hoạt + xác nhận,1
2026-10-10T01:29:39+00:00,N4a,N4a-i027>i031+i018|i064-htf,i027>i031+i018|i064,True,mặc định (quy đổi M15),train,"BTCUSDT,ETHUSDT,BNBUSDT,SOLUSDT,XRPUSDT",Bảng A tổ hợp kích hoạt + xác nhận,1
2026-10-10T01:29:39+00:00,N4a,N4a-i027>i031+i035|--nohtf,i027>i031+i035|-,False,mặc định (quy đổi M15),train,"BTCUSDT,ETHUSDT,BNBUSDT,SOLUSDT,XRPUSDT",Bảng A tổ hợp kích hoạt + xác nhận,1
2026-10-10T01:29:39+00:00,N4a,N4a-i027>i031+i035|--htf,i027>i031+i035|-,True,mặc định (quy đổi M15),train,"BTCUSDT,ETHUSDT,BNBUSDT,SOLUSDT,XRPUSDT",Bảng A tổ hợp kích hoạt + xác nhận,1
2026-10-10T01:29:39+00:00,N4a,N4a-i027>i031+i035|i064-nohtf,i027>i031+i035|i064,False,mặc định (quy đổi M15),train,"BTCUSDT,ETHUSDT,BNBUSDT,SOLUSDT,XRPUSDT",Bảng A tổ hợp kích hoạt + xác nhận,1
2026-10-10T01:29:39+00:00,N4a,N4a-i027>i031+i035|i064-htf,i027>i031+i035|i064,True,mặc định (quy đổi M15),train,"BTCUSDT,ETHUSDT,BNBUSDT,SOLUSDT,XRPUSDT",Bảng A tổ hợp kích hoạt + xác nhận,1
2026-10-10T01:29:39+00:00,N4a,N4a-i027>i101+i030|--nohtf,i027>i101+i030|-,False,mặc định (quy đổi M15),train,"BTCUSDT,ETHUSDT,BNBUSDT,SOLUSDT,XRPUSDT",Bảng A tổ hợp kích hoạt + xác nhận,1
2026-10-10T01:29:39+00:00,N4a,N4a-i027>i101+i030|--htf,i027>i101+i030|-,True,mặc định (quy đổi M15),train,"BTCUSDT,ETHUSDT,BNBUSDT,SOLUSDT,XRPUSDT",Bảng A tổ hợp kích hoạt + xác nhận,1
2026-10-10T01:29:39+00:00,N4a,N4a-i027>i101+i030|i064-nohtf,i027>i101+i030|i064,False,mặc định (quy đổi M15),train,"BTCUSDT,ETHUSDT,BNBUSDT,SOLUSDT,XRPUSDT",Bảng A tổ hợp kích hoạt + xác nhận,1
2026-10-10T01:29:39+00:00,N4a,N4a-i027>i101+i030|i064-htf,i027>i101+i030|i064,True,mặc định (quy đổi M15),train,"BTCUSDT,ETHUSDT,BNBUSDT,SOLUSDT,XRPUSDT",Bảng A tổ hợp kích hoạt + xác nhận,1
2026-10-10T01:29:39+00:00,N4a,N4a-i027>i101+i018|--nohtf,i027>i101+i018|-,False,mặc định (quy đổi M15),train,"BTCUSDT,ETHUSDT,BNBUSDT,SOLUSDT,XRPUSDT",Bảng A tổ hợp kích hoạt + xác nhận,1
2026-10-10T01:29:39+00:00,N4a,N4a-i027>i101+i018|--htf,i027>i101+i018|-,True,mặc định (quy đổi M15),train,"BTCUSDT,ETHUSDT,BNBUSDT,SOLUSDT,XRPUSDT",Bảng A tổ hợp kích hoạt + xác nhận,1
2026-10-10T01:29:39+00:00,N4a,N4a-i027>i101+i018|i064-nohtf,i027>i101+i018|i064,False,mặc định (quy đổi M15),train,"BTCUSDT,ETHUSDT,BNBUSDT,SOLUSDT,XRPUSDT",Bảng A tổ hợp kích hoạt + xác nhận,1
2026-10-10T01:29:39+00:00,N4a,N4a-i027>i101+i018|i064-htf,i027>i101+i018|i064,True,mặc định (quy đổi M15),train,"BTCUSDT,ETHUSDT,BNBUSDT,SOLUSDT,XRPUSDT",Bảng A tổ hợp kích hoạt + xác nhận,1
2026-10-10T01:29:39+00:00,N4a,N4a-i027>i101+i035|--nohtf,i027>i101+i035|-,False,mặc định (quy đổi M15),train,"BTCUSDT,ETHUSDT,BNBUSDT,SOLUSDT,XRPUSDT",Bảng A tổ hợp kích hoạt + xác nhận,1
2026-10-10T01:29:39+00:00,N4a,N4a-i027>i101+i035|--htf,i027>i101+i035|-,True,mặc định (quy đổi M15),train,"BTCUSDT,ETHUSDT,BNBUSDT,SOLUSDT,XRPUSDT",Bảng A tổ hợp kích hoạt + xác nhận,1
2026-10-10T01:29:39+00:00,N4a,N4a-i027>i101+i035|i064-nohtf,i027>i101+i035|i064,False,mặc định (quy đổi M15),train,"BTCUSDT,ETHUSDT,BNBUSDT,SOLUSDT,XRPUSDT",Bảng A tổ hợp kích hoạt + xác nhận,1
2026-10-10T01:29:39+00:00,N4a,N4a-i027>i101+i035|i064-htf,i027>i101+i035|i064,True,mặc định (quy đổi M15),train,"BTCUSDT,ETHUSDT,BNBUSDT,SOLUSDT,XRPUSDT",Bảng A tổ hợp kích hoạt + xác nhận,1
2026-10-10T01:29:39+00:00,N4a,N4a-i027>i030+i018|--nohtf,i027>i030+i018|-,False,mặc định (quy đổi M15),train,"BTCUSDT,ETHUSDT,BNBUSDT,SOLUSDT,XRPUSDT",Bảng A tổ hợp kích hoạt + xác nhận,1
2026-10-10T01:29:39+00:00,N4a,N4a-i027>i030+i018|--htf,i027>i030+i018|-,True,mặc định (quy đổi M15),train,"BTCUSDT,ETHUSDT,BNBUSDT,SOLUSDT,XRPUSDT",Bảng A tổ hợp kích hoạt + xác nhận,1
2026-10-10T01:29:39+00:00,N4a,N4a-i027>i030+i018|i064-nohtf,i027>i030+i018|i064,False,mặc định (quy đổi M15),train,"BTCUSDT,ETHUSDT,BNBUSDT,SOLUSDT,XRPUSDT",Bảng A tổ hợp kích hoạt + xác nhận,1
2026-10-10T01:29:39+00:00,N4a,N4a-i027>i030+i018|i064-htf,i027>i030+i018|i064,True,mặc định (quy đổi M15),train,"BTCUSDT,ETHUSDT,BNBUSDT,SOLUSDT,XRPUSDT",Bảng A tổ hợp kích hoạt + xác nhận,1
2026-10-10T01:29:39+00:00,N4a,N4a-i027>i030+i035|--nohtf,i027>i030+i035|-,False,mặc định (quy đổi M15),train,"BTCUSDT,ETHUSDT,BNBUSDT,SOLUSDT,XRPUSDT",Bảng A tổ hợp kích hoạt + xác nhận,1
2026-10-10T01:29:39+00:00,N4a,N4a-i027>i030+i035|--htf,i027>i030+i035|-,True,mặc định (quy đổi M15),train,"BTCUSDT,ETHUSDT,BNBUSDT,SOLUSDT,XRPUSDT",Bảng A tổ hợp kích hoạt + xác nhận,1
2026-10-10T01:29:39+00:00,N4a,N4a-i027>i030+i035|i064-nohtf,i027>i030+i035|i064,False,mặc định (quy đổi M15),train,"BTCUSDT,ETHUSDT,BNBUSDT,SOLUSDT,XRPUSDT",Bảng A tổ hợp kích hoạt + xác nhận,1
2026-10-10T01:29:39+00:00,N4a,N4a-i027>i030+i035|i064-htf,i027>i030+i035|i064,True,mặc định (quy đổi M15),train,"BTCUSDT,ETHUSDT,BNBUSDT,SOLUSDT,XRPUSDT",Bảng A tổ hợp kích hoạt + xác nhận,1
2026-10-10T01:29:39+00:00,N4a,N4a-i027>i018+i035|--nohtf,i027>i018+i035|-,False,mặc định (quy đổi M15),train,"BTCUSDT,ETHUSDT,BNBUSDT,SOLUSDT,XRPUSDT",Bảng A tổ hợp kích hoạt + xác nhận,1
2026-10-10T01:29:39+00:00,N4a,N4a-i027>i018+i035|--htf,i027>i018+i035|-,True,mặc định (quy đổi M15),train,"BTCUSDT,ETHUSDT,BNBUSDT,SOLUSDT,XRPUSDT",Bảng A tổ hợp kích hoạt + xác nhận,1
2026-10-10T01:29:39+00:00,N4a,N4a-i027>i018+i035|i064-nohtf,i027>i018+i035|i064,False,mặc định (quy đổi M15),train,"BTCUSDT,ETHUSDT,BNBUSDT,SOLUSDT,XRPUSDT",Bảng A tổ hợp kích hoạt + xác nhận,1
2026-10-10T01:29:39+00:00,N4a,N4a-i027>i018+i035|i064-htf,i027>i018+i035|i064,True,mặc định (quy đổi M15),train,"BTCUSDT,ETHUSDT,BNBUSDT,SOLUSDT,XRPUSDT",Bảng A tổ hợp kích hoạt + xác nhận,1
2026-10-10T01:29:39+00:00,N4a,N4a-i024>i027|--nohtf,i024>i027|-,False,mặc định (quy đổi M15),train,"BTCUSDT,ETHUSDT,BNBUSDT,SOLUSDT,XRPUSDT",Bảng A tổ hợp kích hoạt + xác nhận,1
2026-10-10T01:29:39+00:00,N4a,N4a-i024>i027|--htf,i024>i027|-,True,mặc định (quy đổi M15),train,"BTCUSDT,ETHUSDT,BNBUSDT,SOLUSDT,XRPUSDT",Bảng A tổ hợp kích hoạt + xác nhận,1
2026-10-10T01:29:39+00:00,N4a,N4a-i024>i027|i064-nohtf,i024>i027|i064,False,mặc định (quy đổi M15),train,"BTCUSDT,ETHUSDT,BNBUSDT,SOLUSDT,XRPUSDT",Bảng A tổ hợp kích hoạt + xác nhận,1
2026-10-10T01:29:39+00:00,N4a,N4a-i024>i027|i064-htf,i024>i027|i064,True,mặc định (quy đổi M15),train,"BTCUSDT,ETHUSDT,BNBUSDT,SOLUSDT,XRPUSDT",Bảng A tổ hợp kích hoạt + xác nhận,1
2026-10-10T01:29:39+00:00,N4a,N4a-i024>i034|--nohtf,i024>i034|-,False,mặc định (quy đổi M15),train,"BTCUSDT,ETHUSDT,BNBUSDT,SOLUSDT,XRPUSDT",Bảng A tổ hợp kích hoạt + xác nhận,1
2026-10-10T01:29:39+00:00,N4a,N4a-i024>i034|--htf,i024>i034|-,True,mặc định (quy đổi M15),train,"BTCUSDT,ETHUSDT,BNBUSDT,SOLUSDT,XRPUSDT",Bảng A tổ hợp kích hoạt + xác nhận,1
2026-10-10T01:29:39+00:00,N4a,N4a-i024>i034|i064-nohtf,i024>i034|i064,False,mặc định (quy đổi M15),train,"BTCUSDT,ETHUSDT,BNBUSDT,SOLUSDT,XRPUSDT",Bảng A tổ hợp kích hoạt + xác nhận,1
2026-10-10T01:29:39+00:00,N4a,N4a-i024>i034|i064-htf,i024>i034|i064,True,mặc định (quy đổi M15),train,"BTCUSDT,ETHUSDT,BNBUSDT,SOLUSDT,XRPUSDT",Bảng A tổ hợp kích hoạt + xác nhận,1
2026-10-10T01:29:39+00:00,N4a,N4a-i024>i061|--nohtf,i024>i061|-,False,mặc định (quy đổi M15),train,"BTCUSDT,ETHUSDT,BNBUSDT,SOLUSDT,XRPUSDT",Bảng A tổ hợp kích hoạt + xác nhận,1
2026-10-10T01:29:39+00:00,N4a,N4a-i024>i061|--htf,i024>i061|-,True,mặc định (quy đổi M15),train,"BTCUSDT,ETHUSDT,BNBUSDT,SOLUSDT,XRPUSDT",Bảng A tổ hợp kích hoạt + xác nhận,1
2026-10-10T01:29:39+00:00,N4a,N4a-i024>i061|i064-nohtf,i024>i061|i064,False,mặc định (quy đổi M15),train,"BTCUSDT,ETHUSDT,BNBUSDT,SOLUSDT,XRPUSDT",Bảng A tổ hợp kích hoạt + xác nhận,1
2026-10-10T01:29:39+00:00,N4a,N4a-i024>i061|i064-htf,i024>i061|i064,True,mặc định (quy đổi M15),train,"BTCUSDT,ETHUSDT,BNBUSDT,SOLUSDT,XRPUSDT",Bảng A tổ hợp kích hoạt + xác nhận,1
2026-10-10T01:29:39+00:00,N4a,N4a-i024>i059|--nohtf,i024>i059|-,False,mặc định (quy đổi M15),train,"BTCUSDT,ETHUSDT,BNBUSDT,SOLUSDT,XRPUSDT",Bảng A tổ hợp kích hoạt + xác nhận,1
2026-10-10T01:29:39+00:00,N4a,N4a-i024>i059|--htf,i024>i059|-,True,mặc định (quy đổi M15),train,"BTCUSDT,ETHUSDT,BNBUSDT,SOLUSDT,XRPUSDT",Bảng A tổ hợp kích hoạt + xác nhận,1
2026-10-10T01:29:39+00:00,N4a,N4a-i024>i059|i064-nohtf,i024>i059|i064,False,mặc định (quy đổi M15),train,"BTCUSDT,ETHUSDT,BNBUSDT,SOLUSDT,XRPUSDT",Bảng A tổ hợp kích hoạt + xác nhận,1
2026-10-10T01:29:39+00:00,N4a,N4a-i024>i059|i064-htf,i024>i059|i064,True,mặc định (quy đổi M15),train,"BTCUSDT,ETHUSDT,BNBUSDT,SOLUSDT,XRPUSDT",Bảng A tổ hợp kích hoạt + xác nhận,1
2026-10-10T01:29:39+00:00,N4a,N4a-i024>i031|--nohtf,i024>i031|-,False,mặc định (quy đổi M15),train,"BTCUSDT,ETHUSDT,BNBUSDT,SOLUSDT,XRPUSDT",Bảng A tổ hợp kích hoạt + xác nhận,1
2026-10-10T01:29:39+00:00,N4a,N4a-i024>i031|--htf,i024>i031|-,True,mặc định (quy đổi M15),train,"BTCUSDT,ETHUSDT,BNBUSDT,SOLUSDT,XRPUSDT",Bảng A tổ hợp kích hoạt + xác nhận,1
2026-10-10T01:29:39+00:00,N4a,N4a-i024>i031|i064-nohtf,i024>i031|i064,False,mặc định (quy đổi M15),train,"BTCUSDT,ETHUSDT,BNBUSDT,SOLUSDT,XRPUSDT",Bảng A tổ hợp kích hoạt + xác nhận,1
2026-10-10T01:29:39+00:00,N4a,N4a-i024>i031|i064-htf,i024>i031|i064,True,mặc định (quy đổi M15),train,"BTCUSDT,ETHUSDT,BNBUSDT,SOLUSDT,XRPUSDT",Bảng A tổ hợp kích hoạt + xác nhận,1
2026-10-10T01:29:39+00:00,N4a,N4a-i024>i101|--nohtf,i024>i101|-,False,mặc định (quy đổi M15),train,"BTCUSDT,ETHUSDT,BNBUSDT,SOLUSDT,XRPUSDT",Bảng A tổ hợp kích hoạt + xác nhận,1
2026-10-10T01:29:39+00:00,N4a,N4a-i024>i101|--htf,i024>i101|-,True,mặc định (quy đổi M15),train,"BTCUSDT,ETHUSDT,BNBUSDT,SOLUSDT,XRPUSDT",Bảng A tổ hợp kích hoạt + xác nhận,1
2026-10-10T01:29:39+00:00,N4a,N4a-i024>i101|i064-nohtf,i024>i101|i064,False,mặc định (quy đổi M15),train,"BTCUSDT,ETHUSDT,BNBUSDT,SOLUSDT,XRPUSDT",Bảng A tổ hợp kích hoạt + xác nhận,1
2026-10-10T01:29:39+00:00,N4a,N4a-i024>i101|i064-htf,i024>i101|i064,True,mặc định (quy đổi M15),train,"BTCUSDT,ETHUSDT,BNBUSDT,SOLUSDT,XRPUSDT",Bảng A tổ hợp kích hoạt + xác nhận,1
2026-10-10T01:29:39+00:00,N4a,N4a-i024>i030|--nohtf,i024>i030|-,False,mặc định (quy đổi M15),train,"BTCUSDT,ETHUSDT,BNBUSDT,SOLUSDT,XRPUSDT",Bảng A tổ hợp kích hoạt + xác nhận,1
2026-10-10T01:29:39+00:00,N4a,N4a-i024>i030|--htf,i024>i030|-,True,mặc định (quy đổi M15),train,"BTCUSDT,ETHUSDT,BNBUSDT,SOLUSDT,XRPUSDT",Bảng A tổ hợp kích hoạt + xác nhận,1
2026-10-10T01:29:39+00:00,N4a,N4a-i024>i030|i064-nohtf,i024>i030|i064,False,mặc định (quy đổi M15),train,"BTCUSDT,ETHUSDT,BNBUSDT,SOLUSDT,XRPUSDT",Bảng A tổ hợp kích hoạt + xác nhận,1
2026-10-10T01:29:39+00:00,N4a,N4a-i024>i030|i064-htf,i024>i030|i064,True,mặc định (quy đổi M15),train,"BTCUSDT,ETHUSDT,BNBUSDT,SOLUSDT,XRPUSDT",Bảng A tổ hợp kích hoạt + xác nhận,1
2026-10-10T01:29:39+00:00,N4a,N4a-i024>i018|--nohtf,i024>i018|-,False,mặc định (quy đổi M15),train,"BTCUSDT,ETHUSDT,BNBUSDT,SOLUSDT,XRPUSDT",Bảng A tổ hợp kích hoạt + xác nhận,1
2026-10-10T01:29:39+00:00,N4a,N4a-i024>i018|--htf,i024>i018|-,True,mặc định (quy đổi M15),train,"BTCUSDT,ETHUSDT,BNBUSDT,SOLUSDT,XRPUSDT",Bảng A tổ hợp kích hoạt + xác nhận,1
2026-10-10T01:29:39+00:00,N4a,N4a-i024>i018|i064-nohtf,i024>i018|i064,False,mặc định (quy đổi M15),train,"BTCUSDT,ETHUSDT,BNBUSDT,SOLUSDT,XRPUSDT",Bảng A tổ hợp kích hoạt + xác nhận,1
2026-10-10T01:29:39+00:00,N4a,N4a-i024>i018|i064-htf,i024>i018|i064,True,mặc định (quy đổi M15),train,"BTCUSDT,ETHUSDT,BNBUSDT,SOLUSDT,XRPUSDT",Bảng A tổ hợp kích hoạt + xác nhận,1
2026-10-10T01:29:39+00:00,N4a,N4a-i024>i035|--nohtf,i024>i035|-,False,mặc định (quy đổi M15),train,"BTCUSDT,ETHUSDT,BNBUSDT,SOLUSDT,XRPUSDT",Bảng A tổ hợp kích hoạt + xác nhận,1
2026-10-10T01:29:39+00:00,N4a,N4a-i024>i035|--htf,i024>i035|-,True,mặc định (quy đổi M15),train,"BTCUSDT,ETHUSDT,BNBUSDT,SOLUSDT,XRPUSDT",Bảng A tổ hợp kích hoạt + xác nhận,1
2026-10-10T01:29:39+00:00,N4a,N4a-i024>i035|i064-nohtf,i024>i035|i064,False,mặc định (quy đổi M15),train,"BTCUSDT,ETHUSDT,BNBUSDT,SOLUSDT,XRPUSDT",Bảng A tổ hợp kích hoạt + xác nhận,1
2026-10-10T01:29:39+00:00,N4a,N4a-i024>i035|i064-htf,i024>i035|i064,True,mặc định (quy đổi M15),train,"BTCUSDT,ETHUSDT,BNBUSDT,SOLUSDT,XRPUSDT",Bảng A tổ hợp kích hoạt + xác nhận,1
2026-10-10T01:29:39+00:00,N4a,N4a-i024>i027+i034|--nohtf,i024>i027+i034|-,False,mặc định (quy đổi M15),train,"BTCUSDT,ETHUSDT,BNBUSDT,SOLUSDT,XRPUSDT",Bảng A tổ hợp kích hoạt + xác nhận,1
2026-10-10T01:29:39+00:00,N4a,N4a-i024>i027+i034|--htf,i024>i027+i034|-,True,mặc định (quy đổi M15),train,"BTCUSDT,ETHUSDT,BNBUSDT,SOLUSDT,XRPUSDT",Bảng A tổ hợp kích hoạt + xác nhận,1
2026-10-10T01:29:39+00:00,N4a,N4a-i024>i027+i034|i064-nohtf,i024>i027+i034|i064,False,mặc định (quy đổi M15),train,"BTCUSDT,ETHUSDT,BNBUSDT,SOLUSDT,XRPUSDT",Bảng A tổ hợp kích hoạt + xác nhận,1
2026-10-10T01:29:39+00:00,N4a,N4a-i024>i027+i034|i064-htf,i024>i027+i034|i064,True,mặc định (quy đổi M15),train,"BTCUSDT,ETHUSDT,BNBUSDT,SOLUSDT,XRPUSDT",Bảng A tổ hợp kích hoạt + xác nhận,1
2026-10-10T01:29:39+00:00,N4a,N4a-i024>i027+i061|--nohtf,i024>i027+i061|-,False,mặc định (quy đổi M15),train,"BTCUSDT,ETHUSDT,BNBUSDT,SOLUSDT,XRPUSDT",Bảng A tổ hợp kích hoạt + xác nhận,1
2026-10-10T01:29:39+00:00,N4a,N4a-i024>i027+i061|--htf,i024>i027+i061|-,True,mặc định (quy đổi M15),train,"BTCUSDT,ETHUSDT,BNBUSDT,SOLUSDT,XRPUSDT",Bảng A tổ hợp kích hoạt + xác nhận,1
2026-10-10T01:29:39+00:00,N4a,N4a-i024>i027+i061|i064-nohtf,i024>i027+i061|i064,False,mặc định (quy đổi M15),train,"BTCUSDT,ETHUSDT,BNBUSDT,SOLUSDT,XRPUSDT",Bảng A tổ hợp kích hoạt + xác nhận,1
2026-10-10T01:29:39+00:00,N4a,N4a-i024>i027+i061|i064-htf,i024>i027+i061|i064,True,mặc định (quy đổi M15),train,"BTCUSDT,ETHUSDT,BNBUSDT,SOLUSDT,XRPUSDT",Bảng A tổ hợp kích hoạt + xác nhận,1
2026-10-10T01:29:39+00:00,N4a,N4a-i024>i027+i059|--nohtf,i024>i027+i059|-,False,mặc định (quy đổi M15),train,"BTCUSDT,ETHUSDT,BNBUSDT,SOLUSDT,XRPUSDT",Bảng A tổ hợp kích hoạt + xác nhận,1
2026-10-10T01:29:39+00:00,N4a,N4a-i024>i027+i059|--htf,i024>i027+i059|-,True,mặc định (quy đổi M15),train,"BTCUSDT,ETHUSDT,BNBUSDT,SOLUSDT,XRPUSDT",Bảng A tổ hợp kích hoạt + xác nhận,1
2026-10-10T01:29:39+00:00,N4a,N4a-i024>i027+i059|i064-nohtf,i024>i027+i059|i064,False,mặc định (quy đổi M15),train,"BTCUSDT,ETHUSDT,BNBUSDT,SOLUSDT,XRPUSDT",Bảng A tổ hợp kích hoạt + xác nhận,1
2026-10-10T01:29:39+00:00,N4a,N4a-i024>i027+i059|i064-htf,i024>i027+i059|i064,True,mặc định (quy đổi M15),train,"BTCUSDT,ETHUSDT,BNBUSDT,SOLUSDT,XRPUSDT",Bảng A tổ hợp kích hoạt + xác nhận,1
2026-10-10T01:29:39+00:00,N4a,N4a-i024>i027+i031|--nohtf,i024>i027+i031|-,False,mặc định (quy đổi M15),train,"BTCUSDT,ETHUSDT,BNBUSDT,SOLUSDT,XRPUSDT",Bảng A tổ hợp kích hoạt + xác nhận,1
2026-10-10T01:29:39+00:00,N4a,N4a-i024>i027+i031|--htf,i024>i027+i031|-,True,mặc định (quy đổi M15),train,"BTCUSDT,ETHUSDT,BNBUSDT,SOLUSDT,XRPUSDT",Bảng A tổ hợp kích hoạt + xác nhận,1
2026-10-10T01:29:39+00:00,N4a,N4a-i024>i027+i031|i064-nohtf,i024>i027+i031|i064,False,mặc định (quy đổi M15),train,"BTCUSDT,ETHUSDT,BNBUSDT,SOLUSDT,XRPUSDT",Bảng A tổ hợp kích hoạt + xác nhận,1
2026-10-10T01:29:39+00:00,N4a,N4a-i024>i027+i031|i064-htf,i024>i027+i031|i064,True,mặc định (quy đổi M15),train,"BTCUSDT,ETHUSDT,BNBUSDT,SOLUSDT,XRPUSDT",Bảng A tổ hợp kích hoạt + xác nhận,1
2026-10-10T01:29:39+00:00,N4a,N4a-i024>i027+i101|--nohtf,i024>i027+i101|-,False,mặc định (quy đổi M15),train,"BTCUSDT,ETHUSDT,BNBUSDT,SOLUSDT,XRPUSDT",Bảng A tổ hợp kích hoạt + xác nhận,1
2026-10-10T01:29:39+00:00,N4a,N4a-i024>i027+i101|--htf,i024>i027+i101|-,True,mặc định (quy đổi M15),train,"BTCUSDT,ETHUSDT,BNBUSDT,SOLUSDT,XRPUSDT",Bảng A tổ hợp kích hoạt + xác nhận,1
2026-10-10T01:29:39+00:00,N4a,N4a-i024>i027+i101|i064-nohtf,i024>i027+i101|i064,False,mặc định (quy đổi M15),train,"BTCUSDT,ETHUSDT,BNBUSDT,SOLUSDT,XRPUSDT",Bảng A tổ hợp kích hoạt + xác nhận,1
2026-10-10T01:29:39+00:00,N4a,N4a-i024>i027+i101|i064-htf,i024>i027+i101|i064,True,mặc định (quy đổi M15),train,"BTCUSDT,ETHUSDT,BNBUSDT,SOLUSDT,XRPUSDT",Bảng A tổ hợp kích hoạt + xác nhận,1
2026-10-10T01:29:39+00:00,N4a,N4a-i024>i027+i030|--nohtf,i024>i027+i030|-,False,mặc định (quy đổi M15),train,"BTCUSDT,ETHUSDT,BNBUSDT,SOLUSDT,XRPUSDT",Bảng A tổ hợp kích hoạt + xác nhận,1
2026-10-10T01:29:39+00:00,N4a,N4a-i024>i027+i030|--htf,i024>i027+i030|-,True,mặc định (quy đổi M15),train,"BTCUSDT,ETHUSDT,BNBUSDT,SOLUSDT,XRPUSDT",Bảng A tổ hợp kích hoạt + xác nhận,1
2026-10-10T01:29:39+00:00,N4a,N4a-i024>i027+i030|i064-nohtf,i024>i027+i030|i064,False,mặc định (quy đổi M15),train,"BTCUSDT,ETHUSDT,BNBUSDT,SOLUSDT,XRPUSDT",Bảng A tổ hợp kích hoạt + xác nhận,1
2026-10-10T01:29:39+00:00,N4a,N4a-i024>i027+i030|i064-htf,i024>i027+i030|i064,True,mặc định (quy đổi M15),train,"BTCUSDT,ETHUSDT,BNBUSDT,SOLUSDT,XRPUSDT",Bảng A tổ hợp kích hoạt + xác nhận,1
2026-10-10T01:29:39+00:00,N4a,N4a-i024>i027+i018|--nohtf,i024>i027+i018|-,False,mặc định (quy đổi M15),train,"BTCUSDT,ETHUSDT,BNBUSDT,SOLUSDT,XRPUSDT",Bảng A tổ hợp kích hoạt + xác nhận,1
2026-10-10T01:29:39+00:00,N4a,N4a-i024>i027+i018|--htf,i024>i027+i018|-,True,mặc định (quy đổi M15),train,"BTCUSDT,ETHUSDT,BNBUSDT,SOLUSDT,XRPUSDT",Bảng A tổ hợp kích hoạt + xác nhận,1
2026-10-10T01:29:39+00:00,N4a,N4a-i024>i027+i018|i064-nohtf,i024>i027+i018|i064,False,mặc định (quy đổi M15),train,"BTCUSDT,ETHUSDT,BNBUSDT,SOLUSDT,XRPUSDT",Bảng A tổ hợp kích hoạt + xác nhận,1
2026-10-10T01:29:39+00:00,N4a,N4a-i024>i027+i018|i064-htf,i024>i027+i018|i064,True,mặc định (quy đổi M15),train,"BTCUSDT,ETHUSDT,BNBUSDT,SOLUSDT,XRPUSDT",Bảng A tổ hợp kích hoạt + xác nhận,1
2026-10-10T01:29:39+00:00,N4a,N4a-i024>i027+i035|--nohtf,i024>i027+i035|-,False,mặc định (quy đổi M15),train,"BTCUSDT,ETHUSDT,BNBUSDT,SOLUSDT,XRPUSDT",Bảng A tổ hợp kích hoạt + xác nhận,1
2026-10-10T01:29:39+00:00,N4a,N4a-i024>i027+i035|--htf,i024>i027+i035|-,True,mặc định (quy đổi M15),train,"BTCUSDT,ETHUSDT,BNBUSDT,SOLUSDT,XRPUSDT",Bảng A tổ hợp kích hoạt + xác nhận,1
2026-10-10T01:29:39+00:00,N4a,N4a-i024>i027+i035|i064-nohtf,i024>i027+i035|i064,False,mặc định (quy đổi M15),train,"BTCUSDT,ETHUSDT,BNBUSDT,SOLUSDT,XRPUSDT",Bảng A tổ hợp kích hoạt + xác nhận,1
2026-10-10T01:29:39+00:00,N4a,N4a-i024>i027+i035|i064-htf,i024>i027+i035|i064,True,mặc định (quy đổi M15),train,"BTCUSDT,ETHUSDT,BNBUSDT,SOLUSDT,XRPUSDT",Bảng A tổ hợp kích hoạt + xác nhận,1
2026-10-10T01:29:39+00:00,N4a,N4a-i024>i034+i061|--nohtf,i024>i034+i061|-,False,mặc định (quy đổi M15),train,"BTCUSDT,ETHUSDT,BNBUSDT,SOLUSDT,XRPUSDT",Bảng A tổ hợp kích hoạt + xác nhận,1
2026-10-10T01:29:39+00:00,N4a,N4a-i024>i034+i061|--htf,i024>i034+i061|-,True,mặc định (quy đổi M15),train,"BTCUSDT,ETHUSDT,BNBUSDT,SOLUSDT,XRPUSDT",Bảng A tổ hợp kích hoạt + xác nhận,1
2026-10-10T01:29:39+00:00,N4a,N4a-i024>i034+i061|i064-nohtf,i024>i034+i061|i064,False,mặc định (quy đổi M15),train,"BTCUSDT,ETHUSDT,BNBUSDT,SOLUSDT,XRPUSDT",Bảng A tổ hợp kích hoạt + xác nhận,1
2026-10-10T01:29:39+00:00,N4a,N4a-i024>i034+i061|i064-htf,i024>i034+i061|i064,True,mặc định (quy đổi M15),train,"BTCUSDT,ETHUSDT,BNBUSDT,SOLUSDT,XRPUSDT",Bảng A tổ hợp kích hoạt + xác nhận,1
2026-10-10T01:29:39+00:00,N4a,N4a-i024>i034+i059|--nohtf,i024>i034+i059|-,False,mặc định (quy đổi M15),train,"BTCUSDT,ETHUSDT,BNBUSDT,SOLUSDT,XRPUSDT",Bảng A tổ hợp kích hoạt + xác nhận,1
2026-10-10T01:29:39+00:00,N4a,N4a-i024>i034+i059|--htf,i024>i034+i059|-,True,mặc định (quy đổi M15),train,"BTCUSDT,ETHUSDT,BNBUSDT,SOLUSDT,XRPUSDT",Bảng A tổ hợp kích hoạt + xác nhận,1
2026-10-10T01:29:39+00:00,N4a,N4a-i024>i034+i059|i064-nohtf,i024>i034+i059|i064,False,mặc định (quy đổi M15),train,"BTCUSDT,ETHUSDT,BNBUSDT,SOLUSDT,XRPUSDT",Bảng A tổ hợp kích hoạt + xác nhận,1
2026-10-10T01:29:39+00:00,N4a,N4a-i024>i034+i059|i064-htf,i024>i034+i059|i064,True,mặc định (quy đổi M15),train,"BTCUSDT,ETHUSDT,BNBUSDT,SOLUSDT,XRPUSDT",Bảng A tổ hợp kích hoạt + xác nhận,1
2026-10-10T01:29:39+00:00,N4a,N4a-i024>i034+i031|--nohtf,i024>i034+i031|-,False,mặc định (quy đổi M15),train,"BTCUSDT,ETHUSDT,BNBUSDT,SOLUSDT,XRPUSDT",Bảng A tổ hợp kích hoạt + xác nhận,1
2026-10-10T01:29:39+00:00,N4a,N4a-i024>i034+i031|--htf,i024>i034+i031|-,True,mặc định (quy đổi M15),train,"BTCUSDT,ETHUSDT,BNBUSDT,SOLUSDT,XRPUSDT",Bảng A tổ hợp kích hoạt + xác nhận,1
2026-10-10T01:29:39+00:00,N4a,N4a-i024>i034+i031|i064-nohtf,i024>i034+i031|i064,False,mặc định (quy đổi M15),train,"BTCUSDT,ETHUSDT,BNBUSDT,SOLUSDT,XRPUSDT",Bảng A tổ hợp kích hoạt + xác nhận,1
2026-10-10T01:29:39+00:00,N4a,N4a-i024>i034+i031|i064-htf,i024>i034+i031|i064,True,mặc định (quy đổi M15),train,"BTCUSDT,ETHUSDT,BNBUSDT,SOLUSDT,XRPUSDT",Bảng A tổ hợp kích hoạt + xác nhận,1
2026-10-10T01:29:39+00:00,N4a,N4a-i024>i034+i101|--nohtf,i024>i034+i101|-,False,mặc định (quy đổi M15),train,"BTCUSDT,ETHUSDT,BNBUSDT,SOLUSDT,XRPUSDT",Bảng A tổ hợp kích hoạt + xác nhận,1
2026-10-10T01:29:39+00:00,N4a,N4a-i024>i034+i101|--htf,i024>i034+i101|-,True,mặc định (quy đổi M15),train,"BTCUSDT,ETHUSDT,BNBUSDT,SOLUSDT,XRPUSDT",Bảng A tổ hợp kích hoạt + xác nhận,1
2026-10-10T01:29:39+00:00,N4a,N4a-i024>i034+i101|i064-nohtf,i024>i034+i101|i064,False,mặc định (quy đổi M15),train,"BTCUSDT,ETHUSDT,BNBUSDT,SOLUSDT,XRPUSDT",Bảng A tổ hợp kích hoạt + xác nhận,1
2026-10-10T01:29:39+00:00,N4a,N4a-i024>i034+i101|i064-htf,i024>i034+i101|i064,True,mặc định (quy đổi M15),train,"BTCUSDT,ETHUSDT,BNBUSDT,SOLUSDT,XRPUSDT",Bảng A tổ hợp kích hoạt + xác nhận,1
2026-10-10T01:29:39+00:00,N4a,N4a-i024>i034+i030|--nohtf,i024>i034+i030|-,False,mặc định (quy đổi M15),train,"BTCUSDT,ETHUSDT,BNBUSDT,SOLUSDT,XRPUSDT",Bảng A tổ hợp kích hoạt + xác nhận,1
2026-10-10T01:29:39+00:00,N4a,N4a-i024>i034+i030|--htf,i024>i034+i030|-,True,mặc định (quy đổi M15),train,"BTCUSDT,ETHUSDT,BNBUSDT,SOLUSDT,XRPUSDT",Bảng A tổ hợp kích hoạt + xác nhận,1
2026-10-10T01:29:39+00:00,N4a,N4a-i024>i034+i030|i064-nohtf,i024>i034+i030|i064,False,mặc định (quy đổi M15),train,"BTCUSDT,ETHUSDT,BNBUSDT,SOLUSDT,XRPUSDT",Bảng A tổ hợp kích hoạt + xác nhận,1
2026-10-10T01:29:39+00:00,N4a,N4a-i024>i034+i030|i064-htf,i024>i034+i030|i064,True,mặc định (quy đổi M15),train,"BTCUSDT,ETHUSDT,BNBUSDT,SOLUSDT,XRPUSDT",Bảng A tổ hợp kích hoạt + xác nhận,1
2026-10-10T01:29:39+00:00,N4a,N4a-i024>i034+i018|--nohtf,i024>i034+i018|-,False,mặc định (quy đổi M15),train,"BTCUSDT,ETHUSDT,BNBUSDT,SOLUSDT,XRPUSDT",Bảng A tổ hợp kích hoạt + xác nhận,1
2026-10-10T01:29:39+00:00,N4a,N4a-i024>i034+i018|--htf,i024>i034+i018|-,True,mặc định (quy đổi M15),train,"BTCUSDT,ETHUSDT,BNBUSDT,SOLUSDT,XRPUSDT",Bảng A tổ hợp kích hoạt + xác nhận,1
2026-10-10T01:29:39+00:00,N4a,N4a-i024>i034+i018|i064-nohtf,i024>i034+i018|i064,False,mặc định (quy đổi M15),train,"BTCUSDT,ETHUSDT,BNBUSDT,SOLUSDT,XRPUSDT",Bảng A tổ hợp kích hoạt + xác nhận,1
2026-10-10T01:29:39+00:00,N4a,N4a-i024>i034+i018|i064-htf,i024>i034+i018|i064,True,mặc định (quy đổi M15),train,"BTCUSDT,ETHUSDT,BNBUSDT,SOLUSDT,XRPUSDT",Bảng A tổ hợp kích hoạt + xác nhận,1
2026-10-10T01:29:39+00:00,N4a,N4a-i024>i034+i035|--nohtf,i024>i034+i035|-,False,mặc định (quy đổi M15),train,"BTCUSDT,ETHUSDT,BNBUSDT,SOLUSDT,XRPUSDT",Bảng A tổ hợp kích hoạt + xác nhận,1
2026-10-10T01:29:39+00:00,N4a,N4a-i024>i034+i035|--htf,i024>i034+i035|-,True,mặc định (quy đổi M15),train,"BTCUSDT,ETHUSDT,BNBUSDT,SOLUSDT,XRPUSDT",Bảng A tổ hợp kích hoạt + xác nhận,1
2026-10-10T01:29:39+00:00,N4a,N4a-i024>i034+i035|i064-nohtf,i024>i034+i035|i064,False,mặc định (quy đổi M15),train,"BTCUSDT,ETHUSDT,BNBUSDT,SOLUSDT,XRPUSDT",Bảng A tổ hợp kích hoạt + xác nhận,1
2026-10-10T01:29:39+00:00,N4a,N4a-i024>i034+i035|i064-htf,i024>i034+i035|i064,True,mặc định (quy đổi M15),train,"BTCUSDT,ETHUSDT,BNBUSDT,SOLUSDT,XRPUSDT",Bảng A tổ hợp kích hoạt + xác nhận,1
2026-10-10T01:29:39+00:00,N4a,N4a-i024>i061+i059|--nohtf,i024>i061+i059|-,False,mặc định (quy đổi M15),train,"BTCUSDT,ETHUSDT,BNBUSDT,SOLUSDT,XRPUSDT",Bảng A tổ hợp kích hoạt + xác nhận,1
2026-10-10T01:29:39+00:00,N4a,N4a-i024>i061+i059|--htf,i024>i061+i059|-,True,mặc định (quy đổi M15),train,"BTCUSDT,ETHUSDT,BNBUSDT,SOLUSDT,XRPUSDT",Bảng A tổ hợp kích hoạt + xác nhận,1
2026-10-10T01:29:39+00:00,N4a,N4a-i024>i061+i059|i064-nohtf,i024>i061+i059|i064,False,mặc định (quy đổi M15),train,"BTCUSDT,ETHUSDT,BNBUSDT,SOLUSDT,XRPUSDT",Bảng A tổ hợp kích hoạt + xác nhận,1
2026-10-10T01:29:39+00:00,N4a,N4a-i024>i061+i059|i064-htf,i024>i061+i059|i064,True,mặc định (quy đổi M15),train,"BTCUSDT,ETHUSDT,BNBUSDT,SOLUSDT,XRPUSDT",Bảng A tổ hợp kích hoạt + xác nhận,1
2026-10-10T01:29:39+00:00,N4a,N4a-i024>i061+i031|--nohtf,i024>i061+i031|-,False,mặc định (quy đổi M15),train,"BTCUSDT,ETHUSDT,BNBUSDT,SOLUSDT,XRPUSDT",Bảng A tổ hợp kích hoạt + xác nhận,1
2026-10-10T01:29:39+00:00,N4a,N4a-i024>i061+i031|--htf,i024>i061+i031|-,True,mặc định (quy đổi M15),train,"BTCUSDT,ETHUSDT,BNBUSDT,SOLUSDT,XRPUSDT",Bảng A tổ hợp kích hoạt + xác nhận,1
2026-10-10T01:29:39+00:00,N4a,N4a-i024>i061+i031|i064-nohtf,i024>i061+i031|i064,False,mặc định (quy đổi M15),train,"BTCUSDT,ETHUSDT,BNBUSDT,SOLUSDT,XRPUSDT",Bảng A tổ hợp kích hoạt + xác nhận,1
2026-10-10T01:29:39+00:00,N4a,N4a-i024>i061+i031|i064-htf,i024>i061+i031|i064,True,mặc định (quy đổi M15),train,"BTCUSDT,ETHUSDT,BNBUSDT,SOLUSDT,XRPUSDT",Bảng A tổ hợp kích hoạt + xác nhận,1
2026-10-10T01:29:39+00:00,N4a,N4a-i024>i061+i101|--nohtf,i024>i061+i101|-,False,mặc định (quy đổi M15),train,"BTCUSDT,ETHUSDT,BNBUSDT,SOLUSDT,XRPUSDT",Bảng A tổ hợp kích hoạt + xác nhận,1
2026-10-10T01:29:39+00:00,N4a,N4a-i024>i061+i101|--htf,i024>i061+i101|-,True,mặc định (quy đổi M15),train,"BTCUSDT,ETHUSDT,BNBUSDT,SOLUSDT,XRPUSDT",Bảng A tổ hợp kích hoạt + xác nhận,1
2026-10-10T01:29:39+00:00,N4a,N4a-i024>i061+i101|i064-nohtf,i024>i061+i101|i064,False,mặc định (quy đổi M15),train,"BTCUSDT,ETHUSDT,BNBUSDT,SOLUSDT,XRPUSDT",Bảng A tổ hợp kích hoạt + xác nhận,1
2026-10-10T01:29:39+00:00,N4a,N4a-i024>i061+i101|i064-htf,i024>i061+i101|i064,True,mặc định (quy đổi M15),train,"BTCUSDT,ETHUSDT,BNBUSDT,SOLUSDT,XRPUSDT",Bảng A tổ hợp kích hoạt + xác nhận,1
2026-10-10T01:29:39+00:00,N4a,N4a-i024>i061+i030|--nohtf,i024>i061+i030|-,False,mặc định (quy đổi M15),train,"BTCUSDT,ETHUSDT,BNBUSDT,SOLUSDT,XRPUSDT",Bảng A tổ hợp kích hoạt + xác nhận,1
2026-10-10T01:29:39+00:00,N4a,N4a-i024>i061+i030|--htf,i024>i061+i030|-,True,mặc định (quy đổi M15),train,"BTCUSDT,ETHUSDT,BNBUSDT,SOLUSDT,XRPUSDT",Bảng A tổ hợp kích hoạt + xác nhận,1
2026-10-10T01:29:39+00:00,N4a,N4a-i024>i061+i030|i064-nohtf,i024>i061+i030|i064,False,mặc định (quy đổi M15),train,"BTCUSDT,ETHUSDT,BNBUSDT,SOLUSDT,XRPUSDT",Bảng A tổ hợp kích hoạt + xác nhận,1
2026-10-10T01:29:39+00:00,N4a,N4a-i024>i061+i030|i064-htf,i024>i061+i030|i064,True,mặc định (quy đổi M15),train,"BTCUSDT,ETHUSDT,BNBUSDT,SOLUSDT,XRPUSDT",Bảng A tổ hợp kích hoạt + xác nhận,1
2026-10-10T01:29:39+00:00,N4a,N4a-i024>i061+i018|--nohtf,i024>i061+i018|-,False,mặc định (quy đổi M15),train,"BTCUSDT,ETHUSDT,BNBUSDT,SOLUSDT,XRPUSDT",Bảng A tổ hợp kích hoạt + xác nhận,1
2026-10-10T01:29:39+00:00,N4a,N4a-i024>i061+i018|--htf,i024>i061+i018|-,True,mặc định (quy đổi M15),train,"BTCUSDT,ETHUSDT,BNBUSDT,SOLUSDT,XRPUSDT",Bảng A tổ hợp kích hoạt + xác nhận,1
2026-10-10T01:29:39+00:00,N4a,N4a-i024>i061+i018|i064-nohtf,i024>i061+i018|i064,False,mặc định (quy đổi M15),train,"BTCUSDT,ETHUSDT,BNBUSDT,SOLUSDT,XRPUSDT",Bảng A tổ hợp kích hoạt + xác nhận,1
2026-10-10T01:29:39+00:00,N4a,N4a-i024>i061+i018|i064-htf,i024>i061+i018|i064,True,mặc định (quy đổi M15),train,"BTCUSDT,ETHUSDT,BNBUSDT,SOLUSDT,XRPUSDT",Bảng A tổ hợp kích hoạt + xác nhận,1
2026-10-10T01:29:39+00:00,N4a,N4a-i024>i061+i035|--nohtf,i024>i061+i035|-,False,mặc định (quy đổi M15),train,"BTCUSDT,ETHUSDT,BNBUSDT,SOLUSDT,XRPUSDT",Bảng A tổ hợp kích hoạt + xác nhận,1
2026-10-10T01:29:39+00:00,N4a,N4a-i024>i061+i035|--htf,i024>i061+i035|-,True,mặc định (quy đổi M15),train,"BTCUSDT,ETHUSDT,BNBUSDT,SOLUSDT,XRPUSDT",Bảng A tổ hợp kích hoạt + xác nhận,1
2026-10-10T01:29:39+00:00,N4a,N4a-i024>i061+i035|i064-nohtf,i024>i061+i035|i064,False,mặc định (quy đổi M15),train,"BTCUSDT,ETHUSDT,BNBUSDT,SOLUSDT,XRPUSDT",Bảng A tổ hợp kích hoạt + xác nhận,1
2026-10-10T01:29:39+00:00,N4a,N4a-i024>i061+i035|i064-htf,i024>i061+i035|i064,True,mặc định (quy đổi M15),train,"BTCUSDT,ETHUSDT,BNBUSDT,SOLUSDT,XRPUSDT",Bảng A tổ hợp kích hoạt + xác nhận,1
2026-10-10T01:29:39+00:00,N4a,N4a-i024>i059+i031|--nohtf,i024>i059+i031|-,False,mặc định (quy đổi M15),train,"BTCUSDT,ETHUSDT,BNBUSDT,SOLUSDT,XRPUSDT",Bảng A tổ hợp kích hoạt + xác nhận,1
2026-10-10T01:29:39+00:00,N4a,N4a-i024>i059+i031|--htf,i024>i059+i031|-,True,mặc định (quy đổi M15),train,"BTCUSDT,ETHUSDT,BNBUSDT,SOLUSDT,XRPUSDT",Bảng A tổ hợp kích hoạt + xác nhận,1
2026-10-10T01:29:39+00:00,N4a,N4a-i024>i059+i031|i064-nohtf,i024>i059+i031|i064,False,mặc định (quy đổi M15),train,"BTCUSDT,ETHUSDT,BNBUSDT,SOLUSDT,XRPUSDT",Bảng A tổ hợp kích hoạt + xác nhận,1
2026-10-10T01:29:39+00:00,N4a,N4a-i024>i059+i031|i064-htf,i024>i059+i031|i064,True,mặc định (quy đổi M15),train,"BTCUSDT,ETHUSDT,BNBUSDT,SOLUSDT,XRPUSDT",Bảng A tổ hợp kích hoạt + xác nhận,1
2026-10-10T01:29:39+00:00,N4a,N4a-i024>i059+i101|--nohtf,i024>i059+i101|-,False,mặc định (quy đổi M15),train,"BTCUSDT,ETHUSDT,BNBUSDT,SOLUSDT,XRPUSDT",Bảng A tổ hợp kích hoạt + xác nhận,1
2026-10-10T01:29:39+00:00,N4a,N4a-i024>i059+i101|--htf,i024>i059+i101|-,True,mặc định (quy đổi M15),train,"BTCUSDT,ETHUSDT,BNBUSDT,SOLUSDT,XRPUSDT",Bảng A tổ hợp kích hoạt + xác nhận,1
2026-10-10T01:29:39+00:00,N4a,N4a-i024>i059+i101|i064-nohtf,i024>i059+i101|i064,False,mặc định (quy đổi M15),train,"BTCUSDT,ETHUSDT,BNBUSDT,SOLUSDT,XRPUSDT",Bảng A tổ hợp kích hoạt + xác nhận,1
2026-10-10T01:29:39+00:00,N4a,N4a-i024>i059+i101|i064-htf,i024>i059+i101|i064,True,mặc định (quy đổi M15),train,"BTCUSDT,ETHUSDT,BNBUSDT,SOLUSDT,XRPUSDT",Bảng A tổ hợp kích hoạt + xác nhận,1
2026-10-10T01:29:39+00:00,N4a,N4a-i024>i059+i030|--nohtf,i024>i059+i030|-,False,mặc định (quy đổi M15),train,"BTCUSDT,ETHUSDT,BNBUSDT,SOLUSDT,XRPUSDT",Bảng A tổ hợp kích hoạt + xác nhận,1
2026-10-10T01:29:39+00:00,N4a,N4a-i024>i059+i030|--htf,i024>i059+i030|-,True,mặc định (quy đổi M15),train,"BTCUSDT,ETHUSDT,BNBUSDT,SOLUSDT,XRPUSDT",Bảng A tổ hợp kích hoạt + xác nhận,1
2026-10-10T01:29:39+00:00,N4a,N4a-i024>i059+i030|i064-nohtf,i024>i059+i030|i064,False,mặc định (quy đổi M15),train,"BTCUSDT,ETHUSDT,BNBUSDT,SOLUSDT,XRPUSDT",Bảng A tổ hợp kích hoạt + xác nhận,1
2026-10-10T01:29:39+00:00,N4a,N4a-i024>i059+i030|i064-htf,i024>i059+i030|i064,True,mặc định (quy đổi M15),train,"BTCUSDT,ETHUSDT,BNBUSDT,SOLUSDT,XRPUSDT",Bảng A tổ hợp kích hoạt + xác nhận,1
2026-10-10T01:29:39+00:00,N4a,N4a-i024>i059+i018|--nohtf,i024>i059+i018|-,False,mặc định (quy đổi M15),train,"BTCUSDT,ETHUSDT,BNBUSDT,SOLUSDT,XRPUSDT",Bảng A tổ hợp kích hoạt + xác nhận,1
2026-10-10T01:29:39+00:00,N4a,N4a-i024>i059+i018|--htf,i024>i059+i018|-,True,mặc định (quy đổi M15),train,"BTCUSDT,ETHUSDT,BNBUSDT,SOLUSDT,XRPUSDT",Bảng A tổ hợp kích hoạt + xác nhận,1
2026-10-10T01:29:39+00:00,N4a,N4a-i024>i059+i018|i064-nohtf,i024>i059+i018|i064,False,mặc định (quy đổi M15),train,"BTCUSDT,ETHUSDT,BNBUSDT,SOLUSDT,XRPUSDT",Bảng A tổ hợp kích hoạt + xác nhận,1
2026-10-10T01:29:39+00:00,N4a,N4a-i024>i059+i018|i064-htf,i024>i059+i018|i064,True,mặc định (quy đổi M15),train,"BTCUSDT,ETHUSDT,BNBUSDT,SOLUSDT,XRPUSDT",Bảng A tổ hợp kích hoạt + xác nhận,1
2026-10-10T01:29:39+00:00,N4a,N4a-i024>i059+i035|--nohtf,i024>i059+i035|-,False,mặc định (quy đổi M15),train,"BTCUSDT,ETHUSDT,BNBUSDT,SOLUSDT,XRPUSDT",Bảng A tổ hợp kích hoạt + xác nhận,1
2026-10-10T01:29:39+00:00,N4a,N4a-i024>i059+i035|--htf,i024>i059+i035|-,True,mặc định (quy đổi M15),train,"BTCUSDT,ETHUSDT,BNBUSDT,SOLUSDT,XRPUSDT",Bảng A tổ hợp kích hoạt + xác nhận,1
2026-10-10T01:29:39+00:00,N4a,N4a-i024>i059+i035|i064-nohtf,i024>i059+i035|i064,False,mặc định (quy đổi M15),train,"BTCUSDT,ETHUSDT,BNBUSDT,SOLUSDT,XRPUSDT",Bảng A tổ hợp kích hoạt + xác nhận,1
2026-10-10T01:29:39+00:00,N4a,N4a-i024>i059+i035|i064-htf,i024>i059+i035|i064,True,mặc định (quy đổi M15),train,"BTCUSDT,ETHUSDT,BNBUSDT,SOLUSDT,XRPUSDT",Bảng A tổ hợp kích hoạt + xác nhận,1
2026-10-10T01:29:39+00:00,N4a,N4a-i024>i031+i101|--nohtf,i024>i031+i101|-,False,mặc định (quy đổi M15),train,"BTCUSDT,ETHUSDT,BNBUSDT,SOLUSDT,XRPUSDT",Bảng A tổ hợp kích hoạt + xác nhận,1
2026-10-10T01:29:39+00:00,N4a,N4a-i024>i031+i101|--htf,i024>i031+i101|-,True,mặc định (quy đổi M15),train,"BTCUSDT,ETHUSDT,BNBUSDT,SOLUSDT,XRPUSDT",Bảng A tổ hợp kích hoạt + xác nhận,1
2026-10-10T01:29:39+00:00,N4a,N4a-i024>i031+i101|i064-nohtf,i024>i031+i101|i064,False,mặc định (quy đổi M15),train,"BTCUSDT,ETHUSDT,BNBUSDT,SOLUSDT,XRPUSDT",Bảng A tổ hợp kích hoạt + xác nhận,1
2026-10-10T01:29:39+00:00,N4a,N4a-i024>i031+i101|i064-htf,i024>i031+i101|i064,True,mặc định (quy đổi M15),train,"BTCUSDT,ETHUSDT,BNBUSDT,SOLUSDT,XRPUSDT",Bảng A tổ hợp kích hoạt + xác nhận,1
2026-10-10T01:29:39+00:00,N4a,N4a-i024>i031+i030|--nohtf,i024>i031+i030|-,False,mặc định (quy đổi M15),train,"BTCUSDT,ETHUSDT,BNBUSDT,SOLUSDT,XRPUSDT",Bảng A tổ hợp kích hoạt + xác nhận,1
2026-10-10T01:29:39+00:00,N4a,N4a-i024>i031+i030|--htf,i024>i031+i030|-,True,mặc định (quy đổi M15),train,"BTCUSDT,ETHUSDT,BNBUSDT,SOLUSDT,XRPUSDT",Bảng A tổ hợp kích hoạt + xác nhận,1
2026-10-10T01:29:39+00:00,N4a,N4a-i024>i031+i030|i064-nohtf,i024>i031+i030|i064,False,mặc định (quy đổi M15),train,"BTCUSDT,ETHUSDT,BNBUSDT,SOLUSDT,XRPUSDT",Bảng A tổ hợp kích hoạt + xác nhận,1
2026-10-10T01:29:39+00:00,N4a,N4a-i024>i031+i030|i064-htf,i024>i031+i030|i064,True,mặc định (quy đổi M15),train,"BTCUSDT,ETHUSDT,BNBUSDT,SOLUSDT,XRPUSDT",Bảng A tổ hợp kích hoạt + xác nhận,1
2026-10-10T01:29:39+00:00,N4a,N4a-i024>i031+i018|--nohtf,i024>i031+i018|-,False,mặc định (quy đổi M15),train,"BTCUSDT,ETHUSDT,BNBUSDT,SOLUSDT,XRPUSDT",Bảng A tổ hợp kích hoạt + xác nhận,1
2026-10-10T01:29:39+00:00,N4a,N4a-i024>i031+i018|--htf,i024>i031+i018|-,True,mặc định (quy đổi M15),train,"BTCUSDT,ETHUSDT,BNBUSDT,SOLUSDT,XRPUSDT",Bảng A tổ hợp kích hoạt + xác nhận,1
2026-10-10T01:29:39+00:00,N4a,N4a-i024>i031+i018|i064-nohtf,i024>i031+i018|i064,False,mặc định (quy đổi M15),train,"BTCUSDT,ETHUSDT,BNBUSDT,SOLUSDT,XRPUSDT",Bảng A tổ hợp kích hoạt + xác nhận,1
2026-10-10T01:29:39+00:00,N4a,N4a-i024>i031+i018|i064-htf,i024>i031+i018|i064,True,mặc định (quy đổi M15),train,"BTCUSDT,ETHUSDT,BNBUSDT,SOLUSDT,XRPUSDT",Bảng A tổ hợp kích hoạt + xác nhận,1
2026-10-10T01:29:39+00:00,N4a,N4a-i024>i031+i035|--nohtf,i024>i031+i035|-,False,mặc định (quy đổi M15),train,"BTCUSDT,ETHUSDT,BNBUSDT,SOLUSDT,XRPUSDT",Bảng A tổ hợp kích hoạt + xác nhận,1
2026-10-10T01:29:39+00:00,N4a,N4a-i024>i031+i035|--htf,i024>i031+i035|-,True,mặc định (quy đổi M15),train,"BTCUSDT,ETHUSDT,BNBUSDT,SOLUSDT,XRPUSDT",Bảng A tổ hợp kích hoạt + xác nhận,1
2026-10-10T01:29:39+00:00,N4a,N4a-i024>i031+i035|i064-nohtf,i024>i031+i035|i064,False,mặc định (quy đổi M15),train,"BTCUSDT,ETHUSDT,BNBUSDT,SOLUSDT,XRPUSDT",Bảng A tổ hợp kích hoạt + xác nhận,1
2026-10-10T01:29:39+00:00,N4a,N4a-i024>i031+i035|i064-htf,i024>i031+i035|i064,True,mặc định (quy đổi M15),train,"BTCUSDT,ETHUSDT,BNBUSDT,SOLUSDT,XRPUSDT",Bảng A tổ hợp kích hoạt + xác nhận,1
2026-10-10T01:29:39+00:00,N4a,N4a-i024>i101+i030|--nohtf,i024>i101+i030|-,False,mặc định (quy đổi M15),train,"BTCUSDT,ETHUSDT,BNBUSDT,SOLUSDT,XRPUSDT",Bảng A tổ hợp kích hoạt + xác nhận,1
2026-10-10T01:29:39+00:00,N4a,N4a-i024>i101+i030|--htf,i024>i101+i030|-,True,mặc định (quy đổi M15),train,"BTCUSDT,ETHUSDT,BNBUSDT,SOLUSDT,XRPUSDT",Bảng A tổ hợp kích hoạt + xác nhận,1
2026-10-10T01:29:39+00:00,N4a,N4a-i024>i101+i030|i064-nohtf,i024>i101+i030|i064,False,mặc định (quy đổi M15),train,"BTCUSDT,ETHUSDT,BNBUSDT,SOLUSDT,XRPUSDT",Bảng A tổ hợp kích hoạt + xác nhận,1
2026-10-10T01:29:39+00:00,N4a,N4a-i024>i101+i030|i064-htf,i024>i101+i030|i064,True,mặc định (quy đổi M15),train,"BTCUSDT,ETHUSDT,BNBUSDT,SOLUSDT,XRPUSDT",Bảng A tổ hợp kích hoạt + xác nhận,1
2026-10-10T01:29:39+00:00,N4a,N4a-i024>i101+i018|--nohtf,i024>i101+i018|-,False,mặc định (quy đổi M15),train,"BTCUSDT,ETHUSDT,BNBUSDT,SOLUSDT,XRPUSDT",Bảng A tổ hợp kích hoạt + xác nhận,1
2026-10-10T01:29:39+00:00,N4a,N4a-i024>i101+i018|--htf,i024>i101+i018|-,True,mặc định (quy đổi M15),train,"BTCUSDT,ETHUSDT,BNBUSDT,SOLUSDT,XRPUSDT",Bảng A tổ hợp kích hoạt + xác nhận,1
2026-10-10T01:29:39+00:00,N4a,N4a-i024>i101+i018|i064-nohtf,i024>i101+i018|i064,False,mặc định (quy đổi M15),train,"BTCUSDT,ETHUSDT,BNBUSDT,SOLUSDT,XRPUSDT",Bảng A tổ hợp kích hoạt + xác nhận,1
2026-10-10T01:29:39+00:00,N4a,N4a-i024>i101+i018|i064-htf,i024>i101+i018|i064,True,mặc định (quy đổi M15),train,"BTCUSDT,ETHUSDT,BNBUSDT,SOLUSDT,XRPUSDT",Bảng A tổ hợp kích hoạt + xác nhận,1
2026-10-10T01:29:39+00:00,N4a,N4a-i024>i101+i035|--nohtf,i024>i101+i035|-,False,mặc định (quy đổi M15),train,"BTCUSDT,ETHUSDT,BNBUSDT,SOLUSDT,XRPUSDT",Bảng A tổ hợp kích hoạt + xác nhận,1
2026-10-10T01:29:39+00:00,N4a,N4a-i024>i101+i035|--htf,i024>i101+i035|-,True,mặc định (quy đổi M15),train,"BTCUSDT,ETHUSDT,BNBUSDT,SOLUSDT,XRPUSDT",Bảng A tổ hợp kích hoạt + xác nhận,1
2026-10-10T01:29:39+00:00,N4a,N4a-i024>i101+i035|i064-nohtf,i024>i101+i035|i064,False,mặc định (quy đổi M15),train,"BTCUSDT,ETHUSDT,BNBUSDT,SOLUSDT,XRPUSDT",Bảng A tổ hợp kích hoạt + xác nhận,1
2026-10-10T01:29:39+00:00,N4a,N4a-i024>i101+i035|i064-htf,i024>i101+i035|i064,True,mặc định (quy đổi M15),train,"BTCUSDT,ETHUSDT,BNBUSDT,SOLUSDT,XRPUSDT",Bảng A tổ hợp kích hoạt + xác nhận,1
2026-10-10T01:29:39+00:00,N4a,N4a-i024>i030+i018|--nohtf,i024>i030+i018|-,False,mặc định (quy đổi M15),train,"BTCUSDT,ETHUSDT,BNBUSDT,SOLUSDT,XRPUSDT",Bảng A tổ hợp kích hoạt + xác nhận,1
2026-10-10T01:29:39+00:00,N4a,N4a-i024>i030+i018|--htf,i024>i030+i018|-,True,mặc định (quy đổi M15),train,"BTCUSDT,ETHUSDT,BNBUSDT,SOLUSDT,XRPUSDT",Bảng A tổ hợp kích hoạt + xác nhận,1
2026-10-10T01:29:39+00:00,N4a,N4a-i024>i030+i018|i064-nohtf,i024>i030+i018|i064,False,mặc định (quy đổi M15),train,"BTCUSDT,ETHUSDT,BNBUSDT,SOLUSDT,XRPUSDT",Bảng A tổ hợp kích hoạt + xác nhận,1
2026-10-10T01:29:39+00:00,N4a,N4a-i024>i030+i018|i064-htf,i024>i030+i018|i064,True,mặc định (quy đổi M15),train,"BTCUSDT,ETHUSDT,BNBUSDT,SOLUSDT,XRPUSDT",Bảng A tổ hợp kích hoạt + xác nhận,1
2026-10-10T01:29:39+00:00,N4a,N4a-i024>i030+i035|--nohtf,i024>i030+i035|-,False,mặc định (quy đổi M15),train,"BTCUSDT,ETHUSDT,BNBUSDT,SOLUSDT,XRPUSDT",Bảng A tổ hợp kích hoạt + xác nhận,1
2026-10-10T01:29:39+00:00,N4a,N4a-i024>i030+i035|--htf,i024>i030+i035|-,True,mặc định (quy đổi M15),train,"BTCUSDT,ETHUSDT,BNBUSDT,SOLUSDT,XRPUSDT",Bảng A tổ hợp kích hoạt + xác nhận,1
2026-10-10T01:29:39+00:00,N4a,N4a-i024>i030+i035|i064-nohtf,i024>i030+i035|i064,False,mặc định (quy đổi M15),train,"BTCUSDT,ETHUSDT,BNBUSDT,SOLUSDT,XRPUSDT",Bảng A tổ hợp kích hoạt + xác nhận,1
2026-10-10T01:29:39+00:00,N4a,N4a-i024>i030+i035|i064-htf,i024>i030+i035|i064,True,mặc định (quy đổi M15),train,"BTCUSDT,ETHUSDT,BNBUSDT,SOLUSDT,XRPUSDT",Bảng A tổ hợp kích hoạt + xác nhận,1
2026-10-10T01:29:39+00:00,N4a,N4a-i024>i018+i035|--nohtf,i024>i018+i035|-,False,mặc định (quy đổi M15),train,"BTCUSDT,ETHUSDT,BNBUSDT,SOLUSDT,XRPUSDT",Bảng A tổ hợp kích hoạt + xác nhận,1
2026-10-10T01:29:39+00:00,N4a,N4a-i024>i018+i035|--htf,i024>i018+i035|-,True,mặc định (quy đổi M15),train,"BTCUSDT,ETHUSDT,BNBUSDT,SOLUSDT,XRPUSDT",Bảng A tổ hợp kích hoạt + xác nhận,1
2026-10-10T01:29:39+00:00,N4a,N4a-i024>i018+i035|i064-nohtf,i024>i018+i035|i064,False,mặc định (quy đổi M15),train,"BTCUSDT,ETHUSDT,BNBUSDT,SOLUSDT,XRPUSDT",Bảng A tổ hợp kích hoạt + xác nhận,1
2026-10-10T01:29:39+00:00,N4a,N4a-i024>i018+i035|i064-htf,i024>i018+i035|i064,True,mặc định (quy đổi M15),train,"BTCUSDT,ETHUSDT,BNBUSDT,SOLUSDT,XRPUSDT",Bảng A tổ hợp kích hoạt + xác nhận,1
2026-10-10T01:29:39+00:00,N4a,N4a-i034>i027|--nohtf,i034>i027|-,False,mặc định (quy đổi M15),train,"BTCUSDT,ETHUSDT,BNBUSDT,SOLUSDT,XRPUSDT",Bảng A tổ hợp kích hoạt + xác nhận,1
2026-10-10T01:29:39+00:00,N4a,N4a-i034>i027|--htf,i034>i027|-,True,mặc định (quy đổi M15),train,"BTCUSDT,ETHUSDT,BNBUSDT,SOLUSDT,XRPUSDT",Bảng A tổ hợp kích hoạt + xác nhận,1
2026-10-10T01:29:39+00:00,N4a,N4a-i034>i027|i064-nohtf,i034>i027|i064,False,mặc định (quy đổi M15),train,"BTCUSDT,ETHUSDT,BNBUSDT,SOLUSDT,XRPUSDT",Bảng A tổ hợp kích hoạt + xác nhận,1
2026-10-10T01:29:39+00:00,N4a,N4a-i034>i027|i064-htf,i034>i027|i064,True,mặc định (quy đổi M15),train,"BTCUSDT,ETHUSDT,BNBUSDT,SOLUSDT,XRPUSDT",Bảng A tổ hợp kích hoạt + xác nhận,1
2026-10-10T01:29:39+00:00,N4a,N4a-i034>i024|--nohtf,i034>i024|-,False,mặc định (quy đổi M15),train,"BTCUSDT,ETHUSDT,BNBUSDT,SOLUSDT,XRPUSDT",Bảng A tổ hợp kích hoạt + xác nhận,1
2026-10-10T01:29:39+00:00,N4a,N4a-i034>i024|--htf,i034>i024|-,True,mặc định (quy đổi M15),train,"BTCUSDT,ETHUSDT,BNBUSDT,SOLUSDT,XRPUSDT",Bảng A tổ hợp kích hoạt + xác nhận,1
2026-10-10T01:29:39+00:00,N4a,N4a-i034>i024|i064-nohtf,i034>i024|i064,False,mặc định (quy đổi M15),train,"BTCUSDT,ETHUSDT,BNBUSDT,SOLUSDT,XRPUSDT",Bảng A tổ hợp kích hoạt + xác nhận,1
2026-10-10T01:29:39+00:00,N4a,N4a-i034>i024|i064-htf,i034>i024|i064,True,mặc định (quy đổi M15),train,"BTCUSDT,ETHUSDT,BNBUSDT,SOLUSDT,XRPUSDT",Bảng A tổ hợp kích hoạt + xác nhận,1
2026-10-10T01:29:39+00:00,N4a,N4a-i034>i061|--nohtf,i034>i061|-,False,mặc định (quy đổi M15),train,"BTCUSDT,ETHUSDT,BNBUSDT,SOLUSDT,XRPUSDT",Bảng A tổ hợp kích hoạt + xác nhận,1
2026-10-10T01:29:39+00:00,N4a,N4a-i034>i061|--htf,i034>i061|-,True,mặc định (quy đổi M15),train,"BTCUSDT,ETHUSDT,BNBUSDT,SOLUSDT,XRPUSDT",Bảng A tổ hợp kích hoạt + xác nhận,1
2026-10-10T01:29:39+00:00,N4a,N4a-i034>i061|i064-nohtf,i034>i061|i064,False,mặc định (quy đổi M15),train,"BTCUSDT,ETHUSDT,BNBUSDT,SOLUSDT,XRPUSDT",Bảng A tổ hợp kích hoạt + xác nhận,1
2026-10-10T01:29:39+00:00,N4a,N4a-i034>i061|i064-htf,i034>i061|i064,True,mặc định (quy đổi M15),train,"BTCUSDT,ETHUSDT,BNBUSDT,SOLUSDT,XRPUSDT",Bảng A tổ hợp kích hoạt + xác nhận,1
2026-10-10T01:29:39+00:00,N4a,N4a-i034>i059|--nohtf,i034>i059|-,False,mặc định (quy đổi M15),train,"BTCUSDT,ETHUSDT,BNBUSDT,SOLUSDT,XRPUSDT",Bảng A tổ hợp kích hoạt + xác nhận,1
2026-10-10T01:29:39+00:00,N4a,N4a-i034>i059|--htf,i034>i059|-,True,mặc định (quy đổi M15),train,"BTCUSDT,ETHUSDT,BNBUSDT,SOLUSDT,XRPUSDT",Bảng A tổ hợp kích hoạt + xác nhận,1
2026-10-10T01:29:39+00:00,N4a,N4a-i034>i059|i064-nohtf,i034>i059|i064,False,mặc định (quy đổi M15),train,"BTCUSDT,ETHUSDT,BNBUSDT,SOLUSDT,XRPUSDT",Bảng A tổ hợp kích hoạt + xác nhận,1
2026-10-10T01:29:39+00:00,N4a,N4a-i034>i059|i064-htf,i034>i059|i064,True,mặc định (quy đổi M15),train,"BTCUSDT,ETHUSDT,BNBUSDT,SOLUSDT,XRPUSDT",Bảng A tổ hợp kích hoạt + xác nhận,1
2026-10-10T01:29:39+00:00,N4a,N4a-i034>i031|--nohtf,i034>i031|-,False,mặc định (quy đổi M15),train,"BTCUSDT,ETHUSDT,BNBUSDT,SOLUSDT,XRPUSDT",Bảng A tổ hợp kích hoạt + xác nhận,1
2026-10-10T01:29:39+00:00,N4a,N4a-i034>i031|--htf,i034>i031|-,True,mặc định (quy đổi M15),train,"BTCUSDT,ETHUSDT,BNBUSDT,SOLUSDT,XRPUSDT",Bảng A tổ hợp kích hoạt + xác nhận,1
2026-10-10T01:29:39+00:00,N4a,N4a-i034>i031|i064-nohtf,i034>i031|i064,False,mặc định (quy đổi M15),train,"BTCUSDT,ETHUSDT,BNBUSDT,SOLUSDT,XRPUSDT",Bảng A tổ hợp kích hoạt + xác nhận,1
2026-10-10T01:29:39+00:00,N4a,N4a-i034>i031|i064-htf,i034>i031|i064,True,mặc định (quy đổi M15),train,"BTCUSDT,ETHUSDT,BNBUSDT,SOLUSDT,XRPUSDT",Bảng A tổ hợp kích hoạt + xác nhận,1
2026-10-10T01:29:39+00:00,N4a,N4a-i034>i101|--nohtf,i034>i101|-,False,mặc định (quy đổi M15),train,"BTCUSDT,ETHUSDT,BNBUSDT,SOLUSDT,XRPUSDT",Bảng A tổ hợp kích hoạt + xác nhận,1
2026-10-10T01:29:39+00:00,N4a,N4a-i034>i101|--htf,i034>i101|-,True,mặc định (quy đổi M15),train,"BTCUSDT,ETHUSDT,BNBUSDT,SOLUSDT,XRPUSDT",Bảng A tổ hợp kích hoạt + xác nhận,1
2026-10-10T01:29:39+00:00,N4a,N4a-i034>i101|i064-nohtf,i034>i101|i064,False,mặc định (quy đổi M15),train,"BTCUSDT,ETHUSDT,BNBUSDT,SOLUSDT,XRPUSDT",Bảng A tổ hợp kích hoạt + xác nhận,1
2026-10-10T01:29:39+00:00,N4a,N4a-i034>i101|i064-htf,i034>i101|i064,True,mặc định (quy đổi M15),train,"BTCUSDT,ETHUSDT,BNBUSDT,SOLUSDT,XRPUSDT",Bảng A tổ hợp kích hoạt + xác nhận,1
2026-10-10T01:29:39+00:00,N4a,N4a-i034>i030|--nohtf,i034>i030|-,False,mặc định (quy đổi M15),train,"BTCUSDT,ETHUSDT,BNBUSDT,SOLUSDT,XRPUSDT",Bảng A tổ hợp kích hoạt + xác nhận,1
2026-10-10T01:29:39+00:00,N4a,N4a-i034>i030|--htf,i034>i030|-,True,mặc định (quy đổi M15),train,"BTCUSDT,ETHUSDT,BNBUSDT,SOLUSDT,XRPUSDT",Bảng A tổ hợp kích hoạt + xác nhận,1
2026-10-10T01:29:39+00:00,N4a,N4a-i034>i030|i064-nohtf,i034>i030|i064,False,mặc định (quy đổi M15),train,"BTCUSDT,ETHUSDT,BNBUSDT,SOLUSDT,XRPUSDT",Bảng A tổ hợp kích hoạt + xác nhận,1
2026-10-10T01:29:39+00:00,N4a,N4a-i034>i030|i064-htf,i034>i030|i064,True,mặc định (quy đổi M15),train,"BTCUSDT,ETHUSDT,BNBUSDT,SOLUSDT,XRPUSDT",Bảng A tổ hợp kích hoạt + xác nhận,1
2026-10-10T01:29:39+00:00,N4a,N4a-i034>i018|--nohtf,i034>i018|-,False,mặc định (quy đổi M15),train,"BTCUSDT,ETHUSDT,BNBUSDT,SOLUSDT,XRPUSDT",Bảng A tổ hợp kích hoạt + xác nhận,1
2026-10-10T01:29:39+00:00,N4a,N4a-i034>i018|--htf,i034>i018|-,True,mặc định (quy đổi M15),train,"BTCUSDT,ETHUSDT,BNBUSDT,SOLUSDT,XRPUSDT",Bảng A tổ hợp kích hoạt + xác nhận,1
2026-10-10T01:29:39+00:00,N4a,N4a-i034>i018|i064-nohtf,i034>i018|i064,False,mặc định (quy đổi M15),train,"BTCUSDT,ETHUSDT,BNBUSDT,SOLUSDT,XRPUSDT",Bảng A tổ hợp kích hoạt + xác nhận,1
2026-10-10T01:29:39+00:00,N4a,N4a-i034>i018|i064-htf,i034>i018|i064,True,mặc định (quy đổi M15),train,"BTCUSDT,ETHUSDT,BNBUSDT,SOLUSDT,XRPUSDT",Bảng A tổ hợp kích hoạt + xác nhận,1
2026-10-10T01:29:39+00:00,N4a,N4a-i034>i035|--nohtf,i034>i035|-,False,mặc định (quy đổi M15),train,"BTCUSDT,ETHUSDT,BNBUSDT,SOLUSDT,XRPUSDT",Bảng A tổ hợp kích hoạt + xác nhận,1
2026-10-10T01:29:39+00:00,N4a,N4a-i034>i035|--htf,i034>i035|-,True,mặc định (quy đổi M15),train,"BTCUSDT,ETHUSDT,BNBUSDT,SOLUSDT,XRPUSDT",Bảng A tổ hợp kích hoạt + xác nhận,1
2026-10-10T01:29:39+00:00,N4a,N4a-i034>i035|i064-nohtf,i034>i035|i064,False,mặc định (quy đổi M15),train,"BTCUSDT,ETHUSDT,BNBUSDT,SOLUSDT,XRPUSDT",Bảng A tổ hợp kích hoạt + xác nhận,1
2026-10-10T01:29:39+00:00,N4a,N4a-i034>i035|i064-htf,i034>i035|i064,True,mặc định (quy đổi M15),train,"BTCUSDT,ETHUSDT,BNBUSDT,SOLUSDT,XRPUSDT",Bảng A tổ hợp kích hoạt + xác nhận,1
2026-10-10T01:29:39+00:00,N4a,N4a-i034>i027+i024|--nohtf,i034>i027+i024|-,False,mặc định (quy đổi M15),train,"BTCUSDT,ETHUSDT,BNBUSDT,SOLUSDT,XRPUSDT",Bảng A tổ hợp kích hoạt + xác nhận,1
2026-10-10T01:29:39+00:00,N4a,N4a-i034>i027+i024|--htf,i034>i027+i024|-,True,mặc định (quy đổi M15),train,"BTCUSDT,ETHUSDT,BNBUSDT,SOLUSDT,XRPUSDT",Bảng A tổ hợp kích hoạt + xác nhận,1
2026-10-10T01:29:39+00:00,N4a,N4a-i034>i027+i024|i064-nohtf,i034>i027+i024|i064,False,mặc định (quy đổi M15),train,"BTCUSDT,ETHUSDT,BNBUSDT,SOLUSDT,XRPUSDT",Bảng A tổ hợp kích hoạt + xác nhận,1
2026-10-10T01:29:39+00:00,N4a,N4a-i034>i027+i024|i064-htf,i034>i027+i024|i064,True,mặc định (quy đổi M15),train,"BTCUSDT,ETHUSDT,BNBUSDT,SOLUSDT,XRPUSDT",Bảng A tổ hợp kích hoạt + xác nhận,1
2026-10-10T01:29:39+00:00,N4a,N4a-i034>i027+i061|--nohtf,i034>i027+i061|-,False,mặc định (quy đổi M15),train,"BTCUSDT,ETHUSDT,BNBUSDT,SOLUSDT,XRPUSDT",Bảng A tổ hợp kích hoạt + xác nhận,1
2026-10-10T01:29:39+00:00,N4a,N4a-i034>i027+i061|--htf,i034>i027+i061|-,True,mặc định (quy đổi M15),train,"BTCUSDT,ETHUSDT,BNBUSDT,SOLUSDT,XRPUSDT",Bảng A tổ hợp kích hoạt + xác nhận,1
2026-10-10T01:29:39+00:00,N4a,N4a-i034>i027+i061|i064-nohtf,i034>i027+i061|i064,False,mặc định (quy đổi M15),train,"BTCUSDT,ETHUSDT,BNBUSDT,SOLUSDT,XRPUSDT",Bảng A tổ hợp kích hoạt + xác nhận,1
2026-10-10T01:29:39+00:00,N4a,N4a-i034>i027+i061|i064-htf,i034>i027+i061|i064,True,mặc định (quy đổi M15),train,"BTCUSDT,ETHUSDT,BNBUSDT,SOLUSDT,XRPUSDT",Bảng A tổ hợp kích hoạt + xác nhận,1
2026-10-10T01:29:39+00:00,N4a,N4a-i034>i027+i059|--nohtf,i034>i027+i059|-,False,mặc định (quy đổi M15),train,"BTCUSDT,ETHUSDT,BNBUSDT,SOLUSDT,XRPUSDT",Bảng A tổ hợp kích hoạt + xác nhận,1
2026-10-10T01:29:39+00:00,N4a,N4a-i034>i027+i059|--htf,i034>i027+i059|-,True,mặc định (quy đổi M15),train,"BTCUSDT,ETHUSDT,BNBUSDT,SOLUSDT,XRPUSDT",Bảng A tổ hợp kích hoạt + xác nhận,1
2026-10-10T01:29:39+00:00,N4a,N4a-i034>i027+i059|i064-nohtf,i034>i027+i059|i064,False,mặc định (quy đổi M15),train,"BTCUSDT,ETHUSDT,BNBUSDT,SOLUSDT,XRPUSDT",Bảng A tổ hợp kích hoạt + xác nhận,1
2026-10-10T01:29:39+00:00,N4a,N4a-i034>i027+i059|i064-htf,i034>i027+i059|i064,True,mặc định (quy đổi M15),train,"BTCUSDT,ETHUSDT,BNBUSDT,SOLUSDT,XRPUSDT",Bảng A tổ hợp kích hoạt + xác nhận,1
2026-10-10T01:29:39+00:00,N4a,N4a-i034>i027+i031|--nohtf,i034>i027+i031|-,False,mặc định (quy đổi M15),train,"BTCUSDT,ETHUSDT,BNBUSDT,SOLUSDT,XRPUSDT",Bảng A tổ hợp kích hoạt + xác nhận,1
2026-10-10T01:29:39+00:00,N4a,N4a-i034>i027+i031|--htf,i034>i027+i031|-,True,mặc định (quy đổi M15),train,"BTCUSDT,ETHUSDT,BNBUSDT,SOLUSDT,XRPUSDT",Bảng A tổ hợp kích hoạt + xác nhận,1
2026-10-10T01:29:39+00:00,N4a,N4a-i034>i027+i031|i064-nohtf,i034>i027+i031|i064,False,mặc định (quy đổi M15),train,"BTCUSDT,ETHUSDT,BNBUSDT,SOLUSDT,XRPUSDT",Bảng A tổ hợp kích hoạt + xác nhận,1
2026-10-10T01:29:39+00:00,N4a,N4a-i034>i027+i031|i064-htf,i034>i027+i031|i064,True,mặc định (quy đổi M15),train,"BTCUSDT,ETHUSDT,BNBUSDT,SOLUSDT,XRPUSDT",Bảng A tổ hợp kích hoạt + xác nhận,1
2026-10-10T01:29:39+00:00,N4a,N4a-i034>i027+i101|--nohtf,i034>i027+i101|-,False,mặc định (quy đổi M15),train,"BTCUSDT,ETHUSDT,BNBUSDT,SOLUSDT,XRPUSDT",Bảng A tổ hợp kích hoạt + xác nhận,1
2026-10-10T01:29:39+00:00,N4a,N4a-i034>i027+i101|--htf,i034>i027+i101|-,True,mặc định (quy đổi M15),train,"BTCUSDT,ETHUSDT,BNBUSDT,SOLUSDT,XRPUSDT",Bảng A tổ hợp kích hoạt + xác nhận,1
2026-10-10T01:29:39+00:00,N4a,N4a-i034>i027+i101|i064-nohtf,i034>i027+i101|i064,False,mặc định (quy đổi M15),train,"BTCUSDT,ETHUSDT,BNBUSDT,SOLUSDT,XRPUSDT",Bảng A tổ hợp kích hoạt + xác nhận,1
2026-10-10T01:29:39+00:00,N4a,N4a-i034>i027+i101|i064-htf,i034>i027+i101|i064,True,mặc định (quy đổi M15),train,"BTCUSDT,ETHUSDT,BNBUSDT,SOLUSDT,XRPUSDT",Bảng A tổ hợp kích hoạt + xác nhận,1
2026-10-10T01:29:39+00:00,N4a,N4a-i034>i027+i030|--nohtf,i034>i027+i030|-,False,mặc định (quy đổi M15),train,"BTCUSDT,ETHUSDT,BNBUSDT,SOLUSDT,XRPUSDT",Bảng A tổ hợp kích hoạt + xác nhận,1
2026-10-10T01:29:39+00:00,N4a,N4a-i034>i027+i030|--htf,i034>i027+i030|-,True,mặc định (quy đổi M15),train,"BTCUSDT,ETHUSDT,BNBUSDT,SOLUSDT,XRPUSDT",Bảng A tổ hợp kích hoạt + xác nhận,1
2026-10-10T01:29:39+00:00,N4a,N4a-i034>i027+i030|i064-nohtf,i034>i027+i030|i064,False,mặc định (quy đổi M15),train,"BTCUSDT,ETHUSDT,BNBUSDT,SOLUSDT,XRPUSDT",Bảng A tổ hợp kích hoạt + xác nhận,1
2026-10-10T01:29:39+00:00,N4a,N4a-i034>i027+i030|i064-htf,i034>i027+i030|i064,True,mặc định (quy đổi M15),train,"BTCUSDT,ETHUSDT,BNBUSDT,SOLUSDT,XRPUSDT",Bảng A tổ hợp kích hoạt + xác nhận,1
2026-10-10T01:29:39+00:00,N4a,N4a-i034>i027+i018|--nohtf,i034>i027+i018|-,False,mặc định (quy đổi M15),train,"BTCUSDT,ETHUSDT,BNBUSDT,SOLUSDT,XRPUSDT",Bảng A tổ hợp kích hoạt + xác nhận,1
2026-10-10T01:29:39+00:00,N4a,N4a-i034>i027+i018|--htf,i034>i027+i018|-,True,mặc định (quy đổi M15),train,"BTCUSDT,ETHUSDT,BNBUSDT,SOLUSDT,XRPUSDT",Bảng A tổ hợp kích hoạt + xác nhận,1
2026-10-10T01:29:39+00:00,N4a,N4a-i034>i027+i018|i064-nohtf,i034>i027+i018|i064,False,mặc định (quy đổi M15),train,"BTCUSDT,ETHUSDT,BNBUSDT,SOLUSDT,XRPUSDT",Bảng A tổ hợp kích hoạt + xác nhận,1
2026-10-10T01:29:39+00:00,N4a,N4a-i034>i027+i018|i064-htf,i034>i027+i018|i064,True,mặc định (quy đổi M15),train,"BTCUSDT,ETHUSDT,BNBUSDT,SOLUSDT,XRPUSDT",Bảng A tổ hợp kích hoạt + xác nhận,1
2026-10-10T01:29:39+00:00,N4a,N4a-i034>i027+i035|--nohtf,i034>i027+i035|-,False,mặc định (quy đổi M15),train,"BTCUSDT,ETHUSDT,BNBUSDT,SOLUSDT,XRPUSDT",Bảng A tổ hợp kích hoạt + xác nhận,1
2026-10-10T01:29:39+00:00,N4a,N4a-i034>i027+i035|--htf,i034>i027+i035|-,True,mặc định (quy đổi M15),train,"BTCUSDT,ETHUSDT,BNBUSDT,SOLUSDT,XRPUSDT",Bảng A tổ hợp kích hoạt + xác nhận,1
2026-10-10T01:29:39+00:00,N4a,N4a-i034>i027+i035|i064-nohtf,i034>i027+i035|i064,False,mặc định (quy đổi M15),train,"BTCUSDT,ETHUSDT,BNBUSDT,SOLUSDT,XRPUSDT",Bảng A tổ hợp kích hoạt + xác nhận,1
2026-10-10T01:29:39+00:00,N4a,N4a-i034>i027+i035|i064-htf,i034>i027+i035|i064,True,mặc định (quy đổi M15),train,"BTCUSDT,ETHUSDT,BNBUSDT,SOLUSDT,XRPUSDT",Bảng A tổ hợp kích hoạt + xác nhận,1
2026-10-10T01:29:39+00:00,N4a,N4a-i034>i024+i061|--nohtf,i034>i024+i061|-,False,mặc định (quy đổi M15),train,"BTCUSDT,ETHUSDT,BNBUSDT,SOLUSDT,XRPUSDT",Bảng A tổ hợp kích hoạt + xác nhận,1
2026-10-10T01:29:39+00:00,N4a,N4a-i034>i024+i061|--htf,i034>i024+i061|-,True,mặc định (quy đổi M15),train,"BTCUSDT,ETHUSDT,BNBUSDT,SOLUSDT,XRPUSDT",Bảng A tổ hợp kích hoạt + xác nhận,1
2026-10-10T01:29:39+00:00,N4a,N4a-i034>i024+i061|i064-nohtf,i034>i024+i061|i064,False,mặc định (quy đổi M15),train,"BTCUSDT,ETHUSDT,BNBUSDT,SOLUSDT,XRPUSDT",Bảng A tổ hợp kích hoạt + xác nhận,1
2026-10-10T01:29:39+00:00,N4a,N4a-i034>i024+i061|i064-htf,i034>i024+i061|i064,True,mặc định (quy đổi M15),train,"BTCUSDT,ETHUSDT,BNBUSDT,SOLUSDT,XRPUSDT",Bảng A tổ hợp kích hoạt + xác nhận,1
2026-10-10T01:29:39+00:00,N4a,N4a-i034>i024+i059|--nohtf,i034>i024+i059|-,False,mặc định (quy đổi M15),train,"BTCUSDT,ETHUSDT,BNBUSDT,SOLUSDT,XRPUSDT",Bảng A tổ hợp kích hoạt + xác nhận,1
2026-10-10T01:29:39+00:00,N4a,N4a-i034>i024+i059|--htf,i034>i024+i059|-,True,mặc định (quy đổi M15),train,"BTCUSDT,ETHUSDT,BNBUSDT,SOLUSDT,XRPUSDT",Bảng A tổ hợp kích hoạt + xác nhận,1
2026-10-10T01:29:39+00:00,N4a,N4a-i034>i024+i059|i064-nohtf,i034>i024+i059|i064,False,mặc định (quy đổi M15),train,"BTCUSDT,ETHUSDT,BNBUSDT,SOLUSDT,XRPUSDT",Bảng A tổ hợp kích hoạt + xác nhận,1
2026-10-10T01:29:39+00:00,N4a,N4a-i034>i024+i059|i064-htf,i034>i024+i059|i064,True,mặc định (quy đổi M15),train,"BTCUSDT,ETHUSDT,BNBUSDT,SOLUSDT,XRPUSDT",Bảng A tổ hợp kích hoạt + xác nhận,1
2026-10-10T01:29:39+00:00,N4a,N4a-i034>i024+i031|--nohtf,i034>i024+i031|-,False,mặc định (quy đổi M15),train,"BTCUSDT,ETHUSDT,BNBUSDT,SOLUSDT,XRPUSDT",Bảng A tổ hợp kích hoạt + xác nhận,1
2026-10-10T01:29:39+00:00,N4a,N4a-i034>i024+i031|--htf,i034>i024+i031|-,True,mặc định (quy đổi M15),train,"BTCUSDT,ETHUSDT,BNBUSDT,SOLUSDT,XRPUSDT",Bảng A tổ hợp kích hoạt + xác nhận,1
2026-10-10T01:29:39+00:00,N4a,N4a-i034>i024+i031|i064-nohtf,i034>i024+i031|i064,False,mặc định (quy đổi M15),train,"BTCUSDT,ETHUSDT,BNBUSDT,SOLUSDT,XRPUSDT",Bảng A tổ hợp kích hoạt + xác nhận,1
2026-10-10T01:29:39+00:00,N4a,N4a-i034>i024+i031|i064-htf,i034>i024+i031|i064,True,mặc định (quy đổi M15),train,"BTCUSDT,ETHUSDT,BNBUSDT,SOLUSDT,XRPUSDT",Bảng A tổ hợp kích hoạt + xác nhận,1
2026-10-10T01:29:39+00:00,N4a,N4a-i034>i024+i101|--nohtf,i034>i024+i101|-,False,mặc định (quy đổi M15),train,"BTCUSDT,ETHUSDT,BNBUSDT,SOLUSDT,XRPUSDT",Bảng A tổ hợp kích hoạt + xác nhận,1
2026-10-10T01:29:39+00:00,N4a,N4a-i034>i024+i101|--htf,i034>i024+i101|-,True,mặc định (quy đổi M15),train,"BTCUSDT,ETHUSDT,BNBUSDT,SOLUSDT,XRPUSDT",Bảng A tổ hợp kích hoạt + xác nhận,1
2026-10-10T01:29:39+00:00,N4a,N4a-i034>i024+i101|i064-nohtf,i034>i024+i101|i064,False,mặc định (quy đổi M15),train,"BTCUSDT,ETHUSDT,BNBUSDT,SOLUSDT,XRPUSDT",Bảng A tổ hợp kích hoạt + xác nhận,1
2026-10-10T01:29:39+00:00,N4a,N4a-i034>i024+i101|i064-htf,i034>i024+i101|i064,True,mặc định (quy đổi M15),train,"BTCUSDT,ETHUSDT,BNBUSDT,SOLUSDT,XRPUSDT",Bảng A tổ hợp kích hoạt + xác nhận,1
2026-10-10T01:29:39+00:00,N4a,N4a-i034>i024+i030|--nohtf,i034>i024+i030|-,False,mặc định (quy đổi M15),train,"BTCUSDT,ETHUSDT,BNBUSDT,SOLUSDT,XRPUSDT",Bảng A tổ hợp kích hoạt + xác nhận,1
2026-10-10T01:29:39+00:00,N4a,N4a-i034>i024+i030|--htf,i034>i024+i030|-,True,mặc định (quy đổi M15),train,"BTCUSDT,ETHUSDT,BNBUSDT,SOLUSDT,XRPUSDT",Bảng A tổ hợp kích hoạt + xác nhận,1
2026-10-10T01:29:39+00:00,N4a,N4a-i034>i024+i030|i064-nohtf,i034>i024+i030|i064,False,mặc định (quy đổi M15),train,"BTCUSDT,ETHUSDT,BNBUSDT,SOLUSDT,XRPUSDT",Bảng A tổ hợp kích hoạt + xác nhận,1
2026-10-10T01:29:39+00:00,N4a,N4a-i034>i024+i030|i064-htf,i034>i024+i030|i064,True,mặc định (quy đổi M15),train,"BTCUSDT,ETHUSDT,BNBUSDT,SOLUSDT,XRPUSDT",Bảng A tổ hợp kích hoạt + xác nhận,1
2026-10-10T01:29:39+00:00,N4a,N4a-i034>i024+i018|--nohtf,i034>i024+i018|-,False,mặc định (quy đổi M15),train,"BTCUSDT,ETHUSDT,BNBUSDT,SOLUSDT,XRPUSDT",Bảng A tổ hợp kích hoạt + xác nhận,1
2026-10-10T01:29:39+00:00,N4a,N4a-i034>i024+i018|--htf,i034>i024+i018|-,True,mặc định (quy đổi M15),train,"BTCUSDT,ETHUSDT,BNBUSDT,SOLUSDT,XRPUSDT",Bảng A tổ hợp kích hoạt + xác nhận,1
2026-10-10T01:29:39+00:00,N4a,N4a-i034>i024+i018|i064-nohtf,i034>i024+i018|i064,False,mặc định (quy đổi M15),train,"BTCUSDT,ETHUSDT,BNBUSDT,SOLUSDT,XRPUSDT",Bảng A tổ hợp kích hoạt + xác nhận,1
2026-10-10T01:29:39+00:00,N4a,N4a-i034>i024+i018|i064-htf,i034>i024+i018|i064,True,mặc định (quy đổi M15),train,"BTCUSDT,ETHUSDT,BNBUSDT,SOLUSDT,XRPUSDT",Bảng A tổ hợp kích hoạt + xác nhận,1
2026-10-10T01:29:39+00:00,N4a,N4a-i034>i024+i035|--nohtf,i034>i024+i035|-,False,mặc định (quy đổi M15),train,"BTCUSDT,ETHUSDT,BNBUSDT,SOLUSDT,XRPUSDT",Bảng A tổ hợp kích hoạt + xác nhận,1
2026-10-10T01:29:39+00:00,N4a,N4a-i034>i024+i035|--htf,i034>i024+i035|-,True,mặc định (quy đổi M15),train,"BTCUSDT,ETHUSDT,BNBUSDT,SOLUSDT,XRPUSDT",Bảng A tổ hợp kích hoạt + xác nhận,1
2026-10-10T01:29:39+00:00,N4a,N4a-i034>i024+i035|i064-nohtf,i034>i024+i035|i064,False,mặc định (quy đổi M15),train,"BTCUSDT,ETHUSDT,BNBUSDT,SOLUSDT,XRPUSDT",Bảng A tổ hợp kích hoạt + xác nhận,1
2026-10-10T01:29:39+00:00,N4a,N4a-i034>i024+i035|i064-htf,i034>i024+i035|i064,True,mặc định (quy đổi M15),train,"BTCUSDT,ETHUSDT,BNBUSDT,SOLUSDT,XRPUSDT",Bảng A tổ hợp kích hoạt + xác nhận,1
2026-10-10T01:29:39+00:00,N4a,N4a-i034>i061+i059|--nohtf,i034>i061+i059|-,False,mặc định (quy đổi M15),train,"BTCUSDT,ETHUSDT,BNBUSDT,SOLUSDT,XRPUSDT",Bảng A tổ hợp kích hoạt + xác nhận,1
2026-10-10T01:29:39+00:00,N4a,N4a-i034>i061+i059|--htf,i034>i061+i059|-,True,mặc định (quy đổi M15),train,"BTCUSDT,ETHUSDT,BNBUSDT,SOLUSDT,XRPUSDT",Bảng A tổ hợp kích hoạt + xác nhận,1
2026-10-10T01:29:39+00:00,N4a,N4a-i034>i061+i059|i064-nohtf,i034>i061+i059|i064,False,mặc định (quy đổi M15),train,"BTCUSDT,ETHUSDT,BNBUSDT,SOLUSDT,XRPUSDT",Bảng A tổ hợp kích hoạt + xác nhận,1
2026-10-10T01:29:39+00:00,N4a,N4a-i034>i061+i059|i064-htf,i034>i061+i059|i064,True,mặc định (quy đổi M15),train,"BTCUSDT,ETHUSDT,BNBUSDT,SOLUSDT,XRPUSDT",Bảng A tổ hợp kích hoạt + xác nhận,1
2026-10-10T01:29:39+00:00,N4a,N4a-i034>i061+i031|--nohtf,i034>i061+i031|-,False,mặc định (quy đổi M15),train,"BTCUSDT,ETHUSDT,BNBUSDT,SOLUSDT,XRPUSDT",Bảng A tổ hợp kích hoạt + xác nhận,1
2026-10-10T01:29:39+00:00,N4a,N4a-i034>i061+i031|--htf,i034>i061+i031|-,True,mặc định (quy đổi M15),train,"BTCUSDT,ETHUSDT,BNBUSDT,SOLUSDT,XRPUSDT",Bảng A tổ hợp kích hoạt + xác nhận,1
2026-10-10T01:29:39+00:00,N4a,N4a-i034>i061+i031|i064-nohtf,i034>i061+i031|i064,False,mặc định (quy đổi M15),train,"BTCUSDT,ETHUSDT,BNBUSDT,SOLUSDT,XRPUSDT",Bảng A tổ hợp kích hoạt + xác nhận,1
2026-10-10T01:29:39+00:00,N4a,N4a-i034>i061+i031|i064-htf,i034>i061+i031|i064,True,mặc định (quy đổi M15),train,"BTCUSDT,ETHUSDT,BNBUSDT,SOLUSDT,XRPUSDT",Bảng A tổ hợp kích hoạt + xác nhận,1
2026-10-10T01:29:39+00:00,N4a,N4a-i034>i061+i101|--nohtf,i034>i061+i101|-,False,mặc định (quy đổi M15),train,"BTCUSDT,ETHUSDT,BNBUSDT,SOLUSDT,XRPUSDT",Bảng A tổ hợp kích hoạt + xác nhận,1
2026-10-10T01:29:39+00:00,N4a,N4a-i034>i061+i101|--htf,i034>i061+i101|-,True,mặc định (quy đổi M15),train,"BTCUSDT,ETHUSDT,BNBUSDT,SOLUSDT,XRPUSDT",Bảng A tổ hợp kích hoạt + xác nhận,1
2026-10-10T01:29:39+00:00,N4a,N4a-i034>i061+i101|i064-nohtf,i034>i061+i101|i064,False,mặc định (quy đổi M15),train,"BTCUSDT,ETHUSDT,BNBUSDT,SOLUSDT,XRPUSDT",Bảng A tổ hợp kích hoạt + xác nhận,1
2026-10-10T01:29:39+00:00,N4a,N4a-i034>i061+i101|i064-htf,i034>i061+i101|i064,True,mặc định (quy đổi M15),train,"BTCUSDT,ETHUSDT,BNBUSDT,SOLUSDT,XRPUSDT",Bảng A tổ hợp kích hoạt + xác nhận,1
2026-10-10T01:29:39+00:00,N4a,N4a-i034>i061+i030|--nohtf,i034>i061+i030|-,False,mặc định (quy đổi M15),train,"BTCUSDT,ETHUSDT,BNBUSDT,SOLUSDT,XRPUSDT",Bảng A tổ hợp kích hoạt + xác nhận,1
2026-10-10T01:29:39+00:00,N4a,N4a-i034>i061+i030|--htf,i034>i061+i030|-,True,mặc định (quy đổi M15),train,"BTCUSDT,ETHUSDT,BNBUSDT,SOLUSDT,XRPUSDT",Bảng A tổ hợp kích hoạt + xác nhận,1
2026-10-10T01:29:39+00:00,N4a,N4a-i034>i061+i030|i064-nohtf,i034>i061+i030|i064,False,mặc định (quy đổi M15),train,"BTCUSDT,ETHUSDT,BNBUSDT,SOLUSDT,XRPUSDT",Bảng A tổ hợp kích hoạt + xác nhận,1
2026-10-10T01:29:39+00:00,N4a,N4a-i034>i061+i030|i064-htf,i034>i061+i030|i064,True,mặc định (quy đổi M15),train,"BTCUSDT,ETHUSDT,BNBUSDT,SOLUSDT,XRPUSDT",Bảng A tổ hợp kích hoạt + xác nhận,1
2026-10-10T01:29:39+00:00,N4a,N4a-i034>i061+i018|--nohtf,i034>i061+i018|-,False,mặc định (quy đổi M15),train,"BTCUSDT,ETHUSDT,BNBUSDT,SOLUSDT,XRPUSDT",Bảng A tổ hợp kích hoạt + xác nhận,1
2026-10-10T01:29:39+00:00,N4a,N4a-i034>i061+i018|--htf,i034>i061+i018|-,True,mặc định (quy đổi M15),train,"BTCUSDT,ETHUSDT,BNBUSDT,SOLUSDT,XRPUSDT",Bảng A tổ hợp kích hoạt + xác nhận,1
2026-10-10T01:29:39+00:00,N4a,N4a-i034>i061+i018|i064-nohtf,i034>i061+i018|i064,False,mặc định (quy đổi M15),train,"BTCUSDT,ETHUSDT,BNBUSDT,SOLUSDT,XRPUSDT",Bảng A tổ hợp kích hoạt + xác nhận,1
2026-10-10T01:29:39+00:00,N4a,N4a-i034>i061+i018|i064-htf,i034>i061+i018|i064,True,mặc định (quy đổi M15),train,"BTCUSDT,ETHUSDT,BNBUSDT,SOLUSDT,XRPUSDT",Bảng A tổ hợp kích hoạt + xác nhận,1
2026-10-10T01:29:39+00:00,N4a,N4a-i034>i061+i035|--nohtf,i034>i061+i035|-,False,mặc định (quy đổi M15),train,"BTCUSDT,ETHUSDT,BNBUSDT,SOLUSDT,XRPUSDT",Bảng A tổ hợp kích hoạt + xác nhận,1
2026-10-10T01:29:39+00:00,N4a,N4a-i034>i061+i035|--htf,i034>i061+i035|-,True,mặc định (quy đổi M15),train,"BTCUSDT,ETHUSDT,BNBUSDT,SOLUSDT,XRPUSDT",Bảng A tổ hợp kích hoạt + xác nhận,1
2026-10-10T01:29:39+00:00,N4a,N4a-i034>i061+i035|i064-nohtf,i034>i061+i035|i064,False,mặc định (quy đổi M15),train,"BTCUSDT,ETHUSDT,BNBUSDT,SOLUSDT,XRPUSDT",Bảng A tổ hợp kích hoạt + xác nhận,1
2026-10-10T01:29:39+00:00,N4a,N4a-i034>i061+i035|i064-htf,i034>i061+i035|i064,True,mặc định (quy đổi M15),train,"BTCUSDT,ETHUSDT,BNBUSDT,SOLUSDT,XRPUSDT",Bảng A tổ hợp kích hoạt + xác nhận,1
2026-10-10T01:29:39+00:00,N4a,N4a-i034>i059+i031|--nohtf,i034>i059+i031|-,False,mặc định (quy đổi M15),train,"BTCUSDT,ETHUSDT,BNBUSDT,SOLUSDT,XRPUSDT",Bảng A tổ hợp kích hoạt + xác nhận,1
2026-10-10T01:29:39+00:00,N4a,N4a-i034>i059+i031|--htf,i034>i059+i031|-,True,mặc định (quy đổi M15),train,"BTCUSDT,ETHUSDT,BNBUSDT,SOLUSDT,XRPUSDT",Bảng A tổ hợp kích hoạt + xác nhận,1
2026-10-10T01:29:39+00:00,N4a,N4a-i034>i059+i031|i064-nohtf,i034>i059+i031|i064,False,mặc định (quy đổi M15),train,"BTCUSDT,ETHUSDT,BNBUSDT,SOLUSDT,XRPUSDT",Bảng A tổ hợp kích hoạt + xác nhận,1
2026-10-10T01:29:39+00:00,N4a,N4a-i034>i059+i031|i064-htf,i034>i059+i031|i064,True,mặc định (quy đổi M15),train,"BTCUSDT,ETHUSDT,BNBUSDT,SOLUSDT,XRPUSDT",Bảng A tổ hợp kích hoạt + xác nhận,1
2026-10-10T01:29:39+00:00,N4a,N4a-i034>i059+i101|--nohtf,i034>i059+i101|-,False,mặc định (quy đổi M15),train,"BTCUSDT,ETHUSDT,BNBUSDT,SOLUSDT,XRPUSDT",Bảng A tổ hợp kích hoạt + xác nhận,1
2026-10-10T01:29:39+00:00,N4a,N4a-i034>i059+i101|--htf,i034>i059+i101|-,True,mặc định (quy đổi M15),train,"BTCUSDT,ETHUSDT,BNBUSDT,SOLUSDT,XRPUSDT",Bảng A tổ hợp kích hoạt + xác nhận,1
2026-10-10T01:29:39+00:00,N4a,N4a-i034>i059+i101|i064-nohtf,i034>i059+i101|i064,False,mặc định (quy đổi M15),train,"BTCUSDT,ETHUSDT,BNBUSDT,SOLUSDT,XRPUSDT",Bảng A tổ hợp kích hoạt + xác nhận,1
2026-10-10T01:29:39+00:00,N4a,N4a-i034>i059+i101|i064-htf,i034>i059+i101|i064,True,mặc định (quy đổi M15),train,"BTCUSDT,ETHUSDT,BNBUSDT,SOLUSDT,XRPUSDT",Bảng A tổ hợp kích hoạt + xác nhận,1
2026-10-10T01:29:39+00:00,N4a,N4a-i034>i059+i030|--nohtf,i034>i059+i030|-,False,mặc định (quy đổi M15),train,"BTCUSDT,ETHUSDT,BNBUSDT,SOLUSDT,XRPUSDT",Bảng A tổ hợp kích hoạt + xác nhận,1
2026-10-10T01:29:39+00:00,N4a,N4a-i034>i059+i030|--htf,i034>i059+i030|-,True,mặc định (quy đổi M15),train,"BTCUSDT,ETHUSDT,BNBUSDT,SOLUSDT,XRPUSDT",Bảng A tổ hợp kích hoạt + xác nhận,1
2026-10-10T01:29:39+00:00,N4a,N4a-i034>i059+i030|i064-nohtf,i034>i059+i030|i064,False,mặc định (quy đổi M15),train,"BTCUSDT,ETHUSDT,BNBUSDT,SOLUSDT,XRPUSDT",Bảng A tổ hợp kích hoạt + xác nhận,1
2026-10-10T01:29:39+00:00,N4a,N4a-i034>i059+i030|i064-htf,i034>i059+i030|i064,True,mặc định (quy đổi M15),train,"BTCUSDT,ETHUSDT,BNBUSDT,SOLUSDT,XRPUSDT",Bảng A tổ hợp kích hoạt + xác nhận,1
2026-10-10T01:29:39+00:00,N4a,N4a-i034>i059+i018|--nohtf,i034>i059+i018|-,False,mặc định (quy đổi M15),train,"BTCUSDT,ETHUSDT,BNBUSDT,SOLUSDT,XRPUSDT",Bảng A tổ hợp kích hoạt + xác nhận,1
2026-10-10T01:29:39+00:00,N4a,N4a-i034>i059+i018|--htf,i034>i059+i018|-,True,mặc định (quy đổi M15),train,"BTCUSDT,ETHUSDT,BNBUSDT,SOLUSDT,XRPUSDT",Bảng A tổ hợp kích hoạt + xác nhận,1
2026-10-10T01:29:39+00:00,N4a,N4a-i034>i059+i018|i064-nohtf,i034>i059+i018|i064,False,mặc định (quy đổi M15),train,"BTCUSDT,ETHUSDT,BNBUSDT,SOLUSDT,XRPUSDT",Bảng A tổ hợp kích hoạt + xác nhận,1
2026-10-10T01:29:39+00:00,N4a,N4a-i034>i059+i018|i064-htf,i034>i059+i018|i064,True,mặc định (quy đổi M15),train,"BTCUSDT,ETHUSDT,BNBUSDT,SOLUSDT,XRPUSDT",Bảng A tổ hợp kích hoạt + xác nhận,1
2026-10-10T01:29:39+00:00,N4a,N4a-i034>i059+i035|--nohtf,i034>i059+i035|-,False,mặc định (quy đổi M15),train,"BTCUSDT,ETHUSDT,BNBUSDT,SOLUSDT,XRPUSDT",Bảng A tổ hợp kích hoạt + xác nhận,1
2026-10-10T01:29:39+00:00,N4a,N4a-i034>i059+i035|--htf,i034>i059+i035|-,True,mặc định (quy đổi M15),train,"BTCUSDT,ETHUSDT,BNBUSDT,SOLUSDT,XRPUSDT",Bảng A tổ hợp kích hoạt + xác nhận,1
2026-10-10T01:29:39+00:00,N4a,N4a-i034>i059+i035|i064-nohtf,i034>i059+i035|i064,False,mặc định (quy đổi M15),train,"BTCUSDT,ETHUSDT,BNBUSDT,SOLUSDT,XRPUSDT",Bảng A tổ hợp kích hoạt + xác nhận,1
2026-10-10T01:29:39+00:00,N4a,N4a-i034>i059+i035|i064-htf,i034>i059+i035|i064,True,mặc định (quy đổi M15),train,"BTCUSDT,ETHUSDT,BNBUSDT,SOLUSDT,XRPUSDT",Bảng A tổ hợp kích hoạt + xác nhận,1
2026-10-10T01:29:39+00:00,N4a,N4a-i034>i031+i101|--nohtf,i034>i031+i101|-,False,mặc định (quy đổi M15),train,"BTCUSDT,ETHUSDT,BNBUSDT,SOLUSDT,XRPUSDT",Bảng A tổ hợp kích hoạt + xác nhận,1
2026-10-10T01:29:39+00:00,N4a,N4a-i034>i031+i101|--htf,i034>i031+i101|-,True,mặc định (quy đổi M15),train,"BTCUSDT,ETHUSDT,BNBUSDT,SOLUSDT,XRPUSDT",Bảng A tổ hợp kích hoạt + xác nhận,1
2026-10-10T01:29:39+00:00,N4a,N4a-i034>i031+i101|i064-nohtf,i034>i031+i101|i064,False,mặc định (quy đổi M15),train,"BTCUSDT,ETHUSDT,BNBUSDT,SOLUSDT,XRPUSDT",Bảng A tổ hợp kích hoạt + xác nhận,1
2026-10-10T01:29:39+00:00,N4a,N4a-i034>i031+i101|i064-htf,i034>i031+i101|i064,True,mặc định (quy đổi M15),train,"BTCUSDT,ETHUSDT,BNBUSDT,SOLUSDT,XRPUSDT",Bảng A tổ hợp kích hoạt + xác nhận,1
2026-10-10T01:29:39+00:00,N4a,N4a-i034>i031+i030|--nohtf,i034>i031+i030|-,False,mặc định (quy đổi M15),train,"BTCUSDT,ETHUSDT,BNBUSDT,SOLUSDT,XRPUSDT",Bảng A tổ hợp kích hoạt + xác nhận,1
2026-10-10T01:29:39+00:00,N4a,N4a-i034>i031+i030|--htf,i034>i031+i030|-,True,mặc định (quy đổi M15),train,"BTCUSDT,ETHUSDT,BNBUSDT,SOLUSDT,XRPUSDT",Bảng A tổ hợp kích hoạt + xác nhận,1
2026-10-10T01:29:39+00:00,N4a,N4a-i034>i031+i030|i064-nohtf,i034>i031+i030|i064,False,mặc định (quy đổi M15),train,"BTCUSDT,ETHUSDT,BNBUSDT,SOLUSDT,XRPUSDT",Bảng A tổ hợp kích hoạt + xác nhận,1
2026-10-10T01:29:39+00:00,N4a,N4a-i034>i031+i030|i064-htf,i034>i031+i030|i064,True,mặc định (quy đổi M15),train,"BTCUSDT,ETHUSDT,BNBUSDT,SOLUSDT,XRPUSDT",Bảng A tổ hợp kích hoạt + xác nhận,1
2026-10-10T01:29:39+00:00,N4a,N4a-i034>i031+i018|--nohtf,i034>i031+i018|-,False,mặc định (quy đổi M15),train,"BTCUSDT,ETHUSDT,BNBUSDT,SOLUSDT,XRPUSDT",Bảng A tổ hợp kích hoạt + xác nhận,1
2026-10-10T01:29:39+00:00,N4a,N4a-i034>i031+i018|--htf,i034>i031+i018|-,True,mặc định (quy đổi M15),train,"BTCUSDT,ETHUSDT,BNBUSDT,SOLUSDT,XRPUSDT",Bảng A tổ hợp kích hoạt + xác nhận,1
2026-10-10T01:29:39+00:00,N4a,N4a-i034>i031+i018|i064-nohtf,i034>i031+i018|i064,False,mặc định (quy đổi M15),train,"BTCUSDT,ETHUSDT,BNBUSDT,SOLUSDT,XRPUSDT",Bảng A tổ hợp kích hoạt + xác nhận,1
2026-10-10T01:29:39+00:00,N4a,N4a-i034>i031+i018|i064-htf,i034>i031+i018|i064,True,mặc định (quy đổi M15),train,"BTCUSDT,ETHUSDT,BNBUSDT,SOLUSDT,XRPUSDT",Bảng A tổ hợp kích hoạt + xác nhận,1
2026-10-10T01:29:39+00:00,N4a,N4a-i034>i031+i035|--nohtf,i034>i031+i035|-,False,mặc định (quy đổi M15),train,"BTCUSDT,ETHUSDT,BNBUSDT,SOLUSDT,XRPUSDT",Bảng A tổ hợp kích hoạt + xác nhận,1
2026-10-10T01:29:39+00:00,N4a,N4a-i034>i031+i035|--htf,i034>i031+i035|-,True,mặc định (quy đổi M15),train,"BTCUSDT,ETHUSDT,BNBUSDT,SOLUSDT,XRPUSDT",Bảng A tổ hợp kích hoạt + xác nhận,1
2026-10-10T01:29:39+00:00,N4a,N4a-i034>i031+i035|i064-nohtf,i034>i031+i035|i064,False,mặc định (quy đổi M15),train,"BTCUSDT,ETHUSDT,BNBUSDT,SOLUSDT,XRPUSDT",Bảng A tổ hợp kích hoạt + xác nhận,1
2026-10-10T01:29:39+00:00,N4a,N4a-i034>i031+i035|i064-htf,i034>i031+i035|i064,True,mặc định (quy đổi M15),train,"BTCUSDT,ETHUSDT,BNBUSDT,SOLUSDT,XRPUSDT",Bảng A tổ hợp kích hoạt + xác nhận,1
2026-10-10T01:29:39+00:00,N4a,N4a-i034>i101+i030|--nohtf,i034>i101+i030|-,False,mặc định (quy đổi M15),train,"BTCUSDT,ETHUSDT,BNBUSDT,SOLUSDT,XRPUSDT",Bảng A tổ hợp kích hoạt + xác nhận,1
2026-10-10T01:29:39+00:00,N4a,N4a-i034>i101+i030|--htf,i034>i101+i030|-,True,mặc định (quy đổi M15),train,"BTCUSDT,ETHUSDT,BNBUSDT,SOLUSDT,XRPUSDT",Bảng A tổ hợp kích hoạt + xác nhận,1
2026-10-10T01:29:39+00:00,N4a,N4a-i034>i101+i030|i064-nohtf,i034>i101+i030|i064,False,mặc định (quy đổi M15),train,"BTCUSDT,ETHUSDT,BNBUSDT,SOLUSDT,XRPUSDT",Bảng A tổ hợp kích hoạt + xác nhận,1
2026-10-10T01:29:39+00:00,N4a,N4a-i034>i101+i030|i064-htf,i034>i101+i030|i064,True,mặc định (quy đổi M15),train,"BTCUSDT,ETHUSDT,BNBUSDT,SOLUSDT,XRPUSDT",Bảng A tổ hợp kích hoạt + xác nhận,1
2026-10-10T01:29:39+00:00,N4a,N4a-i034>i101+i018|--nohtf,i034>i101+i018|-,False,mặc định (quy đổi M15),train,"BTCUSDT,ETHUSDT,BNBUSDT,SOLUSDT,XRPUSDT",Bảng A tổ hợp kích hoạt + xác nhận,1
2026-10-10T01:29:39+00:00,N4a,N4a-i034>i101+i018|--htf,i034>i101+i018|-,True,mặc định (quy đổi M15),train,"BTCUSDT,ETHUSDT,BNBUSDT,SOLUSDT,XRPUSDT",Bảng A tổ hợp kích hoạt + xác nhận,1
2026-10-10T01:29:39+00:00,N4a,N4a-i034>i101+i018|i064-nohtf,i034>i101+i018|i064,False,mặc định (quy đổi M15),train,"BTCUSDT,ETHUSDT,BNBUSDT,SOLUSDT,XRPUSDT",Bảng A tổ hợp kích hoạt + xác nhận,1
2026-10-10T01:29:39+00:00,N4a,N4a-i034>i101+i018|i064-htf,i034>i101+i018|i064,True,mặc định (quy đổi M15),train,"BTCUSDT,ETHUSDT,BNBUSDT,SOLUSDT,XRPUSDT",Bảng A tổ hợp kích hoạt + xác nhận,1
2026-10-10T01:29:39+00:00,N4a,N4a-i034>i101+i035|--nohtf,i034>i101+i035|-,False,mặc định (quy đổi M15),train,"BTCUSDT,ETHUSDT,BNBUSDT,SOLUSDT,XRPUSDT",Bảng A tổ hợp kích hoạt + xác nhận,1
2026-10-10T01:29:39+00:00,N4a,N4a-i034>i101+i035|--htf,i034>i101+i035|-,True,mặc định (quy đổi M15),train,"BTCUSDT,ETHUSDT,BNBUSDT,SOLUSDT,XRPUSDT",Bảng A tổ hợp kích hoạt + xác nhận,1
2026-10-10T01:29:39+00:00,N4a,N4a-i034>i101+i035|i064-nohtf,i034>i101+i035|i064,False,mặc định (quy đổi M15),train,"BTCUSDT,ETHUSDT,BNBUSDT,SOLUSDT,XRPUSDT",Bảng A tổ hợp kích hoạt + xác nhận,1
2026-10-10T01:29:39+00:00,N4a,N4a-i034>i101+i035|i064-htf,i034>i101+i035|i064,True,mặc định (quy đổi M15),train,"BTCUSDT,ETHUSDT,BNBUSDT,SOLUSDT,XRPUSDT",Bảng A tổ hợp kích hoạt + xác nhận,1
2026-10-10T01:29:39+00:00,N4a,N4a-i034>i030+i018|--nohtf,i034>i030+i018|-,False,mặc định (quy đổi M15),train,"BTCUSDT,ETHUSDT,BNBUSDT,SOLUSDT,XRPUSDT",Bảng A tổ hợp kích hoạt + xác nhận,1
2026-10-10T01:29:39+00:00,N4a,N4a-i034>i030+i018|--htf,i034>i030+i018|-,True,mặc định (quy đổi M15),train,"BTCUSDT,ETHUSDT,BNBUSDT,SOLUSDT,XRPUSDT",Bảng A tổ hợp kích hoạt + xác nhận,1
2026-10-10T01:29:39+00:00,N4a,N4a-i034>i030+i018|i064-nohtf,i034>i030+i018|i064,False,mặc định (quy đổi M15),train,"BTCUSDT,ETHUSDT,BNBUSDT,SOLUSDT,XRPUSDT",Bảng A tổ hợp kích hoạt + xác nhận,1
2026-10-10T01:29:39+00:00,N4a,N4a-i034>i030+i018|i064-htf,i034>i030+i018|i064,True,mặc định (quy đổi M15),train,"BTCUSDT,ETHUSDT,BNBUSDT,SOLUSDT,XRPUSDT",Bảng A tổ hợp kích hoạt + xác nhận,1
2026-10-10T01:29:39+00:00,N4a,N4a-i034>i030+i035|--nohtf,i034>i030+i035|-,False,mặc định (quy đổi M15),train,"BTCUSDT,ETHUSDT,BNBUSDT,SOLUSDT,XRPUSDT",Bảng A tổ hợp kích hoạt + xác nhận,1
2026-10-10T01:29:39+00:00,N4a,N4a-i034>i030+i035|--htf,i034>i030+i035|-,True,mặc định (quy đổi M15),train,"BTCUSDT,ETHUSDT,BNBUSDT,SOLUSDT,XRPUSDT",Bảng A tổ hợp kích hoạt + xác nhận,1
2026-10-10T01:29:39+00:00,N4a,N4a-i034>i030+i035|i064-nohtf,i034>i030+i035|i064,False,mặc định (quy đổi M15),train,"BTCUSDT,ETHUSDT,BNBUSDT,SOLUSDT,XRPUSDT",Bảng A tổ hợp kích hoạt + xác nhận,1
2026-10-10T01:29:39+00:00,N4a,N4a-i034>i030+i035|i064-htf,i034>i030+i035|i064,True,mặc định (quy đổi M15),train,"BTCUSDT,ETHUSDT,BNBUSDT,SOLUSDT,XRPUSDT",Bảng A tổ hợp kích hoạt + xác nhận,1
2026-10-10T01:29:39+00:00,N4a,N4a-i034>i018+i035|--nohtf,i034>i018+i035|-,False,mặc định (quy đổi M15),train,"BTCUSDT,ETHUSDT,BNBUSDT,SOLUSDT,XRPUSDT",Bảng A tổ hợp kích hoạt + xác nhận,1
2026-10-10T01:29:39+00:00,N4a,N4a-i034>i018+i035|--htf,i034>i018+i035|-,True,mặc định (quy đổi M15),train,"BTCUSDT,ETHUSDT,BNBUSDT,SOLUSDT,XRPUSDT",Bảng A tổ hợp kích hoạt + xác nhận,1
2026-10-10T01:29:39+00:00,N4a,N4a-i034>i018+i035|i064-nohtf,i034>i018+i035|i064,False,mặc định (quy đổi M15),train,"BTCUSDT,ETHUSDT,BNBUSDT,SOLUSDT,XRPUSDT",Bảng A tổ hợp kích hoạt + xác nhận,1
2026-10-10T01:29:39+00:00,N4a,N4a-i034>i018+i035|i064-htf,i034>i018+i035|i064,True,mặc định (quy đổi M15),train,"BTCUSDT,ETHUSDT,BNBUSDT,SOLUSDT,XRPUSDT",Bảng A tổ hợp kích hoạt + xác nhận,1
2026-10-10T01:29:39+00:00,N4a,N4a-i061>i027|--nohtf,i061>i027|-,False,mặc định (quy đổi M15),train,"BTCUSDT,ETHUSDT,BNBUSDT,SOLUSDT,XRPUSDT",Bảng A tổ hợp kích hoạt + xác nhận,1
2026-10-10T01:29:39+00:00,N4a,N4a-i061>i027|--htf,i061>i027|-,True,mặc định (quy đổi M15),train,"BTCUSDT,ETHUSDT,BNBUSDT,SOLUSDT,XRPUSDT",Bảng A tổ hợp kích hoạt + xác nhận,1
2026-10-10T01:29:39+00:00,N4a,N4a-i061>i027|i064-nohtf,i061>i027|i064,False,mặc định (quy đổi M15),train,"BTCUSDT,ETHUSDT,BNBUSDT,SOLUSDT,XRPUSDT",Bảng A tổ hợp kích hoạt + xác nhận,1
2026-10-10T01:29:39+00:00,N4a,N4a-i061>i027|i064-htf,i061>i027|i064,True,mặc định (quy đổi M15),train,"BTCUSDT,ETHUSDT,BNBUSDT,SOLUSDT,XRPUSDT",Bảng A tổ hợp kích hoạt + xác nhận,1
2026-10-10T01:29:39+00:00,N4a,N4a-i061>i024|--nohtf,i061>i024|-,False,mặc định (quy đổi M15),train,"BTCUSDT,ETHUSDT,BNBUSDT,SOLUSDT,XRPUSDT",Bảng A tổ hợp kích hoạt + xác nhận,1
2026-10-10T01:29:39+00:00,N4a,N4a-i061>i024|--htf,i061>i024|-,True,mặc định (quy đổi M15),train,"BTCUSDT,ETHUSDT,BNBUSDT,SOLUSDT,XRPUSDT",Bảng A tổ hợp kích hoạt + xác nhận,1
2026-10-10T01:29:39+00:00,N4a,N4a-i061>i024|i064-nohtf,i061>i024|i064,False,mặc định (quy đổi M15),train,"BTCUSDT,ETHUSDT,BNBUSDT,SOLUSDT,XRPUSDT",Bảng A tổ hợp kích hoạt + xác nhận,1
2026-10-10T01:29:39+00:00,N4a,N4a-i061>i024|i064-htf,i061>i024|i064,True,mặc định (quy đổi M15),train,"BTCUSDT,ETHUSDT,BNBUSDT,SOLUSDT,XRPUSDT",Bảng A tổ hợp kích hoạt + xác nhận,1
2026-10-10T01:29:39+00:00,N4a,N4a-i061>i034|--nohtf,i061>i034|-,False,mặc định (quy đổi M15),train,"BTCUSDT,ETHUSDT,BNBUSDT,SOLUSDT,XRPUSDT",Bảng A tổ hợp kích hoạt + xác nhận,1
2026-10-10T01:29:39+00:00,N4a,N4a-i061>i034|--htf,i061>i034|-,True,mặc định (quy đổi M15),train,"BTCUSDT,ETHUSDT,BNBUSDT,SOLUSDT,XRPUSDT",Bảng A tổ hợp kích hoạt + xác nhận,1
2026-10-10T01:29:39+00:00,N4a,N4a-i061>i034|i064-nohtf,i061>i034|i064,False,mặc định (quy đổi M15),train,"BTCUSDT,ETHUSDT,BNBUSDT,SOLUSDT,XRPUSDT",Bảng A tổ hợp kích hoạt + xác nhận,1
2026-10-10T01:29:39+00:00,N4a,N4a-i061>i034|i064-htf,i061>i034|i064,True,mặc định (quy đổi M15),train,"BTCUSDT,ETHUSDT,BNBUSDT,SOLUSDT,XRPUSDT",Bảng A tổ hợp kích hoạt + xác nhận,1
2026-10-10T01:29:39+00:00,N4a,N4a-i061>i059|--nohtf,i061>i059|-,False,mặc định (quy đổi M15),train,"BTCUSDT,ETHUSDT,BNBUSDT,SOLUSDT,XRPUSDT",Bảng A tổ hợp kích hoạt + xác nhận,1
2026-10-10T01:29:39+00:00,N4a,N4a-i061>i059|--htf,i061>i059|-,True,mặc định (quy đổi M15),train,"BTCUSDT,ETHUSDT,BNBUSDT,SOLUSDT,XRPUSDT",Bảng A tổ hợp kích hoạt + xác nhận,1
2026-10-10T01:29:39+00:00,N4a,N4a-i061>i059|i064-nohtf,i061>i059|i064,False,mặc định (quy đổi M15),train,"BTCUSDT,ETHUSDT,BNBUSDT,SOLUSDT,XRPUSDT",Bảng A tổ hợp kích hoạt + xác nhận,1
2026-10-10T01:29:39+00:00,N4a,N4a-i061>i059|i064-htf,i061>i059|i064,True,mặc định (quy đổi M15),train,"BTCUSDT,ETHUSDT,BNBUSDT,SOLUSDT,XRPUSDT",Bảng A tổ hợp kích hoạt + xác nhận,1
2026-10-10T01:29:39+00:00,N4a,N4a-i061>i031|--nohtf,i061>i031|-,False,mặc định (quy đổi M15),train,"BTCUSDT,ETHUSDT,BNBUSDT,SOLUSDT,XRPUSDT",Bảng A tổ hợp kích hoạt + xác nhận,1
2026-10-10T01:29:39+00:00,N4a,N4a-i061>i031|--htf,i061>i031|-,True,mặc định (quy đổi M15),train,"BTCUSDT,ETHUSDT,BNBUSDT,SOLUSDT,XRPUSDT",Bảng A tổ hợp kích hoạt + xác nhận,1
2026-10-10T01:29:39+00:00,N4a,N4a-i061>i031|i064-nohtf,i061>i031|i064,False,mặc định (quy đổi M15),train,"BTCUSDT,ETHUSDT,BNBUSDT,SOLUSDT,XRPUSDT",Bảng A tổ hợp kích hoạt + xác nhận,1
2026-10-10T01:29:39+00:00,N4a,N4a-i061>i031|i064-htf,i061>i031|i064,True,mặc định (quy đổi M15),train,"BTCUSDT,ETHUSDT,BNBUSDT,SOLUSDT,XRPUSDT",Bảng A tổ hợp kích hoạt + xác nhận,1
2026-10-10T01:29:39+00:00,N4a,N4a-i061>i101|--nohtf,i061>i101|-,False,mặc định (quy đổi M15),train,"BTCUSDT,ETHUSDT,BNBUSDT,SOLUSDT,XRPUSDT",Bảng A tổ hợp kích hoạt + xác nhận,1
2026-10-10T01:29:39+00:00,N4a,N4a-i061>i101|--htf,i061>i101|-,True,mặc định (quy đổi M15),train,"BTCUSDT,ETHUSDT,BNBUSDT,SOLUSDT,XRPUSDT",Bảng A tổ hợp kích hoạt + xác nhận,1
2026-10-10T01:29:39+00:00,N4a,N4a-i061>i101|i064-nohtf,i061>i101|i064,False,mặc định (quy đổi M15),train,"BTCUSDT,ETHUSDT,BNBUSDT,SOLUSDT,XRPUSDT",Bảng A tổ hợp kích hoạt + xác nhận,1
2026-10-10T01:29:39+00:00,N4a,N4a-i061>i101|i064-htf,i061>i101|i064,True,mặc định (quy đổi M15),train,"BTCUSDT,ETHUSDT,BNBUSDT,SOLUSDT,XRPUSDT",Bảng A tổ hợp kích hoạt + xác nhận,1
2026-10-10T01:29:39+00:00,N4a,N4a-i061>i030|--nohtf,i061>i030|-,False,mặc định (quy đổi M15),train,"BTCUSDT,ETHUSDT,BNBUSDT,SOLUSDT,XRPUSDT",Bảng A tổ hợp kích hoạt + xác nhận,1
2026-10-10T01:29:39+00:00,N4a,N4a-i061>i030|--htf,i061>i030|-,True,mặc định (quy đổi M15),train,"BTCUSDT,ETHUSDT,BNBUSDT,SOLUSDT,XRPUSDT",Bảng A tổ hợp kích hoạt + xác nhận,1
2026-10-10T01:29:39+00:00,N4a,N4a-i061>i030|i064-nohtf,i061>i030|i064,False,mặc định (quy đổi M15),train,"BTCUSDT,ETHUSDT,BNBUSDT,SOLUSDT,XRPUSDT",Bảng A tổ hợp kích hoạt + xác nhận,1
2026-10-10T01:29:39+00:00,N4a,N4a-i061>i030|i064-htf,i061>i030|i064,True,mặc định (quy đổi M15),train,"BTCUSDT,ETHUSDT,BNBUSDT,SOLUSDT,XRPUSDT",Bảng A tổ hợp kích hoạt + xác nhận,1
2026-10-10T01:29:39+00:00,N4a,N4a-i061>i018|--nohtf,i061>i018|-,False,mặc định (quy đổi M15),train,"BTCUSDT,ETHUSDT,BNBUSDT,SOLUSDT,XRPUSDT",Bảng A tổ hợp kích hoạt + xác nhận,1
2026-10-10T01:29:39+00:00,N4a,N4a-i061>i018|--htf,i061>i018|-,True,mặc định (quy đổi M15),train,"BTCUSDT,ETHUSDT,BNBUSDT,SOLUSDT,XRPUSDT",Bảng A tổ hợp kích hoạt + xác nhận,1
2026-10-10T01:29:39+00:00,N4a,N4a-i061>i018|i064-nohtf,i061>i018|i064,False,mặc định (quy đổi M15),train,"BTCUSDT,ETHUSDT,BNBUSDT,SOLUSDT,XRPUSDT",Bảng A tổ hợp kích hoạt + xác nhận,1
2026-10-10T01:29:39+00:00,N4a,N4a-i061>i018|i064-htf,i061>i018|i064,True,mặc định (quy đổi M15),train,"BTCUSDT,ETHUSDT,BNBUSDT,SOLUSDT,XRPUSDT",Bảng A tổ hợp kích hoạt + xác nhận,1
2026-10-10T01:29:39+00:00,N4a,N4a-i061>i035|--nohtf,i061>i035|-,False,mặc định (quy đổi M15),train,"BTCUSDT,ETHUSDT,BNBUSDT,SOLUSDT,XRPUSDT",Bảng A tổ hợp kích hoạt + xác nhận,1
2026-10-10T01:29:39+00:00,N4a,N4a-i061>i035|--htf,i061>i035|-,True,mặc định (quy đổi M15),train,"BTCUSDT,ETHUSDT,BNBUSDT,SOLUSDT,XRPUSDT",Bảng A tổ hợp kích hoạt + xác nhận,1
2026-10-10T01:29:39+00:00,N4a,N4a-i061>i035|i064-nohtf,i061>i035|i064,False,mặc định (quy đổi M15),train,"BTCUSDT,ETHUSDT,BNBUSDT,SOLUSDT,XRPUSDT",Bảng A tổ hợp kích hoạt + xác nhận,1
2026-10-10T01:29:39+00:00,N4a,N4a-i061>i035|i064-htf,i061>i035|i064,True,mặc định (quy đổi M15),train,"BTCUSDT,ETHUSDT,BNBUSDT,SOLUSDT,XRPUSDT",Bảng A tổ hợp kích hoạt + xác nhận,1
2026-10-10T01:29:39+00:00,N4a,N4a-i061>i027+i024|--nohtf,i061>i027+i024|-,False,mặc định (quy đổi M15),train,"BTCUSDT,ETHUSDT,BNBUSDT,SOLUSDT,XRPUSDT",Bảng A tổ hợp kích hoạt + xác nhận,1
2026-10-10T01:29:39+00:00,N4a,N4a-i061>i027+i024|--htf,i061>i027+i024|-,True,mặc định (quy đổi M15),train,"BTCUSDT,ETHUSDT,BNBUSDT,SOLUSDT,XRPUSDT",Bảng A tổ hợp kích hoạt + xác nhận,1
2026-10-10T01:29:39+00:00,N4a,N4a-i061>i027+i024|i064-nohtf,i061>i027+i024|i064,False,mặc định (quy đổi M15),train,"BTCUSDT,ETHUSDT,BNBUSDT,SOLUSDT,XRPUSDT",Bảng A tổ hợp kích hoạt + xác nhận,1
2026-10-10T01:29:39+00:00,N4a,N4a-i061>i027+i024|i064-htf,i061>i027+i024|i064,True,mặc định (quy đổi M15),train,"BTCUSDT,ETHUSDT,BNBUSDT,SOLUSDT,XRPUSDT",Bảng A tổ hợp kích hoạt + xác nhận,1
2026-10-10T01:29:39+00:00,N4a,N4a-i061>i027+i034|--nohtf,i061>i027+i034|-,False,mặc định (quy đổi M15),train,"BTCUSDT,ETHUSDT,BNBUSDT,SOLUSDT,XRPUSDT",Bảng A tổ hợp kích hoạt + xác nhận,1
2026-10-10T01:29:39+00:00,N4a,N4a-i061>i027+i034|--htf,i061>i027+i034|-,True,mặc định (quy đổi M15),train,"BTCUSDT,ETHUSDT,BNBUSDT,SOLUSDT,XRPUSDT",Bảng A tổ hợp kích hoạt + xác nhận,1
2026-10-10T01:29:39+00:00,N4a,N4a-i061>i027+i034|i064-nohtf,i061>i027+i034|i064,False,mặc định (quy đổi M15),train,"BTCUSDT,ETHUSDT,BNBUSDT,SOLUSDT,XRPUSDT",Bảng A tổ hợp kích hoạt + xác nhận,1
2026-10-10T01:29:39+00:00,N4a,N4a-i061>i027+i034|i064-htf,i061>i027+i034|i064,True,mặc định (quy đổi M15),train,"BTCUSDT,ETHUSDT,BNBUSDT,SOLUSDT,XRPUSDT",Bảng A tổ hợp kích hoạt + xác nhận,1
2026-10-10T01:29:39+00:00,N4a,N4a-i061>i027+i059|--nohtf,i061>i027+i059|-,False,mặc định (quy đổi M15),train,"BTCUSDT,ETHUSDT,BNBUSDT,SOLUSDT,XRPUSDT",Bảng A tổ hợp kích hoạt + xác nhận,1
2026-10-10T01:29:39+00:00,N4a,N4a-i061>i027+i059|--htf,i061>i027+i059|-,True,mặc định (quy đổi M15),train,"BTCUSDT,ETHUSDT,BNBUSDT,SOLUSDT,XRPUSDT",Bảng A tổ hợp kích hoạt + xác nhận,1
2026-10-10T01:29:39+00:00,N4a,N4a-i061>i027+i059|i064-nohtf,i061>i027+i059|i064,False,mặc định (quy đổi M15),train,"BTCUSDT,ETHUSDT,BNBUSDT,SOLUSDT,XRPUSDT",Bảng A tổ hợp kích hoạt + xác nhận,1
2026-10-10T01:29:39+00:00,N4a,N4a-i061>i027+i059|i064-htf,i061>i027+i059|i064,True,mặc định (quy đổi M15),train,"BTCUSDT,ETHUSDT,BNBUSDT,SOLUSDT,XRPUSDT",Bảng A tổ hợp kích hoạt + xác nhận,1
2026-10-10T01:29:39+00:00,N4a,N4a-i061>i027+i031|--nohtf,i061>i027+i031|-,False,mặc định (quy đổi M15),train,"BTCUSDT,ETHUSDT,BNBUSDT,SOLUSDT,XRPUSDT",Bảng A tổ hợp kích hoạt + xác nhận,1
2026-10-10T01:29:39+00:00,N4a,N4a-i061>i027+i031|--htf,i061>i027+i031|-,True,mặc định (quy đổi M15),train,"BTCUSDT,ETHUSDT,BNBUSDT,SOLUSDT,XRPUSDT",Bảng A tổ hợp kích hoạt + xác nhận,1
2026-10-10T01:29:39+00:00,N4a,N4a-i061>i027+i031|i064-nohtf,i061>i027+i031|i064,False,mặc định (quy đổi M15),train,"BTCUSDT,ETHUSDT,BNBUSDT,SOLUSDT,XRPUSDT",Bảng A tổ hợp kích hoạt + xác nhận,1
2026-10-10T01:29:39+00:00,N4a,N4a-i061>i027+i031|i064-htf,i061>i027+i031|i064,True,mặc định (quy đổi M15),train,"BTCUSDT,ETHUSDT,BNBUSDT,SOLUSDT,XRPUSDT",Bảng A tổ hợp kích hoạt + xác nhận,1
2026-10-10T01:29:39+00:00,N4a,N4a-i061>i027+i101|--nohtf,i061>i027+i101|-,False,mặc định (quy đổi M15),train,"BTCUSDT,ETHUSDT,BNBUSDT,SOLUSDT,XRPUSDT",Bảng A tổ hợp kích hoạt + xác nhận,1
2026-10-10T01:29:39+00:00,N4a,N4a-i061>i027+i101|--htf,i061>i027+i101|-,True,mặc định (quy đổi M15),train,"BTCUSDT,ETHUSDT,BNBUSDT,SOLUSDT,XRPUSDT",Bảng A tổ hợp kích hoạt + xác nhận,1
2026-10-10T01:29:39+00:00,N4a,N4a-i061>i027+i101|i064-nohtf,i061>i027+i101|i064,False,mặc định (quy đổi M15),train,"BTCUSDT,ETHUSDT,BNBUSDT,SOLUSDT,XRPUSDT",Bảng A tổ hợp kích hoạt + xác nhận,1
2026-10-10T01:29:39+00:00,N4a,N4a-i061>i027+i101|i064-htf,i061>i027+i101|i064,True,mặc định (quy đổi M15),train,"BTCUSDT,ETHUSDT,BNBUSDT,SOLUSDT,XRPUSDT",Bảng A tổ hợp kích hoạt + xác nhận,1
2026-10-10T01:29:39+00:00,N4a,N4a-i061>i027+i030|--nohtf,i061>i027+i030|-,False,mặc định (quy đổi M15),train,"BTCUSDT,ETHUSDT,BNBUSDT,SOLUSDT,XRPUSDT",Bảng A tổ hợp kích hoạt + xác nhận,1
2026-10-10T01:29:39+00:00,N4a,N4a-i061>i027+i030|--htf,i061>i027+i030|-,True,mặc định (quy đổi M15),train,"BTCUSDT,ETHUSDT,BNBUSDT,SOLUSDT,XRPUSDT",Bảng A tổ hợp kích hoạt + xác nhận,1
2026-10-10T01:29:39+00:00,N4a,N4a-i061>i027+i030|i064-nohtf,i061>i027+i030|i064,False,mặc định (quy đổi M15),train,"BTCUSDT,ETHUSDT,BNBUSDT,SOLUSDT,XRPUSDT",Bảng A tổ hợp kích hoạt + xác nhận,1
2026-10-10T01:29:39+00:00,N4a,N4a-i061>i027+i030|i064-htf,i061>i027+i030|i064,True,mặc định (quy đổi M15),train,"BTCUSDT,ETHUSDT,BNBUSDT,SOLUSDT,XRPUSDT",Bảng A tổ hợp kích hoạt + xác nhận,1
2026-10-10T01:29:39+00:00,N4a,N4a-i061>i027+i018|--nohtf,i061>i027+i018|-,False,mặc định (quy đổi M15),train,"BTCUSDT,ETHUSDT,BNBUSDT,SOLUSDT,XRPUSDT",Bảng A tổ hợp kích hoạt + xác nhận,1
2026-10-10T01:29:39+00:00,N4a,N4a-i061>i027+i018|--htf,i061>i027+i018|-,True,mặc định (quy đổi M15),train,"BTCUSDT,ETHUSDT,BNBUSDT,SOLUSDT,XRPUSDT",Bảng A tổ hợp kích hoạt + xác nhận,1
2026-10-10T01:29:39+00:00,N4a,N4a-i061>i027+i018|i064-nohtf,i061>i027+i018|i064,False,mặc định (quy đổi M15),train,"BTCUSDT,ETHUSDT,BNBUSDT,SOLUSDT,XRPUSDT",Bảng A tổ hợp kích hoạt + xác nhận,1
2026-10-10T01:29:39+00:00,N4a,N4a-i061>i027+i018|i064-htf,i061>i027+i018|i064,True,mặc định (quy đổi M15),train,"BTCUSDT,ETHUSDT,BNBUSDT,SOLUSDT,XRPUSDT",Bảng A tổ hợp kích hoạt + xác nhận,1
2026-10-10T01:29:39+00:00,N4a,N4a-i061>i027+i035|--nohtf,i061>i027+i035|-,False,mặc định (quy đổi M15),train,"BTCUSDT,ETHUSDT,BNBUSDT,SOLUSDT,XRPUSDT",Bảng A tổ hợp kích hoạt + xác nhận,1
2026-10-10T01:29:39+00:00,N4a,N4a-i061>i027+i035|--htf,i061>i027+i035|-,True,mặc định (quy đổi M15),train,"BTCUSDT,ETHUSDT,BNBUSDT,SOLUSDT,XRPUSDT",Bảng A tổ hợp kích hoạt + xác nhận,1
2026-10-10T01:29:39+00:00,N4a,N4a-i061>i027+i035|i064-nohtf,i061>i027+i035|i064,False,mặc định (quy đổi M15),train,"BTCUSDT,ETHUSDT,BNBUSDT,SOLUSDT,XRPUSDT",Bảng A tổ hợp kích hoạt + xác nhận,1
2026-10-10T01:29:39+00:00,N4a,N4a-i061>i027+i035|i064-htf,i061>i027+i035|i064,True,mặc định (quy đổi M15),train,"BTCUSDT,ETHUSDT,BNBUSDT,SOLUSDT,XRPUSDT",Bảng A tổ hợp kích hoạt + xác nhận,1
2026-10-10T01:29:39+00:00,N4a,N4a-i061>i024+i034|--nohtf,i061>i024+i034|-,False,mặc định (quy đổi M15),train,"BTCUSDT,ETHUSDT,BNBUSDT,SOLUSDT,XRPUSDT",Bảng A tổ hợp kích hoạt + xác nhận,1
2026-10-10T01:29:39+00:00,N4a,N4a-i061>i024+i034|--htf,i061>i024+i034|-,True,mặc định (quy đổi M15),train,"BTCUSDT,ETHUSDT,BNBUSDT,SOLUSDT,XRPUSDT",Bảng A tổ hợp kích hoạt + xác nhận,1
2026-10-10T01:29:39+00:00,N4a,N4a-i061>i024+i034|i064-nohtf,i061>i024+i034|i064,False,mặc định (quy đổi M15),train,"BTCUSDT,ETHUSDT,BNBUSDT,SOLUSDT,XRPUSDT",Bảng A tổ hợp kích hoạt + xác nhận,1
2026-10-10T01:29:39+00:00,N4a,N4a-i061>i024+i034|i064-htf,i061>i024+i034|i064,True,mặc định (quy đổi M15),train,"BTCUSDT,ETHUSDT,BNBUSDT,SOLUSDT,XRPUSDT",Bảng A tổ hợp kích hoạt + xác nhận,1
2026-10-10T01:29:39+00:00,N4a,N4a-i061>i024+i059|--nohtf,i061>i024+i059|-,False,mặc định (quy đổi M15),train,"BTCUSDT,ETHUSDT,BNBUSDT,SOLUSDT,XRPUSDT",Bảng A tổ hợp kích hoạt + xác nhận,1
2026-10-10T01:29:39+00:00,N4a,N4a-i061>i024+i059|--htf,i061>i024+i059|-,True,mặc định (quy đổi M15),train,"BTCUSDT,ETHUSDT,BNBUSDT,SOLUSDT,XRPUSDT",Bảng A tổ hợp kích hoạt + xác nhận,1
2026-10-10T01:29:39+00:00,N4a,N4a-i061>i024+i059|i064-nohtf,i061>i024+i059|i064,False,mặc định (quy đổi M15),train,"BTCUSDT,ETHUSDT,BNBUSDT,SOLUSDT,XRPUSDT",Bảng A tổ hợp kích hoạt + xác nhận,1
2026-10-10T01:29:39+00:00,N4a,N4a-i061>i024+i059|i064-htf,i061>i024+i059|i064,True,mặc định (quy đổi M15),train,"BTCUSDT,ETHUSDT,BNBUSDT,SOLUSDT,XRPUSDT",Bảng A tổ hợp kích hoạt + xác nhận,1
2026-10-10T01:29:39+00:00,N4a,N4a-i061>i024+i031|--nohtf,i061>i024+i031|-,False,mặc định (quy đổi M15),train,"BTCUSDT,ETHUSDT,BNBUSDT,SOLUSDT,XRPUSDT",Bảng A tổ hợp kích hoạt + xác nhận,1
2026-10-10T01:29:39+00:00,N4a,N4a-i061>i024+i031|--htf,i061>i024+i031|-,True,mặc định (quy đổi M15),train,"BTCUSDT,ETHUSDT,BNBUSDT,SOLUSDT,XRPUSDT",Bảng A tổ hợp kích hoạt + xác nhận,1
2026-10-10T01:29:39+00:00,N4a,N4a-i061>i024+i031|i064-nohtf,i061>i024+i031|i064,False,mặc định (quy đổi M15),train,"BTCUSDT,ETHUSDT,BNBUSDT,SOLUSDT,XRPUSDT",Bảng A tổ hợp kích hoạt + xác nhận,1
2026-10-10T01:29:39+00:00,N4a,N4a-i061>i024+i031|i064-htf,i061>i024+i031|i064,True,mặc định (quy đổi M15),train,"BTCUSDT,ETHUSDT,BNBUSDT,SOLUSDT,XRPUSDT",Bảng A tổ hợp kích hoạt + xác nhận,1
2026-10-10T01:29:39+00:00,N4a,N4a-i061>i024+i101|--nohtf,i061>i024+i101|-,False,mặc định (quy đổi M15),train,"BTCUSDT,ETHUSDT,BNBUSDT,SOLUSDT,XRPUSDT",Bảng A tổ hợp kích hoạt + xác nhận,1
2026-10-10T01:29:39+00:00,N4a,N4a-i061>i024+i101|--htf,i061>i024+i101|-,True,mặc định (quy đổi M15),train,"BTCUSDT,ETHUSDT,BNBUSDT,SOLUSDT,XRPUSDT",Bảng A tổ hợp kích hoạt + xác nhận,1
2026-10-10T01:29:39+00:00,N4a,N4a-i061>i024+i101|i064-nohtf,i061>i024+i101|i064,False,mặc định (quy đổi M15),train,"BTCUSDT,ETHUSDT,BNBUSDT,SOLUSDT,XRPUSDT",Bảng A tổ hợp kích hoạt + xác nhận,1
2026-10-10T01:29:39+00:00,N4a,N4a-i061>i024+i101|i064-htf,i061>i024+i101|i064,True,mặc định (quy đổi M15),train,"BTCUSDT,ETHUSDT,BNBUSDT,SOLUSDT,XRPUSDT",Bảng A tổ hợp kích hoạt + xác nhận,1
2026-10-10T01:29:39+00:00,N4a,N4a-i061>i024+i030|--nohtf,i061>i024+i030|-,False,mặc định (quy đổi M15),train,"BTCUSDT,ETHUSDT,BNBUSDT,SOLUSDT,XRPUSDT",Bảng A tổ hợp kích hoạt + xác nhận,1
2026-10-10T01:29:39+00:00,N4a,N4a-i061>i024+i030|--htf,i061>i024+i030|-,True,mặc định (quy đổi M15),train,"BTCUSDT,ETHUSDT,BNBUSDT,SOLUSDT,XRPUSDT",Bảng A tổ hợp kích hoạt + xác nhận,1
2026-10-10T01:29:39+00:00,N4a,N4a-i061>i024+i030|i064-nohtf,i061>i024+i030|i064,False,mặc định (quy đổi M15),train,"BTCUSDT,ETHUSDT,BNBUSDT,SOLUSDT,XRPUSDT",Bảng A tổ hợp kích hoạt + xác nhận,1
2026-10-10T01:29:39+00:00,N4a,N4a-i061>i024+i030|i064-htf,i061>i024+i030|i064,True,mặc định (quy đổi M15),train,"BTCUSDT,ETHUSDT,BNBUSDT,SOLUSDT,XRPUSDT",Bảng A tổ hợp kích hoạt + xác nhận,1
2026-10-10T01:29:39+00:00,N4a,N4a-i061>i024+i018|--nohtf,i061>i024+i018|-,False,mặc định (quy đổi M15),train,"BTCUSDT,ETHUSDT,BNBUSDT,SOLUSDT,XRPUSDT",Bảng A tổ hợp kích hoạt + xác nhận,1
2026-10-10T01:29:39+00:00,N4a,N4a-i061>i024+i018|--htf,i061>i024+i018|-,True,mặc định (quy đổi M15),train,"BTCUSDT,ETHUSDT,BNBUSDT,SOLUSDT,XRPUSDT",Bảng A tổ hợp kích hoạt + xác nhận,1
2026-10-10T01:29:39+00:00,N4a,N4a-i061>i024+i018|i064-nohtf,i061>i024+i018|i064,False,mặc định (quy đổi M15),train,"BTCUSDT,ETHUSDT,BNBUSDT,SOLUSDT,XRPUSDT",Bảng A tổ hợp kích hoạt + xác nhận,1
2026-10-10T01:29:39+00:00,N4a,N4a-i061>i024+i018|i064-htf,i061>i024+i018|i064,True,mặc định (quy đổi M15),train,"BTCUSDT,ETHUSDT,BNBUSDT,SOLUSDT,XRPUSDT",Bảng A tổ hợp kích hoạt + xác nhận,1
2026-10-10T01:29:39+00:00,N4a,N4a-i061>i024+i035|--nohtf,i061>i024+i035|-,False,mặc định (quy đổi M15),train,"BTCUSDT,ETHUSDT,BNBUSDT,SOLUSDT,XRPUSDT",Bảng A tổ hợp kích hoạt + xác nhận,1
2026-10-10T01:29:39+00:00,N4a,N4a-i061>i024+i035|--htf,i061>i024+i035|-,True,mặc định (quy đổi M15),train,"BTCUSDT,ETHUSDT,BNBUSDT,SOLUSDT,XRPUSDT",Bảng A tổ hợp kích hoạt + xác nhận,1
2026-10-10T01:29:39+00:00,N4a,N4a-i061>i024+i035|i064-nohtf,i061>i024+i035|i064,False,mặc định (quy đổi M15),train,"BTCUSDT,ETHUSDT,BNBUSDT,SOLUSDT,XRPUSDT",Bảng A tổ hợp kích hoạt + xác nhận,1
2026-10-10T01:29:39+00:00,N4a,N4a-i061>i024+i035|i064-htf,i061>i024+i035|i064,True,mặc định (quy đổi M15),train,"BTCUSDT,ETHUSDT,BNBUSDT,SOLUSDT,XRPUSDT",Bảng A tổ hợp kích hoạt + xác nhận,1
2026-10-10T01:29:39+00:00,N4a,N4a-i061>i034+i059|--nohtf,i061>i034+i059|-,False,mặc định (quy đổi M15),train,"BTCUSDT,ETHUSDT,BNBUSDT,SOLUSDT,XRPUSDT",Bảng A tổ hợp kích hoạt + xác nhận,1
2026-10-10T01:29:39+00:00,N4a,N4a-i061>i034+i059|--htf,i061>i034+i059|-,True,mặc định (quy đổi M15),train,"BTCUSDT,ETHUSDT,BNBUSDT,SOLUSDT,XRPUSDT",Bảng A tổ hợp kích hoạt + xác nhận,1
2026-10-10T01:29:39+00:00,N4a,N4a-i061>i034+i059|i064-nohtf,i061>i034+i059|i064,False,mặc định (quy đổi M15),train,"BTCUSDT,ETHUSDT,BNBUSDT,SOLUSDT,XRPUSDT",Bảng A tổ hợp kích hoạt + xác nhận,1
2026-10-10T01:29:39+00:00,N4a,N4a-i061>i034+i059|i064-htf,i061>i034+i059|i064,True,mặc định (quy đổi M15),train,"BTCUSDT,ETHUSDT,BNBUSDT,SOLUSDT,XRPUSDT",Bảng A tổ hợp kích hoạt + xác nhận,1
2026-10-10T01:29:39+00:00,N4a,N4a-i061>i034+i031|--nohtf,i061>i034+i031|-,False,mặc định (quy đổi M15),train,"BTCUSDT,ETHUSDT,BNBUSDT,SOLUSDT,XRPUSDT",Bảng A tổ hợp kích hoạt + xác nhận,1
2026-10-10T01:29:39+00:00,N4a,N4a-i061>i034+i031|--htf,i061>i034+i031|-,True,mặc định (quy đổi M15),train,"BTCUSDT,ETHUSDT,BNBUSDT,SOLUSDT,XRPUSDT",Bảng A tổ hợp kích hoạt + xác nhận,1
2026-10-10T01:29:39+00:00,N4a,N4a-i061>i034+i031|i064-nohtf,i061>i034+i031|i064,False,mặc định (quy đổi M15),train,"BTCUSDT,ETHUSDT,BNBUSDT,SOLUSDT,XRPUSDT",Bảng A tổ hợp kích hoạt + xác nhận,1
2026-10-10T01:29:39+00:00,N4a,N4a-i061>i034+i031|i064-htf,i061>i034+i031|i064,True,mặc định (quy đổi M15),train,"BTCUSDT,ETHUSDT,BNBUSDT,SOLUSDT,XRPUSDT",Bảng A tổ hợp kích hoạt + xác nhận,1
2026-10-10T01:29:39+00:00,N4a,N4a-i061>i034+i101|--nohtf,i061>i034+i101|-,False,mặc định (quy đổi M15),train,"BTCUSDT,ETHUSDT,BNBUSDT,SOLUSDT,XRPUSDT",Bảng A tổ hợp kích hoạt + xác nhận,1
2026-10-10T01:29:39+00:00,N4a,N4a-i061>i034+i101|--htf,i061>i034+i101|-,True,mặc định (quy đổi M15),train,"BTCUSDT,ETHUSDT,BNBUSDT,SOLUSDT,XRPUSDT",Bảng A tổ hợp kích hoạt + xác nhận,1
2026-10-10T01:29:39+00:00,N4a,N4a-i061>i034+i101|i064-nohtf,i061>i034+i101|i064,False,mặc định (quy đổi M15),train,"BTCUSDT,ETHUSDT,BNBUSDT,SOLUSDT,XRPUSDT",Bảng A tổ hợp kích hoạt + xác nhận,1
2026-10-10T01:29:39+00:00,N4a,N4a-i061>i034+i101|i064-htf,i061>i034+i101|i064,True,mặc định (quy đổi M15),train,"BTCUSDT,ETHUSDT,BNBUSDT,SOLUSDT,XRPUSDT",Bảng A tổ hợp kích hoạt + xác nhận,1
2026-10-10T01:29:39+00:00,N4a,N4a-i061>i034+i030|--nohtf,i061>i034+i030|-,False,mặc định (quy đổi M15),train,"BTCUSDT,ETHUSDT,BNBUSDT,SOLUSDT,XRPUSDT",Bảng A tổ hợp kích hoạt + xác nhận,1
2026-10-10T01:29:39+00:00,N4a,N4a-i061>i034+i030|--htf,i061>i034+i030|-,True,mặc định (quy đổi M15),train,"BTCUSDT,ETHUSDT,BNBUSDT,SOLUSDT,XRPUSDT",Bảng A tổ hợp kích hoạt + xác nhận,1
2026-10-10T01:29:39+00:00,N4a,N4a-i061>i034+i030|i064-nohtf,i061>i034+i030|i064,False,mặc định (quy đổi M15),train,"BTCUSDT,ETHUSDT,BNBUSDT,SOLUSDT,XRPUSDT",Bảng A tổ hợp kích hoạt + xác nhận,1
2026-10-10T01:29:39+00:00,N4a,N4a-i061>i034+i030|i064-htf,i061>i034+i030|i064,True,mặc định (quy đổi M15),train,"BTCUSDT,ETHUSDT,BNBUSDT,SOLUSDT,XRPUSDT",Bảng A tổ hợp kích hoạt + xác nhận,1
2026-10-10T01:29:39+00:00,N4a,N4a-i061>i034+i018|--nohtf,i061>i034+i018|-,False,mặc định (quy đổi M15),train,"BTCUSDT,ETHUSDT,BNBUSDT,SOLUSDT,XRPUSDT",Bảng A tổ hợp kích hoạt + xác nhận,1
2026-10-10T01:29:39+00:00,N4a,N4a-i061>i034+i018|--htf,i061>i034+i018|-,True,mặc định (quy đổi M15),train,"BTCUSDT,ETHUSDT,BNBUSDT,SOLUSDT,XRPUSDT",Bảng A tổ hợp kích hoạt + xác nhận,1
2026-10-10T01:29:39+00:00,N4a,N4a-i061>i034+i018|i064-nohtf,i061>i034+i018|i064,False,mặc định (quy đổi M15),train,"BTCUSDT,ETHUSDT,BNBUSDT,SOLUSDT,XRPUSDT",Bảng A tổ hợp kích hoạt + xác nhận,1
2026-10-10T01:29:39+00:00,N4a,N4a-i061>i034+i018|i064-htf,i061>i034+i018|i064,True,mặc định (quy đổi M15),train,"BTCUSDT,ETHUSDT,BNBUSDT,SOLUSDT,XRPUSDT",Bảng A tổ hợp kích hoạt + xác nhận,1
2026-10-10T01:29:39+00:00,N4a,N4a-i061>i034+i035|--nohtf,i061>i034+i035|-,False,mặc định (quy đổi M15),train,"BTCUSDT,ETHUSDT,BNBUSDT,SOLUSDT,XRPUSDT",Bảng A tổ hợp kích hoạt + xác nhận,1
2026-10-10T01:29:39+00:00,N4a,N4a-i061>i034+i035|--htf,i061>i034+i035|-,True,mặc định (quy đổi M15),train,"BTCUSDT,ETHUSDT,BNBUSDT,SOLUSDT,XRPUSDT",Bảng A tổ hợp kích hoạt + xác nhận,1
2026-10-10T01:29:39+00:00,N4a,N4a-i061>i034+i035|i064-nohtf,i061>i034+i035|i064,False,mặc định (quy đổi M15),train,"BTCUSDT,ETHUSDT,BNBUSDT,SOLUSDT,XRPUSDT",Bảng A tổ hợp kích hoạt + xác nhận,1
2026-10-10T01:29:39+00:00,N4a,N4a-i061>i034+i035|i064-htf,i061>i034+i035|i064,True,mặc định (quy đổi M15),train,"BTCUSDT,ETHUSDT,BNBUSDT,SOLUSDT,XRPUSDT",Bảng A tổ hợp kích hoạt + xác nhận,1
2026-10-10T01:29:39+00:00,N4a,N4a-i061>i059+i031|--nohtf,i061>i059+i031|-,False,mặc định (quy đổi M15),train,"BTCUSDT,ETHUSDT,BNBUSDT,SOLUSDT,XRPUSDT",Bảng A tổ hợp kích hoạt + xác nhận,1
2026-10-10T01:29:39+00:00,N4a,N4a-i061>i059+i031|--htf,i061>i059+i031|-,True,mặc định (quy đổi M15),train,"BTCUSDT,ETHUSDT,BNBUSDT,SOLUSDT,XRPUSDT",Bảng A tổ hợp kích hoạt + xác nhận,1
2026-10-10T01:29:39+00:00,N4a,N4a-i061>i059+i031|i064-nohtf,i061>i059+i031|i064,False,mặc định (quy đổi M15),train,"BTCUSDT,ETHUSDT,BNBUSDT,SOLUSDT,XRPUSDT",Bảng A tổ hợp kích hoạt + xác nhận,1
2026-10-10T01:29:39+00:00,N4a,N4a-i061>i059+i031|i064-htf,i061>i059+i031|i064,True,mặc định (quy đổi M15),train,"BTCUSDT,ETHUSDT,BNBUSDT,SOLUSDT,XRPUSDT",Bảng A tổ hợp kích hoạt + xác nhận,1
2026-10-10T01:29:39+00:00,N4a,N4a-i061>i059+i101|--nohtf,i061>i059+i101|-,False,mặc định (quy đổi M15),train,"BTCUSDT,ETHUSDT,BNBUSDT,SOLUSDT,XRPUSDT",Bảng A tổ hợp kích hoạt + xác nhận,1
2026-10-10T01:29:39+00:00,N4a,N4a-i061>i059+i101|--htf,i061>i059+i101|-,True,mặc định (quy đổi M15),train,"BTCUSDT,ETHUSDT,BNBUSDT,SOLUSDT,XRPUSDT",Bảng A tổ hợp kích hoạt + xác nhận,1
2026-10-10T01:29:39+00:00,N4a,N4a-i061>i059+i101|i064-nohtf,i061>i059+i101|i064,False,mặc định (quy đổi M15),train,"BTCUSDT,ETHUSDT,BNBUSDT,SOLUSDT,XRPUSDT",Bảng A tổ hợp kích hoạt + xác nhận,1
2026-10-10T01:29:39+00:00,N4a,N4a-i061>i059+i101|i064-htf,i061>i059+i101|i064,True,mặc định (quy đổi M15),train,"BTCUSDT,ETHUSDT,BNBUSDT,SOLUSDT,XRPUSDT",Bảng A tổ hợp kích hoạt + xác nhận,1
2026-10-10T01:29:39+00:00,N4a,N4a-i061>i059+i030|--nohtf,i061>i059+i030|-,False,mặc định (quy đổi M15),train,"BTCUSDT,ETHUSDT,BNBUSDT,SOLUSDT,XRPUSDT",Bảng A tổ hợp kích hoạt + xác nhận,1
2026-10-10T01:29:39+00:00,N4a,N4a-i061>i059+i030|--htf,i061>i059+i030|-,True,mặc định (quy đổi M15),train,"BTCUSDT,ETHUSDT,BNBUSDT,SOLUSDT,XRPUSDT",Bảng A tổ hợp kích hoạt + xác nhận,1
2026-10-10T01:29:39+00:00,N4a,N4a-i061>i059+i030|i064-nohtf,i061>i059+i030|i064,False,mặc định (quy đổi M15),train,"BTCUSDT,ETHUSDT,BNBUSDT,SOLUSDT,XRPUSDT",Bảng A tổ hợp kích hoạt + xác nhận,1
2026-10-10T01:29:39+00:00,N4a,N4a-i061>i059+i030|i064-htf,i061>i059+i030|i064,True,mặc định (quy đổi M15),train,"BTCUSDT,ETHUSDT,BNBUSDT,SOLUSDT,XRPUSDT",Bảng A tổ hợp kích hoạt + xác nhận,1
2026-10-10T01:29:39+00:00,N4a,N4a-i061>i059+i018|--nohtf,i061>i059+i018|-,False,mặc định (quy đổi M15),train,"BTCUSDT,ETHUSDT,BNBUSDT,SOLUSDT,XRPUSDT",Bảng A tổ hợp kích hoạt + xác nhận,1
2026-10-10T01:29:39+00:00,N4a,N4a-i061>i059+i018|--htf,i061>i059+i018|-,True,mặc định (quy đổi M15),train,"BTCUSDT,ETHUSDT,BNBUSDT,SOLUSDT,XRPUSDT",Bảng A tổ hợp kích hoạt + xác nhận,1
2026-10-10T01:29:39+00:00,N4a,N4a-i061>i059+i018|i064-nohtf,i061>i059+i018|i064,False,mặc định (quy đổi M15),train,"BTCUSDT,ETHUSDT,BNBUSDT,SOLUSDT,XRPUSDT",Bảng A tổ hợp kích hoạt + xác nhận,1
2026-10-10T01:29:39+00:00,N4a,N4a-i061>i059+i018|i064-htf,i061>i059+i018|i064,True,mặc định (quy đổi M15),train,"BTCUSDT,ETHUSDT,BNBUSDT,SOLUSDT,XRPUSDT",Bảng A tổ hợp kích hoạt + xác nhận,1
2026-10-10T01:29:39+00:00,N4a,N4a-i061>i059+i035|--nohtf,i061>i059+i035|-,False,mặc định (quy đổi M15),train,"BTCUSDT,ETHUSDT,BNBUSDT,SOLUSDT,XRPUSDT",Bảng A tổ hợp kích hoạt + xác nhận,1
2026-10-10T01:29:39+00:00,N4a,N4a-i061>i059+i035|--htf,i061>i059+i035|-,True,mặc định (quy đổi M15),train,"BTCUSDT,ETHUSDT,BNBUSDT,SOLUSDT,XRPUSDT",Bảng A tổ hợp kích hoạt + xác nhận,1
2026-10-10T01:29:39+00:00,N4a,N4a-i061>i059+i035|i064-nohtf,i061>i059+i035|i064,False,mặc định (quy đổi M15),train,"BTCUSDT,ETHUSDT,BNBUSDT,SOLUSDT,XRPUSDT",Bảng A tổ hợp kích hoạt + xác nhận,1
2026-10-10T01:29:39+00:00,N4a,N4a-i061>i059+i035|i064-htf,i061>i059+i035|i064,True,mặc định (quy đổi M15),train,"BTCUSDT,ETHUSDT,BNBUSDT,SOLUSDT,XRPUSDT",Bảng A tổ hợp kích hoạt + xác nhận,1
2026-10-10T01:29:39+00:00,N4a,N4a-i061>i031+i101|--nohtf,i061>i031+i101|-,False,mặc định (quy đổi M15),train,"BTCUSDT,ETHUSDT,BNBUSDT,SOLUSDT,XRPUSDT",Bảng A tổ hợp kích hoạt + xác nhận,1
2026-10-10T01:29:39+00:00,N4a,N4a-i061>i031+i101|--htf,i061>i031+i101|-,True,mặc định (quy đổi M15),train,"BTCUSDT,ETHUSDT,BNBUSDT,SOLUSDT,XRPUSDT",Bảng A tổ hợp kích hoạt + xác nhận,1
2026-10-10T01:29:39+00:00,N4a,N4a-i061>i031+i101|i064-nohtf,i061>i031+i101|i064,False,mặc định (quy đổi M15),train,"BTCUSDT,ETHUSDT,BNBUSDT,SOLUSDT,XRPUSDT",Bảng A tổ hợp kích hoạt + xác nhận,1
2026-10-10T01:29:39+00:00,N4a,N4a-i061>i031+i101|i064-htf,i061>i031+i101|i064,True,mặc định (quy đổi M15),train,"BTCUSDT,ETHUSDT,BNBUSDT,SOLUSDT,XRPUSDT",Bảng A tổ hợp kích hoạt + xác nhận,1
2026-10-10T01:29:39+00:00,N4a,N4a-i061>i031+i030|--nohtf,i061>i031+i030|-,False,mặc định (quy đổi M15),train,"BTCUSDT,ETHUSDT,BNBUSDT,SOLUSDT,XRPUSDT",Bảng A tổ hợp kích hoạt + xác nhận,1
2026-10-10T01:29:39+00:00,N4a,N4a-i061>i031+i030|--htf,i061>i031+i030|-,True,mặc định (quy đổi M15),train,"BTCUSDT,ETHUSDT,BNBUSDT,SOLUSDT,XRPUSDT",Bảng A tổ hợp kích hoạt + xác nhận,1
2026-10-10T01:29:39+00:00,N4a,N4a-i061>i031+i030|i064-nohtf,i061>i031+i030|i064,False,mặc định (quy đổi M15),train,"BTCUSDT,ETHUSDT,BNBUSDT,SOLUSDT,XRPUSDT",Bảng A tổ hợp kích hoạt + xác nhận,1
2026-10-10T01:29:39+00:00,N4a,N4a-i061>i031+i030|i064-htf,i061>i031+i030|i064,True,mặc định (quy đổi M15),train,"BTCUSDT,ETHUSDT,BNBUSDT,SOLUSDT,XRPUSDT",Bảng A tổ hợp kích hoạt + xác nhận,1
2026-10-10T01:29:39+00:00,N4a,N4a-i061>i031+i018|--nohtf,i061>i031+i018|-,False,mặc định (quy đổi M15),train,"BTCUSDT,ETHUSDT,BNBUSDT,SOLUSDT,XRPUSDT",Bảng A tổ hợp kích hoạt + xác nhận,1
2026-10-10T01:29:39+00:00,N4a,N4a-i061>i031+i018|--htf,i061>i031+i018|-,True,mặc định (quy đổi M15),train,"BTCUSDT,ETHUSDT,BNBUSDT,SOLUSDT,XRPUSDT",Bảng A tổ hợp kích hoạt + xác nhận,1
2026-10-10T01:29:39+00:00,N4a,N4a-i061>i031+i018|i064-nohtf,i061>i031+i018|i064,False,mặc định (quy đổi M15),train,"BTCUSDT,ETHUSDT,BNBUSDT,SOLUSDT,XRPUSDT",Bảng A tổ hợp kích hoạt + xác nhận,1
2026-10-10T01:29:39+00:00,N4a,N4a-i061>i031+i018|i064-htf,i061>i031+i018|i064,True,mặc định (quy đổi M15),train,"BTCUSDT,ETHUSDT,BNBUSDT,SOLUSDT,XRPUSDT",Bảng A tổ hợp kích hoạt + xác nhận,1
2026-10-10T01:29:39+00:00,N4a,N4a-i061>i031+i035|--nohtf,i061>i031+i035|-,False,mặc định (quy đổi M15),train,"BTCUSDT,ETHUSDT,BNBUSDT,SOLUSDT,XRPUSDT",Bảng A tổ hợp kích hoạt + xác nhận,1
2026-10-10T01:29:39+00:00,N4a,N4a-i061>i031+i035|--htf,i061>i031+i035|-,True,mặc định (quy đổi M15),train,"BTCUSDT,ETHUSDT,BNBUSDT,SOLUSDT,XRPUSDT",Bảng A tổ hợp kích hoạt + xác nhận,1
2026-10-10T01:29:39+00:00,N4a,N4a-i061>i031+i035|i064-nohtf,i061>i031+i035|i064,False,mặc định (quy đổi M15),train,"BTCUSDT,ETHUSDT,BNBUSDT,SOLUSDT,XRPUSDT",Bảng A tổ hợp kích hoạt + xác nhận,1
2026-10-10T01:29:39+00:00,N4a,N4a-i061>i031+i035|i064-htf,i061>i031+i035|i064,True,mặc định (quy đổi M15),train,"BTCUSDT,ETHUSDT,BNBUSDT,SOLUSDT,XRPUSDT",Bảng A tổ hợp kích hoạt + xác nhận,1
2026-10-10T01:29:39+00:00,N4a,N4a-i061>i101+i030|--nohtf,i061>i101+i030|-,False,mặc định (quy đổi M15),train,"BTCUSDT,ETHUSDT,BNBUSDT,SOLUSDT,XRPUSDT",Bảng A tổ hợp kích hoạt + xác nhận,1
2026-10-10T01:29:39+00:00,N4a,N4a-i061>i101+i030|--htf,i061>i101+i030|-,True,mặc định (quy đổi M15),train,"BTCUSDT,ETHUSDT,BNBUSDT,SOLUSDT,XRPUSDT",Bảng A tổ hợp kích hoạt + xác nhận,1
2026-10-10T01:29:39+00:00,N4a,N4a-i061>i101+i030|i064-nohtf,i061>i101+i030|i064,False,mặc định (quy đổi M15),train,"BTCUSDT,ETHUSDT,BNBUSDT,SOLUSDT,XRPUSDT",Bảng A tổ hợp kích hoạt + xác nhận,1
2026-10-10T01:29:39+00:00,N4a,N4a-i061>i101+i030|i064-htf,i061>i101+i030|i064,True,mặc định (quy đổi M15),train,"BTCUSDT,ETHUSDT,BNBUSDT,SOLUSDT,XRPUSDT",Bảng A tổ hợp kích hoạt + xác nhận,1
2026-10-10T01:29:39+00:00,N4a,N4a-i061>i101+i018|--nohtf,i061>i101+i018|-,False,mặc định (quy đổi M15),train,"BTCUSDT,ETHUSDT,BNBUSDT,SOLUSDT,XRPUSDT",Bảng A tổ hợp kích hoạt + xác nhận,1
2026-10-10T01:29:39+00:00,N4a,N4a-i061>i101+i018|--htf,i061>i101+i018|-,True,mặc định (quy đổi M15),train,"BTCUSDT,ETHUSDT,BNBUSDT,SOLUSDT,XRPUSDT",Bảng A tổ hợp kích hoạt + xác nhận,1
2026-10-10T01:29:39+00:00,N4a,N4a-i061>i101+i018|i064-nohtf,i061>i101+i018|i064,False,mặc định (quy đổi M15),train,"BTCUSDT,ETHUSDT,BNBUSDT,SOLUSDT,XRPUSDT",Bảng A tổ hợp kích hoạt + xác nhận,1
2026-10-10T01:29:39+00:00,N4a,N4a-i061>i101+i018|i064-htf,i061>i101+i018|i064,True,mặc định (quy đổi M15),train,"BTCUSDT,ETHUSDT,BNBUSDT,SOLUSDT,XRPUSDT",Bảng A tổ hợp kích hoạt + xác nhận,1
2026-10-10T01:29:39+00:00,N4a,N4a-i061>i101+i035|--nohtf,i061>i101+i035|-,False,mặc định (quy đổi M15),train,"BTCUSDT,ETHUSDT,BNBUSDT,SOLUSDT,XRPUSDT",Bảng A tổ hợp kích hoạt + xác nhận,1
2026-10-10T01:29:39+00:00,N4a,N4a-i061>i101+i035|--htf,i061>i101+i035|-,True,mặc định (quy đổi M15),train,"BTCUSDT,ETHUSDT,BNBUSDT,SOLUSDT,XRPUSDT",Bảng A tổ hợp kích hoạt + xác nhận,1
2026-10-10T01:29:39+00:00,N4a,N4a-i061>i101+i035|i064-nohtf,i061>i101+i035|i064,False,mặc định (quy đổi M15),train,"BTCUSDT,ETHUSDT,BNBUSDT,SOLUSDT,XRPUSDT",Bảng A tổ hợp kích hoạt + xác nhận,1
2026-10-10T01:29:39+00:00,N4a,N4a-i061>i101+i035|i064-htf,i061>i101+i035|i064,True,mặc định (quy đổi M15),train,"BTCUSDT,ETHUSDT,BNBUSDT,SOLUSDT,XRPUSDT",Bảng A tổ hợp kích hoạt + xác nhận,1
2026-10-10T01:29:39+00:00,N4a,N4a-i061>i030+i018|--nohtf,i061>i030+i018|-,False,mặc định (quy đổi M15),train,"BTCUSDT,ETHUSDT,BNBUSDT,SOLUSDT,XRPUSDT",Bảng A tổ hợp kích hoạt + xác nhận,1
2026-10-10T01:29:39+00:00,N4a,N4a-i061>i030+i018|--htf,i061>i030+i018|-,True,mặc định (quy đổi M15),train,"BTCUSDT,ETHUSDT,BNBUSDT,SOLUSDT,XRPUSDT",Bảng A tổ hợp kích hoạt + xác nhận,1
2026-10-10T01:29:39+00:00,N4a,N4a-i061>i030+i018|i064-nohtf,i061>i030+i018|i064,False,mặc định (quy đổi M15),train,"BTCUSDT,ETHUSDT,BNBUSDT,SOLUSDT,XRPUSDT",Bảng A tổ hợp kích hoạt + xác nhận,1
2026-10-10T01:29:39+00:00,N4a,N4a-i061>i030+i018|i064-htf,i061>i030+i018|i064,True,mặc định (quy đổi M15),train,"BTCUSDT,ETHUSDT,BNBUSDT,SOLUSDT,XRPUSDT",Bảng A tổ hợp kích hoạt + xác nhận,1
2026-10-10T01:29:39+00:00,N4a,N4a-i061>i030+i035|--nohtf,i061>i030+i035|-,False,mặc định (quy đổi M15),train,"BTCUSDT,ETHUSDT,BNBUSDT,SOLUSDT,XRPUSDT",Bảng A tổ hợp kích hoạt + xác nhận,1
2026-10-10T01:29:39+00:00,N4a,N4a-i061>i030+i035|--htf,i061>i030+i035|-,True,mặc định (quy đổi M15),train,"BTCUSDT,ETHUSDT,BNBUSDT,SOLUSDT,XRPUSDT",Bảng A tổ hợp kích hoạt + xác nhận,1
2026-10-10T01:29:39+00:00,N4a,N4a-i061>i030+i035|i064-nohtf,i061>i030+i035|i064,False,mặc định (quy đổi M15),train,"BTCUSDT,ETHUSDT,BNBUSDT,SOLUSDT,XRPUSDT",Bảng A tổ hợp kích hoạt + xác nhận,1
2026-10-10T01:29:39+00:00,N4a,N4a-i061>i030+i035|i064-htf,i061>i030+i035|i064,True,mặc định (quy đổi M15),train,"BTCUSDT,ETHUSDT,BNBUSDT,SOLUSDT,XRPUSDT",Bảng A tổ hợp kích hoạt + xác nhận,1
2026-10-10T01:29:39+00:00,N4a,N4a-i061>i018+i035|--nohtf,i061>i018+i035|-,False,mặc định (quy đổi M15),train,"BTCUSDT,ETHUSDT,BNBUSDT,SOLUSDT,XRPUSDT",Bảng A tổ hợp kích hoạt + xác nhận,1
2026-10-10T01:29:39+00:00,N4a,N4a-i061>i018+i035|--htf,i061>i018+i035|-,True,mặc định (quy đổi M15),train,"BTCUSDT,ETHUSDT,BNBUSDT,SOLUSDT,XRPUSDT",Bảng A tổ hợp kích hoạt + xác nhận,1
2026-10-10T01:29:39+00:00,N4a,N4a-i061>i018+i035|i064-nohtf,i061>i018+i035|i064,False,mặc định (quy đổi M15),train,"BTCUSDT,ETHUSDT,BNBUSDT,SOLUSDT,XRPUSDT",Bảng A tổ hợp kích hoạt + xác nhận,1
2026-10-10T01:29:39+00:00,N4a,N4a-i061>i018+i035|i064-htf,i061>i018+i035|i064,True,mặc định (quy đổi M15),train,"BTCUSDT,ETHUSDT,BNBUSDT,SOLUSDT,XRPUSDT",Bảng A tổ hợp kích hoạt + xác nhận,1
2026-10-10T01:29:39+00:00,N4a,N4a-i059>i027|--nohtf,i059>i027|-,False,mặc định (quy đổi M15),train,"BTCUSDT,ETHUSDT,BNBUSDT,SOLUSDT,XRPUSDT",Bảng A tổ hợp kích hoạt + xác nhận,1
2026-10-10T01:29:39+00:00,N4a,N4a-i059>i027|--htf,i059>i027|-,True,mặc định (quy đổi M15),train,"BTCUSDT,ETHUSDT,BNBUSDT,SOLUSDT,XRPUSDT",Bảng A tổ hợp kích hoạt + xác nhận,1
2026-10-10T01:29:39+00:00,N4a,N4a-i059>i027|i064-nohtf,i059>i027|i064,False,mặc định (quy đổi M15),train,"BTCUSDT,ETHUSDT,BNBUSDT,SOLUSDT,XRPUSDT",Bảng A tổ hợp kích hoạt + xác nhận,1
2026-10-10T01:29:39+00:00,N4a,N4a-i059>i027|i064-htf,i059>i027|i064,True,mặc định (quy đổi M15),train,"BTCUSDT,ETHUSDT,BNBUSDT,SOLUSDT,XRPUSDT",Bảng A tổ hợp kích hoạt + xác nhận,1
2026-10-10T01:29:39+00:00,N4a,N4a-i059>i024|--nohtf,i059>i024|-,False,mặc định (quy đổi M15),train,"BTCUSDT,ETHUSDT,BNBUSDT,SOLUSDT,XRPUSDT",Bảng A tổ hợp kích hoạt + xác nhận,1
2026-10-10T01:29:39+00:00,N4a,N4a-i059>i024|--htf,i059>i024|-,True,mặc định (quy đổi M15),train,"BTCUSDT,ETHUSDT,BNBUSDT,SOLUSDT,XRPUSDT",Bảng A tổ hợp kích hoạt + xác nhận,1
2026-10-10T01:29:39+00:00,N4a,N4a-i059>i024|i064-nohtf,i059>i024|i064,False,mặc định (quy đổi M15),train,"BTCUSDT,ETHUSDT,BNBUSDT,SOLUSDT,XRPUSDT",Bảng A tổ hợp kích hoạt + xác nhận,1
2026-10-10T01:29:39+00:00,N4a,N4a-i059>i024|i064-htf,i059>i024|i064,True,mặc định (quy đổi M15),train,"BTCUSDT,ETHUSDT,BNBUSDT,SOLUSDT,XRPUSDT",Bảng A tổ hợp kích hoạt + xác nhận,1
2026-10-10T01:29:39+00:00,N4a,N4a-i059>i034|--nohtf,i059>i034|-,False,mặc định (quy đổi M15),train,"BTCUSDT,ETHUSDT,BNBUSDT,SOLUSDT,XRPUSDT",Bảng A tổ hợp kích hoạt + xác nhận,1
2026-10-10T01:29:39+00:00,N4a,N4a-i059>i034|--htf,i059>i034|-,True,mặc định (quy đổi M15),train,"BTCUSDT,ETHUSDT,BNBUSDT,SOLUSDT,XRPUSDT",Bảng A tổ hợp kích hoạt + xác nhận,1
2026-10-10T01:29:39+00:00,N4a,N4a-i059>i034|i064-nohtf,i059>i034|i064,False,mặc định (quy đổi M15),train,"BTCUSDT,ETHUSDT,BNBUSDT,SOLUSDT,XRPUSDT",Bảng A tổ hợp kích hoạt + xác nhận,1
2026-10-10T01:29:39+00:00,N4a,N4a-i059>i034|i064-htf,i059>i034|i064,True,mặc định (quy đổi M15),train,"BTCUSDT,ETHUSDT,BNBUSDT,SOLUSDT,XRPUSDT",Bảng A tổ hợp kích hoạt + xác nhận,1
2026-10-10T01:29:39+00:00,N4a,N4a-i059>i061|--nohtf,i059>i061|-,False,mặc định (quy đổi M15),train,"BTCUSDT,ETHUSDT,BNBUSDT,SOLUSDT,XRPUSDT",Bảng A tổ hợp kích hoạt + xác nhận,1
2026-10-10T01:29:39+00:00,N4a,N4a-i059>i061|--htf,i059>i061|-,True,mặc định (quy đổi M15),train,"BTCUSDT,ETHUSDT,BNBUSDT,SOLUSDT,XRPUSDT",Bảng A tổ hợp kích hoạt + xác nhận,1
2026-10-10T01:29:39+00:00,N4a,N4a-i059>i061|i064-nohtf,i059>i061|i064,False,mặc định (quy đổi M15),train,"BTCUSDT,ETHUSDT,BNBUSDT,SOLUSDT,XRPUSDT",Bảng A tổ hợp kích hoạt + xác nhận,1
2026-10-10T01:29:39+00:00,N4a,N4a-i059>i061|i064-htf,i059>i061|i064,True,mặc định (quy đổi M15),train,"BTCUSDT,ETHUSDT,BNBUSDT,SOLUSDT,XRPUSDT",Bảng A tổ hợp kích hoạt + xác nhận,1
2026-10-10T01:29:39+00:00,N4a,N4a-i059>i031|--nohtf,i059>i031|-,False,mặc định (quy đổi M15),train,"BTCUSDT,ETHUSDT,BNBUSDT,SOLUSDT,XRPUSDT",Bảng A tổ hợp kích hoạt + xác nhận,1
2026-10-10T01:29:39+00:00,N4a,N4a-i059>i031|--htf,i059>i031|-,True,mặc định (quy đổi M15),train,"BTCUSDT,ETHUSDT,BNBUSDT,SOLUSDT,XRPUSDT",Bảng A tổ hợp kích hoạt + xác nhận,1
2026-10-10T01:29:39+00:00,N4a,N4a-i059>i031|i064-nohtf,i059>i031|i064,False,mặc định (quy đổi M15),train,"BTCUSDT,ETHUSDT,BNBUSDT,SOLUSDT,XRPUSDT",Bảng A tổ hợp kích hoạt + xác nhận,1
2026-10-10T01:29:39+00:00,N4a,N4a-i059>i031|i064-htf,i059>i031|i064,True,mặc định (quy đổi M15),train,"BTCUSDT,ETHUSDT,BNBUSDT,SOLUSDT,XRPUSDT",Bảng A tổ hợp kích hoạt + xác nhận,1
2026-10-10T01:29:39+00:00,N4a,N4a-i059>i101|--nohtf,i059>i101|-,False,mặc định (quy đổi M15),train,"BTCUSDT,ETHUSDT,BNBUSDT,SOLUSDT,XRPUSDT",Bảng A tổ hợp kích hoạt + xác nhận,1
2026-10-10T01:29:39+00:00,N4a,N4a-i059>i101|--htf,i059>i101|-,True,mặc định (quy đổi M15),train,"BTCUSDT,ETHUSDT,BNBUSDT,SOLUSDT,XRPUSDT",Bảng A tổ hợp kích hoạt + xác nhận,1
2026-10-10T01:29:39+00:00,N4a,N4a-i059>i101|i064-nohtf,i059>i101|i064,False,mặc định (quy đổi M15),train,"BTCUSDT,ETHUSDT,BNBUSDT,SOLUSDT,XRPUSDT",Bảng A tổ hợp kích hoạt + xác nhận,1
2026-10-10T01:29:39+00:00,N4a,N4a-i059>i101|i064-htf,i059>i101|i064,True,mặc định (quy đổi M15),train,"BTCUSDT,ETHUSDT,BNBUSDT,SOLUSDT,XRPUSDT",Bảng A tổ hợp kích hoạt + xác nhận,1
2026-10-10T01:29:39+00:00,N4a,N4a-i059>i030|--nohtf,i059>i030|-,False,mặc định (quy đổi M15),train,"BTCUSDT,ETHUSDT,BNBUSDT,SOLUSDT,XRPUSDT",Bảng A tổ hợp kích hoạt + xác nhận,1
2026-10-10T01:29:39+00:00,N4a,N4a-i059>i030|--htf,i059>i030|-,True,mặc định (quy đổi M15),train,"BTCUSDT,ETHUSDT,BNBUSDT,SOLUSDT,XRPUSDT",Bảng A tổ hợp kích hoạt + xác nhận,1
2026-10-10T01:29:39+00:00,N4a,N4a-i059>i030|i064-nohtf,i059>i030|i064,False,mặc định (quy đổi M15),train,"BTCUSDT,ETHUSDT,BNBUSDT,SOLUSDT,XRPUSDT",Bảng A tổ hợp kích hoạt + xác nhận,1
2026-10-10T01:29:39+00:00,N4a,N4a-i059>i030|i064-htf,i059>i030|i064,True,mặc định (quy đổi M15),train,"BTCUSDT,ETHUSDT,BNBUSDT,SOLUSDT,XRPUSDT",Bảng A tổ hợp kích hoạt + xác nhận,1
2026-10-10T01:29:39+00:00,N4a,N4a-i059>i018|--nohtf,i059>i018|-,False,mặc định (quy đổi M15),train,"BTCUSDT,ETHUSDT,BNBUSDT,SOLUSDT,XRPUSDT",Bảng A tổ hợp kích hoạt + xác nhận,1
2026-10-10T01:29:39+00:00,N4a,N4a-i059>i018|--htf,i059>i018|-,True,mặc định (quy đổi M15),train,"BTCUSDT,ETHUSDT,BNBUSDT,SOLUSDT,XRPUSDT",Bảng A tổ hợp kích hoạt + xác nhận,1
2026-10-10T01:29:39+00:00,N4a,N4a-i059>i018|i064-nohtf,i059>i018|i064,False,mặc định (quy đổi M15),train,"BTCUSDT,ETHUSDT,BNBUSDT,SOLUSDT,XRPUSDT",Bảng A tổ hợp kích hoạt + xác nhận,1
2026-10-10T01:29:39+00:00,N4a,N4a-i059>i018|i064-htf,i059>i018|i064,True,mặc định (quy đổi M15),train,"BTCUSDT,ETHUSDT,BNBUSDT,SOLUSDT,XRPUSDT",Bảng A tổ hợp kích hoạt + xác nhận,1
2026-10-10T01:29:39+00:00,N4a,N4a-i059>i035|--nohtf,i059>i035|-,False,mặc định (quy đổi M15),train,"BTCUSDT,ETHUSDT,BNBUSDT,SOLUSDT,XRPUSDT",Bảng A tổ hợp kích hoạt + xác nhận,1
2026-10-10T01:29:39+00:00,N4a,N4a-i059>i035|--htf,i059>i035|-,True,mặc định (quy đổi M15),train,"BTCUSDT,ETHUSDT,BNBUSDT,SOLUSDT,XRPUSDT",Bảng A tổ hợp kích hoạt + xác nhận,1
2026-10-10T01:29:39+00:00,N4a,N4a-i059>i035|i064-nohtf,i059>i035|i064,False,mặc định (quy đổi M15),train,"BTCUSDT,ETHUSDT,BNBUSDT,SOLUSDT,XRPUSDT",Bảng A tổ hợp kích hoạt + xác nhận,1
2026-10-10T01:29:39+00:00,N4a,N4a-i059>i035|i064-htf,i059>i035|i064,True,mặc định (quy đổi M15),train,"BTCUSDT,ETHUSDT,BNBUSDT,SOLUSDT,XRPUSDT",Bảng A tổ hợp kích hoạt + xác nhận,1
2026-10-10T01:29:39+00:00,N4a,N4a-i059>i027+i024|--nohtf,i059>i027+i024|-,False,mặc định (quy đổi M15),train,"BTCUSDT,ETHUSDT,BNBUSDT,SOLUSDT,XRPUSDT",Bảng A tổ hợp kích hoạt + xác nhận,1
2026-10-10T01:29:39+00:00,N4a,N4a-i059>i027+i024|--htf,i059>i027+i024|-,True,mặc định (quy đổi M15),train,"BTCUSDT,ETHUSDT,BNBUSDT,SOLUSDT,XRPUSDT",Bảng A tổ hợp kích hoạt + xác nhận,1
2026-10-10T01:29:39+00:00,N4a,N4a-i059>i027+i024|i064-nohtf,i059>i027+i024|i064,False,mặc định (quy đổi M15),train,"BTCUSDT,ETHUSDT,BNBUSDT,SOLUSDT,XRPUSDT",Bảng A tổ hợp kích hoạt + xác nhận,1
2026-10-10T01:29:39+00:00,N4a,N4a-i059>i027+i024|i064-htf,i059>i027+i024|i064,True,mặc định (quy đổi M15),train,"BTCUSDT,ETHUSDT,BNBUSDT,SOLUSDT,XRPUSDT",Bảng A tổ hợp kích hoạt + xác nhận,1
2026-10-10T01:29:39+00:00,N4a,N4a-i059>i027+i034|--nohtf,i059>i027+i034|-,False,mặc định (quy đổi M15),train,"BTCUSDT,ETHUSDT,BNBUSDT,SOLUSDT,XRPUSDT",Bảng A tổ hợp kích hoạt + xác nhận,1
2026-10-10T01:29:39+00:00,N4a,N4a-i059>i027+i034|--htf,i059>i027+i034|-,True,mặc định (quy đổi M15),train,"BTCUSDT,ETHUSDT,BNBUSDT,SOLUSDT,XRPUSDT",Bảng A tổ hợp kích hoạt + xác nhận,1
2026-10-10T01:29:39+00:00,N4a,N4a-i059>i027+i034|i064-nohtf,i059>i027+i034|i064,False,mặc định (quy đổi M15),train,"BTCUSDT,ETHUSDT,BNBUSDT,SOLUSDT,XRPUSDT",Bảng A tổ hợp kích hoạt + xác nhận,1
2026-10-10T01:29:39+00:00,N4a,N4a-i059>i027+i034|i064-htf,i059>i027+i034|i064,True,mặc định (quy đổi M15),train,"BTCUSDT,ETHUSDT,BNBUSDT,SOLUSDT,XRPUSDT",Bảng A tổ hợp kích hoạt + xác nhận,1
2026-10-10T01:29:39+00:00,N4a,N4a-i059>i027+i061|--nohtf,i059>i027+i061|-,False,mặc định (quy đổi M15),train,"BTCUSDT,ETHUSDT,BNBUSDT,SOLUSDT,XRPUSDT",Bảng A tổ hợp kích hoạt + xác nhận,1
2026-10-10T01:29:39+00:00,N4a,N4a-i059>i027+i061|--htf,i059>i027+i061|-,True,mặc định (quy đổi M15),train,"BTCUSDT,ETHUSDT,BNBUSDT,SOLUSDT,XRPUSDT",Bảng A tổ hợp kích hoạt + xác nhận,1
2026-10-10T01:29:39+00:00,N4a,N4a-i059>i027+i061|i064-nohtf,i059>i027+i061|i064,False,mặc định (quy đổi M15),train,"BTCUSDT,ETHUSDT,BNBUSDT,SOLUSDT,XRPUSDT",Bảng A tổ hợp kích hoạt + xác nhận,1
2026-10-10T01:29:39+00:00,N4a,N4a-i059>i027+i061|i064-htf,i059>i027+i061|i064,True,mặc định (quy đổi M15),train,"BTCUSDT,ETHUSDT,BNBUSDT,SOLUSDT,XRPUSDT",Bảng A tổ hợp kích hoạt + xác nhận,1
2026-10-10T01:29:39+00:00,N4a,N4a-i059>i027+i031|--nohtf,i059>i027+i031|-,False,mặc định (quy đổi M15),train,"BTCUSDT,ETHUSDT,BNBUSDT,SOLUSDT,XRPUSDT",Bảng A tổ hợp kích hoạt + xác nhận,1
2026-10-10T01:29:39+00:00,N4a,N4a-i059>i027+i031|--htf,i059>i027+i031|-,True,mặc định (quy đổi M15),train,"BTCUSDT,ETHUSDT,BNBUSDT,SOLUSDT,XRPUSDT",Bảng A tổ hợp kích hoạt + xác nhận,1
2026-10-10T01:29:39+00:00,N4a,N4a-i059>i027+i031|i064-nohtf,i059>i027+i031|i064,False,mặc định (quy đổi M15),train,"BTCUSDT,ETHUSDT,BNBUSDT,SOLUSDT,XRPUSDT",Bảng A tổ hợp kích hoạt + xác nhận,1
2026-10-10T01:29:39+00:00,N4a,N4a-i059>i027+i031|i064-htf,i059>i027+i031|i064,True,mặc định (quy đổi M15),train,"BTCUSDT,ETHUSDT,BNBUSDT,SOLUSDT,XRPUSDT",Bảng A tổ hợp kích hoạt + xác nhận,1
2026-10-10T01:29:39+00:00,N4a,N4a-i059>i027+i101|--nohtf,i059>i027+i101|-,False,mặc định (quy đổi M15),train,"BTCUSDT,ETHUSDT,BNBUSDT,SOLUSDT,XRPUSDT",Bảng A tổ hợp kích hoạt + xác nhận,1
2026-10-10T01:29:39+00:00,N4a,N4a-i059>i027+i101|--htf,i059>i027+i101|-,True,mặc định (quy đổi M15),train,"BTCUSDT,ETHUSDT,BNBUSDT,SOLUSDT,XRPUSDT",Bảng A tổ hợp kích hoạt + xác nhận,1
2026-10-10T01:29:39+00:00,N4a,N4a-i059>i027+i101|i064-nohtf,i059>i027+i101|i064,False,mặc định (quy đổi M15),train,"BTCUSDT,ETHUSDT,BNBUSDT,SOLUSDT,XRPUSDT",Bảng A tổ hợp kích hoạt + xác nhận,1
2026-10-10T01:29:39+00:00,N4a,N4a-i059>i027+i101|i064-htf,i059>i027+i101|i064,True,mặc định (quy đổi M15),train,"BTCUSDT,ETHUSDT,BNBUSDT,SOLUSDT,XRPUSDT",Bảng A tổ hợp kích hoạt + xác nhận,1
2026-10-10T01:29:39+00:00,N4a,N4a-i059>i027+i030|--nohtf,i059>i027+i030|-,False,mặc định (quy đổi M15),train,"BTCUSDT,ETHUSDT,BNBUSDT,SOLUSDT,XRPUSDT",Bảng A tổ hợp kích hoạt + xác nhận,1
2026-10-10T01:29:39+00:00,N4a,N4a-i059>i027+i030|--htf,i059>i027+i030|-,True,mặc định (quy đổi M15),train,"BTCUSDT,ETHUSDT,BNBUSDT,SOLUSDT,XRPUSDT",Bảng A tổ hợp kích hoạt + xác nhận,1
2026-10-10T01:29:39+00:00,N4a,N4a-i059>i027+i030|i064-nohtf,i059>i027+i030|i064,False,mặc định (quy đổi M15),train,"BTCUSDT,ETHUSDT,BNBUSDT,SOLUSDT,XRPUSDT",Bảng A tổ hợp kích hoạt + xác nhận,1
2026-10-10T01:29:39+00:00,N4a,N4a-i059>i027+i030|i064-htf,i059>i027+i030|i064,True,mặc định (quy đổi M15),train,"BTCUSDT,ETHUSDT,BNBUSDT,SOLUSDT,XRPUSDT",Bảng A tổ hợp kích hoạt + xác nhận,1
2026-10-10T01:29:39+00:00,N4a,N4a-i059>i027+i018|--nohtf,i059>i027+i018|-,False,mặc định (quy đổi M15),train,"BTCUSDT,ETHUSDT,BNBUSDT,SOLUSDT,XRPUSDT",Bảng A tổ hợp kích hoạt + xác nhận,1
2026-10-10T01:29:39+00:00,N4a,N4a-i059>i027+i018|--htf,i059>i027+i018|-,True,mặc định (quy đổi M15),train,"BTCUSDT,ETHUSDT,BNBUSDT,SOLUSDT,XRPUSDT",Bảng A tổ hợp kích hoạt + xác nhận,1
2026-10-10T01:29:39+00:00,N4a,N4a-i059>i027+i018|i064-nohtf,i059>i027+i018|i064,False,mặc định (quy đổi M15),train,"BTCUSDT,ETHUSDT,BNBUSDT,SOLUSDT,XRPUSDT",Bảng A tổ hợp kích hoạt + xác nhận,1
2026-10-10T01:29:39+00:00,N4a,N4a-i059>i027+i018|i064-htf,i059>i027+i018|i064,True,mặc định (quy đổi M15),train,"BTCUSDT,ETHUSDT,BNBUSDT,SOLUSDT,XRPUSDT",Bảng A tổ hợp kích hoạt + xác nhận,1
2026-10-10T01:29:39+00:00,N4a,N4a-i059>i027+i035|--nohtf,i059>i027+i035|-,False,mặc định (quy đổi M15),train,"BTCUSDT,ETHUSDT,BNBUSDT,SOLUSDT,XRPUSDT",Bảng A tổ hợp kích hoạt + xác nhận,1
2026-10-10T01:29:39+00:00,N4a,N4a-i059>i027+i035|--htf,i059>i027+i035|-,True,mặc định (quy đổi M15),train,"BTCUSDT,ETHUSDT,BNBUSDT,SOLUSDT,XRPUSDT",Bảng A tổ hợp kích hoạt + xác nhận,1
2026-10-10T01:29:39+00:00,N4a,N4a-i059>i027+i035|i064-nohtf,i059>i027+i035|i064,False,mặc định (quy đổi M15),train,"BTCUSDT,ETHUSDT,BNBUSDT,SOLUSDT,XRPUSDT",Bảng A tổ hợp kích hoạt + xác nhận,1
2026-10-10T01:29:39+00:00,N4a,N4a-i059>i027+i035|i064-htf,i059>i027+i035|i064,True,mặc định (quy đổi M15),train,"BTCUSDT,ETHUSDT,BNBUSDT,SOLUSDT,XRPUSDT",Bảng A tổ hợp kích hoạt + xác nhận,1
2026-10-10T01:29:39+00:00,N4a,N4a-i059>i024+i034|--nohtf,i059>i024+i034|-,False,mặc định (quy đổi M15),train,"BTCUSDT,ETHUSDT,BNBUSDT,SOLUSDT,XRPUSDT",Bảng A tổ hợp kích hoạt + xác nhận,1
2026-10-10T01:29:39+00:00,N4a,N4a-i059>i024+i034|--htf,i059>i024+i034|-,True,mặc định (quy đổi M15),train,"BTCUSDT,ETHUSDT,BNBUSDT,SOLUSDT,XRPUSDT",Bảng A tổ hợp kích hoạt + xác nhận,1
2026-10-10T01:29:39+00:00,N4a,N4a-i059>i024+i034|i064-nohtf,i059>i024+i034|i064,False,mặc định (quy đổi M15),train,"BTCUSDT,ETHUSDT,BNBUSDT,SOLUSDT,XRPUSDT",Bảng A tổ hợp kích hoạt + xác nhận,1
2026-10-10T01:29:39+00:00,N4a,N4a-i059>i024+i034|i064-htf,i059>i024+i034|i064,True,mặc định (quy đổi M15),train,"BTCUSDT,ETHUSDT,BNBUSDT,SOLUSDT,XRPUSDT",Bảng A tổ hợp kích hoạt + xác nhận,1
2026-10-10T01:29:39+00:00,N4a,N4a-i059>i024+i061|--nohtf,i059>i024+i061|-,False,mặc định (quy đổi M15),train,"BTCUSDT,ETHUSDT,BNBUSDT,SOLUSDT,XRPUSDT",Bảng A tổ hợp kích hoạt + xác nhận,1
2026-10-10T01:29:39+00:00,N4a,N4a-i059>i024+i061|--htf,i059>i024+i061|-,True,mặc định (quy đổi M15),train,"BTCUSDT,ETHUSDT,BNBUSDT,SOLUSDT,XRPUSDT",Bảng A tổ hợp kích hoạt + xác nhận,1
2026-10-10T01:29:39+00:00,N4a,N4a-i059>i024+i061|i064-nohtf,i059>i024+i061|i064,False,mặc định (quy đổi M15),train,"BTCUSDT,ETHUSDT,BNBUSDT,SOLUSDT,XRPUSDT",Bảng A tổ hợp kích hoạt + xác nhận,1
2026-10-10T01:29:39+00:00,N4a,N4a-i059>i024+i061|i064-htf,i059>i024+i061|i064,True,mặc định (quy đổi M15),train,"BTCUSDT,ETHUSDT,BNBUSDT,SOLUSDT,XRPUSDT",Bảng A tổ hợp kích hoạt + xác nhận,1
2026-10-10T01:29:39+00:00,N4a,N4a-i059>i024+i031|--nohtf,i059>i024+i031|-,False,mặc định (quy đổi M15),train,"BTCUSDT,ETHUSDT,BNBUSDT,SOLUSDT,XRPUSDT",Bảng A tổ hợp kích hoạt + xác nhận,1
2026-10-10T01:29:39+00:00,N4a,N4a-i059>i024+i031|--htf,i059>i024+i031|-,True,mặc định (quy đổi M15),train,"BTCUSDT,ETHUSDT,BNBUSDT,SOLUSDT,XRPUSDT",Bảng A tổ hợp kích hoạt + xác nhận,1
2026-10-10T01:29:39+00:00,N4a,N4a-i059>i024+i031|i064-nohtf,i059>i024+i031|i064,False,mặc định (quy đổi M15),train,"BTCUSDT,ETHUSDT,BNBUSDT,SOLUSDT,XRPUSDT",Bảng A tổ hợp kích hoạt + xác nhận,1
2026-10-10T01:29:39+00:00,N4a,N4a-i059>i024+i031|i064-htf,i059>i024+i031|i064,True,mặc định (quy đổi M15),train,"BTCUSDT,ETHUSDT,BNBUSDT,SOLUSDT,XRPUSDT",Bảng A tổ hợp kích hoạt + xác nhận,1
2026-10-10T01:29:39+00:00,N4a,N4a-i059>i024+i101|--nohtf,i059>i024+i101|-,False,mặc định (quy đổi M15),train,"BTCUSDT,ETHUSDT,BNBUSDT,SOLUSDT,XRPUSDT",Bảng A tổ hợp kích hoạt + xác nhận,1
2026-10-10T01:29:39+00:00,N4a,N4a-i059>i024+i101|--htf,i059>i024+i101|-,True,mặc định (quy đổi M15),train,"BTCUSDT,ETHUSDT,BNBUSDT,SOLUSDT,XRPUSDT",Bảng A tổ hợp kích hoạt + xác nhận,1
2026-10-10T01:29:39+00:00,N4a,N4a-i059>i024+i101|i064-nohtf,i059>i024+i101|i064,False,mặc định (quy đổi M15),train,"BTCUSDT,ETHUSDT,BNBUSDT,SOLUSDT,XRPUSDT",Bảng A tổ hợp kích hoạt + xác nhận,1
2026-10-10T01:29:39+00:00,N4a,N4a-i059>i024+i101|i064-htf,i059>i024+i101|i064,True,mặc định (quy đổi M15),train,"BTCUSDT,ETHUSDT,BNBUSDT,SOLUSDT,XRPUSDT",Bảng A tổ hợp kích hoạt + xác nhận,1
2026-10-10T01:29:39+00:00,N4a,N4a-i059>i024+i030|--nohtf,i059>i024+i030|-,False,mặc định (quy đổi M15),train,"BTCUSDT,ETHUSDT,BNBUSDT,SOLUSDT,XRPUSDT",Bảng A tổ hợp kích hoạt + xác nhận,1
2026-10-10T01:29:39+00:00,N4a,N4a-i059>i024+i030|--htf,i059>i024+i030|-,True,mặc định (quy đổi M15),train,"BTCUSDT,ETHUSDT,BNBUSDT,SOLUSDT,XRPUSDT",Bảng A tổ hợp kích hoạt + xác nhận,1
2026-10-10T01:29:39+00:00,N4a,N4a-i059>i024+i030|i064-nohtf,i059>i024+i030|i064,False,mặc định (quy đổi M15),train,"BTCUSDT,ETHUSDT,BNBUSDT,SOLUSDT,XRPUSDT",Bảng A tổ hợp kích hoạt + xác nhận,1
2026-10-10T01:29:39+00:00,N4a,N4a-i059>i024+i030|i064-htf,i059>i024+i030|i064,True,mặc định (quy đổi M15),train,"BTCUSDT,ETHUSDT,BNBUSDT,SOLUSDT,XRPUSDT",Bảng A tổ hợp kích hoạt + xác nhận,1
2026-10-10T01:29:39+00:00,N4a,N4a-i059>i024+i018|--nohtf,i059>i024+i018|-,False,mặc định (quy đổi M15),train,"BTCUSDT,ETHUSDT,BNBUSDT,SOLUSDT,XRPUSDT",Bảng A tổ hợp kích hoạt + xác nhận,1
2026-10-10T01:29:39+00:00,N4a,N4a-i059>i024+i018|--htf,i059>i024+i018|-,True,mặc định (quy đổi M15),train,"BTCUSDT,ETHUSDT,BNBUSDT,SOLUSDT,XRPUSDT",Bảng A tổ hợp kích hoạt + xác nhận,1
2026-10-10T01:29:39+00:00,N4a,N4a-i059>i024+i018|i064-nohtf,i059>i024+i018|i064,False,mặc định (quy đổi M15),train,"BTCUSDT,ETHUSDT,BNBUSDT,SOLUSDT,XRPUSDT",Bảng A tổ hợp kích hoạt + xác nhận,1
2026-10-10T01:29:39+00:00,N4a,N4a-i059>i024+i018|i064-htf,i059>i024+i018|i064,True,mặc định (quy đổi M15),train,"BTCUSDT,ETHUSDT,BNBUSDT,SOLUSDT,XRPUSDT",Bảng A tổ hợp kích hoạt + xác nhận,1
2026-10-10T01:29:39+00:00,N4a,N4a-i059>i024+i035|--nohtf,i059>i024+i035|-,False,mặc định (quy đổi M15),train,"BTCUSDT,ETHUSDT,BNBUSDT,SOLUSDT,XRPUSDT",Bảng A tổ hợp kích hoạt + xác nhận,1
2026-10-10T01:29:39+00:00,N4a,N4a-i059>i024+i035|--htf,i059>i024+i035|-,True,mặc định (quy đổi M15),train,"BTCUSDT,ETHUSDT,BNBUSDT,SOLUSDT,XRPUSDT",Bảng A tổ hợp kích hoạt + xác nhận,1
2026-10-10T01:29:39+00:00,N4a,N4a-i059>i024+i035|i064-nohtf,i059>i024+i035|i064,False,mặc định (quy đổi M15),train,"BTCUSDT,ETHUSDT,BNBUSDT,SOLUSDT,XRPUSDT",Bảng A tổ hợp kích hoạt + xác nhận,1
2026-10-10T01:29:39+00:00,N4a,N4a-i059>i024+i035|i064-htf,i059>i024+i035|i064,True,mặc định (quy đổi M15),train,"BTCUSDT,ETHUSDT,BNBUSDT,SOLUSDT,XRPUSDT",Bảng A tổ hợp kích hoạt + xác nhận,1
2026-10-10T01:29:39+00:00,N4a,N4a-i059>i034+i061|--nohtf,i059>i034+i061|-,False,mặc định (quy đổi M15),train,"BTCUSDT,ETHUSDT,BNBUSDT,SOLUSDT,XRPUSDT",Bảng A tổ hợp kích hoạt + xác nhận,1
2026-10-10T01:29:39+00:00,N4a,N4a-i059>i034+i061|--htf,i059>i034+i061|-,True,mặc định (quy đổi M15),train,"BTCUSDT,ETHUSDT,BNBUSDT,SOLUSDT,XRPUSDT",Bảng A tổ hợp kích hoạt + xác nhận,1
2026-10-10T01:29:39+00:00,N4a,N4a-i059>i034+i061|i064-nohtf,i059>i034+i061|i064,False,mặc định (quy đổi M15),train,"BTCUSDT,ETHUSDT,BNBUSDT,SOLUSDT,XRPUSDT",Bảng A tổ hợp kích hoạt + xác nhận,1
2026-10-10T01:29:39+00:00,N4a,N4a-i059>i034+i061|i064-htf,i059>i034+i061|i064,True,mặc định (quy đổi M15),train,"BTCUSDT,ETHUSDT,BNBUSDT,SOLUSDT,XRPUSDT",Bảng A tổ hợp kích hoạt + xác nhận,1
2026-10-10T01:29:39+00:00,N4a,N4a-i059>i034+i031|--nohtf,i059>i034+i031|-,False,mặc định (quy đổi M15),train,"BTCUSDT,ETHUSDT,BNBUSDT,SOLUSDT,XRPUSDT",Bảng A tổ hợp kích hoạt + xác nhận,1
2026-10-10T01:29:39+00:00,N4a,N4a-i059>i034+i031|--htf,i059>i034+i031|-,True,mặc định (quy đổi M15),train,"BTCUSDT,ETHUSDT,BNBUSDT,SOLUSDT,XRPUSDT",Bảng A tổ hợp kích hoạt + xác nhận,1
2026-10-10T01:29:39+00:00,N4a,N4a-i059>i034+i031|i064-nohtf,i059>i034+i031|i064,False,mặc định (quy đổi M15),train,"BTCUSDT,ETHUSDT,BNBUSDT,SOLUSDT,XRPUSDT",Bảng A tổ hợp kích hoạt + xác nhận,1
2026-10-10T01:29:39+00:00,N4a,N4a-i059>i034+i031|i064-htf,i059>i034+i031|i064,True,mặc định (quy đổi M15),train,"BTCUSDT,ETHUSDT,BNBUSDT,SOLUSDT,XRPUSDT",Bảng A tổ hợp kích hoạt + xác nhận,1
2026-10-10T01:29:39+00:00,N4a,N4a-i059>i034+i101|--nohtf,i059>i034+i101|-,False,mặc định (quy đổi M15),train,"BTCUSDT,ETHUSDT,BNBUSDT,SOLUSDT,XRPUSDT",Bảng A tổ hợp kích hoạt + xác nhận,1
2026-10-10T01:29:39+00:00,N4a,N4a-i059>i034+i101|--htf,i059>i034+i101|-,True,mặc định (quy đổi M15),train,"BTCUSDT,ETHUSDT,BNBUSDT,SOLUSDT,XRPUSDT",Bảng A tổ hợp kích hoạt + xác nhận,1
2026-10-10T01:29:39+00:00,N4a,N4a-i059>i034+i101|i064-nohtf,i059>i034+i101|i064,False,mặc định (quy đổi M15),train,"BTCUSDT,ETHUSDT,BNBUSDT,SOLUSDT,XRPUSDT",Bảng A tổ hợp kích hoạt + xác nhận,1
2026-10-10T01:29:39+00:00,N4a,N4a-i059>i034+i101|i064-htf,i059>i034+i101|i064,True,mặc định (quy đổi M15),train,"BTCUSDT,ETHUSDT,BNBUSDT,SOLUSDT,XRPUSDT",Bảng A tổ hợp kích hoạt + xác nhận,1
2026-10-10T01:29:39+00:00,N4a,N4a-i059>i034+i030|--nohtf,i059>i034+i030|-,False,mặc định (quy đổi M15),train,"BTCUSDT,ETHUSDT,BNBUSDT,SOLUSDT,XRPUSDT",Bảng A tổ hợp kích hoạt + xác nhận,1
2026-10-10T01:29:39+00:00,N4a,N4a-i059>i034+i030|--htf,i059>i034+i030|-,True,mặc định (quy đổi M15),train,"BTCUSDT,ETHUSDT,BNBUSDT,SOLUSDT,XRPUSDT",Bảng A tổ hợp kích hoạt + xác nhận,1
2026-10-10T01:29:39+00:00,N4a,N4a-i059>i034+i030|i064-nohtf,i059>i034+i030|i064,False,mặc định (quy đổi M15),train,"BTCUSDT,ETHUSDT,BNBUSDT,SOLUSDT,XRPUSDT",Bảng A tổ hợp kích hoạt + xác nhận,1
2026-10-10T01:29:39+00:00,N4a,N4a-i059>i034+i030|i064-htf,i059>i034+i030|i064,True,mặc định (quy đổi M15),train,"BTCUSDT,ETHUSDT,BNBUSDT,SOLUSDT,XRPUSDT",Bảng A tổ hợp kích hoạt + xác nhận,1
2026-10-10T01:29:39+00:00,N4a,N4a-i059>i034+i018|--nohtf,i059>i034+i018|-,False,mặc định (quy đổi M15),train,"BTCUSDT,ETHUSDT,BNBUSDT,SOLUSDT,XRPUSDT",Bảng A tổ hợp kích hoạt + xác nhận,1
2026-10-10T01:29:39+00:00,N4a,N4a-i059>i034+i018|--htf,i059>i034+i018|-,True,mặc định (quy đổi M15),train,"BTCUSDT,ETHUSDT,BNBUSDT,SOLUSDT,XRPUSDT",Bảng A tổ hợp kích hoạt + xác nhận,1
2026-10-10T01:29:39+00:00,N4a,N4a-i059>i034+i018|i064-nohtf,i059>i034+i018|i064,False,mặc định (quy đổi M15),train,"BTCUSDT,ETHUSDT,BNBUSDT,SOLUSDT,XRPUSDT",Bảng A tổ hợp kích hoạt + xác nhận,1
2026-10-10T01:29:39+00:00,N4a,N4a-i059>i034+i018|i064-htf,i059>i034+i018|i064,True,mặc định (quy đổi M15),train,"BTCUSDT,ETHUSDT,BNBUSDT,SOLUSDT,XRPUSDT",Bảng A tổ hợp kích hoạt + xác nhận,1
2026-10-10T01:29:39+00:00,N4a,N4a-i059>i034+i035|--nohtf,i059>i034+i035|-,False,mặc định (quy đổi M15),train,"BTCUSDT,ETHUSDT,BNBUSDT,SOLUSDT,XRPUSDT",Bảng A tổ hợp kích hoạt + xác nhận,1
2026-10-10T01:29:39+00:00,N4a,N4a-i059>i034+i035|--htf,i059>i034+i035|-,True,mặc định (quy đổi M15),train,"BTCUSDT,ETHUSDT,BNBUSDT,SOLUSDT,XRPUSDT",Bảng A tổ hợp kích hoạt + xác nhận,1
2026-10-10T01:29:39+00:00,N4a,N4a-i059>i034+i035|i064-nohtf,i059>i034+i035|i064,False,mặc định (quy đổi M15),train,"BTCUSDT,ETHUSDT,BNBUSDT,SOLUSDT,XRPUSDT",Bảng A tổ hợp kích hoạt + xác nhận,1
2026-10-10T01:29:39+00:00,N4a,N4a-i059>i034+i035|i064-htf,i059>i034+i035|i064,True,mặc định (quy đổi M15),train,"BTCUSDT,ETHUSDT,BNBUSDT,SOLUSDT,XRPUSDT",Bảng A tổ hợp kích hoạt + xác nhận,1
2026-10-10T01:29:39+00:00,N4a,N4a-i059>i061+i031|--nohtf,i059>i061+i031|-,False,mặc định (quy đổi M15),train,"BTCUSDT,ETHUSDT,BNBUSDT,SOLUSDT,XRPUSDT",Bảng A tổ hợp kích hoạt + xác nhận,1
2026-10-10T01:29:39+00:00,N4a,N4a-i059>i061+i031|--htf,i059>i061+i031|-,True,mặc định (quy đổi M15),train,"BTCUSDT,ETHUSDT,BNBUSDT,SOLUSDT,XRPUSDT",Bảng A tổ hợp kích hoạt + xác nhận,1
2026-10-10T01:29:39+00:00,N4a,N4a-i059>i061+i031|i064-nohtf,i059>i061+i031|i064,False,mặc định (quy đổi M15),train,"BTCUSDT,ETHUSDT,BNBUSDT,SOLUSDT,XRPUSDT",Bảng A tổ hợp kích hoạt + xác nhận,1
2026-10-10T01:29:39+00:00,N4a,N4a-i059>i061+i031|i064-htf,i059>i061+i031|i064,True,mặc định (quy đổi M15),train,"BTCUSDT,ETHUSDT,BNBUSDT,SOLUSDT,XRPUSDT",Bảng A tổ hợp kích hoạt + xác nhận,1
2026-10-10T01:29:39+00:00,N4a,N4a-i059>i061+i101|--nohtf,i059>i061+i101|-,False,mặc định (quy đổi M15),train,"BTCUSDT,ETHUSDT,BNBUSDT,SOLUSDT,XRPUSDT",Bảng A tổ hợp kích hoạt + xác nhận,1
2026-10-10T01:29:39+00:00,N4a,N4a-i059>i061+i101|--htf,i059>i061+i101|-,True,mặc định (quy đổi M15),train,"BTCUSDT,ETHUSDT,BNBUSDT,SOLUSDT,XRPUSDT",Bảng A tổ hợp kích hoạt + xác nhận,1
2026-10-10T01:29:39+00:00,N4a,N4a-i059>i061+i101|i064-nohtf,i059>i061+i101|i064,False,mặc định (quy đổi M15),train,"BTCUSDT,ETHUSDT,BNBUSDT,SOLUSDT,XRPUSDT",Bảng A tổ hợp kích hoạt + xác nhận,1
2026-10-10T01:29:39+00:00,N4a,N4a-i059>i061+i101|i064-htf,i059>i061+i101|i064,True,mặc định (quy đổi M15),train,"BTCUSDT,ETHUSDT,BNBUSDT,SOLUSDT,XRPUSDT",Bảng A tổ hợp kích hoạt + xác nhận,1
2026-10-10T01:29:39+00:00,N4a,N4a-i059>i061+i030|--nohtf,i059>i061+i030|-,False,mặc định (quy đổi M15),train,"BTCUSDT,ETHUSDT,BNBUSDT,SOLUSDT,XRPUSDT",Bảng A tổ hợp kích hoạt + xác nhận,1
2026-10-10T01:29:39+00:00,N4a,N4a-i059>i061+i030|--htf,i059>i061+i030|-,True,mặc định (quy đổi M15),train,"BTCUSDT,ETHUSDT,BNBUSDT,SOLUSDT,XRPUSDT",Bảng A tổ hợp kích hoạt + xác nhận,1
2026-10-10T01:29:39+00:00,N4a,N4a-i059>i061+i030|i064-nohtf,i059>i061+i030|i064,False,mặc định (quy đổi M15),train,"BTCUSDT,ETHUSDT,BNBUSDT,SOLUSDT,XRPUSDT",Bảng A tổ hợp kích hoạt + xác nhận,1
2026-10-10T01:29:39+00:00,N4a,N4a-i059>i061+i030|i064-htf,i059>i061+i030|i064,True,mặc định (quy đổi M15),train,"BTCUSDT,ETHUSDT,BNBUSDT,SOLUSDT,XRPUSDT",Bảng A tổ hợp kích hoạt + xác nhận,1
2026-10-10T01:29:39+00:00,N4a,N4a-i059>i061+i018|--nohtf,i059>i061+i018|-,False,mặc định (quy đổi M15),train,"BTCUSDT,ETHUSDT,BNBUSDT,SOLUSDT,XRPUSDT",Bảng A tổ hợp kích hoạt + xác nhận,1
2026-10-10T01:29:39+00:00,N4a,N4a-i059>i061+i018|--htf,i059>i061+i018|-,True,mặc định (quy đổi M15),train,"BTCUSDT,ETHUSDT,BNBUSDT,SOLUSDT,XRPUSDT",Bảng A tổ hợp kích hoạt + xác nhận,1
2026-10-10T01:29:39+00:00,N4a,N4a-i059>i061+i018|i064-nohtf,i059>i061+i018|i064,False,mặc định (quy đổi M15),train,"BTCUSDT,ETHUSDT,BNBUSDT,SOLUSDT,XRPUSDT",Bảng A tổ hợp kích hoạt + xác nhận,1
2026-10-10T01:29:39+00:00,N4a,N4a-i059>i061+i018|i064-htf,i059>i061+i018|i064,True,mặc định (quy đổi M15),train,"BTCUSDT,ETHUSDT,BNBUSDT,SOLUSDT,XRPUSDT",Bảng A tổ hợp kích hoạt + xác nhận,1
2026-10-10T01:29:39+00:00,N4a,N4a-i059>i061+i035|--nohtf,i059>i061+i035|-,False,mặc định (quy đổi M15),train,"BTCUSDT,ETHUSDT,BNBUSDT,SOLUSDT,XRPUSDT",Bảng A tổ hợp kích hoạt + xác nhận,1
2026-10-10T01:29:39+00:00,N4a,N4a-i059>i061+i035|--htf,i059>i061+i035|-,True,mặc định (quy đổi M15),train,"BTCUSDT,ETHUSDT,BNBUSDT,SOLUSDT,XRPUSDT",Bảng A tổ hợp kích hoạt + xác nhận,1
2026-10-10T01:29:39+00:00,N4a,N4a-i059>i061+i035|i064-nohtf,i059>i061+i035|i064,False,mặc định (quy đổi M15),train,"BTCUSDT,ETHUSDT,BNBUSDT,SOLUSDT,XRPUSDT",Bảng A tổ hợp kích hoạt + xác nhận,1
2026-10-10T01:29:39+00:00,N4a,N4a-i059>i061+i035|i064-htf,i059>i061+i035|i064,True,mặc định (quy đổi M15),train,"BTCUSDT,ETHUSDT,BNBUSDT,SOLUSDT,XRPUSDT",Bảng A tổ hợp kích hoạt + xác nhận,1
2026-10-10T01:29:39+00:00,N4a,N4a-i059>i031+i101|--nohtf,i059>i031+i101|-,False,mặc định (quy đổi M15),train,"BTCUSDT,ETHUSDT,BNBUSDT,SOLUSDT,XRPUSDT",Bảng A tổ hợp kích hoạt + xác nhận,1
2026-10-10T01:29:39+00:00,N4a,N4a-i059>i031+i101|--htf,i059>i031+i101|-,True,mặc định (quy đổi M15),train,"BTCUSDT,ETHUSDT,BNBUSDT,SOLUSDT,XRPUSDT",Bảng A tổ hợp kích hoạt + xác nhận,1
2026-10-10T01:29:39+00:00,N4a,N4a-i059>i031+i101|i064-nohtf,i059>i031+i101|i064,False,mặc định (quy đổi M15),train,"BTCUSDT,ETHUSDT,BNBUSDT,SOLUSDT,XRPUSDT",Bảng A tổ hợp kích hoạt + xác nhận,1
2026-10-10T01:29:39+00:00,N4a,N4a-i059>i031+i101|i064-htf,i059>i031+i101|i064,True,mặc định (quy đổi M15),train,"BTCUSDT,ETHUSDT,BNBUSDT,SOLUSDT,XRPUSDT",Bảng A tổ hợp kích hoạt + xác nhận,1
2026-10-10T01:29:39+00:00,N4a,N4a-i059>i031+i030|--nohtf,i059>i031+i030|-,False,mặc định (quy đổi M15),train,"BTCUSDT,ETHUSDT,BNBUSDT,SOLUSDT,XRPUSDT",Bảng A tổ hợp kích hoạt + xác nhận,1
2026-10-10T01:29:39+00:00,N4a,N4a-i059>i031+i030|--htf,i059>i031+i030|-,True,mặc định (quy đổi M15),train,"BTCUSDT,ETHUSDT,BNBUSDT,SOLUSDT,XRPUSDT",Bảng A tổ hợp kích hoạt + xác nhận,1
2026-10-10T01:29:39+00:00,N4a,N4a-i059>i031+i030|i064-nohtf,i059>i031+i030|i064,False,mặc định (quy đổi M15),train,"BTCUSDT,ETHUSDT,BNBUSDT,SOLUSDT,XRPUSDT",Bảng A tổ hợp kích hoạt + xác nhận,1
2026-10-10T01:29:39+00:00,N4a,N4a-i059>i031+i030|i064-htf,i059>i031+i030|i064,True,mặc định (quy đổi M15),train,"BTCUSDT,ETHUSDT,BNBUSDT,SOLUSDT,XRPUSDT",Bảng A tổ hợp kích hoạt + xác nhận,1
2026-10-10T01:29:39+00:00,N4a,N4a-i059>i031+i018|--nohtf,i059>i031+i018|-,False,mặc định (quy đổi M15),train,"BTCUSDT,ETHUSDT,BNBUSDT,SOLUSDT,XRPUSDT",Bảng A tổ hợp kích hoạt + xác nhận,1
2026-10-10T01:29:39+00:00,N4a,N4a-i059>i031+i018|--htf,i059>i031+i018|-,True,mặc định (quy đổi M15),train,"BTCUSDT,ETHUSDT,BNBUSDT,SOLUSDT,XRPUSDT",Bảng A tổ hợp kích hoạt + xác nhận,1
2026-10-10T01:29:39+00:00,N4a,N4a-i059>i031+i018|i064-nohtf,i059>i031+i018|i064,False,mặc định (quy đổi M15),train,"BTCUSDT,ETHUSDT,BNBUSDT,SOLUSDT,XRPUSDT",Bảng A tổ hợp kích hoạt + xác nhận,1
2026-10-10T01:29:39+00:00,N4a,N4a-i059>i031+i018|i064-htf,i059>i031+i018|i064,True,mặc định (quy đổi M15),train,"BTCUSDT,ETHUSDT,BNBUSDT,SOLUSDT,XRPUSDT",Bảng A tổ hợp kích hoạt + xác nhận,1
2026-10-10T01:29:39+00:00,N4a,N4a-i059>i031+i035|--nohtf,i059>i031+i035|-,False,mặc định (quy đổi M15),train,"BTCUSDT,ETHUSDT,BNBUSDT,SOLUSDT,XRPUSDT",Bảng A tổ hợp kích hoạt + xác nhận,1
2026-10-10T01:29:39+00:00,N4a,N4a-i059>i031+i035|--htf,i059>i031+i035|-,True,mặc định (quy đổi M15),train,"BTCUSDT,ETHUSDT,BNBUSDT,SOLUSDT,XRPUSDT",Bảng A tổ hợp kích hoạt + xác nhận,1
2026-10-10T01:29:39+00:00,N4a,N4a-i059>i031+i035|i064-nohtf,i059>i031+i035|i064,False,mặc định (quy đổi M15),train,"BTCUSDT,ETHUSDT,BNBUSDT,SOLUSDT,XRPUSDT",Bảng A tổ hợp kích hoạt + xác nhận,1
2026-10-10T01:29:39+00:00,N4a,N4a-i059>i031+i035|i064-htf,i059>i031+i035|i064,True,mặc định (quy đổi M15),train,"BTCUSDT,ETHUSDT,BNBUSDT,SOLUSDT,XRPUSDT",Bảng A tổ hợp kích hoạt + xác nhận,1
2026-10-10T01:29:39+00:00,N4a,N4a-i059>i101+i030|--nohtf,i059>i101+i030|-,False,mặc định (quy đổi M15),train,"BTCUSDT,ETHUSDT,BNBUSDT,SOLUSDT,XRPUSDT",Bảng A tổ hợp kích hoạt + xác nhận,1
2026-10-10T01:29:39+00:00,N4a,N4a-i059>i101+i030|--htf,i059>i101+i030|-,True,mặc định (quy đổi M15),train,"BTCUSDT,ETHUSDT,BNBUSDT,SOLUSDT,XRPUSDT",Bảng A tổ hợp kích hoạt + xác nhận,1
2026-10-10T01:29:39+00:00,N4a,N4a-i059>i101+i030|i064-nohtf,i059>i101+i030|i064,False,mặc định (quy đổi M15),train,"BTCUSDT,ETHUSDT,BNBUSDT,SOLUSDT,XRPUSDT",Bảng A tổ hợp kích hoạt + xác nhận,1
2026-10-10T01:29:39+00:00,N4a,N4a-i059>i101+i030|i064-htf,i059>i101+i030|i064,True,mặc định (quy đổi M15),train,"BTCUSDT,ETHUSDT,BNBUSDT,SOLUSDT,XRPUSDT",Bảng A tổ hợp kích hoạt + xác nhận,1
2026-10-10T01:29:39+00:00,N4a,N4a-i059>i101+i018|--nohtf,i059>i101+i018|-,False,mặc định (quy đổi M15),train,"BTCUSDT,ETHUSDT,BNBUSDT,SOLUSDT,XRPUSDT",Bảng A tổ hợp kích hoạt + xác nhận,1
2026-10-10T01:29:39+00:00,N4a,N4a-i059>i101+i018|--htf,i059>i101+i018|-,True,mặc định (quy đổi M15),train,"BTCUSDT,ETHUSDT,BNBUSDT,SOLUSDT,XRPUSDT",Bảng A tổ hợp kích hoạt + xác nhận,1
2026-10-10T01:29:39+00:00,N4a,N4a-i059>i101+i018|i064-nohtf,i059>i101+i018|i064,False,mặc định (quy đổi M15),train,"BTCUSDT,ETHUSDT,BNBUSDT,SOLUSDT,XRPUSDT",Bảng A tổ hợp kích hoạt + xác nhận,1
2026-10-10T01:29:39+00:00,N4a,N4a-i059>i101+i018|i064-htf,i059>i101+i018|i064,True,mặc định (quy đổi M15),train,"BTCUSDT,ETHUSDT,BNBUSDT,SOLUSDT,XRPUSDT",Bảng A tổ hợp kích hoạt + xác nhận,1
2026-10-10T01:29:39+00:00,N4a,N4a-i059>i101+i035|--nohtf,i059>i101+i035|-,False,mặc định (quy đổi M15),train,"BTCUSDT,ETHUSDT,BNBUSDT,SOLUSDT,XRPUSDT",Bảng A tổ hợp kích hoạt + xác nhận,1
2026-10-10T01:29:39+00:00,N4a,N4a-i059>i101+i035|--htf,i059>i101+i035|-,True,mặc định (quy đổi M15),train,"BTCUSDT,ETHUSDT,BNBUSDT,SOLUSDT,XRPUSDT",Bảng A tổ hợp kích hoạt + xác nhận,1
2026-10-10T01:29:39+00:00,N4a,N4a-i059>i101+i035|i064-nohtf,i059>i101+i035|i064,False,mặc định (quy đổi M15),train,"BTCUSDT,ETHUSDT,BNBUSDT,SOLUSDT,XRPUSDT",Bảng A tổ hợp kích hoạt + xác nhận,1
2026-10-10T01:29:39+00:00,N4a,N4a-i059>i101+i035|i064-htf,i059>i101+i035|i064,True,mặc định (quy đổi M15),train,"BTCUSDT,ETHUSDT,BNBUSDT,SOLUSDT,XRPUSDT",Bảng A tổ hợp kích hoạt + xác nhận,1
2026-10-10T01:29:39+00:00,N4a,N4a-i059>i030+i018|--nohtf,i059>i030+i018|-,False,mặc định (quy đổi M15),train,"BTCUSDT,ETHUSDT,BNBUSDT,SOLUSDT,XRPUSDT",Bảng A tổ hợp kích hoạt + xác nhận,1
2026-10-10T01:29:39+00:00,N4a,N4a-i059>i030+i018|--htf,i059>i030+i018|-,True,mặc định (quy đổi M15),train,"BTCUSDT,ETHUSDT,BNBUSDT,SOLUSDT,XRPUSDT",Bảng A tổ hợp kích hoạt + xác nhận,1
2026-10-10T01:29:39+00:00,N4a,N4a-i059>i030+i018|i064-nohtf,i059>i030+i018|i064,False,mặc định (quy đổi M15),train,"BTCUSDT,ETHUSDT,BNBUSDT,SOLUSDT,XRPUSDT",Bảng A tổ hợp kích hoạt + xác nhận,1
2026-10-10T01:29:39+00:00,N4a,N4a-i059>i030+i018|i064-htf,i059>i030+i018|i064,True,mặc định (quy đổi M15),train,"BTCUSDT,ETHUSDT,BNBUSDT,SOLUSDT,XRPUSDT",Bảng A tổ hợp kích hoạt + xác nhận,1
2026-10-10T01:29:39+00:00,N4a,N4a-i059>i030+i035|--nohtf,i059>i030+i035|-,False,mặc định (quy đổi M15),train,"BTCUSDT,ETHUSDT,BNBUSDT,SOLUSDT,XRPUSDT",Bảng A tổ hợp kích hoạt + xác nhận,1
2026-10-10T01:29:39+00:00,N4a,N4a-i059>i030+i035|--htf,i059>i030+i035|-,True,mặc định (quy đổi M15),train,"BTCUSDT,ETHUSDT,BNBUSDT,SOLUSDT,XRPUSDT",Bảng A tổ hợp kích hoạt + xác nhận,1
2026-10-10T01:29:39+00:00,N4a,N4a-i059>i030+i035|i064-nohtf,i059>i030+i035|i064,False,mặc định (quy đổi M15),train,"BTCUSDT,ETHUSDT,BNBUSDT,SOLUSDT,XRPUSDT",Bảng A tổ hợp kích hoạt + xác nhận,1
2026-10-10T01:29:39+00:00,N4a,N4a-i059>i030+i035|i064-htf,i059>i030+i035|i064,True,mặc định (quy đổi M15),train,"BTCUSDT,ETHUSDT,BNBUSDT,SOLUSDT,XRPUSDT",Bảng A tổ hợp kích hoạt + xác nhận,1
2026-10-10T01:29:39+00:00,N4a,N4a-i059>i018+i035|--nohtf,i059>i018+i035|-,False,mặc định (quy đổi M15),train,"BTCUSDT,ETHUSDT,BNBUSDT,SOLUSDT,XRPUSDT",Bảng A tổ hợp kích hoạt + xác nhận,1
2026-10-10T01:29:39+00:00,N4a,N4a-i059>i018+i035|--htf,i059>i018+i035|-,True,mặc định (quy đổi M15),train,"BTCUSDT,ETHUSDT,BNBUSDT,SOLUSDT,XRPUSDT",Bảng A tổ hợp kích hoạt + xác nhận,1
2026-10-10T01:29:39+00:00,N4a,N4a-i059>i018+i035|i064-nohtf,i059>i018+i035|i064,False,mặc định (quy đổi M15),train,"BTCUSDT,ETHUSDT,BNBUSDT,SOLUSDT,XRPUSDT",Bảng A tổ hợp kích hoạt + xác nhận,1
2026-10-10T01:29:39+00:00,N4a,N4a-i059>i018+i035|i064-htf,i059>i018+i035|i064,True,mặc định (quy đổi M15),train,"BTCUSDT,ETHUSDT,BNBUSDT,SOLUSDT,XRPUSDT",Bảng A tổ hợp kích hoạt + xác nhận,1
2026-10-10T01:29:39+00:00,N4a,N4a-i031>i027|--nohtf,i031>i027|-,False,mặc định (quy đổi M15),train,"BTCUSDT,ETHUSDT,BNBUSDT,SOLUSDT,XRPUSDT",Bảng A tổ hợp kích hoạt + xác nhận,1
2026-10-10T01:29:39+00:00,N4a,N4a-i031>i027|--htf,i031>i027|-,True,mặc định (quy đổi M15),train,"BTCUSDT,ETHUSDT,BNBUSDT,SOLUSDT,XRPUSDT",Bảng A tổ hợp kích hoạt + xác nhận,1
2026-10-10T01:29:39+00:00,N4a,N4a-i031>i027|i064-nohtf,i031>i027|i064,False,mặc định (quy đổi M15),train,"BTCUSDT,ETHUSDT,BNBUSDT,SOLUSDT,XRPUSDT",Bảng A tổ hợp kích hoạt + xác nhận,1
2026-10-10T01:29:39+00:00,N4a,N4a-i031>i027|i064-htf,i031>i027|i064,True,mặc định (quy đổi M15),train,"BTCUSDT,ETHUSDT,BNBUSDT,SOLUSDT,XRPUSDT",Bảng A tổ hợp kích hoạt + xác nhận,1
2026-10-10T01:29:39+00:00,N4a,N4a-i031>i024|--nohtf,i031>i024|-,False,mặc định (quy đổi M15),train,"BTCUSDT,ETHUSDT,BNBUSDT,SOLUSDT,XRPUSDT",Bảng A tổ hợp kích hoạt + xác nhận,1
2026-10-10T01:29:39+00:00,N4a,N4a-i031>i024|--htf,i031>i024|-,True,mặc định (quy đổi M15),train,"BTCUSDT,ETHUSDT,BNBUSDT,SOLUSDT,XRPUSDT",Bảng A tổ hợp kích hoạt + xác nhận,1
2026-10-10T01:29:39+00:00,N4a,N4a-i031>i024|i064-nohtf,i031>i024|i064,False,mặc định (quy đổi M15),train,"BTCUSDT,ETHUSDT,BNBUSDT,SOLUSDT,XRPUSDT",Bảng A tổ hợp kích hoạt + xác nhận,1
2026-10-10T01:29:39+00:00,N4a,N4a-i031>i024|i064-htf,i031>i024|i064,True,mặc định (quy đổi M15),train,"BTCUSDT,ETHUSDT,BNBUSDT,SOLUSDT,XRPUSDT",Bảng A tổ hợp kích hoạt + xác nhận,1
2026-10-10T01:29:39+00:00,N4a,N4a-i031>i034|--nohtf,i031>i034|-,False,mặc định (quy đổi M15),train,"BTCUSDT,ETHUSDT,BNBUSDT,SOLUSDT,XRPUSDT",Bảng A tổ hợp kích hoạt + xác nhận,1
2026-10-10T01:29:39+00:00,N4a,N4a-i031>i034|--htf,i031>i034|-,True,mặc định (quy đổi M15),train,"BTCUSDT,ETHUSDT,BNBUSDT,SOLUSDT,XRPUSDT",Bảng A tổ hợp kích hoạt + xác nhận,1
2026-10-10T01:29:39+00:00,N4a,N4a-i031>i034|i064-nohtf,i031>i034|i064,False,mặc định (quy đổi M15),train,"BTCUSDT,ETHUSDT,BNBUSDT,SOLUSDT,XRPUSDT",Bảng A tổ hợp kích hoạt + xác nhận,1
2026-10-10T01:29:39+00:00,N4a,N4a-i031>i034|i064-htf,i031>i034|i064,True,mặc định (quy đổi M15),train,"BTCUSDT,ETHUSDT,BNBUSDT,SOLUSDT,XRPUSDT",Bảng A tổ hợp kích hoạt + xác nhận,1
2026-10-10T01:29:39+00:00,N4a,N4a-i031>i061|--nohtf,i031>i061|-,False,mặc định (quy đổi M15),train,"BTCUSDT,ETHUSDT,BNBUSDT,SOLUSDT,XRPUSDT",Bảng A tổ hợp kích hoạt + xác nhận,1
2026-10-10T01:29:39+00:00,N4a,N4a-i031>i061|--htf,i031>i061|-,True,mặc định (quy đổi M15),train,"BTCUSDT,ETHUSDT,BNBUSDT,SOLUSDT,XRPUSDT",Bảng A tổ hợp kích hoạt + xác nhận,1
2026-10-10T01:29:39+00:00,N4a,N4a-i031>i061|i064-nohtf,i031>i061|i064,False,mặc định (quy đổi M15),train,"BTCUSDT,ETHUSDT,BNBUSDT,SOLUSDT,XRPUSDT",Bảng A tổ hợp kích hoạt + xác nhận,1
2026-10-10T01:29:39+00:00,N4a,N4a-i031>i061|i064-htf,i031>i061|i064,True,mặc định (quy đổi M15),train,"BTCUSDT,ETHUSDT,BNBUSDT,SOLUSDT,XRPUSDT",Bảng A tổ hợp kích hoạt + xác nhận,1
2026-10-10T01:29:39+00:00,N4a,N4a-i031>i059|--nohtf,i031>i059|-,False,mặc định (quy đổi M15),train,"BTCUSDT,ETHUSDT,BNBUSDT,SOLUSDT,XRPUSDT",Bảng A tổ hợp kích hoạt + xác nhận,1
2026-10-10T01:29:39+00:00,N4a,N4a-i031>i059|--htf,i031>i059|-,True,mặc định (quy đổi M15),train,"BTCUSDT,ETHUSDT,BNBUSDT,SOLUSDT,XRPUSDT",Bảng A tổ hợp kích hoạt + xác nhận,1
2026-10-10T01:29:39+00:00,N4a,N4a-i031>i059|i064-nohtf,i031>i059|i064,False,mặc định (quy đổi M15),train,"BTCUSDT,ETHUSDT,BNBUSDT,SOLUSDT,XRPUSDT",Bảng A tổ hợp kích hoạt + xác nhận,1
2026-10-10T01:29:39+00:00,N4a,N4a-i031>i059|i064-htf,i031>i059|i064,True,mặc định (quy đổi M15),train,"BTCUSDT,ETHUSDT,BNBUSDT,SOLUSDT,XRPUSDT",Bảng A tổ hợp kích hoạt + xác nhận,1
2026-10-10T01:29:39+00:00,N4a,N4a-i031>i101|--nohtf,i031>i101|-,False,mặc định (quy đổi M15),train,"BTCUSDT,ETHUSDT,BNBUSDT,SOLUSDT,XRPUSDT",Bảng A tổ hợp kích hoạt + xác nhận,1
2026-10-10T01:29:39+00:00,N4a,N4a-i031>i101|--htf,i031>i101|-,True,mặc định (quy đổi M15),train,"BTCUSDT,ETHUSDT,BNBUSDT,SOLUSDT,XRPUSDT",Bảng A tổ hợp kích hoạt + xác nhận,1
2026-10-10T01:29:39+00:00,N4a,N4a-i031>i101|i064-nohtf,i031>i101|i064,False,mặc định (quy đổi M15),train,"BTCUSDT,ETHUSDT,BNBUSDT,SOLUSDT,XRPUSDT",Bảng A tổ hợp kích hoạt + xác nhận,1
2026-10-10T01:29:39+00:00,N4a,N4a-i031>i101|i064-htf,i031>i101|i064,True,mặc định (quy đổi M15),train,"BTCUSDT,ETHUSDT,BNBUSDT,SOLUSDT,XRPUSDT",Bảng A tổ hợp kích hoạt + xác nhận,1
2026-10-10T01:29:39+00:00,N4a,N4a-i031>i030|--nohtf,i031>i030|-,False,mặc định (quy đổi M15),train,"BTCUSDT,ETHUSDT,BNBUSDT,SOLUSDT,XRPUSDT",Bảng A tổ hợp kích hoạt + xác nhận,1
2026-10-10T01:29:39+00:00,N4a,N4a-i031>i030|--htf,i031>i030|-,True,mặc định (quy đổi M15),train,"BTCUSDT,ETHUSDT,BNBUSDT,SOLUSDT,XRPUSDT",Bảng A tổ hợp kích hoạt + xác nhận,1
2026-10-10T01:29:39+00:00,N4a,N4a-i031>i030|i064-nohtf,i031>i030|i064,False,mặc định (quy đổi M15),train,"BTCUSDT,ETHUSDT,BNBUSDT,SOLUSDT,XRPUSDT",Bảng A tổ hợp kích hoạt + xác nhận,1
2026-10-10T01:29:39+00:00,N4a,N4a-i031>i030|i064-htf,i031>i030|i064,True,mặc định (quy đổi M15),train,"BTCUSDT,ETHUSDT,BNBUSDT,SOLUSDT,XRPUSDT",Bảng A tổ hợp kích hoạt + xác nhận,1
2026-10-10T01:29:39+00:00,N4a,N4a-i031>i018|--nohtf,i031>i018|-,False,mặc định (quy đổi M15),train,"BTCUSDT,ETHUSDT,BNBUSDT,SOLUSDT,XRPUSDT",Bảng A tổ hợp kích hoạt + xác nhận,1
2026-10-10T01:29:39+00:00,N4a,N4a-i031>i018|--htf,i031>i018|-,True,mặc định (quy đổi M15),train,"BTCUSDT,ETHUSDT,BNBUSDT,SOLUSDT,XRPUSDT",Bảng A tổ hợp kích hoạt + xác nhận,1
2026-10-10T01:29:39+00:00,N4a,N4a-i031>i018|i064-nohtf,i031>i018|i064,False,mặc định (quy đổi M15),train,"BTCUSDT,ETHUSDT,BNBUSDT,SOLUSDT,XRPUSDT",Bảng A tổ hợp kích hoạt + xác nhận,1
2026-10-10T01:29:39+00:00,N4a,N4a-i031>i018|i064-htf,i031>i018|i064,True,mặc định (quy đổi M15),train,"BTCUSDT,ETHUSDT,BNBUSDT,SOLUSDT,XRPUSDT",Bảng A tổ hợp kích hoạt + xác nhận,1
2026-10-10T01:29:39+00:00,N4a,N4a-i031>i035|--nohtf,i031>i035|-,False,mặc định (quy đổi M15),train,"BTCUSDT,ETHUSDT,BNBUSDT,SOLUSDT,XRPUSDT",Bảng A tổ hợp kích hoạt + xác nhận,1
2026-10-10T01:29:39+00:00,N4a,N4a-i031>i035|--htf,i031>i035|-,True,mặc định (quy đổi M15),train,"BTCUSDT,ETHUSDT,BNBUSDT,SOLUSDT,XRPUSDT",Bảng A tổ hợp kích hoạt + xác nhận,1
2026-10-10T01:29:39+00:00,N4a,N4a-i031>i035|i064-nohtf,i031>i035|i064,False,mặc định (quy đổi M15),train,"BTCUSDT,ETHUSDT,BNBUSDT,SOLUSDT,XRPUSDT",Bảng A tổ hợp kích hoạt + xác nhận,1
2026-10-10T01:29:39+00:00,N4a,N4a-i031>i035|i064-htf,i031>i035|i064,True,mặc định (quy đổi M15),train,"BTCUSDT,ETHUSDT,BNBUSDT,SOLUSDT,XRPUSDT",Bảng A tổ hợp kích hoạt + xác nhận,1
2026-10-10T01:29:39+00:00,N4a,N4a-i031>i027+i024|--nohtf,i031>i027+i024|-,False,mặc định (quy đổi M15),train,"BTCUSDT,ETHUSDT,BNBUSDT,SOLUSDT,XRPUSDT",Bảng A tổ hợp kích hoạt + xác nhận,1
2026-10-10T01:29:39+00:00,N4a,N4a-i031>i027+i024|--htf,i031>i027+i024|-,True,mặc định (quy đổi M15),train,"BTCUSDT,ETHUSDT,BNBUSDT,SOLUSDT,XRPUSDT",Bảng A tổ hợp kích hoạt + xác nhận,1
2026-10-10T01:29:39+00:00,N4a,N4a-i031>i027+i024|i064-nohtf,i031>i027+i024|i064,False,mặc định (quy đổi M15),train,"BTCUSDT,ETHUSDT,BNBUSDT,SOLUSDT,XRPUSDT",Bảng A tổ hợp kích hoạt + xác nhận,1
2026-10-10T01:29:39+00:00,N4a,N4a-i031>i027+i024|i064-htf,i031>i027+i024|i064,True,mặc định (quy đổi M15),train,"BTCUSDT,ETHUSDT,BNBUSDT,SOLUSDT,XRPUSDT",Bảng A tổ hợp kích hoạt + xác nhận,1
2026-10-10T01:29:39+00:00,N4a,N4a-i031>i027+i034|--nohtf,i031>i027+i034|-,False,mặc định (quy đổi M15),train,"BTCUSDT,ETHUSDT,BNBUSDT,SOLUSDT,XRPUSDT",Bảng A tổ hợp kích hoạt + xác nhận,1
2026-10-10T01:29:39+00:00,N4a,N4a-i031>i027+i034|--htf,i031>i027+i034|-,True,mặc định (quy đổi M15),train,"BTCUSDT,ETHUSDT,BNBUSDT,SOLUSDT,XRPUSDT",Bảng A tổ hợp kích hoạt + xác nhận,1
2026-10-10T01:29:39+00:00,N4a,N4a-i031>i027+i034|i064-nohtf,i031>i027+i034|i064,False,mặc định (quy đổi M15),train,"BTCUSDT,ETHUSDT,BNBUSDT,SOLUSDT,XRPUSDT",Bảng A tổ hợp kích hoạt + xác nhận,1
2026-10-10T01:29:39+00:00,N4a,N4a-i031>i027+i034|i064-htf,i031>i027+i034|i064,True,mặc định (quy đổi M15),train,"BTCUSDT,ETHUSDT,BNBUSDT,SOLUSDT,XRPUSDT",Bảng A tổ hợp kích hoạt + xác nhận,1
2026-10-10T01:29:39+00:00,N4a,N4a-i031>i027+i061|--nohtf,i031>i027+i061|-,False,mặc định (quy đổi M15),train,"BTCUSDT,ETHUSDT,BNBUSDT,SOLUSDT,XRPUSDT",Bảng A tổ hợp kích hoạt + xác nhận,1
2026-10-10T01:29:39+00:00,N4a,N4a-i031>i027+i061|--htf,i031>i027+i061|-,True,mặc định (quy đổi M15),train,"BTCUSDT,ETHUSDT,BNBUSDT,SOLUSDT,XRPUSDT",Bảng A tổ hợp kích hoạt + xác nhận,1
2026-10-10T01:29:39+00:00,N4a,N4a-i031>i027+i061|i064-nohtf,i031>i027+i061|i064,False,mặc định (quy đổi M15),train,"BTCUSDT,ETHUSDT,BNBUSDT,SOLUSDT,XRPUSDT",Bảng A tổ hợp kích hoạt + xác nhận,1
2026-10-10T01:29:39+00:00,N4a,N4a-i031>i027+i061|i064-htf,i031>i027+i061|i064,True,mặc định (quy đổi M15),train,"BTCUSDT,ETHUSDT,BNBUSDT,SOLUSDT,XRPUSDT",Bảng A tổ hợp kích hoạt + xác nhận,1
2026-10-10T01:29:39+00:00,N4a,N4a-i031>i027+i059|--nohtf,i031>i027+i059|-,False,mặc định (quy đổi M15),train,"BTCUSDT,ETHUSDT,BNBUSDT,SOLUSDT,XRPUSDT",Bảng A tổ hợp kích hoạt + xác nhận,1
2026-10-10T01:29:39+00:00,N4a,N4a-i031>i027+i059|--htf,i031>i027+i059|-,True,mặc định (quy đổi M15),train,"BTCUSDT,ETHUSDT,BNBUSDT,SOLUSDT,XRPUSDT",Bảng A tổ hợp kích hoạt + xác nhận,1
2026-10-10T01:29:39+00:00,N4a,N4a-i031>i027+i059|i064-nohtf,i031>i027+i059|i064,False,mặc định (quy đổi M15),train,"BTCUSDT,ETHUSDT,BNBUSDT,SOLUSDT,XRPUSDT",Bảng A tổ hợp kích hoạt + xác nhận,1
2026-10-10T01:29:39+00:00,N4a,N4a-i031>i027+i059|i064-htf,i031>i027+i059|i064,True,mặc định (quy đổi M15),train,"BTCUSDT,ETHUSDT,BNBUSDT,SOLUSDT,XRPUSDT",Bảng A tổ hợp kích hoạt + xác nhận,1
2026-10-10T01:29:39+00:00,N4a,N4a-i031>i027+i101|--nohtf,i031>i027+i101|-,False,mặc định (quy đổi M15),train,"BTCUSDT,ETHUSDT,BNBUSDT,SOLUSDT,XRPUSDT",Bảng A tổ hợp kích hoạt + xác nhận,1
2026-10-10T01:29:39+00:00,N4a,N4a-i031>i027+i101|--htf,i031>i027+i101|-,True,mặc định (quy đổi M15),train,"BTCUSDT,ETHUSDT,BNBUSDT,SOLUSDT,XRPUSDT",Bảng A tổ hợp kích hoạt + xác nhận,1
2026-10-10T01:29:39+00:00,N4a,N4a-i031>i027+i101|i064-nohtf,i031>i027+i101|i064,False,mặc định (quy đổi M15),train,"BTCUSDT,ETHUSDT,BNBUSDT,SOLUSDT,XRPUSDT",Bảng A tổ hợp kích hoạt + xác nhận,1
2026-10-10T01:29:39+00:00,N4a,N4a-i031>i027+i101|i064-htf,i031>i027+i101|i064,True,mặc định (quy đổi M15),train,"BTCUSDT,ETHUSDT,BNBUSDT,SOLUSDT,XRPUSDT",Bảng A tổ hợp kích hoạt + xác nhận,1
2026-10-10T01:29:39+00:00,N4a,N4a-i031>i027+i030|--nohtf,i031>i027+i030|-,False,mặc định (quy đổi M15),train,"BTCUSDT,ETHUSDT,BNBUSDT,SOLUSDT,XRPUSDT",Bảng A tổ hợp kích hoạt + xác nhận,1
2026-10-10T01:29:39+00:00,N4a,N4a-i031>i027+i030|--htf,i031>i027+i030|-,True,mặc định (quy đổi M15),train,"BTCUSDT,ETHUSDT,BNBUSDT,SOLUSDT,XRPUSDT",Bảng A tổ hợp kích hoạt + xác nhận,1
2026-10-10T01:29:39+00:00,N4a,N4a-i031>i027+i030|i064-nohtf,i031>i027+i030|i064,False,mặc định (quy đổi M15),train,"BTCUSDT,ETHUSDT,BNBUSDT,SOLUSDT,XRPUSDT",Bảng A tổ hợp kích hoạt + xác nhận,1
2026-10-10T01:29:39+00:00,N4a,N4a-i031>i027+i030|i064-htf,i031>i027+i030|i064,True,mặc định (quy đổi M15),train,"BTCUSDT,ETHUSDT,BNBUSDT,SOLUSDT,XRPUSDT",Bảng A tổ hợp kích hoạt + xác nhận,1
2026-10-10T01:29:39+00:00,N4a,N4a-i031>i027+i018|--nohtf,i031>i027+i018|-,False,mặc định (quy đổi M15),train,"BTCUSDT,ETHUSDT,BNBUSDT,SOLUSDT,XRPUSDT",Bảng A tổ hợp kích hoạt + xác nhận,1
2026-10-10T01:29:39+00:00,N4a,N4a-i031>i027+i018|--htf,i031>i027+i018|-,True,mặc định (quy đổi M15),train,"BTCUSDT,ETHUSDT,BNBUSDT,SOLUSDT,XRPUSDT",Bảng A tổ hợp kích hoạt + xác nhận,1
2026-10-10T01:29:39+00:00,N4a,N4a-i031>i027+i018|i064-nohtf,i031>i027+i018|i064,False,mặc định (quy đổi M15),train,"BTCUSDT,ETHUSDT,BNBUSDT,SOLUSDT,XRPUSDT",Bảng A tổ hợp kích hoạt + xác nhận,1
2026-10-10T01:29:39+00:00,N4a,N4a-i031>i027+i018|i064-htf,i031>i027+i018|i064,True,mặc định (quy đổi M15),train,"BTCUSDT,ETHUSDT,BNBUSDT,SOLUSDT,XRPUSDT",Bảng A tổ hợp kích hoạt + xác nhận,1
2026-10-10T01:29:39+00:00,N4a,N4a-i031>i027+i035|--nohtf,i031>i027+i035|-,False,mặc định (quy đổi M15),train,"BTCUSDT,ETHUSDT,BNBUSDT,SOLUSDT,XRPUSDT",Bảng A tổ hợp kích hoạt + xác nhận,1
2026-10-10T01:29:39+00:00,N4a,N4a-i031>i027+i035|--htf,i031>i027+i035|-,True,mặc định (quy đổi M15),train,"BTCUSDT,ETHUSDT,BNBUSDT,SOLUSDT,XRPUSDT",Bảng A tổ hợp kích hoạt + xác nhận,1
2026-10-10T01:29:39+00:00,N4a,N4a-i031>i027+i035|i064-nohtf,i031>i027+i035|i064,False,mặc định (quy đổi M15),train,"BTCUSDT,ETHUSDT,BNBUSDT,SOLUSDT,XRPUSDT",Bảng A tổ hợp kích hoạt + xác nhận,1
2026-10-10T01:29:39+00:00,N4a,N4a-i031>i027+i035|i064-htf,i031>i027+i035|i064,True,mặc định (quy đổi M15),train,"BTCUSDT,ETHUSDT,BNBUSDT,SOLUSDT,XRPUSDT",Bảng A tổ hợp kích hoạt + xác nhận,1
2026-10-10T01:29:39+00:00,N4a,N4a-i031>i024+i034|--nohtf,i031>i024+i034|-,False,mặc định (quy đổi M15),train,"BTCUSDT,ETHUSDT,BNBUSDT,SOLUSDT,XRPUSDT",Bảng A tổ hợp kích hoạt + xác nhận,1
2026-10-10T01:29:39+00:00,N4a,N4a-i031>i024+i034|--htf,i031>i024+i034|-,True,mặc định (quy đổi M15),train,"BTCUSDT,ETHUSDT,BNBUSDT,SOLUSDT,XRPUSDT",Bảng A tổ hợp kích hoạt + xác nhận,1
2026-10-10T01:29:39+00:00,N4a,N4a-i031>i024+i034|i064-nohtf,i031>i024+i034|i064,False,mặc định (quy đổi M15),train,"BTCUSDT,ETHUSDT,BNBUSDT,SOLUSDT,XRPUSDT",Bảng A tổ hợp kích hoạt + xác nhận,1
2026-10-10T01:29:39+00:00,N4a,N4a-i031>i024+i034|i064-htf,i031>i024+i034|i064,True,mặc định (quy đổi M15),train,"BTCUSDT,ETHUSDT,BNBUSDT,SOLUSDT,XRPUSDT",Bảng A tổ hợp kích hoạt + xác nhận,1
2026-10-10T01:29:39+00:00,N4a,N4a-i031>i024+i061|--nohtf,i031>i024+i061|-,False,mặc định (quy đổi M15),train,"BTCUSDT,ETHUSDT,BNBUSDT,SOLUSDT,XRPUSDT",Bảng A tổ hợp kích hoạt + xác nhận,1
2026-10-10T01:29:39+00:00,N4a,N4a-i031>i024+i061|--htf,i031>i024+i061|-,True,mặc định (quy đổi M15),train,"BTCUSDT,ETHUSDT,BNBUSDT,SOLUSDT,XRPUSDT",Bảng A tổ hợp kích hoạt + xác nhận,1
2026-10-10T01:29:39+00:00,N4a,N4a-i031>i024+i061|i064-nohtf,i031>i024+i061|i064,False,mặc định (quy đổi M15),train,"BTCUSDT,ETHUSDT,BNBUSDT,SOLUSDT,XRPUSDT",Bảng A tổ hợp kích hoạt + xác nhận,1
2026-10-10T01:29:39+00:00,N4a,N4a-i031>i024+i061|i064-htf,i031>i024+i061|i064,True,mặc định (quy đổi M15),train,"BTCUSDT,ETHUSDT,BNBUSDT,SOLUSDT,XRPUSDT",Bảng A tổ hợp kích hoạt + xác nhận,1
2026-10-10T01:29:39+00:00,N4a,N4a-i031>i024+i059|--nohtf,i031>i024+i059|-,False,mặc định (quy đổi M15),train,"BTCUSDT,ETHUSDT,BNBUSDT,SOLUSDT,XRPUSDT",Bảng A tổ hợp kích hoạt + xác nhận,1
2026-10-10T01:29:39+00:00,N4a,N4a-i031>i024+i059|--htf,i031>i024+i059|-,True,mặc định (quy đổi M15),train,"BTCUSDT,ETHUSDT,BNBUSDT,SOLUSDT,XRPUSDT",Bảng A tổ hợp kích hoạt + xác nhận,1
2026-10-10T01:29:39+00:00,N4a,N4a-i031>i024+i059|i064-nohtf,i031>i024+i059|i064,False,mặc định (quy đổi M15),train,"BTCUSDT,ETHUSDT,BNBUSDT,SOLUSDT,XRPUSDT",Bảng A tổ hợp kích hoạt + xác nhận,1
2026-10-10T01:29:39+00:00,N4a,N4a-i031>i024+i059|i064-htf,i031>i024+i059|i064,True,mặc định (quy đổi M15),train,"BTCUSDT,ETHUSDT,BNBUSDT,SOLUSDT,XRPUSDT",Bảng A tổ hợp kích hoạt + xác nhận,1
2026-10-10T01:29:39+00:00,N4a,N4a-i031>i024+i101|--nohtf,i031>i024+i101|-,False,mặc định (quy đổi M15),train,"BTCUSDT,ETHUSDT,BNBUSDT,SOLUSDT,XRPUSDT",Bảng A tổ hợp kích hoạt + xác nhận,1
2026-10-10T01:29:39+00:00,N4a,N4a-i031>i024+i101|--htf,i031>i024+i101|-,True,mặc định (quy đổi M15),train,"BTCUSDT,ETHUSDT,BNBUSDT,SOLUSDT,XRPUSDT",Bảng A tổ hợp kích hoạt + xác nhận,1
2026-10-10T01:29:39+00:00,N4a,N4a-i031>i024+i101|i064-nohtf,i031>i024+i101|i064,False,mặc định (quy đổi M15),train,"BTCUSDT,ETHUSDT,BNBUSDT,SOLUSDT,XRPUSDT",Bảng A tổ hợp kích hoạt + xác nhận,1
2026-10-10T01:29:39+00:00,N4a,N4a-i031>i024+i101|i064-htf,i031>i024+i101|i064,True,mặc định (quy đổi M15),train,"BTCUSDT,ETHUSDT,BNBUSDT,SOLUSDT,XRPUSDT",Bảng A tổ hợp kích hoạt + xác nhận,1
2026-10-10T01:29:39+00:00,N4a,N4a-i031>i024+i030|--nohtf,i031>i024+i030|-,False,mặc định (quy đổi M15),train,"BTCUSDT,ETHUSDT,BNBUSDT,SOLUSDT,XRPUSDT",Bảng A tổ hợp kích hoạt + xác nhận,1
2026-10-10T01:29:39+00:00,N4a,N4a-i031>i024+i030|--htf,i031>i024+i030|-,True,mặc định (quy đổi M15),train,"BTCUSDT,ETHUSDT,BNBUSDT,SOLUSDT,XRPUSDT",Bảng A tổ hợp kích hoạt + xác nhận,1
2026-10-10T01:29:39+00:00,N4a,N4a-i031>i024+i030|i064-nohtf,i031>i024+i030|i064,False,mặc định (quy đổi M15),train,"BTCUSDT,ETHUSDT,BNBUSDT,SOLUSDT,XRPUSDT",Bảng A tổ hợp kích hoạt + xác nhận,1
2026-10-10T01:29:39+00:00,N4a,N4a-i031>i024+i030|i064-htf,i031>i024+i030|i064,True,mặc định (quy đổi M15),train,"BTCUSDT,ETHUSDT,BNBUSDT,SOLUSDT,XRPUSDT",Bảng A tổ hợp kích hoạt + xác nhận,1
2026-10-10T01:29:39+00:00,N4a,N4a-i031>i024+i018|--nohtf,i031>i024+i018|-,False,mặc định (quy đổi M15),train,"BTCUSDT,ETHUSDT,BNBUSDT,SOLUSDT,XRPUSDT",Bảng A tổ hợp kích hoạt + xác nhận,1
2026-10-10T01:29:39+00:00,N4a,N4a-i031>i024+i018|--htf,i031>i024+i018|-,True,mặc định (quy đổi M15),train,"BTCUSDT,ETHUSDT,BNBUSDT,SOLUSDT,XRPUSDT",Bảng A tổ hợp kích hoạt + xác nhận,1
2026-10-10T01:29:39+00:00,N4a,N4a-i031>i024+i018|i064-nohtf,i031>i024+i018|i064,False,mặc định (quy đổi M15),train,"BTCUSDT,ETHUSDT,BNBUSDT,SOLUSDT,XRPUSDT",Bảng A tổ hợp kích hoạt + xác nhận,1
2026-10-10T01:29:39+00:00,N4a,N4a-i031>i024+i018|i064-htf,i031>i024+i018|i064,True,mặc định (quy đổi M15),train,"BTCUSDT,ETHUSDT,BNBUSDT,SOLUSDT,XRPUSDT",Bảng A tổ hợp kích hoạt + xác nhận,1
2026-10-10T01:29:39+00:00,N4a,N4a-i031>i024+i035|--nohtf,i031>i024+i035|-,False,mặc định (quy đổi M15),train,"BTCUSDT,ETHUSDT,BNBUSDT,SOLUSDT,XRPUSDT",Bảng A tổ hợp kích hoạt + xác nhận,1
2026-10-10T01:29:39+00:00,N4a,N4a-i031>i024+i035|--htf,i031>i024+i035|-,True,mặc định (quy đổi M15),train,"BTCUSDT,ETHUSDT,BNBUSDT,SOLUSDT,XRPUSDT",Bảng A tổ hợp kích hoạt + xác nhận,1
2026-10-10T01:29:39+00:00,N4a,N4a-i031>i024+i035|i064-nohtf,i031>i024+i035|i064,False,mặc định (quy đổi M15),train,"BTCUSDT,ETHUSDT,BNBUSDT,SOLUSDT,XRPUSDT",Bảng A tổ hợp kích hoạt + xác nhận,1
2026-10-10T01:29:39+00:00,N4a,N4a-i031>i024+i035|i064-htf,i031>i024+i035|i064,True,mặc định (quy đổi M15),train,"BTCUSDT,ETHUSDT,BNBUSDT,SOLUSDT,XRPUSDT",Bảng A tổ hợp kích hoạt + xác nhận,1
2026-10-10T01:29:39+00:00,N4a,N4a-i031>i034+i061|--nohtf,i031>i034+i061|-,False,mặc định (quy đổi M15),train,"BTCUSDT,ETHUSDT,BNBUSDT,SOLUSDT,XRPUSDT",Bảng A tổ hợp kích hoạt + xác nhận,1
2026-10-10T01:29:39+00:00,N4a,N4a-i031>i034+i061|--htf,i031>i034+i061|-,True,mặc định (quy đổi M15),train,"BTCUSDT,ETHUSDT,BNBUSDT,SOLUSDT,XRPUSDT",Bảng A tổ hợp kích hoạt + xác nhận,1
2026-10-10T01:29:39+00:00,N4a,N4a-i031>i034+i061|i064-nohtf,i031>i034+i061|i064,False,mặc định (quy đổi M15),train,"BTCUSDT,ETHUSDT,BNBUSDT,SOLUSDT,XRPUSDT",Bảng A tổ hợp kích hoạt + xác nhận,1
2026-10-10T01:29:39+00:00,N4a,N4a-i031>i034+i061|i064-htf,i031>i034+i061|i064,True,mặc định (quy đổi M15),train,"BTCUSDT,ETHUSDT,BNBUSDT,SOLUSDT,XRPUSDT",Bảng A tổ hợp kích hoạt + xác nhận,1
2026-10-10T01:29:39+00:00,N4a,N4a-i031>i034+i059|--nohtf,i031>i034+i059|-,False,mặc định (quy đổi M15),train,"BTCUSDT,ETHUSDT,BNBUSDT,SOLUSDT,XRPUSDT",Bảng A tổ hợp kích hoạt + xác nhận,1
2026-10-10T01:29:39+00:00,N4a,N4a-i031>i034+i059|--htf,i031>i034+i059|-,True,mặc định (quy đổi M15),train,"BTCUSDT,ETHUSDT,BNBUSDT,SOLUSDT,XRPUSDT",Bảng A tổ hợp kích hoạt + xác nhận,1
2026-10-10T01:29:39+00:00,N4a,N4a-i031>i034+i059|i064-nohtf,i031>i034+i059|i064,False,mặc định (quy đổi M15),train,"BTCUSDT,ETHUSDT,BNBUSDT,SOLUSDT,XRPUSDT",Bảng A tổ hợp kích hoạt + xác nhận,1
2026-10-10T01:29:39+00:00,N4a,N4a-i031>i034+i059|i064-htf,i031>i034+i059|i064,True,mặc định (quy đổi M15),train,"BTCUSDT,ETHUSDT,BNBUSDT,SOLUSDT,XRPUSDT",Bảng A tổ hợp kích hoạt + xác nhận,1
2026-10-10T01:29:39+00:00,N4a,N4a-i031>i034+i101|--nohtf,i031>i034+i101|-,False,mặc định (quy đổi M15),train,"BTCUSDT,ETHUSDT,BNBUSDT,SOLUSDT,XRPUSDT",Bảng A tổ hợp kích hoạt + xác nhận,1
2026-10-10T01:29:39+00:00,N4a,N4a-i031>i034+i101|--htf,i031>i034+i101|-,True,mặc định (quy đổi M15),train,"BTCUSDT,ETHUSDT,BNBUSDT,SOLUSDT,XRPUSDT",Bảng A tổ hợp kích hoạt + xác nhận,1
2026-10-10T01:29:39+00:00,N4a,N4a-i031>i034+i101|i064-nohtf,i031>i034+i101|i064,False,mặc định (quy đổi M15),train,"BTCUSDT,ETHUSDT,BNBUSDT,SOLUSDT,XRPUSDT",Bảng A tổ hợp kích hoạt + xác nhận,1
2026-10-10T01:29:39+00:00,N4a,N4a-i031>i034+i101|i064-htf,i031>i034+i101|i064,True,mặc định (quy đổi M15),train,"BTCUSDT,ETHUSDT,BNBUSDT,SOLUSDT,XRPUSDT",Bảng A tổ hợp kích hoạt + xác nhận,1
2026-10-10T01:29:39+00:00,N4a,N4a-i031>i034+i030|--nohtf,i031>i034+i030|-,False,mặc định (quy đổi M15),train,"BTCUSDT,ETHUSDT,BNBUSDT,SOLUSDT,XRPUSDT",Bảng A tổ hợp kích hoạt + xác nhận,1
2026-10-10T01:29:39+00:00,N4a,N4a-i031>i034+i030|--htf,i031>i034+i030|-,True,mặc định (quy đổi M15),train,"BTCUSDT,ETHUSDT,BNBUSDT,SOLUSDT,XRPUSDT",Bảng A tổ hợp kích hoạt + xác nhận,1
2026-10-10T01:29:39+00:00,N4a,N4a-i031>i034+i030|i064-nohtf,i031>i034+i030|i064,False,mặc định (quy đổi M15),train,"BTCUSDT,ETHUSDT,BNBUSDT,SOLUSDT,XRPUSDT",Bảng A tổ hợp kích hoạt + xác nhận,1
2026-10-10T01:29:39+00:00,N4a,N4a-i031>i034+i030|i064-htf,i031>i034+i030|i064,True,mặc định (quy đổi M15),train,"BTCUSDT,ETHUSDT,BNBUSDT,SOLUSDT,XRPUSDT",Bảng A tổ hợp kích hoạt + xác nhận,1
2026-10-10T01:29:39+00:00,N4a,N4a-i031>i034+i018|--nohtf,i031>i034+i018|-,False,mặc định (quy đổi M15),train,"BTCUSDT,ETHUSDT,BNBUSDT,SOLUSDT,XRPUSDT",Bảng A tổ hợp kích hoạt + xác nhận,1
2026-10-10T01:29:39+00:00,N4a,N4a-i031>i034+i018|--htf,i031>i034+i018|-,True,mặc định (quy đổi M15),train,"BTCUSDT,ETHUSDT,BNBUSDT,SOLUSDT,XRPUSDT",Bảng A tổ hợp kích hoạt + xác nhận,1
2026-10-10T01:29:39+00:00,N4a,N4a-i031>i034+i018|i064-nohtf,i031>i034+i018|i064,False,mặc định (quy đổi M15),train,"BTCUSDT,ETHUSDT,BNBUSDT,SOLUSDT,XRPUSDT",Bảng A tổ hợp kích hoạt + xác nhận,1
2026-10-10T01:29:39+00:00,N4a,N4a-i031>i034+i018|i064-htf,i031>i034+i018|i064,True,mặc định (quy đổi M15),train,"BTCUSDT,ETHUSDT,BNBUSDT,SOLUSDT,XRPUSDT",Bảng A tổ hợp kích hoạt + xác nhận,1
2026-10-10T01:29:39+00:00,N4a,N4a-i031>i034+i035|--nohtf,i031>i034+i035|-,False,mặc định (quy đổi M15),train,"BTCUSDT,ETHUSDT,BNBUSDT,SOLUSDT,XRPUSDT",Bảng A tổ hợp kích hoạt + xác nhận,1
2026-10-10T01:29:39+00:00,N4a,N4a-i031>i034+i035|--htf,i031>i034+i035|-,True,mặc định (quy đổi M15),train,"BTCUSDT,ETHUSDT,BNBUSDT,SOLUSDT,XRPUSDT",Bảng A tổ hợp kích hoạt + xác nhận,1
2026-10-10T01:29:39+00:00,N4a,N4a-i031>i034+i035|i064-nohtf,i031>i034+i035|i064,False,mặc định (quy đổi M15),train,"BTCUSDT,ETHUSDT,BNBUSDT,SOLUSDT,XRPUSDT",Bảng A tổ hợp kích hoạt + xác nhận,1
2026-10-10T01:29:39+00:00,N4a,N4a-i031>i034+i035|i064-htf,i031>i034+i035|i064,True,mặc định (quy đổi M15),train,"BTCUSDT,ETHUSDT,BNBUSDT,SOLUSDT,XRPUSDT",Bảng A tổ hợp kích hoạt + xác nhận,1
2026-10-10T01:29:39+00:00,N4a,N4a-i031>i061+i059|--nohtf,i031>i061+i059|-,False,mặc định (quy đổi M15),train,"BTCUSDT,ETHUSDT,BNBUSDT,SOLUSDT,XRPUSDT",Bảng A tổ hợp kích hoạt + xác nhận,1
2026-10-10T01:29:39+00:00,N4a,N4a-i031>i061+i059|--htf,i031>i061+i059|-,True,mặc định (quy đổi M15),train,"BTCUSDT,ETHUSDT,BNBUSDT,SOLUSDT,XRPUSDT",Bảng A tổ hợp kích hoạt + xác nhận,1
2026-10-10T01:29:39+00:00,N4a,N4a-i031>i061+i059|i064-nohtf,i031>i061+i059|i064,False,mặc định (quy đổi M15),train,"BTCUSDT,ETHUSDT,BNBUSDT,SOLUSDT,XRPUSDT",Bảng A tổ hợp kích hoạt + xác nhận,1
2026-10-10T01:29:39+00:00,N4a,N4a-i031>i061+i059|i064-htf,i031>i061+i059|i064,True,mặc định (quy đổi M15),train,"BTCUSDT,ETHUSDT,BNBUSDT,SOLUSDT,XRPUSDT",Bảng A tổ hợp kích hoạt + xác nhận,1
2026-10-10T01:29:39+00:00,N4a,N4a-i031>i061+i101|--nohtf,i031>i061+i101|-,False,mặc định (quy đổi M15),train,"BTCUSDT,ETHUSDT,BNBUSDT,SOLUSDT,XRPUSDT",Bảng A tổ hợp kích hoạt + xác nhận,1
2026-10-10T01:29:39+00:00,N4a,N4a-i031>i061+i101|--htf,i031>i061+i101|-,True,mặc định (quy đổi M15),train,"BTCUSDT,ETHUSDT,BNBUSDT,SOLUSDT,XRPUSDT",Bảng A tổ hợp kích hoạt + xác nhận,1
2026-10-10T01:29:39+00:00,N4a,N4a-i031>i061+i101|i064-nohtf,i031>i061+i101|i064,False,mặc định (quy đổi M15),train,"BTCUSDT,ETHUSDT,BNBUSDT,SOLUSDT,XRPUSDT",Bảng A tổ hợp kích hoạt + xác nhận,1
2026-10-10T01:29:39+00:00,N4a,N4a-i031>i061+i101|i064-htf,i031>i061+i101|i064,True,mặc định (quy đổi M15),train,"BTCUSDT,ETHUSDT,BNBUSDT,SOLUSDT,XRPUSDT",Bảng A tổ hợp kích hoạt + xác nhận,1
2026-10-10T01:29:39+00:00,N4a,N4a-i031>i061+i030|--nohtf,i031>i061+i030|-,False,mặc định (quy đổi M15),train,"BTCUSDT,ETHUSDT,BNBUSDT,SOLUSDT,XRPUSDT",Bảng A tổ hợp kích hoạt + xác nhận,1
2026-10-10T01:29:39+00:00,N4a,N4a-i031>i061+i030|--htf,i031>i061+i030|-,True,mặc định (quy đổi M15),train,"BTCUSDT,ETHUSDT,BNBUSDT,SOLUSDT,XRPUSDT",Bảng A tổ hợp kích hoạt + xác nhận,1
2026-10-10T01:29:39+00:00,N4a,N4a-i031>i061+i030|i064-nohtf,i031>i061+i030|i064,False,mặc định (quy đổi M15),train,"BTCUSDT,ETHUSDT,BNBUSDT,SOLUSDT,XRPUSDT",Bảng A tổ hợp kích hoạt + xác nhận,1
2026-10-10T01:29:39+00:00,N4a,N4a-i031>i061+i030|i064-htf,i031>i061+i030|i064,True,mặc định (quy đổi M15),train,"BTCUSDT,ETHUSDT,BNBUSDT,SOLUSDT,XRPUSDT",Bảng A tổ hợp kích hoạt + xác nhận,1
2026-10-10T01:29:39+00:00,N4a,N4a-i031>i061+i018|--nohtf,i031>i061+i018|-,False,mặc định (quy đổi M15),train,"BTCUSDT,ETHUSDT,BNBUSDT,SOLUSDT,XRPUSDT",Bảng A tổ hợp kích hoạt + xác nhận,1
2026-10-10T01:29:39+00:00,N4a,N4a-i031>i061+i018|--htf,i031>i061+i018|-,True,mặc định (quy đổi M15),train,"BTCUSDT,ETHUSDT,BNBUSDT,SOLUSDT,XRPUSDT",Bảng A tổ hợp kích hoạt + xác nhận,1
2026-10-10T01:29:39+00:00,N4a,N4a-i031>i061+i018|i064-nohtf,i031>i061+i018|i064,False,mặc định (quy đổi M15),train,"BTCUSDT,ETHUSDT,BNBUSDT,SOLUSDT,XRPUSDT",Bảng A tổ hợp kích hoạt + xác nhận,1
2026-10-10T01:29:39+00:00,N4a,N4a-i031>i061+i018|i064-htf,i031>i061+i018|i064,True,mặc định (quy đổi M15),train,"BTCUSDT,ETHUSDT,BNBUSDT,SOLUSDT,XRPUSDT",Bảng A tổ hợp kích hoạt + xác nhận,1
2026-10-10T01:29:39+00:00,N4a,N4a-i031>i061+i035|--nohtf,i031>i061+i035|-,False,mặc định (quy đổi M15),train,"BTCUSDT,ETHUSDT,BNBUSDT,SOLUSDT,XRPUSDT",Bảng A tổ hợp kích hoạt + xác nhận,1
2026-10-10T01:29:39+00:00,N4a,N4a-i031>i061+i035|--htf,i031>i061+i035|-,True,mặc định (quy đổi M15),train,"BTCUSDT,ETHUSDT,BNBUSDT,SOLUSDT,XRPUSDT",Bảng A tổ hợp kích hoạt + xác nhận,1
2026-10-10T01:29:39+00:00,N4a,N4a-i031>i061+i035|i064-nohtf,i031>i061+i035|i064,False,mặc định (quy đổi M15),train,"BTCUSDT,ETHUSDT,BNBUSDT,SOLUSDT,XRPUSDT",Bảng A tổ hợp kích hoạt + xác nhận,1
2026-10-10T01:29:39+00:00,N4a,N4a-i031>i061+i035|i064-htf,i031>i061+i035|i064,True,mặc định (quy đổi M15),train,"BTCUSDT,ETHUSDT,BNBUSDT,SOLUSDT,XRPUSDT",Bảng A tổ hợp kích hoạt + xác nhận,1
2026-10-10T01:29:39+00:00,N4a,N4a-i031>i059+i101|--nohtf,i031>i059+i101|-,False,mặc định (quy đổi M15),train,"BTCUSDT,ETHUSDT,BNBUSDT,SOLUSDT,XRPUSDT",Bảng A tổ hợp kích hoạt + xác nhận,1
2026-10-10T01:29:39+00:00,N4a,N4a-i031>i059+i101|--htf,i031>i059+i101|-,True,mặc định (quy đổi M15),train,"BTCUSDT,ETHUSDT,BNBUSDT,SOLUSDT,XRPUSDT",Bảng A tổ hợp kích hoạt + xác nhận,1
2026-10-10T01:29:39+00:00,N4a,N4a-i031>i059+i101|i064-nohtf,i031>i059+i101|i064,False,mặc định (quy đổi M15),train,"BTCUSDT,ETHUSDT,BNBUSDT,SOLUSDT,XRPUSDT",Bảng A tổ hợp kích hoạt + xác nhận,1
2026-10-10T01:29:39+00:00,N4a,N4a-i031>i059+i101|i064-htf,i031>i059+i101|i064,True,mặc định (quy đổi M15),train,"BTCUSDT,ETHUSDT,BNBUSDT,SOLUSDT,XRPUSDT",Bảng A tổ hợp kích hoạt + xác nhận,1
2026-10-10T01:29:39+00:00,N4a,N4a-i031>i059+i030|--nohtf,i031>i059+i030|-,False,mặc định (quy đổi M15),train,"BTCUSDT,ETHUSDT,BNBUSDT,SOLUSDT,XRPUSDT",Bảng A tổ hợp kích hoạt + xác nhận,1
2026-10-10T01:29:39+00:00,N4a,N4a-i031>i059+i030|--htf,i031>i059+i030|-,True,mặc định (quy đổi M15),train,"BTCUSDT,ETHUSDT,BNBUSDT,SOLUSDT,XRPUSDT",Bảng A tổ hợp kích hoạt + xác nhận,1
2026-10-10T01:29:39+00:00,N4a,N4a-i031>i059+i030|i064-nohtf,i031>i059+i030|i064,False,mặc định (quy đổi M15),train,"BTCUSDT,ETHUSDT,BNBUSDT,SOLUSDT,XRPUSDT",Bảng A tổ hợp kích hoạt + xác nhận,1
2026-10-10T01:29:39+00:00,N4a,N4a-i031>i059+i030|i064-htf,i031>i059+i030|i064,True,mặc định (quy đổi M15),train,"BTCUSDT,ETHUSDT,BNBUSDT,SOLUSDT,XRPUSDT",Bảng A tổ hợp kích hoạt + xác nhận,1
2026-10-10T01:29:39+00:00,N4a,N4a-i031>i059+i018|--nohtf,i031>i059+i018|-,False,mặc định (quy đổi M15),train,"BTCUSDT,ETHUSDT,BNBUSDT,SOLUSDT,XRPUSDT",Bảng A tổ hợp kích hoạt + xác nhận,1
2026-10-10T01:29:39+00:00,N4a,N4a-i031>i059+i018|--htf,i031>i059+i018|-,True,mặc định (quy đổi M15),train,"BTCUSDT,ETHUSDT,BNBUSDT,SOLUSDT,XRPUSDT",Bảng A tổ hợp kích hoạt + xác nhận,1
2026-10-10T01:29:39+00:00,N4a,N4a-i031>i059+i018|i064-nohtf,i031>i059+i018|i064,False,mặc định (quy đổi M15),train,"BTCUSDT,ETHUSDT,BNBUSDT,SOLUSDT,XRPUSDT",Bảng A tổ hợp kích hoạt + xác nhận,1
2026-10-10T01:29:39+00:00,N4a,N4a-i031>i059+i018|i064-htf,i031>i059+i018|i064,True,mặc định (quy đổi M15),train,"BTCUSDT,ETHUSDT,BNBUSDT,SOLUSDT,XRPUSDT",Bảng A tổ hợp kích hoạt + xác nhận,1
2026-10-10T01:29:39+00:00,N4a,N4a-i031>i059+i035|--nohtf,i031>i059+i035|-,False,mặc định (quy đổi M15),train,"BTCUSDT,ETHUSDT,BNBUSDT,SOLUSDT,XRPUSDT",Bảng A tổ hợp kích hoạt + xác nhận,1
2026-10-10T01:29:39+00:00,N4a,N4a-i031>i059+i035|--htf,i031>i059+i035|-,True,mặc định (quy đổi M15),train,"BTCUSDT,ETHUSDT,BNBUSDT,SOLUSDT,XRPUSDT",Bảng A tổ hợp kích hoạt + xác nhận,1
2026-10-10T01:29:39+00:00,N4a,N4a-i031>i059+i035|i064-nohtf,i031>i059+i035|i064,False,mặc định (quy đổi M15),train,"BTCUSDT,ETHUSDT,BNBUSDT,SOLUSDT,XRPUSDT",Bảng A tổ hợp kích hoạt + xác nhận,1
2026-10-10T01:29:39+00:00,N4a,N4a-i031>i059+i035|i064-htf,i031>i059+i035|i064,True,mặc định (quy đổi M15),train,"BTCUSDT,ETHUSDT,BNBUSDT,SOLUSDT,XRPUSDT",Bảng A tổ hợp kích hoạt + xác nhận,1
2026-10-10T01:29:39+00:00,N4a,N4a-i031>i101+i030|--nohtf,i031>i101+i030|-,False,mặc định (quy đổi M15),train,"BTCUSDT,ETHUSDT,BNBUSDT,SOLUSDT,XRPUSDT",Bảng A tổ hợp kích hoạt + xác nhận,1
2026-10-10T01:29:39+00:00,N4a,N4a-i031>i101+i030|--htf,i031>i101+i030|-,True,mặc định (quy đổi M15),train,"BTCUSDT,ETHUSDT,BNBUSDT,SOLUSDT,XRPUSDT",Bảng A tổ hợp kích hoạt + xác nhận,1
2026-10-10T01:29:39+00:00,N4a,N4a-i031>i101+i030|i064-nohtf,i031>i101+i030|i064,False,mặc định (quy đổi M15),train,"BTCUSDT,ETHUSDT,BNBUSDT,SOLUSDT,XRPUSDT",Bảng A tổ hợp kích hoạt + xác nhận,1
2026-10-10T01:29:39+00:00,N4a,N4a-i031>i101+i030|i064-htf,i031>i101+i030|i064,True,mặc định (quy đổi M15),train,"BTCUSDT,ETHUSDT,BNBUSDT,SOLUSDT,XRPUSDT",Bảng A tổ hợp kích hoạt + xác nhận,1
2026-10-10T01:29:39+00:00,N4a,N4a-i031>i101+i018|--nohtf,i031>i101+i018|-,False,mặc định (quy đổi M15),train,"BTCUSDT,ETHUSDT,BNBUSDT,SOLUSDT,XRPUSDT",Bảng A tổ hợp kích hoạt + xác nhận,1
2026-10-10T01:29:39+00:00,N4a,N4a-i031>i101+i018|--htf,i031>i101+i018|-,True,mặc định (quy đổi M15),train,"BTCUSDT,ETHUSDT,BNBUSDT,SOLUSDT,XRPUSDT",Bảng A tổ hợp kích hoạt + xác nhận,1
2026-10-10T01:29:39+00:00,N4a,N4a-i031>i101+i018|i064-nohtf,i031>i101+i018|i064,False,mặc định (quy đổi M15),train,"BTCUSDT,ETHUSDT,BNBUSDT,SOLUSDT,XRPUSDT",Bảng A tổ hợp kích hoạt + xác nhận,1
2026-10-10T01:29:39+00:00,N4a,N4a-i031>i101+i018|i064-htf,i031>i101+i018|i064,True,mặc định (quy đổi M15),train,"BTCUSDT,ETHUSDT,BNBUSDT,SOLUSDT,XRPUSDT",Bảng A tổ hợp kích hoạt + xác nhận,1
2026-10-10T01:29:39+00:00,N4a,N4a-i031>i101+i035|--nohtf,i031>i101+i035|-,False,mặc định (quy đổi M15),train,"BTCUSDT,ETHUSDT,BNBUSDT,SOLUSDT,XRPUSDT",Bảng A tổ hợp kích hoạt + xác nhận,1
2026-10-10T01:29:39+00:00,N4a,N4a-i031>i101+i035|--htf,i031>i101+i035|-,True,mặc định (quy đổi M15),train,"BTCUSDT,ETHUSDT,BNBUSDT,SOLUSDT,XRPUSDT",Bảng A tổ hợp kích hoạt + xác nhận,1
2026-10-10T01:29:39+00:00,N4a,N4a-i031>i101+i035|i064-nohtf,i031>i101+i035|i064,False,mặc định (quy đổi M15),train,"BTCUSDT,ETHUSDT,BNBUSDT,SOLUSDT,XRPUSDT",Bảng A tổ hợp kích hoạt + xác nhận,1
2026-10-10T01:29:39+00:00,N4a,N4a-i031>i101+i035|i064-htf,i031>i101+i035|i064,True,mặc định (quy đổi M15),train,"BTCUSDT,ETHUSDT,BNBUSDT,SOLUSDT,XRPUSDT",Bảng A tổ hợp kích hoạt + xác nhận,1
2026-10-10T01:29:39+00:00,N4a,N4a-i031>i030+i018|--nohtf,i031>i030+i018|-,False,mặc định (quy đổi M15),train,"BTCUSDT,ETHUSDT,BNBUSDT,SOLUSDT,XRPUSDT",Bảng A tổ hợp kích hoạt + xác nhận,1
2026-10-10T01:29:39+00:00,N4a,N4a-i031>i030+i018|--htf,i031>i030+i018|-,True,mặc định (quy đổi M15),train,"BTCUSDT,ETHUSDT,BNBUSDT,SOLUSDT,XRPUSDT",Bảng A tổ hợp kích hoạt + xác nhận,1
2026-10-10T01:29:39+00:00,N4a,N4a-i031>i030+i018|i064-nohtf,i031>i030+i018|i064,False,mặc định (quy đổi M15),train,"BTCUSDT,ETHUSDT,BNBUSDT,SOLUSDT,XRPUSDT",Bảng A tổ hợp kích hoạt + xác nhận,1
2026-10-10T01:29:39+00:00,N4a,N4a-i031>i030+i018|i064-htf,i031>i030+i018|i064,True,mặc định (quy đổi M15),train,"BTCUSDT,ETHUSDT,BNBUSDT,SOLUSDT,XRPUSDT",Bảng A tổ hợp kích hoạt + xác nhận,1
2026-10-10T01:29:39+00:00,N4a,N4a-i031>i030+i035|--nohtf,i031>i030+i035|-,False,mặc định (quy đổi M15),train,"BTCUSDT,ETHUSDT,BNBUSDT,SOLUSDT,XRPUSDT",Bảng A tổ hợp kích hoạt + xác nhận,1
2026-10-10T01:29:39+00:00,N4a,N4a-i031>i030+i035|--htf,i031>i030+i035|-,True,mặc định (quy đổi M15),train,"BTCUSDT,ETHUSDT,BNBUSDT,SOLUSDT,XRPUSDT",Bảng A tổ hợp kích hoạt + xác nhận,1
2026-10-10T01:29:39+00:00,N4a,N4a-i031>i030+i035|i064-nohtf,i031>i030+i035|i064,False,mặc định (quy đổi M15),train,"BTCUSDT,ETHUSDT,BNBUSDT,SOLUSDT,XRPUSDT",Bảng A tổ hợp kích hoạt + xác nhận,1
2026-10-10T01:29:39+00:00,N4a,N4a-i031>i030+i035|i064-htf,i031>i030+i035|i064,True,mặc định (quy đổi M15),train,"BTCUSDT,ETHUSDT,BNBUSDT,SOLUSDT,XRPUSDT",Bảng A tổ hợp kích hoạt + xác nhận,1
2026-10-10T01:29:39+00:00,N4a,N4a-i031>i018+i035|--nohtf,i031>i018+i035|-,False,mặc định (quy đổi M15),train,"BTCUSDT,ETHUSDT,BNBUSDT,SOLUSDT,XRPUSDT",Bảng A tổ hợp kích hoạt + xác nhận,1
2026-10-10T01:29:39+00:00,N4a,N4a-i031>i018+i035|--htf,i031>i018+i035|-,True,mặc định (quy đổi M15),train,"BTCUSDT,ETHUSDT,BNBUSDT,SOLUSDT,XRPUSDT",Bảng A tổ hợp kích hoạt + xác nhận,1
2026-10-10T01:29:39+00:00,N4a,N4a-i031>i018+i035|i064-nohtf,i031>i018+i035|i064,False,mặc định (quy đổi M15),train,"BTCUSDT,ETHUSDT,BNBUSDT,SOLUSDT,XRPUSDT",Bảng A tổ hợp kích hoạt + xác nhận,1
2026-10-10T01:29:39+00:00,N4a,N4a-i031>i018+i035|i064-htf,i031>i018+i035|i064,True,mặc định (quy đổi M15),train,"BTCUSDT,ETHUSDT,BNBUSDT,SOLUSDT,XRPUSDT",Bảng A tổ hợp kích hoạt + xác nhận,1
2026-10-10T01:29:39+00:00,N4a,N4a-i101>i027|--nohtf,i101>i027|-,False,mặc định (quy đổi M15),train,"BTCUSDT,ETHUSDT,BNBUSDT,SOLUSDT,XRPUSDT",Bảng A tổ hợp kích hoạt + xác nhận,1
2026-10-10T01:29:39+00:00,N4a,N4a-i101>i027|--htf,i101>i027|-,True,mặc định (quy đổi M15),train,"BTCUSDT,ETHUSDT,BNBUSDT,SOLUSDT,XRPUSDT",Bảng A tổ hợp kích hoạt + xác nhận,1
2026-10-10T01:29:39+00:00,N4a,N4a-i101>i027|i064-nohtf,i101>i027|i064,False,mặc định (quy đổi M15),train,"BTCUSDT,ETHUSDT,BNBUSDT,SOLUSDT,XRPUSDT",Bảng A tổ hợp kích hoạt + xác nhận,1
2026-10-10T01:29:39+00:00,N4a,N4a-i101>i027|i064-htf,i101>i027|i064,True,mặc định (quy đổi M15),train,"BTCUSDT,ETHUSDT,BNBUSDT,SOLUSDT,XRPUSDT",Bảng A tổ hợp kích hoạt + xác nhận,1
2026-10-10T01:29:39+00:00,N4a,N4a-i101>i024|--nohtf,i101>i024|-,False,mặc định (quy đổi M15),train,"BTCUSDT,ETHUSDT,BNBUSDT,SOLUSDT,XRPUSDT",Bảng A tổ hợp kích hoạt + xác nhận,1
2026-10-10T01:29:39+00:00,N4a,N4a-i101>i024|--htf,i101>i024|-,True,mặc định (quy đổi M15),train,"BTCUSDT,ETHUSDT,BNBUSDT,SOLUSDT,XRPUSDT",Bảng A tổ hợp kích hoạt + xác nhận,1
2026-10-10T01:29:39+00:00,N4a,N4a-i101>i024|i064-nohtf,i101>i024|i064,False,mặc định (quy đổi M15),train,"BTCUSDT,ETHUSDT,BNBUSDT,SOLUSDT,XRPUSDT",Bảng A tổ hợp kích hoạt + xác nhận,1
2026-10-10T01:29:39+00:00,N4a,N4a-i101>i024|i064-htf,i101>i024|i064,True,mặc định (quy đổi M15),train,"BTCUSDT,ETHUSDT,BNBUSDT,SOLUSDT,XRPUSDT",Bảng A tổ hợp kích hoạt + xác nhận,1
2026-10-10T01:29:39+00:00,N4a,N4a-i101>i034|--nohtf,i101>i034|-,False,mặc định (quy đổi M15),train,"BTCUSDT,ETHUSDT,BNBUSDT,SOLUSDT,XRPUSDT",Bảng A tổ hợp kích hoạt + xác nhận,1
2026-10-10T01:29:39+00:00,N4a,N4a-i101>i034|--htf,i101>i034|-,True,mặc định (quy đổi M15),train,"BTCUSDT,ETHUSDT,BNBUSDT,SOLUSDT,XRPUSDT",Bảng A tổ hợp kích hoạt + xác nhận,1
2026-10-10T01:29:39+00:00,N4a,N4a-i101>i034|i064-nohtf,i101>i034|i064,False,mặc định (quy đổi M15),train,"BTCUSDT,ETHUSDT,BNBUSDT,SOLUSDT,XRPUSDT",Bảng A tổ hợp kích hoạt + xác nhận,1
2026-10-10T01:29:39+00:00,N4a,N4a-i101>i034|i064-htf,i101>i034|i064,True,mặc định (quy đổi M15),train,"BTCUSDT,ETHUSDT,BNBUSDT,SOLUSDT,XRPUSDT",Bảng A tổ hợp kích hoạt + xác nhận,1
2026-10-10T01:29:39+00:00,N4a,N4a-i101>i061|--nohtf,i101>i061|-,False,mặc định (quy đổi M15),train,"BTCUSDT,ETHUSDT,BNBUSDT,SOLUSDT,XRPUSDT",Bảng A tổ hợp kích hoạt + xác nhận,1
2026-10-10T01:29:39+00:00,N4a,N4a-i101>i061|--htf,i101>i061|-,True,mặc định (quy đổi M15),train,"BTCUSDT,ETHUSDT,BNBUSDT,SOLUSDT,XRPUSDT",Bảng A tổ hợp kích hoạt + xác nhận,1
2026-10-10T01:29:39+00:00,N4a,N4a-i101>i061|i064-nohtf,i101>i061|i064,False,mặc định (quy đổi M15),train,"BTCUSDT,ETHUSDT,BNBUSDT,SOLUSDT,XRPUSDT",Bảng A tổ hợp kích hoạt + xác nhận,1
2026-10-10T01:29:39+00:00,N4a,N4a-i101>i061|i064-htf,i101>i061|i064,True,mặc định (quy đổi M15),train,"BTCUSDT,ETHUSDT,BNBUSDT,SOLUSDT,XRPUSDT",Bảng A tổ hợp kích hoạt + xác nhận,1
2026-10-10T01:29:39+00:00,N4a,N4a-i101>i059|--nohtf,i101>i059|-,False,mặc định (quy đổi M15),train,"BTCUSDT,ETHUSDT,BNBUSDT,SOLUSDT,XRPUSDT",Bảng A tổ hợp kích hoạt + xác nhận,1
2026-10-10T01:29:39+00:00,N4a,N4a-i101>i059|--htf,i101>i059|-,True,mặc định (quy đổi M15),train,"BTCUSDT,ETHUSDT,BNBUSDT,SOLUSDT,XRPUSDT",Bảng A tổ hợp kích hoạt + xác nhận,1
2026-10-10T01:29:39+00:00,N4a,N4a-i101>i059|i064-nohtf,i101>i059|i064,False,mặc định (quy đổi M15),train,"BTCUSDT,ETHUSDT,BNBUSDT,SOLUSDT,XRPUSDT",Bảng A tổ hợp kích hoạt + xác nhận,1
2026-10-10T01:29:39+00:00,N4a,N4a-i101>i059|i064-htf,i101>i059|i064,True,mặc định (quy đổi M15),train,"BTCUSDT,ETHUSDT,BNBUSDT,SOLUSDT,XRPUSDT",Bảng A tổ hợp kích hoạt + xác nhận,1
2026-10-10T01:29:39+00:00,N4a,N4a-i101>i031|--nohtf,i101>i031|-,False,mặc định (quy đổi M15),train,"BTCUSDT,ETHUSDT,BNBUSDT,SOLUSDT,XRPUSDT",Bảng A tổ hợp kích hoạt + xác nhận,1
2026-10-10T01:29:39+00:00,N4a,N4a-i101>i031|--htf,i101>i031|-,True,mặc định (quy đổi M15),train,"BTCUSDT,ETHUSDT,BNBUSDT,SOLUSDT,XRPUSDT",Bảng A tổ hợp kích hoạt + xác nhận,1
2026-10-10T01:29:39+00:00,N4a,N4a-i101>i031|i064-nohtf,i101>i031|i064,False,mặc định (quy đổi M15),train,"BTCUSDT,ETHUSDT,BNBUSDT,SOLUSDT,XRPUSDT",Bảng A tổ hợp kích hoạt + xác nhận,1
2026-10-10T01:29:39+00:00,N4a,N4a-i101>i031|i064-htf,i101>i031|i064,True,mặc định (quy đổi M15),train,"BTCUSDT,ETHUSDT,BNBUSDT,SOLUSDT,XRPUSDT",Bảng A tổ hợp kích hoạt + xác nhận,1
2026-10-10T01:29:39+00:00,N4a,N4a-i101>i030|--nohtf,i101>i030|-,False,mặc định (quy đổi M15),train,"BTCUSDT,ETHUSDT,BNBUSDT,SOLUSDT,XRPUSDT",Bảng A tổ hợp kích hoạt + xác nhận,1
2026-10-10T01:29:39+00:00,N4a,N4a-i101>i030|--htf,i101>i030|-,True,mặc định (quy đổi M15),train,"BTCUSDT,ETHUSDT,BNBUSDT,SOLUSDT,XRPUSDT",Bảng A tổ hợp kích hoạt + xác nhận,1
2026-10-10T01:29:39+00:00,N4a,N4a-i101>i030|i064-nohtf,i101>i030|i064,False,mặc định (quy đổi M15),train,"BTCUSDT,ETHUSDT,BNBUSDT,SOLUSDT,XRPUSDT",Bảng A tổ hợp kích hoạt + xác nhận,1
2026-10-10T01:29:39+00:00,N4a,N4a-i101>i030|i064-htf,i101>i030|i064,True,mặc định (quy đổi M15),train,"BTCUSDT,ETHUSDT,BNBUSDT,SOLUSDT,XRPUSDT",Bảng A tổ hợp kích hoạt + xác nhận,1
2026-10-10T01:29:39+00:00,N4a,N4a-i101>i018|--nohtf,i101>i018|-,False,mặc định (quy đổi M15),train,"BTCUSDT,ETHUSDT,BNBUSDT,SOLUSDT,XRPUSDT",Bảng A tổ hợp kích hoạt + xác nhận,1
2026-10-10T01:29:39+00:00,N4a,N4a-i101>i018|--htf,i101>i018|-,True,mặc định (quy đổi M15),train,"BTCUSDT,ETHUSDT,BNBUSDT,SOLUSDT,XRPUSDT",Bảng A tổ hợp kích hoạt + xác nhận,1
2026-10-10T01:29:39+00:00,N4a,N4a-i101>i018|i064-nohtf,i101>i018|i064,False,mặc định (quy đổi M15),train,"BTCUSDT,ETHUSDT,BNBUSDT,SOLUSDT,XRPUSDT",Bảng A tổ hợp kích hoạt + xác nhận,1
2026-10-10T01:29:39+00:00,N4a,N4a-i101>i018|i064-htf,i101>i018|i064,True,mặc định (quy đổi M15),train,"BTCUSDT,ETHUSDT,BNBUSDT,SOLUSDT,XRPUSDT",Bảng A tổ hợp kích hoạt + xác nhận,1
2026-10-10T01:29:39+00:00,N4a,N4a-i101>i035|--nohtf,i101>i035|-,False,mặc định (quy đổi M15),train,"BTCUSDT,ETHUSDT,BNBUSDT,SOLUSDT,XRPUSDT",Bảng A tổ hợp kích hoạt + xác nhận,1
2026-10-10T01:29:39+00:00,N4a,N4a-i101>i035|--htf,i101>i035|-,True,mặc định (quy đổi M15),train,"BTCUSDT,ETHUSDT,BNBUSDT,SOLUSDT,XRPUSDT",Bảng A tổ hợp kích hoạt + xác nhận,1
2026-10-10T01:29:39+00:00,N4a,N4a-i101>i035|i064-nohtf,i101>i035|i064,False,mặc định (quy đổi M15),train,"BTCUSDT,ETHUSDT,BNBUSDT,SOLUSDT,XRPUSDT",Bảng A tổ hợp kích hoạt + xác nhận,1
2026-10-10T01:29:39+00:00,N4a,N4a-i101>i035|i064-htf,i101>i035|i064,True,mặc định (quy đổi M15),train,"BTCUSDT,ETHUSDT,BNBUSDT,SOLUSDT,XRPUSDT",Bảng A tổ hợp kích hoạt + xác nhận,1
2026-10-10T01:29:39+00:00,N4a,N4a-i101>i027+i024|--nohtf,i101>i027+i024|-,False,mặc định (quy đổi M15),train,"BTCUSDT,ETHUSDT,BNBUSDT,SOLUSDT,XRPUSDT",Bảng A tổ hợp kích hoạt + xác nhận,1
2026-10-10T01:29:39+00:00,N4a,N4a-i101>i027+i024|--htf,i101>i027+i024|-,True,mặc định (quy đổi M15),train,"BTCUSDT,ETHUSDT,BNBUSDT,SOLUSDT,XRPUSDT",Bảng A tổ hợp kích hoạt + xác nhận,1
2026-10-10T01:29:39+00:00,N4a,N4a-i101>i027+i024|i064-nohtf,i101>i027+i024|i064,False,mặc định (quy đổi M15),train,"BTCUSDT,ETHUSDT,BNBUSDT,SOLUSDT,XRPUSDT",Bảng A tổ hợp kích hoạt + xác nhận,1
2026-10-10T01:29:39+00:00,N4a,N4a-i101>i027+i024|i064-htf,i101>i027+i024|i064,True,mặc định (quy đổi M15),train,"BTCUSDT,ETHUSDT,BNBUSDT,SOLUSDT,XRPUSDT",Bảng A tổ hợp kích hoạt + xác nhận,1
2026-10-10T01:29:39+00:00,N4a,N4a-i101>i027+i034|--nohtf,i101>i027+i034|-,False,mặc định (quy đổi M15),train,"BTCUSDT,ETHUSDT,BNBUSDT,SOLUSDT,XRPUSDT",Bảng A tổ hợp kích hoạt + xác nhận,1
2026-10-10T01:29:39+00:00,N4a,N4a-i101>i027+i034|--htf,i101>i027+i034|-,True,mặc định (quy đổi M15),train,"BTCUSDT,ETHUSDT,BNBUSDT,SOLUSDT,XRPUSDT",Bảng A tổ hợp kích hoạt + xác nhận,1
2026-10-10T01:29:39+00:00,N4a,N4a-i101>i027+i034|i064-nohtf,i101>i027+i034|i064,False,mặc định (quy đổi M15),train,"BTCUSDT,ETHUSDT,BNBUSDT,SOLUSDT,XRPUSDT",Bảng A tổ hợp kích hoạt + xác nhận,1
2026-10-10T01:29:39+00:00,N4a,N4a-i101>i027+i034|i064-htf,i101>i027+i034|i064,True,mặc định (quy đổi M15),train,"BTCUSDT,ETHUSDT,BNBUSDT,SOLUSDT,XRPUSDT",Bảng A tổ hợp kích hoạt + xác nhận,1
2026-10-10T01:29:39+00:00,N4a,N4a-i101>i027+i061|--nohtf,i101>i027+i061|-,False,mặc định (quy đổi M15),train,"BTCUSDT,ETHUSDT,BNBUSDT,SOLUSDT,XRPUSDT",Bảng A tổ hợp kích hoạt + xác nhận,1
2026-10-10T01:29:39+00:00,N4a,N4a-i101>i027+i061|--htf,i101>i027+i061|-,True,mặc định (quy đổi M15),train,"BTCUSDT,ETHUSDT,BNBUSDT,SOLUSDT,XRPUSDT",Bảng A tổ hợp kích hoạt + xác nhận,1
2026-10-10T01:29:39+00:00,N4a,N4a-i101>i027+i061|i064-nohtf,i101>i027+i061|i064,False,mặc định (quy đổi M15),train,"BTCUSDT,ETHUSDT,BNBUSDT,SOLUSDT,XRPUSDT",Bảng A tổ hợp kích hoạt + xác nhận,1
2026-10-10T01:29:39+00:00,N4a,N4a-i101>i027+i061|i064-htf,i101>i027+i061|i064,True,mặc định (quy đổi M15),train,"BTCUSDT,ETHUSDT,BNBUSDT,SOLUSDT,XRPUSDT",Bảng A tổ hợp kích hoạt + xác nhận,1
2026-10-10T01:29:39+00:00,N4a,N4a-i101>i027+i059|--nohtf,i101>i027+i059|-,False,mặc định (quy đổi M15),train,"BTCUSDT,ETHUSDT,BNBUSDT,SOLUSDT,XRPUSDT",Bảng A tổ hợp kích hoạt + xác nhận,1
2026-10-10T01:29:39+00:00,N4a,N4a-i101>i027+i059|--htf,i101>i027+i059|-,True,mặc định (quy đổi M15),train,"BTCUSDT,ETHUSDT,BNBUSDT,SOLUSDT,XRPUSDT",Bảng A tổ hợp kích hoạt + xác nhận,1
2026-10-10T01:29:39+00:00,N4a,N4a-i101>i027+i059|i064-nohtf,i101>i027+i059|i064,False,mặc định (quy đổi M15),train,"BTCUSDT,ETHUSDT,BNBUSDT,SOLUSDT,XRPUSDT",Bảng A tổ hợp kích hoạt + xác nhận,1
2026-10-10T01:29:39+00:00,N4a,N4a-i101>i027+i059|i064-htf,i101>i027+i059|i064,True,mặc định (quy đổi M15),train,"BTCUSDT,ETHUSDT,BNBUSDT,SOLUSDT,XRPUSDT",Bảng A tổ hợp kích hoạt + xác nhận,1
2026-10-10T01:29:39+00:00,N4a,N4a-i101>i027+i031|--nohtf,i101>i027+i031|-,False,mặc định (quy đổi M15),train,"BTCUSDT,ETHUSDT,BNBUSDT,SOLUSDT,XRPUSDT",Bảng A tổ hợp kích hoạt + xác nhận,1
2026-10-10T01:29:39+00:00,N4a,N4a-i101>i027+i031|--htf,i101>i027+i031|-,True,mặc định (quy đổi M15),train,"BTCUSDT,ETHUSDT,BNBUSDT,SOLUSDT,XRPUSDT",Bảng A tổ hợp kích hoạt + xác nhận,1
2026-10-10T01:29:39+00:00,N4a,N4a-i101>i027+i031|i064-nohtf,i101>i027+i031|i064,False,mặc định (quy đổi M15),train,"BTCUSDT,ETHUSDT,BNBUSDT,SOLUSDT,XRPUSDT",Bảng A tổ hợp kích hoạt + xác nhận,1
2026-10-10T01:29:39+00:00,N4a,N4a-i101>i027+i031|i064-htf,i101>i027+i031|i064,True,mặc định (quy đổi M15),train,"BTCUSDT,ETHUSDT,BNBUSDT,SOLUSDT,XRPUSDT",Bảng A tổ hợp kích hoạt + xác nhận,1
2026-10-10T01:29:39+00:00,N4a,N4a-i101>i027+i030|--nohtf,i101>i027+i030|-,False,mặc định (quy đổi M15),train,"BTCUSDT,ETHUSDT,BNBUSDT,SOLUSDT,XRPUSDT",Bảng A tổ hợp kích hoạt + xác nhận,1
2026-10-10T01:29:39+00:00,N4a,N4a-i101>i027+i030|--htf,i101>i027+i030|-,True,mặc định (quy đổi M15),train,"BTCUSDT,ETHUSDT,BNBUSDT,SOLUSDT,XRPUSDT",Bảng A tổ hợp kích hoạt + xác nhận,1
2026-10-10T01:29:39+00:00,N4a,N4a-i101>i027+i030|i064-nohtf,i101>i027+i030|i064,False,mặc định (quy đổi M15),train,"BTCUSDT,ETHUSDT,BNBUSDT,SOLUSDT,XRPUSDT",Bảng A tổ hợp kích hoạt + xác nhận,1
2026-10-10T01:29:39+00:00,N4a,N4a-i101>i027+i030|i064-htf,i101>i027+i030|i064,True,mặc định (quy đổi M15),train,"BTCUSDT,ETHUSDT,BNBUSDT,SOLUSDT,XRPUSDT",Bảng A tổ hợp kích hoạt + xác nhận,1
2026-10-10T01:29:39+00:00,N4a,N4a-i101>i027+i018|--nohtf,i101>i027+i018|-,False,mặc định (quy đổi M15),train,"BTCUSDT,ETHUSDT,BNBUSDT,SOLUSDT,XRPUSDT",Bảng A tổ hợp kích hoạt + xác nhận,1
2026-10-10T01:29:39+00:00,N4a,N4a-i101>i027+i018|--htf,i101>i027+i018|-,True,mặc định (quy đổi M15),train,"BTCUSDT,ETHUSDT,BNBUSDT,SOLUSDT,XRPUSDT",Bảng A tổ hợp kích hoạt + xác nhận,1
2026-10-10T01:29:39+00:00,N4a,N4a-i101>i027+i018|i064-nohtf,i101>i027+i018|i064,False,mặc định (quy đổi M15),train,"BTCUSDT,ETHUSDT,BNBUSDT,SOLUSDT,XRPUSDT",Bảng A tổ hợp kích hoạt + xác nhận,1
2026-10-10T01:29:39+00:00,N4a,N4a-i101>i027+i018|i064-htf,i101>i027+i018|i064,True,mặc định (quy đổi M15),train,"BTCUSDT,ETHUSDT,BNBUSDT,SOLUSDT,XRPUSDT",Bảng A tổ hợp kích hoạt + xác nhận,1
2026-10-10T01:29:39+00:00,N4a,N4a-i101>i027+i035|--nohtf,i101>i027+i035|-,False,mặc định (quy đổi M15),train,"BTCUSDT,ETHUSDT,BNBUSDT,SOLUSDT,XRPUSDT",Bảng A tổ hợp kích hoạt + xác nhận,1
2026-10-10T01:29:39+00:00,N4a,N4a-i101>i027+i035|--htf,i101>i027+i035|-,True,mặc định (quy đổi M15),train,"BTCUSDT,ETHUSDT,BNBUSDT,SOLUSDT,XRPUSDT",Bảng A tổ hợp kích hoạt + xác nhận,1
2026-10-10T01:29:39+00:00,N4a,N4a-i101>i027+i035|i064-nohtf,i101>i027+i035|i064,False,mặc định (quy đổi M15),train,"BTCUSDT,ETHUSDT,BNBUSDT,SOLUSDT,XRPUSDT",Bảng A tổ hợp kích hoạt + xác nhận,1
2026-10-10T01:29:39+00:00,N4a,N4a-i101>i027+i035|i064-htf,i101>i027+i035|i064,True,mặc định (quy đổi M15),train,"BTCUSDT,ETHUSDT,BNBUSDT,SOLUSDT,XRPUSDT",Bảng A tổ hợp kích hoạt + xác nhận,1
2026-10-10T01:29:39+00:00,N4a,N4a-i101>i024+i034|--nohtf,i101>i024+i034|-,False,mặc định (quy đổi M15),train,"BTCUSDT,ETHUSDT,BNBUSDT,SOLUSDT,XRPUSDT",Bảng A tổ hợp kích hoạt + xác nhận,1
2026-10-10T01:29:39+00:00,N4a,N4a-i101>i024+i034|--htf,i101>i024+i034|-,True,mặc định (quy đổi M15),train,"BTCUSDT,ETHUSDT,BNBUSDT,SOLUSDT,XRPUSDT",Bảng A tổ hợp kích hoạt + xác nhận,1
2026-10-10T01:29:39+00:00,N4a,N4a-i101>i024+i034|i064-nohtf,i101>i024+i034|i064,False,mặc định (quy đổi M15),train,"BTCUSDT,ETHUSDT,BNBUSDT,SOLUSDT,XRPUSDT",Bảng A tổ hợp kích hoạt + xác nhận,1
2026-10-10T01:29:39+00:00,N4a,N4a-i101>i024+i034|i064-htf,i101>i024+i034|i064,True,mặc định (quy đổi M15),train,"BTCUSDT,ETHUSDT,BNBUSDT,SOLUSDT,XRPUSDT",Bảng A tổ hợp kích hoạt + xác nhận,1
2026-10-10T01:29:39+00:00,N4a,N4a-i101>i024+i061|--nohtf,i101>i024+i061|-,False,mặc định (quy đổi M15),train,"BTCUSDT,ETHUSDT,BNBUSDT,SOLUSDT,XRPUSDT",Bảng A tổ hợp kích hoạt + xác nhận,1
2026-10-10T01:29:39+00:00,N4a,N4a-i101>i024+i061|--htf,i101>i024+i061|-,True,mặc định (quy đổi M15),train,"BTCUSDT,ETHUSDT,BNBUSDT,SOLUSDT,XRPUSDT",Bảng A tổ hợp kích hoạt + xác nhận,1
2026-10-10T01:29:39+00:00,N4a,N4a-i101>i024+i061|i064-nohtf,i101>i024+i061|i064,False,mặc định (quy đổi M15),train,"BTCUSDT,ETHUSDT,BNBUSDT,SOLUSDT,XRPUSDT",Bảng A tổ hợp kích hoạt + xác nhận,1
2026-10-10T01:29:39+00:00,N4a,N4a-i101>i024+i061|i064-htf,i101>i024+i061|i064,True,mặc định (quy đổi M15),train,"BTCUSDT,ETHUSDT,BNBUSDT,SOLUSDT,XRPUSDT",Bảng A tổ hợp kích hoạt + xác nhận,1
2026-10-10T01:29:39+00:00,N4a,N4a-i101>i024+i059|--nohtf,i101>i024+i059|-,False,mặc định (quy đổi M15),train,"BTCUSDT,ETHUSDT,BNBUSDT,SOLUSDT,XRPUSDT",Bảng A tổ hợp kích hoạt + xác nhận,1
2026-10-10T01:29:39+00:00,N4a,N4a-i101>i024+i059|--htf,i101>i024+i059|-,True,mặc định (quy đổi M15),train,"BTCUSDT,ETHUSDT,BNBUSDT,SOLUSDT,XRPUSDT",Bảng A tổ hợp kích hoạt + xác nhận,1
2026-10-10T01:29:39+00:00,N4a,N4a-i101>i024+i059|i064-nohtf,i101>i024+i059|i064,False,mặc định (quy đổi M15),train,"BTCUSDT,ETHUSDT,BNBUSDT,SOLUSDT,XRPUSDT",Bảng A tổ hợp kích hoạt + xác nhận,1
2026-10-10T01:29:39+00:00,N4a,N4a-i101>i024+i059|i064-htf,i101>i024+i059|i064,True,mặc định (quy đổi M15),train,"BTCUSDT,ETHUSDT,BNBUSDT,SOLUSDT,XRPUSDT",Bảng A tổ hợp kích hoạt + xác nhận,1
2026-10-10T01:29:39+00:00,N4a,N4a-i101>i024+i031|--nohtf,i101>i024+i031|-,False,mặc định (quy đổi M15),train,"BTCUSDT,ETHUSDT,BNBUSDT,SOLUSDT,XRPUSDT",Bảng A tổ hợp kích hoạt + xác nhận,1
2026-10-10T01:29:39+00:00,N4a,N4a-i101>i024+i031|--htf,i101>i024+i031|-,True,mặc định (quy đổi M15),train,"BTCUSDT,ETHUSDT,BNBUSDT,SOLUSDT,XRPUSDT",Bảng A tổ hợp kích hoạt + xác nhận,1
2026-10-10T01:29:39+00:00,N4a,N4a-i101>i024+i031|i064-nohtf,i101>i024+i031|i064,False,mặc định (quy đổi M15),train,"BTCUSDT,ETHUSDT,BNBUSDT,SOLUSDT,XRPUSDT",Bảng A tổ hợp kích hoạt + xác nhận,1
2026-10-10T01:29:39+00:00,N4a,N4a-i101>i024+i031|i064-htf,i101>i024+i031|i064,True,mặc định (quy đổi M15),train,"BTCUSDT,ETHUSDT,BNBUSDT,SOLUSDT,XRPUSDT",Bảng A tổ hợp kích hoạt + xác nhận,1
2026-10-10T01:29:39+00:00,N4a,N4a-i101>i024+i030|--nohtf,i101>i024+i030|-,False,mặc định (quy đổi M15),train,"BTCUSDT,ETHUSDT,BNBUSDT,SOLUSDT,XRPUSDT",Bảng A tổ hợp kích hoạt + xác nhận,1
2026-10-10T01:29:39+00:00,N4a,N4a-i101>i024+i030|--htf,i101>i024+i030|-,True,mặc định (quy đổi M15),train,"BTCUSDT,ETHUSDT,BNBUSDT,SOLUSDT,XRPUSDT",Bảng A tổ hợp kích hoạt + xác nhận,1
2026-10-10T01:29:39+00:00,N4a,N4a-i101>i024+i030|i064-nohtf,i101>i024+i030|i064,False,mặc định (quy đổi M15),train,"BTCUSDT,ETHUSDT,BNBUSDT,SOLUSDT,XRPUSDT",Bảng A tổ hợp kích hoạt + xác nhận,1
2026-10-10T01:29:39+00:00,N4a,N4a-i101>i024+i030|i064-htf,i101>i024+i030|i064,True,mặc định (quy đổi M15),train,"BTCUSDT,ETHUSDT,BNBUSDT,SOLUSDT,XRPUSDT",Bảng A tổ hợp kích hoạt + xác nhận,1
2026-10-10T01:29:39+00:00,N4a,N4a-i101>i024+i018|--nohtf,i101>i024+i018|-,False,mặc định (quy đổi M15),train,"BTCUSDT,ETHUSDT,BNBUSDT,SOLUSDT,XRPUSDT",Bảng A tổ hợp kích hoạt + xác nhận,1
2026-10-10T01:29:39+00:00,N4a,N4a-i101>i024+i018|--htf,i101>i024+i018|-,True,mặc định (quy đổi M15),train,"BTCUSDT,ETHUSDT,BNBUSDT,SOLUSDT,XRPUSDT",Bảng A tổ hợp kích hoạt + xác nhận,1
2026-10-10T01:29:39+00:00,N4a,N4a-i101>i024+i018|i064-nohtf,i101>i024+i018|i064,False,mặc định (quy đổi M15),train,"BTCUSDT,ETHUSDT,BNBUSDT,SOLUSDT,XRPUSDT",Bảng A tổ hợp kích hoạt + xác nhận,1
2026-10-10T01:29:39+00:00,N4a,N4a-i101>i024+i018|i064-htf,i101>i024+i018|i064,True,mặc định (quy đổi M15),train,"BTCUSDT,ETHUSDT,BNBUSDT,SOLUSDT,XRPUSDT",Bảng A tổ hợp kích hoạt + xác nhận,1
2026-10-10T01:29:39+00:00,N4a,N4a-i101>i024+i035|--nohtf,i101>i024+i035|-,False,mặc định (quy đổi M15),train,"BTCUSDT,ETHUSDT,BNBUSDT,SOLUSDT,XRPUSDT",Bảng A tổ hợp kích hoạt + xác nhận,1
2026-10-10T01:29:39+00:00,N4a,N4a-i101>i024+i035|--htf,i101>i024+i035|-,True,mặc định (quy đổi M15),train,"BTCUSDT,ETHUSDT,BNBUSDT,SOLUSDT,XRPUSDT",Bảng A tổ hợp kích hoạt + xác nhận,1
2026-10-10T01:29:39+00:00,N4a,N4a-i101>i024+i035|i064-nohtf,i101>i024+i035|i064,False,mặc định (quy đổi M15),train,"BTCUSDT,ETHUSDT,BNBUSDT,SOLUSDT,XRPUSDT",Bảng A tổ hợp kích hoạt + xác nhận,1
2026-10-10T01:29:39+00:00,N4a,N4a-i101>i024+i035|i064-htf,i101>i024+i035|i064,True,mặc định (quy đổi M15),train,"BTCUSDT,ETHUSDT,BNBUSDT,SOLUSDT,XRPUSDT",Bảng A tổ hợp kích hoạt + xác nhận,1
2026-10-10T01:29:39+00:00,N4a,N4a-i101>i034+i061|--nohtf,i101>i034+i061|-,False,mặc định (quy đổi M15),train,"BTCUSDT,ETHUSDT,BNBUSDT,SOLUSDT,XRPUSDT",Bảng A tổ hợp kích hoạt + xác nhận,1
2026-10-10T01:29:39+00:00,N4a,N4a-i101>i034+i061|--htf,i101>i034+i061|-,True,mặc định (quy đổi M15),train,"BTCUSDT,ETHUSDT,BNBUSDT,SOLUSDT,XRPUSDT",Bảng A tổ hợp kích hoạt + xác nhận,1
2026-10-10T01:29:39+00:00,N4a,N4a-i101>i034+i061|i064-nohtf,i101>i034+i061|i064,False,mặc định (quy đổi M15),train,"BTCUSDT,ETHUSDT,BNBUSDT,SOLUSDT,XRPUSDT",Bảng A tổ hợp kích hoạt + xác nhận,1
2026-10-10T01:29:39+00:00,N4a,N4a-i101>i034+i061|i064-htf,i101>i034+i061|i064,True,mặc định (quy đổi M15),train,"BTCUSDT,ETHUSDT,BNBUSDT,SOLUSDT,XRPUSDT",Bảng A tổ hợp kích hoạt + xác nhận,1
2026-10-10T01:29:39+00:00,N4a,N4a-i101>i034+i059|--nohtf,i101>i034+i059|-,False,mặc định (quy đổi M15),train,"BTCUSDT,ETHUSDT,BNBUSDT,SOLUSDT,XRPUSDT",Bảng A tổ hợp kích hoạt + xác nhận,1
2026-10-10T01:29:39+00:00,N4a,N4a-i101>i034+i059|--htf,i101>i034+i059|-,True,mặc định (quy đổi M15),train,"BTCUSDT,ETHUSDT,BNBUSDT,SOLUSDT,XRPUSDT",Bảng A tổ hợp kích hoạt + xác nhận,1
2026-10-10T01:29:39+00:00,N4a,N4a-i101>i034+i059|i064-nohtf,i101>i034+i059|i064,False,mặc định (quy đổi M15),train,"BTCUSDT,ETHUSDT,BNBUSDT,SOLUSDT,XRPUSDT",Bảng A tổ hợp kích hoạt + xác nhận,1
2026-10-10T01:29:39+00:00,N4a,N4a-i101>i034+i059|i064-htf,i101>i034+i059|i064,True,mặc định (quy đổi M15),train,"BTCUSDT,ETHUSDT,BNBUSDT,SOLUSDT,XRPUSDT",Bảng A tổ hợp kích hoạt + xác nhận,1
2026-10-10T01:29:39+00:00,N4a,N4a-i101>i034+i031|--nohtf,i101>i034+i031|-,False,mặc định (quy đổi M15),train,"BTCUSDT,ETHUSDT,BNBUSDT,SOLUSDT,XRPUSDT",Bảng A tổ hợp kích hoạt + xác nhận,1
2026-10-10T01:29:39+00:00,N4a,N4a-i101>i034+i031|--htf,i101>i034+i031|-,True,mặc định (quy đổi M15),train,"BTCUSDT,ETHUSDT,BNBUSDT,SOLUSDT,XRPUSDT",Bảng A tổ hợp kích hoạt + xác nhận,1
2026-10-10T01:29:39+00:00,N4a,N4a-i101>i034+i031|i064-nohtf,i101>i034+i031|i064,False,mặc định (quy đổi M15),train,"BTCUSDT,ETHUSDT,BNBUSDT,SOLUSDT,XRPUSDT",Bảng A tổ hợp kích hoạt + xác nhận,1
2026-10-10T01:29:39+00:00,N4a,N4a-i101>i034+i031|i064-htf,i101>i034+i031|i064,True,mặc định (quy đổi M15),train,"BTCUSDT,ETHUSDT,BNBUSDT,SOLUSDT,XRPUSDT",Bảng A tổ hợp kích hoạt + xác nhận,1
2026-10-10T01:29:39+00:00,N4a,N4a-i101>i034+i030|--nohtf,i101>i034+i030|-,False,mặc định (quy đổi M15),train,"BTCUSDT,ETHUSDT,BNBUSDT,SOLUSDT,XRPUSDT",Bảng A tổ hợp kích hoạt + xác nhận,1
2026-10-10T01:29:39+00:00,N4a,N4a-i101>i034+i030|--htf,i101>i034+i030|-,True,mặc định (quy đổi M15),train,"BTCUSDT,ETHUSDT,BNBUSDT,SOLUSDT,XRPUSDT",Bảng A tổ hợp kích hoạt + xác nhận,1
2026-10-10T01:29:39+00:00,N4a,N4a-i101>i034+i030|i064-nohtf,i101>i034+i030|i064,False,mặc định (quy đổi M15),train,"BTCUSDT,ETHUSDT,BNBUSDT,SOLUSDT,XRPUSDT",Bảng A tổ hợp kích hoạt + xác nhận,1
2026-10-10T01:29:39+00:00,N4a,N4a-i101>i034+i030|i064-htf,i101>i034+i030|i064,True,mặc định (quy đổi M15),train,"BTCUSDT,ETHUSDT,BNBUSDT,SOLUSDT,XRPUSDT",Bảng A tổ hợp kích hoạt + xác nhận,1
2026-10-10T01:29:39+00:00,N4a,N4a-i101>i034+i018|--nohtf,i101>i034+i018|-,False,mặc định (quy đổi M15),train,"BTCUSDT,ETHUSDT,BNBUSDT,SOLUSDT,XRPUSDT",Bảng A tổ hợp kích hoạt + xác nhận,1
2026-10-10T01:29:39+00:00,N4a,N4a-i101>i034+i018|--htf,i101>i034+i018|-,True,mặc định (quy đổi M15),train,"BTCUSDT,ETHUSDT,BNBUSDT,SOLUSDT,XRPUSDT",Bảng A tổ hợp kích hoạt + xác nhận,1
2026-10-10T01:29:39+00:00,N4a,N4a-i101>i034+i018|i064-nohtf,i101>i034+i018|i064,False,mặc định (quy đổi M15),train,"BTCUSDT,ETHUSDT,BNBUSDT,SOLUSDT,XRPUSDT",Bảng A tổ hợp kích hoạt + xác nhận,1
2026-10-10T01:29:39+00:00,N4a,N4a-i101>i034+i018|i064-htf,i101>i034+i018|i064,True,mặc định (quy đổi M15),train,"BTCUSDT,ETHUSDT,BNBUSDT,SOLUSDT,XRPUSDT",Bảng A tổ hợp kích hoạt + xác nhận,1
2026-10-10T01:29:39+00:00,N4a,N4a-i101>i034+i035|--nohtf,i101>i034+i035|-,False,mặc định (quy đổi M15),train,"BTCUSDT,ETHUSDT,BNBUSDT,SOLUSDT,XRPUSDT",Bảng A tổ hợp kích hoạt + xác nhận,1
2026-10-10T01:29:39+00:00,N4a,N4a-i101>i034+i035|--htf,i101>i034+i035|-,True,mặc định (quy đổi M15),train,"BTCUSDT,ETHUSDT,BNBUSDT,SOLUSDT,XRPUSDT",Bảng A tổ hợp kích hoạt + xác nhận,1
2026-10-10T01:29:39+00:00,N4a,N4a-i101>i034+i035|i064-nohtf,i101>i034+i035|i064,False,mặc định (quy đổi M15),train,"BTCUSDT,ETHUSDT,BNBUSDT,SOLUSDT,XRPUSDT",Bảng A tổ hợp kích hoạt + xác nhận,1
2026-10-10T01:29:39+00:00,N4a,N4a-i101>i034+i035|i064-htf,i101>i034+i035|i064,True,mặc định (quy đổi M15),train,"BTCUSDT,ETHUSDT,BNBUSDT,SOLUSDT,XRPUSDT",Bảng A tổ hợp kích hoạt + xác nhận,1
2026-10-10T01:29:39+00:00,N4a,N4a-i101>i061+i059|--nohtf,i101>i061+i059|-,False,mặc định (quy đổi M15),train,"BTCUSDT,ETHUSDT,BNBUSDT,SOLUSDT,XRPUSDT",Bảng A tổ hợp kích hoạt + xác nhận,1
2026-10-10T01:29:39+00:00,N4a,N4a-i101>i061+i059|--htf,i101>i061+i059|-,True,mặc định (quy đổi M15),train,"BTCUSDT,ETHUSDT,BNBUSDT,SOLUSDT,XRPUSDT",Bảng A tổ hợp kích hoạt + xác nhận,1
2026-10-10T01:29:39+00:00,N4a,N4a-i101>i061+i059|i064-nohtf,i101>i061+i059|i064,False,mặc định (quy đổi M15),train,"BTCUSDT,ETHUSDT,BNBUSDT,SOLUSDT,XRPUSDT",Bảng A tổ hợp kích hoạt + xác nhận,1
2026-10-10T01:29:39+00:00,N4a,N4a-i101>i061+i059|i064-htf,i101>i061+i059|i064,True,mặc định (quy đổi M15),train,"BTCUSDT,ETHUSDT,BNBUSDT,SOLUSDT,XRPUSDT",Bảng A tổ hợp kích hoạt + xác nhận,1
2026-10-10T01:29:39+00:00,N4a,N4a-i101>i061+i031|--nohtf,i101>i061+i031|-,False,mặc định (quy đổi M15),train,"BTCUSDT,ETHUSDT,BNBUSDT,SOLUSDT,XRPUSDT",Bảng A tổ hợp kích hoạt + xác nhận,1
2026-10-10T01:29:39+00:00,N4a,N4a-i101>i061+i031|--htf,i101>i061+i031|-,True,mặc định (quy đổi M15),train,"BTCUSDT,ETHUSDT,BNBUSDT,SOLUSDT,XRPUSDT",Bảng A tổ hợp kích hoạt + xác nhận,1
2026-10-10T01:29:39+00:00,N4a,N4a-i101>i061+i031|i064-nohtf,i101>i061+i031|i064,False,mặc định (quy đổi M15),train,"BTCUSDT,ETHUSDT,BNBUSDT,SOLUSDT,XRPUSDT",Bảng A tổ hợp kích hoạt + xác nhận,1
2026-10-10T01:29:39+00:00,N4a,N4a-i101>i061+i031|i064-htf,i101>i061+i031|i064,True,mặc định (quy đổi M15),train,"BTCUSDT,ETHUSDT,BNBUSDT,SOLUSDT,XRPUSDT",Bảng A tổ hợp kích hoạt + xác nhận,1
2026-10-10T01:29:39+00:00,N4a,N4a-i101>i061+i030|--nohtf,i101>i061+i030|-,False,mặc định (quy đổi M15),train,"BTCUSDT,ETHUSDT,BNBUSDT,SOLUSDT,XRPUSDT",Bảng A tổ hợp kích hoạt + xác nhận,1
2026-10-10T01:29:39+00:00,N4a,N4a-i101>i061+i030|--htf,i101>i061+i030|-,True,mặc định (quy đổi M15),train,"BTCUSDT,ETHUSDT,BNBUSDT,SOLUSDT,XRPUSDT",Bảng A tổ hợp kích hoạt + xác nhận,1
2026-10-10T01:29:39+00:00,N4a,N4a-i101>i061+i030|i064-nohtf,i101>i061+i030|i064,False,mặc định (quy đổi M15),train,"BTCUSDT,ETHUSDT,BNBUSDT,SOLUSDT,XRPUSDT",Bảng A tổ hợp kích hoạt + xác nhận,1
2026-10-10T01:29:39+00:00,N4a,N4a-i101>i061+i030|i064-htf,i101>i061+i030|i064,True,mặc định (quy đổi M15),train,"BTCUSDT,ETHUSDT,BNBUSDT,SOLUSDT,XRPUSDT",Bảng A tổ hợp kích hoạt + xác nhận,1
2026-10-10T01:29:39+00:00,N4a,N4a-i101>i061+i018|--nohtf,i101>i061+i018|-,False,mặc định (quy đổi M15),train,"BTCUSDT,ETHUSDT,BNBUSDT,SOLUSDT,XRPUSDT",Bảng A tổ hợp kích hoạt + xác nhận,1
2026-10-10T01:29:39+00:00,N4a,N4a-i101>i061+i018|--htf,i101>i061+i018|-,True,mặc định (quy đổi M15),train,"BTCUSDT,ETHUSDT,BNBUSDT,SOLUSDT,XRPUSDT",Bảng A tổ hợp kích hoạt + xác nhận,1
2026-10-10T01:29:39+00:00,N4a,N4a-i101>i061+i018|i064-nohtf,i101>i061+i018|i064,False,mặc định (quy đổi M15),train,"BTCUSDT,ETHUSDT,BNBUSDT,SOLUSDT,XRPUSDT",Bảng A tổ hợp kích hoạt + xác nhận,1
2026-10-10T01:29:39+00:00,N4a,N4a-i101>i061+i018|i064-htf,i101>i061+i018|i064,True,mặc định (quy đổi M15),train,"BTCUSDT,ETHUSDT,BNBUSDT,SOLUSDT,XRPUSDT",Bảng A tổ hợp kích hoạt + xác nhận,1
2026-10-10T01:29:39+00:00,N4a,N4a-i101>i061+i035|--nohtf,i101>i061+i035|-,False,mặc định (quy đổi M15),train,"BTCUSDT,ETHUSDT,BNBUSDT,SOLUSDT,XRPUSDT",Bảng A tổ hợp kích hoạt + xác nhận,1
2026-10-10T01:29:39+00:00,N4a,N4a-i101>i061+i035|--htf,i101>i061+i035|-,True,mặc định (quy đổi M15),train,"BTCUSDT,ETHUSDT,BNBUSDT,SOLUSDT,XRPUSDT",Bảng A tổ hợp kích hoạt + xác nhận,1
2026-10-10T01:29:39+00:00,N4a,N4a-i101>i061+i035|i064-nohtf,i101>i061+i035|i064,False,mặc định (quy đổi M15),train,"BTCUSDT,ETHUSDT,BNBUSDT,SOLUSDT,XRPUSDT",Bảng A tổ hợp kích hoạt + xác nhận,1
2026-10-10T01:29:39+00:00,N4a,N4a-i101>i061+i035|i064-htf,i101>i061+i035|i064,True,mặc định (quy đổi M15),train,"BTCUSDT,ETHUSDT,BNBUSDT,SOLUSDT,XRPUSDT",Bảng A tổ hợp kích hoạt + xác nhận,1
2026-10-10T01:29:39+00:00,N4a,N4a-i101>i059+i031|--nohtf,i101>i059+i031|-,False,mặc định (quy đổi M15),train,"BTCUSDT,ETHUSDT,BNBUSDT,SOLUSDT,XRPUSDT",Bảng A tổ hợp kích hoạt + xác nhận,1
2026-10-10T01:29:39+00:00,N4a,N4a-i101>i059+i031|--htf,i101>i059+i031|-,True,mặc định (quy đổi M15),train,"BTCUSDT,ETHUSDT,BNBUSDT,SOLUSDT,XRPUSDT",Bảng A tổ hợp kích hoạt + xác nhận,1
2026-10-10T01:29:39+00:00,N4a,N4a-i101>i059+i031|i064-nohtf,i101>i059+i031|i064,False,mặc định (quy đổi M15),train,"BTCUSDT,ETHUSDT,BNBUSDT,SOLUSDT,XRPUSDT",Bảng A tổ hợp kích hoạt + xác nhận,1
2026-10-10T01:29:39+00:00,N4a,N4a-i101>i059+i031|i064-htf,i101>i059+i031|i064,True,mặc định (quy đổi M15),train,"BTCUSDT,ETHUSDT,BNBUSDT,SOLUSDT,XRPUSDT",Bảng A tổ hợp kích hoạt + xác nhận,1
2026-10-10T01:29:39+00:00,N4a,N4a-i101>i059+i030|--nohtf,i101>i059+i030|-,False,mặc định (quy đổi M15),train,"BTCUSDT,ETHUSDT,BNBUSDT,SOLUSDT,XRPUSDT",Bảng A tổ hợp kích hoạt + xác nhận,1
2026-10-10T01:29:39+00:00,N4a,N4a-i101>i059+i030|--htf,i101>i059+i030|-,True,mặc định (quy đổi M15),train,"BTCUSDT,ETHUSDT,BNBUSDT,SOLUSDT,XRPUSDT",Bảng A tổ hợp kích hoạt + xác nhận,1
2026-10-10T01:29:39+00:00,N4a,N4a-i101>i059+i030|i064-nohtf,i101>i059+i030|i064,False,mặc định (quy đổi M15),train,"BTCUSDT,ETHUSDT,BNBUSDT,SOLUSDT,XRPUSDT",Bảng A tổ hợp kích hoạt + xác nhận,1
2026-10-10T01:29:39+00:00,N4a,N4a-i101>i059+i030|i064-htf,i101>i059+i030|i064,True,mặc định (quy đổi M15),train,"BTCUSDT,ETHUSDT,BNBUSDT,SOLUSDT,XRPUSDT",Bảng A tổ hợp kích hoạt + xác nhận,1
2026-10-10T01:29:39+00:00,N4a,N4a-i101>i059+i018|--nohtf,i101>i059+i018|-,False,mặc định (quy đổi M15),train,"BTCUSDT,ETHUSDT,BNBUSDT,SOLUSDT,XRPUSDT",Bảng A tổ hợp kích hoạt + xác nhận,1
2026-10-10T01:29:39+00:00,N4a,N4a-i101>i059+i018|--htf,i101>i059+i018|-,True,mặc định (quy đổi M15),train,"BTCUSDT,ETHUSDT,BNBUSDT,SOLUSDT,XRPUSDT",Bảng A tổ hợp kích hoạt + xác nhận,1
2026-10-10T01:29:39+00:00,N4a,N4a-i101>i059+i018|i064-nohtf,i101>i059+i018|i064,False,mặc định (quy đổi M15),train,"BTCUSDT,ETHUSDT,BNBUSDT,SOLUSDT,XRPUSDT",Bảng A tổ hợp kích hoạt + xác nhận,1
2026-10-10T01:29:39+00:00,N4a,N4a-i101>i059+i018|i064-htf,i101>i059+i018|i064,True,mặc định (quy đổi M15),train,"BTCUSDT,ETHUSDT,BNBUSDT,SOLUSDT,XRPUSDT",Bảng A tổ hợp kích hoạt + xác nhận,1
2026-10-10T01:29:39+00:00,N4a,N4a-i101>i059+i035|--nohtf,i101>i059+i035|-,False,mặc định (quy đổi M15),train,"BTCUSDT,ETHUSDT,BNBUSDT,SOLUSDT,XRPUSDT",Bảng A tổ hợp kích hoạt + xác nhận,1
2026-10-10T01:29:39+00:00,N4a,N4a-i101>i059+i035|--htf,i101>i059+i035|-,True,mặc định (quy đổi M15),train,"BTCUSDT,ETHUSDT,BNBUSDT,SOLUSDT,XRPUSDT",Bảng A tổ hợp kích hoạt + xác nhận,1
2026-10-10T01:29:39+00:00,N4a,N4a-i101>i059+i035|i064-nohtf,i101>i059+i035|i064,False,mặc định (quy đổi M15),train,"BTCUSDT,ETHUSDT,BNBUSDT,SOLUSDT,XRPUSDT",Bảng A tổ hợp kích hoạt + xác nhận,1
2026-10-10T01:29:39+00:00,N4a,N4a-i101>i059+i035|i064-htf,i101>i059+i035|i064,True,mặc định (quy đổi M15),train,"BTCUSDT,ETHUSDT,BNBUSDT,SOLUSDT,XRPUSDT",Bảng A tổ hợp kích hoạt + xác nhận,1
2026-10-10T01:29:39+00:00,N4a,N4a-i101>i031+i030|--nohtf,i101>i031+i030|-,False,mặc định (quy đổi M15),train,"BTCUSDT,ETHUSDT,BNBUSDT,SOLUSDT,XRPUSDT",Bảng A tổ hợp kích hoạt + xác nhận,1
2026-10-10T01:29:39+00:00,N4a,N4a-i101>i031+i030|--htf,i101>i031+i030|-,True,mặc định (quy đổi M15),train,"BTCUSDT,ETHUSDT,BNBUSDT,SOLUSDT,XRPUSDT",Bảng A tổ hợp kích hoạt + xác nhận,1
2026-10-10T01:29:39+00:00,N4a,N4a-i101>i031+i030|i064-nohtf,i101>i031+i030|i064,False,mặc định (quy đổi M15),train,"BTCUSDT,ETHUSDT,BNBUSDT,SOLUSDT,XRPUSDT",Bảng A tổ hợp kích hoạt + xác nhận,1
2026-10-10T01:29:39+00:00,N4a,N4a-i101>i031+i030|i064-htf,i101>i031+i030|i064,True,mặc định (quy đổi M15),train,"BTCUSDT,ETHUSDT,BNBUSDT,SOLUSDT,XRPUSDT",Bảng A tổ hợp kích hoạt + xác nhận,1
2026-10-10T01:29:39+00:00,N4a,N4a-i101>i031+i018|--nohtf,i101>i031+i018|-,False,mặc định (quy đổi M15),train,"BTCUSDT,ETHUSDT,BNBUSDT,SOLUSDT,XRPUSDT",Bảng A tổ hợp kích hoạt + xác nhận,1
2026-10-10T01:29:39+00:00,N4a,N4a-i101>i031+i018|--htf,i101>i031+i018|-,True,mặc định (quy đổi M15),train,"BTCUSDT,ETHUSDT,BNBUSDT,SOLUSDT,XRPUSDT",Bảng A tổ hợp kích hoạt + xác nhận,1
2026-10-10T01:29:39+00:00,N4a,N4a-i101>i031+i018|i064-nohtf,i101>i031+i018|i064,False,mặc định (quy đổi M15),train,"BTCUSDT,ETHUSDT,BNBUSDT,SOLUSDT,XRPUSDT",Bảng A tổ hợp kích hoạt + xác nhận,1
2026-10-10T01:29:39+00:00,N4a,N4a-i101>i031+i018|i064-htf,i101>i031+i018|i064,True,mặc định (quy đổi M15),train,"BTCUSDT,ETHUSDT,BNBUSDT,SOLUSDT,XRPUSDT",Bảng A tổ hợp kích hoạt + xác nhận,1
2026-10-10T01:29:39+00:00,N4a,N4a-i101>i031+i035|--nohtf,i101>i031+i035|-,False,mặc định (quy đổi M15),train,"BTCUSDT,ETHUSDT,BNBUSDT,SOLUSDT,XRPUSDT",Bảng A tổ hợp kích hoạt + xác nhận,1
2026-10-10T01:29:39+00:00,N4a,N4a-i101>i031+i035|--htf,i101>i031+i035|-,True,mặc định (quy đổi M15),train,"BTCUSDT,ETHUSDT,BNBUSDT,SOLUSDT,XRPUSDT",Bảng A tổ hợp kích hoạt + xác nhận,1
2026-10-10T01:29:39+00:00,N4a,N4a-i101>i031+i035|i064-nohtf,i101>i031+i035|i064,False,mặc định (quy đổi M15),train,"BTCUSDT,ETHUSDT,BNBUSDT,SOLUSDT,XRPUSDT",Bảng A tổ hợp kích hoạt + xác nhận,1
2026-10-10T01:29:39+00:00,N4a,N4a-i101>i031+i035|i064-htf,i101>i031+i035|i064,True,mặc định (quy đổi M15),train,"BTCUSDT,ETHUSDT,BNBUSDT,SOLUSDT,XRPUSDT",Bảng A tổ hợp kích hoạt + xác nhận,1
2026-10-10T01:29:39+00:00,N4a,N4a-i101>i030+i018|--nohtf,i101>i030+i018|-,False,mặc định (quy đổi M15),train,"BTCUSDT,ETHUSDT,BNBUSDT,SOLUSDT,XRPUSDT",Bảng A tổ hợp kích hoạt + xác nhận,1
2026-10-10T01:29:39+00:00,N4a,N4a-i101>i030+i018|--htf,i101>i030+i018|-,True,mặc định (quy đổi M15),train,"BTCUSDT,ETHUSDT,BNBUSDT,SOLUSDT,XRPUSDT",Bảng A tổ hợp kích hoạt + xác nhận,1
2026-10-10T01:29:39+00:00,N4a,N4a-i101>i030+i018|i064-nohtf,i101>i030+i018|i064,False,mặc định (quy đổi M15),train,"BTCUSDT,ETHUSDT,BNBUSDT,SOLUSDT,XRPUSDT",Bảng A tổ hợp kích hoạt + xác nhận,1
2026-10-10T01:29:39+00:00,N4a,N4a-i101>i030+i018|i064-htf,i101>i030+i018|i064,True,mặc định (quy đổi M15),train,"BTCUSDT,ETHUSDT,BNBUSDT,SOLUSDT,XRPUSDT",Bảng A tổ hợp kích hoạt + xác nhận,1
2026-10-10T01:29:39+00:00,N4a,N4a-i101>i030+i035|--nohtf,i101>i030+i035|-,False,mặc định (quy đổi M15),train,"BTCUSDT,ETHUSDT,BNBUSDT,SOLUSDT,XRPUSDT",Bảng A tổ hợp kích hoạt + xác nhận,1
2026-10-10T01:29:39+00:00,N4a,N4a-i101>i030+i035|--htf,i101>i030+i035|-,True,mặc định (quy đổi M15),train,"BTCUSDT,ETHUSDT,BNBUSDT,SOLUSDT,XRPUSDT",Bảng A tổ hợp kích hoạt + xác nhận,1
2026-10-10T01:29:39+00:00,N4a,N4a-i101>i030+i035|i064-nohtf,i101>i030+i035|i064,False,mặc định (quy đổi M15),train,"BTCUSDT,ETHUSDT,BNBUSDT,SOLUSDT,XRPUSDT",Bảng A tổ hợp kích hoạt + xác nhận,1
2026-10-10T01:29:39+00:00,N4a,N4a-i101>i030+i035|i064-htf,i101>i030+i035|i064,True,mặc định (quy đổi M15),train,"BTCUSDT,ETHUSDT,BNBUSDT,SOLUSDT,XRPUSDT",Bảng A tổ hợp kích hoạt + xác nhận,1
2026-10-10T01:29:39+00:00,N4a,N4a-i101>i018+i035|--nohtf,i101>i018+i035|-,False,mặc định (quy đổi M15),train,"BTCUSDT,ETHUSDT,BNBUSDT,SOLUSDT,XRPUSDT",Bảng A tổ hợp kích hoạt + xác nhận,1
2026-10-10T01:29:39+00:00,N4a,N4a-i101>i018+i035|--htf,i101>i018+i035|-,True,mặc định (quy đổi M15),train,"BTCUSDT,ETHUSDT,BNBUSDT,SOLUSDT,XRPUSDT",Bảng A tổ hợp kích hoạt + xác nhận,1
2026-10-10T01:29:39+00:00,N4a,N4a-i101>i018+i035|i064-nohtf,i101>i018+i035|i064,False,mặc định (quy đổi M15),train,"BTCUSDT,ETHUSDT,BNBUSDT,SOLUSDT,XRPUSDT",Bảng A tổ hợp kích hoạt + xác nhận,1
2026-10-10T01:29:39+00:00,N4a,N4a-i101>i018+i035|i064-htf,i101>i018+i035|i064,True,mặc định (quy đổi M15),train,"BTCUSDT,ETHUSDT,BNBUSDT,SOLUSDT,XRPUSDT",Bảng A tổ hợp kích hoạt + xác nhận,1
2026-10-10T01:29:39+00:00,N4a,N4a-i030>i027|--nohtf,i030>i027|-,False,mặc định (quy đổi M15),train,"BTCUSDT,ETHUSDT,BNBUSDT,SOLUSDT,XRPUSDT",Bảng A tổ hợp kích hoạt + xác nhận,1
2026-10-10T01:29:39+00:00,N4a,N4a-i030>i027|--htf,i030>i027|-,True,mặc định (quy đổi M15),train,"BTCUSDT,ETHUSDT,BNBUSDT,SOLUSDT,XRPUSDT",Bảng A tổ hợp kích hoạt + xác nhận,1
2026-10-10T01:29:39+00:00,N4a,N4a-i030>i027|i064-nohtf,i030>i027|i064,False,mặc định (quy đổi M15),train,"BTCUSDT,ETHUSDT,BNBUSDT,SOLUSDT,XRPUSDT",Bảng A tổ hợp kích hoạt + xác nhận,1
2026-10-10T01:29:39+00:00,N4a,N4a-i030>i027|i064-htf,i030>i027|i064,True,mặc định (quy đổi M15),train,"BTCUSDT,ETHUSDT,BNBUSDT,SOLUSDT,XRPUSDT",Bảng A tổ hợp kích hoạt + xác nhận,1
2026-10-10T01:29:39+00:00,N4a,N4a-i030>i024|--nohtf,i030>i024|-,False,mặc định (quy đổi M15),train,"BTCUSDT,ETHUSDT,BNBUSDT,SOLUSDT,XRPUSDT",Bảng A tổ hợp kích hoạt + xác nhận,1
2026-10-10T01:29:39+00:00,N4a,N4a-i030>i024|--htf,i030>i024|-,True,mặc định (quy đổi M15),train,"BTCUSDT,ETHUSDT,BNBUSDT,SOLUSDT,XRPUSDT",Bảng A tổ hợp kích hoạt + xác nhận,1
2026-10-10T01:29:39+00:00,N4a,N4a-i030>i024|i064-nohtf,i030>i024|i064,False,mặc định (quy đổi M15),train,"BTCUSDT,ETHUSDT,BNBUSDT,SOLUSDT,XRPUSDT",Bảng A tổ hợp kích hoạt + xác nhận,1
2026-10-10T01:29:39+00:00,N4a,N4a-i030>i024|i064-htf,i030>i024|i064,True,mặc định (quy đổi M15),train,"BTCUSDT,ETHUSDT,BNBUSDT,SOLUSDT,XRPUSDT",Bảng A tổ hợp kích hoạt + xác nhận,1
2026-10-10T01:29:39+00:00,N4a,N4a-i030>i034|--nohtf,i030>i034|-,False,mặc định (quy đổi M15),train,"BTCUSDT,ETHUSDT,BNBUSDT,SOLUSDT,XRPUSDT",Bảng A tổ hợp kích hoạt + xác nhận,1
2026-10-10T01:29:39+00:00,N4a,N4a-i030>i034|--htf,i030>i034|-,True,mặc định (quy đổi M15),train,"BTCUSDT,ETHUSDT,BNBUSDT,SOLUSDT,XRPUSDT",Bảng A tổ hợp kích hoạt + xác nhận,1
2026-10-10T01:29:39+00:00,N4a,N4a-i030>i034|i064-nohtf,i030>i034|i064,False,mặc định (quy đổi M15),train,"BTCUSDT,ETHUSDT,BNBUSDT,SOLUSDT,XRPUSDT",Bảng A tổ hợp kích hoạt + xác nhận,1
2026-10-10T01:29:39+00:00,N4a,N4a-i030>i034|i064-htf,i030>i034|i064,True,mặc định (quy đổi M15),train,"BTCUSDT,ETHUSDT,BNBUSDT,SOLUSDT,XRPUSDT",Bảng A tổ hợp kích hoạt + xác nhận,1
2026-10-10T01:29:39+00:00,N4a,N4a-i030>i061|--nohtf,i030>i061|-,False,mặc định (quy đổi M15),train,"BTCUSDT,ETHUSDT,BNBUSDT,SOLUSDT,XRPUSDT",Bảng A tổ hợp kích hoạt + xác nhận,1
2026-10-10T01:29:39+00:00,N4a,N4a-i030>i061|--htf,i030>i061|-,True,mặc định (quy đổi M15),train,"BTCUSDT,ETHUSDT,BNBUSDT,SOLUSDT,XRPUSDT",Bảng A tổ hợp kích hoạt + xác nhận,1
2026-10-10T01:29:39+00:00,N4a,N4a-i030>i061|i064-nohtf,i030>i061|i064,False,mặc định (quy đổi M15),train,"BTCUSDT,ETHUSDT,BNBUSDT,SOLUSDT,XRPUSDT",Bảng A tổ hợp kích hoạt + xác nhận,1
2026-10-10T01:29:39+00:00,N4a,N4a-i030>i061|i064-htf,i030>i061|i064,True,mặc định (quy đổi M15),train,"BTCUSDT,ETHUSDT,BNBUSDT,SOLUSDT,XRPUSDT",Bảng A tổ hợp kích hoạt + xác nhận,1
2026-10-10T01:29:39+00:00,N4a,N4a-i030>i059|--nohtf,i030>i059|-,False,mặc định (quy đổi M15),train,"BTCUSDT,ETHUSDT,BNBUSDT,SOLUSDT,XRPUSDT",Bảng A tổ hợp kích hoạt + xác nhận,1
2026-10-10T01:29:39+00:00,N4a,N4a-i030>i059|--htf,i030>i059|-,True,mặc định (quy đổi M15),train,"BTCUSDT,ETHUSDT,BNBUSDT,SOLUSDT,XRPUSDT",Bảng A tổ hợp kích hoạt + xác nhận,1
2026-10-10T01:29:39+00:00,N4a,N4a-i030>i059|i064-nohtf,i030>i059|i064,False,mặc định (quy đổi M15),train,"BTCUSDT,ETHUSDT,BNBUSDT,SOLUSDT,XRPUSDT",Bảng A tổ hợp kích hoạt + xác nhận,1
2026-10-10T01:29:39+00:00,N4a,N4a-i030>i059|i064-htf,i030>i059|i064,True,mặc định (quy đổi M15),train,"BTCUSDT,ETHUSDT,BNBUSDT,SOLUSDT,XRPUSDT",Bảng A tổ hợp kích hoạt + xác nhận,1
2026-10-10T01:29:39+00:00,N4a,N4a-i030>i031|--nohtf,i030>i031|-,False,mặc định (quy đổi M15),train,"BTCUSDT,ETHUSDT,BNBUSDT,SOLUSDT,XRPUSDT",Bảng A tổ hợp kích hoạt + xác nhận,1
2026-10-10T01:29:39+00:00,N4a,N4a-i030>i031|--htf,i030>i031|-,True,mặc định (quy đổi M15),train,"BTCUSDT,ETHUSDT,BNBUSDT,SOLUSDT,XRPUSDT",Bảng A tổ hợp kích hoạt + xác nhận,1
2026-10-10T01:29:39+00:00,N4a,N4a-i030>i031|i064-nohtf,i030>i031|i064,False,mặc định (quy đổi M15),train,"BTCUSDT,ETHUSDT,BNBUSDT,SOLUSDT,XRPUSDT",Bảng A tổ hợp kích hoạt + xác nhận,1
2026-10-10T01:29:39+00:00,N4a,N4a-i030>i031|i064-htf,i030>i031|i064,True,mặc định (quy đổi M15),train,"BTCUSDT,ETHUSDT,BNBUSDT,SOLUSDT,XRPUSDT",Bảng A tổ hợp kích hoạt + xác nhận,1
2026-10-10T01:29:39+00:00,N4a,N4a-i030>i101|--nohtf,i030>i101|-,False,mặc định (quy đổi M15),train,"BTCUSDT,ETHUSDT,BNBUSDT,SOLUSDT,XRPUSDT",Bảng A tổ hợp kích hoạt + xác nhận,1
2026-10-10T01:29:39+00:00,N4a,N4a-i030>i101|--htf,i030>i101|-,True,mặc định (quy đổi M15),train,"BTCUSDT,ETHUSDT,BNBUSDT,SOLUSDT,XRPUSDT",Bảng A tổ hợp kích hoạt + xác nhận,1
2026-10-10T01:29:39+00:00,N4a,N4a-i030>i101|i064-nohtf,i030>i101|i064,False,mặc định (quy đổi M15),train,"BTCUSDT,ETHUSDT,BNBUSDT,SOLUSDT,XRPUSDT",Bảng A tổ hợp kích hoạt + xác nhận,1
2026-10-10T01:29:39+00:00,N4a,N4a-i030>i101|i064-htf,i030>i101|i064,True,mặc định (quy đổi M15),train,"BTCUSDT,ETHUSDT,BNBUSDT,SOLUSDT,XRPUSDT",Bảng A tổ hợp kích hoạt + xác nhận,1
2026-10-10T01:29:39+00:00,N4a,N4a-i030>i018|--nohtf,i030>i018|-,False,mặc định (quy đổi M15),train,"BTCUSDT,ETHUSDT,BNBUSDT,SOLUSDT,XRPUSDT",Bảng A tổ hợp kích hoạt + xác nhận,1
2026-10-10T01:29:39+00:00,N4a,N4a-i030>i018|--htf,i030>i018|-,True,mặc định (quy đổi M15),train,"BTCUSDT,ETHUSDT,BNBUSDT,SOLUSDT,XRPUSDT",Bảng A tổ hợp kích hoạt + xác nhận,1
2026-10-10T01:29:39+00:00,N4a,N4a-i030>i018|i064-nohtf,i030>i018|i064,False,mặc định (quy đổi M15),train,"BTCUSDT,ETHUSDT,BNBUSDT,SOLUSDT,XRPUSDT",Bảng A tổ hợp kích hoạt + xác nhận,1
2026-10-10T01:29:39+00:00,N4a,N4a-i030>i018|i064-htf,i030>i018|i064,True,mặc định (quy đổi M15),train,"BTCUSDT,ETHUSDT,BNBUSDT,SOLUSDT,XRPUSDT",Bảng A tổ hợp kích hoạt + xác nhận,1
2026-10-10T01:29:39+00:00,N4a,N4a-i030>i035|--nohtf,i030>i035|-,False,mặc định (quy đổi M15),train,"BTCUSDT,ETHUSDT,BNBUSDT,SOLUSDT,XRPUSDT",Bảng A tổ hợp kích hoạt + xác nhận,1
2026-10-10T01:29:39+00:00,N4a,N4a-i030>i035|--htf,i030>i035|-,True,mặc định (quy đổi M15),train,"BTCUSDT,ETHUSDT,BNBUSDT,SOLUSDT,XRPUSDT",Bảng A tổ hợp kích hoạt + xác nhận,1
2026-10-10T01:29:39+00:00,N4a,N4a-i030>i035|i064-nohtf,i030>i035|i064,False,mặc định (quy đổi M15),train,"BTCUSDT,ETHUSDT,BNBUSDT,SOLUSDT,XRPUSDT",Bảng A tổ hợp kích hoạt + xác nhận,1
2026-10-10T01:29:39+00:00,N4a,N4a-i030>i035|i064-htf,i030>i035|i064,True,mặc định (quy đổi M15),train,"BTCUSDT,ETHUSDT,BNBUSDT,SOLUSDT,XRPUSDT",Bảng A tổ hợp kích hoạt + xác nhận,1
2026-10-10T01:29:39+00:00,N4a,N4a-i030>i027+i024|--nohtf,i030>i027+i024|-,False,mặc định (quy đổi M15),train,"BTCUSDT,ETHUSDT,BNBUSDT,SOLUSDT,XRPUSDT",Bảng A tổ hợp kích hoạt + xác nhận,1
2026-10-10T01:29:39+00:00,N4a,N4a-i030>i027+i024|--htf,i030>i027+i024|-,True,mặc định (quy đổi M15),train,"BTCUSDT,ETHUSDT,BNBUSDT,SOLUSDT,XRPUSDT",Bảng A tổ hợp kích hoạt + xác nhận,1
2026-10-10T01:29:39+00:00,N4a,N4a-i030>i027+i024|i064-nohtf,i030>i027+i024|i064,False,mặc định (quy đổi M15),train,"BTCUSDT,ETHUSDT,BNBUSDT,SOLUSDT,XRPUSDT",Bảng A tổ hợp kích hoạt + xác nhận,1
2026-10-10T01:29:39+00:00,N4a,N4a-i030>i027+i024|i064-htf,i030>i027+i024|i064,True,mặc định (quy đổi M15),train,"BTCUSDT,ETHUSDT,BNBUSDT,SOLUSDT,XRPUSDT",Bảng A tổ hợp kích hoạt + xác nhận,1
2026-10-10T01:29:39+00:00,N4a,N4a-i030>i027+i034|--nohtf,i030>i027+i034|-,False,mặc định (quy đổi M15),train,"BTCUSDT,ETHUSDT,BNBUSDT,SOLUSDT,XRPUSDT",Bảng A tổ hợp kích hoạt + xác nhận,1
2026-10-10T01:29:39+00:00,N4a,N4a-i030>i027+i034|--htf,i030>i027+i034|-,True,mặc định (quy đổi M15),train,"BTCUSDT,ETHUSDT,BNBUSDT,SOLUSDT,XRPUSDT",Bảng A tổ hợp kích hoạt + xác nhận,1
2026-10-10T01:29:39+00:00,N4a,N4a-i030>i027+i034|i064-nohtf,i030>i027+i034|i064,False,mặc định (quy đổi M15),train,"BTCUSDT,ETHUSDT,BNBUSDT,SOLUSDT,XRPUSDT",Bảng A tổ hợp kích hoạt + xác nhận,1
2026-10-10T01:29:39+00:00,N4a,N4a-i030>i027+i034|i064-htf,i030>i027+i034|i064,True,mặc định (quy đổi M15),train,"BTCUSDT,ETHUSDT,BNBUSDT,SOLUSDT,XRPUSDT",Bảng A tổ hợp kích hoạt + xác nhận,1
2026-10-10T01:29:39+00:00,N4a,N4a-i030>i027+i061|--nohtf,i030>i027+i061|-,False,mặc định (quy đổi M15),train,"BTCUSDT,ETHUSDT,BNBUSDT,SOLUSDT,XRPUSDT",Bảng A tổ hợp kích hoạt + xác nhận,1
2026-10-10T01:29:39+00:00,N4a,N4a-i030>i027+i061|--htf,i030>i027+i061|-,True,mặc định (quy đổi M15),train,"BTCUSDT,ETHUSDT,BNBUSDT,SOLUSDT,XRPUSDT",Bảng A tổ hợp kích hoạt + xác nhận,1
2026-10-10T01:29:39+00:00,N4a,N4a-i030>i027+i061|i064-nohtf,i030>i027+i061|i064,False,mặc định (quy đổi M15),train,"BTCUSDT,ETHUSDT,BNBUSDT,SOLUSDT,XRPUSDT",Bảng A tổ hợp kích hoạt + xác nhận,1
2026-10-10T01:29:39+00:00,N4a,N4a-i030>i027+i061|i064-htf,i030>i027+i061|i064,True,mặc định (quy đổi M15),train,"BTCUSDT,ETHUSDT,BNBUSDT,SOLUSDT,XRPUSDT",Bảng A tổ hợp kích hoạt + xác nhận,1
2026-10-10T01:29:39+00:00,N4a,N4a-i030>i027+i059|--nohtf,i030>i027+i059|-,False,mặc định (quy đổi M15),train,"BTCUSDT,ETHUSDT,BNBUSDT,SOLUSDT,XRPUSDT",Bảng A tổ hợp kích hoạt + xác nhận,1
2026-10-10T01:29:39+00:00,N4a,N4a-i030>i027+i059|--htf,i030>i027+i059|-,True,mặc định (quy đổi M15),train,"BTCUSDT,ETHUSDT,BNBUSDT,SOLUSDT,XRPUSDT",Bảng A tổ hợp kích hoạt + xác nhận,1
2026-10-10T01:29:39+00:00,N4a,N4a-i030>i027+i059|i064-nohtf,i030>i027+i059|i064,False,mặc định (quy đổi M15),train,"BTCUSDT,ETHUSDT,BNBUSDT,SOLUSDT,XRPUSDT",Bảng A tổ hợp kích hoạt + xác nhận,1
2026-10-10T01:29:39+00:00,N4a,N4a-i030>i027+i059|i064-htf,i030>i027+i059|i064,True,mặc định (quy đổi M15),train,"BTCUSDT,ETHUSDT,BNBUSDT,SOLUSDT,XRPUSDT",Bảng A tổ hợp kích hoạt + xác nhận,1
2026-10-10T01:29:39+00:00,N4a,N4a-i030>i027+i031|--nohtf,i030>i027+i031|-,False,mặc định (quy đổi M15),train,"BTCUSDT,ETHUSDT,BNBUSDT,SOLUSDT,XRPUSDT",Bảng A tổ hợp kích hoạt + xác nhận,1
2026-10-10T01:29:39+00:00,N4a,N4a-i030>i027+i031|--htf,i030>i027+i031|-,True,mặc định (quy đổi M15),train,"BTCUSDT,ETHUSDT,BNBUSDT,SOLUSDT,XRPUSDT",Bảng A tổ hợp kích hoạt + xác nhận,1
2026-10-10T01:29:39+00:00,N4a,N4a-i030>i027+i031|i064-nohtf,i030>i027+i031|i064,False,mặc định (quy đổi M15),train,"BTCUSDT,ETHUSDT,BNBUSDT,SOLUSDT,XRPUSDT",Bảng A tổ hợp kích hoạt + xác nhận,1
2026-10-10T01:29:39+00:00,N4a,N4a-i030>i027+i031|i064-htf,i030>i027+i031|i064,True,mặc định (quy đổi M15),train,"BTCUSDT,ETHUSDT,BNBUSDT,SOLUSDT,XRPUSDT",Bảng A tổ hợp kích hoạt + xác nhận,1
2026-10-10T01:29:39+00:00,N4a,N4a-i030>i027+i101|--nohtf,i030>i027+i101|-,False,mặc định (quy đổi M15),train,"BTCUSDT,ETHUSDT,BNBUSDT,SOLUSDT,XRPUSDT",Bảng A tổ hợp kích hoạt + xác nhận,1
2026-10-10T01:29:39+00:00,N4a,N4a-i030>i027+i101|--htf,i030>i027+i101|-,True,mặc định (quy đổi M15),train,"BTCUSDT,ETHUSDT,BNBUSDT,SOLUSDT,XRPUSDT",Bảng A tổ hợp kích hoạt + xác nhận,1
2026-10-10T01:29:39+00:00,N4a,N4a-i030>i027+i101|i064-nohtf,i030>i027+i101|i064,False,mặc định (quy đổi M15),train,"BTCUSDT,ETHUSDT,BNBUSDT,SOLUSDT,XRPUSDT",Bảng A tổ hợp kích hoạt + xác nhận,1
2026-10-10T01:29:39+00:00,N4a,N4a-i030>i027+i101|i064-htf,i030>i027+i101|i064,True,mặc định (quy đổi M15),train,"BTCUSDT,ETHUSDT,BNBUSDT,SOLUSDT,XRPUSDT",Bảng A tổ hợp kích hoạt + xác nhận,1
2026-10-10T01:29:39+00:00,N4a,N4a-i030>i027+i018|--nohtf,i030>i027+i018|-,False,mặc định (quy đổi M15),train,"BTCUSDT,ETHUSDT,BNBUSDT,SOLUSDT,XRPUSDT",Bảng A tổ hợp kích hoạt + xác nhận,1
2026-10-10T01:29:39+00:00,N4a,N4a-i030>i027+i018|--htf,i030>i027+i018|-,True,mặc định (quy đổi M15),train,"BTCUSDT,ETHUSDT,BNBUSDT,SOLUSDT,XRPUSDT",Bảng A tổ hợp kích hoạt + xác nhận,1
2026-10-10T01:29:39+00:00,N4a,N4a-i030>i027+i018|i064-nohtf,i030>i027+i018|i064,False,mặc định (quy đổi M15),train,"BTCUSDT,ETHUSDT,BNBUSDT,SOLUSDT,XRPUSDT",Bảng A tổ hợp kích hoạt + xác nhận,1
2026-10-10T01:29:39+00:00,N4a,N4a-i030>i027+i018|i064-htf,i030>i027+i018|i064,True,mặc định (quy đổi M15),train,"BTCUSDT,ETHUSDT,BNBUSDT,SOLUSDT,XRPUSDT",Bảng A tổ hợp kích hoạt + xác nhận,1
2026-10-10T01:29:39+00:00,N4a,N4a-i030>i027+i035|--nohtf,i030>i027+i035|-,False,mặc định (quy đổi M15),train,"BTCUSDT,ETHUSDT,BNBUSDT,SOLUSDT,XRPUSDT",Bảng A tổ hợp kích hoạt + xác nhận,1
2026-10-10T01:29:39+00:00,N4a,N4a-i030>i027+i035|--htf,i030>i027+i035|-,True,mặc định (quy đổi M15),train,"BTCUSDT,ETHUSDT,BNBUSDT,SOLUSDT,XRPUSDT",Bảng A tổ hợp kích hoạt + xác nhận,1
2026-10-10T01:29:39+00:00,N4a,N4a-i030>i027+i035|i064-nohtf,i030>i027+i035|i064,False,mặc định (quy đổi M15),train,"BTCUSDT,ETHUSDT,BNBUSDT,SOLUSDT,XRPUSDT",Bảng A tổ hợp kích hoạt + xác nhận,1
2026-10-10T01:29:39+00:00,N4a,N4a-i030>i027+i035|i064-htf,i030>i027+i035|i064,True,mặc định (quy đổi M15),train,"BTCUSDT,ETHUSDT,BNBUSDT,SOLUSDT,XRPUSDT",Bảng A tổ hợp kích hoạt + xác nhận,1
2026-10-10T01:29:39+00:00,N4a,N4a-i030>i024+i034|--nohtf,i030>i024+i034|-,False,mặc định (quy đổi M15),train,"BTCUSDT,ETHUSDT,BNBUSDT,SOLUSDT,XRPUSDT",Bảng A tổ hợp kích hoạt + xác nhận,1
2026-10-10T01:29:39+00:00,N4a,N4a-i030>i024+i034|--htf,i030>i024+i034|-,True,mặc định (quy đổi M15),train,"BTCUSDT,ETHUSDT,BNBUSDT,SOLUSDT,XRPUSDT",Bảng A tổ hợp kích hoạt + xác nhận,1
2026-10-10T01:29:39+00:00,N4a,N4a-i030>i024+i034|i064-nohtf,i030>i024+i034|i064,False,mặc định (quy đổi M15),train,"BTCUSDT,ETHUSDT,BNBUSDT,SOLUSDT,XRPUSDT",Bảng A tổ hợp kích hoạt + xác nhận,1
2026-10-10T01:29:39+00:00,N4a,N4a-i030>i024+i034|i064-htf,i030>i024+i034|i064,True,mặc định (quy đổi M15),train,"BTCUSDT,ETHUSDT,BNBUSDT,SOLUSDT,XRPUSDT",Bảng A tổ hợp kích hoạt + xác nhận,1
2026-10-10T01:29:39+00:00,N4a,N4a-i030>i024+i061|--nohtf,i030>i024+i061|-,False,mặc định (quy đổi M15),train,"BTCUSDT,ETHUSDT,BNBUSDT,SOLUSDT,XRPUSDT",Bảng A tổ hợp kích hoạt + xác nhận,1
2026-10-10T01:29:39+00:00,N4a,N4a-i030>i024+i061|--htf,i030>i024+i061|-,True,mặc định (quy đổi M15),train,"BTCUSDT,ETHUSDT,BNBUSDT,SOLUSDT,XRPUSDT",Bảng A tổ hợp kích hoạt + xác nhận,1
2026-10-10T01:29:39+00:00,N4a,N4a-i030>i024+i061|i064-nohtf,i030>i024+i061|i064,False,mặc định (quy đổi M15),train,"BTCUSDT,ETHUSDT,BNBUSDT,SOLUSDT,XRPUSDT",Bảng A tổ hợp kích hoạt + xác nhận,1
2026-10-10T01:29:39+00:00,N4a,N4a-i030>i024+i061|i064-htf,i030>i024+i061|i064,True,mặc định (quy đổi M15),train,"BTCUSDT,ETHUSDT,BNBUSDT,SOLUSDT,XRPUSDT",Bảng A tổ hợp kích hoạt + xác nhận,1
2026-10-10T01:29:39+00:00,N4a,N4a-i030>i024+i059|--nohtf,i030>i024+i059|-,False,mặc định (quy đổi M15),train,"BTCUSDT,ETHUSDT,BNBUSDT,SOLUSDT,XRPUSDT",Bảng A tổ hợp kích hoạt + xác nhận,1
2026-10-10T01:29:39+00:00,N4a,N4a-i030>i024+i059|--htf,i030>i024+i059|-,True,mặc định (quy đổi M15),train,"BTCUSDT,ETHUSDT,BNBUSDT,SOLUSDT,XRPUSDT",Bảng A tổ hợp kích hoạt + xác nhận,1
2026-10-10T01:29:39+00:00,N4a,N4a-i030>i024+i059|i064-nohtf,i030>i024+i059|i064,False,mặc định (quy đổi M15),train,"BTCUSDT,ETHUSDT,BNBUSDT,SOLUSDT,XRPUSDT",Bảng A tổ hợp kích hoạt + xác nhận,1
2026-10-10T01:29:39+00:00,N4a,N4a-i030>i024+i059|i064-htf,i030>i024+i059|i064,True,mặc định (quy đổi M15),train,"BTCUSDT,ETHUSDT,BNBUSDT,SOLUSDT,XRPUSDT",Bảng A tổ hợp kích hoạt + xác nhận,1
2026-10-10T01:29:39+00:00,N4a,N4a-i030>i024+i031|--nohtf,i030>i024+i031|-,False,mặc định (quy đổi M15),train,"BTCUSDT,ETHUSDT,BNBUSDT,SOLUSDT,XRPUSDT",Bảng A tổ hợp kích hoạt + xác nhận,1
2026-10-10T01:29:39+00:00,N4a,N4a-i030>i024+i031|--htf,i030>i024+i031|-,True,mặc định (quy đổi M15),train,"BTCUSDT,ETHUSDT,BNBUSDT,SOLUSDT,XRPUSDT",Bảng A tổ hợp kích hoạt + xác nhận,1
2026-10-10T01:29:39+00:00,N4a,N4a-i030>i024+i031|i064-nohtf,i030>i024+i031|i064,False,mặc định (quy đổi M15),train,"BTCUSDT,ETHUSDT,BNBUSDT,SOLUSDT,XRPUSDT",Bảng A tổ hợp kích hoạt + xác nhận,1
2026-10-10T01:29:39+00:00,N4a,N4a-i030>i024+i031|i064-htf,i030>i024+i031|i064,True,mặc định (quy đổi M15),train,"BTCUSDT,ETHUSDT,BNBUSDT,SOLUSDT,XRPUSDT",Bảng A tổ hợp kích hoạt + xác nhận,1
2026-10-10T01:29:39+00:00,N4a,N4a-i030>i024+i101|--nohtf,i030>i024+i101|-,False,mặc định (quy đổi M15),train,"BTCUSDT,ETHUSDT,BNBUSDT,SOLUSDT,XRPUSDT",Bảng A tổ hợp kích hoạt + xác nhận,1
2026-10-10T01:29:39+00:00,N4a,N4a-i030>i024+i101|--htf,i030>i024+i101|-,True,mặc định (quy đổi M15),train,"BTCUSDT,ETHUSDT,BNBUSDT,SOLUSDT,XRPUSDT",Bảng A tổ hợp kích hoạt + xác nhận,1
2026-10-10T01:29:39+00:00,N4a,N4a-i030>i024+i101|i064-nohtf,i030>i024+i101|i064,False,mặc định (quy đổi M15),train,"BTCUSDT,ETHUSDT,BNBUSDT,SOLUSDT,XRPUSDT",Bảng A tổ hợp kích hoạt + xác nhận,1
2026-10-10T01:29:39+00:00,N4a,N4a-i030>i024+i101|i064-htf,i030>i024+i101|i064,True,mặc định (quy đổi M15),train,"BTCUSDT,ETHUSDT,BNBUSDT,SOLUSDT,XRPUSDT",Bảng A tổ hợp kích hoạt + xác nhận,1
2026-10-10T01:29:39+00:00,N4a,N4a-i030>i024+i018|--nohtf,i030>i024+i018|-,False,mặc định (quy đổi M15),train,"BTCUSDT,ETHUSDT,BNBUSDT,SOLUSDT,XRPUSDT",Bảng A tổ hợp kích hoạt + xác nhận,1
2026-10-10T01:29:39+00:00,N4a,N4a-i030>i024+i018|--htf,i030>i024+i018|-,True,mặc định (quy đổi M15),train,"BTCUSDT,ETHUSDT,BNBUSDT,SOLUSDT,XRPUSDT",Bảng A tổ hợp kích hoạt + xác nhận,1
2026-10-10T01:29:39+00:00,N4a,N4a-i030>i024+i018|i064-nohtf,i030>i024+i018|i064,False,mặc định (quy đổi M15),train,"BTCUSDT,ETHUSDT,BNBUSDT,SOLUSDT,XRPUSDT",Bảng A tổ hợp kích hoạt + xác nhận,1
2026-10-10T01:29:39+00:00,N4a,N4a-i030>i024+i018|i064-htf,i030>i024+i018|i064,True,mặc định (quy đổi M15),train,"BTCUSDT,ETHUSDT,BNBUSDT,SOLUSDT,XRPUSDT",Bảng A tổ hợp kích hoạt + xác nhận,1
2026-10-10T01:29:39+00:00,N4a,N4a-i030>i024+i035|--nohtf,i030>i024+i035|-,False,mặc định (quy đổi M15),train,"BTCUSDT,ETHUSDT,BNBUSDT,SOLUSDT,XRPUSDT",Bảng A tổ hợp kích hoạt + xác nhận,1
2026-10-10T01:29:39+00:00,N4a,N4a-i030>i024+i035|--htf,i030>i024+i035|-,True,mặc định (quy đổi M15),train,"BTCUSDT,ETHUSDT,BNBUSDT,SOLUSDT,XRPUSDT",Bảng A tổ hợp kích hoạt + xác nhận,1
2026-10-10T01:29:39+00:00,N4a,N4a-i030>i024+i035|i064-nohtf,i030>i024+i035|i064,False,mặc định (quy đổi M15),train,"BTCUSDT,ETHUSDT,BNBUSDT,SOLUSDT,XRPUSDT",Bảng A tổ hợp kích hoạt + xác nhận,1
2026-10-10T01:29:39+00:00,N4a,N4a-i030>i024+i035|i064-htf,i030>i024+i035|i064,True,mặc định (quy đổi M15),train,"BTCUSDT,ETHUSDT,BNBUSDT,SOLUSDT,XRPUSDT",Bảng A tổ hợp kích hoạt + xác nhận,1
2026-10-10T01:29:39+00:00,N4a,N4a-i030>i034+i061|--nohtf,i030>i034+i061|-,False,mặc định (quy đổi M15),train,"BTCUSDT,ETHUSDT,BNBUSDT,SOLUSDT,XRPUSDT",Bảng A tổ hợp kích hoạt + xác nhận,1
2026-10-10T01:29:39+00:00,N4a,N4a-i030>i034+i061|--htf,i030>i034+i061|-,True,mặc định (quy đổi M15),train,"BTCUSDT,ETHUSDT,BNBUSDT,SOLUSDT,XRPUSDT",Bảng A tổ hợp kích hoạt + xác nhận,1
2026-10-10T01:29:39+00:00,N4a,N4a-i030>i034+i061|i064-nohtf,i030>i034+i061|i064,False,mặc định (quy đổi M15),train,"BTCUSDT,ETHUSDT,BNBUSDT,SOLUSDT,XRPUSDT",Bảng A tổ hợp kích hoạt + xác nhận,1
2026-10-10T01:29:39+00:00,N4a,N4a-i030>i034+i061|i064-htf,i030>i034+i061|i064,True,mặc định (quy đổi M15),train,"BTCUSDT,ETHUSDT,BNBUSDT,SOLUSDT,XRPUSDT",Bảng A tổ hợp kích hoạt + xác nhận,1
2026-10-10T01:29:39+00:00,N4a,N4a-i030>i034+i059|--nohtf,i030>i034+i059|-,False,mặc định (quy đổi M15),train,"BTCUSDT,ETHUSDT,BNBUSDT,SOLUSDT,XRPUSDT",Bảng A tổ hợp kích hoạt + xác nhận,1
2026-10-10T01:29:39+00:00,N4a,N4a-i030>i034+i059|--htf,i030>i034+i059|-,True,mặc định (quy đổi M15),train,"BTCUSDT,ETHUSDT,BNBUSDT,SOLUSDT,XRPUSDT",Bảng A tổ hợp kích hoạt + xác nhận,1
2026-10-10T01:29:39+00:00,N4a,N4a-i030>i034+i059|i064-nohtf,i030>i034+i059|i064,False,mặc định (quy đổi M15),train,"BTCUSDT,ETHUSDT,BNBUSDT,SOLUSDT,XRPUSDT",Bảng A tổ hợp kích hoạt + xác nhận,1
2026-10-10T01:29:39+00:00,N4a,N4a-i030>i034+i059|i064-htf,i030>i034+i059|i064,True,mặc định (quy đổi M15),train,"BTCUSDT,ETHUSDT,BNBUSDT,SOLUSDT,XRPUSDT",Bảng A tổ hợp kích hoạt + xác nhận,1
2026-10-10T01:29:39+00:00,N4a,N4a-i030>i034+i031|--nohtf,i030>i034+i031|-,False,mặc định (quy đổi M15),train,"BTCUSDT,ETHUSDT,BNBUSDT,SOLUSDT,XRPUSDT",Bảng A tổ hợp kích hoạt + xác nhận,1
2026-10-10T01:29:39+00:00,N4a,N4a-i030>i034+i031|--htf,i030>i034+i031|-,True,mặc định (quy đổi M15),train,"BTCUSDT,ETHUSDT,BNBUSDT,SOLUSDT,XRPUSDT",Bảng A tổ hợp kích hoạt + xác nhận,1
2026-10-10T01:29:39+00:00,N4a,N4a-i030>i034+i031|i064-nohtf,i030>i034+i031|i064,False,mặc định (quy đổi M15),train,"BTCUSDT,ETHUSDT,BNBUSDT,SOLUSDT,XRPUSDT",Bảng A tổ hợp kích hoạt + xác nhận,1
2026-10-10T01:29:39+00:00,N4a,N4a-i030>i034+i031|i064-htf,i030>i034+i031|i064,True,mặc định (quy đổi M15),train,"BTCUSDT,ETHUSDT,BNBUSDT,SOLUSDT,XRPUSDT",Bảng A tổ hợp kích hoạt + xác nhận,1
2026-10-10T01:29:39+00:00,N4a,N4a-i030>i034+i101|--nohtf,i030>i034+i101|-,False,mặc định (quy đổi M15),train,"BTCUSDT,ETHUSDT,BNBUSDT,SOLUSDT,XRPUSDT",Bảng A tổ hợp kích hoạt + xác nhận,1
2026-10-10T01:29:39+00:00,N4a,N4a-i030>i034+i101|--htf,i030>i034+i101|-,True,mặc định (quy đổi M15),train,"BTCUSDT,ETHUSDT,BNBUSDT,SOLUSDT,XRPUSDT",Bảng A tổ hợp kích hoạt + xác nhận,1
2026-10-10T01:29:39+00:00,N4a,N4a-i030>i034+i101|i064-nohtf,i030>i034+i101|i064,False,mặc định (quy đổi M15),train,"BTCUSDT,ETHUSDT,BNBUSDT,SOLUSDT,XRPUSDT",Bảng A tổ hợp kích hoạt + xác nhận,1
2026-10-10T01:29:39+00:00,N4a,N4a-i030>i034+i101|i064-htf,i030>i034+i101|i064,True,mặc định (quy đổi M15),train,"BTCUSDT,ETHUSDT,BNBUSDT,SOLUSDT,XRPUSDT",Bảng A tổ hợp kích hoạt + xác nhận,1
2026-10-10T01:29:39+00:00,N4a,N4a-i030>i034+i018|--nohtf,i030>i034+i018|-,False,mặc định (quy đổi M15),train,"BTCUSDT,ETHUSDT,BNBUSDT,SOLUSDT,XRPUSDT",Bảng A tổ hợp kích hoạt + xác nhận,1
2026-10-10T01:29:39+00:00,N4a,N4a-i030>i034+i018|--htf,i030>i034+i018|-,True,mặc định (quy đổi M15),train,"BTCUSDT,ETHUSDT,BNBUSDT,SOLUSDT,XRPUSDT",Bảng A tổ hợp kích hoạt + xác nhận,1
2026-10-10T01:29:39+00:00,N4a,N4a-i030>i034+i018|i064-nohtf,i030>i034+i018|i064,False,mặc định (quy đổi M15),train,"BTCUSDT,ETHUSDT,BNBUSDT,SOLUSDT,XRPUSDT",Bảng A tổ hợp kích hoạt + xác nhận,1
2026-10-10T01:29:39+00:00,N4a,N4a-i030>i034+i018|i064-htf,i030>i034+i018|i064,True,mặc định (quy đổi M15),train,"BTCUSDT,ETHUSDT,BNBUSDT,SOLUSDT,XRPUSDT",Bảng A tổ hợp kích hoạt + xác nhận,1
2026-10-10T01:29:39+00:00,N4a,N4a-i030>i034+i035|--nohtf,i030>i034+i035|-,False,mặc định (quy đổi M15),train,"BTCUSDT,ETHUSDT,BNBUSDT,SOLUSDT,XRPUSDT",Bảng A tổ hợp kích hoạt + xác nhận,1
2026-10-10T01:29:39+00:00,N4a,N4a-i030>i034+i035|--htf,i030>i034+i035|-,True,mặc định (quy đổi M15),train,"BTCUSDT,ETHUSDT,BNBUSDT,SOLUSDT,XRPUSDT",Bảng A tổ hợp kích hoạt + xác nhận,1
2026-10-10T01:29:39+00:00,N4a,N4a-i030>i034+i035|i064-nohtf,i030>i034+i035|i064,False,mặc định (quy đổi M15),train,"BTCUSDT,ETHUSDT,BNBUSDT,SOLUSDT,XRPUSDT",Bảng A tổ hợp kích hoạt + xác nhận,1
2026-10-10T01:29:39+00:00,N4a,N4a-i030>i034+i035|i064-htf,i030>i034+i035|i064,True,mặc định (quy đổi M15),train,"BTCUSDT,ETHUSDT,BNBUSDT,SOLUSDT,XRPUSDT",Bảng A tổ hợp kích hoạt + xác nhận,1
2026-10-10T01:29:39+00:00,N4a,N4a-i030>i061+i059|--nohtf,i030>i061+i059|-,False,mặc định (quy đổi M15),train,"BTCUSDT,ETHUSDT,BNBUSDT,SOLUSDT,XRPUSDT",Bảng A tổ hợp kích hoạt + xác nhận,1
2026-10-10T01:29:39+00:00,N4a,N4a-i030>i061+i059|--htf,i030>i061+i059|-,True,mặc định (quy đổi M15),train,"BTCUSDT,ETHUSDT,BNBUSDT,SOLUSDT,XRPUSDT",Bảng A tổ hợp kích hoạt + xác nhận,1
2026-10-10T01:29:39+00:00,N4a,N4a-i030>i061+i059|i064-nohtf,i030>i061+i059|i064,False,mặc định (quy đổi M15),train,"BTCUSDT,ETHUSDT,BNBUSDT,SOLUSDT,XRPUSDT",Bảng A tổ hợp kích hoạt + xác nhận,1
2026-10-10T01:29:39+00:00,N4a,N4a-i030>i061+i059|i064-htf,i030>i061+i059|i064,True,mặc định (quy đổi M15),train,"BTCUSDT,ETHUSDT,BNBUSDT,SOLUSDT,XRPUSDT",Bảng A tổ hợp kích hoạt + xác nhận,1
2026-10-10T01:29:39+00:00,N4a,N4a-i030>i061+i031|--nohtf,i030>i061+i031|-,False,mặc định (quy đổi M15),train,"BTCUSDT,ETHUSDT,BNBUSDT,SOLUSDT,XRPUSDT",Bảng A tổ hợp kích hoạt + xác nhận,1
2026-10-10T01:29:39+00:00,N4a,N4a-i030>i061+i031|--htf,i030>i061+i031|-,True,mặc định (quy đổi M15),train,"BTCUSDT,ETHUSDT,BNBUSDT,SOLUSDT,XRPUSDT",Bảng A tổ hợp kích hoạt + xác nhận,1
2026-10-10T01:29:39+00:00,N4a,N4a-i030>i061+i031|i064-nohtf,i030>i061+i031|i064,False,mặc định (quy đổi M15),train,"BTCUSDT,ETHUSDT,BNBUSDT,SOLUSDT,XRPUSDT",Bảng A tổ hợp kích hoạt + xác nhận,1
2026-10-10T01:29:39+00:00,N4a,N4a-i030>i061+i031|i064-htf,i030>i061+i031|i064,True,mặc định (quy đổi M15),train,"BTCUSDT,ETHUSDT,BNBUSDT,SOLUSDT,XRPUSDT",Bảng A tổ hợp kích hoạt + xác nhận,1
2026-10-10T01:29:39+00:00,N4a,N4a-i030>i061+i101|--nohtf,i030>i061+i101|-,False,mặc định (quy đổi M15),train,"BTCUSDT,ETHUSDT,BNBUSDT,SOLUSDT,XRPUSDT",Bảng A tổ hợp kích hoạt + xác nhận,1
2026-10-10T01:29:39+00:00,N4a,N4a-i030>i061+i101|--htf,i030>i061+i101|-,True,mặc định (quy đổi M15),train,"BTCUSDT,ETHUSDT,BNBUSDT,SOLUSDT,XRPUSDT",Bảng A tổ hợp kích hoạt + xác nhận,1
2026-10-10T01:29:39+00:00,N4a,N4a-i030>i061+i101|i064-nohtf,i030>i061+i101|i064,False,mặc định (quy đổi M15),train,"BTCUSDT,ETHUSDT,BNBUSDT,SOLUSDT,XRPUSDT",Bảng A tổ hợp kích hoạt + xác nhận,1
2026-10-10T01:29:39+00:00,N4a,N4a-i030>i061+i101|i064-htf,i030>i061+i101|i064,True,mặc định (quy đổi M15),train,"BTCUSDT,ETHUSDT,BNBUSDT,SOLUSDT,XRPUSDT",Bảng A tổ hợp kích hoạt + xác nhận,1
2026-10-10T01:29:39+00:00,N4a,N4a-i030>i061+i018|--nohtf,i030>i061+i018|-,False,mặc định (quy đổi M15),train,"BTCUSDT,ETHUSDT,BNBUSDT,SOLUSDT,XRPUSDT",Bảng A tổ hợp kích hoạt + xác nhận,1
2026-10-10T01:29:39+00:00,N4a,N4a-i030>i061+i018|--htf,i030>i061+i018|-,True,mặc định (quy đổi M15),train,"BTCUSDT,ETHUSDT,BNBUSDT,SOLUSDT,XRPUSDT",Bảng A tổ hợp kích hoạt + xác nhận,1
2026-10-10T01:29:39+00:00,N4a,N4a-i030>i061+i018|i064-nohtf,i030>i061+i018|i064,False,mặc định (quy đổi M15),train,"BTCUSDT,ETHUSDT,BNBUSDT,SOLUSDT,XRPUSDT",Bảng A tổ hợp kích hoạt + xác nhận,1
2026-10-10T01:29:39+00:00,N4a,N4a-i030>i061+i018|i064-htf,i030>i061+i018|i064,True,mặc định (quy đổi M15),train,"BTCUSDT,ETHUSDT,BNBUSDT,SOLUSDT,XRPUSDT",Bảng A tổ hợp kích hoạt + xác nhận,1
2026-10-10T01:29:39+00:00,N4a,N4a-i030>i061+i035|--nohtf,i030>i061+i035|-,False,mặc định (quy đổi M15),train,"BTCUSDT,ETHUSDT,BNBUSDT,SOLUSDT,XRPUSDT",Bảng A tổ hợp kích hoạt + xác nhận,1
2026-10-10T01:29:39+00:00,N4a,N4a-i030>i061+i035|--htf,i030>i061+i035|-,True,mặc định (quy đổi M15),train,"BTCUSDT,ETHUSDT,BNBUSDT,SOLUSDT,XRPUSDT",Bảng A tổ hợp kích hoạt + xác nhận,1
2026-10-10T01:29:39+00:00,N4a,N4a-i030>i061+i035|i064-nohtf,i030>i061+i035|i064,False,mặc định (quy đổi M15),train,"BTCUSDT,ETHUSDT,BNBUSDT,SOLUSDT,XRPUSDT",Bảng A tổ hợp kích hoạt + xác nhận,1
2026-10-10T01:29:39+00:00,N4a,N4a-i030>i061+i035|i064-htf,i030>i061+i035|i064,True,mặc định (quy đổi M15),train,"BTCUSDT,ETHUSDT,BNBUSDT,SOLUSDT,XRPUSDT",Bảng A tổ hợp kích hoạt + xác nhận,1
2026-10-10T01:29:39+00:00,N4a,N4a-i030>i059+i031|--nohtf,i030>i059+i031|-,False,mặc định (quy đổi M15),train,"BTCUSDT,ETHUSDT,BNBUSDT,SOLUSDT,XRPUSDT",Bảng A tổ hợp kích hoạt + xác nhận,1
2026-10-10T01:29:39+00:00,N4a,N4a-i030>i059+i031|--htf,i030>i059+i031|-,True,mặc định (quy đổi M15),train,"BTCUSDT,ETHUSDT,BNBUSDT,SOLUSDT,XRPUSDT",Bảng A tổ hợp kích hoạt + xác nhận,1
2026-10-10T01:29:39+00:00,N4a,N4a-i030>i059+i031|i064-nohtf,i030>i059+i031|i064,False,mặc định (quy đổi M15),train,"BTCUSDT,ETHUSDT,BNBUSDT,SOLUSDT,XRPUSDT",Bảng A tổ hợp kích hoạt + xác nhận,1
2026-10-10T01:29:39+00:00,N4a,N4a-i030>i059+i031|i064-htf,i030>i059+i031|i064,True,mặc định (quy đổi M15),train,"BTCUSDT,ETHUSDT,BNBUSDT,SOLUSDT,XRPUSDT",Bảng A tổ hợp kích hoạt + xác nhận,1
2026-10-10T01:29:39+00:00,N4a,N4a-i030>i059+i101|--nohtf,i030>i059+i101|-,False,mặc định (quy đổi M15),train,"BTCUSDT,ETHUSDT,BNBUSDT,SOLUSDT,XRPUSDT",Bảng A tổ hợp kích hoạt + xác nhận,1
2026-10-10T01:29:39+00:00,N4a,N4a-i030>i059+i101|--htf,i030>i059+i101|-,True,mặc định (quy đổi M15),train,"BTCUSDT,ETHUSDT,BNBUSDT,SOLUSDT,XRPUSDT",Bảng A tổ hợp kích hoạt + xác nhận,1
2026-10-10T01:29:39+00:00,N4a,N4a-i030>i059+i101|i064-nohtf,i030>i059+i101|i064,False,mặc định (quy đổi M15),train,"BTCUSDT,ETHUSDT,BNBUSDT,SOLUSDT,XRPUSDT",Bảng A tổ hợp kích hoạt + xác nhận,1
2026-10-10T01:29:39+00:00,N4a,N4a-i030>i059+i101|i064-htf,i030>i059+i101|i064,True,mặc định (quy đổi M15),train,"BTCUSDT,ETHUSDT,BNBUSDT,SOLUSDT,XRPUSDT",Bảng A tổ hợp kích hoạt + xác nhận,1
2026-10-10T01:29:39+00:00,N4a,N4a-i030>i059+i018|--nohtf,i030>i059+i018|-,False,mặc định (quy đổi M15),train,"BTCUSDT,ETHUSDT,BNBUSDT,SOLUSDT,XRPUSDT",Bảng A tổ hợp kích hoạt + xác nhận,1
2026-10-10T01:29:39+00:00,N4a,N4a-i030>i059+i018|--htf,i030>i059+i018|-,True,mặc định (quy đổi M15),train,"BTCUSDT,ETHUSDT,BNBUSDT,SOLUSDT,XRPUSDT",Bảng A tổ hợp kích hoạt + xác nhận,1
2026-10-10T01:29:39+00:00,N4a,N4a-i030>i059+i018|i064-nohtf,i030>i059+i018|i064,False,mặc định (quy đổi M15),train,"BTCUSDT,ETHUSDT,BNBUSDT,SOLUSDT,XRPUSDT",Bảng A tổ hợp kích hoạt + xác nhận,1
2026-10-10T01:29:39+00:00,N4a,N4a-i030>i059+i018|i064-htf,i030>i059+i018|i064,True,mặc định (quy đổi M15),train,"BTCUSDT,ETHUSDT,BNBUSDT,SOLUSDT,XRPUSDT",Bảng A tổ hợp kích hoạt + xác nhận,1
2026-10-10T01:29:39+00:00,N4a,N4a-i030>i059+i035|--nohtf,i030>i059+i035|-,False,mặc định (quy đổi M15),train,"BTCUSDT,ETHUSDT,BNBUSDT,SOLUSDT,XRPUSDT",Bảng A tổ hợp kích hoạt + xác nhận,1
2026-10-10T01:29:39+00:00,N4a,N4a-i030>i059+i035|--htf,i030>i059+i035|-,True,mặc định (quy đổi M15),train,"BTCUSDT,ETHUSDT,BNBUSDT,SOLUSDT,XRPUSDT",Bảng A tổ hợp kích hoạt + xác nhận,1
2026-10-10T01:29:39+00:00,N4a,N4a-i030>i059+i035|i064-nohtf,i030>i059+i035|i064,False,mặc định (quy đổi M15),train,"BTCUSDT,ETHUSDT,BNBUSDT,SOLUSDT,XRPUSDT",Bảng A tổ hợp kích hoạt + xác nhận,1
2026-10-10T01:29:39+00:00,N4a,N4a-i030>i059+i035|i064-htf,i030>i059+i035|i064,True,mặc định (quy đổi M15),train,"BTCUSDT,ETHUSDT,BNBUSDT,SOLUSDT,XRPUSDT",Bảng A tổ hợp kích hoạt + xác nhận,1
2026-10-10T01:29:39+00:00,N4a,N4a-i030>i031+i101|--nohtf,i030>i031+i101|-,False,mặc định (quy đổi M15),train,"BTCUSDT,ETHUSDT,BNBUSDT,SOLUSDT,XRPUSDT",Bảng A tổ hợp kích hoạt + xác nhận,1
2026-10-10T01:29:39+00:00,N4a,N4a-i030>i031+i101|--htf,i030>i031+i101|-,True,mặc định (quy đổi M15),train,"BTCUSDT,ETHUSDT,BNBUSDT,SOLUSDT,XRPUSDT",Bảng A tổ hợp kích hoạt + xác nhận,1
2026-10-10T01:29:39+00:00,N4a,N4a-i030>i031+i101|i064-nohtf,i030>i031+i101|i064,False,mặc định (quy đổi M15),train,"BTCUSDT,ETHUSDT,BNBUSDT,SOLUSDT,XRPUSDT",Bảng A tổ hợp kích hoạt + xác nhận,1
2026-10-10T01:29:39+00:00,N4a,N4a-i030>i031+i101|i064-htf,i030>i031+i101|i064,True,mặc định (quy đổi M15),train,"BTCUSDT,ETHUSDT,BNBUSDT,SOLUSDT,XRPUSDT",Bảng A tổ hợp kích hoạt + xác nhận,1
2026-10-10T01:29:39+00:00,N4a,N4a-i030>i031+i018|--nohtf,i030>i031+i018|-,False,mặc định (quy đổi M15),train,"BTCUSDT,ETHUSDT,BNBUSDT,SOLUSDT,XRPUSDT",Bảng A tổ hợp kích hoạt + xác nhận,1
2026-10-10T01:29:39+00:00,N4a,N4a-i030>i031+i018|--htf,i030>i031+i018|-,True,mặc định (quy đổi M15),train,"BTCUSDT,ETHUSDT,BNBUSDT,SOLUSDT,XRPUSDT",Bảng A tổ hợp kích hoạt + xác nhận,1
2026-10-10T01:29:39+00:00,N4a,N4a-i030>i031+i018|i064-nohtf,i030>i031+i018|i064,False,mặc định (quy đổi M15),train,"BTCUSDT,ETHUSDT,BNBUSDT,SOLUSDT,XRPUSDT",Bảng A tổ hợp kích hoạt + xác nhận,1
2026-10-10T01:29:39+00:00,N4a,N4a-i030>i031+i018|i064-htf,i030>i031+i018|i064,True,mặc định (quy đổi M15),train,"BTCUSDT,ETHUSDT,BNBUSDT,SOLUSDT,XRPUSDT",Bảng A tổ hợp kích hoạt + xác nhận,1
2026-10-10T01:29:39+00:00,N4a,N4a-i030>i031+i035|--nohtf,i030>i031+i035|-,False,mặc định (quy đổi M15),train,"BTCUSDT,ETHUSDT,BNBUSDT,SOLUSDT,XRPUSDT",Bảng A tổ hợp kích hoạt + xác nhận,1
2026-10-10T01:29:39+00:00,N4a,N4a-i030>i031+i035|--htf,i030>i031+i035|-,True,mặc định (quy đổi M15),train,"BTCUSDT,ETHUSDT,BNBUSDT,SOLUSDT,XRPUSDT",Bảng A tổ hợp kích hoạt + xác nhận,1
2026-10-10T01:29:39+00:00,N4a,N4a-i030>i031+i035|i064-nohtf,i030>i031+i035|i064,False,mặc định (quy đổi M15),train,"BTCUSDT,ETHUSDT,BNBUSDT,SOLUSDT,XRPUSDT",Bảng A tổ hợp kích hoạt + xác nhận,1
2026-10-10T01:29:39+00:00,N4a,N4a-i030>i031+i035|i064-htf,i030>i031+i035|i064,True,mặc định (quy đổi M15),train,"BTCUSDT,ETHUSDT,BNBUSDT,SOLUSDT,XRPUSDT",Bảng A tổ hợp kích hoạt + xác nhận,1
2026-10-10T01:29:39+00:00,N4a,N4a-i030>i101+i018|--nohtf,i030>i101+i018|-,False,mặc định (quy đổi M15),train,"BTCUSDT,ETHUSDT,BNBUSDT,SOLUSDT,XRPUSDT",Bảng A tổ hợp kích hoạt + xác nhận,1
2026-10-10T01:29:39+00:00,N4a,N4a-i030>i101+i018|--htf,i030>i101+i018|-,True,mặc định (quy đổi M15),train,"BTCUSDT,ETHUSDT,BNBUSDT,SOLUSDT,XRPUSDT",Bảng A tổ hợp kích hoạt + xác nhận,1
2026-10-10T01:29:39+00:00,N4a,N4a-i030>i101+i018|i064-nohtf,i030>i101+i018|i064,False,mặc định (quy đổi M15),train,"BTCUSDT,ETHUSDT,BNBUSDT,SOLUSDT,XRPUSDT",Bảng A tổ hợp kích hoạt + xác nhận,1
2026-10-10T01:29:39+00:00,N4a,N4a-i030>i101+i018|i064-htf,i030>i101+i018|i064,True,mặc định (quy đổi M15),train,"BTCUSDT,ETHUSDT,BNBUSDT,SOLUSDT,XRPUSDT",Bảng A tổ hợp kích hoạt + xác nhận,1
2026-10-10T01:29:39+00:00,N4a,N4a-i030>i101+i035|--nohtf,i030>i101+i035|-,False,mặc định (quy đổi M15),train,"BTCUSDT,ETHUSDT,BNBUSDT,SOLUSDT,XRPUSDT",Bảng A tổ hợp kích hoạt + xác nhận,1
2026-10-10T01:29:39+00:00,N4a,N4a-i030>i101+i035|--htf,i030>i101+i035|-,True,mặc định (quy đổi M15),train,"BTCUSDT,ETHUSDT,BNBUSDT,SOLUSDT,XRPUSDT",Bảng A tổ hợp kích hoạt + xác nhận,1
2026-10-10T01:29:39+00:00,N4a,N4a-i030>i101+i035|i064-nohtf,i030>i101+i035|i064,False,mặc định (quy đổi M15),train,"BTCUSDT,ETHUSDT,BNBUSDT,SOLUSDT,XRPUSDT",Bảng A tổ hợp kích hoạt + xác nhận,1
2026-10-10T01:29:39+00:00,N4a,N4a-i030>i101+i035|i064-htf,i030>i101+i035|i064,True,mặc định (quy đổi M15),train,"BTCUSDT,ETHUSDT,BNBUSDT,SOLUSDT,XRPUSDT",Bảng A tổ hợp kích hoạt + xác nhận,1
2026-10-10T01:29:39+00:00,N4a,N4a-i030>i018+i035|--nohtf,i030>i018+i035|-,False,mặc định (quy đổi M15),train,"BTCUSDT,ETHUSDT,BNBUSDT,SOLUSDT,XRPUSDT",Bảng A tổ hợp kích hoạt + xác nhận,1
2026-10-10T01:29:39+00:00,N4a,N4a-i030>i018+i035|--htf,i030>i018+i035|-,True,mặc định (quy đổi M15),train,"BTCUSDT,ETHUSDT,BNBUSDT,SOLUSDT,XRPUSDT",Bảng A tổ hợp kích hoạt + xác nhận,1
2026-10-10T01:29:39+00:00,N4a,N4a-i030>i018+i035|i064-nohtf,i030>i018+i035|i064,False,mặc định (quy đổi M15),train,"BTCUSDT,ETHUSDT,BNBUSDT,SOLUSDT,XRPUSDT",Bảng A tổ hợp kích hoạt + xác nhận,1
2026-10-10T01:29:39+00:00,N4a,N4a-i030>i018+i035|i064-htf,i030>i018+i035|i064,True,mặc định (quy đổi M15),train,"BTCUSDT,ETHUSDT,BNBUSDT,SOLUSDT,XRPUSDT",Bảng A tổ hợp kích hoạt + xác nhận,1
2026-10-10T01:29:39+00:00,N4a,N4a-i018>i027|--nohtf,i018>i027|-,False,mặc định (quy đổi M15),train,"BTCUSDT,ETHUSDT,BNBUSDT,SOLUSDT,XRPUSDT",Bảng A tổ hợp kích hoạt + xác nhận,1
2026-10-10T01:29:39+00:00,N4a,N4a-i018>i027|--htf,i018>i027|-,True,mặc định (quy đổi M15),train,"BTCUSDT,ETHUSDT,BNBUSDT,SOLUSDT,XRPUSDT",Bảng A tổ hợp kích hoạt + xác nhận,1
2026-10-10T01:29:39+00:00,N4a,N4a-i018>i027|i064-nohtf,i018>i027|i064,False,mặc định (quy đổi M15),train,"BTCUSDT,ETHUSDT,BNBUSDT,SOLUSDT,XRPUSDT",Bảng A tổ hợp kích hoạt + xác nhận,1
2026-10-10T01:29:39+00:00,N4a,N4a-i018>i027|i064-htf,i018>i027|i064,True,mặc định (quy đổi M15),train,"BTCUSDT,ETHUSDT,BNBUSDT,SOLUSDT,XRPUSDT",Bảng A tổ hợp kích hoạt + xác nhận,1
2026-10-10T01:29:39+00:00,N4a,N4a-i018>i024|--nohtf,i018>i024|-,False,mặc định (quy đổi M15),train,"BTCUSDT,ETHUSDT,BNBUSDT,SOLUSDT,XRPUSDT",Bảng A tổ hợp kích hoạt + xác nhận,1
2026-10-10T01:29:39+00:00,N4a,N4a-i018>i024|--htf,i018>i024|-,True,mặc định (quy đổi M15),train,"BTCUSDT,ETHUSDT,BNBUSDT,SOLUSDT,XRPUSDT",Bảng A tổ hợp kích hoạt + xác nhận,1
2026-10-10T01:29:39+00:00,N4a,N4a-i018>i024|i064-nohtf,i018>i024|i064,False,mặc định (quy đổi M15),train,"BTCUSDT,ETHUSDT,BNBUSDT,SOLUSDT,XRPUSDT",Bảng A tổ hợp kích hoạt + xác nhận,1
2026-10-10T01:29:39+00:00,N4a,N4a-i018>i024|i064-htf,i018>i024|i064,True,mặc định (quy đổi M15),train,"BTCUSDT,ETHUSDT,BNBUSDT,SOLUSDT,XRPUSDT",Bảng A tổ hợp kích hoạt + xác nhận,1
2026-10-10T01:29:39+00:00,N4a,N4a-i018>i034|--nohtf,i018>i034|-,False,mặc định (quy đổi M15),train,"BTCUSDT,ETHUSDT,BNBUSDT,SOLUSDT,XRPUSDT",Bảng A tổ hợp kích hoạt + xác nhận,1
2026-10-10T01:29:39+00:00,N4a,N4a-i018>i034|--htf,i018>i034|-,True,mặc định (quy đổi M15),train,"BTCUSDT,ETHUSDT,BNBUSDT,SOLUSDT,XRPUSDT",Bảng A tổ hợp kích hoạt + xác nhận,1
2026-10-10T01:29:39+00:00,N4a,N4a-i018>i034|i064-nohtf,i018>i034|i064,False,mặc định (quy đổi M15),train,"BTCUSDT,ETHUSDT,BNBUSDT,SOLUSDT,XRPUSDT",Bảng A tổ hợp kích hoạt + xác nhận,1
2026-10-10T01:29:39+00:00,N4a,N4a-i018>i034|i064-htf,i018>i034|i064,True,mặc định (quy đổi M15),train,"BTCUSDT,ETHUSDT,BNBUSDT,SOLUSDT,XRPUSDT",Bảng A tổ hợp kích hoạt + xác nhận,1
2026-10-10T01:29:39+00:00,N4a,N4a-i018>i061|--nohtf,i018>i061|-,False,mặc định (quy đổi M15),train,"BTCUSDT,ETHUSDT,BNBUSDT,SOLUSDT,XRPUSDT",Bảng A tổ hợp kích hoạt + xác nhận,1
2026-10-10T01:29:39+00:00,N4a,N4a-i018>i061|--htf,i018>i061|-,True,mặc định (quy đổi M15),train,"BTCUSDT,ETHUSDT,BNBUSDT,SOLUSDT,XRPUSDT",Bảng A tổ hợp kích hoạt + xác nhận,1
2026-10-10T01:29:39+00:00,N4a,N4a-i018>i061|i064-nohtf,i018>i061|i064,False,mặc định (quy đổi M15),train,"BTCUSDT,ETHUSDT,BNBUSDT,SOLUSDT,XRPUSDT",Bảng A tổ hợp kích hoạt + xác nhận,1
2026-10-10T01:29:39+00:00,N4a,N4a-i018>i061|i064-htf,i018>i061|i064,True,mặc định (quy đổi M15),train,"BTCUSDT,ETHUSDT,BNBUSDT,SOLUSDT,XRPUSDT",Bảng A tổ hợp kích hoạt + xác nhận,1
2026-10-10T01:29:39+00:00,N4a,N4a-i018>i059|--nohtf,i018>i059|-,False,mặc định (quy đổi M15),train,"BTCUSDT,ETHUSDT,BNBUSDT,SOLUSDT,XRPUSDT",Bảng A tổ hợp kích hoạt + xác nhận,1
2026-10-10T01:29:39+00:00,N4a,N4a-i018>i059|--htf,i018>i059|-,True,mặc định (quy đổi M15),train,"BTCUSDT,ETHUSDT,BNBUSDT,SOLUSDT,XRPUSDT",Bảng A tổ hợp kích hoạt + xác nhận,1
2026-10-10T01:29:39+00:00,N4a,N4a-i018>i059|i064-nohtf,i018>i059|i064,False,mặc định (quy đổi M15),train,"BTCUSDT,ETHUSDT,BNBUSDT,SOLUSDT,XRPUSDT",Bảng A tổ hợp kích hoạt + xác nhận,1
2026-10-10T01:29:39+00:00,N4a,N4a-i018>i059|i064-htf,i018>i059|i064,True,mặc định (quy đổi M15),train,"BTCUSDT,ETHUSDT,BNBUSDT,SOLUSDT,XRPUSDT",Bảng A tổ hợp kích hoạt + xác nhận,1
2026-10-10T01:29:39+00:00,N4a,N4a-i018>i031|--nohtf,i018>i031|-,False,mặc định (quy đổi M15),train,"BTCUSDT,ETHUSDT,BNBUSDT,SOLUSDT,XRPUSDT",Bảng A tổ hợp kích hoạt + xác nhận,1
2026-10-10T01:29:39+00:00,N4a,N4a-i018>i031|--htf,i018>i031|-,True,mặc định (quy đổi M15),train,"BTCUSDT,ETHUSDT,BNBUSDT,SOLUSDT,XRPUSDT",Bảng A tổ hợp kích hoạt + xác nhận,1
2026-10-10T01:29:39+00:00,N4a,N4a-i018>i031|i064-nohtf,i018>i031|i064,False,mặc định (quy đổi M15),train,"BTCUSDT,ETHUSDT,BNBUSDT,SOLUSDT,XRPUSDT",Bảng A tổ hợp kích hoạt + xác nhận,1
2026-10-10T01:29:39+00:00,N4a,N4a-i018>i031|i064-htf,i018>i031|i064,True,mặc định (quy đổi M15),train,"BTCUSDT,ETHUSDT,BNBUSDT,SOLUSDT,XRPUSDT",Bảng A tổ hợp kích hoạt + xác nhận,1
2026-10-10T01:29:39+00:00,N4a,N4a-i018>i101|--nohtf,i018>i101|-,False,mặc định (quy đổi M15),train,"BTCUSDT,ETHUSDT,BNBUSDT,SOLUSDT,XRPUSDT",Bảng A tổ hợp kích hoạt + xác nhận,1
2026-10-10T01:29:39+00:00,N4a,N4a-i018>i101|--htf,i018>i101|-,True,mặc định (quy đổi M15),train,"BTCUSDT,ETHUSDT,BNBUSDT,SOLUSDT,XRPUSDT",Bảng A tổ hợp kích hoạt + xác nhận,1
2026-10-10T01:29:39+00:00,N4a,N4a-i018>i101|i064-nohtf,i018>i101|i064,False,mặc định (quy đổi M15),train,"BTCUSDT,ETHUSDT,BNBUSDT,SOLUSDT,XRPUSDT",Bảng A tổ hợp kích hoạt + xác nhận,1
2026-10-10T01:29:39+00:00,N4a,N4a-i018>i101|i064-htf,i018>i101|i064,True,mặc định (quy đổi M15),train,"BTCUSDT,ETHUSDT,BNBUSDT,SOLUSDT,XRPUSDT",Bảng A tổ hợp kích hoạt + xác nhận,1
2026-10-10T01:29:39+00:00,N4a,N4a-i018>i030|--nohtf,i018>i030|-,False,mặc định (quy đổi M15),train,"BTCUSDT,ETHUSDT,BNBUSDT,SOLUSDT,XRPUSDT",Bảng A tổ hợp kích hoạt + xác nhận,1
2026-10-10T01:29:39+00:00,N4a,N4a-i018>i030|--htf,i018>i030|-,True,mặc định (quy đổi M15),train,"BTCUSDT,ETHUSDT,BNBUSDT,SOLUSDT,XRPUSDT",Bảng A tổ hợp kích hoạt + xác nhận,1
2026-10-10T01:29:39+00:00,N4a,N4a-i018>i030|i064-nohtf,i018>i030|i064,False,mặc định (quy đổi M15),train,"BTCUSDT,ETHUSDT,BNBUSDT,SOLUSDT,XRPUSDT",Bảng A tổ hợp kích hoạt + xác nhận,1
2026-10-10T01:29:39+00:00,N4a,N4a-i018>i030|i064-htf,i018>i030|i064,True,mặc định (quy đổi M15),train,"BTCUSDT,ETHUSDT,BNBUSDT,SOLUSDT,XRPUSDT",Bảng A tổ hợp kích hoạt + xác nhận,1
2026-10-10T01:29:39+00:00,N4a,N4a-i018>i035|--nohtf,i018>i035|-,False,mặc định (quy đổi M15),train,"BTCUSDT,ETHUSDT,BNBUSDT,SOLUSDT,XRPUSDT",Bảng A tổ hợp kích hoạt + xác nhận,1
2026-10-10T01:29:39+00:00,N4a,N4a-i018>i035|--htf,i018>i035|-,True,mặc định (quy đổi M15),train,"BTCUSDT,ETHUSDT,BNBUSDT,SOLUSDT,XRPUSDT",Bảng A tổ hợp kích hoạt + xác nhận,1
2026-10-10T01:29:39+00:00,N4a,N4a-i018>i035|i064-nohtf,i018>i035|i064,False,mặc định (quy đổi M15),train,"BTCUSDT,ETHUSDT,BNBUSDT,SOLUSDT,XRPUSDT",Bảng A tổ hợp kích hoạt + xác nhận,1
2026-10-10T01:29:39+00:00,N4a,N4a-i018>i035|i064-htf,i018>i035|i064,True,mặc định (quy đổi M15),train,"BTCUSDT,ETHUSDT,BNBUSDT,SOLUSDT,XRPUSDT",Bảng A tổ hợp kích hoạt + xác nhận,1
2026-10-10T01:29:39+00:00,N4a,N4a-i018>i027+i024|--nohtf,i018>i027+i024|-,False,mặc định (quy đổi M15),train,"BTCUSDT,ETHUSDT,BNBUSDT,SOLUSDT,XRPUSDT",Bảng A tổ hợp kích hoạt + xác nhận,1
2026-10-10T01:29:39+00:00,N4a,N4a-i018>i027+i024|--htf,i018>i027+i024|-,True,mặc định (quy đổi M15),train,"BTCUSDT,ETHUSDT,BNBUSDT,SOLUSDT,XRPUSDT",Bảng A tổ hợp kích hoạt + xác nhận,1
2026-10-10T01:29:39+00:00,N4a,N4a-i018>i027+i024|i064-nohtf,i018>i027+i024|i064,False,mặc định (quy đổi M15),train,"BTCUSDT,ETHUSDT,BNBUSDT,SOLUSDT,XRPUSDT",Bảng A tổ hợp kích hoạt + xác nhận,1
2026-10-10T01:29:39+00:00,N4a,N4a-i018>i027+i024|i064-htf,i018>i027+i024|i064,True,mặc định (quy đổi M15),train,"BTCUSDT,ETHUSDT,BNBUSDT,SOLUSDT,XRPUSDT",Bảng A tổ hợp kích hoạt + xác nhận,1
2026-10-10T01:29:39+00:00,N4a,N4a-i018>i027+i034|--nohtf,i018>i027+i034|-,False,mặc định (quy đổi M15),train,"BTCUSDT,ETHUSDT,BNBUSDT,SOLUSDT,XRPUSDT",Bảng A tổ hợp kích hoạt + xác nhận,1
2026-10-10T01:29:39+00:00,N4a,N4a-i018>i027+i034|--htf,i018>i027+i034|-,True,mặc định (quy đổi M15),train,"BTCUSDT,ETHUSDT,BNBUSDT,SOLUSDT,XRPUSDT",Bảng A tổ hợp kích hoạt + xác nhận,1
2026-10-10T01:29:39+00:00,N4a,N4a-i018>i027+i034|i064-nohtf,i018>i027+i034|i064,False,mặc định (quy đổi M15),train,"BTCUSDT,ETHUSDT,BNBUSDT,SOLUSDT,XRPUSDT",Bảng A tổ hợp kích hoạt + xác nhận,1
2026-10-10T01:29:39+00:00,N4a,N4a-i018>i027+i034|i064-htf,i018>i027+i034|i064,True,mặc định (quy đổi M15),train,"BTCUSDT,ETHUSDT,BNBUSDT,SOLUSDT,XRPUSDT",Bảng A tổ hợp kích hoạt + xác nhận,1
2026-10-10T01:29:39+00:00,N4a,N4a-i018>i027+i061|--nohtf,i018>i027+i061|-,False,mặc định (quy đổi M15),train,"BTCUSDT,ETHUSDT,BNBUSDT,SOLUSDT,XRPUSDT",Bảng A tổ hợp kích hoạt + xác nhận,1
2026-10-10T01:29:39+00:00,N4a,N4a-i018>i027+i061|--htf,i018>i027+i061|-,True,mặc định (quy đổi M15),train,"BTCUSDT,ETHUSDT,BNBUSDT,SOLUSDT,XRPUSDT",Bảng A tổ hợp kích hoạt + xác nhận,1
2026-10-10T01:29:39+00:00,N4a,N4a-i018>i027+i061|i064-nohtf,i018>i027+i061|i064,False,mặc định (quy đổi M15),train,"BTCUSDT,ETHUSDT,BNBUSDT,SOLUSDT,XRPUSDT",Bảng A tổ hợp kích hoạt + xác nhận,1
2026-10-10T01:29:39+00:00,N4a,N4a-i018>i027+i061|i064-htf,i018>i027+i061|i064,True,mặc định (quy đổi M15),train,"BTCUSDT,ETHUSDT,BNBUSDT,SOLUSDT,XRPUSDT",Bảng A tổ hợp kích hoạt + xác nhận,1
2026-10-10T01:29:39+00:00,N4a,N4a-i018>i027+i059|--nohtf,i018>i027+i059|-,False,mặc định (quy đổi M15),train,"BTCUSDT,ETHUSDT,BNBUSDT,SOLUSDT,XRPUSDT",Bảng A tổ hợp kích hoạt + xác nhận,1
2026-10-10T01:29:39+00:00,N4a,N4a-i018>i027+i059|--htf,i018>i027+i059|-,True,mặc định (quy đổi M15),train,"BTCUSDT,ETHUSDT,BNBUSDT,SOLUSDT,XRPUSDT",Bảng A tổ hợp kích hoạt + xác nhận,1
2026-10-10T01:29:39+00:00,N4a,N4a-i018>i027+i059|i064-nohtf,i018>i027+i059|i064,False,mặc định (quy đổi M15),train,"BTCUSDT,ETHUSDT,BNBUSDT,SOLUSDT,XRPUSDT",Bảng A tổ hợp kích hoạt + xác nhận,1
2026-10-10T01:29:39+00:00,N4a,N4a-i018>i027+i059|i064-htf,i018>i027+i059|i064,True,mặc định (quy đổi M15),train,"BTCUSDT,ETHUSDT,BNBUSDT,SOLUSDT,XRPUSDT",Bảng A tổ hợp kích hoạt + xác nhận,1
2026-10-10T01:29:39+00:00,N4a,N4a-i018>i027+i031|--nohtf,i018>i027+i031|-,False,mặc định (quy đổi M15),train,"BTCUSDT,ETHUSDT,BNBUSDT,SOLUSDT,XRPUSDT",Bảng A tổ hợp kích hoạt + xác nhận,1
2026-10-10T01:29:39+00:00,N4a,N4a-i018>i027+i031|--htf,i018>i027+i031|-,True,mặc định (quy đổi M15),train,"BTCUSDT,ETHUSDT,BNBUSDT,SOLUSDT,XRPUSDT",Bảng A tổ hợp kích hoạt + xác nhận,1
2026-10-10T01:29:39+00:00,N4a,N4a-i018>i027+i031|i064-nohtf,i018>i027+i031|i064,False,mặc định (quy đổi M15),train,"BTCUSDT,ETHUSDT,BNBUSDT,SOLUSDT,XRPUSDT",Bảng A tổ hợp kích hoạt + xác nhận,1
2026-10-10T01:29:39+00:00,N4a,N4a-i018>i027+i031|i064-htf,i018>i027+i031|i064,True,mặc định (quy đổi M15),train,"BTCUSDT,ETHUSDT,BNBUSDT,SOLUSDT,XRPUSDT",Bảng A tổ hợp kích hoạt + xác nhận,1
2026-10-10T01:29:39+00:00,N4a,N4a-i018>i027+i101|--nohtf,i018>i027+i101|-,False,mặc định (quy đổi M15),train,"BTCUSDT,ETHUSDT,BNBUSDT,SOLUSDT,XRPUSDT",Bảng A tổ hợp kích hoạt + xác nhận,1
2026-10-10T01:29:39+00:00,N4a,N4a-i018>i027+i101|--htf,i018>i027+i101|-,True,mặc định (quy đổi M15),train,"BTCUSDT,ETHUSDT,BNBUSDT,SOLUSDT,XRPUSDT",Bảng A tổ hợp kích hoạt + xác nhận,1
2026-10-10T01:29:39+00:00,N4a,N4a-i018>i027+i101|i064-nohtf,i018>i027+i101|i064,False,mặc định (quy đổi M15),train,"BTCUSDT,ETHUSDT,BNBUSDT,SOLUSDT,XRPUSDT",Bảng A tổ hợp kích hoạt + xác nhận,1
2026-10-10T01:29:39+00:00,N4a,N4a-i018>i027+i101|i064-htf,i018>i027+i101|i064,True,mặc định (quy đổi M15),train,"BTCUSDT,ETHUSDT,BNBUSDT,SOLUSDT,XRPUSDT",Bảng A tổ hợp kích hoạt + xác nhận,1
2026-10-10T01:29:39+00:00,N4a,N4a-i018>i027+i030|--nohtf,i018>i027+i030|-,False,mặc định (quy đổi M15),train,"BTCUSDT,ETHUSDT,BNBUSDT,SOLUSDT,XRPUSDT",Bảng A tổ hợp kích hoạt + xác nhận,1
2026-10-10T01:29:39+00:00,N4a,N4a-i018>i027+i030|--htf,i018>i027+i030|-,True,mặc định (quy đổi M15),train,"BTCUSDT,ETHUSDT,BNBUSDT,SOLUSDT,XRPUSDT",Bảng A tổ hợp kích hoạt + xác nhận,1
2026-10-10T01:29:39+00:00,N4a,N4a-i018>i027+i030|i064-nohtf,i018>i027+i030|i064,False,mặc định (quy đổi M15),train,"BTCUSDT,ETHUSDT,BNBUSDT,SOLUSDT,XRPUSDT",Bảng A tổ hợp kích hoạt + xác nhận,1
2026-10-10T01:29:39+00:00,N4a,N4a-i018>i027+i030|i064-htf,i018>i027+i030|i064,True,mặc định (quy đổi M15),train,"BTCUSDT,ETHUSDT,BNBUSDT,SOLUSDT,XRPUSDT",Bảng A tổ hợp kích hoạt + xác nhận,1
2026-10-10T01:29:39+00:00,N4a,N4a-i018>i027+i035|--nohtf,i018>i027+i035|-,False,mặc định (quy đổi M15),train,"BTCUSDT,ETHUSDT,BNBUSDT,SOLUSDT,XRPUSDT",Bảng A tổ hợp kích hoạt + xác nhận,1
2026-10-10T01:29:39+00:00,N4a,N4a-i018>i027+i035|--htf,i018>i027+i035|-,True,mặc định (quy đổi M15),train,"BTCUSDT,ETHUSDT,BNBUSDT,SOLUSDT,XRPUSDT",Bảng A tổ hợp kích hoạt + xác nhận,1
2026-10-10T01:29:39+00:00,N4a,N4a-i018>i027+i035|i064-nohtf,i018>i027+i035|i064,False,mặc định (quy đổi M15),train,"BTCUSDT,ETHUSDT,BNBUSDT,SOLUSDT,XRPUSDT",Bảng A tổ hợp kích hoạt + xác nhận,1
2026-10-10T01:29:39+00:00,N4a,N4a-i018>i027+i035|i064-htf,i018>i027+i035|i064,True,mặc định (quy đổi M15),train,"BTCUSDT,ETHUSDT,BNBUSDT,SOLUSDT,XRPUSDT",Bảng A tổ hợp kích hoạt + xác nhận,1
2026-10-10T01:29:39+00:00,N4a,N4a-i018>i024+i034|--nohtf,i018>i024+i034|-,False,mặc định (quy đổi M15),train,"BTCUSDT,ETHUSDT,BNBUSDT,SOLUSDT,XRPUSDT",Bảng A tổ hợp kích hoạt + xác nhận,1
2026-10-10T01:29:39+00:00,N4a,N4a-i018>i024+i034|--htf,i018>i024+i034|-,True,mặc định (quy đổi M15),train,"BTCUSDT,ETHUSDT,BNBUSDT,SOLUSDT,XRPUSDT",Bảng A tổ hợp kích hoạt + xác nhận,1
2026-10-10T01:29:39+00:00,N4a,N4a-i018>i024+i034|i064-nohtf,i018>i024+i034|i064,False,mặc định (quy đổi M15),train,"BTCUSDT,ETHUSDT,BNBUSDT,SOLUSDT,XRPUSDT",Bảng A tổ hợp kích hoạt + xác nhận,1
2026-10-10T01:29:39+00:00,N4a,N4a-i018>i024+i034|i064-htf,i018>i024+i034|i064,True,mặc định (quy đổi M15),train,"BTCUSDT,ETHUSDT,BNBUSDT,SOLUSDT,XRPUSDT",Bảng A tổ hợp kích hoạt + xác nhận,1
2026-10-10T01:29:39+00:00,N4a,N4a-i018>i024+i061|--nohtf,i018>i024+i061|-,False,mặc định (quy đổi M15),train,"BTCUSDT,ETHUSDT,BNBUSDT,SOLUSDT,XRPUSDT",Bảng A tổ hợp kích hoạt + xác nhận,1
2026-10-10T01:29:39+00:00,N4a,N4a-i018>i024+i061|--htf,i018>i024+i061|-,True,mặc định (quy đổi M15),train,"BTCUSDT,ETHUSDT,BNBUSDT,SOLUSDT,XRPUSDT",Bảng A tổ hợp kích hoạt + xác nhận,1
2026-10-10T01:29:39+00:00,N4a,N4a-i018>i024+i061|i064-nohtf,i018>i024+i061|i064,False,mặc định (quy đổi M15),train,"BTCUSDT,ETHUSDT,BNBUSDT,SOLUSDT,XRPUSDT",Bảng A tổ hợp kích hoạt + xác nhận,1
2026-10-10T01:29:39+00:00,N4a,N4a-i018>i024+i061|i064-htf,i018>i024+i061|i064,True,mặc định (quy đổi M15),train,"BTCUSDT,ETHUSDT,BNBUSDT,SOLUSDT,XRPUSDT",Bảng A tổ hợp kích hoạt + xác nhận,1
2026-10-10T01:29:39+00:00,N4a,N4a-i018>i024+i059|--nohtf,i018>i024+i059|-,False,mặc định (quy đổi M15),train,"BTCUSDT,ETHUSDT,BNBUSDT,SOLUSDT,XRPUSDT",Bảng A tổ hợp kích hoạt + xác nhận,1
2026-10-10T01:29:39+00:00,N4a,N4a-i018>i024+i059|--htf,i018>i024+i059|-,True,mặc định (quy đổi M15),train,"BTCUSDT,ETHUSDT,BNBUSDT,SOLUSDT,XRPUSDT",Bảng A tổ hợp kích hoạt + xác nhận,1
2026-10-10T01:29:39+00:00,N4a,N4a-i018>i024+i059|i064-nohtf,i018>i024+i059|i064,False,mặc định (quy đổi M15),train,"BTCUSDT,ETHUSDT,BNBUSDT,SOLUSDT,XRPUSDT",Bảng A tổ hợp kích hoạt + xác nhận,1
2026-10-10T01:29:39+00:00,N4a,N4a-i018>i024+i059|i064-htf,i018>i024+i059|i064,True,mặc định (quy đổi M15),train,"BTCUSDT,ETHUSDT,BNBUSDT,SOLUSDT,XRPUSDT",Bảng A tổ hợp kích hoạt + xác nhận,1
2026-10-10T01:29:39+00:00,N4a,N4a-i018>i024+i031|--nohtf,i018>i024+i031|-,False,mặc định (quy đổi M15),train,"BTCUSDT,ETHUSDT,BNBUSDT,SOLUSDT,XRPUSDT",Bảng A tổ hợp kích hoạt + xác nhận,1
2026-10-10T01:29:39+00:00,N4a,N4a-i018>i024+i031|--htf,i018>i024+i031|-,True,mặc định (quy đổi M15),train,"BTCUSDT,ETHUSDT,BNBUSDT,SOLUSDT,XRPUSDT",Bảng A tổ hợp kích hoạt + xác nhận,1
2026-10-10T01:29:39+00:00,N4a,N4a-i018>i024+i031|i064-nohtf,i018>i024+i031|i064,False,mặc định (quy đổi M15),train,"BTCUSDT,ETHUSDT,BNBUSDT,SOLUSDT,XRPUSDT",Bảng A tổ hợp kích hoạt + xác nhận,1
2026-10-10T01:29:39+00:00,N4a,N4a-i018>i024+i031|i064-htf,i018>i024+i031|i064,True,mặc định (quy đổi M15),train,"BTCUSDT,ETHUSDT,BNBUSDT,SOLUSDT,XRPUSDT",Bảng A tổ hợp kích hoạt + xác nhận,1
2026-10-10T01:29:39+00:00,N4a,N4a-i018>i024+i101|--nohtf,i018>i024+i101|-,False,mặc định (quy đổi M15),train,"BTCUSDT,ETHUSDT,BNBUSDT,SOLUSDT,XRPUSDT",Bảng A tổ hợp kích hoạt + xác nhận,1
2026-10-10T01:29:39+00:00,N4a,N4a-i018>i024+i101|--htf,i018>i024+i101|-,True,mặc định (quy đổi M15),train,"BTCUSDT,ETHUSDT,BNBUSDT,SOLUSDT,XRPUSDT",Bảng A tổ hợp kích hoạt + xác nhận,1
2026-10-10T01:29:39+00:00,N4a,N4a-i018>i024+i101|i064-nohtf,i018>i024+i101|i064,False,mặc định (quy đổi M15),train,"BTCUSDT,ETHUSDT,BNBUSDT,SOLUSDT,XRPUSDT",Bảng A tổ hợp kích hoạt + xác nhận,1
2026-10-10T01:29:39+00:00,N4a,N4a-i018>i024+i101|i064-htf,i018>i024+i101|i064,True,mặc định (quy đổi M15),train,"BTCUSDT,ETHUSDT,BNBUSDT,SOLUSDT,XRPUSDT",Bảng A tổ hợp kích hoạt + xác nhận,1
2026-10-10T01:29:39+00:00,N4a,N4a-i018>i024+i030|--nohtf,i018>i024+i030|-,False,mặc định (quy đổi M15),train,"BTCUSDT,ETHUSDT,BNBUSDT,SOLUSDT,XRPUSDT",Bảng A tổ hợp kích hoạt + xác nhận,1
2026-10-10T01:29:39+00:00,N4a,N4a-i018>i024+i030|--htf,i018>i024+i030|-,True,mặc định (quy đổi M15),train,"BTCUSDT,ETHUSDT,BNBUSDT,SOLUSDT,XRPUSDT",Bảng A tổ hợp kích hoạt + xác nhận,1
2026-10-10T01:29:39+00:00,N4a,N4a-i018>i024+i030|i064-nohtf,i018>i024+i030|i064,False,mặc định (quy đổi M15),train,"BTCUSDT,ETHUSDT,BNBUSDT,SOLUSDT,XRPUSDT",Bảng A tổ hợp kích hoạt + xác nhận,1
2026-10-10T01:29:39+00:00,N4a,N4a-i018>i024+i030|i064-htf,i018>i024+i030|i064,True,mặc định (quy đổi M15),train,"BTCUSDT,ETHUSDT,BNBUSDT,SOLUSDT,XRPUSDT",Bảng A tổ hợp kích hoạt + xác nhận,1
2026-10-10T01:29:39+00:00,N4a,N4a-i018>i024+i035|--nohtf,i018>i024+i035|-,False,mặc định (quy đổi M15),train,"BTCUSDT,ETHUSDT,BNBUSDT,SOLUSDT,XRPUSDT",Bảng A tổ hợp kích hoạt + xác nhận,1
2026-10-10T01:29:39+00:00,N4a,N4a-i018>i024+i035|--htf,i018>i024+i035|-,True,mặc định (quy đổi M15),train,"BTCUSDT,ETHUSDT,BNBUSDT,SOLUSDT,XRPUSDT",Bảng A tổ hợp kích hoạt + xác nhận,1
2026-10-10T01:29:39+00:00,N4a,N4a-i018>i024+i035|i064-nohtf,i018>i024+i035|i064,False,mặc định (quy đổi M15),train,"BTCUSDT,ETHUSDT,BNBUSDT,SOLUSDT,XRPUSDT",Bảng A tổ hợp kích hoạt + xác nhận,1
2026-10-10T01:29:39+00:00,N4a,N4a-i018>i024+i035|i064-htf,i018>i024+i035|i064,True,mặc định (quy đổi M15),train,"BTCUSDT,ETHUSDT,BNBUSDT,SOLUSDT,XRPUSDT",Bảng A tổ hợp kích hoạt + xác nhận,1
2026-10-10T01:29:39+00:00,N4a,N4a-i018>i034+i061|--nohtf,i018>i034+i061|-,False,mặc định (quy đổi M15),train,"BTCUSDT,ETHUSDT,BNBUSDT,SOLUSDT,XRPUSDT",Bảng A tổ hợp kích hoạt + xác nhận,1
2026-10-10T01:29:39+00:00,N4a,N4a-i018>i034+i061|--htf,i018>i034+i061|-,True,mặc định (quy đổi M15),train,"BTCUSDT,ETHUSDT,BNBUSDT,SOLUSDT,XRPUSDT",Bảng A tổ hợp kích hoạt + xác nhận,1
2026-10-10T01:29:39+00:00,N4a,N4a-i018>i034+i061|i064-nohtf,i018>i034+i061|i064,False,mặc định (quy đổi M15),train,"BTCUSDT,ETHUSDT,BNBUSDT,SOLUSDT,XRPUSDT",Bảng A tổ hợp kích hoạt + xác nhận,1
2026-10-10T01:29:39+00:00,N4a,N4a-i018>i034+i061|i064-htf,i018>i034+i061|i064,True,mặc định (quy đổi M15),train,"BTCUSDT,ETHUSDT,BNBUSDT,SOLUSDT,XRPUSDT",Bảng A tổ hợp kích hoạt + xác nhận,1
2026-10-10T01:29:39+00:00,N4a,N4a-i018>i034+i059|--nohtf,i018>i034+i059|-,False,mặc định (quy đổi M15),train,"BTCUSDT,ETHUSDT,BNBUSDT,SOLUSDT,XRPUSDT",Bảng A tổ hợp kích hoạt + xác nhận,1
2026-10-10T01:29:39+00:00,N4a,N4a-i018>i034+i059|--htf,i018>i034+i059|-,True,mặc định (quy đổi M15),train,"BTCUSDT,ETHUSDT,BNBUSDT,SOLUSDT,XRPUSDT",Bảng A tổ hợp kích hoạt + xác nhận,1
2026-10-10T01:29:39+00:00,N4a,N4a-i018>i034+i059|i064-nohtf,i018>i034+i059|i064,False,mặc định (quy đổi M15),train,"BTCUSDT,ETHUSDT,BNBUSDT,SOLUSDT,XRPUSDT",Bảng A tổ hợp kích hoạt + xác nhận,1
2026-10-10T01:29:39+00:00,N4a,N4a-i018>i034+i059|i064-htf,i018>i034+i059|i064,True,mặc định (quy đổi M15),train,"BTCUSDT,ETHUSDT,BNBUSDT,SOLUSDT,XRPUSDT",Bảng A tổ hợp kích hoạt + xác nhận,1
2026-10-10T01:29:39+00:00,N4a,N4a-i018>i034+i031|--nohtf,i018>i034+i031|-,False,mặc định (quy đổi M15),train,"BTCUSDT,ETHUSDT,BNBUSDT,SOLUSDT,XRPUSDT",Bảng A tổ hợp kích hoạt + xác nhận,1
2026-10-10T01:29:39+00:00,N4a,N4a-i018>i034+i031|--htf,i018>i034+i031|-,True,mặc định (quy đổi M15),train,"BTCUSDT,ETHUSDT,BNBUSDT,SOLUSDT,XRPUSDT",Bảng A tổ hợp kích hoạt + xác nhận,1
2026-10-10T01:29:39+00:00,N4a,N4a-i018>i034+i031|i064-nohtf,i018>i034+i031|i064,False,mặc định (quy đổi M15),train,"BTCUSDT,ETHUSDT,BNBUSDT,SOLUSDT,XRPUSDT",Bảng A tổ hợp kích hoạt + xác nhận,1
2026-10-10T01:29:39+00:00,N4a,N4a-i018>i034+i031|i064-htf,i018>i034+i031|i064,True,mặc định (quy đổi M15),train,"BTCUSDT,ETHUSDT,BNBUSDT,SOLUSDT,XRPUSDT",Bảng A tổ hợp kích hoạt + xác nhận,1
2026-10-10T01:29:39+00:00,N4a,N4a-i018>i034+i101|--nohtf,i018>i034+i101|-,False,mặc định (quy đổi M15),train,"BTCUSDT,ETHUSDT,BNBUSDT,SOLUSDT,XRPUSDT",Bảng A tổ hợp kích hoạt + xác nhận,1
2026-10-10T01:29:39+00:00,N4a,N4a-i018>i034+i101|--htf,i018>i034+i101|-,True,mặc định (quy đổi M15),train,"BTCUSDT,ETHUSDT,BNBUSDT,SOLUSDT,XRPUSDT",Bảng A tổ hợp kích hoạt + xác nhận,1
2026-10-10T01:29:39+00:00,N4a,N4a-i018>i034+i101|i064-nohtf,i018>i034+i101|i064,False,mặc định (quy đổi M15),train,"BTCUSDT,ETHUSDT,BNBUSDT,SOLUSDT,XRPUSDT",Bảng A tổ hợp kích hoạt + xác nhận,1
2026-10-10T01:29:39+00:00,N4a,N4a-i018>i034+i101|i064-htf,i018>i034+i101|i064,True,mặc định (quy đổi M15),train,"BTCUSDT,ETHUSDT,BNBUSDT,SOLUSDT,XRPUSDT",Bảng A tổ hợp kích hoạt + xác nhận,1
2026-10-10T01:29:39+00:00,N4a,N4a-i018>i034+i030|--nohtf,i018>i034+i030|-,False,mặc định (quy đổi M15),train,"BTCUSDT,ETHUSDT,BNBUSDT,SOLUSDT,XRPUSDT",Bảng A tổ hợp kích hoạt + xác nhận,1
2026-10-10T01:29:39+00:00,N4a,N4a-i018>i034+i030|--htf,i018>i034+i030|-,True,mặc định (quy đổi M15),train,"BTCUSDT,ETHUSDT,BNBUSDT,SOLUSDT,XRPUSDT",Bảng A tổ hợp kích hoạt + xác nhận,1
2026-10-10T01:29:39+00:00,N4a,N4a-i018>i034+i030|i064-nohtf,i018>i034+i030|i064,False,mặc định (quy đổi M15),train,"BTCUSDT,ETHUSDT,BNBUSDT,SOLUSDT,XRPUSDT",Bảng A tổ hợp kích hoạt + xác nhận,1
2026-10-10T01:29:39+00:00,N4a,N4a-i018>i034+i030|i064-htf,i018>i034+i030|i064,True,mặc định (quy đổi M15),train,"BTCUSDT,ETHUSDT,BNBUSDT,SOLUSDT,XRPUSDT",Bảng A tổ hợp kích hoạt + xác nhận,1
2026-10-10T01:29:39+00:00,N4a,N4a-i018>i034+i035|--nohtf,i018>i034+i035|-,False,mặc định (quy đổi M15),train,"BTCUSDT,ETHUSDT,BNBUSDT,SOLUSDT,XRPUSDT",Bảng A tổ hợp kích hoạt + xác nhận,1
2026-10-10T01:29:39+00:00,N4a,N4a-i018>i034+i035|--htf,i018>i034+i035|-,True,mặc định (quy đổi M15),train,"BTCUSDT,ETHUSDT,BNBUSDT,SOLUSDT,XRPUSDT",Bảng A tổ hợp kích hoạt + xác nhận,1
2026-10-10T01:29:39+00:00,N4a,N4a-i018>i034+i035|i064-nohtf,i018>i034+i035|i064,False,mặc định (quy đổi M15),train,"BTCUSDT,ETHUSDT,BNBUSDT,SOLUSDT,XRPUSDT",Bảng A tổ hợp kích hoạt + xác nhận,1
2026-10-10T01:29:39+00:00,N4a,N4a-i018>i034+i035|i064-htf,i018>i034+i035|i064,True,mặc định (quy đổi M15),train,"BTCUSDT,ETHUSDT,BNBUSDT,SOLUSDT,XRPUSDT",Bảng A tổ hợp kích hoạt + xác nhận,1
2026-10-10T01:29:39+00:00,N4a,N4a-i018>i061+i059|--nohtf,i018>i061+i059|-,False,mặc định (quy đổi M15),train,"BTCUSDT,ETHUSDT,BNBUSDT,SOLUSDT,XRPUSDT",Bảng A tổ hợp kích hoạt + xác nhận,1
2026-10-10T01:29:39+00:00,N4a,N4a-i018>i061+i059|--htf,i018>i061+i059|-,True,mặc định (quy đổi M15),train,"BTCUSDT,ETHUSDT,BNBUSDT,SOLUSDT,XRPUSDT",Bảng A tổ hợp kích hoạt + xác nhận,1
2026-10-10T01:29:39+00:00,N4a,N4a-i018>i061+i059|i064-nohtf,i018>i061+i059|i064,False,mặc định (quy đổi M15),train,"BTCUSDT,ETHUSDT,BNBUSDT,SOLUSDT,XRPUSDT",Bảng A tổ hợp kích hoạt + xác nhận,1
2026-10-10T01:29:39+00:00,N4a,N4a-i018>i061+i059|i064-htf,i018>i061+i059|i064,True,mặc định (quy đổi M15),train,"BTCUSDT,ETHUSDT,BNBUSDT,SOLUSDT,XRPUSDT",Bảng A tổ hợp kích hoạt + xác nhận,1
2026-10-10T01:29:39+00:00,N4a,N4a-i018>i061+i031|--nohtf,i018>i061+i031|-,False,mặc định (quy đổi M15),train,"BTCUSDT,ETHUSDT,BNBUSDT,SOLUSDT,XRPUSDT",Bảng A tổ hợp kích hoạt + xác nhận,1
2026-10-10T01:29:39+00:00,N4a,N4a-i018>i061+i031|--htf,i018>i061+i031|-,True,mặc định (quy đổi M15),train,"BTCUSDT,ETHUSDT,BNBUSDT,SOLUSDT,XRPUSDT",Bảng A tổ hợp kích hoạt + xác nhận,1
2026-10-10T01:29:39+00:00,N4a,N4a-i018>i061+i031|i064-nohtf,i018>i061+i031|i064,False,mặc định (quy đổi M15),train,"BTCUSDT,ETHUSDT,BNBUSDT,SOLUSDT,XRPUSDT",Bảng A tổ hợp kích hoạt + xác nhận,1
2026-10-10T01:29:39+00:00,N4a,N4a-i018>i061+i031|i064-htf,i018>i061+i031|i064,True,mặc định (quy đổi M15),train,"BTCUSDT,ETHUSDT,BNBUSDT,SOLUSDT,XRPUSDT",Bảng A tổ hợp kích hoạt + xác nhận,1
2026-10-10T01:29:39+00:00,N4a,N4a-i018>i061+i101|--nohtf,i018>i061+i101|-,False,mặc định (quy đổi M15),train,"BTCUSDT,ETHUSDT,BNBUSDT,SOLUSDT,XRPUSDT",Bảng A tổ hợp kích hoạt + xác nhận,1
2026-10-10T01:29:39+00:00,N4a,N4a-i018>i061+i101|--htf,i018>i061+i101|-,True,mặc định (quy đổi M15),train,"BTCUSDT,ETHUSDT,BNBUSDT,SOLUSDT,XRPUSDT",Bảng A tổ hợp kích hoạt + xác nhận,1
2026-10-10T01:29:39+00:00,N4a,N4a-i018>i061+i101|i064-nohtf,i018>i061+i101|i064,False,mặc định (quy đổi M15),train,"BTCUSDT,ETHUSDT,BNBUSDT,SOLUSDT,XRPUSDT",Bảng A tổ hợp kích hoạt + xác nhận,1
2026-10-10T01:29:39+00:00,N4a,N4a-i018>i061+i101|i064-htf,i018>i061+i101|i064,True,mặc định (quy đổi M15),train,"BTCUSDT,ETHUSDT,BNBUSDT,SOLUSDT,XRPUSDT",Bảng A tổ hợp kích hoạt + xác nhận,1
2026-10-10T01:29:39+00:00,N4a,N4a-i018>i061+i030|--nohtf,i018>i061+i030|-,False,mặc định (quy đổi M15),train,"BTCUSDT,ETHUSDT,BNBUSDT,SOLUSDT,XRPUSDT",Bảng A tổ hợp kích hoạt + xác nhận,1
2026-10-10T01:29:39+00:00,N4a,N4a-i018>i061+i030|--htf,i018>i061+i030|-,True,mặc định (quy đổi M15),train,"BTCUSDT,ETHUSDT,BNBUSDT,SOLUSDT,XRPUSDT",Bảng A tổ hợp kích hoạt + xác nhận,1
2026-10-10T01:29:39+00:00,N4a,N4a-i018>i061+i030|i064-nohtf,i018>i061+i030|i064,False,mặc định (quy đổi M15),train,"BTCUSDT,ETHUSDT,BNBUSDT,SOLUSDT,XRPUSDT",Bảng A tổ hợp kích hoạt + xác nhận,1
2026-10-10T01:29:39+00:00,N4a,N4a-i018>i061+i030|i064-htf,i018>i061+i030|i064,True,mặc định (quy đổi M15),train,"BTCUSDT,ETHUSDT,BNBUSDT,SOLUSDT,XRPUSDT",Bảng A tổ hợp kích hoạt + xác nhận,1
2026-10-10T01:29:39+00:00,N4a,N4a-i018>i061+i035|--nohtf,i018>i061+i035|-,False,mặc định (quy đổi M15),train,"BTCUSDT,ETHUSDT,BNBUSDT,SOLUSDT,XRPUSDT",Bảng A tổ hợp kích hoạt + xác nhận,1
2026-10-10T01:29:39+00:00,N4a,N4a-i018>i061+i035|--htf,i018>i061+i035|-,True,mặc định (quy đổi M15),train,"BTCUSDT,ETHUSDT,BNBUSDT,SOLUSDT,XRPUSDT",Bảng A tổ hợp kích hoạt + xác nhận,1
2026-10-10T01:29:39+00:00,N4a,N4a-i018>i061+i035|i064-nohtf,i018>i061+i035|i064,False,mặc định (quy đổi M15),train,"BTCUSDT,ETHUSDT,BNBUSDT,SOLUSDT,XRPUSDT",Bảng A tổ hợp kích hoạt + xác nhận,1
2026-10-10T01:29:39+00:00,N4a,N4a-i018>i061+i035|i064-htf,i018>i061+i035|i064,True,mặc định (quy đổi M15),train,"BTCUSDT,ETHUSDT,BNBUSDT,SOLUSDT,XRPUSDT",Bảng A tổ hợp kích hoạt + xác nhận,1
2026-10-10T01:29:39+00:00,N4a,N4a-i018>i059+i031|--nohtf,i018>i059+i031|-,False,mặc định (quy đổi M15),train,"BTCUSDT,ETHUSDT,BNBUSDT,SOLUSDT,XRPUSDT",Bảng A tổ hợp kích hoạt + xác nhận,1
2026-10-10T01:29:39+00:00,N4a,N4a-i018>i059+i031|--htf,i018>i059+i031|-,True,mặc định (quy đổi M15),train,"BTCUSDT,ETHUSDT,BNBUSDT,SOLUSDT,XRPUSDT",Bảng A tổ hợp kích hoạt + xác nhận,1
2026-10-10T01:29:39+00:00,N4a,N4a-i018>i059+i031|i064-nohtf,i018>i059+i031|i064,False,mặc định (quy đổi M15),train,"BTCUSDT,ETHUSDT,BNBUSDT,SOLUSDT,XRPUSDT",Bảng A tổ hợp kích hoạt + xác nhận,1
2026-10-10T01:29:39+00:00,N4a,N4a-i018>i059+i031|i064-htf,i018>i059+i031|i064,True,mặc định (quy đổi M15),train,"BTCUSDT,ETHUSDT,BNBUSDT,SOLUSDT,XRPUSDT",Bảng A tổ hợp kích hoạt + xác nhận,1
2026-10-10T01:29:39+00:00,N4a,N4a-i018>i059+i101|--nohtf,i018>i059+i101|-,False,mặc định (quy đổi M15),train,"BTCUSDT,ETHUSDT,BNBUSDT,SOLUSDT,XRPUSDT",Bảng A tổ hợp kích hoạt + xác nhận,1
2026-10-10T01:29:39+00:00,N4a,N4a-i018>i059+i101|--htf,i018>i059+i101|-,True,mặc định (quy đổi M15),train,"BTCUSDT,ETHUSDT,BNBUSDT,SOLUSDT,XRPUSDT",Bảng A tổ hợp kích hoạt + xác nhận,1
2026-10-10T01:29:39+00:00,N4a,N4a-i018>i059+i101|i064-nohtf,i018>i059+i101|i064,False,mặc định (quy đổi M15),train,"BTCUSDT,ETHUSDT,BNBUSDT,SOLUSDT,XRPUSDT",Bảng A tổ hợp kích hoạt + xác nhận,1
2026-10-10T01:29:39+00:00,N4a,N4a-i018>i059+i101|i064-htf,i018>i059+i101|i064,True,mặc định (quy đổi M15),train,"BTCUSDT,ETHUSDT,BNBUSDT,SOLUSDT,XRPUSDT",Bảng A tổ hợp kích hoạt + xác nhận,1
2026-10-10T01:29:39+00:00,N4a,N4a-i018>i059+i030|--nohtf,i018>i059+i030|-,False,mặc định (quy đổi M15),train,"BTCUSDT,ETHUSDT,BNBUSDT,SOLUSDT,XRPUSDT",Bảng A tổ hợp kích hoạt + xác nhận,1
2026-10-10T01:29:39+00:00,N4a,N4a-i018>i059+i030|--htf,i018>i059+i030|-,True,mặc định (quy đổi M15),train,"BTCUSDT,ETHUSDT,BNBUSDT,SOLUSDT,XRPUSDT",Bảng A tổ hợp kích hoạt + xác nhận,1
2026-10-10T01:29:39+00:00,N4a,N4a-i018>i059+i030|i064-nohtf,i018>i059+i030|i064,False,mặc định (quy đổi M15),train,"BTCUSDT,ETHUSDT,BNBUSDT,SOLUSDT,XRPUSDT",Bảng A tổ hợp kích hoạt + xác nhận,1
2026-10-10T01:29:39+00:00,N4a,N4a-i018>i059+i030|i064-htf,i018>i059+i030|i064,True,mặc định (quy đổi M15),train,"BTCUSDT,ETHUSDT,BNBUSDT,SOLUSDT,XRPUSDT",Bảng A tổ hợp kích hoạt + xác nhận,1
2026-10-10T01:29:39+00:00,N4a,N4a-i018>i059+i035|--nohtf,i018>i059+i035|-,False,mặc định (quy đổi M15),train,"BTCUSDT,ETHUSDT,BNBUSDT,SOLUSDT,XRPUSDT",Bảng A tổ hợp kích hoạt + xác nhận,1
2026-10-10T01:29:39+00:00,N4a,N4a-i018>i059+i035|--htf,i018>i059+i035|-,True,mặc định (quy đổi M15),train,"BTCUSDT,ETHUSDT,BNBUSDT,SOLUSDT,XRPUSDT",Bảng A tổ hợp kích hoạt + xác nhận,1
2026-10-10T01:29:39+00:00,N4a,N4a-i018>i059+i035|i064-nohtf,i018>i059+i035|i064,False,mặc định (quy đổi M15),train,"BTCUSDT,ETHUSDT,BNBUSDT,SOLUSDT,XRPUSDT",Bảng A tổ hợp kích hoạt + xác nhận,1
2026-10-10T01:29:39+00:00,N4a,N4a-i018>i059+i035|i064-htf,i018>i059+i035|i064,True,mặc định (quy đổi M15),train,"BTCUSDT,ETHUSDT,BNBUSDT,SOLUSDT,XRPUSDT",Bảng A tổ hợp kích hoạt + xác nhận,1
2026-10-10T01:29:39+00:00,N4a,N4a-i018>i031+i101|--nohtf,i018>i031+i101|-,False,mặc định (quy đổi M15),train,"BTCUSDT,ETHUSDT,BNBUSDT,SOLUSDT,XRPUSDT",Bảng A tổ hợp kích hoạt + xác nhận,1
2026-10-10T01:29:39+00:00,N4a,N4a-i018>i031+i101|--htf,i018>i031+i101|-,True,mặc định (quy đổi M15),train,"BTCUSDT,ETHUSDT,BNBUSDT,SOLUSDT,XRPUSDT",Bảng A tổ hợp kích hoạt + xác nhận,1
2026-10-10T01:29:39+00:00,N4a,N4a-i018>i031+i101|i064-nohtf,i018>i031+i101|i064,False,mặc định (quy đổi M15),train,"BTCUSDT,ETHUSDT,BNBUSDT,SOLUSDT,XRPUSDT",Bảng A tổ hợp kích hoạt + xác nhận,1
2026-10-10T01:29:39+00:00,N4a,N4a-i018>i031+i101|i064-htf,i018>i031+i101|i064,True,mặc định (quy đổi M15),train,"BTCUSDT,ETHUSDT,BNBUSDT,SOLUSDT,XRPUSDT",Bảng A tổ hợp kích hoạt + xác nhận,1
2026-10-10T01:29:39+00:00,N4a,N4a-i018>i031+i030|--nohtf,i018>i031+i030|-,False,mặc định (quy đổi M15),train,"BTCUSDT,ETHUSDT,BNBUSDT,SOLUSDT,XRPUSDT",Bảng A tổ hợp kích hoạt + xác nhận,1
2026-10-10T01:29:39+00:00,N4a,N4a-i018>i031+i030|--htf,i018>i031+i030|-,True,mặc định (quy đổi M15),train,"BTCUSDT,ETHUSDT,BNBUSDT,SOLUSDT,XRPUSDT",Bảng A tổ hợp kích hoạt + xác nhận,1
2026-10-10T01:29:39+00:00,N4a,N4a-i018>i031+i030|i064-nohtf,i018>i031+i030|i064,False,mặc định (quy đổi M15),train,"BTCUSDT,ETHUSDT,BNBUSDT,SOLUSDT,XRPUSDT",Bảng A tổ hợp kích hoạt + xác nhận,1
2026-10-10T01:29:39+00:00,N4a,N4a-i018>i031+i030|i064-htf,i018>i031+i030|i064,True,mặc định (quy đổi M15),train,"BTCUSDT,ETHUSDT,BNBUSDT,SOLUSDT,XRPUSDT",Bảng A tổ hợp kích hoạt + xác nhận,1
2026-10-10T01:29:39+00:00,N4a,N4a-i018>i031+i035|--nohtf,i018>i031+i035|-,False,mặc định (quy đổi M15),train,"BTCUSDT,ETHUSDT,BNBUSDT,SOLUSDT,XRPUSDT",Bảng A tổ hợp kích hoạt + xác nhận,1
2026-10-10T01:29:39+00:00,N4a,N4a-i018>i031+i035|--htf,i018>i031+i035|-,True,mặc định (quy đổi M15),train,"BTCUSDT,ETHUSDT,BNBUSDT,SOLUSDT,XRPUSDT",Bảng A tổ hợp kích hoạt + xác nhận,1
2026-10-10T01:29:39+00:00,N4a,N4a-i018>i031+i035|i064-nohtf,i018>i031+i035|i064,False,mặc định (quy đổi M15),train,"BTCUSDT,ETHUSDT,BNBUSDT,SOLUSDT,XRPUSDT",Bảng A tổ hợp kích hoạt + xác nhận,1
2026-10-10T01:29:39+00:00,N4a,N4a-i018>i031+i035|i064-htf,i018>i031+i035|i064,True,mặc định (quy đổi M15),train,"BTCUSDT,ETHUSDT,BNBUSDT,SOLUSDT,XRPUSDT",Bảng A tổ hợp kích hoạt + xác nhận,1
2026-10-10T01:29:39+00:00,N4a,N4a-i018>i101+i030|--nohtf,i018>i101+i030|-,False,mặc định (quy đổi M15),train,"BTCUSDT,ETHUSDT,BNBUSDT,SOLUSDT,XRPUSDT",Bảng A tổ hợp kích hoạt + xác nhận,1
2026-10-10T01:29:39+00:00,N4a,N4a-i018>i101+i030|--htf,i018>i101+i030|-,True,mặc định (quy đổi M15),train,"BTCUSDT,ETHUSDT,BNBUSDT,SOLUSDT,XRPUSDT",Bảng A tổ hợp kích hoạt + xác nhận,1
2026-10-10T01:29:39+00:00,N4a,N4a-i018>i101+i030|i064-nohtf,i018>i101+i030|i064,False,mặc định (quy đổi M15),train,"BTCUSDT,ETHUSDT,BNBUSDT,SOLUSDT,XRPUSDT",Bảng A tổ hợp kích hoạt + xác nhận,1
2026-10-10T01:29:39+00:00,N4a,N4a-i018>i101+i030|i064-htf,i018>i101+i030|i064,True,mặc định (quy đổi M15),train,"BTCUSDT,ETHUSDT,BNBUSDT,SOLUSDT,XRPUSDT",Bảng A tổ hợp kích hoạt + xác nhận,1
2026-10-10T01:29:39+00:00,N4a,N4a-i018>i101+i035|--nohtf,i018>i101+i035|-,False,mặc định (quy đổi M15),train,"BTCUSDT,ETHUSDT,BNBUSDT,SOLUSDT,XRPUSDT",Bảng A tổ hợp kích hoạt + xác nhận,1
2026-10-10T01:29:39+00:00,N4a,N4a-i018>i101+i035|--htf,i018>i101+i035|-,True,mặc định (quy đổi M15),train,"BTCUSDT,ETHUSDT,BNBUSDT,SOLUSDT,XRPUSDT",Bảng A tổ hợp kích hoạt + xác nhận,1
2026-10-10T01:29:39+00:00,N4a,N4a-i018>i101+i035|i064-nohtf,i018>i101+i035|i064,False,mặc định (quy đổi M15),train,"BTCUSDT,ETHUSDT,BNBUSDT,SOLUSDT,XRPUSDT",Bảng A tổ hợp kích hoạt + xác nhận,1
2026-10-10T01:29:39+00:00,N4a,N4a-i018>i101+i035|i064-htf,i018>i101+i035|i064,True,mặc định (quy đổi M15),train,"BTCUSDT,ETHUSDT,BNBUSDT,SOLUSDT,XRPUSDT",Bảng A tổ hợp kích hoạt + xác nhận,1
2026-10-10T01:29:39+00:00,N4a,N4a-i018>i030+i035|--nohtf,i018>i030+i035|-,False,mặc định (quy đổi M15),train,"BTCUSDT,ETHUSDT,BNBUSDT,SOLUSDT,XRPUSDT",Bảng A tổ hợp kích hoạt + xác nhận,1
2026-10-10T01:29:39+00:00,N4a,N4a-i018>i030+i035|--htf,i018>i030+i035|-,True,mặc định (quy đổi M15),train,"BTCUSDT,ETHUSDT,BNBUSDT,SOLUSDT,XRPUSDT",Bảng A tổ hợp kích hoạt + xác nhận,1
2026-10-10T01:29:39+00:00,N4a,N4a-i018>i030+i035|i064-nohtf,i018>i030+i035|i064,False,mặc định (quy đổi M15),train,"BTCUSDT,ETHUSDT,BNBUSDT,SOLUSDT,XRPUSDT",Bảng A tổ hợp kích hoạt + xác nhận,1
2026-10-10T01:29:39+00:00,N4a,N4a-i018>i030+i035|i064-htf,i018>i030+i035|i064,True,mặc định (quy đổi M15),train,"BTCUSDT,ETHUSDT,BNBUSDT,SOLUSDT,XRPUSDT",Bảng A tổ hợp kích hoạt + xác nhận,1
2026-10-10T01:29:39+00:00,N4a,N4a-i035>i027|--nohtf,i035>i027|-,False,mặc định (quy đổi M15),train,"BTCUSDT,ETHUSDT,BNBUSDT,SOLUSDT,XRPUSDT",Bảng A tổ hợp kích hoạt + xác nhận,1
2026-10-10T01:29:39+00:00,N4a,N4a-i035>i027|--htf,i035>i027|-,True,mặc định (quy đổi M15),train,"BTCUSDT,ETHUSDT,BNBUSDT,SOLUSDT,XRPUSDT",Bảng A tổ hợp kích hoạt + xác nhận,1
2026-10-10T01:29:39+00:00,N4a,N4a-i035>i027|i064-nohtf,i035>i027|i064,False,mặc định (quy đổi M15),train,"BTCUSDT,ETHUSDT,BNBUSDT,SOLUSDT,XRPUSDT",Bảng A tổ hợp kích hoạt + xác nhận,1
2026-10-10T01:29:39+00:00,N4a,N4a-i035>i027|i064-htf,i035>i027|i064,True,mặc định (quy đổi M15),train,"BTCUSDT,ETHUSDT,BNBUSDT,SOLUSDT,XRPUSDT",Bảng A tổ hợp kích hoạt + xác nhận,1
2026-10-10T01:29:39+00:00,N4a,N4a-i035>i024|--nohtf,i035>i024|-,False,mặc định (quy đổi M15),train,"BTCUSDT,ETHUSDT,BNBUSDT,SOLUSDT,XRPUSDT",Bảng A tổ hợp kích hoạt + xác nhận,1
2026-10-10T01:29:39+00:00,N4a,N4a-i035>i024|--htf,i035>i024|-,True,mặc định (quy đổi M15),train,"BTCUSDT,ETHUSDT,BNBUSDT,SOLUSDT,XRPUSDT",Bảng A tổ hợp kích hoạt + xác nhận,1
2026-10-10T01:29:39+00:00,N4a,N4a-i035>i024|i064-nohtf,i035>i024|i064,False,mặc định (quy đổi M15),train,"BTCUSDT,ETHUSDT,BNBUSDT,SOLUSDT,XRPUSDT",Bảng A tổ hợp kích hoạt + xác nhận,1
2026-10-10T01:29:39+00:00,N4a,N4a-i035>i024|i064-htf,i035>i024|i064,True,mặc định (quy đổi M15),train,"BTCUSDT,ETHUSDT,BNBUSDT,SOLUSDT,XRPUSDT",Bảng A tổ hợp kích hoạt + xác nhận,1
2026-10-10T01:29:39+00:00,N4a,N4a-i035>i034|--nohtf,i035>i034|-,False,mặc định (quy đổi M15),train,"BTCUSDT,ETHUSDT,BNBUSDT,SOLUSDT,XRPUSDT",Bảng A tổ hợp kích hoạt + xác nhận,1
2026-10-10T01:29:39+00:00,N4a,N4a-i035>i034|--htf,i035>i034|-,True,mặc định (quy đổi M15),train,"BTCUSDT,ETHUSDT,BNBUSDT,SOLUSDT,XRPUSDT",Bảng A tổ hợp kích hoạt + xác nhận,1
2026-10-10T01:29:39+00:00,N4a,N4a-i035>i034|i064-nohtf,i035>i034|i064,False,mặc định (quy đổi M15),train,"BTCUSDT,ETHUSDT,BNBUSDT,SOLUSDT,XRPUSDT",Bảng A tổ hợp kích hoạt + xác nhận,1
2026-10-10T01:29:39+00:00,N4a,N4a-i035>i034|i064-htf,i035>i034|i064,True,mặc định (quy đổi M15),train,"BTCUSDT,ETHUSDT,BNBUSDT,SOLUSDT,XRPUSDT",Bảng A tổ hợp kích hoạt + xác nhận,1
2026-10-10T01:29:39+00:00,N4a,N4a-i035>i061|--nohtf,i035>i061|-,False,mặc định (quy đổi M15),train,"BTCUSDT,ETHUSDT,BNBUSDT,SOLUSDT,XRPUSDT",Bảng A tổ hợp kích hoạt + xác nhận,1
2026-10-10T01:29:39+00:00,N4a,N4a-i035>i061|--htf,i035>i061|-,True,mặc định (quy đổi M15),train,"BTCUSDT,ETHUSDT,BNBUSDT,SOLUSDT,XRPUSDT",Bảng A tổ hợp kích hoạt + xác nhận,1
2026-10-10T01:29:39+00:00,N4a,N4a-i035>i061|i064-nohtf,i035>i061|i064,False,mặc định (quy đổi M15),train,"BTCUSDT,ETHUSDT,BNBUSDT,SOLUSDT,XRPUSDT",Bảng A tổ hợp kích hoạt + xác nhận,1
2026-10-10T01:29:39+00:00,N4a,N4a-i035>i061|i064-htf,i035>i061|i064,True,mặc định (quy đổi M15),train,"BTCUSDT,ETHUSDT,BNBUSDT,SOLUSDT,XRPUSDT",Bảng A tổ hợp kích hoạt + xác nhận,1
2026-10-10T01:29:39+00:00,N4a,N4a-i035>i059|--nohtf,i035>i059|-,False,mặc định (quy đổi M15),train,"BTCUSDT,ETHUSDT,BNBUSDT,SOLUSDT,XRPUSDT",Bảng A tổ hợp kích hoạt + xác nhận,1
2026-10-10T01:29:39+00:00,N4a,N4a-i035>i059|--htf,i035>i059|-,True,mặc định (quy đổi M15),train,"BTCUSDT,ETHUSDT,BNBUSDT,SOLUSDT,XRPUSDT",Bảng A tổ hợp kích hoạt + xác nhận,1
2026-10-10T01:29:39+00:00,N4a,N4a-i035>i059|i064-nohtf,i035>i059|i064,False,mặc định (quy đổi M15),train,"BTCUSDT,ETHUSDT,BNBUSDT,SOLUSDT,XRPUSDT",Bảng A tổ hợp kích hoạt + xác nhận,1
2026-10-10T01:29:39+00:00,N4a,N4a-i035>i059|i064-htf,i035>i059|i064,True,mặc định (quy đổi M15),train,"BTCUSDT,ETHUSDT,BNBUSDT,SOLUSDT,XRPUSDT",Bảng A tổ hợp kích hoạt + xác nhận,1
2026-10-10T01:29:39+00:00,N4a,N4a-i035>i031|--nohtf,i035>i031|-,False,mặc định (quy đổi M15),train,"BTCUSDT,ETHUSDT,BNBUSDT,SOLUSDT,XRPUSDT",Bảng A tổ hợp kích hoạt + xác nhận,1
2026-10-10T01:29:39+00:00,N4a,N4a-i035>i031|--htf,i035>i031|-,True,mặc định (quy đổi M15),train,"BTCUSDT,ETHUSDT,BNBUSDT,SOLUSDT,XRPUSDT",Bảng A tổ hợp kích hoạt + xác nhận,1
2026-10-10T01:29:39+00:00,N4a,N4a-i035>i031|i064-nohtf,i035>i031|i064,False,mặc định (quy đổi M15),train,"BTCUSDT,ETHUSDT,BNBUSDT,SOLUSDT,XRPUSDT",Bảng A tổ hợp kích hoạt + xác nhận,1
2026-10-10T01:29:39+00:00,N4a,N4a-i035>i031|i064-htf,i035>i031|i064,True,mặc định (quy đổi M15),train,"BTCUSDT,ETHUSDT,BNBUSDT,SOLUSDT,XRPUSDT",Bảng A tổ hợp kích hoạt + xác nhận,1
2026-10-10T01:29:39+00:00,N4a,N4a-i035>i101|--nohtf,i035>i101|-,False,mặc định (quy đổi M15),train,"BTCUSDT,ETHUSDT,BNBUSDT,SOLUSDT,XRPUSDT",Bảng A tổ hợp kích hoạt + xác nhận,1
2026-10-10T01:29:39+00:00,N4a,N4a-i035>i101|--htf,i035>i101|-,True,mặc định (quy đổi M15),train,"BTCUSDT,ETHUSDT,BNBUSDT,SOLUSDT,XRPUSDT",Bảng A tổ hợp kích hoạt + xác nhận,1
2026-10-10T01:29:39+00:00,N4a,N4a-i035>i101|i064-nohtf,i035>i101|i064,False,mặc định (quy đổi M15),train,"BTCUSDT,ETHUSDT,BNBUSDT,SOLUSDT,XRPUSDT",Bảng A tổ hợp kích hoạt + xác nhận,1
2026-10-10T01:29:39+00:00,N4a,N4a-i035>i101|i064-htf,i035>i101|i064,True,mặc định (quy đổi M15),train,"BTCUSDT,ETHUSDT,BNBUSDT,SOLUSDT,XRPUSDT",Bảng A tổ hợp kích hoạt + xác nhận,1
2026-10-10T01:29:39+00:00,N4a,N4a-i035>i030|--nohtf,i035>i030|-,False,mặc định (quy đổi M15),train,"BTCUSDT,ETHUSDT,BNBUSDT,SOLUSDT,XRPUSDT",Bảng A tổ hợp kích hoạt + xác nhận,1
2026-10-10T01:29:39+00:00,N4a,N4a-i035>i030|--htf,i035>i030|-,True,mặc định (quy đổi M15),train,"BTCUSDT,ETHUSDT,BNBUSDT,SOLUSDT,XRPUSDT",Bảng A tổ hợp kích hoạt + xác nhận,1
2026-10-10T01:29:39+00:00,N4a,N4a-i035>i030|i064-nohtf,i035>i030|i064,False,mặc định (quy đổi M15),train,"BTCUSDT,ETHUSDT,BNBUSDT,SOLUSDT,XRPUSDT",Bảng A tổ hợp kích hoạt + xác nhận,1
2026-10-10T01:29:39+00:00,N4a,N4a-i035>i030|i064-htf,i035>i030|i064,True,mặc định (quy đổi M15),train,"BTCUSDT,ETHUSDT,BNBUSDT,SOLUSDT,XRPUSDT",Bảng A tổ hợp kích hoạt + xác nhận,1
2026-10-10T01:29:39+00:00,N4a,N4a-i035>i018|--nohtf,i035>i018|-,False,mặc định (quy đổi M15),train,"BTCUSDT,ETHUSDT,BNBUSDT,SOLUSDT,XRPUSDT",Bảng A tổ hợp kích hoạt + xác nhận,1
2026-10-10T01:29:39+00:00,N4a,N4a-i035>i018|--htf,i035>i018|-,True,mặc định (quy đổi M15),train,"BTCUSDT,ETHUSDT,BNBUSDT,SOLUSDT,XRPUSDT",Bảng A tổ hợp kích hoạt + xác nhận,1
2026-10-10T01:29:39+00:00,N4a,N4a-i035>i018|i064-nohtf,i035>i018|i064,False,mặc định (quy đổi M15),train,"BTCUSDT,ETHUSDT,BNBUSDT,SOLUSDT,XRPUSDT",Bảng A tổ hợp kích hoạt + xác nhận,1
2026-10-10T01:29:39+00:00,N4a,N4a-i035>i018|i064-htf,i035>i018|i064,True,mặc định (quy đổi M15),train,"BTCUSDT,ETHUSDT,BNBUSDT,SOLUSDT,XRPUSDT",Bảng A tổ hợp kích hoạt + xác nhận,1
2026-10-10T01:29:39+00:00,N4a,N4a-i035>i027+i024|--nohtf,i035>i027+i024|-,False,mặc định (quy đổi M15),train,"BTCUSDT,ETHUSDT,BNBUSDT,SOLUSDT,XRPUSDT",Bảng A tổ hợp kích hoạt + xác nhận,1
2026-10-10T01:29:39+00:00,N4a,N4a-i035>i027+i024|--htf,i035>i027+i024|-,True,mặc định (quy đổi M15),train,"BTCUSDT,ETHUSDT,BNBUSDT,SOLUSDT,XRPUSDT",Bảng A tổ hợp kích hoạt + xác nhận,1
2026-10-10T01:29:39+00:00,N4a,N4a-i035>i027+i024|i064-nohtf,i035>i027+i024|i064,False,mặc định (quy đổi M15),train,"BTCUSDT,ETHUSDT,BNBUSDT,SOLUSDT,XRPUSDT",Bảng A tổ hợp kích hoạt + xác nhận,1
2026-10-10T01:29:39+00:00,N4a,N4a-i035>i027+i024|i064-htf,i035>i027+i024|i064,True,mặc định (quy đổi M15),train,"BTCUSDT,ETHUSDT,BNBUSDT,SOLUSDT,XRPUSDT",Bảng A tổ hợp kích hoạt + xác nhận,1
2026-10-10T01:29:39+00:00,N4a,N4a-i035>i027+i034|--nohtf,i035>i027+i034|-,False,mặc định (quy đổi M15),train,"BTCUSDT,ETHUSDT,BNBUSDT,SOLUSDT,XRPUSDT",Bảng A tổ hợp kích hoạt + xác nhận,1
2026-10-10T01:29:39+00:00,N4a,N4a-i035>i027+i034|--htf,i035>i027+i034|-,True,mặc định (quy đổi M15),train,"BTCUSDT,ETHUSDT,BNBUSDT,SOLUSDT,XRPUSDT",Bảng A tổ hợp kích hoạt + xác nhận,1
2026-10-10T01:29:39+00:00,N4a,N4a-i035>i027+i034|i064-nohtf,i035>i027+i034|i064,False,mặc định (quy đổi M15),train,"BTCUSDT,ETHUSDT,BNBUSDT,SOLUSDT,XRPUSDT",Bảng A tổ hợp kích hoạt + xác nhận,1
2026-10-10T01:29:39+00:00,N4a,N4a-i035>i027+i034|i064-htf,i035>i027+i034|i064,True,mặc định (quy đổi M15),train,"BTCUSDT,ETHUSDT,BNBUSDT,SOLUSDT,XRPUSDT",Bảng A tổ hợp kích hoạt + xác nhận,1
2026-10-10T01:29:39+00:00,N4a,N4a-i035>i027+i061|--nohtf,i035>i027+i061|-,False,mặc định (quy đổi M15),train,"BTCUSDT,ETHUSDT,BNBUSDT,SOLUSDT,XRPUSDT",Bảng A tổ hợp kích hoạt + xác nhận,1
2026-10-10T01:29:39+00:00,N4a,N4a-i035>i027+i061|--htf,i035>i027+i061|-,True,mặc định (quy đổi M15),train,"BTCUSDT,ETHUSDT,BNBUSDT,SOLUSDT,XRPUSDT",Bảng A tổ hợp kích hoạt + xác nhận,1
2026-10-10T01:29:39+00:00,N4a,N4a-i035>i027+i061|i064-nohtf,i035>i027+i061|i064,False,mặc định (quy đổi M15),train,"BTCUSDT,ETHUSDT,BNBUSDT,SOLUSDT,XRPUSDT",Bảng A tổ hợp kích hoạt + xác nhận,1
2026-10-10T01:29:39+00:00,N4a,N4a-i035>i027+i061|i064-htf,i035>i027+i061|i064,True,mặc định (quy đổi M15),train,"BTCUSDT,ETHUSDT,BNBUSDT,SOLUSDT,XRPUSDT",Bảng A tổ hợp kích hoạt + xác nhận,1
2026-10-10T01:29:39+00:00,N4a,N4a-i035>i027+i059|--nohtf,i035>i027+i059|-,False,mặc định (quy đổi M15),train,"BTCUSDT,ETHUSDT,BNBUSDT,SOLUSDT,XRPUSDT",Bảng A tổ hợp kích hoạt + xác nhận,1
2026-10-10T01:29:39+00:00,N4a,N4a-i035>i027+i059|--htf,i035>i027+i059|-,True,mặc định (quy đổi M15),train,"BTCUSDT,ETHUSDT,BNBUSDT,SOLUSDT,XRPUSDT",Bảng A tổ hợp kích hoạt + xác nhận,1
2026-10-10T01:29:39+00:00,N4a,N4a-i035>i027+i059|i064-nohtf,i035>i027+i059|i064,False,mặc định (quy đổi M15),train,"BTCUSDT,ETHUSDT,BNBUSDT,SOLUSDT,XRPUSDT",Bảng A tổ hợp kích hoạt + xác nhận,1
2026-10-10T01:29:39+00:00,N4a,N4a-i035>i027+i059|i064-htf,i035>i027+i059|i064,True,mặc định (quy đổi M15),train,"BTCUSDT,ETHUSDT,BNBUSDT,SOLUSDT,XRPUSDT",Bảng A tổ hợp kích hoạt + xác nhận,1
2026-10-10T01:29:39+00:00,N4a,N4a-i035>i027+i031|--nohtf,i035>i027+i031|-,False,mặc định (quy đổi M15),train,"BTCUSDT,ETHUSDT,BNBUSDT,SOLUSDT,XRPUSDT",Bảng A tổ hợp kích hoạt + xác nhận,1
2026-10-10T01:29:39+00:00,N4a,N4a-i035>i027+i031|--htf,i035>i027+i031|-,True,mặc định (quy đổi M15),train,"BTCUSDT,ETHUSDT,BNBUSDT,SOLUSDT,XRPUSDT",Bảng A tổ hợp kích hoạt + xác nhận,1
2026-10-10T01:29:39+00:00,N4a,N4a-i035>i027+i031|i064-nohtf,i035>i027+i031|i064,False,mặc định (quy đổi M15),train,"BTCUSDT,ETHUSDT,BNBUSDT,SOLUSDT,XRPUSDT",Bảng A tổ hợp kích hoạt + xác nhận,1
2026-10-10T01:29:39+00:00,N4a,N4a-i035>i027+i031|i064-htf,i035>i027+i031|i064,True,mặc định (quy đổi M15),train,"BTCUSDT,ETHUSDT,BNBUSDT,SOLUSDT,XRPUSDT",Bảng A tổ hợp kích hoạt + xác nhận,1
2026-10-10T01:29:39+00:00,N4a,N4a-i035>i027+i101|--nohtf,i035>i027+i101|-,False,mặc định (quy đổi M15),train,"BTCUSDT,ETHUSDT,BNBUSDT,SOLUSDT,XRPUSDT",Bảng A tổ hợp kích hoạt + xác nhận,1
2026-10-10T01:29:39+00:00,N4a,N4a-i035>i027+i101|--htf,i035>i027+i101|-,True,mặc định (quy đổi M15),train,"BTCUSDT,ETHUSDT,BNBUSDT,SOLUSDT,XRPUSDT",Bảng A tổ hợp kích hoạt + xác nhận,1
2026-10-10T01:29:39+00:00,N4a,N4a-i035>i027+i101|i064-nohtf,i035>i027+i101|i064,False,mặc định (quy đổi M15),train,"BTCUSDT,ETHUSDT,BNBUSDT,SOLUSDT,XRPUSDT",Bảng A tổ hợp kích hoạt + xác nhận,1
2026-10-10T01:29:39+00:00,N4a,N4a-i035>i027+i101|i064-htf,i035>i027+i101|i064,True,mặc định (quy đổi M15),train,"BTCUSDT,ETHUSDT,BNBUSDT,SOLUSDT,XRPUSDT",Bảng A tổ hợp kích hoạt + xác nhận,1
2026-10-10T01:29:39+00:00,N4a,N4a-i035>i027+i030|--nohtf,i035>i027+i030|-,False,mặc định (quy đổi M15),train,"BTCUSDT,ETHUSDT,BNBUSDT,SOLUSDT,XRPUSDT",Bảng A tổ hợp kích hoạt + xác nhận,1
2026-10-10T01:29:39+00:00,N4a,N4a-i035>i027+i030|--htf,i035>i027+i030|-,True,mặc định (quy đổi M15),train,"BTCUSDT,ETHUSDT,BNBUSDT,SOLUSDT,XRPUSDT",Bảng A tổ hợp kích hoạt + xác nhận,1
2026-10-10T01:29:39+00:00,N4a,N4a-i035>i027+i030|i064-nohtf,i035>i027+i030|i064,False,mặc định (quy đổi M15),train,"BTCUSDT,ETHUSDT,BNBUSDT,SOLUSDT,XRPUSDT",Bảng A tổ hợp kích hoạt + xác nhận,1
2026-10-10T01:29:39+00:00,N4a,N4a-i035>i027+i030|i064-htf,i035>i027+i030|i064,True,mặc định (quy đổi M15),train,"BTCUSDT,ETHUSDT,BNBUSDT,SOLUSDT,XRPUSDT",Bảng A tổ hợp kích hoạt + xác nhận,1
2026-10-10T01:29:39+00:00,N4a,N4a-i035>i027+i018|--nohtf,i035>i027+i018|-,False,mặc định (quy đổi M15),train,"BTCUSDT,ETHUSDT,BNBUSDT,SOLUSDT,XRPUSDT",Bảng A tổ hợp kích hoạt + xác nhận,1
2026-10-10T01:29:39+00:00,N4a,N4a-i035>i027+i018|--htf,i035>i027+i018|-,True,mặc định (quy đổi M15),train,"BTCUSDT,ETHUSDT,BNBUSDT,SOLUSDT,XRPUSDT",Bảng A tổ hợp kích hoạt + xác nhận,1
2026-10-10T01:29:39+00:00,N4a,N4a-i035>i027+i018|i064-nohtf,i035>i027+i018|i064,False,mặc định (quy đổi M15),train,"BTCUSDT,ETHUSDT,BNBUSDT,SOLUSDT,XRPUSDT",Bảng A tổ hợp kích hoạt + xác nhận,1
2026-10-10T01:29:39+00:00,N4a,N4a-i035>i027+i018|i064-htf,i035>i027+i018|i064,True,mặc định (quy đổi M15),train,"BTCUSDT,ETHUSDT,BNBUSDT,SOLUSDT,XRPUSDT",Bảng A tổ hợp kích hoạt + xác nhận,1
2026-10-10T01:29:39+00:00,N4a,N4a-i035>i024+i034|--nohtf,i035>i024+i034|-,False,mặc định (quy đổi M15),train,"BTCUSDT,ETHUSDT,BNBUSDT,SOLUSDT,XRPUSDT",Bảng A tổ hợp kích hoạt + xác nhận,1
2026-10-10T01:29:39+00:00,N4a,N4a-i035>i024+i034|--htf,i035>i024+i034|-,True,mặc định (quy đổi M15),train,"BTCUSDT,ETHUSDT,BNBUSDT,SOLUSDT,XRPUSDT",Bảng A tổ hợp kích hoạt + xác nhận,1
2026-10-10T01:29:39+00:00,N4a,N4a-i035>i024+i034|i064-nohtf,i035>i024+i034|i064,False,mặc định (quy đổi M15),train,"BTCUSDT,ETHUSDT,BNBUSDT,SOLUSDT,XRPUSDT",Bảng A tổ hợp kích hoạt + xác nhận,1
2026-10-10T01:29:39+00:00,N4a,N4a-i035>i024+i034|i064-htf,i035>i024+i034|i064,True,mặc định (quy đổi M15),train,"BTCUSDT,ETHUSDT,BNBUSDT,SOLUSDT,XRPUSDT",Bảng A tổ hợp kích hoạt + xác nhận,1
2026-10-10T01:29:39+00:00,N4a,N4a-i035>i024+i061|--nohtf,i035>i024+i061|-,False,mặc định (quy đổi M15),train,"BTCUSDT,ETHUSDT,BNBUSDT,SOLUSDT,XRPUSDT",Bảng A tổ hợp kích hoạt + xác nhận,1
2026-10-10T01:29:39+00:00,N4a,N4a-i035>i024+i061|--htf,i035>i024+i061|-,True,mặc định (quy đổi M15),train,"BTCUSDT,ETHUSDT,BNBUSDT,SOLUSDT,XRPUSDT",Bảng A tổ hợp kích hoạt + xác nhận,1
2026-10-10T01:29:39+00:00,N4a,N4a-i035>i024+i061|i064-nohtf,i035>i024+i061|i064,False,mặc định (quy đổi M15),train,"BTCUSDT,ETHUSDT,BNBUSDT,SOLUSDT,XRPUSDT",Bảng A tổ hợp kích hoạt + xác nhận,1
2026-10-10T01:29:39+00:00,N4a,N4a-i035>i024+i061|i064-htf,i035>i024+i061|i064,True,mặc định (quy đổi M15),train,"BTCUSDT,ETHUSDT,BNBUSDT,SOLUSDT,XRPUSDT",Bảng A tổ hợp kích hoạt + xác nhận,1
2026-10-10T01:29:39+00:00,N4a,N4a-i035>i024+i059|--nohtf,i035>i024+i059|-,False,mặc định (quy đổi M15),train,"BTCUSDT,ETHUSDT,BNBUSDT,SOLUSDT,XRPUSDT",Bảng A tổ hợp kích hoạt + xác nhận,1
2026-10-10T01:29:39+00:00,N4a,N4a-i035>i024+i059|--htf,i035>i024+i059|-,True,mặc định (quy đổi M15),train,"BTCUSDT,ETHUSDT,BNBUSDT,SOLUSDT,XRPUSDT",Bảng A tổ hợp kích hoạt + xác nhận,1
2026-10-10T01:29:39+00:00,N4a,N4a-i035>i024+i059|i064-nohtf,i035>i024+i059|i064,False,mặc định (quy đổi M15),train,"BTCUSDT,ETHUSDT,BNBUSDT,SOLUSDT,XRPUSDT",Bảng A tổ hợp kích hoạt + xác nhận,1
2026-10-10T01:29:39+00:00,N4a,N4a-i035>i024+i059|i064-htf,i035>i024+i059|i064,True,mặc định (quy đổi M15),train,"BTCUSDT,ETHUSDT,BNBUSDT,SOLUSDT,XRPUSDT",Bảng A tổ hợp kích hoạt + xác nhận,1
2026-10-10T01:29:39+00:00,N4a,N4a-i035>i024+i031|--nohtf,i035>i024+i031|-,False,mặc định (quy đổi M15),train,"BTCUSDT,ETHUSDT,BNBUSDT,SOLUSDT,XRPUSDT",Bảng A tổ hợp kích hoạt + xác nhận,1
2026-10-10T01:29:39+00:00,N4a,N4a-i035>i024+i031|--htf,i035>i024+i031|-,True,mặc định (quy đổi M15),train,"BTCUSDT,ETHUSDT,BNBUSDT,SOLUSDT,XRPUSDT",Bảng A tổ hợp kích hoạt + xác nhận,1
2026-10-10T01:29:39+00:00,N4a,N4a-i035>i024+i031|i064-nohtf,i035>i024+i031|i064,False,mặc định (quy đổi M15),train,"BTCUSDT,ETHUSDT,BNBUSDT,SOLUSDT,XRPUSDT",Bảng A tổ hợp kích hoạt + xác nhận,1
2026-10-10T01:29:39+00:00,N4a,N4a-i035>i024+i031|i064-htf,i035>i024+i031|i064,True,mặc định (quy đổi M15),train,"BTCUSDT,ETHUSDT,BNBUSDT,SOLUSDT,XRPUSDT",Bảng A tổ hợp kích hoạt + xác nhận,1
2026-10-10T01:29:39+00:00,N4a,N4a-i035>i024+i101|--nohtf,i035>i024+i101|-,False,mặc định (quy đổi M15),train,"BTCUSDT,ETHUSDT,BNBUSDT,SOLUSDT,XRPUSDT",Bảng A tổ hợp kích hoạt + xác nhận,1
2026-10-10T01:29:39+00:00,N4a,N4a-i035>i024+i101|--htf,i035>i024+i101|-,True,mặc định (quy đổi M15),train,"BTCUSDT,ETHUSDT,BNBUSDT,SOLUSDT,XRPUSDT",Bảng A tổ hợp kích hoạt + xác nhận,1
2026-10-10T01:29:39+00:00,N4a,N4a-i035>i024+i101|i064-nohtf,i035>i024+i101|i064,False,mặc định (quy đổi M15),train,"BTCUSDT,ETHUSDT,BNBUSDT,SOLUSDT,XRPUSDT",Bảng A tổ hợp kích hoạt + xác nhận,1
2026-10-10T01:29:39+00:00,N4a,N4a-i035>i024+i101|i064-htf,i035>i024+i101|i064,True,mặc định (quy đổi M15),train,"BTCUSDT,ETHUSDT,BNBUSDT,SOLUSDT,XRPUSDT",Bảng A tổ hợp kích hoạt + xác nhận,1
2026-10-10T01:29:39+00:00,N4a,N4a-i035>i024+i030|--nohtf,i035>i024+i030|-,False,mặc định (quy đổi M15),train,"BTCUSDT,ETHUSDT,BNBUSDT,SOLUSDT,XRPUSDT",Bảng A tổ hợp kích hoạt + xác nhận,1
2026-10-10T01:29:39+00:00,N4a,N4a-i035>i024+i030|--htf,i035>i024+i030|-,True,mặc định (quy đổi M15),train,"BTCUSDT,ETHUSDT,BNBUSDT,SOLUSDT,XRPUSDT",Bảng A tổ hợp kích hoạt + xác nhận,1
2026-10-10T01:29:39+00:00,N4a,N4a-i035>i024+i030|i064-nohtf,i035>i024+i030|i064,False,mặc định (quy đổi M15),train,"BTCUSDT,ETHUSDT,BNBUSDT,SOLUSDT,XRPUSDT",Bảng A tổ hợp kích hoạt + xác nhận,1
2026-10-10T01:29:39+00:00,N4a,N4a-i035>i024+i030|i064-htf,i035>i024+i030|i064,True,mặc định (quy đổi M15),train,"BTCUSDT,ETHUSDT,BNBUSDT,SOLUSDT,XRPUSDT",Bảng A tổ hợp kích hoạt + xác nhận,1
2026-10-10T01:29:39+00:00,N4a,N4a-i035>i024+i018|--nohtf,i035>i024+i018|-,False,mặc định (quy đổi M15),train,"BTCUSDT,ETHUSDT,BNBUSDT,SOLUSDT,XRPUSDT",Bảng A tổ hợp kích hoạt + xác nhận,1
2026-10-10T01:29:39+00:00,N4a,N4a-i035>i024+i018|--htf,i035>i024+i018|-,True,mặc định (quy đổi M15),train,"BTCUSDT,ETHUSDT,BNBUSDT,SOLUSDT,XRPUSDT",Bảng A tổ hợp kích hoạt + xác nhận,1
2026-10-10T01:29:39+00:00,N4a,N4a-i035>i024+i018|i064-nohtf,i035>i024+i018|i064,False,mặc định (quy đổi M15),train,"BTCUSDT,ETHUSDT,BNBUSDT,SOLUSDT,XRPUSDT",Bảng A tổ hợp kích hoạt + xác nhận,1
2026-10-10T01:29:39+00:00,N4a,N4a-i035>i024+i018|i064-htf,i035>i024+i018|i064,True,mặc định (quy đổi M15),train,"BTCUSDT,ETHUSDT,BNBUSDT,SOLUSDT,XRPUSDT",Bảng A tổ hợp kích hoạt + xác nhận,1
2026-10-10T01:29:39+00:00,N4a,N4a-i035>i034+i061|--nohtf,i035>i034+i061|-,False,mặc định (quy đổi M15),train,"BTCUSDT,ETHUSDT,BNBUSDT,SOLUSDT,XRPUSDT",Bảng A tổ hợp kích hoạt + xác nhận,1
2026-10-10T01:29:39+00:00,N4a,N4a-i035>i034+i061|--htf,i035>i034+i061|-,True,mặc định (quy đổi M15),train,"BTCUSDT,ETHUSDT,BNBUSDT,SOLUSDT,XRPUSDT",Bảng A tổ hợp kích hoạt + xác nhận,1
2026-10-10T01:29:39+00:00,N4a,N4a-i035>i034+i061|i064-nohtf,i035>i034+i061|i064,False,mặc định (quy đổi M15),train,"BTCUSDT,ETHUSDT,BNBUSDT,SOLUSDT,XRPUSDT",Bảng A tổ hợp kích hoạt + xác nhận,1
2026-10-10T01:29:39+00:00,N4a,N4a-i035>i034+i061|i064-htf,i035>i034+i061|i064,True,mặc định (quy đổi M15),train,"BTCUSDT,ETHUSDT,BNBUSDT,SOLUSDT,XRPUSDT",Bảng A tổ hợp kích hoạt + xác nhận,1
2026-10-10T01:29:39+00:00,N4a,N4a-i035>i034+i059|--nohtf,i035>i034+i059|-,False,mặc định (quy đổi M15),train,"BTCUSDT,ETHUSDT,BNBUSDT,SOLUSDT,XRPUSDT",Bảng A tổ hợp kích hoạt + xác nhận,1
2026-10-10T01:29:39+00:00,N4a,N4a-i035>i034+i059|--htf,i035>i034+i059|-,True,mặc định (quy đổi M15),train,"BTCUSDT,ETHUSDT,BNBUSDT,SOLUSDT,XRPUSDT",Bảng A tổ hợp kích hoạt + xác nhận,1
2026-10-10T01:29:39+00:00,N4a,N4a-i035>i034+i059|i064-nohtf,i035>i034+i059|i064,False,mặc định (quy đổi M15),train,"BTCUSDT,ETHUSDT,BNBUSDT,SOLUSDT,XRPUSDT",Bảng A tổ hợp kích hoạt + xác nhận,1
2026-10-10T01:29:39+00:00,N4a,N4a-i035>i034+i059|i064-htf,i035>i034+i059|i064,True,mặc định (quy đổi M15),train,"BTCUSDT,ETHUSDT,BNBUSDT,SOLUSDT,XRPUSDT",Bảng A tổ hợp kích hoạt + xác nhận,1
2026-10-10T01:29:39+00:00,N4a,N4a-i035>i034+i031|--nohtf,i035>i034+i031|-,False,mặc định (quy đổi M15),train,"BTCUSDT,ETHUSDT,BNBUSDT,SOLUSDT,XRPUSDT",Bảng A tổ hợp kích hoạt + xác nhận,1
2026-10-10T01:29:39+00:00,N4a,N4a-i035>i034+i031|--htf,i035>i034+i031|-,True,mặc định (quy đổi M15),train,"BTCUSDT,ETHUSDT,BNBUSDT,SOLUSDT,XRPUSDT",Bảng A tổ hợp kích hoạt + xác nhận,1
2026-10-10T01:29:39+00:00,N4a,N4a-i035>i034+i031|i064-nohtf,i035>i034+i031|i064,False,mặc định (quy đổi M15),train,"BTCUSDT,ETHUSDT,BNBUSDT,SOLUSDT,XRPUSDT",Bảng A tổ hợp kích hoạt + xác nhận,1
2026-10-10T01:29:39+00:00,N4a,N4a-i035>i034+i031|i064-htf,i035>i034+i031|i064,True,mặc định (quy đổi M15),train,"BTCUSDT,ETHUSDT,BNBUSDT,SOLUSDT,XRPUSDT",Bảng A tổ hợp kích hoạt + xác nhận,1
2026-10-10T01:29:39+00:00,N4a,N4a-i035>i034+i101|--nohtf,i035>i034+i101|-,False,mặc định (quy đổi M15),train,"BTCUSDT,ETHUSDT,BNBUSDT,SOLUSDT,XRPUSDT",Bảng A tổ hợp kích hoạt + xác nhận,1
2026-10-10T01:29:39+00:00,N4a,N4a-i035>i034+i101|--htf,i035>i034+i101|-,True,mặc định (quy đổi M15),train,"BTCUSDT,ETHUSDT,BNBUSDT,SOLUSDT,XRPUSDT",Bảng A tổ hợp kích hoạt + xác nhận,1
2026-10-10T01:29:39+00:00,N4a,N4a-i035>i034+i101|i064-nohtf,i035>i034+i101|i064,False,mặc định (quy đổi M15),train,"BTCUSDT,ETHUSDT,BNBUSDT,SOLUSDT,XRPUSDT",Bảng A tổ hợp kích hoạt + xác nhận,1
2026-10-10T01:29:39+00:00,N4a,N4a-i035>i034+i101|i064-htf,i035>i034+i101|i064,True,mặc định (quy đổi M15),train,"BTCUSDT,ETHUSDT,BNBUSDT,SOLUSDT,XRPUSDT",Bảng A tổ hợp kích hoạt + xác nhận,1
2026-10-10T01:29:39+00:00,N4a,N4a-i035>i034+i030|--nohtf,i035>i034+i030|-,False,mặc định (quy đổi M15),train,"BTCUSDT,ETHUSDT,BNBUSDT,SOLUSDT,XRPUSDT",Bảng A tổ hợp kích hoạt + xác nhận,1
2026-10-10T01:29:39+00:00,N4a,N4a-i035>i034+i030|--htf,i035>i034+i030|-,True,mặc định (quy đổi M15),train,"BTCUSDT,ETHUSDT,BNBUSDT,SOLUSDT,XRPUSDT",Bảng A tổ hợp kích hoạt + xác nhận,1
2026-10-10T01:29:39+00:00,N4a,N4a-i035>i034+i030|i064-nohtf,i035>i034+i030|i064,False,mặc định (quy đổi M15),train,"BTCUSDT,ETHUSDT,BNBUSDT,SOLUSDT,XRPUSDT",Bảng A tổ hợp kích hoạt + xác nhận,1
2026-10-10T01:29:39+00:00,N4a,N4a-i035>i034+i030|i064-htf,i035>i034+i030|i064,True,mặc định (quy đổi M15),train,"BTCUSDT,ETHUSDT,BNBUSDT,SOLUSDT,XRPUSDT",Bảng A tổ hợp kích hoạt + xác nhận,1
2026-10-10T01:29:39+00:00,N4a,N4a-i035>i034+i018|--nohtf,i035>i034+i018|-,False,mặc định (quy đổi M15),train,"BTCUSDT,ETHUSDT,BNBUSDT,SOLUSDT,XRPUSDT",Bảng A tổ hợp kích hoạt + xác nhận,1
2026-10-10T01:29:39+00:00,N4a,N4a-i035>i034+i018|--htf,i035>i034+i018|-,True,mặc định (quy đổi M15),train,"BTCUSDT,ETHUSDT,BNBUSDT,SOLUSDT,XRPUSDT",Bảng A tổ hợp kích hoạt + xác nhận,1
2026-10-10T01:29:39+00:00,N4a,N4a-i035>i034+i018|i064-nohtf,i035>i034+i018|i064,False,mặc định (quy đổi M15),train,"BTCUSDT,ETHUSDT,BNBUSDT,SOLUSDT,XRPUSDT",Bảng A tổ hợp kích hoạt + xác nhận,1
2026-10-10T01:29:39+00:00,N4a,N4a-i035>i034+i018|i064-htf,i035>i034+i018|i064,True,mặc định (quy đổi M15),train,"BTCUSDT,ETHUSDT,BNBUSDT,SOLUSDT,XRPUSDT",Bảng A tổ hợp kích hoạt + xác nhận,1
2026-10-10T01:29:39+00:00,N4a,N4a-i035>i061+i059|--nohtf,i035>i061+i059|-,False,mặc định (quy đổi M15),train,"BTCUSDT,ETHUSDT,BNBUSDT,SOLUSDT,XRPUSDT",Bảng A tổ hợp kích hoạt + xác nhận,1
2026-10-10T01:29:39+00:00,N4a,N4a-i035>i061+i059|--htf,i035>i061+i059|-,True,mặc định (quy đổi M15),train,"BTCUSDT,ETHUSDT,BNBUSDT,SOLUSDT,XRPUSDT",Bảng A tổ hợp kích hoạt + xác nhận,1
2026-10-10T01:29:39+00:00,N4a,N4a-i035>i061+i059|i064-nohtf,i035>i061+i059|i064,False,mặc định (quy đổi M15),train,"BTCUSDT,ETHUSDT,BNBUSDT,SOLUSDT,XRPUSDT",Bảng A tổ hợp kích hoạt + xác nhận,1
2026-10-10T01:29:39+00:00,N4a,N4a-i035>i061+i059|i064-htf,i035>i061+i059|i064,True,mặc định (quy đổi M15),train,"BTCUSDT,ETHUSDT,BNBUSDT,SOLUSDT,XRPUSDT",Bảng A tổ hợp kích hoạt + xác nhận,1
2026-10-10T01:29:39+00:00,N4a,N4a-i035>i061+i031|--nohtf,i035>i061+i031|-,False,mặc định (quy đổi M15),train,"BTCUSDT,ETHUSDT,BNBUSDT,SOLUSDT,XRPUSDT",Bảng A tổ hợp kích hoạt + xác nhận,1
2026-10-10T01:29:39+00:00,N4a,N4a-i035>i061+i031|--htf,i035>i061+i031|-,True,mặc định (quy đổi M15),train,"BTCUSDT,ETHUSDT,BNBUSDT,SOLUSDT,XRPUSDT",Bảng A tổ hợp kích hoạt + xác nhận,1
2026-10-10T01:29:39+00:00,N4a,N4a-i035>i061+i031|i064-nohtf,i035>i061+i031|i064,False,mặc định (quy đổi M15),train,"BTCUSDT,ETHUSDT,BNBUSDT,SOLUSDT,XRPUSDT",Bảng A tổ hợp kích hoạt + xác nhận,1
2026-10-10T01:29:39+00:00,N4a,N4a-i035>i061+i031|i064-htf,i035>i061+i031|i064,True,mặc định (quy đổi M15),train,"BTCUSDT,ETHUSDT,BNBUSDT,SOLUSDT,XRPUSDT",Bảng A tổ hợp kích hoạt + xác nhận,1
2026-10-10T01:29:39+00:00,N4a,N4a-i035>i061+i101|--nohtf,i035>i061+i101|-,False,mặc định (quy đổi M15),train,"BTCUSDT,ETHUSDT,BNBUSDT,SOLUSDT,XRPUSDT",Bảng A tổ hợp kích hoạt + xác nhận,1
2026-10-10T01:29:39+00:00,N4a,N4a-i035>i061+i101|--htf,i035>i061+i101|-,True,mặc định (quy đổi M15),train,"BTCUSDT,ETHUSDT,BNBUSDT,SOLUSDT,XRPUSDT",Bảng A tổ hợp kích hoạt + xác nhận,1
2026-10-10T01:29:39+00:00,N4a,N4a-i035>i061+i101|i064-nohtf,i035>i061+i101|i064,False,mặc định (quy đổi M15),train,"BTCUSDT,ETHUSDT,BNBUSDT,SOLUSDT,XRPUSDT",Bảng A tổ hợp kích hoạt + xác nhận,1
2026-10-10T01:29:39+00:00,N4a,N4a-i035>i061+i101|i064-htf,i035>i061+i101|i064,True,mặc định (quy đổi M15),train,"BTCUSDT,ETHUSDT,BNBUSDT,SOLUSDT,XRPUSDT",Bảng A tổ hợp kích hoạt + xác nhận,1
2026-10-10T01:29:39+00:00,N4a,N4a-i035>i061+i030|--nohtf,i035>i061+i030|-,False,mặc định (quy đổi M15),train,"BTCUSDT,ETHUSDT,BNBUSDT,SOLUSDT,XRPUSDT",Bảng A tổ hợp kích hoạt + xác nhận,1
2026-10-10T01:29:39+00:00,N4a,N4a-i035>i061+i030|--htf,i035>i061+i030|-,True,mặc định (quy đổi M15),train,"BTCUSDT,ETHUSDT,BNBUSDT,SOLUSDT,XRPUSDT",Bảng A tổ hợp kích hoạt + xác nhận,1
2026-10-10T01:29:39+00:00,N4a,N4a-i035>i061+i030|i064-nohtf,i035>i061+i030|i064,False,mặc định (quy đổi M15),train,"BTCUSDT,ETHUSDT,BNBUSDT,SOLUSDT,XRPUSDT",Bảng A tổ hợp kích hoạt + xác nhận,1
2026-10-10T01:29:39+00:00,N4a,N4a-i035>i061+i030|i064-htf,i035>i061+i030|i064,True,mặc định (quy đổi M15),train,"BTCUSDT,ETHUSDT,BNBUSDT,SOLUSDT,XRPUSDT",Bảng A tổ hợp kích hoạt + xác nhận,1
2026-10-10T01:29:39+00:00,N4a,N4a-i035>i061+i018|--nohtf,i035>i061+i018|-,False,mặc định (quy đổi M15),train,"BTCUSDT,ETHUSDT,BNBUSDT,SOLUSDT,XRPUSDT",Bảng A tổ hợp kích hoạt + xác nhận,1
2026-10-10T01:29:39+00:00,N4a,N4a-i035>i061+i018|--htf,i035>i061+i018|-,True,mặc định (quy đổi M15),train,"BTCUSDT,ETHUSDT,BNBUSDT,SOLUSDT,XRPUSDT",Bảng A tổ hợp kích hoạt + xác nhận,1
2026-10-10T01:29:39+00:00,N4a,N4a-i035>i061+i018|i064-nohtf,i035>i061+i018|i064,False,mặc định (quy đổi M15),train,"BTCUSDT,ETHUSDT,BNBUSDT,SOLUSDT,XRPUSDT",Bảng A tổ hợp kích hoạt + xác nhận,1
2026-10-10T01:29:39+00:00,N4a,N4a-i035>i061+i018|i064-htf,i035>i061+i018|i064,True,mặc định (quy đổi M15),train,"BTCUSDT,ETHUSDT,BNBUSDT,SOLUSDT,XRPUSDT",Bảng A tổ hợp kích hoạt + xác nhận,1
2026-10-10T01:29:39+00:00,N4a,N4a-i035>i059+i031|--nohtf,i035>i059+i031|-,False,mặc định (quy đổi M15),train,"BTCUSDT,ETHUSDT,BNBUSDT,SOLUSDT,XRPUSDT",Bảng A tổ hợp kích hoạt + xác nhận,1
2026-10-10T01:29:39+00:00,N4a,N4a-i035>i059+i031|--htf,i035>i059+i031|-,True,mặc định (quy đổi M15),train,"BTCUSDT,ETHUSDT,BNBUSDT,SOLUSDT,XRPUSDT",Bảng A tổ hợp kích hoạt + xác nhận,1
2026-10-10T01:29:39+00:00,N4a,N4a-i035>i059+i031|i064-nohtf,i035>i059+i031|i064,False,mặc định (quy đổi M15),train,"BTCUSDT,ETHUSDT,BNBUSDT,SOLUSDT,XRPUSDT",Bảng A tổ hợp kích hoạt + xác nhận,1
2026-10-10T01:29:39+00:00,N4a,N4a-i035>i059+i031|i064-htf,i035>i059+i031|i064,True,mặc định (quy đổi M15),train,"BTCUSDT,ETHUSDT,BNBUSDT,SOLUSDT,XRPUSDT",Bảng A tổ hợp kích hoạt + xác nhận,1
2026-10-10T01:29:39+00:00,N4a,N4a-i035>i059+i101|--nohtf,i035>i059+i101|-,False,mặc định (quy đổi M15),train,"BTCUSDT,ETHUSDT,BNBUSDT,SOLUSDT,XRPUSDT",Bảng A tổ hợp kích hoạt + xác nhận,1
2026-10-10T01:29:39+00:00,N4a,N4a-i035>i059+i101|--htf,i035>i059+i101|-,True,mặc định (quy đổi M15),train,"BTCUSDT,ETHUSDT,BNBUSDT,SOLUSDT,XRPUSDT",Bảng A tổ hợp kích hoạt + xác nhận,1
2026-10-10T01:29:39+00:00,N4a,N4a-i035>i059+i101|i064-nohtf,i035>i059+i101|i064,False,mặc định (quy đổi M15),train,"BTCUSDT,ETHUSDT,BNBUSDT,SOLUSDT,XRPUSDT",Bảng A tổ hợp kích hoạt + xác nhận,1
2026-10-10T01:29:39+00:00,N4a,N4a-i035>i059+i101|i064-htf,i035>i059+i101|i064,True,mặc định (quy đổi M15),train,"BTCUSDT,ETHUSDT,BNBUSDT,SOLUSDT,XRPUSDT",Bảng A tổ hợp kích hoạt + xác nhận,1
2026-10-10T01:29:39+00:00,N4a,N4a-i035>i059+i030|--nohtf,i035>i059+i030|-,False,mặc định (quy đổi M15),train,"BTCUSDT,ETHUSDT,BNBUSDT,SOLUSDT,XRPUSDT",Bảng A tổ hợp kích hoạt + xác nhận,1
2026-10-10T01:29:39+00:00,N4a,N4a-i035>i059+i030|--htf,i035>i059+i030|-,True,mặc định (quy đổi M15),train,"BTCUSDT,ETHUSDT,BNBUSDT,SOLUSDT,XRPUSDT",Bảng A tổ hợp kích hoạt + xác nhận,1
2026-10-10T01:29:39+00:00,N4a,N4a-i035>i059+i030|i064-nohtf,i035>i059+i030|i064,False,mặc định (quy đổi M15),train,"BTCUSDT,ETHUSDT,BNBUSDT,SOLUSDT,XRPUSDT",Bảng A tổ hợp kích hoạt + xác nhận,1
2026-10-10T01:29:39+00:00,N4a,N4a-i035>i059+i030|i064-htf,i035>i059+i030|i064,True,mặc định (quy đổi M15),train,"BTCUSDT,ETHUSDT,BNBUSDT,SOLUSDT,XRPUSDT",Bảng A tổ hợp kích hoạt + xác nhận,1
2026-10-10T01:29:39+00:00,N4a,N4a-i035>i059+i018|--nohtf,i035>i059+i018|-,False,mặc định (quy đổi M15),train,"BTCUSDT,ETHUSDT,BNBUSDT,SOLUSDT,XRPUSDT",Bảng A tổ hợp kích hoạt + xác nhận,1
2026-10-10T01:29:39+00:00,N4a,N4a-i035>i059+i018|--htf,i035>i059+i018|-,True,mặc định (quy đổi M15),train,"BTCUSDT,ETHUSDT,BNBUSDT,SOLUSDT,XRPUSDT",Bảng A tổ hợp kích hoạt + xác nhận,1
2026-10-10T01:29:39+00:00,N4a,N4a-i035>i059+i018|i064-nohtf,i035>i059+i018|i064,False,mặc định (quy đổi M15),train,"BTCUSDT,ETHUSDT,BNBUSDT,SOLUSDT,XRPUSDT",Bảng A tổ hợp kích hoạt + xác nhận,1
2026-10-10T01:29:39+00:00,N4a,N4a-i035>i059+i018|i064-htf,i035>i059+i018|i064,True,mặc định (quy đổi M15),train,"BTCUSDT,ETHUSDT,BNBUSDT,SOLUSDT,XRPUSDT",Bảng A tổ hợp kích hoạt + xác nhận,1
2026-10-10T01:29:39+00:00,N4a,N4a-i035>i031+i101|--nohtf,i035>i031+i101|-,False,mặc định (quy đổi M15),train,"BTCUSDT,ETHUSDT,BNBUSDT,SOLUSDT,XRPUSDT",Bảng A tổ hợp kích hoạt + xác nhận,1
2026-10-10T01:29:39+00:00,N4a,N4a-i035>i031+i101|--htf,i035>i031+i101|-,True,mặc định (quy đổi M15),train,"BTCUSDT,ETHUSDT,BNBUSDT,SOLUSDT,XRPUSDT",Bảng A tổ hợp kích hoạt + xác nhận,1
2026-10-10T01:29:39+00:00,N4a,N4a-i035>i031+i101|i064-nohtf,i035>i031+i101|i064,False,mặc định (quy đổi M15),train,"BTCUSDT,ETHUSDT,BNBUSDT,SOLUSDT,XRPUSDT",Bảng A tổ hợp kích hoạt + xác nhận,1
2026-10-10T01:29:39+00:00,N4a,N4a-i035>i031+i101|i064-htf,i035>i031+i101|i064,True,mặc định (quy đổi M15),train,"BTCUSDT,ETHUSDT,BNBUSDT,SOLUSDT,XRPUSDT",Bảng A tổ hợp kích hoạt + xác nhận,1
2026-10-10T01:29:39+00:00,N4a,N4a-i035>i031+i030|--nohtf,i035>i031+i030|-,False,mặc định (quy đổi M15),train,"BTCUSDT,ETHUSDT,BNBUSDT,SOLUSDT,XRPUSDT",Bảng A tổ hợp kích hoạt + xác nhận,1
2026-10-10T01:29:39+00:00,N4a,N4a-i035>i031+i030|--htf,i035>i031+i030|-,True,mặc định (quy đổi M15),train,"BTCUSDT,ETHUSDT,BNBUSDT,SOLUSDT,XRPUSDT",Bảng A tổ hợp kích hoạt + xác nhận,1
2026-10-10T01:29:39+00:00,N4a,N4a-i035>i031+i030|i064-nohtf,i035>i031+i030|i064,False,mặc định (quy đổi M15),train,"BTCUSDT,ETHUSDT,BNBUSDT,SOLUSDT,XRPUSDT",Bảng A tổ hợp kích hoạt + xác nhận,1
2026-10-10T01:29:39+00:00,N4a,N4a-i035>i031+i030|i064-htf,i035>i031+i030|i064,True,mặc định (quy đổi M15),train,"BTCUSDT,ETHUSDT,BNBUSDT,SOLUSDT,XRPUSDT",Bảng A tổ hợp kích hoạt + xác nhận,1
2026-10-10T01:29:39+00:00,N4a,N4a-i035>i031+i018|--nohtf,i035>i031+i018|-,False,mặc định (quy đổi M15),train,"BTCUSDT,ETHUSDT,BNBUSDT,SOLUSDT,XRPUSDT",Bảng A tổ hợp kích hoạt + xác nhận,1
2026-10-10T01:29:39+00:00,N4a,N4a-i035>i031+i018|--htf,i035>i031+i018|-,True,mặc định (quy đổi M15),train,"BTCUSDT,ETHUSDT,BNBUSDT,SOLUSDT,XRPUSDT",Bảng A tổ hợp kích hoạt + xác nhận,1
2026-10-10T01:29:39+00:00,N4a,N4a-i035>i031+i018|i064-nohtf,i035>i031+i018|i064,False,mặc định (quy đổi M15),train,"BTCUSDT,ETHUSDT,BNBUSDT,SOLUSDT,XRPUSDT",Bảng A tổ hợp kích hoạt + xác nhận,1
2026-10-10T01:29:39+00:00,N4a,N4a-i035>i031+i018|i064-htf,i035>i031+i018|i064,True,mặc định (quy đổi M15),train,"BTCUSDT,ETHUSDT,BNBUSDT,SOLUSDT,XRPUSDT",Bảng A tổ hợp kích hoạt + xác nhận,1
2026-10-10T01:29:39+00:00,N4a,N4a-i035>i101+i030|--nohtf,i035>i101+i030|-,False,mặc định (quy đổi M15),train,"BTCUSDT,ETHUSDT,BNBUSDT,SOLUSDT,XRPUSDT",Bảng A tổ hợp kích hoạt + xác nhận,1
2026-10-10T01:29:39+00:00,N4a,N4a-i035>i101+i030|--htf,i035>i101+i030|-,True,mặc định (quy đổi M15),train,"BTCUSDT,ETHUSDT,BNBUSDT,SOLUSDT,XRPUSDT",Bảng A tổ hợp kích hoạt + xác nhận,1
2026-10-10T01:29:39+00:00,N4a,N4a-i035>i101+i030|i064-nohtf,i035>i101+i030|i064,False,mặc định (quy đổi M15),train,"BTCUSDT,ETHUSDT,BNBUSDT,SOLUSDT,XRPUSDT",Bảng A tổ hợp kích hoạt + xác nhận,1
2026-10-10T01:29:39+00:00,N4a,N4a-i035>i101+i030|i064-htf,i035>i101+i030|i064,True,mặc định (quy đổi M15),train,"BTCUSDT,ETHUSDT,BNBUSDT,SOLUSDT,XRPUSDT",Bảng A tổ hợp kích hoạt + xác nhận,1
2026-10-10T01:29:39+00:00,N4a,N4a-i035>i101+i018|--nohtf,i035>i101+i018|-,False,mặc định (quy đổi M15),train,"BTCUSDT,ETHUSDT,BNBUSDT,SOLUSDT,XRPUSDT",Bảng A tổ hợp kích hoạt + xác nhận,1
2026-10-10T01:29:39+00:00,N4a,N4a-i035>i101+i018|--htf,i035>i101+i018|-,True,mặc định (quy đổi M15),train,"BTCUSDT,ETHUSDT,BNBUSDT,SOLUSDT,XRPUSDT",Bảng A tổ hợp kích hoạt + xác nhận,1
2026-10-10T01:29:39+00:00,N4a,N4a-i035>i101+i018|i064-nohtf,i035>i101+i018|i064,False,mặc định (quy đổi M15),train,"BTCUSDT,ETHUSDT,BNBUSDT,SOLUSDT,XRPUSDT",Bảng A tổ hợp kích hoạt + xác nhận,1
2026-10-10T01:29:39+00:00,N4a,N4a-i035>i101+i018|i064-htf,i035>i101+i018|i064,True,mặc định (quy đổi M15),train,"BTCUSDT,ETHUSDT,BNBUSDT,SOLUSDT,XRPUSDT",Bảng A tổ hợp kích hoạt + xác nhận,1
2026-10-10T01:29:39+00:00,N4a,N4a-i035>i030+i018|--nohtf,i035>i030+i018|-,False,mặc định (quy đổi M15),train,"BTCUSDT,ETHUSDT,BNBUSDT,SOLUSDT,XRPUSDT",Bảng A tổ hợp kích hoạt + xác nhận,1
2026-10-10T01:29:39+00:00,N4a,N4a-i035>i030+i018|--htf,i035>i030+i018|-,True,mặc định (quy đổi M15),train,"BTCUSDT,ETHUSDT,BNBUSDT,SOLUSDT,XRPUSDT",Bảng A tổ hợp kích hoạt + xác nhận,1
2026-10-10T01:29:39+00:00,N4a,N4a-i035>i030+i018|i064-nohtf,i035>i030+i018|i064,False,mặc định (quy đổi M15),train,"BTCUSDT,ETHUSDT,BNBUSDT,SOLUSDT,XRPUSDT",Bảng A tổ hợp kích hoạt + xác nhận,1
2026-10-10T01:29:39+00:00,N4a,N4a-i035>i030+i018|i064-htf,i035>i030+i018|i064,True,mặc định (quy đổi M15),train,"BTCUSDT,ETHUSDT,BNBUSDT,SOLUSDT,XRPUSDT",Bảng A tổ hợp kích hoạt + xác nhận,1
