rule_id,feature,symbol,H,ic_train,t_train,days_train,ic_val,t_val,days_val,p_train,p_val_same_sign,coins_same_sign_val,fdr_train,val_confirm
U0000,ret_5_z,BTCUSDT,60,-0.021610680545822644,-4.8900990694487065,437,-0.010895119220868148,-1.260987081193391,145,1.0078524028719906e-06,0.10365675083801851,,True,False
U0001,ret_5_z,ETHUSDT,60,-0.021376318268565758,-4.31465843725345,437,-0.003512609062103048,-0.3706791060528583,145,1.5984985799361834e-05,0.35543827718311877,,True,False
U0002,ret_5_z,BNBUSDT,60,-0.005316577080711654,-0.9114915794013541,437,0.0014479777451294408,0.19084140909138458,145,0.3620364203860771,0.575675077451791,,False,False
U0003,ret_5_z,SOLUSDT,60,-0.007301238272001247,-1.3938264798791407,437,-0.004798445730628415,-0.5347235497415795,145,0.16337000980976046,0.2964205172659446,,False,False
U0004,ret_5_z,XRPUSDT,60,-0.01262238534798021,-2.7731051537399876,437,-0.00037509679541852537,-0.04328608641186948,145,0.005552417581583528,0.4827367411311251,,False,False
U0005,ret_5_z,ALL,60,-0.013645439903016303,-3.830438218551379,437,-0.0036266586127777388,-0.5253642616851353,145,0.00012791524827154849,0.2996649963115514,4.0,True,False
U0006,ret_15_z,BTCUSDT,60,-0.03346668560265427,-8.83366465702334,437,-0.03532151947459511,-5.592496925010425,145,1.0130103904847197e-18,1.1191355972998395e-08,,True,True
U0007,ret_15_z,ETHUSDT,60,-0.03134787802176572,-7.328125522166509,437,-0.03182005646569538,-5.914377191697201,145,2.333940728902108e-13,1.6656684156380586e-09,,True,True
U0008,ret_15_z,BNBUSDT,60,-0.021171539300554758,-4.42355050021195,437,-0.02701976274023396,-3.157529033543499,145,9.709192343389911e-06,0.0007955619563475124,,True,True
U0009,ret_15_z,SOLUSDT,60,-0.02260579151416159,-5.137800841518758,437,-0.024490522142714438,-3.4670441627111326,145,2.7797224420518556e-07,0.000263107713167205,,True,True
U0010,ret_15_z,XRPUSDT,60,-0.03253109349504964,-8.169703934869576,437,-0.02339438219295516,-2.5398844697603815,145,3.091471839701873e-16,0.005544454586339134,,True,True
U0011,ret_15_z,ALL,60,-0.02822459758683719,-8.942574187773047,437,-0.028409248603238804,-4.619841243001257,145,3.802084130354845e-19,1.920168891420011e-06,5.0,True,True
U0012,ret_30_z,BTCUSDT,60,-0.035026898950681305,-6.750679664280243,437,-0.04099422231594026,-4.745051214515007,145,1.471541723808993e-11,1.0422679383041667e-06,,True,True
U0013,ret_30_z,ETHUSDT,60,-0.034163197916990684,-5.050853711923726,437,-0.03730280011329629,-4.326412801083147,145,4.3983982965158715e-07,7.577863846794409e-06,,True,True
U0014,ret_30_z,BNBUSDT,60,-0.021499435321743175,-4.0411407008001445,437,-0.03258567308487634,-2.8584145501708034,145,5.3191830698533716e-05,0.002128818813934832,,True,True
U0015,ret_30_z,SOLUSDT,60,-0.02203191824622173,-3.513634574558932,437,-0.02836312522915297,-3.480859410346713,145,0.00044202044538200526,0.0002499038805056169,,True,True
U0016,ret_30_z,XRPUSDT,60,-0.038093008172021936,-7.509299443325305,437,-0.019521616547047878,-1.8048569899116789,145,5.944461202474428e-14,0.03554853182992772,,True,True
U0017,ret_30_z,ALL,60,-0.03016289172153177,-6.726782356660857,437,-0.03175348745806275,-3.9893169959960706,145,1.7345588507891668e-11,3.313190956290057e-05,5.0,True,True
U0018,ret_60_z,BTCUSDT,60,-0.030199961289872092,-4.506445103315379,437,-0.03273800546249845,-3.7357916537285254,145,6.592273037318613e-06,9.356277797738193e-05,,True,True
U0019,ret_60_z,ETHUSDT,60,-0.024599977379435197,-3.026905526135993,437,-0.03923050113516926,-3.8091231992067502,145,0.002470711646426917,6.973023016694003e-05,,True,True
U0020,ret_60_z,BNBUSDT,60,-0.024193160013670962,-3.2892876639620314,437,-0.022718304281336952,-1.7307641336519302,145,0.0010044131069914695,0.04174692065609309,,True,True
U0021,ret_60_z,SOLUSDT,60,-0.016507072153769575,-2.1349139690071506,437,-0.026303893279219333,-3.006326805074341,145,0.03276803807540534,0.0013221231995389523,,False,True
U0022,ret_60_z,XRPUSDT,60,-0.036109301864260215,-5.583526304665202,437,-0.021281829032156616,-1.6094673917518088,145,2.3569011066034147e-08,0.05375708980724293,,True,False
U0023,ret_60_z,ALL,60,-0.026321894540201608,-4.7172402271726845,437,-0.02845450663807612,-3.243269445311451,145,2.390653517184166e-06,0.0005908320160636966,5.0,True,True
U0024,ret_240_z,BTCUSDT,60,-0.01933628639209842,-2.5433048424424975,437,-0.038143976010574135,-3.321911879958474,145,0.010980937985487993,0.000447014619033856,,False,True
U0025,ret_240_z,ETHUSDT,60,-0.01435417056158453,-1.8030979289767417,437,-0.038202387649831714,-3.5412550982243842,145,0.07137283636293534,0.0001991141780096387,,False,True
U0026,ret_240_z,BNBUSDT,60,-0.026598463084691628,-3.6632773245617756,437,-0.028197503224602377,-2.27681259589874,145,0.00024900869043064755,0.011398709512382197,,True,True
U0027,ret_240_z,SOLUSDT,60,-0.009984639697168082,-1.429075800236822,437,-0.022386485693264156,-1.5591864737979833,145,0.1529824481365952,0.05947612566104327,,False,False
U0028,ret_240_z,XRPUSDT,60,-0.02724213258171916,-3.1628730995013288,437,-0.0077831862581823705,-0.5119160179306355,145,0.0015622041263792944,0.3043548936018732,,True,False
U0029,ret_240_z,ALL,60,-0.019503138463452363,-3.4812098163959146,437,-0.026942707767290953,-2.578968336116928,145,0.0004991543178090097,0.004954793477594495,5.0,True,True
U0030,ret_1440_z,BTCUSDT,60,-0.04345994433650249,-5.309248493748301,437,-0.02776481318966822,-3.1734312762388197,145,1.1007816811597521e-07,0.0007532428093845942,,True,True
U0031,ret_1440_z,ETHUSDT,60,-0.041117244208693074,-4.270474509868552,437,-0.022974643804805774,-2.163839643915722,145,1.950575148743179e-05,0.01523832920384044,,True,True
U0032,ret_1440_z,BNBUSDT,60,-0.042522294995936724,-5.390596831348884,437,-0.01999522797508505,-1.6692051557884002,145,7.022406375968646e-08,0.04753836434210794,,True,True
U0033,ret_1440_z,SOLUSDT,60,-0.02763333187408547,-3.454246242861984,437,-0.024210634870683905,-2.0455736318573567,145,0.0005518332633250477,0.020399168971141027,,True,True
U0034,ret_1440_z,XRPUSDT,60,-0.02086897091070331,-2.5176382467935157,437,-0.02898396196904554,-2.0616534677853844,145,0.011814459470054462,0.01962036983775918,,False,True
U0035,ret_1440_z,ALL,60,-0.03512035726518421,-5.954515178527536,437,-0.0247858563618577,-2.8441259768739284,145,2.6084392085299885e-09,0.0022266718269522098,5.0,True,True
U0036,pos_range_60,BTCUSDT,60,-0.04038707554779598,-6.742457436639557,437,-0.042021244113468054,-4.942389733572709,145,1.5572987169293534e-11,3.858537659788902e-07,,True,True
U0037,pos_range_60,ETHUSDT,60,-0.03322911414001938,-4.5778148298431764,437,-0.02803554955612899,-2.874922105176318,145,4.69858321812811e-06,0.0020206359262087206,,True,True
U0038,pos_range_60,BNBUSDT,60,-0.018891859940273318,-2.7982428886530526,437,-0.029444088848696086,-2.1623068565813623,145,0.005138145846187706,0.015297265788411268,,False,True
U0039,pos_range_60,SOLUSDT,60,-0.018779915965512293,-2.8606066900379696,437,-0.023917514012685815,-3.012181711837847,145,0.004228312550140293,0.0012968864126189918,,False,True
U0040,pos_range_60,XRPUSDT,60,-0.02995988789866582,-5.676570340491009,437,-0.018008947066749083,-1.5808478081363968,145,1.3742206181023879e-08,0.05695642013888068,,True,False
U0041,pos_range_60,ALL,60,-0.02824957069845336,-5.991082789031741,437,-0.028285468719545605,-3.558234901529643,145,2.084484854134468e-09,0.00018667767530713462,5.0,True,True
U0042,pos_range_240,BTCUSDT,60,-0.036100322711393275,-5.4485304560234935,437,-0.05977648869711659,-6.747806804576299,145,5.078769556504437e-08,7.504830848056248e-12,,True,True
U0043,pos_range_240,ETHUSDT,60,-0.02238100476223424,-2.8385545277835718,437,-0.06076312040321062,-6.239605919403221,145,0.004531837563722048,2.1933731680218385e-10,,False,True
U0044,pos_range_240,BNBUSDT,60,-0.02678906204783012,-3.401196915028256,437,-0.034822926880345606,-2.9962063191089667,145,0.0006709148026066132,0.0013668070484239734,,True,True
U0045,pos_range_240,SOLUSDT,60,-0.01920706014649499,-2.7419550005308144,437,-0.0360869940167102,-3.2561851075727324,145,0.00610747080131478,0.0005646005360922518,,False,True
U0046,pos_range_240,XRPUSDT,60,-0.0355780142723738,-4.203473742869741,437,-0.0425897851608821,-2.8966923980727666,145,2.6284965538522136e-05,0.0018855966015815496,,True,True
U0047,pos_range_240,ALL,60,-0.028011092788065288,-5.219043398627208,437,-0.046807863031653026,-5.4067365683469575,145,1.798496210362824e-07,3.2091717913565406e-08,5.0,True,True
U0048,dist_high_240_z,BTCUSDT,60,-0.0386641831744274,-5.565554144738259,437,-0.06566167494851056,-5.558069419476244,145,2.6132062362972182e-08,1.3638745108103793e-08,,True,True
U0049,dist_high_240_z,ETHUSDT,60,-0.030941109202239483,-3.9122771363554723,437,-0.06980053556633503,-5.107917831865274,145,9.142990146256475e-05,1.6286411566354477e-07,,True,True
U0050,dist_high_240_z,BNBUSDT,60,-0.03621066952477609,-4.474981752364935,437,-0.038673478189545946,-2.939018723038347,145,7.641783883458847e-06,0.0016462659175652935,,True,True
U0051,dist_high_240_z,SOLUSDT,60,-0.025186778728371852,-3.4841077831008813,437,-0.04420361809701152,-3.231481736444931,145,0.0004937805945222592,0.0006157509681631593,,True,True
U0052,dist_high_240_z,XRPUSDT,60,-0.039268447319186606,-4.85164357429577,437,-0.042231514850213356,-2.6013333470811917,145,1.2244252310112562e-06,0.004643108572843295,,True,True
U0053,dist_high_240_z,ALL,60,-0.034054237589800286,-6.040384666090801,437,-0.05211416433032328,-4.629381045665693,145,1.537472490614514e-09,1.8338016880860767e-06,5.0,True,True
U0054,dist_low_240_z,BTCUSDT,60,-0.02018878435669618,-2.8512124352001367,437,-0.03071544031096289,-2.74405718453618,145,0.004355286105685587,0.003034248284407183,,False,True
U0055,dist_low_240_z,ETHUSDT,60,-0.008331507201388682,-1.0698779676424497,437,-0.028414633101177672,-2.8085926932304544,145,0.2846742414870632,0.0024879277880099078,,False,True
U0056,dist_low_240_z,BNBUSDT,60,-0.012003636172689059,-1.4435085341595906,437,-0.0154943999154952,-1.3575651373640738,145,0.14887727017707542,0.08730085577057445,,False,False
U0057,dist_low_240_z,SOLUSDT,60,-0.005947295521207552,-0.8306260464183957,437,-0.011214389968190783,-1.1143420881860084,145,0.40618491588936034,0.1325662287308123,,False,False
U0058,dist_low_240_z,XRPUSDT,60,-0.023461865622657327,-2.5622510650214374,437,-0.02497496371051809,-1.7208876269283175,145,0.010399611015738334,0.04263560862360468,,False,True
U0059,dist_low_240_z,ALL,60,-0.013986617774927762,-2.6100032798686725,437,-0.02216276540126893,-2.5305045753230013,145,0.00905413545669801,0.005694929971457742,5.0,False,True
U0060,pos_range_1440,BTCUSDT,60,-0.0423638166990219,-6.597408122413249,437,-0.027762455104626375,-3.3549176025069434,145,4.184078175710763e-11,0.0003969431366843145,,True,True
U0061,pos_range_1440,ETHUSDT,60,-0.0344323036775747,-4.226747555249885,437,-0.03512399098437383,-3.5772059068367823,145,2.3709340547701956e-05,0.00017364330221155734,,True,True
U0062,pos_range_1440,BNBUSDT,60,-0.03922831660626871,-5.3532290291881575,437,-0.020153026729395625,-1.8559769776173451,145,8.63983791296577e-08,0.03172841982460202,,True,True
U0063,pos_range_1440,SOLUSDT,60,-0.023842049663663906,-3.895913457102388,437,-0.013718604108494974,-0.9918129721906255,145,9.782931898408019e-05,0.16064438422862726,,True,False
U0064,pos_range_1440,XRPUSDT,60,-0.026001389518387957,-3.506205848824101,437,-0.015187708836215195,-1.060452240589482,145,0.00045454353800188264,0.1444694533196979,,True,False
U0065,pos_range_1440,ALL,60,-0.033173575232983435,-6.533614323544073,437,-0.022389157152621197,-2.760969998467209,145,6.420114473028439e-11,0.0028814985066904614,5.0,True,True
U0066,dist_high_1440_z,BTCUSDT,60,-0.0433606547424101,-5.971995485677692,437,-0.028667891926600013,-3.122039800913275,145,2.3436901798257794e-09,0.0008980132795988367,,True,True
U0067,dist_high_1440_z,ETHUSDT,60,-0.029252997307223836,-4.060577302644177,437,-0.021051794030259623,-1.9268859595342382,145,4.895152602302357e-05,0.02699692182541501,,True,True
U0068,dist_high_1440_z,BNBUSDT,60,-0.03932723391398259,-5.696552770881207,437,-0.01923639462716907,-1.9649347747543113,145,1.2225406336713423e-08,0.02471089361873495,,True,True
U0069,dist_high_1440_z,SOLUSDT,60,-0.02222713209561694,-3.2946889257606125,437,-0.016083017774769406,-1.0619572889657172,145,0.0009853068664809998,0.14412753768561842,,True,False
U0070,dist_high_1440_z,XRPUSDT,60,-0.030973893337610033,-3.85943306439492,437,-0.01544128547603983,-1.025361854614881,145,0.00011365038034558842,0.15259623994398225,,True,False
U0071,dist_high_1440_z,ALL,60,-0.03302838227936869,-6.1990031691337935,437,-0.020096076766967588,-2.3480247496657856,145,5.682188790300445e-10,0.009436633589053629,5.0,True,True
U0072,dist_low_1440_z,BTCUSDT,60,-0.03151682927086075,-4.280242600485071,437,-0.026164286552980896,-2.3713952255314856,145,1.866896953640241e-05,0.008860535119812406,,True,True
U0073,dist_low_1440_z,ETHUSDT,60,-0.031700644009339446,-3.475014466041606,437,-0.04681986918514787,-4.257699159293421,145,0.0005108258030488634,1.0327081722523955e-05,,True,True
U0074,dist_low_1440_z,BNBUSDT,60,-0.03331610367335556,-3.9865317647774954,437,-0.02386108126890905,-1.6329410730752143,145,6.704615525701083e-05,0.05124069532123515,,True,False
U0075,dist_low_1440_z,SOLUSDT,60,-0.022737608283537648,-3.325755265893416,437,-0.008509328477122961,-0.5334613241241609,145,0.0008817931572357151,0.29685713840419603,,True,False
U0076,dist_low_1440_z,XRPUSDT,60,-0.014180437820599162,-1.9719476576579442,437,-0.011372892344468354,-0.7594781535685801,145,0.04861558205511925,0.2237832888612264,,False,False
U0077,dist_low_1440_z,ALL,60,-0.026690324611538505,-4.87103566643724,437,-0.023345491565725827,-2.148601640332006,145,1.1101479584902808e-06,0.015832995776208336,5.0,True,True
U0078,body_15,BTCUSDT,60,-0.02029998940836442,-5.318512477531902,437,-0.017184537085685635,-2.353663370255474,145,1.0461904670406628e-07,0.00929471858656228,,True,True
U0079,body_15,ETHUSDT,60,-0.018808606293983867,-4.490987492118026,437,-0.0045921703483083765,-0.7793120307271015,145,7.089371480410339e-06,0.2178979647219073,,True,False
U0080,body_15,BNBUSDT,60,-0.009197397403754188,-1.9878676433173588,437,-0.007451713730871393,-0.8303742107127888,145,0.04682633013569713,0.20316362095370305,,False,False
U0081,body_15,SOLUSDT,60,-0.01161553223475041,-2.6654772592465283,437,-0.013324464106045715,-1.663562722215552,145,0.007687913106367838,0.04809992334176335,,False,True
U0082,body_15,XRPUSDT,60,-0.022804497306744925,-5.675915641590756,437,-0.011435784361839165,-1.2040380433737063,145,1.3794875228674587e-08,0.11428743738218389,,True,False
U0083,body_15,ALL,60,-0.01654520452951956,-5.508985879815045,437,-0.01079773392655006,-1.8723154543419764,145,3.609068519567868e-08,0.030581486966406564,5.0,True,True
U0084,uwick_15,BTCUSDT,60,0.011678176984919615,1.9307462133882882,437,-0.007893936313858617,-0.8179355639731419,145,0.05351444485301961,0.7933030091580068,,False,False
U0085,uwick_15,ETHUSDT,60,0.004965050413850381,0.9510868247695542,437,-0.007508656409528016,-0.7969303750936301,145,0.3415603023634567,0.7872542656571349,,False,False
U0086,uwick_15,BNBUSDT,60,-0.0016398352095657888,-0.27035960712869767,437,-0.010166087229393836,-0.9361090542161387,145,0.7868836121699084,0.1746085208756175,,False,False
U0087,uwick_15,SOLUSDT,60,-0.00338439932805747,-0.7754195341227209,437,-0.01748084841493241,-1.5998306877866497,145,0.4380917960308489,0.05481807449550502,,False,False
U0088,uwick_15,XRPUSDT,60,0.0067987243690173504,1.4451363032584394,437,-0.021068922511707437,-1.8194370911334792,145,0.1484196036335689,0.9655776138691936,,False,False
U0089,uwick_15,ALL,60,0.003683543446032819,1.019944114012312,437,-0.012823690175884061,-1.416941672621972,145,0.30775496620760556,0.9217500093292784,0.0,False,False
U0090,lwick_15,BTCUSDT,60,-0.002706767712871494,-0.4857683390516718,437,0.007909125589430679,0.7106842615944082,145,0.6271314245074089,0.7613600427097076,,False,False
U0091,lwick_15,ETHUSDT,60,-0.0008675920895806732,-0.14940253436175446,437,0.010882542681275748,1.24486155539801,145,0.8812360120448394,0.8934086776902938,,False,False
U0092,lwick_15,BNBUSDT,60,0.010417124416146447,1.7599877363971257,437,0.011754983250063016,1.0554521975342182,145,0.07840988592466187,0.14560928051240285,,False,False
U0093,lwick_15,SOLUSDT,60,0.006330650770374127,1.432153085055378,437,0.0017452403672967198,0.20567315040708803,145,0.1521000148823746,0.4185231165129656,,False,False
U0094,lwick_15,XRPUSDT,60,0.00955653727874701,1.674729038334847,437,0.004161781652643319,0.5714475495731961,145,0.09398740730315194,0.2838481524284153,,False,False
U0095,lwick_15,ALL,60,0.004545990532563084,1.2119377771125637,437,0.007290734708141898,1.0577529098439549,145,0.22553619995993057,0.14508405324033524,5.0,False,False
U0096,streak,BTCUSDT,60,0.005580297095857727,1.372145510185392,437,0.010128310024385353,1.2800189446547405,145,0.17001814434129892,0.10026923662597942,,False,False
U0097,streak,ETHUSDT,60,0.003880838058909941,0.798769699943124,437,0.021904934289692174,2.318683219670451,145,0.4244239629601976,0.010206109522098961,,False,True
U0098,streak,BNBUSDT,60,0.01052458350712428,2.3349378208463207,437,0.018476662949191255,2.372749168798462,145,0.019546669221603728,0.00882812485725666,,False,True
U0099,streak,SOLUSDT,60,0.009684686441631752,2.1182780087314446,437,0.009440033431626835,0.9558112444194138,145,0.03415152995260067,0.1695838031861413,,False,False
U0100,streak,XRPUSDT,60,0.008260721671340277,1.6609861006351734,437,0.018932482073592976,1.669323548477359,145,0.09671623827738912,0.04752663789530915,,False,True
U0101,streak,ALL,60,0.0075862253549727945,2.6412600323266244,437,0.01577648455369772,2.2099063735024393,145,0.00825982970438139,0.01355583040993993,5.0,False,True
U0102,ema_dist_20_z,BTCUSDT,60,-0.03538257188113665,-8.084837986727651,437,-0.036761057298630086,-4.240387794342195,145,6.224688900953116e-16,1.1156697730296216e-05,,True,True
U0103,ema_dist_20_z,ETHUSDT,60,-0.030584408717057813,-5.397308693399792,437,-0.027946699586953967,-3.709514371978717,145,6.764794179230542e-08,0.00010382858503188303,,True,True
U0104,ema_dist_20_z,BNBUSDT,60,-0.014797663867188874,-2.6128885774680453,437,-0.026680669366691175,-2.5326523649765873,145,0.008978056700119204,0.005660157978754767,,False,True
U0105,ema_dist_20_z,SOLUSDT,60,-0.01918669206049975,-3.789617938648026,437,-0.026303732248624968,-3.4570322729301255,145,0.00015087916457235553,0.0002730797183142349,,True,True
U0106,ema_dist_20_z,XRPUSDT,60,-0.0288520620926793,-6.344796241724966,437,-0.021914320420590123,-2.185673245261075,145,2.2272002414306298e-10,0.01441975982652936,,True,True
U0107,ema_dist_20_z,ALL,60,-0.025760679723712484,-7.092276756411613,437,-0.027921295784298063,-3.7923338790104593,145,1.3192334934951405e-12,7.461904018947409e-05,5.0,True,True
U0108,ema_dist_60_z,BTCUSDT,60,-0.038936647585056335,-6.7757027134595065,437,-0.04591021087051933,-5.338102301501117,145,1.2380301896082395e-11,4.696223069908775e-08,,True,True
U0109,ema_dist_60_z,ETHUSDT,60,-0.0344022231145355,-4.518133185678664,437,-0.045538289294370864,-4.7351457697048875,145,6.238723904367505e-06,1.0944885627243547e-06,,True,True
U0110,ema_dist_60_z,BNBUSDT,60,-0.02508870884456554,-3.78573286980048,437,-0.03322411917873331,-2.5456863540083794,145,0.00015325623909910125,0.005453156637462671,,True,True
U0111,ema_dist_60_z,SOLUSDT,60,-0.020275760891510997,-3.1309825714047883,437,-0.030272657132991605,-3.5852435065430304,145,0.0017422249968087782,0.0001683819194686492,,True,True
U0112,ema_dist_60_z,XRPUSDT,60,-0.03945163538137607,-7.160739377260375,437,-0.02967080882011956,-2.325172840781692,145,8.024307723879597e-13,0.01003135998860856,,True,True
U0113,ema_dist_60_z,ALL,60,-0.031630995163408886,-6.572548792354185,437,-0.03692321705934693,-4.2441942299978255,145,4.946117140442397e-11,1.0969013861630993e-05,5.0,True,True
U0114,ema_dist_240_z,BTCUSDT,60,-0.03405032574298718,-4.944321372929087,437,-0.05580131843909699,-7.0835263775318005,145,7.64095654613182e-07,7.026581429376384e-13,,True,True
U0115,ema_dist_240_z,ETHUSDT,60,-0.026201905386757332,-3.097644491853418,437,-0.05719377246238609,-5.9629270475903215,145,0.001950652776551446,1.2387952827802833e-09,,True,True
U0116,ema_dist_240_z,BNBUSDT,60,-0.03315536885123949,-4.192869369682088,437,-0.03699319650147428,-3.120793132398584,145,2.754480725710188e-05,0.0009018234417132292,,True,True
U0117,ema_dist_240_z,SOLUSDT,60,-0.016907365523150975,-2.4446426578019245,437,-0.03808129916187295,-3.2199837748934503,145,0.014499572476163312,0.0006409892613408432,,False,True
U0118,ema_dist_240_z,XRPUSDT,60,-0.03893342208344502,-4.9200772008959754,437,-0.031198531234651324,-2.0615732366906814,145,8.651008310602203e-07,0.019624192120479222,,True,True
U0119,ema_dist_240_z,ALL,60,-0.029849677517515997,-5.252933657176935,437,-0.043853623559896325,-4.985143808895832,145,1.496954684539098e-07,3.0957871765599144e-07,5.0,True,True
U0120,ema_dist_1440_z,BTCUSDT,60,-0.02995007518036852,-4.167801224778308,437,-0.04144486985478942,-4.612923731721094,145,3.075519452221129e-05,1.9852201107680623e-06,,True,True
U0121,ema_dist_1440_z,ETHUSDT,60,-0.025759471293324985,-2.972801677738009,437,-0.034873464212919404,-3.6547669038334996,145,0.0029509505621276777,0.0001287078728920493,,True,True
U0122,ema_dist_1440_z,BNBUSDT,60,-0.04238435174374122,-5.64620683259572,437,-0.03566271644489742,-3.0993855545737903,145,1.640264959078348e-08,0.0009696124080497384,,True,True
U0123,ema_dist_1440_z,SOLUSDT,60,-0.012602609387605207,-1.8003919790270708,437,-0.024756257115123234,-2.040981691723482,145,0.0717987664447238,0.020626323460428444,,False,True
U0124,ema_dist_1440_z,XRPUSDT,60,-0.02553688622267796,-3.3762575540208144,437,-0.024394875672779467,-1.4460513813235483,145,0.0007347909985005726,0.07408139543337114,,True,False
U0125,ema_dist_1440_z,ALL,60,-0.027246678765543573,-4.9330528724620555,437,-0.03222643666010179,-3.8249070731319517,145,8.095422983394463e-07,6.541071094506082e-05,5.0,True,True
U0126,ema_slope_60_z,BTCUSDT,60,-0.02897756760850224,-4.490172795913659,437,-0.03871231161599238,-4.381948089548519,145,7.116541787606459e-06,5.88114188660816e-06,,True,True
U0127,ema_slope_60_z,ETHUSDT,60,-0.024059665542194342,-2.9777237933737735,437,-0.044446517415471044,-4.229950915805243,145,0.0029039755348775715,1.1687115376143552e-05,,True,True
U0128,ema_slope_60_z,BNBUSDT,60,-0.023728075114463447,-3.317705146244582,437,-0.03278621883743101,-2.5023439358761514,145,0.0009076023875749064,0.006168700292451285,,True,True
U0129,ema_slope_60_z,SOLUSDT,60,-0.015559421975590198,-2.253820876968595,437,-0.02611085871109061,-2.7483743251142516,145,0.024207438889147132,0.0029945794988781842,,False,True
U0130,ema_slope_60_z,XRPUSDT,60,-0.03568730049900645,-5.859586977400738,437,-0.030313332856756362,-2.2545079415186535,145,4.640198011007959e-09,0.012082115817897705,,True,True
U0131,ema_slope_60_z,ALL,60,-0.02560240614795134,-4.850359522938133,437,-0.03447384788734829,-3.733004958965479,145,1.2323788969245925e-06,9.46044340250219e-05,5.0,True,True
U0132,ema_cross_20_60_z,BTCUSDT,60,-0.03183980673968385,-4.821890016506295,437,-0.04183860171616788,-4.623743490853629,145,1.4220435079244506e-06,1.8843793625355645e-06,,True,True
U0133,ema_cross_20_60_z,ETHUSDT,60,-0.02632800373449066,-3.1755794928788172,437,-0.0482466917513994,-4.479147536341808,145,0.0014953754423629733,3.747086211957365e-06,,True,True
U0134,ema_cross_20_60_z,BNBUSDT,60,-0.026472250541151814,-3.5464206496386157,437,-0.033557549756509104,-2.490689560435833,145,0.0003905023256463128,0.0063747732162879435,,True,True
U0135,ema_cross_20_60_z,SOLUSDT,60,-0.017463853429568833,-2.4519941729885133,437,-0.029512015102588045,-3.051016224971927,145,0.01420669625074455,0.0011403412500592548,,False,True
U0136,ema_cross_20_60_z,XRPUSDT,60,-0.03814697568764641,-5.950718358118805,437,-0.03234734561096604,-2.3215588545837145,145,2.6696813754233616e-09,0.010128350784009773,,True,True
U0137,ema_cross_20_60_z,ALL,60,-0.02805017802650831,-5.14892832798423,437,-0.03710044078752609,-3.923793771527258,145,2.619789550849923e-07,4.3582679599819796e-05,5.0,True,True
U0138,adx_60,BTCUSDT,60,0.0014789648130085849,0.1871201796089837,437,0.006887403580467257,0.4345653608166424,145,0.8515664065569187,0.3319389713216081,,False,False
U0139,adx_60,ETHUSDT,60,0.001758758278582339,0.2058652545157074,437,-0.008343888815840092,-0.6015158378533153,145,0.8368961669623508,0.7262517668914723,,False,False
U0140,adx_60,BNBUSDT,60,0.014760461109860049,1.7812910980730443,437,-0.018992056360271813,-1.3171995474842884,145,0.07486490799664623,0.9061141272168218,,False,False
U0141,adx_60,SOLUSDT,60,0.013848656199836733,1.531909789493544,437,-0.0031074542392549006,-0.2887230823917095,145,0.12554469743351823,0.6136033512936964,,False,False
U0142,adx_60,XRPUSDT,60,0.004943455274566431,0.652167180011888,437,-0.011853630049239994,-1.0282802551293722,145,0.5142933297403447,0.8480909919100047,,False,False
U0143,adx_60,ALL,60,0.007358059135170828,1.3057954045681548,437,-0.007081925176827908,-0.7216219567820757,145,0.1916221432497316,0.7647365319992534,1.0,False,False
U0144,di_diff_60,BTCUSDT,60,-0.035684122833751705,-5.439651798797456,437,-0.055699475192293554,-7.007735694225764,145,5.338480611125584e-08,1.2110289525966081e-12,,True,True
U0145,di_diff_60,ETHUSDT,60,-0.031229769748619747,-4.002973529110117,437,-0.058546150896830476,-5.876795156290235,145,6.255130321491355e-05,2.09142638063122e-09,,True,True
U0146,di_diff_60,BNBUSDT,60,-0.036495982341802444,-4.558678262428119,437,-0.040055719512568165,-3.2506823398264655,145,5.147656070759318e-06,0.0005756420762015705,,True,True
U0147,di_diff_60,SOLUSDT,60,-0.022294098217803753,-3.2457642462070666,437,-0.04210661886831145,-3.404136585170578,145,0.0011713579879090255,0.0003318677774273371,,True,True
U0148,di_diff_60,XRPUSDT,60,-0.039939466430515526,-6.154476701930783,437,-0.04428913912135057,-3.4827916494337434,145,7.532579587267654e-10,0.0002481071952455609,,True,True
U0149,di_diff_60,ALL,60,-0.033128687914498633,-6.4569680466536985,437,-0.04813942071827085,-5.562937427227416,145,1.0682144081140958e-10,1.3263551398154755e-08,5.0,True,True
U0150,rsi_14,BTCUSDT,60,-0.03881273494791112,-8.380511818849612,437,-0.03884921355120945,-4.673348340059739,145,5.2698040481173345e-17,1.481642714860829e-06,,True,True
U0151,rsi_14,ETHUSDT,60,-0.03430154103380914,-5.677039072180187,437,-0.031100483003624547,-4.378216879657056,145,1.3704617830808888e-08,5.982712457473011e-06,,True,True
U0152,rsi_14,BNBUSDT,60,-0.017304042527591,-2.953244080611777,437,-0.02796273828209298,-2.6594661828510096,145,0.003144532219613465,0.0039132293241199495,,True,True
U0153,rsi_14,SOLUSDT,60,-0.01961496575948275,-3.6774579827024256,437,-0.028762571588595007,-3.7910490358512767,145,0.000235569864204211,7.500616515393514e-05,,True,True
U0154,rsi_14,XRPUSDT,60,-0.03103875300553575,-6.690319149019451,437,-0.02336972634540885,-2.383704077415065,145,2.2268440660655544e-11,0.008569689208197723,,True,True
U0155,rsi_14,ALL,60,-0.02821440745486595,-7.298728135341856,437,-0.030008946554186167,-4.229409546449653,145,2.9050061706304024e-13,1.171527308866924e-05,5.0,True,True
U0156,rsi_60,BTCUSDT,60,-0.0385659184668855,-6.070954945277384,437,-0.05422566493735587,-7.339304949859514,145,1.271518610434237e-09,1.0735295512324245e-13,,True,True
U0157,rsi_60,ETHUSDT,60,-0.031182373694911652,-3.8801055160931903,437,-0.05575024586054085,-6.14870692934406,145,0.00010441115956298191,3.905858253578895e-10,,True,True
U0158,rsi_60,BNBUSDT,60,-0.030065230058883126,-3.9523224338016023,437,-0.037478791703071175,-3.0353234942350693,145,7.739635705272377e-05,0.0012013890830900196,,True,True
U0159,rsi_60,SOLUSDT,60,-0.019463684414306646,-2.918570362264405,437,-0.03825359630844608,-4.126815845916381,145,0.0035164050593517954,1.8391035245821714e-05,,False,True
U0160,rsi_60,XRPUSDT,60,-0.0406298971911656,-6.149930142609729,437,-0.038657378575848056,-3.0005629347936735,145,7.751708148433088e-10,0.0013474052955546945,,True,True
U0161,rsi_60,ALL,60,-0.03198142076523051,-6.123575091280669,437,-0.044873135477052406,-5.5882256042030685,145,9.149870305982069e-10,1.1470074906733494e-08,5.0,True,True
U0162,macd_hist_z,BTCUSDT,60,-0.0080750156093975,-0.9074346619925935,437,-0.021059053173527555,-1.528787363636142,145,0.36417698658109654,0.06315858299590267,,False,False
U0163,macd_hist_z,ETHUSDT,60,-0.0060229536321611335,-0.6258125326935282,437,-0.030840442658171756,-2.5319735563355454,145,0.5314379105111086,0.005671127233853768,,False,True
U0164,macd_hist_z,BNBUSDT,60,-0.019567133275252713,-2.210666274467027,437,-0.018436319661499785,-1.4618821067379848,145,0.027058955624282222,0.07188675954364976,,False,False
U0165,macd_hist_z,SOLUSDT,60,-0.01057906940112705,-1.0940136983778672,437,-0.017912215177057524,-1.3471296823235193,145,0.27394897039916255,0.08896923496996012,,False,False
U0166,macd_hist_z,XRPUSDT,60,-0.031905139480616344,-3.4004928977137445,437,-0.019454867839039918,-1.5083053345402906,145,0.0006726448326548692,0.06573819927619638,,True,False
U0167,macd_hist_z,ALL,60,-0.015229862279710944,-2.0567612336076926,437,-0.021540579701859307,-1.9842623413334322,145,0.03970919877054912,0.023613301000493397,5.0,False,True
U0168,rv_15_rel,BTCUSDT,60,0.013632301363876805,2.101995446962197,437,0.02029043332015749,1.6912516219072353,145,0.03555367464454737,0.04539437774669537,,False,True
U0169,rv_15_rel,ETHUSDT,60,0.015959066151263242,2.357847001695756,437,0.019070950020213733,1.7532622474436457,145,0.01838126705289548,0.03977850128375545,,False,True
U0170,rv_15_rel,BNBUSDT,60,0.019914631097034997,2.6751531157322757,437,0.03406791230911459,3.6330563426264444,145,0.007469512722515476,0.0001400419146134703,,False,True
U0171,rv_15_rel,SOLUSDT,60,0.0022683069625984258,0.35268607932836665,437,0.02293834843534339,2.777686724841893,145,0.7243237966747909,0.00273736868866276,,False,True
U0172,rv_15_rel,XRPUSDT,60,0.013314547611621673,2.1982335652838088,437,0.017404128807385302,1.7269082379070662,145,0.02793246590244637,0.04209207235884676,,False,True
U0173,rv_15_rel,ALL,60,0.01301777063727903,2.497442069234202,437,0.022754354578442902,2.98315791145395,145,0.012509290243260914,0.001426453794226073,5.0,False,True
U0174,rv_60_rel,BTCUSDT,60,0.0194964313794416,2.815589939205016,437,0.02095089145419501,1.5202287107110966,145,0.004868776683851213,0.06422675196590603,,False,False
U0175,rv_60_rel,ETHUSDT,60,0.019578290983489136,2.56255266241645,437,0.01898162913306177,1.6482464938806527,145,0.010390582842825477,0.04965104977802069,,False,True
U0176,rv_60_rel,BNBUSDT,60,0.021559991495292658,2.4098064191924666,437,0.03417087800136727,3.069378932323282,145,0.015960986765361514,0.0010725216332868554,,False,True
U0177,rv_60_rel,SOLUSDT,60,0.004339642377541246,0.5888033314378871,437,0.024618479311310563,2.4245289898602196,145,0.5559932107949006,0.007664129726935424,,False,True
U0178,rv_60_rel,XRPUSDT,60,0.015907448877820314,2.289128004922166,437,0.017591728258540988,1.3279004355247526,145,0.02207191610861933,0.0921055004230672,,False,False
U0179,rv_60_rel,ALL,60,0.016176361022716988,2.8486005457060646,437,0.023262721231695115,2.5804138216716903,145,0.004391197561644615,0.004934099152844864,5.0,False,True
U0180,rv_240_rel,BTCUSDT,60,0.01863823571481919,2.4934952029709443,437,0.027419280949301617,1.6327103804393135,145,0.012649229349892273,0.051264961602573815,,False,False
U0181,rv_240_rel,ETHUSDT,60,0.02734791046558864,3.196679456455471,437,0.03143915280964634,2.1571073977514863,145,0.0013901932009428716,0.015498648671052103,,True,True
U0182,rv_240_rel,BNBUSDT,60,0.022549016450854043,3.0421874485003206,437,0.03725396932380559,3.064085087523894,145,0.0023486558617671067,0.00109168400858899,,True,True
U0183,rv_240_rel,SOLUSDT,60,0.009749639313772098,1.2840399600863333,437,0.03182726019429299,2.4563733771206597,145,0.19912797390534964,0.007017362618141624,,False,True
U0184,rv_240_rel,XRPUSDT,60,0.014098365510391958,1.9396891189942884,437,0.033370612390812605,2.243942929138052,145,0.05241748274943721,0.012418036785476871,,False,True
U0185,rv_240_rel,ALL,60,0.018476633491085186,3.1652351423694274,437,0.03226205513357182,2.650243242493243,145,0.00154957666839874,0.004021691912625125,5.0,True,True
U0186,rv_ratio_60_1440,BTCUSDT,60,0.017384432411206876,2.230425737562486,437,0.012531834946532067,0.9497503479362214,145,0.025719192492841377,0.17111956019758534,,False,False
U0187,rv_ratio_60_1440,ETHUSDT,60,0.01813220452184157,2.249236977731469,437,0.018203517689657174,1.4836241570171762,145,0.024497423029049052,0.06895432850868123,,False,False
U0188,rv_ratio_60_1440,BNBUSDT,60,0.022257266413869693,2.5831789379496177,437,0.022996755347361755,2.5448481658829345,145,0.00978945351343014,0.005466263179314326,,False,True
U0189,rv_ratio_60_1440,SOLUSDT,60,0.004238069152408755,0.5112059576521604,437,0.012320471179415749,1.0451641934395581,145,0.6092068474186086,0.14797354466840534,,False,False
U0190,rv_ratio_60_1440,XRPUSDT,60,0.009539436415338026,1.1976037952586858,437,0.005854121526333968,0.438061790475176,145,0.23107129789789138,0.3306707458758851,,False,False
U0191,rv_ratio_60_1440,ALL,60,0.014310281782932985,2.251180571420161,437,0.01438134013786014,1.5310977375935322,145,0.024374102921190015,0.06287261945091316,5.0,False,False
U0192,atr_60_rel,BTCUSDT,60,0.019771899165863957,2.6821748446260876,437,0.02531453858335279,1.586384217187349,145,0.007314521928457829,0.056326089226904054,,False,False
U0193,atr_60_rel,ETHUSDT,60,0.024156041567151634,3.064030779108465,437,0.029601128719967756,2.184406140087186,145,0.0021837644147245715,0.014466208721580786,,True,True
U0194,atr_60_rel,BNBUSDT,60,0.025095789107236848,2.891522449172309,437,0.034198663463484935,2.7793590816641975,145,0.0038338020164516884,0.0027233139913346183,,False,True
U0195,atr_60_rel,SOLUSDT,60,0.006122569834815631,0.8196162995386567,437,0.030153216896190063,2.5448599337912796,145,0.41243487874548657,0.0054660789738344255,,False,True
U0196,atr_60_rel,XRPUSDT,60,0.019088907407400588,2.6564135603045567,437,0.017267250799849723,1.252324839290204,145,0.007897669496716395,0.10522576067874417,,False,False
U0197,atr_60_rel,ALL,60,0.018847041416493734,3.1868035163678634,437,0.027306959692569056,2.456510866643189,145,0.00143854463633413,0.007014677955066139,5.0,True,True
U0198,range_60_z,BTCUSDT,60,0.017295468011928036,2.3700896084997476,437,0.0197067358656283,1.545109009330468,145,0.017783774550600984,0.06115994907750542,,False,False
U0199,range_60_z,ETHUSDT,60,0.02214922779462174,3.1350211736945024,437,0.01753404490118973,1.686144217801849,145,0.0017184170787959837,0.045884012493471835,,True,True
U0200,range_60_z,BNBUSDT,60,0.028165863429820092,3.349564459686872,437,0.020884072701701843,1.8407655605361435,145,0.0008093872032751821,0.03282796086795428,,True,True
U0201,range_60_z,SOLUSDT,60,0.008025572979849942,1.1449204934987156,437,0.021027963504060644,2.0159040127524523,145,0.2522420938426444,0.021905006969657376,,False,True
U0202,range_60_z,XRPUSDT,60,0.014723246142887886,2.322585835521019,437,0.006802111821860903,0.6886346271935738,145,0.020201412373013507,0.24552661226939088,,False,False
U0203,range_60_z,ALL,60,0.01807187567182154,3.184121852555183,437,0.017190985758888288,2.2935837579147074,145,0.0014519387835639256,0.010907209611772233,5.0,True,True
U0204,jump_15,BTCUSDT,60,0.01542783195809292,2.462399663949035,437,0.014185399951222864,1.3519007530409781,145,0.013801078202243617,0.08820353331303837,,False,False
U0205,jump_15,ETHUSDT,60,0.015185493031800959,2.3886374637108156,437,0.016206869850053103,1.5891186453223556,145,0.016910980617465637,0.05601680451868509,,False,False
U0206,jump_15,BNBUSDT,60,0.019342853224186413,2.8260432965638076,437,0.03446396506624432,3.7310500242275415,145,0.0047126893612826366,9.53416760977563e-05,,False,True
U0207,jump_15,SOLUSDT,60,0.004976559130707883,0.7730258025942752,437,0.016738629599953824,2.0824973945370058,145,0.4395071103483804,0.01864853031374665,,False,True
U0208,jump_15,XRPUSDT,60,0.014770315309452954,2.6716313271381718,437,0.014920452743258483,1.6729075916219913,145,0.00754835292906457,0.0471727445390776,,False,True
U0209,jump_15,ALL,60,0.013940610530848227,2.8962134640960966,437,0.01930306344214652,2.763399315902906,145,0.0037769538610181582,0.002860136869406025,5.0,False,True
U0210,sigma_1m_bps,BTCUSDT,60,0.012921931528489318,1.684956299190712,437,-0.013724026682600917,-1.020800712675974,145,0.09199700321088655,0.8463255666501202,,False,False
U0211,sigma_1m_bps,ETHUSDT,60,0.014739072956144109,1.9784250128128855,437,-0.023301299330402047,-1.744524289942465,145,0.04788078030074439,0.9594661451576918,,False,False
U0212,sigma_1m_bps,BNBUSDT,60,0.021010246793511312,2.4918558290607944,437,-0.027839859986948667,-1.8160273241021017,145,0.012707760746411908,0.9653169096141525,,False,False
U0213,sigma_1m_bps,SOLUSDT,60,0.005579561838097387,0.6441264757843531,437,-0.014507773801992547,-0.8604923030557237,145,0.5194934232068361,0.8052411377282795,,False,False
U0214,sigma_1m_bps,XRPUSDT,60,0.02320321445902232,2.7565239658708336,437,-0.04340060648153401,-3.3925944717599474,145,0.0058419331447994586,0.9996538297339799,,False,False
U0215,sigma_1m_bps,ALL,60,0.015490805515052887,2.61716988651132,437,-0.024554713256695646,-1.928023228103085,145,0.008866220169477308,0.9730738814796743,0.0,False,False
U0216,vol_ratio_30d,BTCUSDT,60,0.011091751571544997,1.3858001981754073,430,-0.01580795214619807,-1.0810111344248323,145,0.16580792186854942,0.8601539196097876,,False,False
U0217,vol_ratio_30d,ETHUSDT,60,0.014300805254052947,1.8268395066142868,430,-0.03429740662225004,-2.414231887585752,145,0.06772390392230333,0.992115788349475,,False,False
U0218,vol_ratio_30d,BNBUSDT,60,0.034858020581686,3.911371697963503,430,-0.019026070504357298,-1.146722950394635,145,9.177340538031303e-05,0.8742519289596521,,True,False
U0219,vol_ratio_30d,SOLUSDT,60,0.016870896919512476,2.0701396313711937,430,-0.012804773920148862,-0.7567901710523083,145,0.038439270527058686,0.7754122088334165,,False,False
U0220,vol_ratio_30d,XRPUSDT,60,0.02835902882030742,2.9995914951190916,430,-0.028850421414473734,-2.1634509872068097,145,0.002703419146192032,0.984746745202692,,True,False
U0221,vol_ratio_30d,ALL,60,0.02109610062942077,3.3515356441612134,430,-0.022157324921485602,-1.6084926650394618,145,0.0008036469268044923,0.9461363393130979,0.0,True,False
U0222,rvol_15,BTCUSDT,60,0.008900337555173107,1.3638579877224968,437,0.02287337780061146,1.604391308901329,145,0.17261226555834697,0.05431391276941987,,False,False
U0223,rvol_15,ETHUSDT,60,0.01381190020366329,2.161554064816535,437,0.01408215977855813,1.1116152318537407,145,0.0306525653840796,0.13315181030068957,,False,False
U0224,rvol_15,BNBUSDT,60,0.011180057502181503,1.4480595372069855,437,0.02032258735523525,1.586585078114989,145,0.14760040051262113,0.05630332460939293,,False,False
U0225,rvol_15,SOLUSDT,60,0.0066175425162600795,1.0939675393992359,437,0.02215994889695124,1.9468061477579213,145,0.27396921508650196,0.025778989824077832,,False,True
U0226,rvol_15,XRPUSDT,60,0.016550131948681414,2.6563344888725413,437,0.012821585403366283,1.27036858451629,145,0.007899521742456247,0.10197668412113114,,False,False
U0227,rvol_15,ALL,60,0.011411993945191877,2.2420598160738283,437,0.01845193184694447,1.9016728419681783,145,0.024957506639616517,0.028606969232024985,5.0,False,True
U0228,rvol_60,BTCUSDT,60,0.013374573327354138,1.9424039630030585,437,0.023683695055151662,1.6190340694487324,145,0.05208821592601145,0.05271996646169231,,False,False
U0229,rvol_60,ETHUSDT,60,0.018799556930465793,2.5526607800547234,437,0.01744807214352669,1.469024127731137,145,0.010690355658169332,0.07091312253426427,,False,False
U0230,rvol_60,BNBUSDT,60,0.013762710885101136,1.5917383775859453,437,0.026366575828610555,2.061798681083406,145,0.1114435013378751,0.019613453350985688,,False,True
U0231,rvol_60,SOLUSDT,60,0.007560813333939363,1.10931828574599,437,0.031400688964437075,2.6641649088907426,145,0.26729289943600265,0.003858985846326735,,False,True
U0232,rvol_60,XRPUSDT,60,0.017504638587856076,2.3924716094493226,437,0.013992323402328005,1.3112116474592928,145,0.016735322784111023,0.09489313416750905,,False,False
U0233,rvol_60,ALL,60,0.014200458612943301,2.5338035710407554,437,0.0225782710788108,2.428794261294123,145,0.011283196087693676,0.007574563085067277,5.0,False,True
U0234,vol_chg_15,BTCUSDT,60,-0.00451481930006176,-1.4668056884924126,437,0.0035705427680639604,0.576715603877048,145,0.14242892181496183,0.717934205123345,,False,False
U0235,vol_chg_15,ETHUSDT,60,-0.005794560206457783,-2.022911668599211,437,-0.0020959946399353563,-0.36567135232320624,145,0.04308225529940247,0.35730516265828216,,False,False
U0236,vol_chg_15,BNBUSDT,60,-0.003933074086333346,-1.2590501076200795,437,-0.0019921636673417465,-0.30254959016098065,145,0.2080122337224719,0.3811165680238867,,False,False
U0237,vol_chg_15,SOLUSDT,60,-0.0034389514352250604,-1.17666903293093,437,0.001375321014867841,0.2752390041824406,145,0.23932763248772937,0.6084336886357977,,False,False
U0238,vol_chg_15,XRPUSDT,60,-0.003079661304020248,-1.036663301549632,437,0.007779482408400528,1.0005693566967042,145,0.2998928007469155,0.8414824745014887,,False,False
U0239,vol_chg_15,ALL,60,-0.004152213266419638,-2.020583985262371,437,0.0017274375768110447,0.32448778943776097,145,0.043322848124547716,0.6272156173926471,2.0,False,False
U0240,taker_imb_15,BTCUSDT,60,-0.02596673531145352,-5.436863806577703,437,-0.030131043241181682,-4.475100082748288,145,5.4226554780251774e-08,3.8187764194533455e-06,,True,True
U0241,taker_imb_15,ETHUSDT,60,-0.024408106652981352,-5.7183656785556565,437,-0.024994312128328974,-2.726327075598626,145,1.0755348741099655e-08,0.0032021750400573167,,True,True
U0242,taker_imb_15,BNBUSDT,60,-0.01708673265507139,-3.3703026802417333,437,-0.023962090985400208,-4.0153331432782196,145,0.0007508565913324648,2.9680941954901473e-05,,True,True
U0243,taker_imb_15,SOLUSDT,60,-0.0273190773883059,-6.256890375906787,437,-0.03131355549297894,-3.6503297913238733,145,3.9272926118239297e-10,0.00013095190878603026,,True,True
U0244,taker_imb_15,XRPUSDT,60,-0.023919075635988774,-4.810708116450681,437,-0.025797652418457055,-3.865747427137304,145,1.5039651247626024e-06,5.5374753005211545e-05,,True,True
U0245,taker_imb_15,ALL,60,-0.023739945528760187,-8.336793404869786,437,-0.02723973085326937,-5.721445386824529,145,7.633225799518782e-17,5.281080521836037e-09,5.0,True,True
U0246,taker_imb_60,BTCUSDT,60,-0.01880389330495931,-2.608236705033561,437,-0.03871937886577161,-4.66977983332181,145,0.009100999638264835,1.5076135658450818e-06,,False,True
U0247,taker_imb_60,ETHUSDT,60,-0.016147682156072932,-2.177473792613983,437,-0.047001717416655875,-3.951463025971857,145,0.02944523512011282,3.883743713569744e-05,,False,True
U0248,taker_imb_60,BNBUSDT,60,-0.03278789222467109,-4.625794757959916,437,-0.03099566172631831,-3.042942704011897,145,3.7316468962242137e-06,0.0011713846742719262,,True,True
U0249,taker_imb_60,SOLUSDT,60,-0.026965592836407887,-4.2770356458122745,437,-0.04225934824662948,-3.839459839760597,145,1.8939848484570492e-05,6.165264816167867e-05,,True,True
U0250,taker_imb_60,XRPUSDT,60,-0.02719821316375619,-4.239400205181764,437,-0.032321505253839214,-3.254152162353808,145,2.2411779720737177e-05,0.0005686567198303545,,True,True
U0251,taker_imb_60,ALL,60,-0.024380654737173484,-6.166278241792969,437,-0.03825952230184289,-5.462605363909388,145,6.991601530554574e-10,2.3459843811094212e-08,5.0,True,True
U0252,taker_imb_240,BTCUSDT,60,-0.014171266330612938,-1.790671026368772,437,-0.03029841083663751,-2.313992138936089,145,0.07334610182015137,0.010334076675372464,,False,True
U0253,taker_imb_240,ETHUSDT,60,-0.018012449892010448,-2.32570140458782,437,-0.03451622152910953,-2.65203218446004,145,0.020034485514287066,0.004000445749359877,,False,True
U0254,taker_imb_240,BNBUSDT,60,-0.031166466931401664,-3.3580185991476674,437,-0.05219146744946411,-3.908283590154384,145,0.000785033307400652,4.6477078997301135e-05,,True,True
U0255,taker_imb_240,SOLUSDT,60,-0.011343598006741723,-1.562199447075682,437,-0.034755001816681445,-2.465108023831457,145,0.11824101084089286,0.006848597499800999,,False,True
U0256,taker_imb_240,XRPUSDT,60,-0.025933788041289423,-3.6611219987837154,437,-0.011851109891008122,-0.7133966300044677,145,0.0002511131422881879,0.23780017892876548,,True,False
U0257,taker_imb_240,ALL,60,-0.02012551384041124,-4.2334316223430895,437,-0.032722442304580136,-3.4422751483523903,145,2.3015218131574214e-05,0.0002884215972662146,5.0,True,True
U0258,pv_corr_60,BTCUSDT,60,-0.025536176368060878,-3.6191058497964197,437,-0.03616737208011801,-4.007419559137727,145,0.00029562270834060606,3.069287944715736e-05,,True,True
U0259,pv_corr_60,ETHUSDT,60,-0.022894079510077627,-2.9400853629473804,437,-0.06035401236874649,-6.705699945084464,145,0.003281218358725339,1.002216116575262e-11,,False,True
U0260,pv_corr_60,BNBUSDT,60,-0.023629981422781426,-3.4831005818478196,437,-0.03367179037255675,-2.751303667395242,145,0.0004956421097502615,0.0029679294826505296,,True,True
U0261,pv_corr_60,SOLUSDT,60,-0.007261675964899739,-0.9208148969498843,437,-0.034148062258285025,-3.3477305895404927,145,0.3571470760443809,0.0004073808738259675,,False,True
U0262,pv_corr_60,XRPUSDT,60,-0.027677766306372448,-3.966448087648798,437,-0.0381585197264133,-3.2960104651667645,145,7.29516556625843e-05,0.0004903418101152425,,True,True
U0263,pv_corr_60,ALL,60,-0.021399935914438426,-4.242576192276625,437,-0.04049995136122392,-5.379531407271062,145,2.2096848466823797e-05,3.733998299216746e-08,5.0,True,True
U0264,trade_size_rel,BTCUSDT,60,-0.0024808985676959745,-0.3240609180172027,437,-0.007890326236403315,-0.6647593816221733,145,0.745891914550852,0.2531022031006894,,False,False
U0265,trade_size_rel,ETHUSDT,60,-0.0031451714897244762,-0.4400346833788531,437,-0.009785616392751845,-0.8612764705207464,145,0.6599119873902213,0.19454289581614964,,False,False
U0266,trade_size_rel,BNBUSDT,60,-0.018448536062142654,-2.2344303327398727,437,-0.0004868562224983319,-0.035705392141167094,145,0.025454771733895855,0.48575863549417875,,False,False
U0267,trade_size_rel,SOLUSDT,60,0.0075596680518786995,1.040109044214686,437,0.01713501088790789,1.3405861351443056,145,0.298289242245689,0.09002743064651725,,False,False
U0268,trade_size_rel,XRPUSDT,60,0.009848856773451481,1.047278103674563,437,-0.004674640407729888,-0.4334781409049883,145,0.29497133190504654,0.6676662784767284,,False,False
U0269,trade_size_rel,ALL,60,-0.0013332162588465838,-0.23640563372226706,437,-0.0011404856742951016,-0.12810598568188705,145,0.8131179249986372,0.4490325495962528,4.0,False,False
U0270,breakout_240,BTCUSDT,60,-0.004823517255217145,-0.9657139132815439,437,-0.009874219050187882,-0.867601260085625,145,0.33418735548183054,0.1928063281953829,,False,False
U0271,breakout_240,ETHUSDT,60,-0.00556680420698621,-0.9930603106153356,437,-0.01592144799112296,-1.718171813449111,145,0.3206805642439329,0.04288264056615954,,False,True
U0272,breakout_240,BNBUSDT,60,-0.01041891069172927,-2.2114170838358356,437,-0.005844318448981364,-0.9232618936466633,145,0.02700696788705123,0.17793537055175618,,False,False
U0273,breakout_240,SOLUSDT,60,-0.005801660196425921,-1.0821162436656888,437,-0.0058742161785646264,-0.6191021668318675,145,0.27920087886992573,0.2679245279834797,,False,False
U0274,breakout_240,XRPUSDT,60,-0.011993730086391704,-2.3556041622646675,437,-0.009803518385446438,-1.0202476046028968,145,0.018492611643542774,0.15380552282432514,,False,False
U0275,breakout_240,ALL,60,-0.007720924487350049,-2.5408463448690948,437,-0.009463544010860657,-1.5187546497847728,145,0.01105845066742361,0.06441213247302757,5.0,False,False
U0276,breakdown_240,BTCUSDT,60,0.011633583807199406,2.2494974124371607,437,-0.003533296439377294,-0.554192216922216,145,0.024480867262890598,0.7102763478526989,,False,False
U0277,breakdown_240,ETHUSDT,60,-0.002402903108490554,-0.5753209946951942,437,-0.0073310842987131895,-0.734964643801295,145,0.5650742251361487,0.2311805135200511,,False,False
U0278,breakdown_240,BNBUSDT,60,-0.0012714298125807906,-0.20348367192777608,437,-0.005941435083390874,-1.0739426722188408,145,0.8387570066346717,0.14142418815131463,,False,False
U0279,breakdown_240,SOLUSDT,60,0.012045106908967798,2.4695864645126266,437,0.0038684544720085944,0.4134538900360269,145,0.013526932409994091,0.33963704930701644,,False,False
U0280,breakdown_240,XRPUSDT,60,0.010775407010135612,2.1680040989143516,437,0.005822713709485171,0.9241072971239445,145,0.030158374673282393,0.17771522721875516,,False,False
U0281,breakdown_240,ALL,60,0.006155952961046294,2.0175514883828582,437,-0.0014229295279975182,-0.35528863814975914,145,0.043637993542025154,0.6388133167966669,2.0,False,False
U0282,false_breakout_15,BTCUSDT,60,-0.016465214092918404,-2.8408058942720436,437,-0.02067132506569907,-1.705633367504147,145,0.00449996929104964,0.04403818138199591,,False,True
U0283,false_breakout_15,ETHUSDT,60,-0.020663513504677173,-4.258047024989111,437,-0.02797455156558563,-2.6972462026464012,145,2.0622057575940092e-05,0.0034957778594404934,,True,True
U0284,false_breakout_15,BNBUSDT,60,-0.015206740998203102,-2.8367185485990825,437,-0.020291937133857862,-1.7732958746732133,145,0.004557977187358327,0.03808984614530482,,False,True
U0285,false_breakout_15,SOLUSDT,60,-0.011778334988511647,-1.9958931608953463,437,-0.02917964779937386,-3.759421221955428,145,0.045945553300868185,8.51534462385726e-05,,False,True
U0286,false_breakout_15,XRPUSDT,60,-0.021588814433082627,-3.667554035628941,437,-0.014719146351192808,-1.1935168204680209,145,0.00024488181064682936,0.11633351430472572,,True,False
U0287,false_breakout_15,ALL,60,-0.01714052360347859,-4.694628828781469,437,-0.022567321583141845,-2.6294697346955114,145,2.6709124307523814e-06,0.004275907184854661,5.0,True,True
U0288,false_breakdown_15,BTCUSDT,60,0.013157027009285657,2.107606945812393,437,0.03686412884179547,3.6789051090706804,145,0.03506500228317005,0.00011711869664264048,,False,True
U0289,false_breakdown_15,ETHUSDT,60,0.011923850502112842,1.8484673651862777,437,0.02272451278882188,2.8548472117798407,145,0.06453476123591197,0.00215287687973,,False,True
U0290,false_breakdown_15,BNBUSDT,60,0.023006956713456365,4.051822315153006,437,0.023925687100156683,2.282611744431926,145,5.082025474132223e-05,0.01122662427165021,,True,True
U0291,false_breakdown_15,SOLUSDT,60,0.010275342884209632,1.805482999749237,437,0.036469120170235445,3.3342271895368003,145,0.07099913341725209,0.0004276838094408079,,False,True
U0292,false_breakdown_15,XRPUSDT,60,0.023299846062545516,3.585844656181654,437,0.014546562910025,1.6498796976703385,145,0.0003359889305507629,0.04948377196340363,,True,True
U0293,false_breakdown_15,ALL,60,0.016332604634322002,3.7055831012164075,437,0.026906002362206895,4.318295953209007,145,0.00021090496420386322,7.86192478059628e-06,5.0,True,True
U0294,dc2_mode,BTCUSDT,60,-0.02055331298953549,-2.7288971717494106,437,-0.026529784856660903,-2.0212244232177703,145,0.006354651564730763,0.021628269283385203,,False,True
U0295,dc2_mode,ETHUSDT,60,-0.01699896686324174,-2.0959026025537026,437,-0.034941955799804914,-2.9063517258199725,145,0.03609083180989303,0.0018283507886373862,,False,True
U0296,dc2_mode,BNBUSDT,60,-0.007977670826923395,-0.8671858543968823,437,0.006790466632436058,0.6460659304362709,145,0.3858401855630442,0.7408816708132876,,False,False
U0297,dc2_mode,SOLUSDT,60,-0.010254431904117518,-1.4258942259815912,437,-0.015141965111704968,-0.984294588579761,145,0.1538988763669301,0.16248534472419512,,False,False
U0298,dc2_mode,XRPUSDT,60,-0.03181854723734414,-3.29035661046954,437,-0.033481597614669865,-2.7588216617983368,145,0.001000604844150944,0.002900509158089132,,True,True
U0299,dc2_mode,ALL,60,-0.01752058596423246,-3.4445037548442516,437,-0.02066096735008092,-2.5719361751348675,145,0.0005721086893737165,0.005056576696284706,4.0,True,True
U0300,dc2_overshoot,BTCUSDT,60,-0.009271381003119458,-1.259914163646564,437,0.004771815183110176,0.3333887037538544,145,0.20770032872293676,0.6305795554934064,,False,False
U0301,dc2_overshoot,ETHUSDT,60,-0.004604058253463815,-0.5742080654896284,437,0.0003199866891573129,0.02513776041132216,145,0.5658270120634321,0.5100274593812639,,False,False
U0302,dc2_overshoot,BNBUSDT,60,0.010888724487779625,1.4408649283551715,437,-0.021070232140242,-1.1562085562283073,145,0.14962284595574363,0.8762020695588517,,False,False
U0303,dc2_overshoot,SOLUSDT,60,-0.011286481285933824,-1.3245515270244592,437,-0.00014568217128561965,-0.009534984904748429,145,0.18531994216921333,0.4961961490170399,,False,False
U0304,dc2_overshoot,XRPUSDT,60,-0.012936175787468964,-1.5826936218500591,437,0.013165024739544036,0.7766558992549376,145,0.1134913127604189,0.7813190938918206,,False,False
U0305,dc2_overshoot,ALL,60,-0.005441874368441286,-1.102345346089296,437,-0.0005918175399432165,-0.05374282757263756,145,0.27031156235307685,0.4785700303091082,2.0,False,False
U0306,dc2_pullback,BTCUSDT,60,-0.00162649986115813,-0.2196232683199371,437,0.002603878310443947,0.15472294777836015,145,0.8261645683202414,0.5614801309316353,,False,False
U0307,dc2_pullback,ETHUSDT,60,-0.02078450456191812,-3.154123257691077,437,0.012972766046290066,1.1031739447879694,145,0.00160981079312107,0.8650241830364338,,True,False
U0308,dc2_pullback,BNBUSDT,60,-0.008571642330143677,-1.2473515947937202,437,-0.0005142653354476171,-0.03971051166711176,145,0.21226860693316763,0.4841619605949906,,False,False
U0309,dc2_pullback,SOLUSDT,60,-0.002144211719400369,-0.3060958297717662,437,0.02375556034628481,2.0584906650371355,145,0.7595316830016202,0.9802284717735816,,False,False
U0310,dc2_pullback,XRPUSDT,60,-0.0029597205552551967,-0.4040007071495107,437,0.017136652609294842,1.2483837776287805,145,0.6862121991691056,0.8940547265284764,,False,False
U0311,dc2_pullback,ALL,60,-0.007217315805575099,-1.8115065926109322,437,0.011190918395373213,1.0901651824344585,145,0.07006246949149797,0.8621798062505988,1.0,False,False
U0312,dc2_age,BTCUSDT,60,-0.0172928551021979,-2.6027008725064356,437,-0.011170920424626628,-0.8292395585238939,145,0.009249261415908323,0.2034844322725825,,False,False
U0313,dc2_age,ETHUSDT,60,-0.012434475965626909,-1.632161035823499,437,-0.04608388411362777,-2.9510985924472237,145,0.10264556662127738,0.0015832291269942303,,False,True
U0314,dc2_age,BNBUSDT,60,-0.012270149222480625,-1.6017762624647665,437,-0.043831845992872785,-2.5326639608673434,145,0.10920509399300009,0.005659970757920711,,False,True
U0315,dc2_age,SOLUSDT,60,-0.02049701947810321,-2.808694201247622,437,-0.024423407709430654,-1.8334095916538038,145,0.004974287095348251,0.0333708411364111,,False,True
U0316,dc2_age,XRPUSDT,60,-0.022039035576324233,-2.7613752703609653,437,-0.0052072910749782686,-0.4097186960203266,145,0.0057558497487197905,0.3410061568624541,,False,False
U0317,dc2_age,ALL,60,-0.016906707068946574,-3.8991161816301805,437,-0.026143469863107217,-2.3763035771283887,145,9.654444458429859e-05,0.008743534518948203,5.0,True,True
U0318,dc4_mode,BTCUSDT,60,-0.027723262620903192,-4.226590432691794,437,-0.015694155487577872,-1.107918385623263,145,2.3725894496591944e-05,0.13394853227589898,,True,False
U0319,dc4_mode,ETHUSDT,60,-0.022149615364171097,-2.488767905571445,437,-0.01068817551438012,-0.7560985559561647,145,0.01281866178393663,0.2247950538523587,,False,False
U0320,dc4_mode,BNBUSDT,60,-0.013635275103996796,-1.7153453933041891,437,-0.014442112024089548,-1.169146082509043,145,0.08628192069876019,0.12117239002341412,,False,False
U0321,dc4_mode,SOLUSDT,60,-0.026140819847296232,-3.768553752886531,437,0.002013465940079817,0.1396520475533035,145,0.00016419612943993804,0.5555325422407817,,True,False
U0322,dc4_mode,XRPUSDT,60,-0.01766317662877777,-2.171797832789019,437,-0.00035306926515123557,-0.03269413894977544,145,0.029870915232495916,0.48695924891740683,,False,False
U0323,dc4_mode,ALL,60,-0.021462429913029015,-4.519302225969324,437,-0.007832809270223793,-0.7809893659184597,145,6.204377456393371e-06,0.21740437458901296,4.0,True,False
U0324,dc4_overshoot,BTCUSDT,60,-0.009290152579797588,-1.0216592963084066,437,-0.013043898234807281,-0.928959063470627,145,0.30694218233006143,0.17645515089351477,,False,False
U0325,dc4_overshoot,ETHUSDT,60,0.008427354011505963,0.9198853605203838,437,-0.018553600087706974,-1.4290327316331468,145,0.3576326698391047,0.9235025870296409,,False,False
U0326,dc4_overshoot,BNBUSDT,60,-0.009440955519726542,-1.082282849287339,437,-0.000426441301317556,-0.03093051542865316,145,0.2791268644312863,0.48766247688371,,False,False
U0327,dc4_overshoot,SOLUSDT,60,-0.0039751877251434815,-0.4526106701251385,437,0.006404423360379006,0.42259693318703606,145,0.6508291140821414,0.6637053177266109,,False,False
U0328,dc4_overshoot,XRPUSDT,60,0.009658265812952592,1.2934168020761954,437,0.019662981540698485,1.0578878697327188,145,0.19586694200331667,0.1450532830279278,,False,False
U0329,dc4_overshoot,ALL,60,-0.000924135200041811,-0.2033838254205491,437,-0.001191306944550858,-0.12436256164959177,145,0.8388350410600991,0.4505141073277483,3.0,False,False
U0330,dc4_pullback,BTCUSDT,60,-0.005281751463857071,-0.6937854592873058,437,-0.011035295037333172,-0.8330609533548511,145,0.4878167627864356,0.20240517682861198,,False,False
U0331,dc4_pullback,ETHUSDT,60,0.00020573207499790432,0.02743448048199572,437,-0.029727593966337115,-1.9599892692709708,145,0.9781131971438538,0.9750014777312469,,False,False
U0332,dc4_pullback,BNBUSDT,60,0.00478528984713709,0.532101069266474,437,0.003088693299388374,0.1869029055553834,145,0.5946559968615266,0.4258683805202409,,False,False
U0333,dc4_pullback,SOLUSDT,60,-0.013356330781346458,-1.8530787503369468,437,-0.015874447057990154,-0.8946187616492353,145,0.06387107208209383,0.18549545951745,,False,False
U0334,dc4_pullback,XRPUSDT,60,-0.004372865856661026,-0.5794127313364436,437,-0.005690324785653359,-0.4140887157335097,145,0.5623107156591063,0.33940456828954896,,False,False
U0335,dc4_pullback,ALL,60,-0.0036039852359459118,-0.8102659282228879,437,-0.011847793509585085,-1.003236993083221,145,0.4177873532045432,0.15787326406728885,4.0,False,False
U0336,dc4_age,BTCUSDT,60,-0.013589887952508149,-1.729069902113606,437,-0.024149401912363283,-2.0471765230025682,145,0.08379658513801143,0.020320377829669972,,False,True
U0337,dc4_age,ETHUSDT,60,0.0006954946274423647,0.0840883218312071,437,-0.008708276741357272,-0.6429678202631208,145,0.9329862095872222,0.7398775096438402,,False,False
U0338,dc4_age,BNBUSDT,60,-0.033083883964374096,-4.032444313706258,437,-0.010820972851861154,-0.7580612671054026,145,5.519969759690121e-05,0.22420715292788973,,True,False
U0339,dc4_age,SOLUSDT,60,-0.013547002788894279,-1.617693048797548,437,0.0010155975962827992,0.08349303060976788,145,0.10572876479130887,0.5332702405938763,,False,False
U0340,dc4_age,XRPUSDT,60,0.007948115424798048,0.9607718629525592,437,0.011951236176959685,0.6957205550942928,145,0.3366668889743024,0.2433019251178114,,False,False
U0341,dc4_age,ALL,60,-0.010315432930707224,-2.0348614374992335,437,-0.006142363546467845,-0.6450880742730972,145,0.04186481711038282,0.25943505586785665,3.0,False,False
U0342,oi_chg_60,BTCUSDT,60,-0.01922835753737318,-2.694451276521076,437,-0.020638202013738526,-1.26273736655017,145,0.007050463396264187,0.10334179024766077,,False,False
U0343,oi_chg_60,ETHUSDT,60,-0.007573787044436649,-0.8540127336487838,437,0.005847323740871869,0.47336132057067315,145,0.39309793398548143,0.6820222898084353,,False,False
U0344,oi_chg_60,BNBUSDT,60,-0.026818932510452836,-3.4660781082125616,437,-0.021616088231018255,-1.5696620176954175,145,0.0005281098341137207,0.05824688102659271,,True,False
U0345,oi_chg_60,SOLUSDT,60,-0.016533180850274314,-1.987719639145973,437,-0.0018381976577757976,-0.1604077748528645,145,0.046842705652285294,0.43627993273912236,,False,False
U0346,oi_chg_60,XRPUSDT,60,-0.026358382568894025,-3.5364013697830012,437,-0.008191485339325597,-0.6064571746529543,145,0.000405617927620612,0.27210560597225864,,True,False
U0347,oi_chg_60,ALL,60,-0.019302528102286203,-4.825138032508446,437,-0.00928732990019726,-1.1010781496902229,145,1.399063386195671e-06,0.13543132295768384,4.0,True,False
U0348,oi_chg_240,BTCUSDT,60,-0.019192845720859563,-2.062062705092806,437,-0.02195049123528904,-1.3180342568943226,145,0.039201766465508554,0.09374609023468677,,False,False
U0349,oi_chg_240,ETHUSDT,60,-0.014929063829618214,-1.4813477772062948,437,-0.00500429706663884,-0.34594107491769693,145,0.13851392314544267,0.36469349946281493,,False,False
U0350,oi_chg_240,BNBUSDT,60,-0.02827255542161647,-3.633106373655027,437,-0.05968248545179284,-3.9919975261266263,145,0.000280029505166286,3.2759528240148356e-05,,True,True
U0351,oi_chg_240,SOLUSDT,60,-0.017852514404213614,-2.1771965792854107,437,-0.03260687707156596,-2.179807299845256,145,0.02946590343306909,0.01463587430482945,,False,True
U0352,oi_chg_240,XRPUSDT,60,-0.01931892295798427,-2.3009427173698644,437,-0.01481377224999591,-0.6732707336852928,145,0.021394869130185578,0.2503875340890562,,False,False
U0353,oi_chg_240,ALL,60,-0.019913180466858426,-4.507406816157241,437,-0.02681158461505652,-2.1814569977782208,145,6.562473592227587e-06,0.014574815886244824,5.0,True,True
U0354,oi_chg_1440,BTCUSDT,60,-0.015801825903915098,-1.9895563539274326,437,-0.037938729399618065,-2.4413573969445386,145,0.046639828155661124,0.0073160829611781265,,False,True
U0355,oi_chg_1440,ETHUSDT,60,0.0011998075609565002,0.13975728272073853,437,-0.023943631857727847,-1.7195206964669736,145,0.8888517654119893,0.9572401987987688,,False,False
U0356,oi_chg_1440,BNBUSDT,60,-0.01303602743227086,-1.5081303834898183,437,-0.029229680174005852,-2.825453615671839,145,0.13152116031747652,0.0023606861633550733,,False,True
U0357,oi_chg_1440,SOLUSDT,60,0.006407603743981435,0.7899220854185905,437,-0.01694936533779509,-1.105285525047804,145,0.4295732724321639,0.8654820559838627,,False,False
U0358,oi_chg_1440,XRPUSDT,60,-0.0036183656549926306,-0.3930463191983385,437,0.022299966706896025,1.3794453836371332,145,0.6942852709218772,0.9161212626676272,,False,False
U0359,oi_chg_1440,ALL,60,-0.00496976153724813,-1.2637098423170625,437,-0.017152288012450164,-2.079615121352429,145,0.20633419115446183,0.018780424450611104,4.0,False,True
U0360,oi_price_60,BTCUSDT,60,-0.002974211823514923,-0.4000141359037598,437,0.01089473596558606,1.1754395957228119,145,0.6891461051462657,0.8800905549679652,,False,False
U0361,oi_price_60,ETHUSDT,60,0.003129797989760064,0.5106782185108392,437,0.01932805593177376,1.2950962039782872,145,0.6095763951244338,0.09764352213178129,,False,False
U0362,oi_price_60,BNBUSDT,60,-0.0035319558645719716,-0.5465374723785119,437,0.003541150191150754,0.26765260101446176,145,0.5846965367748963,0.6055166310803567,,False,False
U0363,oi_price_60,SOLUSDT,60,-0.005194478128077094,-0.6961063521496619,437,-0.0008809171834409523,-0.07745484277470231,145,0.48636222876161317,0.4691308567749379,,False,False
U0364,oi_price_60,XRPUSDT,60,0.009278363947737457,1.3358507438184442,437,0.023326057326510066,1.489275149880325,145,0.18159806326270855,0.06820746434455256,,False,False
U0365,oi_price_60,ALL,60,0.00014150322426670448,0.041273961794391835,437,0.011241816446315937,1.5715013048644806,145,0.9670774908544768,0.05803312577773174,4.0,False,False
U0366,ls_acct,BTCUSDT,60,0.003403817449420428,0.44460691269840685,437,0.004826403755520344,0.3475019490945518,145,0.6566038510070752,0.3641071272360885,,False,False
U0367,ls_acct,ETHUSDT,60,-0.003036115560505363,-0.321367481744385,437,0.012429134214011263,0.8392647942630735,145,0.7479319230057357,0.7993396327228987,,False,False
U0368,ls_acct,BNBUSDT,60,0.006890264232659666,0.8306486965763691,437,0.01138747250391547,0.5570901641899477,145,0.406172116515503,0.2887329136863589,,False,False
U0369,ls_acct,SOLUSDT,60,-0.011465967562637293,-1.4114088091802546,437,0.023362359709834402,1.2813544859699206,145,0.158124106975575,0.8999654084954463,,False,False
U0370,ls_acct,XRPUSDT,60,-0.0012876887855555084,-0.12345750098155697,437,-0.003553382060200456,-0.19032384398292326,145,0.9017448260774057,0.42452768516471057,,False,False
U0371,ls_acct,ALL,60,-0.0010991380453236168,-0.2232426121240712,437,0.0096903976246162,0.6253690275740764,145,0.8233466889811901,0.734135557430317,1.0,False,False
U0372,top_ls_pos,BTCUSDT,60,-0.010551831601352741,-1.2730303328665777,437,-0.002860760322951033,-0.2455191217540605,145,0.2030072784017679,0.4030272520830471,,False,False
U0373,top_ls_pos,ETHUSDT,60,-0.006462207093793515,-0.7364771174657812,437,-0.001227307710194735,-0.10405476683735466,145,0.4614403882424456,0.45856294337998027,,False,False
U0374,top_ls_pos,BNBUSDT,60,-0.004141919203424923,-0.5474877448643526,437,0.018647906178035054,1.501815792087736,145,0.584043687688359,0.9334276556437462,,False,False
U0375,top_ls_pos,SOLUSDT,60,-0.003752428204584605,-0.4282856267390211,437,0.0024685811095933085,0.16883031686483016,145,0.6684431820971146,0.5670349443982511,,False,False
U0376,top_ls_pos,XRPUSDT,60,0.01620472045989563,1.5804196104488795,437,-0.0022739651904959035,-0.18062037815647114,145,0.11401080350470609,0.5716672202470529,,False,False
U0377,top_ls_pos,ALL,60,-0.001740733128652031,-0.32342641483053586,437,0.002950890812797339,0.3253115435669134,145,0.7463723274597709,0.627527352447315,3.0,False,False
U0378,top_ls_acct,BTCUSDT,60,0.003633020448012119,0.4622143288384904,437,0.006090353890684565,0.4269155654749485,145,0.6439276287568457,0.3347204138892852,,False,False
U0379,top_ls_acct,ETHUSDT,60,0.0011296810489261659,0.12245639422751721,437,0.01088137524682475,0.7558960188422719,145,0.9025375783830021,0.22485577054514777,,False,False
U0380,top_ls_acct,BNBUSDT,60,0.009748120189326718,1.044933788718571,437,0.01801450293496055,1.07182067856055,145,0.2960535720196722,0.14190029165773843,,False,False
U0381,top_ls_acct,SOLUSDT,60,-0.00977479221441966,-1.215685122866993,437,0.023761094443133606,1.2973509357482522,145,0.2241048935554304,0.9027447669565402,,False,False
U0382,top_ls_acct,XRPUSDT,60,0.009162931933978272,0.9312524526500874,437,0.0009677939584299036,0.04850027706166979,145,0.35172299092318193,0.4806587718199719,,False,False
U0383,top_ls_acct,ALL,60,0.0027797922811647236,0.568470384266371,437,0.011943024094806675,0.8090861836690357,145,0.5697156098602739,0.20923278743809431,5.0,False,False
U0384,taker_lsr_5m,BTCUSDT,60,-0.021597978141556427,-5.490025689768092,437,-0.011742549964975528,-1.206747473707651,145,4.018752864331702e-08,0.1137647051037523,,True,False
U0385,taker_lsr_5m,ETHUSDT,60,-0.01649111933386107,-3.4679462298545616,437,-0.004986205466202648,-0.575509346369658,145,0.000524452215457733,0.2824734357240214,,True,False
U0386,taker_lsr_5m,BNBUSDT,60,-0.007794837032284292,-1.4924040941702001,437,-0.001945387548120895,-0.2469762843685925,145,0.13559324238598006,0.40246328898115863,,False,False
U0387,taker_lsr_5m,SOLUSDT,60,-0.015068582693177554,-3.266454937718305,437,-0.01377728859381167,-1.6393268329599189,145,0.0010890313869508354,0.05057260529636479,,True,False
U0388,taker_lsr_5m,XRPUSDT,60,-0.013403511318896857,-2.776055920952647,437,-0.0057357512486083334,-0.8343893252211987,145,0.005502274377875372,0.20203081531251582,,False,False
U0389,taker_lsr_5m,ALL,60,-0.014871205703955242,-4.986959138170548,437,-0.007637436564343814,-1.5710916314613863,145,6.133703156327096e-07,0.05808068308468765,5.0,True,False
U0390,ls_acct_chg_60,BTCUSDT,60,-0.011341586636145536,-1.6874196225356402,437,0.004418939262682981,0.2797741054813019,145,0.09152269333052106,0.6101745902572703,,False,False
U0391,ls_acct_chg_60,ETHUSDT,60,-0.03304904942092383,-3.574245423788437,437,0.031459312053100735,1.920169043840081,145,0.0003512393628084019,0.9725817247914106,,True,False
U0392,ls_acct_chg_60,BNBUSDT,60,-0.003786358563908105,-0.47292410086880765,437,-0.014831931806720459,-1.0570513854418024,145,0.6362673296854453,0.14524406823106595,,False,False
U0393,ls_acct_chg_60,SOLUSDT,60,-0.02325375969516604,-2.5660268380847815,437,0.011538168025348551,0.5326300183448623,145,0.010287086838969511,0.7028551408736239,,False,False
U0394,ls_acct_chg_60,XRPUSDT,60,0.008888604465727078,1.0556484405706306,437,-0.011914117579434247,-0.9657130973938808,145,0.29112886115816883,0.8329061180719588,,False,False
U0395,ls_acct_chg_60,ALL,60,-0.012508429970083284,-2.4352824054264786,437,0.004134073990995511,0.3324583402725218,145,0.014880171231499035,0.6302284039952922,2.0,False,False
U0396,metrics_staleness_min,BTCUSDT,60,,,0,,,0,,,,False,False
U0397,metrics_staleness_min,ETHUSDT,60,1.7922272888168827e-06,0.00021194437721606222,437,-0.000269235277176884,-0.02073971226988747,145,0.9998308928549364,0.508273354992725,,False,False
U0398,metrics_staleness_min,BNBUSDT,60,,,0,,,0,,,,False,False
U0399,metrics_staleness_min,SOLUSDT,60,,,0,0.00040800605036353543,0.029513782960865986,145,,,,False,False
U0400,metrics_staleness_min,XRPUSDT,60,-3.8625741092416e-05,-0.00399182400327498,437,,,0,0.9968149937170117,,,False,False
U0401,metrics_staleness_min,ALL,60,-1.8416756901797147e-05,-0.002227505158485367,437,6.938538659332475e-05,0.016649831508663674,145,0.9982227094946897,0.5066420148691647,1.0,False,False
U0402,funding_last_bps,BTCUSDT,60,0.0031201417330951097,0.400439915654888,437,-0.005214681719802284,-0.3016207926258009,145,0.6888325296961415,0.6185294222175514,,False,False
U0403,funding_last_bps,ETHUSDT,60,0.0008326689259534739,0.1030020284030302,437,-0.01396151620850931,-1.1900043255299337,145,0.9179613610853617,0.8829776540300039,,False,False
U0404,funding_last_bps,BNBUSDT,60,0.0018893182463153434,0.19020609849860967,437,-0.007452599904361074,-0.47324695462219574,145,0.8491476324487879,0.6819814990133823,,False,False
U0405,funding_last_bps,SOLUSDT,60,-0.005615821505519218,-0.7237739890818518,437,0.010101277026303989,0.8730468081618128,145,0.46920450061493857,0.8086812175527883,,False,False
U0406,funding_last_bps,XRPUSDT,60,0.002949267750650672,0.26727959038402693,437,-0.010811042170370279,-0.808740724106828,145,0.7892538998359611,0.7906678508773477,,False,False
U0407,funding_last_bps,ALL,60,0.0006351150300990764,0.10777967120453508,437,-0.005467712595347794,-0.6596006897141631,145,0.9141704689688378,0.7452449442301526,1.0,False,False
U0408,funding_mean3_bps,BTCUSDT,60,0.004542847642535091,0.5300848248947022,437,-0.00895486475185947,-0.6458162684010288,145,0.5960531200058993,0.740800824526518,,False,False
U0409,funding_mean3_bps,ETHUSDT,60,5.849929493043609e-06,0.0007310676406985524,437,-0.011060930559179671,-1.0738905479642393,145,0.9994166924685431,0.858564129916344,,False,False
U0410,funding_mean3_bps,BNBUSDT,60,0.003617501868035129,0.4312897727426458,437,0.0076836431585017,0.482618343254015,145,0.6662576857953604,0.314683376119973,,False,False
U0411,funding_mean3_bps,SOLUSDT,60,0.006918681124940697,0.8655826617732887,437,0.0025556057901521,0.2013330810588456,145,0.3867190670743268,0.4202190685929472,,False,False
U0412,funding_mean3_bps,XRPUSDT,60,0.004309718128258966,0.3856848274123319,437,-0.013105325063956286,-0.8083113404179036,145,0.6997301010459357,0.7905443120879807,,False,False
U0413,funding_mean3_bps,ALL,60,0.003878919738652584,0.6180923647799491,437,-0.004576374285268324,-0.48275800643113154,145,0.5365144550163283,0.6853662144738559,2.0,False,False
U0414,min_to_funding,BTCUSDT,60,0.0077848547665301596,0.8890882719315136,437,-0.008204774053199526,-0.5192745915320879,145,0.37395564144863647,0.698215365369918,,False,False
U0415,min_to_funding,ETHUSDT,60,0.01306100048772823,1.757769414353186,437,0.004634367588713173,0.27147998555412217,145,0.07878675148056176,0.3930109455567105,,False,False
U0416,min_to_funding,BNBUSDT,60,-0.004380674376153619,-0.49194339004922294,437,-0.011029608186997126,-0.7168464072044145,145,0.6227593633821754,0.23673443670456146,,False,False
U0417,min_to_funding,SOLUSDT,60,0.005453602567029627,0.7122714159665344,437,-0.0023958789233098545,-0.15647395726099125,145,0.47629672080574204,0.562170277263827,,False,False
U0418,min_to_funding,XRPUSDT,60,0.01453894150052927,2.0642395924176973,437,-0.011731219654399789,-0.987985518518561,145,0.03899500531559273,0.838420129734236,,False,False
U0419,min_to_funding,ALL,60,0.007291544989132735,1.0732770518828503,437,-0.005745422645838624,-0.407763749588174,145,0.28314682827524773,0.6582764351406003,1.0,False,False
U0420,hour_sin,BTCUSDT,60,-0.0041630436975890394,-0.5542479265335646,437,-0.012723323918411491,-0.9876965980097757,145,0.579409182681627,0.1616506305639045,,False,False
U0421,hour_sin,ETHUSDT,60,-0.002482704388049522,-0.3082668184919542,437,-0.026866795222223072,-2.183304245353972,145,0.7578793124054501,0.014506706064614185,,False,True
U0422,hour_sin,BNBUSDT,60,-0.016370668660944453,-2.1125726901047654,437,-0.03622359731546014,-2.6370791591933784,145,0.03463735825154377,0.004181165749228601,,False,True
U0423,hour_sin,SOLUSDT,60,0.004684246748744992,0.5595085964195526,437,-0.026311392772626997,-2.3379565694185587,145,0.5758146660507824,0.9903052493844926,,False,False
U0424,hour_sin,XRPUSDT,60,0.004362311996794457,0.5281423930400527,437,-0.007498942010953529,-0.5497493733237611,145,0.5974005090116978,0.708754356409826,,False,False
U0425,hour_sin,ALL,60,-0.002793971600208712,-0.407412909032716,437,-0.021924810247935047,-1.9196120040964892,145,0.6837047473361656,0.027453463319940218,5.0,False,True
U0426,hour_cos,BTCUSDT,60,0.003543230004193069,0.41474569215373863,437,-0.0003224561537540544,-0.02065139215358638,145,0.6783280794903082,0.5082381279089254,,False,False
U0427,hour_cos,ETHUSDT,60,0.01955532663251999,2.270171126514142,437,0.004816410011164478,0.346504892928285,145,0.02319720214409022,0.3644816538429948,,False,False
U0428,hour_cos,BNBUSDT,60,0.03710132357638414,3.954414982503924,437,-0.0028121565633632186,-0.18651521188515777,145,7.672214640156569e-05,0.5739796245987793,,True,False
U0429,hour_cos,SOLUSDT,60,0.023041650897779764,2.6994476756729124,437,0.006047347504647414,0.35671940258662316,145,0.0069454676647705636,0.3606509393760201,,False,False
U0430,hour_cos,XRPUSDT,60,0.0005905360468456826,0.06509438521975586,437,0.009156058920707713,0.6000885406616427,145,0.948098850898582,0.27422361460697176,,False,False
U0431,hour_cos,ALL,60,0.016766413431544534,2.256383539002939,437,0.0033770407438804663,0.2358296835111017,145,0.024046621637811284,0.4067824167945203,3.0,False,False
U0432,dow,BTCUSDT,60,-0.0043210304833685995,-0.5038705132861305,437,-0.017529816530633003,-1.0869971887036385,145,0.6143523726197591,0.13851902606345579,,False,False
U0433,dow,ETHUSDT,60,0.0009051374574397938,0.09705002885230136,437,-0.02154377540337569,-1.4196176508412113,145,0.9226866646476827,0.9221404880405006,,False,False
U0434,dow,BNBUSDT,60,-0.007819024037938098,-0.900744134375754,437,-0.025299743600351407,-1.7099624302124181,145,0.36772437694466453,0.043636410305617004,,False,True
U0435,dow,SOLUSDT,60,0.007971925591594002,0.9940534160336492,437,-0.006675050908748676,-0.41521077410723434,145,0.3201968628090236,0.6610061938574032,,False,False
U0436,dow,XRPUSDT,60,0.004183778834829775,0.5251484653002445,437,-0.009308752810617927,-0.6914066291814029,145,0.5994799868525211,0.7553449803566918,,False,False
U0437,dow,ALL,60,0.00018415747251137197,0.024717708303896826,437,-0.016071427850745345,-1.1380967676467206,145,0.9802801302117179,0.8724599611456555,0.0,False,False
U0438,btc_ret_60_z,BTCUSDT,60,-0.030199961289872092,-4.506445103315379,437,-0.03273800546249845,-3.7357916537285254,145,6.592273037318613e-06,9.356277797738193e-05,,True,True
U0439,btc_ret_60_z,ETHUSDT,60,-0.02234968984164927,-3.1701389795846278,437,-0.025448452087663057,-2.510055424836837,145,0.0015236604147954352,0.006035610676993426,,True,True
U0440,btc_ret_60_z,BNBUSDT,60,-0.026990775174153967,-4.16609106505246,437,-0.023193041448720024,-2.1962100047045023,145,3.0986696376907335e-05,0.014038457805982509,,True,True
U0441,btc_ret_60_z,SOLUSDT,60,-0.016711051799144085,-2.3442200988897466,437,-0.0081094287168277,-0.9774884015632801,145,0.0190669158669202,0.16416370851545586,,False,False
U0442,btc_ret_60_z,XRPUSDT,60,-0.019900569393417847,-3.147024735140462,437,-0.011976264375700303,-1.211698822415686,145,0.0016494100789891785,0.11281384503289715,,True,False
U0443,btc_ret_60_z,ALL,60,-0.02323040949964745,-4.378271126425754,437,-0.020293038418281905,-2.4888251156910344,145,1.1962447673802424e-05,0.0064082996764405695,5.0,True,True
U0444,rel_ret_60_z,BTCUSDT,60,,,0,,,0,,,,False,False
U0445,rel_ret_60_z,ETHUSDT,60,-0.013357996707693555,-1.5690456006933204,437,-0.03826794757619922,-2.51469628751437,145,0.1166373139567706,0.0059567481980827095,,False,True
U0446,rel_ret_60_z,BNBUSDT,60,-0.0043694942002999605,-0.5507139029485417,437,-0.00040946673408729105,-0.03533370044403928,145,0.5818298124782617,0.4859068255159998,,False,False
U0447,rel_ret_60_z,SOLUSDT,60,-0.010823946625278507,-1.261664124741917,437,-0.033274587169903606,-2.9607341598688834,145,0.20706967122355724,0.0015345336058182229,,False,True
U0448,rel_ret_60_z,XRPUSDT,60,-0.03944390997146747,-5.828404378712499,437,-0.0149165521796642,-0.9702906691790516,145,5.595984621099097e-09,0.1659508134790364,,True,False
U0449,rel_ret_60_z,ALL,60,-0.016998836876184878,-3.2836498837537893,437,-0.02171713841496358,-2.443508554463463,145,0.0010247213896040829,0.007272612382330579,4.0,True,True
U0450,ret_5_z,BTCUSDT,240,-0.010120830695452722,-2.1497618708981037,437,-0.00841456385175013,-1.087596622892601,145,0.031574055636406057,0.13838661113620382,,False,False
U0451,ret_5_z,ETHUSDT,240,0.001915376633333826,0.4660211348760455,437,-0.003747799154820303,-0.46805614719753236,145,0.6412003725092612,0.6801277809061873,,False,False
U0452,ret_5_z,BNBUSDT,240,-0.005183567211327737,-1.2225626861127863,437,-0.0028584531630897643,-0.30394128459516234,145,0.22149491379082242,0.3805863120831716,,False,False
U0453,ret_5_z,SOLUSDT,240,0.0017722378674294565,0.45488027001662323,437,0.0018207482610841559,0.18101522353680816,145,0.6491953778515664,0.4281778133763755,,False,False
U0454,ret_5_z,XRPUSDT,240,0.0032055953221541114,0.6051792852136179,437,-0.004417751500428216,-0.48563808367954736,145,0.5450598780769322,0.6863881050778428,,False,False
U0455,ret_5_z,ALL,240,-0.0016822376167726124,-0.5284922089462118,437,-0.003523563881800851,-0.5005925178836959,145,0.597157753189282,0.3083289646333505,4.0,False,False
U0456,ret_15_z,BTCUSDT,240,-0.017622837609204554,-4.778614971521502,437,-0.01543745535843238,-2.5876255691050756,145,1.7650682455846767e-06,0.00483199826308324,,True,True
U0457,ret_15_z,ETHUSDT,240,-0.004800220030040031,-1.1560931443674745,437,-0.012882866016578235,-2.3326473755854518,145,0.24764305991421565,0.009833330137699419,,False,True
U0458,ret_15_z,BNBUSDT,240,-0.01220871520394107,-3.6571026180840964,437,-0.00825390197960053,-1.4916865958252743,145,0.0002550822791624013,0.0678906623454167,,True,False
U0459,ret_15_z,SOLUSDT,240,-0.006797980116093384,-1.8032486365326272,437,-0.007000575386713703,-1.0134553749669102,145,0.07134917524875778,0.15542135049373823,,False,False
U0460,ret_15_z,XRPUSDT,240,-0.01785947278680643,-4.377574669249175,437,-0.005547091640883764,-0.6432272757048539,145,1.200072532290045e-05,0.26003831861773496,,True,False
U0461,ret_15_z,ALL,240,-0.011857845149217094,-4.504359224278867,437,-0.009824378076441723,-1.8676876689334752,145,6.657351179925238e-06,0.030902809210027787,5.0,True,True
U0462,ret_30_z,BTCUSDT,240,-0.019436018705396064,-4.085806530784167,437,-0.01805845027438505,-1.9316104222416919,145,4.392396819400269e-05,0.02670380424465415,,True,True
U0463,ret_30_z,ETHUSDT,240,-0.00661051879023686,-1.1810597663397593,437,-0.014582197159656338,-1.8978863703232518,145,0.23757898154515167,0.028855526096334634,,False,True
U0464,ret_30_z,BNBUSDT,240,-0.01333786021728837,-2.9658661265374415,437,-0.00921128915129863,-1.1491740497055476,145,0.003018318433184093,0.12524210954603404,,True,False
U0465,ret_30_z,SOLUSDT,240,-0.004139756676878626,-0.7941131142466015,437,-0.005695429898552931,-0.5318270984848102,145,0.4271295836764609,0.29742287625808117,,False,False
U0466,ret_30_z,XRPUSDT,240,-0.018585883228604935,-3.1927637381307754,437,-0.000666682170399124,-0.06150667995000291,145,0.0014091819292957502,0.475477847324939,,True,False
U0467,ret_30_z,ALL,240,-0.012422007523680967,-3.5497204466081267,437,-0.009642809730858412,-1.2347798236333556,145,0.00038564043288545245,0.10845622918776748,5.0,True,False
U0468,ret_60_z,BTCUSDT,240,-0.018691071744984456,-2.3585296588805225,437,-0.019081055588090323,-1.7442876401860838,145,0.018347493587616455,0.0405544728862723,,False,True
U0469,ret_60_z,ETHUSDT,240,-0.00446627286941767,-0.5940178220010159,437,-0.015558566953516755,-1.474834124344623,145,0.5525001929576454,0.07012857222553859,,False,False
U0470,ret_60_z,BNBUSDT,240,-0.011927366704829686,-1.7059394124772467,437,-0.007741007224321723,-0.7156604380976478,145,0.0880193607207958,0.23710052241462515,,False,False
U0471,ret_60_z,SOLUSDT,240,-0.0001709212979907415,-0.025334632970416188,437,-0.008520271693397191,-0.6155874303727177,145,0.9797880496743433,0.2690834246401662,,False,False
U0472,ret_60_z,XRPUSDT,240,-0.015715252339693408,-1.9701926359490256,437,0.003971592950310354,0.2884961653427276,145,0.04881629720966319,0.6135165172949983,,False,False
U0473,ret_60_z,ALL,240,-0.010194176991383194,-1.9134640692401428,437,-0.00938586170180313,-0.9882361881672512,145,0.0556886690933221,0.16151849445051736,4.0,False,False
U0474,ret_240_z,BTCUSDT,240,-0.01514034454629903,-1.124476595005643,437,-0.049965063407313416,-2.7046643136087014,145,0.26081089416520087,0.003418672255358738,,False,True
U0475,ret_240_z,ETHUSDT,240,0.0046515275807562815,0.37227135211519413,437,-0.03223628392223836,-1.478005413421716,145,0.7096908259646462,0.9302968353571083,,False,False
U0476,ret_240_z,BNBUSDT,240,-0.006695045837822162,-0.5489638814312828,437,-0.029955846384584584,-1.4618087925841143,145,0.5830302369708689,0.07189680699588111,,False,False
U0477,ret_240_z,SOLUSDT,240,0.010229120659932103,0.8258270753107767,437,-0.016811606987475358,-0.6672829519169658,145,0.4089021928740717,0.7477042930972807,,False,False
U0478,ret_240_z,XRPUSDT,240,-0.009646654830464512,-0.7853179330604924,437,0.011505388225446249,0.4885472447361663,145,0.43226718400957875,0.6874188649899771,,False,False
U0479,ret_240_z,ALL,240,-0.0033202793947794637,-0.3703919294646449,437,-0.02349268249523309,-1.4226907541044682,145,0.7110904862525118,0.07741291103950378,4.0,False,False
U0480,ret_1440_z,BTCUSDT,240,-0.054105000014726096,-3.373059086562401,437,-0.03471144548129604,-1.5446038851941546,145,0.0007433799849826716,0.06122105293350049,,True,False
U0481,ret_1440_z,ETHUSDT,240,-0.048511471725224735,-2.36378101736267,437,-0.025254825332269828,-0.9047115104812222,145,0.018089501550779288,0.18280912076526512,,False,False
U0482,ret_1440_z,BNBUSDT,240,-0.05644676981408703,-3.285293509058931,437,-0.027340773614788667,-1.0297285612094418,145,0.001018761856022436,0.1515687221147327,,True,False
U0483,ret_1440_z,SOLUSDT,240,-0.02310135184780309,-1.396997305519427,437,-0.03753140321475831,-1.6390719459352054,145,0.16241438138897157,0.0505991384374554,,False,False
U0484,ret_1440_z,XRPUSDT,240,-0.016602964961108684,-1.0468052047371932,437,-0.05293113567725243,-1.6512317685623983,145,0.2951894294110484,0.04934562926818305,,False,True
U0485,ret_1440_z,ALL,240,-0.03975351167258992,-3.2051746472203813,437,-0.03555391666407305,-1.6388099209047693,145,0.0013498055146360976,0.05062642618559099,5.0,True,False
U0486,pos_range_60,BTCUSDT,240,-0.023092736542616458,-3.6859557311567057,437,-0.026152740795289252,-2.708424835883759,145,0.00022784595776063416,0.0033801711652258794,,True,True
U0487,pos_range_60,ETHUSDT,240,-0.006971014573560262,-1.1923639428070687,437,-0.01775592036600743,-2.051495347498281,145,0.23311857210477327,0.020109366125367255,,False,True
U0488,pos_range_60,BNBUSDT,240,-0.011081140772557372,-1.8473172886351972,437,-0.01102690031433653,-1.2134611290941308,145,0.06470116872598042,0.11247678357831359,,False,False
U0489,pos_range_60,SOLUSDT,240,-0.0058016853580581595,-1.0480573805018287,437,-0.016942041242678507,-1.6101479346162049,145,0.2946121707649436,0.05368278230262128,,False,False
U0490,pos_range_60,XRPUSDT,240,-0.014598815985986589,-2.062237270159272,437,-0.012418673889412158,-1.0453205954540536,145,0.03918515198040245,0.14793741099023505,,False,False
U0491,pos_range_60,ALL,240,-0.012309078646555767,-2.9490025181944524,437,-0.016859255321544777,-2.0774749219047934,145,0.0031880137838284557,0.018878873751169686,5.0,True,True
U0492,pos_range_240,BTCUSDT,240,-0.022323626309390797,-1.9591944508246764,437,-0.04939015123822459,-4.331410644524005,145,0.0500900187632555,7.407853611474257e-06,,False,True
U0493,pos_range_240,ETHUSDT,240,-8.133612863583603e-05,-0.007698273102000805,437,-0.027519795033283122,-1.6736224931769357,145,0.9938577274157979,0.04710240750913256,,False,True
U0494,pos_range_240,BNBUSDT,240,-0.0035542626663995153,-0.3055837540723213,437,-0.015559092697637682,-1.0223988881153732,145,0.7599215915081186,0.15329607328208855,,False,False
U0495,pos_range_240,SOLUSDT,240,0.0036395343337926466,0.38851621045261,437,-0.015178169121391782,-0.7497200144399931,145,0.6976340601942261,0.7732883246385056,,False,False
U0496,pos_range_240,XRPUSDT,240,-0.010140530364977916,-0.8809625818060541,437,-0.012153652872965824,-0.6968581665722127,145,0.37833807296522104,0.2429457800468306,,False,False
U0497,pos_range_240,ALL,240,-0.006492044227122283,-0.8961930538229979,437,-0.023960172192700593,-2.1082230500638555,145,0.37014966490193046,0.017505850189097585,5.0,False,True
U0498,dist_high_240_z,BTCUSDT,240,-0.03553278264508164,-2.8509479735017407,437,-0.06987262071327073,-3.792628705281059,145,0.0043589100967972435,7.453047437976097e-05,,False,True
U0499,dist_high_240_z,ETHUSDT,240,-0.01792966578221979,-1.4849040034179073,437,-0.060148896704329255,-3.017313126120356,145,0.13756925538924483,0.0012751311447328382,,False,True
U0500,dist_high_240_z,BNBUSDT,240,-0.014653620361624355,-1.169050145605035,437,-0.03243652170924632,-2.0484809265131707,145,0.24238342840028748,0.020256449565299917,,False,True
U0501,dist_high_240_z,SOLUSDT,240,-0.006656487774295007,-0.6273482529393726,437,-0.029632100374365915,-1.3222643147037842,145,0.5304309800258205,0.09304007565338707,,False,False
U0502,dist_high_240_z,XRPUSDT,240,-0.016934723790686702,-1.3642839883779752,437,-0.03364355075028712,-1.8974738864429885,145,0.1724782032461054,0.028882711050845198,,False,True
U0503,dist_high_240_z,ALL,240,-0.018341456070781494,-2.1247395260343267,437,-0.04514673805029987,-2.974331611401695,145,0.033608353373814806,0.001468137822095002,5.0,False,True
U0504,dist_low_240_z,BTCUSDT,240,-0.0007202737333096927,-0.056491407397013194,437,-0.0010705437091705254,-0.04892587481209561,145,0.9549503404994814,0.4804891842161961,,False,False
U0505,dist_low_240_z,ETHUSDT,240,0.010905425058233765,0.9173962018500834,437,0.017387987591653244,0.8099123105795597,145,0.3589350623090787,0.20899528797855071,,False,False
U0506,dist_low_240_z,BNBUSDT,240,0.009273763065460376,0.757008583723516,437,0.01461032139341241,0.7443580923169305,145,0.44904471990911254,0.22832993258078482,,False,False
U0507,dist_low_240_z,SOLUSDT,240,0.016370883951851663,1.5254486863567647,437,0.016308772544250547,0.7304082724043207,145,0.1271472231123045,0.23257033165952723,,False,False
U0508,dist_low_240_z,XRPUSDT,240,-0.00082409079544991,-0.062055189290906865,437,0.01985475542212438,0.9868838972406737,145,0.9505188819484349,0.8381502204071372,,False,False
U0509,dist_low_240_z,ALL,240,0.007001141509357241,0.8775231098926449,437,0.013418258648454008,0.7993148989838884,145,0.38020257216335296,0.21205392094320336,4.0,False,False
U0510,pos_range_1440,BTCUSDT,240,-0.057757872106506826,-3.9642560982939496,437,-0.019546972853367223,-1.01050985394079,145,7.362517927544922e-05,0.1561255403970861,,True,False
U0511,pos_range_1440,ETHUSDT,240,-0.03606490571850633,-2.088064600858784,437,-0.021968081109566946,-0.9976535133799421,145,0.036792007715061394,0.15922370114371437,,False,False
U0512,pos_range_1440,BNBUSDT,240,-0.03798655913315854,-2.5289619875380707,437,-0.01103487246628765,-0.4783653404087423,145,0.011440041652535184,0.3161950989800698,,False,False
U0513,pos_range_1440,SOLUSDT,240,-0.02566158470808147,-1.8789407970640755,437,-0.006666529889870165,-0.25320157210351374,145,0.060252577449266216,0.400056225864031,,False,False
U0514,pos_range_1440,XRPUSDT,240,-0.010430455885953148,-0.7445146467208472,437,-0.02145739533096279,-0.8979400599097807,145,0.4565651835816734,0.18460875303855656,,False,False
U0515,pos_range_1440,ALL,240,-0.033580275510441265,-2.982205791771518,437,-0.016134770330010952,-0.975229209866702,145,0.002861795607321758,0.1647232879937498,5.0,True,False
U0516,dist_high_1440_z,BTCUSDT,240,-0.059929343802098974,-3.5486495596660723,437,-0.019213088134144504,-0.9849983949105438,145,0.00038721203351635116,0.1623124296922009,,True,False
U0517,dist_high_1440_z,ETHUSDT,240,-0.02766775665441496,-1.7767803677324128,437,0.0054210693421610605,0.2629992261313851,145,0.07560438321536998,0.6037244122083096,,False,False
U0518,dist_high_1440_z,BNBUSDT,240,-0.04023512312432766,-2.7133009321814074,437,-0.01084417049064432,-0.49084212557292967,145,0.006661657978864855,0.3117690564731161,,False,False
U0519,dist_high_1440_z,SOLUSDT,240,-0.02357487878179583,-1.605236392251295,437,-0.014044857663544068,-0.5951277978481578,145,0.10844179139828485,0.2758790243150552,,False,False
U0520,dist_high_1440_z,XRPUSDT,240,-0.02217079008528389,-1.4333663595384032,437,-0.018665626071493514,-0.7506031669064136,145,0.15175316687364712,0.22644575733216465,,False,False
U0521,dist_high_1440_z,ALL,240,-0.03471557848958426,-2.9204640060794453,437,-0.011469334603533072,-0.8171744932036338,145,0.003495105685544815,0.2069143583910889,4.0,False,False
U0522,dist_low_1440_z,BTCUSDT,240,-0.040396463021775735,-2.626755387744611,437,-0.023258288690938052,-0.916402041851232,145,0.008620327767422149,0.1797280323938864,,False,False
U0523,dist_low_1440_z,ETHUSDT,240,-0.03470016851648818,-1.8078894805048389,437,-0.05603138671073179,-2.191529668976203,145,0.07062370331787497,0.014206742582009078,,False,True
U0524,dist_low_1440_z,BNBUSDT,240,-0.03194237349889015,-1.894983367835364,437,-0.01822822601909871,-0.6623250589927481,145,0.05809460517799595,0.25388146018158336,,False,False
U0525,dist_low_1440_z,SOLUSDT,240,-0.024279459753869678,-1.6329598091486976,437,0.0013618702529069103,0.03706567812470026,145,0.10247744979495844,0.5147836809491496,,False,False
U0526,dist_low_1440_z,XRPUSDT,240,0.006730126072178391,0.4682360402796377,437,-0.015215214521355184,-0.5491605017114429,145,0.6396158016422786,0.7085523459905332,,False,False
U0527,dist_low_1440_z,ALL,240,-0.024917667743769068,-2.0913997727374265,437,-0.022274249137843368,-0.9255246806725103,145,0.036492242546569555,0.17734652584633298,4.0,False,False
U0528,body_15,BTCUSDT,240,-0.011953806271899048,-2.822074962133758,437,-0.0028323768831975504,-0.4358532044814451,145,0.004771402292025953,0.33147161948476167,,False,False
U0529,body_15,ETHUSDT,240,-0.003500932868191209,-0.8244360117933057,437,0.0031740276565870567,0.489095904288015,145,0.40969185995776247,0.6876130995141452,,False,False
U0530,body_15,BNBUSDT,240,-0.005901942635793796,-1.2935979845872554,437,-0.0004357822724269678,-0.07097674396341444,145,0.1958043189902391,0.4717081322147458,,False,False
U0531,body_15,SOLUSDT,240,-0.005346348361202134,-1.3387181939586257,437,-0.00446941745845978,-0.6459486087759508,145,0.18066243101360702,0.25915631900432823,,False,False
U0532,body_15,XRPUSDT,240,-0.015530053528326765,-4.702828665047465,437,-0.005377441460793492,-0.6260927665208721,145,2.565817239406464e-06,0.2656270482315532,,True,False
U0533,body_15,ALL,240,-0.008446616733082592,-3.038928538734502,437,-0.0019881980836581473,-0.40216589874901043,145,0.0023742116498494045,0.3437809685966555,4.0,True,False
U0534,uwick_15,BTCUSDT,240,0.010412731692518877,1.3050474068463338,437,-0.018314466956596206,-1.0528620307055199,145,0.19187670567015502,0.853797884879794,,False,False
U0535,uwick_15,ETHUSDT,240,0.003008979882346953,0.4792514458584999,437,-0.015864113039973045,-1.1092661601549885,145,0.6317597593115034,0.8663423105739807,,False,False
U0536,uwick_15,BNBUSDT,240,-0.0015280849879982807,-0.18934482660824448,437,-0.00855261382982746,-0.6134927566945927,145,0.849822564143978,0.26977528534913,,False,False
U0537,uwick_15,SOLUSDT,240,-0.0024599788746937916,-0.47261333716667636,437,-0.02296808781869321,-2.1559977998887634,145,0.6364890654307854,0.015541918475772108,,False,True
U0538,uwick_15,XRPUSDT,240,0.007092160755200116,1.1693539501388663,437,-0.026944592391376646,-2.655289286859052,145,0.2422610550710219,0.9960379789218211,,False,False
U0539,uwick_15,ALL,240,0.0033051616934747755,0.7446358970034438,437,-0.01852877480729331,-1.702957101271561,145,0.45649186094820005,0.9557119516077028,0.0,False,False
U0540,lwick_15,BTCUSDT,240,0.010883052737920474,1.3203293891730628,437,0.012342627321850326,0.7605996156854451,145,0.18672506738531347,0.2234481246930678,,False,False
U0541,lwick_15,ETHUSDT,240,0.001830728573904201,0.28914248629880623,437,0.0031364239377002384,0.2264131844998592,145,0.7724723420686523,0.41044003720748284,,False,False
U0542,lwick_15,BNBUSDT,240,0.007873332865198809,1.0568150356405377,437,0.002410775264390676,0.16698469908341654,145,0.2905960108697746,0.43369104412358217,,False,False
U0543,lwick_15,SOLUSDT,240,0.002070396004513537,0.36529132098193295,437,-0.003809279711763178,-0.4325158863823722,145,0.7148939563072627,0.6673167457413548,,False,False
U0544,lwick_15,XRPUSDT,240,0.012531533342389599,1.5490072317409291,437,-0.008469918311681325,-0.8452954213094552,145,0.12137998164566423,0.8010270415765004,,False,False
U0545,lwick_15,ALL,240,0.007037808704785325,1.5464473745209106,437,0.0011221257000993503,0.10632878716087664,145,0.12199656029500938,0.45766074609976537,3.0,False,False
U0546,streak,BTCUSDT,240,-0.002656644253804419,-0.4655425070955288,437,-0.0031187982353572752,-0.36876899563256316,145,0.6415430040027663,0.35614995814924566,,False,False
U0547,streak,ETHUSDT,240,0.011505774642472212,2.0255573860954725,437,0.014592332332838612,2.171601424088491,145,0.04281016216527807,0.01494286975871719,,False,True
U0548,streak,BNBUSDT,240,0.00504680804358064,1.0862578157365095,437,0.0005374627248969501,0.0726965141551057,145,0.2773649446601876,0.4710238112563681,,False,False
U0549,streak,SOLUSDT,240,0.0016330224952289369,0.3910674193770269,437,0.0025828531093177484,0.32948976035173844,145,0.6957474023587161,0.3708927661653221,,False,False
U0550,streak,XRPUSDT,240,0.011048600284498701,2.0022749901654295,437,-0.005071169417513419,-0.5320368754190733,145,0.04525516429436995,0.7026497720713122,,False,False
U0551,streak,ALL,240,0.0053155122423952155,1.427696673858633,437,0.0019045361028365204,0.3569665390820405,145,0.15337918396005787,0.3605584277976108,3.0,False,False
U0552,ema_dist_20_z,BTCUSDT,240,-0.020372018479763297,-4.026828240500658,437,-0.022062638064636007,-2.5234768755627637,145,5.653429862333444e-05,0.005810035139404971,,True,True
U0553,ema_dist_20_z,ETHUSDT,240,-0.0010294142683975184,-0.2021476814120819,437,-0.010606979729187515,-1.3636933840312242,145,0.8398012728502834,0.08633204358566599,,False,False
U0554,ema_dist_20_z,BNBUSDT,240,-0.010704724784155442,-2.526068244675594,437,-0.010259954684407055,-1.2027155784027512,145,0.011534707211429369,0.11454320167811782,,False,False
U0555,ema_dist_20_z,SOLUSDT,240,-0.003474090948729944,-0.7936699829579599,437,-0.008248964088164081,-0.8393764308538176,145,0.42738757935569327,0.2006290527914275,,False,False
U0556,ema_dist_20_z,XRPUSDT,240,-0.01230021863683318,-2.1664349463134696,437,-0.011015449458587229,-0.9968781122778448,145,0.03027796593843324,0.15941183850901258,,False,False
U0557,ema_dist_20_z,ALL,240,-0.009576093423575877,-2.8796507884996845,437,-0.012438797204996377,-1.643500673768907,145,0.00398115868821474,0.05013969302976519,5.0,False,False
U0558,ema_dist_60_z,BTCUSDT,240,-0.02249507451545454,-2.9188019818842363,437,-0.030076098136177332,-2.698498817229623,145,0.0035137935179170247,0.0034826492713464587,,False,True
U0559,ema_dist_60_z,ETHUSDT,240,-0.0044853189465550005,-0.6064447531051063,437,-0.021332325193279888,-1.940941155996885,145,0.5442194581236344,0.02613270762347624,,False,True
U0560,ema_dist_60_z,BNBUSDT,240,-0.01288136967935365,-1.9622784545589171,437,-0.01507858862051689,-1.3319107552613405,145,0.04973007420970279,0.09144475819741033,,False,False
U0561,ema_dist_60_z,SOLUSDT,240,-0.00030621242037797927,-0.04578061057632618,437,-0.01105162555221783,-0.754484669870854,145,0.9634851131236564,0.22527912358746505,,False,False
U0562,ema_dist_60_z,XRPUSDT,240,-0.017598401282754503,-2.199109774673562,437,-0.006663649072827275,-0.4381838008207274,145,0.027870117671074456,0.3306265252417847,,False,False
U0563,ema_dist_60_z,ALL,240,-0.011553275368899133,-2.260442146634151,437,-0.016840457315003846,-1.6317328813169545,145,0.023793823215054848,0.05136788502096391,5.0,False,False
U0564,ema_dist_240_z,BTCUSDT,240,-0.02202832023799261,-1.8539867872774936,437,-0.050672228369246425,-3.523913964863973,145,0.06374105030796813,0.0002126111473204068,,False,True
U0565,ema_dist_240_z,ETHUSDT,240,-0.001413876549046211,-0.12407154807788892,437,-0.03031426410963665,-1.65416584009862,145,0.9012586254110357,0.04904691073807519,,False,True
U0566,ema_dist_240_z,BNBUSDT,240,-0.011815911761093348,-1.0378141856831269,437,-0.02315534172696076,-1.4137936961188167,145,0.2993565712241004,0.07871124251119099,,False,False
U0567,ema_dist_240_z,SOLUSDT,240,0.004911126493594299,0.46626492741184894,437,-0.020108654763996696,-0.8909873962481178,145,0.6410258800402489,0.8135320340533112,,False,False
U0568,ema_dist_240_z,XRPUSDT,240,-0.015475428941052345,-1.3946722849565356,437,0.004030047822646557,0.17536884851249263,145,0.16311468616555047,0.5696050917345971,,False,False
U0569,ema_dist_240_z,ALL,240,-0.009164482199118048,-1.1765815328369607,437,-0.02404408822943879,-1.7477621543481143,145,0.23936257223203627,0.040252610582670156,4.0,False,True
U0570,ema_dist_1440_z,BTCUSDT,240,-0.03870337282583897,-2.6958899249603907,437,-0.04864159359884522,-2.270402765917052,145,0.007020086076426214,0.01159157841297177,,False,True
U0571,ema_dist_1440_z,ETHUSDT,240,-0.026051541471933292,-1.4800216606849503,437,-0.02864341663085321,-1.1050943970750953,145,0.1388674661591593,0.1345593440732344,,False,False
U0572,ema_dist_1440_z,BNBUSDT,240,-0.04907058350284531,-3.060586562413469,437,-0.039921071880425166,-1.5871192351311474,145,0.0022090389498959613,0.05624282109606766,,True,False
U0573,ema_dist_1440_z,SOLUSDT,240,-0.006667187446363825,-0.45838224553781426,437,-0.03237036247202113,-1.4682193009684714,145,0.6466778449013078,0.0710223315564548,,False,False
U0574,ema_dist_1440_z,XRPUSDT,240,-0.013029796057417315,-0.9549801910383313,437,-0.03334800064007581,-1.0361394005754854,145,0.33958771452561987,0.15006855653919848,,False,False
U0575,ema_dist_1440_z,ALL,240,-0.02670449626087974,-2.3501840446672686,437,-0.036584889044444104,-1.871537621838462,145,0.01876413051902954,0.030635300137754985,5.0,False,True
U0576,ema_slope_60_z,BTCUSDT,240,-0.017379740237227947,-2.0442903452536263,437,-0.02670260411304518,-2.378078358120626,145,0.04092487246427209,0.008701563643393128,,False,True
U0577,ema_slope_60_z,ETHUSDT,240,-0.0029423245220134837,-0.3794307344767804,437,-0.01962599646431323,-1.7310433083180385,145,0.7043680310521848,0.04172202022149754,,False,True
U0578,ema_slope_60_z,BNBUSDT,240,-0.01175807647284216,-1.5966035418105955,437,-0.013156490738169161,-1.1741447873508233,145,0.11035410893248332,0.12016851835829079,,False,False
U0579,ema_slope_60_z,SOLUSDT,240,0.001789618393381844,0.24141377730184127,437,-0.01137139593874471,-0.773740785329139,145,0.8092344357450394,0.7804579520159629,,False,False
U0580,ema_slope_60_z,XRPUSDT,240,-0.01610321487435465,-1.8883786798175832,437,-0.0024611765270574457,-0.173305888365688,145,0.0589751314521481,0.4312054977410096,,False,False
U0581,ema_slope_60_z,ALL,240,-0.00927874754261128,-1.6522872968150801,437,-0.014663532756265942,-1.4640976235752705,145,0.09847599767858017,0.0715836382551106,5.0,False,False
U0582,ema_cross_20_60_z,BTCUSDT,240,-0.01971006014607321,-2.155150557110156,437,-0.029405803665129435,-2.5147776780961606,145,0.031150054534022784,0.005955373313228229,,False,True
U0583,ema_cross_20_60_z,ETHUSDT,240,-0.004615657349851932,-0.5677134753901889,437,-0.021321988333327446,-1.7663613716241406,145,0.5702295399695748,0.03866762069101759,,False,True
U0584,ema_cross_20_60_z,BNBUSDT,240,-0.012171000596399315,-1.5493340870402814,437,-0.014550113846968625,-1.2399604039991152,145,0.12130142960441682,0.10749502003109929,,False,False
U0585,ema_cross_20_60_z,SOLUSDT,240,0.001019090887028859,0.130345354477582,437,-0.012372587941766962,-0.7814796539583541,145,0.8962931984370891,0.7827397806601555,,False,False
U0586,ema_cross_20_60_z,XRPUSDT,240,-0.017677795219365574,-1.9664070086360526,437,-0.0014734768032706263,-0.09771459860315598,145,0.04925161449514085,0.46107946151283524,,False,False
U0587,ema_cross_20_60_z,ALL,240,-0.010631084484932237,-1.7805133711828174,437,-0.015824794118092615,-1.5012159530282567,145,0.0749919830316949,0.06664985753055266,5.0,False,False
U0588,adx_60,BTCUSDT,240,0.003514090924910437,0.2705465425084064,437,-0.0009139230549099368,-0.03163019754378865,145,0.7867398156552966,0.5126165193623449,,False,False
U0589,adx_60,ETHUSDT,240,-0.018079507683600383,-1.419598638606592,437,0.0021121679964681687,0.10909659079272781,145,0.15572456199807969,0.543437060547953,,False,False
U0590,adx_60,BNBUSDT,240,0.01405168164774443,1.0577345500734923,437,-0.02478858277722049,-0.9738814203947508,145,0.2901764790401625,0.8349422900515493,,False,False
U0591,adx_60,SOLUSDT,240,0.013733060653617618,0.982611679813077,437,-0.005647328308667959,-0.2906607127109995,145,0.3257985937698199,0.6143445892084245,,False,False
U0592,adx_60,XRPUSDT,240,0.009907560307222249,0.7590465058916344,437,0.008811589262576462,0.42701380399963396,145,0.4478247375021176,0.33468463670097415,,False,False
U0593,adx_60,ALL,240,0.004625377169978867,0.5424486703465761,437,-0.00408521537635075,-0.24372788956139832,145,0.5875094588581706,0.596279214066812,2.0,False,False
U0594,di_diff_60,BTCUSDT,240,-0.01843157106064109,-1.896428067069942,437,-0.04777272851098398,-4.1387382719425725,145,0.05790346344201483,1.7461053167640806e-05,,False,True
U0595,di_diff_60,ETHUSDT,240,-0.0025239340507052493,-0.25811980142964064,437,-0.026671754341179306,-1.830133319642264,145,0.7963144499344448,0.03361500282415073,,False,True
U0596,di_diff_60,BNBUSDT,240,-0.022391508965617396,-2.5428573060079622,437,-0.027569342761710986,-1.775877802857632,145,0.01099501208184951,0.037876530153347805,,False,True
U0597,di_diff_60,SOLUSDT,240,0.0017700448679272276,0.20525730722206706,437,-0.02188081036211779,-1.0381537156837082,145,0.8373710977592237,0.8504007515728195,,False,False
U0598,di_diff_60,XRPUSDT,240,-0.014331670783210649,-1.5198691594653704,437,-0.011915334568800399,-0.7146223314570966,145,0.12854386296446896,0.23742122098208002,,False,False
U0599,di_diff_60,ALL,240,-0.011181727998449431,-1.8132194710135994,437,-0.027161994108958493,-2.253425409651943,145,0.06979797787426938,0.012116169449306765,5.0,False,True
U0600,rsi_14,BTCUSDT,240,-0.02063156712719212,-3.9658974050473557,437,-0.024808180589924993,-2.744569756405374,145,7.312031140121032e-05,0.0030295137932346314,,True,True
U0601,rsi_14,ETHUSDT,240,-0.004266184577625491,-0.8115720555051913,437,-0.012324313095528037,-1.533611242151503,145,0.417037231413,0.0625626604675854,,False,False
U0602,rsi_14,BNBUSDT,240,-0.011832142885447242,-2.4597052710328997,437,-0.010810418052767733,-1.2579833299685685,145,0.013905115425189199,0.10419889252939868,,False,False
U0603,rsi_14,SOLUSDT,240,-0.00508236427411736,-1.14263487697587,437,-0.011746650502177906,-1.077167794729371,145,0.2531902186034488,0.1407026550750568,,False,False
U0604,rsi_14,XRPUSDT,240,-0.01452392155333641,-2.501070679334189,437,-0.012077648087120373,-1.118979485429862,145,0.012381846469818632,0.13157444548552677,,False,False
U0605,rsi_14,ALL,240,-0.011267236083543726,-3.3401687663447457,437,-0.014353442065503808,-1.8020641960055064,145,0.0008372749247260825,0.03576765301153505,5.0,True,True
U0606,rsi_60,BTCUSDT,240,-0.02307751344764824,-2.3715121428431365,437,-0.04062595954418782,-3.6425299467435406,145,0.0177154645655704,0.00013498577925322806,,False,True
U0607,rsi_60,ETHUSDT,240,-0.004311330399495405,-0.4706665670825256,437,-0.024860805813524064,-1.8969226225656854,145,0.6378788629050094,0.028919075604225564,,False,True
U0608,rsi_60,BNBUSDT,240,-0.012879937277163172,-1.4501905129261183,437,-0.0172683549275106,-1.3080204735206094,145,0.14700539990648712,0.09543318258157257,,False,False
U0609,rsi_60,SOLUSDT,240,0.0005541832726390762,0.06946216386571907,437,-0.017365267047076135,-0.9497986980860618,145,0.9446217487400825,0.8288927262270597,,False,False
U0610,rsi_60,XRPUSDT,240,-0.017459006461847476,-1.8622391748305887,437,-0.005321646483432488,-0.3267059997424934,145,0.06256938480851967,0.37194513096286985,,False,False
U0611,rsi_60,ALL,240,-0.011434720862703042,-1.902316615923048,437,-0.021088406763146224,-1.9193390118222167,145,0.057129774707751046,0.027470721942165037,5.0,False,True
U0612,macd_hist_z,BTCUSDT,240,0.00513241625183617,0.3475684910600233,437,-0.024917551055744256,-1.4566140227160211,145,0.7281642730644436,0.9273885226635077,,False,False
U0613,macd_hist_z,ETHUSDT,240,0.014889159728136,1.1734148360060581,437,-0.015761878518833598,-0.7696885420180646,145,0.24062949060666483,0.7792576657770909,,False,False
U0614,macd_hist_z,BNBUSDT,240,0.008821853808982202,0.7121492365611894,437,-0.010328708280939847,-0.5962688664797915,145,0.47637236777470127,0.724502186933187,,False,False
U0615,macd_hist_z,SOLUSDT,240,0.011196335725154442,0.8899711362637109,437,-0.0107006329870418,-0.49325006803221605,145,0.3734813847952635,0.6890820476828337,,False,False
U0616,macd_hist_z,XRPUSDT,240,-0.0035338047723165547,-0.2699020582266655,437,0.018325571228637403,1.1512841788348114,145,0.7872356036864517,0.8751923281066742,,False,False
U0617,macd_hist_z,ALL,240,0.007301192148358455,0.7360233824677862,437,-0.008676639922784416,-0.5945077075252341,145,0.4617164679862743,0.7239137056361572,1.0,False,False
U0618,rv_15_rel,BTCUSDT,240,0.02776051315170271,2.2962758178863134,437,0.04260974395908842,1.930217587274572,145,0.021660115863020683,0.02678994164796839,,False,True
U0619,rv_15_rel,ETHUSDT,240,0.018422309827110715,1.515098962243576,437,0.05108806373321013,2.574969127942992,145,0.12974734445133626,0.005012451705998738,,False,True
U0620,rv_15_rel,BNBUSDT,240,0.01942481897479417,1.6055628173504775,437,0.05183330601293196,3.44732457935604,145,0.10837000067784272,0.00028308397223428397,,False,True
U0621,rv_15_rel,SOLUSDT,240,0.0095354414279423,0.8767132426589039,437,0.051234543042782875,3.150475398021331,145,0.3806424120728903,0.0008150249220914303,,False,True
U0622,rv_15_rel,XRPUSDT,240,0.014900299095150449,1.317866549383975,437,0.04128737232950157,2.3212068041399703,145,0.18754832523569143,0.010137842570461927,,False,True
U0623,rv_15_rel,ALL,240,0.01800867649534007,1.9526892025621208,437,0.04761060581550299,3.2083447115707857,145,0.05085643389485187,0.0006675069097764262,5.0,False,True
U0624,rv_60_rel,BTCUSDT,240,0.03383604638792017,2.3898731335186536,437,0.050892452938598516,1.8339351141798348,145,0.016854193643803056,0.033331813212004055,,False,True
U0625,rv_60_rel,ETHUSDT,240,0.027161177301603185,1.8946787020250138,437,0.05831614085856571,2.4164118847745764,145,0.05813498102678749,0.007837159744149655,,False,True
U0626,rv_60_rel,BNBUSDT,240,0.025384252564863322,1.8098383588504265,437,0.05860955474072596,2.931975053662746,145,0.0703208574631973,0.0016840690041035845,,False,True
U0627,rv_60_rel,SOLUSDT,240,0.016625048045501876,1.2843648199782522,437,0.055125246448387406,2.596980624354798,145,0.1990143362699992,0.0047023614497725096,,False,True
U0628,rv_60_rel,XRPUSDT,240,0.02031514068143363,1.48969815467366,437,0.05245456419460178,2.2995343779701845,145,0.13630362004462745,0.01073730677915587,,False,True
U0629,rv_60_rel,ALL,240,0.024664332996264433,2.285490684427343,437,0.055079591836175876,2.815624027702734,145,0.022284072038535364,0.0024341300848720465,5.0,False,True
U0630,rv_240_rel,BTCUSDT,240,0.04159800405921148,2.7130217864916784,437,0.06737268225172241,2.142554306409896,145,0.0066672722974128705,0.01607445178966713,,False,True
U0631,rv_240_rel,ETHUSDT,240,0.048347624482005046,2.9548140212530893,437,0.06069074236635652,2.030442771765421,145,0.003128575840184148,0.021155776365110804,,True,True
U0632,rv_240_rel,BNBUSDT,240,0.03049352726583185,2.192986545255449,437,0.07485709879206909,3.0092909910326386,145,0.028308348499814315,0.0013092909056641457,,False,True
U0633,rv_240_rel,SOLUSDT,240,0.03026493857418286,2.1334210630037758,437,0.06484330489254238,2.3994044593275468,145,0.03289020072150506,0.0082108823131471,,False,True
U0634,rv_240_rel,XRPUSDT,240,0.02510727056093827,1.612726454987587,437,0.06859296790089188,2.535256765418253,145,0.10680395037718986,0.005618246577318396,,False,True
U0635,rv_240_rel,ALL,240,0.0351622729884339,3.093953224093509,437,0.06727135924071646,2.7554732161089124,145,0.001975086235969975,0.002930365136297265,5.0,True,True
U0636,rv_ratio_60_1440,BTCUSDT,240,0.03234951239348918,2.0843431948494966,437,0.04337023758341695,1.830663194143258,145,0.03712896092080583,0.03357541495278109,,False,True
U0637,rv_ratio_60_1440,ETHUSDT,240,0.035242214145194205,2.396563026782436,437,0.06423926944618763,2.8528289548755783,145,0.016549646995484165,0.002166596902413655,,False,True
U0638,rv_ratio_60_1440,BNBUSDT,240,0.028648559935821136,2.043788155664474,437,0.04104391448614824,2.410765019161576,145,0.040974479772593685,0.007959550541433314,,False,True
U0639,rv_ratio_60_1440,SOLUSDT,240,0.021326504665361217,1.4205771381345076,437,0.03433040932475497,1.6969516764882688,145,0.15543972867242067,0.04485289845197524,,False,True
U0640,rv_ratio_60_1440,XRPUSDT,240,0.014692860872662939,0.9334160583608382,437,0.03721510780354791,1.562415739240515,145,0.35060519236236776,0.05909504082507849,,False,False
U0641,rv_ratio_60_1440,ALL,240,0.026451930402505732,2.1648805820378794,437,0.04403978772881114,2.482626473467379,145,0.030396831623424103,0.006520888105148579,5.0,False,True
U0642,atr_60_rel,BTCUSDT,240,0.036873038699907816,2.372002208252609,437,0.052198996307708655,1.67831262665313,145,0.01769198497600394,0.04664304218136033,,False,True
U0643,atr_60_rel,ETHUSDT,240,0.035273605667938024,2.24133336236564,437,0.061153425600908244,2.1501487199272105,145,0.025004489445327682,0.01577172645206473,,False,True
U0644,atr_60_rel,BNBUSDT,240,0.02957895867122868,2.019989771967873,437,0.06296591416342964,2.558615609999166,145,0.04338444847091037,0.005254493526554347,,False,True
U0645,atr_60_rel,SOLUSDT,240,0.01952070883163626,1.379997935887619,437,0.060911676488070395,2.4751333042219543,145,0.16758728036406312,0.0066593226853047405,,False,True
U0646,atr_60_rel,XRPUSDT,240,0.029126449753075438,1.8829464126068869,437,0.0500510422005927,2.1689831095938175,145,0.05970763049240532,0.015041983127277203,,False,True
U0647,atr_60_rel,ALL,240,0.030074552324757246,2.618017660359499,437,0.05745621095214192,2.505940422754967,145,0.008844222771931486,0.0061063097898868,5.0,False,True
U0648,range_60_z,BTCUSDT,240,0.030099442903666326,2.2311553089162093,437,0.04374971740109964,1.8042523218890512,145,0.025670843145109493,0.03559588019699502,,False,True
U0649,range_60_z,ETHUSDT,240,0.024128478416762935,1.9312830930317693,437,0.061821811203491304,2.9781814790803,145,0.053448053034988605,0.0014498212017067724,,False,True
U0650,range_60_z,BNBUSDT,240,0.025665120361921565,2.0945047831435666,437,0.050700477090325984,2.8254877527774127,145,0.03621503742804832,0.002360434634079885,,False,True
U0651,range_60_z,SOLUSDT,240,0.0247264015551237,2.254751889804847,437,0.04059134008251171,2.2171484570136752,145,0.024148906614212286,0.013306474208627015,,False,True
U0652,range_60_z,XRPUSDT,240,0.024425758212511164,2.01277037358172,437,0.041923252196670154,2.3106435516746924,145,0.04413879202677496,0.010426275779294548,,False,True
U0653,range_60_z,ALL,240,0.02580904028999714,2.7818115398301044,437,0.04775731959481975,2.956212721535086,145,0.005405642040551273,0.0015572110539991124,5.0,False,True
U0654,jump_15,BTCUSDT,240,0.026525871452143815,2.406306505953714,437,0.0351152863965741,1.842100859574583,145,0.01611473810063558,0.03273019905350883,,False,True
U0655,jump_15,ETHUSDT,240,0.01959340905413213,1.7094207095732967,437,0.044028956900336674,2.515672662743709,145,0.08737304749777149,0.005940273394219357,,False,True
U0656,jump_15,BNBUSDT,240,0.01739592713262678,1.5313207376106563,437,0.04839770267335767,3.566979199296558,145,0.12569014276323268,0.00018056006650044262,,False,True
U0657,jump_15,SOLUSDT,240,0.012847068713154264,1.3243686825472774,437,0.03853332842703702,2.556379755950673,145,0.1853806302492561,0.005288380950833906,,False,True
U0658,jump_15,XRPUSDT,240,0.011774356864536794,1.1806835881354825,437,0.03141401915468417,1.8511100444686233,145,0.23772844361829337,0.03207686167905831,,False,True
U0659,jump_15,ALL,240,0.017627326643318755,2.1378160885435196,437,0.039497858710397925,2.966830988993885,145,0.032531672713010586,0.0015044315325766994,5.0,False,True
U0660,sigma_1m_bps,BTCUSDT,240,0.010244400576570029,0.6423037733109602,437,-0.03544989901755513,-1.2311824091358377,145,0.52067596477461,0.8908726754798763,,False,False
U0661,sigma_1m_bps,ETHUSDT,240,0.021727330657759447,1.4105640639663386,437,-0.05040053956449859,-1.6500769388815224,145,0.1583731940108426,0.9505363996158528,,False,False
U0662,sigma_1m_bps,BNBUSDT,240,0.023104851148790233,1.4418487189754903,437,-0.06193837654644042,-2.024337076309501,145,0.14934505551075877,0.9785322593711749,,False,False
U0663,sigma_1m_bps,SOLUSDT,240,0.015626401505014816,0.8679623272285933,437,-0.03344763203180658,-1.0148465242674136,145,0.3854149565434343,0.8449105037720805,,False,False
U0664,sigma_1m_bps,XRPUSDT,240,0.04150286969158302,2.288642706943521,437,-0.07795212487955516,-2.9054854898136617,145,0.022100120387333527,0.9981665807483517,,False,False
U0665,sigma_1m_bps,ALL,240,0.022441170715943513,1.8345764798257718,437,-0.05183771440797118,-1.9137338619718247,145,0.06656846627529257,0.9721729149847416,0.0,False,False
U0666,vol_ratio_30d,BTCUSDT,240,0.013328750701852785,0.8351729788768286,430,-0.04551917127597316,-1.3685252126247964,145,0.4036203213159837,0.9144261322013708,,False,False
U0667,vol_ratio_30d,ETHUSDT,240,0.026360630712582052,1.651296292527565,430,-0.08125112305412534,-2.373926210275074,145,0.09867808896582775,0.9911999663097588,,False,False
U0668,vol_ratio_30d,BNBUSDT,240,0.05909684645185368,3.2270436850927195,430,-0.042989112094127944,-1.2414095337273527,145,0.0012507636279160991,0.8927727504998157,,True,False
U0669,vol_ratio_30d,SOLUSDT,240,0.03626065784654426,2.0956490345136722,430,-0.03809244912702808,-1.0741919927455017,145,0.03611333602669725,0.8586316797765445,,False,False
U0670,vol_ratio_30d,XRPUSDT,240,0.060739935371532466,3.0896948122449173,430,-0.0721183959003382,-2.4291842939295214,145,0.0020036225884267514,0.992433581045228,,True,False
U0671,vol_ratio_30d,ALL,240,0.03915736421687305,3.059937028580223,430,-0.055994050290318544,-1.801558204904312,145,0.0022138353352927024,0.9641925290003737,0.0,True,False
U0672,rvol_15,BTCUSDT,240,0.02338785484052776,1.9040070763673327,437,0.03611824756644792,1.4882941291773484,145,0.056909262584017524,0.06833667127451909,,False,False
U0673,rvol_15,ETHUSDT,240,0.014153054537161792,1.1355893785662716,437,0.03814023595611301,1.8548553656742843,145,0.25612845616409485,0.03180844163074227,,False,True
U0674,rvol_15,BNBUSDT,240,0.010800027219332311,0.9609958401767671,437,0.03660025449751157,1.729764189419376,145,0.3365542594227854,0.041836207488672825,,False,True
U0675,rvol_15,SOLUSDT,240,0.015379779364379287,1.4049558811831704,437,0.046046367416120774,2.3284747217068427,145,0.16003439795370222,0.009943454997926492,,False,True
U0676,rvol_15,XRPUSDT,240,0.027136696133611866,2.167447002494764,437,0.0306894081939574,1.8369719276799028,145,0.030200786616139362,0.03310701984368736,,False,True
U0677,rvol_15,ALL,240,0.018171482419002603,1.987206529648073,437,0.03751890272603013,2.23827607938504,145,0.04689951456301066,0.012601528513454469,5.0,False,True
U0678,rvol_60,BTCUSDT,240,0.025079526055622168,1.7723909522484766,437,0.04255162535054632,1.5298073629654707,145,0.07632968265545229,0.0630322092743629,,False,False
U0679,rvol_60,ETHUSDT,240,0.01631439288481467,1.1446900753620701,437,0.0456418405849561,1.9469306273169982,145,0.25233756409661445,0.02577152609826911,,False,True
U0680,rvol_60,BNBUSDT,240,0.01292047725044206,1.0405305018950923,437,0.04378667404537251,1.7836854141855985,145,0.2980935006494412,0.0372373987747423,,False,True
U0681,rvol_60,SOLUSDT,240,0.01740890898750815,1.3615471762781073,437,0.05272743907592694,2.3167492572336643,145,0.17334083554531854,0.010258697320348344,,False,True
U0682,rvol_60,XRPUSDT,240,0.027072630343362453,1.9081531988662166,437,0.03912381238304281,2.023559865223393,145,0.05637141854560481,0.021507729045143437,,False,True
U0683,rvol_60,ALL,240,0.0197591871043499,1.9015928563275866,437,0.04476627828796893,2.29939673973637,145,0.057224402581590804,0.010741210457566874,5.0,False,True
U0684,vol_chg_15,BTCUSDT,240,0.0007048739934714946,0.3141472893407075,437,-0.0009689984010921747,-0.23431407492569323,145,0.7534091744713541,0.5926294200845372,,False,False
U0685,vol_chg_15,ETHUSDT,240,-0.0017289248826652653,-0.7756538713793738,437,-0.0005499015110601373,-0.15489628594025157,145,0.43795338310921084,0.4384515408498665,,False,False
U0686,vol_chg_15,BNBUSDT,240,-0.0010244880607406274,-0.43951956569669515,437,-0.005399531391090853,-1.2337279576497289,145,0.6602851081285094,0.10865214619769664,,False,False
U0687,vol_chg_15,SOLUSDT,240,-0.0014972220456090997,-0.683196293482787,437,-0.00033882472181618787,-0.11943278889148068,145,0.4944828144555595,0.45246624270935254,,False,False
U0688,vol_chg_15,XRPUSDT,240,0.0012498965875079504,0.5283474086166383,437,1.1479398559785239e-05,0.0025921575607454513,145,0.5972582323807084,0.4989658799096471,,False,False
U0689,vol_chg_15,ALL,240,-0.0004591728816071091,-0.27440075032250305,437,-0.0014491553252999137,-0.4660358466974444,145,0.7837766664586553,0.3205949210419651,4.0,False,False
U0690,taker_imb_15,BTCUSDT,240,-0.013449209391179854,-3.180078192910681,437,-0.016573078183827257,-2.1199920846008475,145,0.001472353172677144,0.017003356412000476,,True,True
U0691,taker_imb_15,ETHUSDT,240,-0.0074723301345708685,-1.700633324082286,437,-0.006559095886537374,-0.7422429781220503,145,0.08901186253994287,0.22897006664094838,,False,False
U0692,taker_imb_15,BNBUSDT,240,-0.014198941018560575,-2.6057260377168654,437,-0.014879082730047215,-1.7465525171620813,145,0.009167975889300295,0.04035749489562501,,False,True
U0693,taker_imb_15,SOLUSDT,240,-0.010114810827081325,-2.608802623577593,437,-0.016431884571160925,-2.5929459747362866,145,0.009085963275407453,0.004757885864789459,,False,True
U0694,taker_imb_15,XRPUSDT,240,-0.0154675254520933,-3.280079552715515,437,-0.010444820559887208,-0.9147444526111759,145,0.0010377781941728465,0.18016290095345744,,True,False
U0695,taker_imb_15,ALL,240,-0.012140563364697184,-4.845035901865598,437,-0.012977592386291998,-2.2280208250393407,145,1.265887859550163e-06,0.012939563163559722,5.0,True,True
U0696,taker_imb_60,BTCUSDT,240,-0.010356719864774246,-1.308887826602883,437,-0.03076431020310387,-2.2783948784815204,145,0.19057235078301882,0.011351530635538605,,False,True
U0697,taker_imb_60,ETHUSDT,240,-0.004358989618360759,-0.5652715518715453,437,-0.01680002905236208,-1.0828219842545854,145,0.5718890753148194,0.13944372276718137,,False,False
U0698,taker_imb_60,BNBUSDT,240,-0.024139583458705312,-2.411037031241287,437,-0.03714589521665504,-2.65834392817316,145,0.015907233230514097,0.003926285598114947,,False,True
U0699,taker_imb_60,SOLUSDT,240,-0.0030474396500702557,-0.4346676666417741,437,-0.024513227461811376,-1.875378918109197,145,0.663803670979452,0.030370306657111303,,False,True
U0700,taker_imb_60,XRPUSDT,240,-0.013079627612108949,-1.6797319088057956,437,-0.010915781262826534,-0.5662970772645822,145,0.09300948851458761,0.2855959234699961,,False,False
U0701,taker_imb_60,ALL,240,-0.0109964720408039,-2.3651716181651925,437,-0.02402784863935178,-2.3001655936840817,145,0.01802171755928689,0.010719420136322879,5.0,False,True
U0702,taker_imb_240,BTCUSDT,240,-0.0011035905321665341,-0.07571535626207818,437,-0.03948337340436516,-1.6293422622189497,145,0.9396455585340548,0.0516202920864528,,False,False
U0703,taker_imb_240,ETHUSDT,240,0.00232556029813587,0.18849918497460513,437,-0.03118852703655238,-1.4039576942828733,145,0.8504853543610539,0.9198342761252973,,False,False
U0704,taker_imb_240,BNBUSDT,240,-0.014737090001983795,-1.123187313437679,437,-0.06557883076839321,-2.9552513318739,145,0.26135794949739966,0.0015620721584208943,,False,True
U0705,taker_imb_240,SOLUSDT,240,0.023468649332654926,1.9045237931711936,437,-0.03717116142490394,-1.2753703276884802,145,0.056842000935892,0.898910901997961,,False,False
U0706,taker_imb_240,XRPUSDT,240,-0.022554570161271534,-1.7806639160895434,437,-0.0018683298301000466,-0.06365247803651626,145,0.07496737132741008,0.4746234724985229,,False,False
U0707,taker_imb_240,ALL,240,-0.0025202082129262165,-0.32016989066511864,437,-0.035058044492862955,-1.9505571550479412,145,0.7488395465583062,0.02555487406251337,5.0,False,True
U0708,pv_corr_60,BTCUSDT,240,-0.010287624141820407,-1.1766197626682346,437,-0.020781887912349608,-1.786727047274138,145,0.2393473061998842,0.036990807670352725,,False,True
U0709,pv_corr_60,ETHUSDT,240,-0.004246432137519763,-0.5025675706781704,437,-0.0248734549427878,-1.3773982397066462,145,0.6152683342015349,0.08419457841202543,,False,False
U0710,pv_corr_60,BNBUSDT,240,-0.010482992182013373,-1.2606117051308277,437,-0.023577488606731287,-1.7659606042447469,145,0.20744877934224704,0.03870122923504078,,False,True
U0711,pv_corr_60,SOLUSDT,240,0.005584456650575078,0.6091573193239052,437,-0.014632623251096226,-0.773139852267388,145,0.5424201674172267,0.7802801909988705,,False,False
U0712,pv_corr_60,XRPUSDT,240,-0.0033951304032244847,-0.451692793408364,437,-0.0031572083969751085,-0.23468812222978716,145,0.6514903106077832,0.40722540369041843,,False,False
U0713,pv_corr_60,ALL,240,-0.004565544442800588,-0.8199282798596469,437,-0.017404532621988007,-1.5056716787724922,145,0.4122569940691422,0.06607573887738617,5.0,False,False
U0714,trade_size_rel,BTCUSDT,240,-0.00024839752614156524,-0.01565091633793866,437,-0.010400442297449087,-0.441207273131455,145,0.9875128852825412,0.3295314741519164,,False,False
U0715,trade_size_rel,ETHUSDT,240,-0.017953758323586103,-1.304066796928559,437,0.019285352663533026,0.8463266222571072,145,0.19221080849438876,0.8013147198306394,,False,False
U0716,trade_size_rel,BNBUSDT,240,-0.04007626159490595,-3.4275495121174657,437,-0.003493603831477727,-0.16385721925025112,145,0.000609055227231544,0.4349217729536189,,True,False
U0717,trade_size_rel,SOLUSDT,240,0.010898800723986756,0.7564315739806854,437,0.03535362307809844,1.4634203881207388,145,0.4493904834571423,0.07167619160913655,,False,False
U0718,trade_size_rel,XRPUSDT,240,0.012535593911300972,0.7781859789729403,437,0.00934515266247016,0.5115938035480282,145,0.43645938136635587,0.30446766153611804,,False,False
U0719,trade_size_rel,ALL,240,-0.006968804561869178,-0.6984960234526191,437,0.010018016455034964,0.6228918617614554,145,0.4848670438615057,0.7333222068189439,2.0,False,False
U0720,breakout_240,BTCUSDT,240,-0.009675737631247579,-1.9586104891440768,437,-0.006418503491638118,-0.6511849984331537,145,0.05015842025335544,0.2574635365129044,,False,False
U0721,breakout_240,ETHUSDT,240,-0.0005314469425243982,-0.10449167082191814,437,-0.01164635084308951,-0.9488221274061692,145,0.9167791778182055,0.17135554292830402,,False,False
U0722,breakout_240,BNBUSDT,240,-0.002671828260307534,-0.4986417022062477,437,-0.0029460581900482194,-0.3923560057280342,145,0.6180318211199596,0.3473975937979949,,False,False
U0723,breakout_240,SOLUSDT,240,-0.0029805624484142016,-0.6336537756500087,437,-0.011165283033768207,-1.1168165234124563,145,0.5263067977874576,0.13203639121105937,,False,False
U0724,breakout_240,XRPUSDT,240,-0.008799757659383265,-1.734887716901033,437,-0.005585827859689255,-0.6335156524996416,145,0.08276069520653334,0.2631984813129383,,False,False
U0725,breakout_240,ALL,240,-0.004931866588375395,-1.8021643712144435,437,-0.007552404683646662,-1.0627642197638516,145,0.0715195484442424,0.14394444468997714,5.0,False,False
U0726,breakdown_240,BTCUSDT,240,0.0028975647237909708,0.49627799401021694,437,-3.323004083486044e-05,-0.004353124188062403,145,0.6196982900542765,0.5017366398056567,,False,False
U0727,breakdown_240,ETHUSDT,240,0.00033679712764151564,0.06877088369941911,437,-0.00721660546059138,-0.8003356368045085,145,0.9451719946420031,0.7882418195092677,,False,False
U0728,breakdown_240,BNBUSDT,240,0.006777967730224922,1.120589794366907,437,-0.014823137297772904,-1.9053540463047256,145,0.26246251112849006,0.9716329677886436,,False,False
U0729,breakdown_240,SOLUSDT,240,0.011485741076306335,2.079365007924597,437,0.0014039071402132304,0.18180414801814856,145,0.037583814185991625,0.42786821456374485,,False,False
U0730,breakdown_240,XRPUSDT,240,0.009755213082443162,1.7999033664330477,437,0.0005360425868203276,0.06806621118896085,145,0.07187589802375333,0.47286646375925945,,False,False
U0731,breakdown_240,ALL,240,0.006250656748081379,1.6977850527567546,437,-0.004026604614433118,-0.8566780040578287,145,0.0895483380369551,0.8041885685905715,2.0,False,False
U0732,false_breakout_15,BTCUSDT,240,-0.00881737395509316,-1.2949893597473527,437,-0.01399833469977441,-1.2406621831765452,145,0.1953239000536583,0.10736528499096037,,False,False
U0733,false_breakout_15,ETHUSDT,240,-0.004396378304770082,-0.7312994836694415,437,-0.012729090993621055,-1.0128410743257004,145,0.46459624580263226,0.15556803898872634,,False,False
U0734,false_breakout_15,BNBUSDT,240,-0.002442269881977118,-0.3781382654682683,437,-0.01230657516316281,-1.0875736838767405,145,0.7053278833029686,0.13839167677345315,,False,False
U0735,false_breakout_15,SOLUSDT,240,0.0003916361176369864,0.0602497920776927,437,-0.023183278844298782,-2.255078282839009,145,0.9519566893692611,0.987935792235498,,False,False
U0736,false_breakout_15,XRPUSDT,240,-0.007160890981137643,-1.2309463199781023,437,-0.0033813605110821687,-0.22888737517725075,145,0.2183429418287982,0.4094782266337408,,False,False
U0737,false_breakout_15,ALL,240,-0.004485055401068204,-1.0869694592028247,437,-0.013119728042387844,-1.4449094793709705,145,0.2770503071895949,0.07424165667106701,5.0,False,False
U0738,false_breakdown_15,BTCUSDT,240,0.012534457183330402,1.9459507666699758,437,0.01536463579406923,1.4643513691714702,145,0.05166065388935917,0.0715489841234871,,False,False
U0739,false_breakdown_15,ETHUSDT,240,0.0038574874148681153,0.6633059983483937,437,0.01573186370101556,1.7239511402986651,145,0.5071345956757165,0.04235833199532432,,False,True
U0740,false_breakdown_15,BNBUSDT,240,0.010345962250683812,1.5832370524473522,437,-0.00021761168412670235,-0.019487888796030518,145,0.11336744419599636,0.5077740507247241,,False,False
U0741,false_breakdown_15,SOLUSDT,240,0.0007020562613803691,0.1259939393018356,437,0.01344157027354843,1.3399956889475557,145,0.8997367220806601,0.09012337324984482,,False,False
U0742,false_breakdown_15,XRPUSDT,240,0.010351508375064015,1.6254120877173557,437,-0.008086592006917212,-0.972492975611174,145,0.10407478200230312,0.8345973211265999,,False,False
U0743,false_breakdown_15,ALL,240,0.007558294297065344,1.8244111833668666,437,0.007246773215517861,1.225344240549648,145,0.0680899325495752,0.11022277309955769,3.0,False,False
U0744,dc2_mode,BTCUSDT,240,0.000589546340580651,0.0480597546241557,437,-0.012733910977534348,-0.8401378046134321,145,0.961668620277367,0.799584437174016,,False,False
U0745,dc2_mode,ETHUSDT,240,0.0003257860423315046,0.026149956168687774,437,-0.021233732133339418,-1.1177776475659627,145,0.9791377314078993,0.8681690148242684,,False,False
U0746,dc2_mode,BNBUSDT,240,0.022599050636997693,1.750274648511622,437,0.0304859469929116,1.8538009662863155,145,0.08007093324109471,0.031883820100667176,,False,True
U0747,dc2_mode,SOLUSDT,240,0.01788294307489311,1.532001422629675,437,0.004881946187475805,0.1623211085183653,145,0.12552208369517742,0.43552649645774,,False,False
U0748,dc2_mode,XRPUSDT,240,-0.015843191495234027,-1.3568164856445637,437,-0.0015259912352043,-0.08508505715899743,145,0.17483952797720226,0.466096884942101,,False,False
U0749,dc2_mode,ALL,240,0.0051108269199137855,0.7323568287801766,437,-2.5148233138132294e-05,-0.0019097620843356888,145,0.46395080155650303,0.5007618843778261,2.0,False,False
U0750,dc2_overshoot,BTCUSDT,240,-0.0049775827034536394,-0.4157690801948682,437,0.010223880352361492,0.41971044752790326,145,0.6775789863911554,0.662651504012136,,False,False
U0751,dc2_overshoot,ETHUSDT,240,-0.014898848433489119,-1.089378879991011,437,0.006528714338139438,0.2723038601953659,145,0.2759868410016467,0.6073058058358723,,False,False
U0752,dc2_overshoot,BNBUSDT,240,0.03792999398446911,2.8070033359311273,437,-0.032507185800212,-1.0362081732716133,145,0.00500047238559823,0.84994748273282,,False,False
U0753,dc2_overshoot,SOLUSDT,240,-0.011742224046597288,-0.854964535647438,437,-0.013593437504555403,-0.4052856186927449,145,0.3925707812894569,0.34263378818086115,,False,False
U0754,dc2_overshoot,XRPUSDT,240,-0.01076718088611706,-0.8321793272044666,437,0.010904797597314796,0.4198733021215857,145,0.405307730805912,0.662710993914869,,False,False
U0755,dc2_overshoot,ALL,240,-0.0008911684170375995,-0.11955157848195645,437,-0.003688646203390331,-0.18545942748431554,145,0.9048383792841229,0.4264343501828238,2.0,False,False
U0756,dc2_pullback,BTCUSDT,240,0.0025869814508100754,0.3299536368247867,437,0.0022971919634905123,0.14151045518759245,145,0.7414349944645979,0.44373335055623864,,False,False
U0757,dc2_pullback,ETHUSDT,240,-0.01691819690641339,-2.1944156709399114,437,0.0016943217003318938,0.12571424041878235,145,0.028205540330001583,0.5500209354609709,,False,False
U0758,dc2_pullback,BNBUSDT,240,0.0021427014786352325,0.2586622754601391,437,-0.013439679863494937,-1.1935398155910206,145,0.7958958289722127,0.8836709857461111,,False,False
U0759,dc2_pullback,SOLUSDT,240,0.009843539073781667,1.1602097911144573,437,0.018182718400344328,1.1467915426634883,145,0.2459634015588188,0.1257338927037917,,False,False
U0760,dc2_pullback,XRPUSDT,240,-0.0067295075301224494,-0.724139742559467,437,-0.0005802460554191122,-0.03431356706636866,145,0.46897994769096063,0.48631355314325214,,False,False
U0761,dc2_pullback,ALL,240,-0.0018148964866617728,-0.3677466306442269,437,0.0016308612290505374,0.18744768373382728,145,0.7130621670255447,0.5743451805551538,2.0,False,False
U0762,dc2_age,BTCUSDT,240,-0.025560292987790348,-1.8961821818534412,437,-0.021819938542913836,-1.0386354789569026,145,0.05793595846435417,0.14948714939946944,,False,False
U0763,dc2_age,ETHUSDT,240,-0.022249966312003412,-1.7549830755804632,437,-0.0599935756153042,-2.727883503056782,145,0.07926220271009993,0.0031871057504795136,,False,True
U0764,dc2_age,BNBUSDT,240,0.005313677963995994,0.3754252490118352,437,-0.08026351442642339,-3.222104888964833,145,0.7073442298572109,0.9993637372939325,,False,False
U0765,dc2_age,SOLUSDT,240,-0.024491550630196687,-1.9817345145282432,437,-0.04844252569861567,-1.7164877686452176,145,0.047508962123887596,0.043036402372294086,,False,True
U0766,dc2_age,XRPUSDT,240,-0.023124590189476976,-1.7581916770873975,437,-0.018109700460048703,-0.9949573768519853,145,0.07871490090834464,0.15987849751663274,,False,False
U0767,dc2_age,ALL,240,-0.018022544431094283,-2.240130899961453,437,-0.04572585094866117,-2.8348063731949726,145,0.025082426022640953,0.002292673383721741,5.0,False,True
U0768,dc4_mode,BTCUSDT,240,-0.04044560322197676,-2.8495955053402846,437,-0.022983024242957114,-0.8190209334719818,145,0.0043774861105624644,0.206387235152393,,False,False
U0769,dc4_mode,ETHUSDT,240,-0.0200333990998187,-1.061217265878507,437,-0.010519467215387126,-0.3575046787271276,145,0.28859117453985184,0.3603570121027655,,False,False
U0770,dc4_mode,BNBUSDT,240,-0.0026674929488214785,-0.15323740268913538,437,-0.00634239528657761,-0.2844518526943704,145,0.8782110628931916,0.38803206330913326,,False,False
U0771,dc4_mode,SOLUSDT,240,-0.025343672780387454,-1.8606251485208871,437,0.00021233074020139868,0.006934805608645667,145,0.06279713086441076,0.5027665649889127,,False,False
U0772,dc4_mode,XRPUSDT,240,0.004790890390296784,0.3123480314733867,437,-0.010295601917621622,-0.483747739285339,145,0.7547760407901265,0.6857175458355104,,False,False
U0773,dc4_mode,ALL,240,-0.016739855532141523,-1.5212145839418052,437,-0.009985631584468418,-0.4782891048171931,145,0.12820599682072412,0.3162222249463648,4.0,False,False
U0774,dc4_overshoot,BTCUSDT,240,-0.012184287158047265,-0.6980182429927381,437,-0.019033059383893623,-0.7442500187985871,145,0.4851657853069882,0.22836261636057498,,False,False
U0775,dc4_overshoot,ETHUSDT,240,0.008706392753236923,0.496825043358355,437,-0.05141266215583434,-1.915031476874214,145,0.6193124333967515,0.9722557552566735,,False,False
U0776,dc4_overshoot,BNBUSDT,240,-0.0066918633874516855,-0.41140614613684956,437,-0.008747144475451805,-0.34525947708316906,145,0.6807747479312293,0.36494965414078334,,False,False
U0777,dc4_overshoot,SOLUSDT,240,-0.0014303117505423727,-0.08338113815917379,437,0.026686104421735506,0.9582485556567263,145,0.9335484858483903,0.8310312809652445,,False,False
U0778,dc4_overshoot,XRPUSDT,240,0.02947724469958533,1.9091279584506233,437,0.032538969401210475,0.8335692506793371,145,0.05624558686027316,0.2022618796000309,,False,False
U0779,dc4_overshoot,ALL,240,0.003575435031356189,0.3950354354001266,437,-0.003993558438446761,-0.21781417006789347,145,0.6928167366315197,0.586213048245201,2.0,False,False
U0780,dc4_pullback,BTCUSDT,240,0.007854482745389512,0.7025625591114836,437,-0.03264258535139989,-2.205991375857291,145,0.4823284023498884,0.9863076982224053,,False,False
U0781,dc4_pullback,ETHUSDT,240,0.006288477666139868,0.49030964719007114,437,-0.048551201757352266,-1.9750886883972671,145,0.6239148014475366,0.9758709578591093,,False,False
U0782,dc4_pullback,BNBUSDT,240,0.021639761766624608,1.4459474104643997,437,-0.01173961379906922,-0.4903874375398367,145,0.14819195274102145,0.6880701177624401,,False,False
U0783,dc4_pullback,SOLUSDT,240,-0.007631327318205811,-0.6643384323740847,437,-0.03881843413665347,-1.5381376800913844,145,0.5064737283640854,0.062007477334330666,,False,False
U0784,dc4_pullback,XRPUSDT,240,0.008981575008638526,0.7463500861489446,437,0.008319327123268357,0.4818476394391512,145,0.4554559627651744,0.3149570921716961,,False,False
U0785,dc4_pullback,ALL,240,0.007426593973717341,1.0995727201852425,437,-0.024686501584241297,-1.6866522843766094,145,0.27151833331977715,0.9541648839394609,1.0,False,False
U0786,dc4_age,BTCUSDT,240,-0.03410775666676973,-2.165139324390842,437,-0.04662706238609454,-1.6548607475191814,145,0.03037701725407367,0.04897637404730287,,False,True
U0787,dc4_age,ETHUSDT,240,-0.0028761583432428046,-0.16387151415111986,437,-0.0228871347762252,-0.9701961207246115,145,0.8698322923331703,0.16597437200502174,,False,False
U0788,dc4_age,BNBUSDT,240,-0.04700670927034646,-2.9554623909648816,437,-0.01414570664612572,-0.5612691055569711,145,0.0031220075802267915,0.2873070496266878,,True,False
U0789,dc4_age,SOLUSDT,240,-0.02587334243158186,-1.5599780612537157,437,0.016505536443920898,0.636681528200939,145,0.11876506572413993,0.7378338460285131,,False,False
U0790,dc4_age,XRPUSDT,240,0.023710344384018648,1.3762283347896656,437,0.0076011868376225575,0.2648176646848552,145,0.16875095229016424,0.3955749640631946,,False,False
U0791,dc4_age,ALL,240,-0.017230724465584445,-1.5958817257436297,437,-0.011910636105380401,-0.5932111392787304,145,0.11051520224203874,0.2765199293596238,3.0,False,False
U0792,oi_chg_60,BTCUSDT,240,-0.023259668763916275,-2.0925942509688853,437,-0.026493964973057088,-1.2673029337542312,145,0.036385390210788265,0.10252349596232752,,False,False
U0793,oi_chg_60,ETHUSDT,240,-0.017663517588958805,-1.622686882016941,437,-0.005628310199032617,-0.3525104352726382,145,0.10465635702536336,0.3622277469419516,,False,False
U0794,oi_chg_60,BNBUSDT,240,-0.020339507525073162,-2.1519312674497613,437,-0.07120669323027219,-3.4657502669480165,145,0.03140276817646082,0.0002643770826761538,,False,True
U0795,oi_chg_60,SOLUSDT,240,-0.021069175379839947,-2.538572698161613,437,-0.010821329735546725,-0.5325302954917855,145,0.011130567530029828,0.2971793824631589,,False,False
U0796,oi_chg_60,XRPUSDT,240,-0.02268141126154361,-2.077624928230979,437,-0.001742712271067646,-0.06540956402801366,145,0.03774391834418746,0.4739239546977931,,False,False
U0797,oi_chg_60,ALL,240,-0.021002656103866358,-4.059945112714477,437,-0.023178602081795247,-1.5320398427092587,145,4.908425290761636e-05,0.06275630155867475,5.0,True,False
U0798,oi_chg_240,BTCUSDT,240,-0.016359712765307396,-1.0289486796227163,437,-0.034052566465399635,-1.2426192769871947,145,0.3035037915136447,0.10700408145746987,,False,False
U0799,oi_chg_240,ETHUSDT,240,-0.021742353150018046,-1.3712975909162293,437,-0.0004578356119757076,-0.015660759422073442,145,0.17028220638708358,0.4937525163000527,,False,False
U0800,oi_chg_240,BNBUSDT,240,-0.023163011888467942,-1.5567865724939995,437,-0.0939378575105709,-3.9915825916014165,145,0.1195211662315157,3.281691098541907e-05,,False,True
U0801,oi_chg_240,SOLUSDT,240,-0.02656969837633942,-2.056125591142157,437,-0.03631803554623671,-1.2425451864276795,145,0.03977041211373854,0.10701773971502576,,False,False
U0802,oi_chg_240,XRPUSDT,240,-0.02220372409370987,-1.3115173317513236,437,-0.013709344544795273,-0.3122617318838034,145,0.18968304209527276,0.3774208102490982,,False,False
U0803,oi_chg_240,ALL,240,-0.02200770005476853,-3.0336213378085737,437,-0.03569512793579565,-1.807107395749503,145,0.002416375169560849,0.035372767870567444,5.0,True,True
U0804,oi_chg_1440,BTCUSDT,240,-0.0245142122807672,-1.5148893529352512,437,-0.0783976439565651,-2.6121676939243446,145,0.12980042711351922,0.004498505537291469,,False,True
U0805,oi_chg_1440,ETHUSDT,240,0.007034028808948024,0.41639837785330824,437,-0.03661409981276726,-1.1381539505451608,145,0.6771185152576757,0.872471898251365,,False,False
U0806,oi_chg_1440,BNBUSDT,240,-0.012844300188738882,-0.696315564118807,437,-0.03598720529517813,-1.5429914920482306,145,0.48623122818278275,0.061416420110175125,,False,False
U0807,oi_chg_1440,SOLUSDT,240,0.01012497508513455,0.6078851363341164,437,-0.030712595693514637,-0.9828399183705118,145,0.5432636583530208,0.8371568840720369,,False,False
U0808,oi_chg_1440,XRPUSDT,240,-0.007890549572775619,-0.41113961673689386,437,0.05678385801962399,1.74930357646151,145,0.680970161955608,0.9598807209561259,,False,False
U0809,oi_chg_1440,ALL,240,-0.0056180116296398255,-0.6583995371783445,437,-0.02498553734768023,-1.5756586967803894,145,0.5102814327175723,0.05755224050004812,4.0,False,False
U0810,oi_price_60,BTCUSDT,240,0.004372708207382639,0.5180585859766519,437,0.021153371535389195,1.980958411605845,145,0.6044173939953075,0.02379796883329516,,False,True
U0811,oi_price_60,ETHUSDT,240,0.014327113933975509,1.8385724071192238,437,0.024559556845002647,2.1003469985602234,145,0.06597810284683395,0.017849163878069254,,False,True
U0812,oi_price_60,BNBUSDT,240,-0.0018565352329254633,-0.232187132724358,437,-0.0053500336962900245,-0.34916318803994034,145,0.8163926712977047,0.363483400386051,,False,False
U0813,oi_price_60,SOLUSDT,240,-0.013649676087611553,-1.9878318739109622,437,0.0019366483498769469,0.17172645362286332,145,0.046830287302337105,0.568173706116161,,False,False
U0814,oi_price_60,XRPUSDT,240,-0.002824465600148483,-0.31584665403973816,437,0.037403461129985445,2.0575704015958443,145,0.7521189045115508,0.9801843048258172,,False,False
U0815,oi_price_60,ALL,240,7.382904413453046e-05,0.01971901687369957,437,0.015940600832792844,2.1051799716320967,145,0.9842675204574488,0.017637822494043283,4.0,False,True
U0816,ls_acct,BTCUSDT,240,0.004672786830537951,0.2969998257242236,437,0.009614048352900851,0.3096218982130042,145,0.7664666421885636,0.37842425086449494,,False,False
U0817,ls_acct,ETHUSDT,240,-0.0038835681861441687,-0.19615126689219503,437,0.019504333827838248,0.5216700831126786,145,0.8444917703926669,0.6990499709942976,,False,False
U0818,ls_acct,BNBUSDT,240,0.006095039101523029,0.3927835731808261,437,0.025255395060209292,0.5955337518926236,145,0.6944793383022265,0.27574337241326585,,False,False
U0819,ls_acct,SOLUSDT,240,-0.014017868662735666,-0.8797513781231514,437,0.05391035681533681,1.327734241701858,145,0.3789940097049156,0.9078670413249808,,False,False
U0820,ls_acct,XRPUSDT,240,-0.006436297683104093,-0.314199104145718,437,-0.011408207632939404,-0.297217236671259,145,0.7533698230471315,0.383150331597656,,False,False
U0821,ls_acct,ALL,240,-0.002713981719984588,-0.2689987156597881,437,0.019375185284669156,0.5558081911983596,145,0.7879306710084789,0.7108290073634558,1.0,False,False
U0822,top_ls_pos,BTCUSDT,240,-0.02909835095915332,-1.8105871886277967,437,-0.01017871574600086,-0.37659691804876344,145,0.07020477680850047,0.3532365892366234,,False,False
U0823,top_ls_pos,ETHUSDT,240,-0.014514026996082896,-0.8488232805247069,437,-0.0010376984188618054,-0.03959475888747885,145,0.3959796338415277,0.4842081029830067,,False,False
U0824,top_ls_pos,BNBUSDT,240,-0.025321787307944814,-2.054658423414953,437,0.03238895818392301,1.2664848677859915,145,0.039912008390925735,0.8973302281639388,,False,False
U0825,top_ls_pos,SOLUSDT,240,-0.010804780531370935,-0.6166811508170149,437,0.0005903801705577839,0.020010996595159217,145,0.5374450563487758,0.5079826998458554,,False,False
U0826,top_ls_pos,XRPUSDT,240,0.01543078124745967,0.7376128590906726,437,-0.03459609233300905,-1.412727386701744,145,0.46074973899330485,0.9211320520812722,,False,False
U0827,top_ls_pos,ALL,240,-0.01286163290941846,-1.2636774545507359,437,-0.002566633628678182,-0.13113585967740066,145,0.20634582046402405,0.44783391708631143,3.0,False,False
U0828,top_ls_acct,BTCUSDT,240,0.003238054032837694,0.2015664867017197,437,0.009466030104078482,0.2961050376423128,145,0.8402556471572685,0.3835749334646398,,False,False
U0829,top_ls_acct,ETHUSDT,240,4.046946728095955e-05,0.0020534222616029616,437,0.0203697199147844,0.5719536580086377,145,0.9983616072320505,0.28367668529350887,,False,False
U0830,top_ls_acct,BNBUSDT,240,0.009005059141363793,0.49493752735400387,437,0.038110325611771856,1.1287738698778136,145,0.6206442196544647,0.12949661911934135,,False,False
U0831,top_ls_acct,SOLUSDT,240,-0.013118058225505134,-0.8185790965889056,437,0.05245662821069487,1.2963321126919911,145,0.4130265972429398,0.902569455192019,,False,False
U0832,top_ls_acct,XRPUSDT,240,0.005049781510435351,0.257590427235679,437,-0.009449537106906087,-0.24114207079888486,145,0.7967230184190592,0.5952774965550229,,False,False
U0833,top_ls_acct,ALL,240,0.0008430611852825332,0.082071298657846,437,0.02219063334688471,0.6802149296150922,145,0.9345900164613056,0.24818419023453203,4.0,False,False
U0834,taker_lsr_5m,BTCUSDT,240,-0.004114780620169089,-0.9865427971225363,437,-0.014325411482845728,-1.6838013184749148,145,0.3238668248024591,0.04611003616673614,,False,True
U0835,taker_lsr_5m,ETHUSDT,240,-0.0027359492236776043,-0.6482432778420825,437,0.0022275855002377633,0.20446126888713714,145,0.5168276145410153,0.5810034722025146,,False,False
U0836,taker_lsr_5m,BNBUSDT,240,-0.013154822834403359,-2.6254416707198738,437,-0.004303177102350087,-0.4076887763560591,145,0.008653663442611113,0.341751089242184,,False,False
U0837,taker_lsr_5m,SOLUSDT,240,-0.004793967193939754,-1.2047940999799727,437,-0.012950033351168193,-1.905473256475747,145,0.22828279823038067,0.02835929029726811,,False,True
U0838,taker_lsr_5m,XRPUSDT,240,0.0008375712405102977,0.18147400661744265,437,0.0018694088545284948,0.2048234613768514,145,0.8559955341094774,0.41885502803722635,,False,False
U0839,taker_lsr_5m,ALL,240,-0.004792389726335901,-1.7255418618649818,437,-0.00549632551631955,-0.9032143729468161,145,0.08442986642617213,0.1832060655553709,3.0,False,False
U0840,ls_acct_chg_60,BTCUSDT,240,-0.015732669039340647,-1.4199740620393138,437,-0.011078291195717807,-0.7388764831730467,145,0.1556152324655219,0.22999100179488197,,False,False
U0841,ls_acct_chg_60,ETHUSDT,240,-0.03270295089490194,-2.7465099261610053,437,0.002026434723862366,0.11223901043503348,145,0.006023306330607473,0.5446830506408783,,False,False
U0842,ls_acct_chg_60,BNBUSDT,240,-0.011064640299389588,-1.1571883297198304,437,0.0044869494381257905,0.3004515299746642,145,0.24719542469119038,0.6180836185507173,,False,False
U0843,ls_acct_chg_60,SOLUSDT,240,-0.024238424195563154,-2.6989470109121223,437,0.0005037144349558158,0.02502094379184233,145,0.0069559250902781235,0.5099808709464851,,False,False
U0844,ls_acct_chg_60,XRPUSDT,240,-0.00770590168302742,-0.8335420384645682,437,-0.014121872631876673,-0.8318992436835688,145,0.40453909925053033,0.20273290940040234,,False,False
U0845,ls_acct_chg_60,ALL,240,-0.01828891722244455,-3.024308874879588,437,-0.0036366130461300992,-0.31198180034278644,145,0.0024920187259165885,0.3775271773728977,2.0,True,False
U0846,metrics_staleness_min,BTCUSDT,240,,,0,0.0008479621242115508,0.031528184678017886,145,,,,False,False
U0847,metrics_staleness_min,ETHUSDT,240,,,0,,,0,,,,False,False
U0848,metrics_staleness_min,BNBUSDT,240,,,0,-0.00036560034460664096,-0.012346313606221649,145,,,,False,False
U0849,metrics_staleness_min,SOLUSDT,240,,,0,-0.00047407578567021955,-0.017035100540179038,145,,,,False,False
U0850,metrics_staleness_min,XRPUSDT,240,,,0,-0.000862634987268712,-0.02719310282279999,145,,,,False,False
U0851,metrics_staleness_min,ALL,240,,,0,-0.00021358724833350486,-0.0138904132263708,145,,,0.0,False,False
U0852,funding_last_bps,BTCUSDT,240,0.0020246814626859485,0.13779008038947063,437,-0.013547468216146871,-0.39021175396513863,145,0.8904063242794396,0.6518100146058121,,False,False
U0853,funding_last_bps,ETHUSDT,240,-0.0018176847680181618,-0.11571842926523666,437,-0.04147927167428291,-1.6550546405876048,145,0.9078756999341837,0.04895670736798791,,False,True
U0854,funding_last_bps,BNBUSDT,240,-0.009531039434607137,-0.5435314620529521,437,-0.004260545563537988,-0.13503838644790167,145,0.5867639347997569,0.44629076214260394,,False,False
U0855,funding_last_bps,SOLUSDT,240,-0.005057172648181285,-0.3293950230906022,437,0.01008497271565166,0.3724789913790547,145,0.7418571290955527,0.6452318745069944,,False,False
U0856,funding_last_bps,XRPUSDT,240,-0.005130423989552034,-0.2323486279401795,437,-0.031164084278269704,-1.2142672926102576,145,0.8162672460455165,0.11232283557355593,,False,False
U0857,funding_last_bps,ALL,240,-0.0039023278755345304,-0.34128274826896804,437,-0.01607327940331716,-0.8950026473049546,145,0.7328907340310304,0.18539283641229465,4.0,False,False
U0858,funding_mean3_bps,BTCUSDT,240,0.002484220793306386,0.1520830501006138,437,-0.019563818873928905,-0.6589119502329668,145,0.8791214327537838,0.7450238442283652,,False,False
U0859,funding_mean3_bps,ETHUSDT,240,-0.00026200236930291806,-0.0157130306415492,437,-0.02824191112208293,-1.16841023044919,145,0.9874633313323281,0.12132066513027406,,False,False
U0860,funding_mean3_bps,BNBUSDT,240,-0.0038829809349123145,-0.2559608415814602,437,0.0045853788758306235,0.15732473052411447,145,0.797981074156173,0.5625055345959655,,False,False
U0861,funding_mean3_bps,SOLUSDT,240,0.012208243336552446,0.7712180446814452,437,-0.005549131977933209,-0.19593878844692544,145,0.4405777002592468,0.5776709615622413,,False,False
U0862,funding_mean3_bps,XRPUSDT,240,-0.0005864345080476639,-0.025733065526161617,437,-0.055819165250845064,-1.951593314678214,145,0.9794702501076589,0.02549325379709333,,False,True
U0863,funding_mean3_bps,ALL,240,0.001992209263519185,0.16219329378750214,437,-0.020917729669791895,-1.0246807658195853,145,0.8711536406604636,0.8472430792522458,1.0,False,False
U0864,min_to_funding,BTCUSDT,240,0.004801634327124762,0.534020950653464,437,-0.010287877591891974,-0.6034730886156258,145,0.5933270391974284,0.7269029934978237,,False,False
U0865,min_to_funding,ETHUSDT,240,0.005654741629934245,0.6712619523214289,437,-0.0003852158855049832,-0.024357000310565903,145,0.5020536682541384,0.509716076539267,,False,False
U0866,min_to_funding,BNBUSDT,240,-0.004075106740686032,-0.43224227924995223,437,-0.012858828436385665,-0.7451909978031435,145,0.6655653337205976,0.22807813209112676,,False,False
U0867,min_to_funding,SOLUSDT,240,-9.103397049769959e-05,-0.01023506969759203,437,-0.01711287937882171,-1.0262529352184473,145,0.9918337384881678,0.15238618776938312,,False,False
U0868,min_to_funding,XRPUSDT,240,-0.00401359092806273,-0.5404476203066025,437,-0.015156945297110275,-0.7502148224053453,145,0.5888883746677545,0.2265626665209799,,False,False
U0869,min_to_funding,ALL,240,0.00045532886356250993,0.0628156752392662,437,-0.01116034931794292,-0.6984338970205383,145,0.9499132834840462,0.7575470580131376,0.0,False,False
U0870,hour_sin,BTCUSDT,240,-0.002568054877237272,-0.17810415918894337,437,-0.014980369701500459,-0.6597052469974799,145,0.858641175697405,0.2547214994393475,,False,False
U0871,hour_sin,ETHUSDT,240,-0.008876759593847804,-0.5979691743647261,437,-0.05024612176096784,-2.5001853179132594,145,0.5498605016171989,0.0062064177700701705,,False,True
U0872,hour_sin,BNBUSDT,240,-0.043586736490075856,-3.0371335570219373,437,-0.06293018438865182,-2.430737052941049,145,0.002388396060799106,0.007534072767435643,,True,True
U0873,hour_sin,SOLUSDT,240,-0.003614899393297211,-0.23672443179681532,437,-0.044889514454034794,-1.913705118333949,145,0.8128705797710774,0.027828922351402552,,False,True
U0874,hour_sin,XRPUSDT,240,0.02658509213581892,1.545252154138126,437,-0.014029413699545175,-0.5392193875428304,145,0.12228528361268122,0.7051322578447452,,False,False
U0875,hour_sin,ALL,240,-0.006412271643727843,-0.5006133073852425,437,-0.03741512080094003,-1.8045358284602488,145,0.6166432951562614,0.035573673858035997,5.0,False,True
U0876,hour_cos,BTCUSDT,240,0.016500663885781544,0.9231822001891885,437,0.001492278557223695,0.04679991006399856,145,0.35591226323883796,0.48133635035752326,,False,False
U0877,hour_cos,ETHUSDT,240,0.0516337419228587,2.8952302413992554,437,-0.005893788613148076,-0.22063993870321513,145,0.003788805214314015,0.5873135996268712,,False,False
U0878,hour_cos,BNBUSDT,240,0.07095420457846462,4.006599474337902,437,-0.01812221444360853,-0.6023319102136266,145,6.159918901253588e-05,0.7265233880516299,,True,False
U0879,hour_cos,SOLUSDT,240,0.06109608875011151,3.469639018302067,437,-0.011239277411617284,-0.3596163375159197,145,0.0005211582858972815,0.6404329678424465,,True,False
U0880,hour_cos,XRPUSDT,240,0.012347617624420123,0.7171181797834163,437,0.01322822322560925,0.43964586856391835,145,0.47330117914731773,0.3300968069956961,,False,False
U0881,hour_cos,ALL,240,0.04250646335232729,2.8023007319888067,437,-0.004106955737108187,-0.14507736414744504,145,0.005073955094297929,0.5576751050064498,2.0,False,False
U0882,dow,BTCUSDT,240,-0.009715769509661338,-0.5108369753987995,437,-0.0270096601674183,-0.7816303934444092,145,0.6094652156246105,0.2172159097810542,,False,False
U0883,dow,ETHUSDT,240,0.001084225864107199,0.053763997134001075,437,-0.026194696778343032,-0.7367580244267729,145,0.9571231941369092,0.7693652431346594,,False,False
U0884,dow,BNBUSDT,240,-0.01128879455066038,-0.6034430251726621,437,-0.039803161214824724,-1.2312311543149668,145,0.5462140071147142,0.10911821124003551,,False,False
U0885,dow,SOLUSDT,240,0.012241341980222295,0.7830529957867773,437,-0.00978664591339359,-0.2839558304639563,145,0.43359599188839626,0.6117778849623055,,False,False
U0886,dow,XRPUSDT,240,0.009689293687947974,0.5575209448025998,437,-0.009462195365635867,-0.32242651259366845,145,0.5771715529205601,0.6264351991839385,,False,False
U0887,dow,ALL,240,0.00040205949439114534,0.024829364735968622,437,-0.022451271887923105,-0.7175456703699407,145,0.9801910686025,0.7634812665276092,0.0,False,False
U0888,btc_ret_60_z,BTCUSDT,240,-0.018691071744984456,-2.3585296588805225,437,-0.019081055588090323,-1.7442876401860838,145,0.018347493587616455,0.0405544728862723,,False,True
U0889,btc_ret_60_z,ETHUSDT,240,-0.007487036456548339,-0.9643013616363766,437,-0.010542775213849857,-0.9078710389371208,145,0.33489485843016364,0.1819731801904383,,False,False
U0890,btc_ret_60_z,BNBUSDT,240,-0.017020055018884393,-2.0690926759056256,437,-0.005773638885835249,-0.5082678842258429,145,0.038537390894117465,0.3056327447547078,,False,False
U0891,btc_ret_60_z,SOLUSDT,240,-0.006285596140169744,-0.712397133267002,437,0.004737995641142601,0.36866063901681156,145,0.4762188902324609,0.6438096546087422,,False,False
U0892,btc_ret_60_z,XRPUSDT,240,-0.010328633043226449,-1.2217130177431548,437,-0.0008573519881080311,-0.06779845524127714,145,0.22181617171982526,0.47297303673679153,,False,False
U0893,btc_ret_60_z,ALL,240,-0.011962478480762677,-1.7140743145834814,437,-0.006303365206948173,-0.6134736462409269,145,0.08651507839713196,0.2697816015389213,4.0,False,False
U0894,rel_ret_60_z,BTCUSDT,240,,,0,0.0008479621242115508,0.031528184678017886,145,,,,False,False
U0895,rel_ret_60_z,ETHUSDT,240,0.0038688487843667693,0.4231426001367883,437,-0.010073633270379159,-0.7857018192163534,145,0.6721912228257527,0.7839789014028546,,False,False
U0896,rel_ret_60_z,BNBUSDT,240,0.0038745378048163385,0.4146747470543429,437,-0.0006746830809949323,-0.05573887025370541,145,0.678380021229694,0.5222250831823037,,False,False
U0897,rel_ret_60_z,SOLUSDT,240,0.0036778012834452244,0.523071094976638,437,-0.01013438945400313,-0.694704734476673,145,0.6009247794967649,0.756379819805584,,False,False
U0898,rel_ret_60_z,XRPUSDT,240,-0.018309064057752594,-2.3710320795093947,437,0.013913372075912832,0.9449845494261604,145,0.01773849141771781,0.8276666179596195,,False,False
U0899,rel_ret_60_z,ALL,240,-0.0017219690462810622,-0.3208018347275975,437,-0.0012242743210505672,-0.14036862336265413,145,0.7483605689163484,0.44418437365386015,3.0,False,False
