rule_id,feature,symbol,H,ic_train,t_train,days_train,ic_val,t_val,days_val,p_train,p_val_same_sign,coins_same_sign_val,fdr_train,val_confirm
U0000,ret_5_z,BTCUSDT,60,-0.021610680545822658,-4.890099069448707,437,-0.010895119220868188,-1.2609870811933912,145,1.0078524028719872e-06,0.10365675083801845,,True,False
U0001,ret_5_z,ETHUSDT,60,-0.021376318268565744,-4.31465843725345,437,-0.0035126090621030387,-0.37067910605285825,145,1.5984985799361834e-05,0.3554382771831188,,True,False
U0002,ret_5_z,BNBUSDT,60,-0.005316577080711616,-0.9114915794013542,437,0.001447977745129442,0.19084140909138456,145,0.3620364203860771,0.575675077451791,,False,False
U0003,ret_5_z,SOLUSDT,60,-0.007301238272001233,-1.3938264798791407,437,-0.004798445730628424,-0.5347235497415794,145,0.16337000980976046,0.29642051726594465,,False,False
U0004,ret_5_z,XRPUSDT,60,-0.012622385347980249,-2.773105153739987,437,-0.00037509679541852765,-0.04328608641186976,145,0.005552417581583536,0.48273674113112497,,False,False
U0005,ret_5_z,ALL,60,-0.013645439903016301,-3.830438218551384,437,-0.003626658612777747,-0.5253642616851363,145,0.00012791524827154559,0.2996649963115511,4.0,True,False
U0006,ret_15_z,BTCUSDT,60,-0.033466685602654256,-8.83366465702334,437,-0.03532151947459506,-5.5924969250104235,145,1.0130103904847197e-18,1.119135597299852e-08,,True,True
U0007,ret_15_z,ETHUSDT,60,-0.0313478780217656,-7.32812552216651,437,-0.03182005646569531,-5.9143771916971986,145,2.333940728902092e-13,1.6656684156380825e-09,,True,True
U0008,ret_15_z,BNBUSDT,60,-0.021171539300554713,-4.423550500211949,437,-0.027019762740233957,-3.157529033543498,145,9.709192343389967e-06,0.0007955619563475142,,True,True
U0009,ret_15_z,SOLUSDT,60,-0.02260579151416161,-5.137800841518759,437,-0.024490522142714476,-3.4670441627111335,145,2.779722442051845e-07,0.0002631077131672038,,True,True
U0010,ret_15_z,XRPUSDT,60,-0.032531093495049464,-8.169703934869576,437,-0.02339438219295507,-2.5398844697603806,145,3.091471839701873e-16,0.00554445458633915,,True,True
U0011,ret_15_z,ALL,60,-0.028224597586837128,-8.94257418777305,437,-0.02840924860323877,-4.619841243001257,145,3.8020841303547904e-19,1.920168891420011e-06,5.0,True,True
U0012,ret_30_z,BTCUSDT,60,-0.03502689895068127,-6.750679664280243,437,-0.04099422231594026,-4.7450512145150086,145,1.471541723808993e-11,1.0422679383041608e-06,,True,True
U0013,ret_30_z,ETHUSDT,60,-0.03416319791699061,-5.050853711923725,437,-0.03730280011329632,-4.326412801083148,145,4.398398296515881e-07,7.577863846794378e-06,,True,True
U0014,ret_30_z,BNBUSDT,60,-0.021499435321743168,-4.0411407008001445,437,-0.0325856730848764,-2.858414550170803,145,5.3191830698533716e-05,0.002128818813934836,,True,True
U0015,ret_30_z,SOLUSDT,60,-0.022031918246221763,-3.513634574558932,437,-0.02836312522915306,-3.480859410346713,145,0.00044202044538200526,0.0002499038805056169,,True,True
U0016,ret_30_z,XRPUSDT,60,-0.038093008172021534,-7.509299443325303,437,-0.019521616547047854,-1.8048569899116786,145,5.944461202474494e-14,0.03554853182992772,,True,True
U0017,ret_30_z,ALL,60,-0.030162891721531672,-6.726782356660851,437,-0.03175348745806278,-3.9893169959960706,145,1.734558850789242e-11,3.313190956290057e-05,5.0,True,True
U0018,ret_60_z,BTCUSDT,60,-0.03019996128987206,-4.506445103315378,437,-0.03273800546249841,-3.735791653728523,145,6.592273037318641e-06,9.356277797738284e-05,,True,True
U0019,ret_60_z,ETHUSDT,60,-0.02459997737943525,-3.0269055261359945,437,-0.03923050113516929,-3.8091231992067494,145,0.002470711646426908,6.973023016694023e-05,,True,True
U0020,ret_60_z,BNBUSDT,60,-0.024193160013670865,-3.2892876639620323,437,-0.022718304281336976,-1.7307641336519304,145,0.0010044131069914654,0.04174692065609307,,True,True
U0021,ret_60_z,SOLUSDT,60,-0.01650707215376961,-2.1349139690071497,437,-0.02630389327921941,-3.0063268050743397,145,0.032768038075405376,0.0013221231995389575,,False,True
U0022,ret_60_z,XRPUSDT,60,-0.03610930186426009,-5.583526304665202,437,-0.021281829032156616,-1.609467391751809,145,2.3569011066034147e-08,0.05375708980724293,,True,False
U0023,ret_60_z,ALL,60,-0.026321894540201573,-4.717240227172681,437,-0.028454506638076135,-3.24326944531145,145,2.39065351718421e-06,0.0005908320160636977,5.0,True,True
U0024,ret_240_z,BTCUSDT,60,-0.01933628639209838,-2.5433048424424975,437,-0.0381439760105741,-3.321911879958475,145,0.010980937985487993,0.00044701461903385524,,False,True
U0025,ret_240_z,ETHUSDT,60,-0.014354170561584518,-1.803097928976742,437,-0.03820238764983171,-3.5412550982243847,145,0.07137283636293532,0.0001991141780096387,,False,True
U0026,ret_240_z,BNBUSDT,60,-0.026598463084691538,-3.663277324561777,437,-0.028197503224602318,-2.2768125958987406,145,0.0002490086904306463,0.011398709512382185,,True,True
U0027,ret_240_z,SOLUSDT,60,-0.009984639697168124,-1.4290758002368211,437,-0.022386485693264208,-1.5591864737979835,145,0.15298244813659534,0.05947612566104327,,False,False
U0028,ret_240_z,XRPUSDT,60,-0.027242132581719074,-3.1628730995013283,437,-0.0077831862581823705,-0.5119160179306352,145,0.0015622041263792944,0.3043548936018733,,True,False
U0029,ret_240_z,ALL,60,-0.019503138463452325,-3.481209816395912,437,-0.026942707767290942,-2.578968336116927,145,0.0004991543178090146,0.004954793477594514,5.0,True,True
U0030,ret_1440_z,BTCUSDT,60,-0.0434599443365026,-5.3092484937483,437,-0.027764813189668197,-3.1734312762388184,145,1.1007816811597585e-07,0.0007532428093845976,,True,True
U0031,ret_1440_z,ETHUSDT,60,-0.04111724420869306,-4.270474509868552,437,-0.022974643804805694,-2.163839643915721,145,1.950575148743179e-05,0.015238329203840467,,True,True
U0032,ret_1440_z,BNBUSDT,60,-0.042522294995936835,-5.390596831348884,437,-0.019995227975085107,-1.6692051557884013,145,7.022406375968646e-08,0.04753836434210781,,True,True
U0033,ret_1440_z,SOLUSDT,60,-0.027633331874085582,-3.4542462428619842,437,-0.024210634870683985,-2.045573631857356,145,0.0005518332633250462,0.020399168971141066,,True,True
U0034,ret_1440_z,XRPUSDT,60,-0.020868970910703284,-2.5176382467935152,437,-0.028983961969045523,-2.061653467785384,145,0.011814459470054479,0.019620369837759194,,False,True
U0035,ret_1440_z,ALL,60,-0.035120357265184275,-5.954515178527537,437,-0.024785856361857702,-2.844125976873928,145,2.60843920852997e-09,0.0022266718269522137,5.0,True,True
U0036,pos_range_60,BTCUSDT,60,-0.04038707554779645,-6.742457436639557,437,-0.04202124411346803,-4.942389733572708,145,1.5572987169293534e-11,3.858537659788923e-07,,True,True
U0037,pos_range_60,ETHUSDT,60,-0.033229114140019375,-4.577814829843178,437,-0.028035549556128966,-2.8749221051763176,145,4.698583218128067e-06,0.0020206359262087206,,True,True
U0038,pos_range_60,BNBUSDT,60,-0.018891859940273228,-2.798242888653053,437,-0.029444088848696114,-2.162306856581363,145,0.0051381458461877,0.01529726578841125,,False,True
U0039,pos_range_60,SOLUSDT,60,-0.018779915965512244,-2.8606066900379696,437,-0.023917514012685825,-3.0121817118378464,145,0.004228312550140293,0.0012968864126189947,,False,True
U0040,pos_range_60,XRPUSDT,60,-0.02995988789866586,-5.676570340491008,437,-0.018008947066749038,-1.580847808136396,145,1.3742206181023982e-08,0.05695642013888079,,True,False
U0041,pos_range_60,ALL,60,-0.028249570698453436,-5.991082789031752,437,-0.028285468719545598,-3.5582349015296426,145,2.0844848541343233e-09,0.00018667767530713497,5.0,True,True
U0042,pos_range_240,BTCUSDT,60,-0.03610032271139327,-5.448530456023492,437,-0.05977648869711671,-6.7478068045763,145,5.078769556504492e-08,7.504830848056111e-12,,True,True
U0043,pos_range_240,ETHUSDT,60,-0.0223810047622342,-2.838554527783571,437,-0.06076312040321057,-6.239605919403224,145,0.004531837563722064,2.1933731680218065e-10,,False,True
U0044,pos_range_240,BNBUSDT,60,-0.02678906204783013,-3.4011969150282555,437,-0.03482292688034564,-2.996206319108967,145,0.0006709148026066132,0.0013668070484239734,,True,True
U0045,pos_range_240,SOLUSDT,60,-0.01920706014649504,-2.7419550005308166,437,-0.03608699401671041,-3.2561851075727315,145,0.006107470801314738,0.0005646005360922537,,False,True
U0046,pos_range_240,XRPUSDT,60,-0.03557801427237369,-4.20347374286974,437,-0.04258978516088221,-2.8966923980727675,145,2.628496553852218e-05,0.0018855966015815457,,True,True
U0047,pos_range_240,ALL,60,-0.028011092788065267,-5.219043398627206,437,-0.046807863031653095,-5.406736568346955,145,1.798496210362844e-07,3.2091717913565876e-08,5.0,True,True
U0048,dist_high_240_z,BTCUSDT,60,-0.03866418317442742,-5.565554144738257,437,-0.06566167494851075,-5.558069419476242,145,2.613206236297265e-08,1.3638745108103889e-08,,True,True
U0049,dist_high_240_z,ETHUSDT,60,-0.03094110920223949,-3.912277136355474,437,-0.06980053556633503,-5.107917831865275,145,9.14299014625642e-05,1.6286411566354416e-07,,True,True
U0050,dist_high_240_z,BNBUSDT,60,-0.03621066952477595,-4.474981752364935,437,-0.038673478189545876,-2.939018723038347,145,7.641783883458847e-06,0.0016462659175652935,,True,True
U0051,dist_high_240_z,SOLUSDT,60,-0.025186778728371974,-3.4841077831008818,437,-0.044203618097011614,-3.2314817364449313,145,0.0004937805945222583,0.000615750968163158,,True,True
U0052,dist_high_240_z,XRPUSDT,60,-0.03926844731918648,-4.85164357429577,437,-0.04223151485021334,-2.6013333470811926,145,1.2244252310112562e-06,0.004643108572843287,,True,True
U0053,dist_high_240_z,ALL,60,-0.034054237589800265,-6.0403846660908,437,-0.052114164330323315,-4.629381045665694,145,1.537472490614525e-09,1.8338016880860663e-06,5.0,True,True
U0054,dist_low_240_z,BTCUSDT,60,-0.02018878435669615,-2.851212435200137,437,-0.030715440310962953,-2.7440571845361807,145,0.004355286105685577,0.003034248284407173,,False,True
U0055,dist_low_240_z,ETHUSDT,60,-0.008331507201388654,-1.0698779676424495,437,-0.028414633101177623,-2.8085926932304552,145,0.28467424148706333,0.0024879277880098995,,False,True
U0056,dist_low_240_z,BNBUSDT,60,-0.01200363617268899,-1.4435085341595904,437,-0.015494399915495219,-1.3575651373640734,145,0.14887727017707547,0.08730085577057456,,False,False
U0057,dist_low_240_z,SOLUSDT,60,-0.00594729552120757,-0.8306260464183958,437,-0.011214389968190784,-1.1143420881860087,145,0.40618491588936034,0.13256622873081225,,False,False
U0058,dist_low_240_z,XRPUSDT,60,-0.023461865622657285,-2.5622510650214374,437,-0.02497496371051809,-1.7208876269283178,145,0.010399611015738334,0.04263560862360468,,False,True
U0059,dist_low_240_z,ALL,60,-0.01398661777492773,-2.6100032798686703,437,-0.022162765401268936,-2.530504575323002,145,0.009054135456698064,0.0056949299714577255,5.0,False,True
U0060,pos_range_1440,BTCUSDT,60,-0.04236381669902189,-6.597408122413252,437,-0.027762455104626393,-3.3549176025069425,145,4.184078175710688e-11,0.00039694313668431564,,True,True
U0061,pos_range_1440,ETHUSDT,60,-0.03443230367757483,-4.226747555249885,437,-0.035123990984373916,-3.577205906836782,145,2.3709340547701956e-05,0.00017364330221155758,,True,True
U0062,pos_range_1440,BNBUSDT,60,-0.03922831660626873,-5.353229029188157,437,-0.020153026729395663,-1.8559769776173456,145,8.639837912965837e-08,0.03172841982460199,,True,True
U0063,pos_range_1440,SOLUSDT,60,-0.023842049663664017,-3.89591345710239,437,-0.013718604108494984,-0.9918129721906255,145,9.782931898407947e-05,0.16064438422862726,,True,False
U0064,pos_range_1440,XRPUSDT,60,-0.02600138951838781,-3.5062058488241012,437,-0.015187708836215235,-1.060452240589483,145,0.00045454353800188264,0.14446945331969768,,True,False
U0065,pos_range_1440,ALL,60,-0.03317357523298345,-6.5336143235440725,437,-0.022389157152621242,-2.7609699984672114,145,6.420114473028484e-11,0.002881498506690443,5.0,True,True
U0066,dist_high_1440_z,BTCUSDT,60,-0.043360654742410056,-5.971995485677691,437,-0.028667891926600055,-3.1220398009132735,145,2.3436901798257794e-09,0.0008980132795988402,,True,True
U0067,dist_high_1440_z,ETHUSDT,60,-0.02925299730722382,-4.060577302644176,437,-0.021051794030259557,-1.926885959534238,145,4.895152602302366e-05,0.02699692182541504,,True,True
U0068,dist_high_1440_z,BNBUSDT,60,-0.039327233913982566,-5.6965527708812065,437,-0.01923639462716905,-1.964934774754312,145,1.2225406336713519e-08,0.02471089361873492,,True,True
U0069,dist_high_1440_z,SOLUSDT,60,-0.02222713209561698,-3.294688925760613,437,-0.016083017774769476,-1.061957288965718,145,0.0009853068664809998,0.1441275376856182,,True,False
U0070,dist_high_1440_z,XRPUSDT,60,-0.03097389333760989,-3.859433064394921,437,-0.015441285476039842,-1.0253618546148808,145,0.00011365038034558822,0.15259623994398241,,True,False
U0071,dist_high_1440_z,ALL,60,-0.03302838227936866,-6.199003169133794,437,-0.0200960767669676,-2.3480247496657856,145,5.682188790300404e-10,0.009436633589053629,5.0,True,True
U0072,dist_low_1440_z,BTCUSDT,60,-0.03151682927086084,-4.280242600485071,437,-0.026164286552980878,-2.3713952255314856,145,1.866896953640241e-05,0.008860535119812406,,True,True
U0073,dist_low_1440_z,ETHUSDT,60,-0.031700644009339245,-3.4750144660416065,437,-0.046819869185147814,-4.25769915929342,145,0.0005108258030488634,1.0327081722524013e-05,,True,True
U0074,dist_low_1440_z,BNBUSDT,60,-0.033316103673355316,-3.9865317647774954,437,-0.023861081268909026,-1.632941073075214,145,6.704615525701083e-05,0.05124069532123517,,True,False
U0075,dist_low_1440_z,SOLUSDT,60,-0.022737608283537637,-3.325755265893416,437,-0.008509328477122996,-0.533461324124161,145,0.0008817931572357151,0.29685713840419603,,True,False
U0076,dist_low_1440_z,XRPUSDT,60,-0.014180437820599067,-1.971947657657943,437,-0.01137289234446837,-0.7594781535685803,145,0.04861558205511935,0.22378328886122634,,False,False
U0077,dist_low_1440_z,ALL,60,-0.026690324611538422,-4.871035666437242,437,-0.02334549156572582,-2.148601640332004,145,1.110147958490266e-06,0.01583299577620841,5.0,True,True
U0078,body_15,BTCUSDT,60,-0.020299989408364416,-5.318512477531902,437,-0.017184537085685608,-2.353663370255475,145,1.0461904670406628e-07,0.00929471858656226,,True,True
U0079,body_15,ETHUSDT,60,-0.018808606293983864,-4.490987492118026,437,-0.004592170348308379,-0.7793120307271021,145,7.089371480410339e-06,0.21789796472190714,,True,False
U0080,body_15,BNBUSDT,60,-0.009197397403754163,-1.9878676433173588,437,-0.007451713730871393,-0.8303742107127889,145,0.04682633013569713,0.20316362095370294,,False,False
U0081,body_15,SOLUSDT,60,-0.01161553223475045,-2.665477259246529,437,-0.013324464106045774,-1.6635627222155522,145,0.007687913106367823,0.04809992334176335,,False,True
U0082,body_15,XRPUSDT,60,-0.0228044973067449,-5.675915641590758,437,-0.011435784361839195,-1.2040380433737068,145,1.3794875228674377e-08,0.11428743738218389,,True,False
U0083,body_15,ALL,60,-0.016545204529519558,-5.508985879815044,437,-0.010797733926550068,-1.8723154543419755,145,3.609068519567895e-08,0.030581486966406637,5.0,True,True
U0084,uwick_15,BTCUSDT,60,0.011678176984919568,1.9307462133882876,437,-0.007893936313858603,-0.8179355639731415,145,0.05351444485301968,0.7933030091580067,,False,False
U0085,uwick_15,ETHUSDT,60,0.004965050413850359,0.9510868247695549,437,-0.007508656409528038,-0.7969303750936303,145,0.34156030236345625,0.7872542656571349,,False,False
U0086,uwick_15,BNBUSDT,60,-0.0016398352095657858,-0.27035960712869794,437,-0.010166087229393824,-0.9361090542161385,145,0.7868836121699082,0.1746085208756175,,False,False
U0087,uwick_15,SOLUSDT,60,-0.0033843993280574854,-0.7754195341227211,437,-0.017480848414932436,-1.5998306877866493,145,0.4380917960308488,0.05481807449550507,,False,False
U0088,uwick_15,XRPUSDT,60,0.006798724369017327,1.4451363032584392,437,-0.02106892251170745,-1.8194370911334794,145,0.1484196036335689,0.9655776138691936,,False,False
U0089,uwick_15,ALL,60,0.003683543446032797,1.0199441140123084,437,-0.012823690175884068,-1.4169416726219721,145,0.30775496620760723,0.9217500093292785,0.0,False,False
U0090,lwick_15,BTCUSDT,60,-0.002706767712871492,-0.48576833905167166,437,0.007909125589430695,0.7106842615944079,145,0.6271314245074091,0.7613600427097075,,False,False
U0091,lwick_15,ETHUSDT,60,-0.0008675920895806717,-0.14940253436175474,437,0.010882542681275727,1.2448615553980105,145,0.8812360120448391,0.8934086776902939,,False,False
U0092,lwick_15,BNBUSDT,60,0.010417124416146405,1.759987736397126,437,0.011754983250062983,1.0554521975342175,145,0.07840988592466182,0.14560928051240302,,False,False
U0093,lwick_15,SOLUSDT,60,0.0063306507703741275,1.4321530850553783,437,0.0017452403672967194,0.2056731504070881,145,0.1521000148823746,0.41852311651296553,,False,False
U0094,lwick_15,XRPUSDT,60,0.009556537278746948,1.674729038334847,437,0.004161781652643322,0.5714475495731954,145,0.09398740730315194,0.28384815242841555,,False,False
U0095,lwick_15,ALL,60,0.004545990532563065,1.2119377771125626,437,0.00729073470814189,1.057752909843954,145,0.2255361999599309,0.14508405324033552,5.0,False,False
U0096,streak,BTCUSDT,60,0.005580297095858039,1.3721455101853932,437,0.010128310024385545,1.2800189446547408,145,0.1700181443412987,0.10026923662597936,,False,False
U0097,streak,ETHUSDT,60,0.0038808380589102818,0.7987696999431242,437,0.021904934289692056,2.318683219670451,145,0.42442396296019747,0.010206109522098961,,False,True
U0098,streak,BNBUSDT,60,0.010524583507126081,2.3349378208463207,437,0.018476662949190824,2.372749168798462,145,0.019546669221603728,0.00882812485725666,,False,True
U0099,streak,SOLUSDT,60,0.009684686441632022,2.118278008731445,437,0.00944003343162683,0.9558112444194141,145,0.03415152995260063,0.16958380318614125,,False,False
U0100,streak,XRPUSDT,60,0.008260721671341143,1.660986100635173,437,0.018932482073591772,1.6693235484773588,145,0.0967162382773892,0.04752663789530918,,False,True
U0101,streak,ALL,60,0.0075862253549735135,2.641260032326647,437,0.015776484553697404,2.2099063735024327,145,0.008259829704380836,0.013555830409940158,5.0,False,True
U0102,ema_dist_20_z,BTCUSDT,60,-0.035382571881136526,-8.08483798672765,437,-0.03676105729863008,-4.240387794342197,145,6.224688900953161e-16,1.1156697730296113e-05,,True,True
U0103,ema_dist_20_z,ETHUSDT,60,-0.030584408717057754,-5.3973086933997925,437,-0.027946699586953897,-3.7095143719787176,145,6.764794179230489e-08,0.00010382858503188269,,True,True
U0104,ema_dist_20_z,BNBUSDT,60,-0.014797663867188867,-2.612888577468045,437,-0.026680669366691195,-2.5326523649765873,145,0.008978056700119216,0.005660157978754767,,False,True
U0105,ema_dist_20_z,SOLUSDT,60,-0.01918669206049977,-3.7896179386480258,437,-0.02630373224862503,-3.4570322729301255,145,0.00015087916457235596,0.0002730797183142349,,True,True
U0106,ema_dist_20_z,XRPUSDT,60,-0.028852062092679237,-6.344796241724967,437,-0.02191432042059013,-2.1856732452610745,145,2.227200241430614e-10,0.014419759826529377,,True,True
U0107,ema_dist_20_z,ALL,60,-0.025760679723712432,-7.092276756411606,437,-0.027921295784298066,-3.792333879010459,145,1.3192334934952023e-12,7.461904018947421e-05,5.0,True,True
U0108,ema_dist_60_z,BTCUSDT,60,-0.03893664758505628,-6.775702713459508,437,-0.04591021087051939,-5.338102301501117,145,1.2380301896082264e-11,4.696223069908775e-08,,True,True
U0109,ema_dist_60_z,ETHUSDT,60,-0.03440222311453552,-4.518133185678666,437,-0.04553828929437089,-4.7351457697048875,145,6.2387239043674475e-06,1.0944885627243547e-06,,True,True
U0110,ema_dist_60_z,BNBUSDT,60,-0.02508870884456554,-3.785732869800481,437,-0.03322411917873332,-2.545686354008379,145,0.00015325623909910054,0.00545315663746268,,True,True
U0111,ema_dist_60_z,SOLUSDT,60,-0.02027576089151109,-3.130982571404788,437,-0.030272657132991734,-3.5852435065430286,145,0.001742224996808783,0.0001683819194686503,,True,True
U0112,ema_dist_60_z,XRPUSDT,60,-0.03945163538137593,-7.160739377260376,437,-0.029670808820119552,-2.3251728407816916,145,8.024307723879537e-13,0.010031359988608568,,True,True
U0113,ema_dist_60_z,ALL,60,-0.03163099516340887,-6.572548792354181,437,-0.03692321705934697,-4.2441942299978255,145,4.9461171404425217e-11,1.0969013861630993e-05,5.0,True,True
U0114,ema_dist_240_z,BTCUSDT,60,-0.03405032574298719,-4.944321372929087,437,-0.055801318439097025,-7.083526377531799,145,7.64095654613182e-07,7.026581429376459e-13,,True,True
U0115,ema_dist_240_z,ETHUSDT,60,-0.026201905386757363,-3.097644491853418,437,-0.057193772462385904,-5.962927047590319,145,0.001950652776551446,1.2387952827803012e-09,,True,True
U0116,ema_dist_240_z,BNBUSDT,60,-0.03315536885123946,-4.192869369682088,437,-0.03699319650147423,-3.1207931323985827,145,2.754480725710188e-05,0.0009018234417132333,,True,True
U0117,ema_dist_240_z,SOLUSDT,60,-0.01690736552315107,-2.444642657801923,437,-0.038081299161873076,-3.21998377489345,145,0.014499572476163364,0.0006409892613408443,,False,True
U0118,ema_dist_240_z,XRPUSDT,60,-0.03893342208344496,-4.920077200895977,437,-0.03119853123465136,-2.0615732366906805,145,8.651008310602124e-07,0.01962419212047926,,True,True
U0119,ema_dist_240_z,ALL,60,-0.029849677517516004,-5.252933657176929,437,-0.043853623559896325,-4.98514380889583,145,1.4969546845391397e-07,3.0957871765599425e-07,5.0,True,True
U0120,ema_dist_1440_z,BTCUSDT,60,-0.029950075180368522,-4.167801224778309,437,-0.04144486985478954,-4.612923731721094,145,3.0755194522211245e-05,1.9852201107680623e-06,,True,True
U0121,ema_dist_1440_z,ETHUSDT,60,-0.025759471293324978,-2.972801677738009,437,-0.03487346421291923,-3.6547669038334973,145,0.0029509505621276777,0.00012870787289205043,,True,True
U0122,ema_dist_1440_z,BNBUSDT,60,-0.042384351743741056,-5.6462068325957215,437,-0.03566271644489739,-3.099385554573792,145,1.64026495907833e-08,0.0009696124080497332,,True,True
U0123,ema_dist_1440_z,SOLUSDT,60,-0.012602609387605261,-1.8003919790270704,437,-0.024756257115123265,-2.040981691723482,145,0.07179876644472384,0.020626323460428444,,False,True
U0124,ema_dist_1440_z,XRPUSDT,60,-0.02553688622267795,-3.376257554020813,437,-0.024394875672779447,-1.4460513813235483,145,0.0007347909985005761,0.07408139543337114,,True,False
U0125,ema_dist_1440_z,ALL,60,-0.02724667876554356,-4.933052872462051,437,-0.03222643666010178,-3.824907073131954,145,8.095422983394644e-07,6.541071094506012e-05,5.0,True,True
U0126,ema_slope_60_z,BTCUSDT,60,-0.028977567608502196,-4.49017279591366,437,-0.0387123116159924,-4.38194808954852,145,7.116541787606432e-06,5.881141886608148e-06,,True,True
U0127,ema_slope_60_z,ETHUSDT,60,-0.02405966554219423,-2.977723793373773,437,-0.044446517415470926,-4.229950915805244,145,0.0029039755348775715,1.1687115376143527e-05,,True,True
U0128,ema_slope_60_z,BNBUSDT,60,-0.02372807511446335,-3.317705146244583,437,-0.032786218837431,-2.502343935876151,145,0.0009076023875749043,0.006168700292451291,,True,True
U0129,ema_slope_60_z,SOLUSDT,60,-0.015559421975590315,-2.2538208769685957,437,-0.02611085871109067,-2.748374325114252,145,0.02420743888914709,0.0029945794988781786,,False,True
U0130,ema_slope_60_z,XRPUSDT,60,-0.035687300499006376,-5.85958697740074,437,-0.030313332856756355,-2.2545079415186535,145,4.640198011007892e-09,0.012082115817897705,,True,True
U0131,ema_slope_60_z,ALL,60,-0.02560240614795129,-4.850359522938128,437,-0.034473847887348266,-3.7330049589654775,145,1.23237889692462e-06,9.460443402502235e-05,5.0,True,True
U0132,ema_cross_20_60_z,BTCUSDT,60,-0.03183980673968397,-4.821890016506294,437,-0.04183860171616783,-4.623743490853629,145,1.4220435079244556e-06,1.8843793625355645e-06,,True,True
U0133,ema_cross_20_60_z,ETHUSDT,60,-0.026328003734490617,-3.1755794928788177,437,-0.0482466917513993,-4.479147536341808,145,0.0014953754423629704,3.747086211957365e-06,,True,True
U0134,ema_cross_20_60_z,BNBUSDT,60,-0.02647225054115172,-3.546420649638615,437,-0.03355754975650908,-2.4906895604358326,145,0.0003905023256463138,0.0063747732162879505,,True,True
U0135,ema_cross_20_60_z,SOLUSDT,60,-0.01746385342956891,-2.4519941729885137,437,-0.029512015102588125,-3.051016224971927,145,0.014206696250744524,0.0011403412500592548,,False,True
U0136,ema_cross_20_60_z,XRPUSDT,60,-0.038146975687646245,-5.950718358118804,437,-0.03234734561096606,-2.3215588545837145,145,2.669681375423381e-09,0.010128350784009773,,True,True
U0137,ema_cross_20_60_z,ALL,60,-0.02805017802650829,-5.148928327984224,437,-0.037100440787526084,-3.923793771527257,145,2.619789550850003e-07,4.358267959981989e-05,5.0,True,True
U0138,adx_60,BTCUSDT,60,0.0014789648130085842,0.18712017960898397,437,0.006887403580467245,0.434565360816642,145,0.8515664065569186,0.3319389713216082,,False,False
U0139,adx_60,ETHUSDT,60,0.0017587582785823328,0.20586525451570747,437,-0.008343888815840085,-0.6015158378533152,145,0.8368961669623507,0.7262517668914723,,False,False
U0140,adx_60,BNBUSDT,60,0.01476046110986002,1.781291098073044,437,-0.018992056360271854,-1.3171995474842881,145,0.0748649079966463,0.9061141272168218,,False,False
U0141,adx_60,SOLUSDT,60,0.013848656199836787,1.5319097894935436,437,-0.003107454239254917,-0.2887230823917095,145,0.1255446974335184,0.6136033512936964,,False,False
U0142,adx_60,XRPUSDT,60,0.004943455274566427,0.6521671800118879,437,-0.011853630049239955,-1.0282802551293722,145,0.5142933297403447,0.8480909919100047,,False,False
U0143,adx_60,ALL,60,0.007358059135170831,1.3057954045681566,437,-0.007081925176827914,-0.721621956782076,145,0.19162214324973115,0.7647365319992534,1.0,False,False
U0144,di_diff_60,BTCUSDT,60,-0.035684122833751636,-5.439651798797457,437,-0.05569947519229349,-7.0077356942257625,145,5.338480611125575e-08,1.211028952596621e-12,,True,True
U0145,di_diff_60,ETHUSDT,60,-0.03122976974861986,-4.002973529110117,437,-0.05854615089683039,-5.876795156290237,145,6.255130321491355e-05,2.0914263806312042e-09,,True,True
U0146,di_diff_60,BNBUSDT,60,-0.036495982341802444,-4.55867826242812,437,-0.040055719512568325,-3.2506823398264633,145,5.1476560707593e-06,0.0005756420762015752,,True,True
U0147,di_diff_60,SOLUSDT,60,-0.022294098217803877,-3.245764246207068,437,-0.042106618868311504,-3.404136585170579,145,0.0011713579879090211,0.00033186777742733617,,True,True
U0148,di_diff_60,XRPUSDT,60,-0.03993946643051535,-6.154476701930785,437,-0.04428913912135045,-3.482791649433744,145,7.532579587267541e-10,0.0002481071952455602,,True,True
U0149,di_diff_60,ALL,60,-0.033128687914498633,-6.456968046653696,437,-0.04813942071827083,-5.562937427227412,145,1.0682144081141152e-10,1.3263551398154995e-08,5.0,True,True
U0150,rsi_14,BTCUSDT,60,-0.03881273494791112,-8.38051181884961,437,-0.03884921355120951,-4.673348340059741,145,5.269804048117373e-17,1.4816427148608157e-06,,True,True
U0151,rsi_14,ETHUSDT,60,-0.03430154103380909,-5.677039072180185,437,-0.03110048300362445,-4.378216879657054,145,1.3704617830809088e-08,5.982712457473045e-06,,True,True
U0152,rsi_14,BNBUSDT,60,-0.017304042527590952,-2.953244080611777,437,-0.02796273828209305,-2.6594661828510104,145,0.003144532219613465,0.003913229324119938,,True,True
U0153,rsi_14,SOLUSDT,60,-0.019614965759482773,-3.6774579827024265,437,-0.02876257158859508,-3.791049035851278,145,0.0002355698642042104,7.500616515393479e-05,,True,True
U0154,rsi_14,XRPUSDT,60,-0.03103875300553575,-6.690319149019451,437,-0.02336972634540887,-2.3837040774150653,145,2.2268440660655544e-11,0.008569689208197716,,True,True
U0155,rsi_14,ALL,60,-0.028214407454865933,-7.298728135341856,437,-0.03000894655418619,-4.229409546449653,145,2.9050061706304024e-13,1.171527308866924e-05,5.0,True,True
U0156,rsi_60,BTCUSDT,60,-0.03856591846688556,-6.070954945277382,437,-0.05422566493735594,-7.339304949859518,145,1.2715186104342553e-09,1.0735295512323936e-13,,True,True
U0157,rsi_60,ETHUSDT,60,-0.031182373694911624,-3.8801055160931903,437,-0.05575024586054096,-6.14870692934406,145,0.00010441115956298191,3.905858253578895e-10,,True,True
U0158,rsi_60,BNBUSDT,60,-0.03006523005888304,-3.9523224338016028,437,-0.03747879170307125,-3.0353234942350698,145,7.739635705272361e-05,0.0012013890830900157,,True,True
U0159,rsi_60,SOLUSDT,60,-0.01946368441430667,-2.9185703622644046,437,-0.03825359630844611,-4.12681584591638,145,0.0035164050593518023,1.839103524582175e-05,,False,True
U0160,rsi_60,XRPUSDT,60,-0.04062989719116558,-6.149930142609731,437,-0.03865737857584795,-3.000562934793673,145,7.751708148433034e-10,0.0013474052955546967,,True,True
U0161,rsi_60,ALL,60,-0.0319814207652305,-6.123575091280669,437,-0.04487313547705245,-5.588225604203072,145,9.149870305982069e-10,1.147007490673324e-08,5.0,True,True
U0162,macd_hist_z,BTCUSDT,60,-0.008075015609397532,-0.9074346619925938,437,-0.021059053173527565,-1.528787363636142,145,0.3641769865810963,0.06315858299590267,,False,False
U0163,macd_hist_z,ETHUSDT,60,-0.006022953632161108,-0.6258125326935278,437,-0.030840442658171683,-2.5319735563355454,145,0.5314379105111089,0.005671127233853768,,False,True
U0164,macd_hist_z,BNBUSDT,60,-0.019567133275252738,-2.210666274467027,437,-0.018436319661499796,-1.4618821067379848,145,0.027058955624282222,0.07188675954364976,,False,False
U0165,macd_hist_z,SOLUSDT,60,-0.01057906940112707,-1.0940136983778668,437,-0.0179122151770576,-1.3471296823235193,145,0.2739489703991628,0.08896923496996012,,False,False
U0166,macd_hist_z,XRPUSDT,60,-0.03190513948061641,-3.4004928977137445,437,-0.019454867839039935,-1.508305334540291,145,0.0006726448326548692,0.06573819927619637,,True,False
U0167,macd_hist_z,ALL,60,-0.01522986227971097,-2.056761233607694,437,-0.021540579701859318,-1.9842623413334315,145,0.03970919877054895,0.023613301000493424,5.0,False,True
U0168,rv_15_rel,BTCUSDT,60,0.013632301363876791,2.101995446962197,437,0.020290433320157533,1.6912516219072353,145,0.03555367464454737,0.04539437774669537,,False,True
U0169,rv_15_rel,ETHUSDT,60,0.015959066151263197,2.3578470016957565,437,0.019070950020213695,1.753262247443645,145,0.018381267052895466,0.03977850128375552,,False,True
U0170,rv_15_rel,BNBUSDT,60,0.019914631097034965,2.6751531157322748,437,0.03406791230911464,3.633056342626444,145,0.007469512722515495,0.0001400419146134708,,False,True
U0171,rv_15_rel,SOLUSDT,60,0.0022683069625984375,0.3526860793283667,437,0.022938348435343415,2.7776867248418915,145,0.7243237966747907,0.0027373686886627713,,False,True
U0172,rv_15_rel,XRPUSDT,60,0.013314547611621552,2.1982335652838074,437,0.01740412880738529,1.726908237907065,145,0.027932465902446493,0.042092072358846884,,False,True
U0173,rv_15_rel,ALL,60,0.013017770637278988,2.4974420692341988,437,0.022754354578442916,2.98315791145395,145,0.012509290243261032,0.001426453794226073,5.0,False,True
U0174,rv_60_rel,BTCUSDT,60,0.019496431379441646,2.8155899392050165,437,0.02095089145419505,1.5202287107110968,145,0.004868776683851207,0.06422675196590603,,False,False
U0175,rv_60_rel,ETHUSDT,60,0.019578290983489136,2.5625526624164507,437,0.018981629133061707,1.6482464938806525,145,0.010390582842825449,0.04965104977802071,,False,True
U0176,rv_60_rel,BNBUSDT,60,0.021559991495292596,2.4098064191924675,437,0.03417087800136723,3.0693789323232816,145,0.015960986765361476,0.0010725216332868584,,False,True
U0177,rv_60_rel,SOLUSDT,60,0.0043396423775412685,0.5888033314378871,437,0.024618479311310636,2.4245289898602183,145,0.5559932107949006,0.007664129726935449,,False,True
U0178,rv_60_rel,XRPUSDT,60,0.015907448877820238,2.2891280049221656,437,0.01759172825854096,1.3279004355247521,145,0.022071916108619364,0.0921055004230672,,False,False
U0179,rv_60_rel,ALL,60,0.016176361022716974,2.8486005457060632,437,0.023262721231695118,2.580413821671691,145,0.004391197561644632,0.004934099152844852,5.0,False,True
U0180,rv_240_rel,BTCUSDT,60,0.018638235714819117,2.493495202970944,437,0.02741928094930155,1.6327103804393133,145,0.012649229349892287,0.051264961602573815,,False,False
U0181,rv_240_rel,ETHUSDT,60,0.027347910465588585,3.1966794564554717,437,0.03143915280964634,2.1571073977514863,145,0.001390193200942867,0.015498648671052103,,True,True
U0182,rv_240_rel,BNBUSDT,60,0.022549016450854036,3.042187448500322,437,0.037253969323805654,3.064085087523893,145,0.002348655861767095,0.001091684008588992,,True,True
U0183,rv_240_rel,SOLUSDT,60,0.009749639313772122,1.2840399600863333,437,0.03182726019429305,2.4563733771206593,145,0.19912797390534964,0.007017362618141635,,False,True
U0184,rv_240_rel,XRPUSDT,60,0.014098365510391866,1.9396891189942882,437,0.033370612390812654,2.2439429291380515,145,0.05241748274943726,0.012418036785476894,,False,True
U0185,rv_240_rel,ALL,60,0.018476633491085144,3.165235142369425,437,0.03226205513357185,2.6502432424932456,145,0.0015495766683987532,0.004021691912625091,5.0,True,True
U0186,rv_ratio_60_1440,BTCUSDT,60,0.01738443241120689,2.2304257375624865,437,0.012531834946532065,0.9497503479362214,145,0.025719192492841336,0.17111956019758534,,False,False
U0187,rv_ratio_60_1440,ETHUSDT,60,0.018132204521841534,2.24923697773147,437,0.01820351768965712,1.4836241570171766,145,0.024497423029049,0.06895432850868119,,False,False
U0188,rv_ratio_60_1440,BNBUSDT,60,0.022257266413869683,2.583178937949617,437,0.022996755347361755,2.5448481658829336,145,0.00978945351343016,0.005466263179314342,,False,True
U0189,rv_ratio_60_1440,SOLUSDT,60,0.00423806915240877,0.5112059576521604,437,0.012320471179415763,1.0451641934395586,145,0.6092068474186086,0.14797354466840523,,False,False
U0190,rv_ratio_60_1440,XRPUSDT,60,0.009539436415337983,1.1976037952586853,437,0.005854121526333969,0.4380617904751757,145,0.2310712978978916,0.33067074587588524,,False,False
U0191,rv_ratio_60_1440,ALL,60,0.014310281782932973,2.25118057142016,437,0.014381340137860134,1.5310977375935324,145,0.024374102921190088,0.06287261945091316,5.0,False,False
U0192,atr_60_rel,BTCUSDT,60,0.019771899165863898,2.682174844626088,437,0.025314538583352864,1.5863842171873492,145,0.007314521928457813,0.056326089226904,,False,False
U0193,atr_60_rel,ETHUSDT,60,0.024156041567151662,3.064030779108466,437,0.029601128719967704,2.1844061400871873,145,0.002183764414724562,0.014466208721580746,,True,True
U0194,atr_60_rel,BNBUSDT,60,0.025095789107236834,2.891522449172309,437,0.03419866346348499,2.779359081664198,145,0.0038338020164516884,0.002723313991334617,,False,True
U0195,atr_60_rel,SOLUSDT,60,0.006122569834815619,0.8196162995386564,437,0.030153216896190105,2.5448599337912796,145,0.41243487874548646,0.0054660789738344255,,False,True
U0196,atr_60_rel,XRPUSDT,60,0.019088907407400532,2.6564135603045558,437,0.017267250799849733,1.2523248392902044,145,0.007897669496716418,0.10522576067874417,,False,False
U0197,atr_60_rel,ALL,60,0.01884704141649371,3.1868035163678634,437,0.027306959692569084,2.456510866643189,145,0.00143854463633413,0.007014677955066139,5.0,True,True
U0198,range_60_z,BTCUSDT,60,0.017295468011928043,2.3700896084997485,437,0.019706735865628332,1.5451090093304682,145,0.017783774550600942,0.06115994907750542,,False,False
U0199,range_60_z,ETHUSDT,60,0.02214922779462174,3.1350211736945024,437,0.017534044901189712,1.6861442178018489,145,0.0017184170787959837,0.04588401249347187,,True,True
U0200,range_60_z,BNBUSDT,60,0.028165863429820023,3.349564459686871,437,0.020884072701701856,1.8407655605361433,145,0.0008093872032751845,0.03282796086795428,,True,True
U0201,range_60_z,SOLUSDT,60,0.008025572979849991,1.1449204934987163,437,0.02102796350406067,2.015904012752453,145,0.25224209384264396,0.02190500696965735,,False,True
U0202,range_60_z,XRPUSDT,60,0.014723246142887836,2.3225858355210205,437,0.006802111821860899,0.6886346271935738,145,0.020201412373013428,0.24552661226939088,,False,False
U0203,range_60_z,ALL,60,0.018071875671821527,3.1841218525551804,437,0.017190985758888295,2.2935837579147065,145,0.0014519387835639388,0.010907209611772255,5.0,True,True
U0204,jump_15,BTCUSDT,60,0.015427831958092973,2.4623996639490353,437,0.014185399951222843,1.351900753040978,145,0.013801078202243605,0.08820353331303837,,False,False
U0205,jump_15,ETHUSDT,60,0.015185493031800881,2.388637463710816,437,0.016206869850053065,1.5891186453223556,145,0.01691098061746561,0.05601680451868509,,False,False
U0206,jump_15,BNBUSDT,60,0.01934285322418639,2.8260432965638076,437,0.034463965066244426,3.73105002422754,145,0.0047126893612826366,9.534167609775675e-05,,False,True
U0207,jump_15,SOLUSDT,60,0.0049765591307078865,0.773025802594275,437,0.016738629599953817,2.0824973945370058,145,0.4395071103483805,0.01864853031374665,,False,True
U0208,jump_15,XRPUSDT,60,0.014770315309452869,2.671631327138173,437,0.014920452743258468,1.6729075916219909,145,0.007548352929064542,0.04717274453907761,,False,True
U0209,jump_15,ALL,60,0.013940610530848198,2.896213464096095,437,0.019303063442146527,2.7633993159029084,145,0.0037769538610181817,0.002860136869406005,5.0,False,True
U0210,sigma_1m_bps,BTCUSDT,60,0.012921931528489358,1.684956299190713,437,-0.013724026682600933,-1.0208007126759742,145,0.0919970032108864,0.8463255666501202,,False,False
U0211,sigma_1m_bps,ETHUSDT,60,0.014739072956144142,1.9784250128128857,437,-0.023301299330402005,-1.7445242899424651,145,0.047880780300744344,0.9594661451576918,,False,False
U0212,sigma_1m_bps,BNBUSDT,60,0.021010246793511274,2.4918558290607944,437,-0.027839859986948674,-1.8160273241021017,145,0.012707760746411908,0.9653169096141525,,False,False
U0213,sigma_1m_bps,SOLUSDT,60,0.005579561838097409,0.6441264757843536,437,-0.014507773801992556,-0.8604923030557242,145,0.5194934232068358,0.8052411377282798,,False,False
U0214,sigma_1m_bps,XRPUSDT,60,0.023203214459022285,2.756523965870833,437,-0.043400606481533946,-3.392594471759948,145,0.005841933144799469,0.9996538297339799,,False,False
U0215,sigma_1m_bps,ALL,60,0.015490805515052893,2.617169886511318,437,-0.02455471325669562,-1.9280232281030836,145,0.00886622016947735,0.9730738814796742,0.0,False,False
U0216,vol_ratio_30d,BTCUSDT,60,0.011091751571544965,1.385800198175407,430,-0.015807952146198075,-1.0810111344248325,145,0.16580792186854942,0.8601539196097876,,False,False
U0217,vol_ratio_30d,ETHUSDT,60,0.014300805254052818,1.8268395066142866,430,-0.03429740662225003,-2.4142318875857525,145,0.06772390392230339,0.992115788349475,,False,False
U0218,vol_ratio_30d,BNBUSDT,60,0.034858020581685994,3.911371697963503,430,-0.019026070504357312,-1.146722950394635,145,9.177340538031303e-05,0.8742519289596521,,True,False
U0219,vol_ratio_30d,SOLUSDT,60,0.016870896919512504,2.0701396313711933,430,-0.012804773920148874,-0.7567901710523082,145,0.0384392705270587,0.7754122088334165,,False,False
U0220,vol_ratio_30d,XRPUSDT,60,0.02835902882030731,2.999591495119091,430,-0.02885042141447366,-2.16345098720681,145,0.002703419146192038,0.984746745202692,,True,False
U0221,vol_ratio_30d,ALL,60,0.02109610062942072,3.3515356441612143,430,-0.022157324921485585,-1.6084926650394606,145,0.00080364692680449,0.9461363393130978,0.0,True,False
U0222,rvol_15,BTCUSDT,60,0.00890033755517314,1.3638579877224972,437,0.022873377800611487,1.6043913089013289,145,0.17261226555834686,0.054313912769419895,,False,False
U0223,rvol_15,ETHUSDT,60,0.013811900203663272,2.1615540648165354,437,0.014082159778558093,1.1116152318537404,145,0.030652565384079566,0.13315181030068962,,False,False
U0224,rvol_15,BNBUSDT,60,0.011180057502181503,1.4480595372069858,437,0.020322587355235237,1.5865850781149888,145,0.14760040051262108,0.05630332460939297,,False,False
U0225,rvol_15,SOLUSDT,60,0.006617542516260072,1.0939675393992359,437,0.02215994889695128,1.9468061477579215,145,0.27396921508650196,0.02577898982407782,,False,True
U0226,rvol_15,XRPUSDT,60,0.016550131948681397,2.6563344888725413,437,0.012821585403366292,1.2703685845162904,145,0.007899521742456247,0.10197668412113103,,False,False
U0227,rvol_15,ALL,60,0.011411993945191877,2.2420598160738283,437,0.018451931846944478,1.901672841968179,145,0.024957506639616517,0.028606969232024933,5.0,False,True
U0228,rvol_60,BTCUSDT,60,0.013374573327354138,1.9424039630030578,437,0.023683695055151725,1.619034069448733,145,0.05208821592601153,0.05271996646169223,,False,False
U0229,rvol_60,ETHUSDT,60,0.018799556930465734,2.552660780054724,437,0.01744807214352668,1.4690241277311367,145,0.010690355658169313,0.07091312253426435,,False,False
U0230,rvol_60,BNBUSDT,60,0.013762710885101075,1.5917383775859448,437,0.02636657582861061,2.0617986810834052,145,0.1114435013378752,0.01961345335098572,,False,True
U0231,rvol_60,SOLUSDT,60,0.007560813333939367,1.10931828574599,437,0.03140068896443717,2.664164908890743,145,0.26729289943600265,0.0038589858463267297,,False,True
U0232,rvol_60,XRPUSDT,60,0.017504638587856038,2.3924716094493226,437,0.013992323402327977,1.3112116474592923,145,0.016735322784111023,0.09489313416750905,,False,False
U0233,rvol_60,ALL,60,0.014200458612943273,2.5338035710407554,437,0.022578271078810837,2.428794261294125,145,0.011283196087693676,0.00757456308506724,5.0,False,True
U0234,vol_chg_15,BTCUSDT,60,-0.004514819300061753,-1.466805688492412,437,0.003570542768063973,0.5767156038770482,145,0.14242892181496192,0.7179342051233452,,False,False
U0235,vol_chg_15,ETHUSDT,60,-0.005794560206457776,-2.022911668599211,437,-0.0020959946399353576,-0.36567135232320597,145,0.04308225529940247,0.35730516265828227,,False,False
U0236,vol_chg_15,BNBUSDT,60,-0.003933074086333325,-1.2590501076200793,437,-0.0019921636673417434,-0.3025495901609802,145,0.20801223372247202,0.3811165680238869,,False,False
U0237,vol_chg_15,SOLUSDT,60,-0.003438951435225053,-1.1766690329309302,437,0.0013753210148678412,0.27523900418244035,145,0.23932763248772904,0.6084336886357976,,False,False
U0238,vol_chg_15,XRPUSDT,60,-0.003079661304020241,-1.0366633015496323,437,0.007779482408400518,1.0005693566967047,145,0.2998928007469154,0.8414824745014888,,False,False
U0239,vol_chg_15,ALL,60,-0.0041522132664196295,-2.020583985262371,437,0.0017274375768110452,0.3244877894377608,145,0.043322848124547716,0.6272156173926471,2.0,False,False
U0240,taker_imb_15,BTCUSDT,60,-0.025966735311453482,-5.436863806577704,437,-0.030131043241181706,-4.475100082748287,145,5.422655478025141e-08,3.818776419453367e-06,,True,True
U0241,taker_imb_15,ETHUSDT,60,-0.02440810665298135,-5.718365678555658,437,-0.024994312128329012,-2.726327075598627,145,1.075534874109958e-08,0.00320217504005731,,True,True
U0242,taker_imb_15,BNBUSDT,60,-0.017086732655071334,-3.370302680241732,437,-0.023962090985400253,-4.0153331432782196,145,0.0007508565913324681,2.9680941954901473e-05,,True,True
U0243,taker_imb_15,SOLUSDT,60,-0.02731907738830598,-6.256890375906783,437,-0.03131355549297904,-3.6503297913238746,145,3.9272926118240176e-10,0.00013095190878602972,,True,True
U0244,taker_imb_15,XRPUSDT,60,-0.02391907563598868,-4.810708116450682,437,-0.025797652418457013,-3.8657474271373036,145,1.5039651247625912e-06,5.5374753005211545e-05,,True,True
U0245,taker_imb_15,ALL,60,-0.023739945528760163,-8.336793404869788,437,-0.027239730853269403,-5.721445386824528,145,7.633225799518729e-17,5.281080521836037e-09,5.0,True,True
U0246,taker_imb_60,BTCUSDT,60,-0.01880389330495927,-2.6082367050335615,437,-0.0387193788657716,-4.669779833321809,145,0.009100999638264827,1.50761356584509e-06,,False,True
U0247,taker_imb_60,ETHUSDT,60,-0.016147682156072863,-2.177473792613983,437,-0.04700171741665572,-3.9514630259718575,145,0.02944523512011282,3.8837437135697344e-05,,False,True
U0248,taker_imb_60,BNBUSDT,60,-0.03278789222467097,-4.625794757959916,437,-0.03099566172631827,-3.0429427040118973,145,3.7316468962242137e-06,0.0011713846742719242,,True,True
U0249,taker_imb_60,SOLUSDT,60,-0.026965592836407964,-4.2770356458122745,437,-0.042259348246629566,-3.8394598397605955,145,1.8939848484570492e-05,6.1652648161679e-05,,True,True
U0250,taker_imb_60,XRPUSDT,60,-0.027198213163756174,-4.239400205181765,437,-0.03232150525383923,-3.254152162353809,145,2.241177972073709e-05,0.0005686567198303535,,True,True
U0251,taker_imb_60,ALL,60,-0.02438065473717345,-6.16627824179297,437,-0.03825952230184288,-5.4626053639093906,145,6.991601530554522e-10,2.345984381109379e-08,5.0,True,True
U0252,taker_imb_240,BTCUSDT,60,-0.014171266330612926,-1.7906710263687724,437,-0.030298410836637542,-2.31399213893609,145,0.07334610182015135,0.010334076675372433,,False,True
U0253,taker_imb_240,ETHUSDT,60,-0.018012449892010448,-2.32570140458782,437,-0.034516221529109506,-2.6520321844600403,145,0.020034485514287066,0.004000445749359873,,False,True
U0254,taker_imb_240,BNBUSDT,60,-0.03116646693140161,-3.358018599147667,437,-0.05219146744946406,-3.908283590154384,145,0.000785033307400654,4.6477078997301135e-05,,True,True
U0255,taker_imb_240,SOLUSDT,60,-0.011343598006741767,-1.5621994470756815,437,-0.03475500181668154,-2.4651080238314558,145,0.11824101084089299,0.006848597499801023,,False,True
U0256,taker_imb_240,XRPUSDT,60,-0.02593378804128932,-3.661121998783715,437,-0.011851109891008125,-0.7133966300044674,145,0.0002511131422881885,0.2378001789287656,,True,False
U0257,taker_imb_240,ALL,60,-0.020125513840411217,-4.233431622343086,437,-0.03272244230458015,-3.44227514835239,145,2.30152181315746e-05,0.0002884215972662154,5.0,True,True
U0258,pv_corr_60,BTCUSDT,60,-0.0255361763680608,-3.61910584979642,437,-0.036167372080118006,-4.007419559137728,145,0.00029562270834060557,3.06928794471573e-05,,True,True
U0259,pv_corr_60,ETHUSDT,60,-0.02289407951007761,-2.9400853629473804,437,-0.0603540123687464,-6.705699945084465,145,0.003281218358725339,1.002216116575262e-11,,False,True
U0260,pv_corr_60,BNBUSDT,60,-0.02362998142278133,-3.483100581847821,437,-0.03367179037255676,-2.751303667395242,145,0.0004956421097502593,0.0029679294826505296,,True,True
U0261,pv_corr_60,SOLUSDT,60,-0.0072616759648997525,-0.9208148969498848,437,-0.0341480622582851,-3.347730589540493,145,0.3571470760443807,0.0004073808738259664,,False,True
U0262,pv_corr_60,XRPUSDT,60,-0.027677766306372465,-3.966448087648798,437,-0.038158519726413244,-3.296010465166765,145,7.29516556625843e-05,0.0004903418101152415,,True,True
U0263,pv_corr_60,ALL,60,-0.021399935914438395,-4.242576192276623,437,-0.040499951361223904,-5.379531407271062,145,2.209684846682413e-05,3.733998299216746e-08,5.0,True,True
U0264,trade_size_rel,BTCUSDT,60,-0.0024808985676959684,-0.3240609180172025,437,-0.007890326236403292,-0.6647593816221731,145,0.7458919145508522,0.25310220310068954,,False,False
U0265,trade_size_rel,ETHUSDT,60,-0.0031451714897244632,-0.44003468337885293,437,-0.00978561639275183,-0.8612764705207466,145,0.6599119873902214,0.19454289581614959,,False,False
U0266,trade_size_rel,BNBUSDT,60,-0.018448536062142626,-2.2344303327398722,437,-0.0004868562224983319,-0.035705392141167094,145,0.025454771733895896,0.48575863549417875,,False,False
U0267,trade_size_rel,SOLUSDT,60,0.007559668051878692,1.0401090442146859,437,0.017135010887907982,1.3405861351443051,145,0.2982892422456891,0.09002743064651736,,False,False
U0268,trade_size_rel,XRPUSDT,60,0.009848856773451473,1.0472781036745635,437,-0.0046746404077298844,-0.4334781409049883,145,0.29497133190504643,0.6676662784767284,,False,False
U0269,trade_size_rel,ALL,60,-0.0013332162588465804,-0.23640563372226686,437,-0.00114048567429507,-0.12810598568188347,145,0.8131179249986373,0.4490325495962542,4.0,False,False
U0270,breakout_240,BTCUSDT,60,-0.004823517255215996,-0.9657139132815441,437,-0.00987421905018671,-0.8676012600856251,145,0.33418735548183043,0.19280632819538285,,False,False
U0271,breakout_240,ETHUSDT,60,-0.0055668042069868355,-0.993060310615335,437,-0.015921447991120833,-1.7181718134491113,145,0.3206805642439332,0.04288264056615954,,False,True
U0272,breakout_240,BNBUSDT,60,-0.01041891069172957,-2.2114170838358347,437,-0.005844318448980252,-0.9232618936466639,145,0.0270069678870513,0.1779353705517559,,False,False
U0273,breakout_240,SOLUSDT,60,-0.005801660196424544,-1.0821162436656895,437,-0.005874216178564356,-0.6191021668318675,145,0.2792008788699254,0.2679245279834797,,False,False
U0274,breakout_240,XRPUSDT,60,-0.011993730086387502,-2.3556041622646675,437,-0.009803518385446897,-1.0202476046028972,145,0.018492611643542774,0.15380552282432502,,False,False
U0275,breakout_240,ALL,60,-0.007720924487348889,-2.5408463448690517,437,-0.009463544010859809,-1.518754649784758,145,0.011058450667424984,0.06441213247302945,5.0,False,False
U0276,breakdown_240,BTCUSDT,60,0.011633583807201775,2.249497412437161,437,-0.003533296439376913,-0.554192216922216,145,0.02448086726289059,0.7102763478526989,,False,False
U0277,breakdown_240,ETHUSDT,60,-0.0024029031084905994,-0.5753209946951942,437,-0.007331084298714203,-0.7349646438012947,145,0.5650742251361487,0.2311805135200512,,False,False
U0278,breakdown_240,BNBUSDT,60,-0.001271429812581225,-0.2034836719277765,437,-0.005941435083390135,-1.0739426722188408,145,0.8387570066346713,0.14142418815131463,,False,False
U0279,breakdown_240,SOLUSDT,60,0.012045106908964178,2.4695864645126266,437,0.0038684544720082757,0.4134538900360265,145,0.013526932409994091,0.33963704930701655,,False,False
U0280,breakdown_240,XRPUSDT,60,0.01077540701013034,2.168004098914351,437,0.00582271370948608,0.924107297123945,145,0.03015837467328241,0.177715227218755,,False,False
U0281,breakdown_240,ALL,60,0.006155952961044894,2.0175514883824346,437,-0.0014229295279973783,-0.35528863814971773,145,0.0436379935420693,0.6388133167966514,2.0,False,False
U0282,false_breakout_15,BTCUSDT,60,-0.016465214092913547,-2.8408058942720436,437,-0.020671325065697417,-1.7056333675041475,145,0.00449996929104964,0.04403818138199587,,False,True
U0283,false_breakout_15,ETHUSDT,60,-0.02066351350467877,-4.258047024989112,437,-0.02797455156558809,-2.6972462026464012,145,2.062205757594002e-05,0.0034957778594404934,,True,True
U0284,false_breakout_15,BNBUSDT,60,-0.015206740998205636,-2.8367185485990816,437,-0.020291937133858573,-1.7732958746732124,145,0.004557977187358337,0.03808984614530489,,False,True
U0285,false_breakout_15,SOLUSDT,60,-0.011778334988511371,-1.9958931608953456,437,-0.029179647799369463,-3.759421221955428,145,0.045945553300868275,8.51534462385726e-05,,False,True
U0286,false_breakout_15,XRPUSDT,60,-0.02158881443308423,-3.6675540356289433,437,-0.01471914635119252,-1.193516820468021,145,0.00024488181064682757,0.11633351430472566,,True,False
U0287,false_breakout_15,ALL,60,-0.01714052360347871,-4.69462882878152,437,-0.022567321583141217,-2.629469734695499,145,2.670912430751723e-06,0.004275907184854819,5.0,True,True
U0288,false_breakdown_15,BTCUSDT,60,0.01315702700928664,2.1076069458123916,437,0.03686412884179742,3.678905109070681,145,0.035065002283170194,0.00011711869664264026,,False,True
U0289,false_breakdown_15,ETHUSDT,60,0.011923850502106995,1.8484673651862789,437,0.022724512788822322,2.8548472117798402,145,0.06453476123591184,0.0021528768797300043,,False,True
U0290,false_breakdown_15,BNBUSDT,60,0.02300695671344463,4.0518223151530055,437,0.023925687100155177,2.2826117444319247,145,5.082025474132233e-05,0.011226624271650248,,True,True
U0291,false_breakdown_15,SOLUSDT,60,0.010275342884212333,1.805482999749237,437,0.03646912017023404,3.3342271895368,145,0.07099913341725209,0.0004276838094408079,,False,True
U0292,false_breakdown_15,XRPUSDT,60,0.02329984606254303,3.5858446561816546,437,0.01454656291002625,1.6498796976703383,145,0.0003359889305507623,0.049483771963403665,,True,True
U0293,false_breakdown_15,ALL,60,0.016332604634318723,3.7055831012162783,437,0.026906002362207044,4.318295953209021,145,0.0002109049642039703,7.861924780595793e-06,5.0,True,True
U0294,dc2_mode,BTCUSDT,60,-0.020553312989530254,-2.728897171749411,437,-0.02652978485665847,-2.0212244232177703,145,0.006354651564730761,0.021628269283385203,,False,True
U0295,dc2_mode,ETHUSDT,60,-0.016998966863243,-2.0959026025537026,437,-0.03494195579980382,-2.906351725819972,145,0.03609083180989303,0.0018283507886373896,,False,True
U0296,dc2_mode,BNBUSDT,60,-0.007977670826925659,-0.8671858543968821,437,0.006790466632436026,0.646065930436271,145,0.38584018556304434,0.7408816708132876,,False,False
U0297,dc2_mode,SOLUSDT,60,-0.010254431904117286,-1.4258942259815905,437,-0.01514196511170552,-0.9842945885797612,145,0.15389887636693023,0.16248534472419512,,False,False
U0298,dc2_mode,XRPUSDT,60,-0.03181854723733862,-3.2903566104695403,437,-0.03348159761467136,-2.7588216617983368,145,0.001000604844150942,0.002900509158089132,,True,True
U0299,dc2_mode,ALL,60,-0.01752058596423096,-3.4445037548439634,437,-0.02066096735008063,-2.571936175134868,145,0.0005721086893743265,0.005056576696284699,4.0,True,True
U0300,dc2_overshoot,BTCUSDT,60,-0.009271381003119444,-1.2599141636465634,437,0.004771815183110176,0.3333887037538544,145,0.20770032872293698,0.6305795554934064,,False,False
U0301,dc2_overshoot,ETHUSDT,60,-0.004604058253463812,-0.5742080654896283,437,0.0003199866891573179,0.025137760411322582,145,0.5658270120634321,0.510027459381264,,False,False
U0302,dc2_overshoot,BNBUSDT,60,0.010888724487779652,1.4408649283551713,437,-0.021070232140242045,-1.1562085562283073,145,0.1496228459557438,0.8762020695588517,,False,False
U0303,dc2_overshoot,SOLUSDT,60,-0.01128648128593382,-1.3245515270244597,437,-0.00014568217128561658,-0.009534984904748219,145,0.18531994216921321,0.49619614901703996,,False,False
U0304,dc2_overshoot,XRPUSDT,60,-0.012936175787468966,-1.5826936218500587,437,0.01316502473954405,0.7766558992549376,145,0.11349131276041896,0.7813190938918206,,False,False
U0305,dc2_overshoot,ALL,60,-0.005441874368441275,-1.1023453460892938,437,-0.0005918175399432248,-0.053742827572638284,145,0.27031156235307796,0.47857003030910794,2.0,False,False
U0306,dc2_pullback,BTCUSDT,60,-0.001626499861158129,-0.21962326831993717,437,0.002603878310443953,0.1547229477783605,145,0.8261645683202414,0.5614801309316354,,False,False
U0307,dc2_pullback,ETHUSDT,60,-0.020784504561918167,-3.154123257691077,437,0.012972766046290062,1.1031739447879694,145,0.00160981079312107,0.8650241830364338,,True,False
U0308,dc2_pullback,BNBUSDT,60,-0.008571642330143677,-1.24735159479372,437,-0.0005142653354476156,-0.03971051166711162,145,0.21226860693316796,0.48416196059499067,,False,False
U0309,dc2_pullback,SOLUSDT,60,-0.002144211719400374,-0.30609582977176647,437,0.023755560346284902,2.0584906650371355,145,0.75953168300162,0.9802284717735816,,False,False
U0310,dc2_pullback,XRPUSDT,60,-0.0029597205552551868,-0.4040007071495107,437,0.01713665260929478,1.2483837776287803,145,0.6862121991691056,0.8940547265284763,,False,False
U0311,dc2_pullback,ALL,60,-0.007217315805575107,-1.8115065926109344,437,0.011190918395373214,1.090165182434459,145,0.07006246949149764,0.8621798062505989,1.0,False,False
U0312,dc2_age,BTCUSDT,60,-0.017292855102197576,-2.602700872506436,437,-0.01117092042462669,-0.8292395585238942,145,0.009249261415908311,0.20348443227258245,,False,False
U0313,dc2_age,ETHUSDT,60,-0.01243447596562697,-1.6321610358234993,437,-0.04608388411362764,-2.9510985924472233,145,0.10264556662127734,0.0015832291269942337,,False,True
U0314,dc2_age,BNBUSDT,60,-0.012270149222480565,-1.6017762624647656,437,-0.04383184599287273,-2.532663960867344,145,0.10920509399300031,0.005659970757920705,,False,True
U0315,dc2_age,SOLUSDT,60,-0.020497019478103666,-2.808694201247622,437,-0.02442340770943087,-1.8334095916538027,145,0.004974287095348251,0.033370841136411186,,False,True
U0316,dc2_age,XRPUSDT,60,-0.022039035576324025,-2.761375270360966,437,-0.005207291074978282,-0.4097186960203267,145,0.005755849748719775,0.34100615686245406,,False,False
U0317,dc2_age,ALL,60,-0.01690670706894656,-3.899116181630182,437,-0.026143469863107244,-2.3763035771283882,145,9.654444458429806e-05,0.008743534518948217,5.0,True,True
U0318,dc4_mode,BTCUSDT,60,-0.027723262620907522,-4.226590432691795,437,-0.01569415548757756,-1.1079183856232628,145,2.3725894496591893e-05,0.1339485322758991,,True,False
U0319,dc4_mode,ETHUSDT,60,-0.02214961536417105,-2.4887679055714456,437,-0.010688175514379616,-0.756098555956165,145,0.012818661783936623,0.22479505385235854,,False,False
U0320,dc4_mode,BNBUSDT,60,-0.013635275103995839,-1.7153453933041893,437,-0.014442112024089456,-1.1691460825090432,145,0.08628192069876019,0.12117239002341407,,False,False
U0321,dc4_mode,SOLUSDT,60,-0.026140819847301038,-3.7685537528865307,437,0.0020134659400797756,0.13965204755330352,145,0.00016419612943993853,0.5555325422407817,,True,False
U0322,dc4_mode,XRPUSDT,60,-0.01766317662878308,-2.1717978327890193,437,-0.0003530692651512593,-0.03269413894977542,145,0.029870915232495885,0.48695924891740683,,False,False
U0323,dc4_mode,ALL,60,-0.021462429913031707,-4.519302225969439,437,-0.007832809270223623,-0.7809893659184527,145,6.204377456389987e-06,0.21740437458901507,4.0,True,False
U0324,dc4_overshoot,BTCUSDT,60,-0.00929015257979762,-1.021659296308407,437,-0.013043898234807288,-0.9289590634706271,145,0.3069421823300612,0.1764551508935147,,False,False
U0325,dc4_overshoot,ETHUSDT,60,0.008427354011505954,0.919885360520384,437,-0.018553600087706904,-1.4290327316331475,145,0.35763266983910436,0.9235025870296409,,False,False
U0326,dc4_overshoot,BNBUSDT,60,-0.009440955519726532,-1.0822828492873389,437,-0.00042644130131755826,-0.030930515428653264,145,0.27912686443128654,0.48766247688370995,,False,False
U0327,dc4_overshoot,SOLUSDT,60,-0.003975187725143478,-0.45261067012513884,437,0.006404423360379026,0.42259693318703623,145,0.6508291140821412,0.663705317726611,,False,False
U0328,dc4_overshoot,XRPUSDT,60,0.009658265812952538,1.2934168020761951,437,0.019662981540698492,1.0578878697327192,145,0.19586694200331678,0.1450532830279277,,False,False
U0329,dc4_overshoot,ALL,60,-0.000924135200041828,-0.20338382542055303,437,-0.0011913069445508464,-0.12436256164959048,145,0.838835041060096,0.4505141073277488,3.0,False,False
U0330,dc4_pullback,BTCUSDT,60,-0.005281751463857107,-0.693785459287306,437,-0.011035295037333179,-0.8330609533548509,145,0.4878167627864356,0.20240517682861198,,False,False
U0331,dc4_pullback,ETHUSDT,60,0.00020573207499790532,0.027434480481995784,437,-0.029727593966337115,-1.9599892692709708,145,0.9781131971438537,0.9750014777312469,,False,False
U0332,dc4_pullback,BNBUSDT,60,0.004785289847137076,0.5321010692664739,437,0.00308869329938838,0.1869029055553837,145,0.5946559968615266,0.4258683805202408,,False,False
U0333,dc4_pullback,SOLUSDT,60,-0.013356330781346445,-1.8530787503369461,437,-0.015874447057990182,-0.8946187616492357,145,0.06387107208209392,0.18549545951744983,,False,False
U0334,dc4_pullback,XRPUSDT,60,-0.004372865856660997,-0.5794127313364434,437,-0.0056903247856533445,-0.4140887157335097,145,0.5623107156591063,0.33940456828954896,,False,False
U0335,dc4_pullback,ALL,60,-0.003603985235945915,-0.8102659282228887,437,-0.011847793509585088,-1.0032369930832212,145,0.41778735320454286,0.1578732640672888,4.0,False,False
U0336,dc4_age,BTCUSDT,60,-0.013589887952508282,-1.7290699021136058,437,-0.024149401912363245,-2.0471765230025682,145,0.08379658513801143,0.020320377829669972,,False,True
U0337,dc4_age,ETHUSDT,60,0.0006954946274423596,0.08408832183120699,437,-0.008708276741357253,-0.6429678202631212,145,0.9329862095872223,0.7398775096438404,,False,False
U0338,dc4_age,BNBUSDT,60,-0.03308388396437358,-4.032444313706258,437,-0.01082097285186119,-0.7580612671054021,145,5.519969759690121e-05,0.2242071529278899,,True,False
U0339,dc4_age,SOLUSDT,60,-0.0135470027888942,-1.617693048797548,437,0.001015597596282807,0.08349303060976827,145,0.10572876479130887,0.5332702405938764,,False,False
U0340,dc4_age,XRPUSDT,60,0.007948115424798041,0.9607718629525592,437,0.011951236176959687,0.6957205550942929,145,0.3366668889743024,0.2433019251178114,,False,False
U0341,dc4_age,ALL,60,-0.010315432930707134,-2.034861437499224,437,-0.00614236354646784,-0.6450880742730966,145,0.04186481711038377,0.25943505586785687,3.0,False,False
U0342,oi_chg_60,BTCUSDT,60,-0.019228357537373217,-2.6944512765210775,437,-0.020638202013738546,-1.2627373665501698,145,0.007050463396264164,0.10334179024766083,,False,False
U0343,oi_chg_60,ETHUSDT,60,-0.007573787044436615,-0.854012733648784,437,0.005847323740871864,0.47336132057067354,145,0.39309793398548143,0.6820222898084354,,False,False
U0344,oi_chg_60,BNBUSDT,60,-0.02681893251045289,-3.466078108212562,437,-0.021616088231018245,-1.5696620176954172,145,0.0005281098341137207,0.05824688102659273,,True,False
U0345,oi_chg_60,SOLUSDT,60,-0.016533180850274363,-1.987719639145973,437,-0.0018381976577758028,-0.1604077748528645,145,0.046842705652285294,0.43627993273912236,,False,False
U0346,oi_chg_60,XRPUSDT,60,-0.026358382568893765,-3.5364013697830012,437,-0.00819148533932558,-0.6064571746529541,145,0.000405617927620612,0.2721056059722587,,True,False
U0347,oi_chg_60,ALL,60,-0.01930252810228617,-4.825138032508444,437,-0.009287329900197263,-1.1010781496902236,145,1.3990633861956814e-06,0.13543132295768373,4.0,True,False
U0348,oi_chg_240,BTCUSDT,60,-0.019192845720859615,-2.0620627050928064,437,-0.021950491235289027,-1.318034256894323,145,0.03920176646550853,0.09374609023468666,,False,False
U0349,oi_chg_240,ETHUSDT,60,-0.014929063829618179,-1.4813477772062946,437,-0.005004297066638836,-0.34594107491769693,145,0.13851392314544275,0.36469349946281493,,False,False
U0350,oi_chg_240,BNBUSDT,60,-0.028272555421616493,-3.6331063736550275,437,-0.05968248545179274,-3.991997526126625,145,0.00028002950516628527,3.275952824014853e-05,,True,True
U0351,oi_chg_240,SOLUSDT,60,-0.017852514404213614,-2.1771965792854107,437,-0.03260687707156609,-2.179807299845256,145,0.02946590343306909,0.01463587430482945,,False,True
U0352,oi_chg_240,XRPUSDT,60,-0.019318922957984073,-2.3009427173698644,437,-0.014813772249995878,-0.673270733685293,145,0.021394869130185578,0.2503875340890561,,False,False
U0353,oi_chg_240,ALL,60,-0.01991318046685839,-4.507406816157239,437,-0.026811584615056516,-2.181456997778221,145,6.562473592227647e-06,0.014574815886244805,5.0,True,True
U0354,oi_chg_1440,BTCUSDT,60,-0.015801825903915087,-1.9895563539274321,437,-0.037938729399617996,-2.441357396944539,145,0.04663982815566121,0.007316082961178112,,False,True
U0355,oi_chg_1440,ETHUSDT,60,0.0011998075609565009,0.1397572827207387,437,-0.023943631857727847,-1.719520696466974,145,0.8888517654119892,0.9572401987987689,,False,False
U0356,oi_chg_1440,BNBUSDT,60,-0.013036027432270888,-1.508130383489818,437,-0.029229680174005804,-2.8254536156718397,145,0.13152116031747652,0.0023606861633550654,,False,True
U0357,oi_chg_1440,SOLUSDT,60,0.006407603743981458,0.7899220854185907,437,-0.016949365337795147,-1.1052855250478046,145,0.4295732724321639,0.8654820559838627,,False,False
U0358,oi_chg_1440,XRPUSDT,60,-0.0036183656549926184,-0.3930463191983391,437,0.022299966706896077,1.3794453836371336,145,0.6942852709218768,0.9161212626676272,,False,False
U0359,oi_chg_1440,ALL,60,-0.004969761537248126,-1.2637098423170614,437,-0.017152288012450143,-2.0796151213524254,145,0.20633419115446217,0.018780424450611264,4.0,False,True
U0360,oi_price_60,BTCUSDT,60,-0.0029742118235149186,-0.40001413590375945,437,0.010894735965586053,1.175439595722812,145,0.689146105146266,0.8800905549679652,,False,False
U0361,oi_price_60,ETHUSDT,60,0.003129797989760065,0.5106782185108389,437,0.019328055931773728,1.2950962039782878,145,0.609576395124434,0.09764352213178112,,False,False
U0362,oi_price_60,BNBUSDT,60,-0.003531955864571964,-0.5465374723785119,437,0.003541150191150745,0.26765260101446176,145,0.5846965367748963,0.6055166310803567,,False,False
U0363,oi_price_60,SOLUSDT,60,-0.00519447812807709,-0.6961063521496622,437,-0.0008809171834409562,-0.07745484277470252,145,0.48636222876161295,0.4691308567749378,,False,False
U0364,oi_price_60,XRPUSDT,60,0.009278363947737385,1.3358507438184437,437,0.023326057326510025,1.489275149880325,145,0.18159806326270855,0.06820746434455256,,False,False
U0365,oi_price_60,ALL,60,0.0001415032242666947,0.04127396179438907,437,0.01124181644631592,1.5715013048644804,145,0.967077490854479,0.05803312577773174,4.0,False,False
U0366,ls_acct,BTCUSDT,60,0.0034038174494204205,0.44460691269840696,437,0.004826403755520352,0.3475019490945514,145,0.6566038510070751,0.36410712723608873,,False,False
U0367,ls_acct,ETHUSDT,60,-0.0030361155605053733,-0.3213674817443859,437,0.012429134214011251,0.8392647942630739,145,0.7479319230057351,0.7993396327228987,,False,False
U0368,ls_acct,BNBUSDT,60,0.006890264232659665,0.8306486965763692,437,0.011387472503915462,0.5570901641899478,145,0.4061721165155029,0.2887329136863589,,False,False
U0369,ls_acct,SOLUSDT,60,-0.011465967562637378,-1.4114088091802546,437,0.02336235970983449,1.2813544859699202,145,0.158124106975575,0.899965408495446,,False,False
U0370,ls_acct,XRPUSDT,60,-0.0012876887855555043,-0.12345750098155726,437,-0.003553382060200447,-0.19032384398292293,145,0.9017448260774055,0.4245276851647107,,False,False
U0371,ls_acct,ALL,60,-0.0010991380453236337,-0.22324261212407465,437,0.00969039762461622,0.6253690275740774,145,0.8233466889811875,0.7341355574303173,1.0,False,False
U0372,top_ls_pos,BTCUSDT,60,-0.01055183160135271,-1.273030332866578,437,-0.0028607603229510383,-0.24551912175406057,145,0.2030072784017679,0.4030272520830471,,False,False
U0373,top_ls_pos,ETHUSDT,60,-0.0064622070937935296,-0.7364771174657814,437,-0.0012273077101947283,-0.10405476683735428,145,0.4614403882424455,0.4585629433799804,,False,False
U0374,top_ls_pos,BNBUSDT,60,-0.004141919203424933,-0.5474877448643524,437,0.01864790617803505,1.5018157920877357,145,0.5840436876883592,0.9334276556437462,,False,False
U0375,top_ls_pos,SOLUSDT,60,-0.0037524282045846282,-0.42828562673902054,437,0.0024685811095933236,0.16883031686483035,145,0.6684431820971151,0.5670349443982512,,False,False
U0376,top_ls_pos,XRPUSDT,60,0.01620472045989559,1.5804196104488797,437,-0.0022739651904959035,-0.18062037815647142,145,0.11401080350470601,0.571667220247053,,False,False
U0377,top_ls_pos,ALL,60,-0.0017407331286520427,-0.32342641483053763,437,0.002950890812797341,0.32531154356691333,145,0.7463723274597696,0.627527352447315,3.0,False,False
U0378,top_ls_acct,BTCUSDT,60,0.003633020448012121,0.4622143288384903,437,0.006090353890684571,0.42691556547494836,145,0.6439276287568458,0.33472041388928525,,False,False
U0379,top_ls_acct,ETHUSDT,60,0.0011296810489261628,0.12245639422751714,437,0.01088137524682473,0.7558960188422712,145,0.9025375783830021,0.224855770545148,,False,False
U0380,top_ls_acct,BNBUSDT,60,0.009748120189326769,1.0449337887185717,437,0.018014502934960534,1.07182067856055,145,0.29605357201967175,0.14190029165773843,,False,False
U0381,top_ls_acct,SOLUSDT,60,-0.009774792214419641,-1.2156851228669927,437,0.02376109444313365,1.2973509357482529,145,0.22410489355543062,0.9027447669565403,,False,False
U0382,top_ls_acct,XRPUSDT,60,0.009162931933978222,0.9312524526500875,437,0.0009677939584298974,0.04850027706166951,145,0.35172299092318193,0.480658771819972,,False,False
U0383,top_ls_acct,ALL,60,0.0027797922811647257,0.5684703842663716,437,0.011943024094806673,0.8090861836690358,145,0.5697156098602734,0.20923278743809431,5.0,False,False
U0384,taker_lsr_5m,BTCUSDT,60,-0.021597978141556447,-5.490025689768093,437,-0.011742549964975531,-1.2067474737076505,145,4.018752864331674e-08,0.11376470510375236,,True,False
U0385,taker_lsr_5m,ETHUSDT,60,-0.016491119333861118,-3.4679462298545616,437,-0.004986205466202638,-0.5755093463696579,145,0.000524452215457733,0.2824734357240214,,True,False
U0386,taker_lsr_5m,BNBUSDT,60,-0.007794837032284285,-1.4924040941701997,437,-0.0019453875481208935,-0.2469762843685922,145,0.13559324238598014,0.40246328898115874,,False,False
U0387,taker_lsr_5m,SOLUSDT,60,-0.015068582693177571,-3.2664549377183048,437,-0.01377728859381171,-1.6393268329599187,145,0.0010890313869508354,0.05057260529636483,,True,False
U0388,taker_lsr_5m,XRPUSDT,60,-0.013403511318896798,-2.7760559209526465,437,-0.005735751248608328,-0.834389325221198,145,0.005502274377875382,0.2020308153125161,,False,False
U0389,taker_lsr_5m,ALL,60,-0.014871205703955245,-4.986959138170549,437,-0.007637436564343821,-1.571091631461387,145,6.133703156327039e-07,0.05808068308468759,5.0,True,False
U0390,ls_acct_chg_60,BTCUSDT,60,-0.01134158663614549,-1.6874196225356404,437,0.004418939262682985,0.2797741054813018,145,0.09152269333052106,0.6101745902572703,,False,False
U0391,ls_acct_chg_60,ETHUSDT,60,-0.03304904942092369,-3.5742454237884362,437,0.03145931205310067,1.9201690438400802,145,0.0003512393628084029,0.9725817247914106,,True,False
U0392,ls_acct_chg_60,BNBUSDT,60,-0.0037863585639081048,-0.4729241008688071,437,-0.014831931806720435,-1.0570513854418024,145,0.6362673296854456,0.14524406823106595,,False,False
U0393,ls_acct_chg_60,SOLUSDT,60,-0.02325375969516597,-2.5660268380847824,437,0.0115381680253486,0.5326300183448623,145,0.010287086838969483,0.7028551408736239,,False,False
U0394,ls_acct_chg_60,XRPUSDT,60,0.008888604465726998,1.0556484405706306,437,-0.011914117579434228,-0.9657130973938802,145,0.29112886115816883,0.8329061180719588,,False,False
U0395,ls_acct_chg_60,ALL,60,-0.012508429970083248,-2.435282405426481,437,0.00413407399099552,0.33245834027252236,145,0.014880171231498943,0.6302284039952925,2.0,False,False
U0396,metrics_staleness_min,BTCUSDT,60,0.0,0.0,437,0.0,0.0,145,1.0,0.5,,False,False
U0397,metrics_staleness_min,ETHUSDT,60,8.27054586439843e-10,0.0002119443772158562,437,-2.135093395534334e-07,-0.020739712269887158,145,0.9998308928549365,0.5082733549927249,,False,False
U0398,metrics_staleness_min,BNBUSDT,60,-7.75636233774095e-08,-0.009551764987587476,437,0.0,0.0,145,0.9923789100747284,0.5,,False,False
U0399,metrics_staleness_min,SOLUSDT,60,-1.954049191874696e-08,-0.0064291902130974654,437,9.668389819041154e-07,0.029513782960866,145,0.9948702837295605,0.5117725867413319,,False,False
U0400,metrics_staleness_min,XRPUSDT,60,-1.4564759084622267e-08,-0.003991824003275225,437,0.0,0.0,145,0.9968149937170114,0.5,,False,False
U0401,metrics_staleness_min,ALL,60,-2.2168363958867627e-08,-0.007099548649733486,437,1.506659284701367e-07,0.029922153561410952,145,0.9943354273295495,0.5119354311143263,1.0,False,False
U0402,funding_last_bps,BTCUSDT,60,0.0031201417330947987,0.4004399156548882,437,-0.005214681719802325,-0.30162079262580116,145,0.6888325296961415,0.6185294222175515,,False,False
U0403,funding_last_bps,ETHUSDT,60,0.0008326689259534132,0.1030020284030299,437,-0.013961516208509404,-1.1900043255299344,145,0.917961361085362,0.882977654030004,,False,False
U0404,funding_last_bps,BNBUSDT,60,0.0018893182463148354,0.19020609849860973,437,-0.00745259990436129,-0.47324695462219546,145,0.8491476324487878,0.6819814990133822,,False,False
U0405,funding_last_bps,SOLUSDT,60,-0.005615821505519087,-0.7237739890818516,437,0.010101277026304156,0.8730468081618128,145,0.46920450061493857,0.8086812175527883,,False,False
U0406,funding_last_bps,XRPUSDT,60,0.002949267750650349,0.26727959038402666,437,-0.010811042170370318,-0.8087407241068277,145,0.7892538998359613,0.7906678508773477,,False,False
U0407,funding_last_bps,ALL,60,0.0006351150300988609,0.10777967120451191,437,-0.005467712595347835,-0.6596006897141603,145,0.9141704689688561,0.7452449442301518,1.0,False,False
U0408,funding_mean3_bps,BTCUSDT,60,0.004542847642535051,0.5300848248947025,437,-0.008954864751859548,-0.6458162684010291,145,0.5960531200058989,0.7408008245265181,,False,False
U0409,funding_mean3_bps,ETHUSDT,60,5.849929493045388e-06,0.0007310676406987194,437,-0.01106093055917958,-1.0738905479642398,145,0.999416692468543,0.8585641299163442,,False,False
U0410,funding_mean3_bps,BNBUSDT,60,0.0036175018680352587,0.4312897727426452,437,0.0076836431585012915,0.482618343254015,145,0.6662576857953607,0.314683376119973,,False,False
U0411,funding_mean3_bps,SOLUSDT,60,0.006918681124940311,0.8655826617732887,437,0.0025556057901521168,0.20133308105884573,145,0.3867190670743268,0.4202190685929471,,False,False
U0412,funding_mean3_bps,XRPUSDT,60,0.004309718128258884,0.3856848274123323,437,-0.013105325063956121,-0.8083113404179034,145,0.6997301010459354,0.7905443120879806,,False,False
U0413,funding_mean3_bps,ALL,60,0.0038789197386525074,0.6180923647799349,437,-0.004576374285268368,-0.482758006431143,145,0.5365144550163377,0.6853662144738601,2.0,False,False
U0414,min_to_funding,BTCUSDT,60,0.0077848547665301795,0.8890882719315135,437,-0.008204774053199339,-0.5192745915320878,145,0.37395564144863636,0.6982153653699179,,False,False
U0415,min_to_funding,ETHUSDT,60,0.013061000487729678,1.7577694143531866,437,0.004634367588713168,0.2714799855541222,145,0.07878675148056163,0.3930109455567105,,False,False
U0416,min_to_funding,BNBUSDT,60,-0.0043806743761533665,-0.49194339004922294,437,-0.011029608186997312,-0.7168464072044143,145,0.6227593633821754,0.23673443670456162,,False,False
U0417,min_to_funding,SOLUSDT,60,0.005453602567028892,0.7122714159665346,437,-0.0023958789233098497,-0.15647395726099153,145,0.4762967208057419,0.5621702772638271,,False,False
U0418,min_to_funding,XRPUSDT,60,0.014538941500527824,2.0642395924176973,437,-0.011731219654399697,-0.9879855185185609,145,0.03899500531559273,0.8384201297342359,,False,False
U0419,min_to_funding,ALL,60,0.007291544989132643,1.0732770518828736,437,-0.005745422645838605,-0.4077637495881743,145,0.2831468282752372,0.6582764351406004,1.0,False,False
U0420,hour_sin,BTCUSDT,60,-0.004163043697589316,-0.5542479265335639,437,-0.012723323918411697,-0.9876965980097759,145,0.5794091826816272,0.16165063056390444,,False,False
U0421,hour_sin,ETHUSDT,60,-0.0024827043880494564,-0.30826681849195486,437,-0.02686679522222359,-2.183304245353973,145,0.7578793124054496,0.014506706064614157,,False,True
U0422,hour_sin,BNBUSDT,60,-0.016370668660945588,-2.1125726901047663,437,-0.03622359731545854,-2.6370791591933793,145,0.034637358251543696,0.0041811657492285895,,False,True
U0423,hour_sin,SOLUSDT,60,0.004684246748744971,0.5595085964195529,437,-0.026311392772627416,-2.337956569418558,145,0.5758146660507821,0.9903052493844926,,False,False
U0424,hour_sin,XRPUSDT,60,0.004362311996794272,0.5281423930400527,437,-0.007498942010953439,-0.5497493733237607,145,0.5974005090116978,0.7087543564098259,,False,False
U0425,hour_sin,ALL,60,-0.002793971600209024,-0.4074129090327571,437,-0.021924810247934936,-1.9196120040964835,145,0.6837047473361354,0.02745346331994057,5.0,False,True
U0426,hour_cos,BTCUSDT,60,0.0035432300041930995,0.4147456921537392,437,-0.0003224561537540529,-0.020651392153586072,145,0.6783280794903077,0.5082381279089253,,False,False
U0427,hour_cos,ETHUSDT,60,0.019555326632521422,2.2701711265141427,437,0.004816410011164458,0.3465048929282854,145,0.023197202144090216,0.3644816538429946,,False,False
U0428,hour_cos,BNBUSDT,60,0.03710132357638959,3.954414982503923,437,-0.002812156563363144,-0.18651521188515788,145,7.672214640156583e-05,0.5739796245987793,,True,False
U0429,hour_cos,SOLUSDT,60,0.023041650897781683,2.6994476756729124,437,0.006047347504647426,0.35671940258662294,145,0.0069454676647705636,0.3606509393760202,,False,False
U0430,hour_cos,XRPUSDT,60,0.0005905360468456036,0.06509438521975545,437,0.009156058920707786,0.6000885406616426,145,0.9480988508985824,0.27422361460697176,,False,False
U0431,hour_cos,ALL,60,0.016766413431546282,2.2563835390030955,437,0.0033770407438804963,0.23582968351110423,145,0.024046621637801503,0.4067824167945194,3.0,False,False
U0432,dow,BTCUSDT,60,-0.004321030483368975,-0.503870513286131,437,-0.017529816530632826,-1.0869971887036383,145,0.6143523726197588,0.13851902606345584,,False,False
U0433,dow,ETHUSDT,60,0.0009051374574399122,0.09705002885230195,437,-0.021543775403375508,-1.4196176508412106,145,0.9226866646476822,0.9221404880405006,,False,False
U0434,dow,BNBUSDT,60,-0.007819024037938873,-0.9007441343757538,437,-0.025299743600351494,-1.7099624302124183,145,0.36772437694466453,0.04363641030561696,,False,True
U0435,dow,SOLUSDT,60,0.007971925591595973,0.9940534160336492,437,-0.006675050908748524,-0.41521077410723456,145,0.3201968628090236,0.6610061938574032,,False,False
U0436,dow,XRPUSDT,60,0.004183778834829932,0.5251484653002448,437,-0.009308752810618092,-0.6914066291814027,145,0.5994799868525209,0.7553449803566918,,False,False
U0437,dow,ALL,60,0.0001841574725115935,0.024717708303923627,437,-0.01607142785074529,-1.1380967676467226,145,0.9802801302116966,0.8724599611456558,0.0,False,False
U0438,btc_ret_60_z,BTCUSDT,60,-0.03019996128987206,-4.506445103315378,437,-0.03273800546249841,-3.735791653728523,145,6.592273037318641e-06,9.356277797738284e-05,,True,True
U0439,btc_ret_60_z,ETHUSDT,60,-0.022349689841649152,-3.170138979584628,437,-0.025448452087663002,-2.5100554248368354,145,0.0015236604147954326,0.006035610676993457,,True,True
U0440,btc_ret_60_z,BNBUSDT,60,-0.0269907751741539,-4.166091065052459,437,-0.02319304144871999,-2.1962100047045023,145,3.098669637690744e-05,0.014038457805982509,,True,True
U0441,btc_ret_60_z,SOLUSDT,60,-0.01671105179914412,-2.344220098889746,437,-0.008109428716827741,-0.9774884015632809,145,0.019066915866920223,0.16416370851545575,,False,False
U0442,btc_ret_60_z,XRPUSDT,60,-0.01990056939341771,-3.147024735140461,437,-0.011976264375700305,-1.2116988224156853,145,0.0016494100789891818,0.11281384503289726,,True,False
U0443,btc_ret_60_z,ALL,60,-0.023230409499647393,-4.378271126425755,437,-0.02029303841828189,-2.4888251156910326,145,1.196244767380236e-05,0.0064082996764405955,5.0,True,True
U0444,rel_ret_60_z,BTCUSDT,60,0.0,0.0,437,0.0,0.0,145,1.0,0.5,,False,False
U0445,rel_ret_60_z,ETHUSDT,60,-0.013357996707693533,-1.569045600693321,437,-0.03826794757619909,-2.5146962875143695,145,0.11663731395677046,0.0059567481980827225,,False,True
U0446,rel_ret_60_z,BNBUSDT,60,-0.004369494200299962,-0.550713902948542,437,-0.00040946673408729257,-0.03533370044403942,145,0.5818298124782616,0.48590682551599973,,False,False
U0447,rel_ret_60_z,SOLUSDT,60,-0.010823946625278537,-1.261664124741917,437,-0.03327458716990363,-2.960734159868883,145,0.20706967122355724,0.0015345336058182229,,False,True
U0448,rel_ret_60_z,XRPUSDT,60,-0.03944390997146739,-5.828404378712501,437,-0.014916552179664212,-0.9702906691790516,145,5.595984621098994e-09,0.1659508134790364,,True,False
U0449,rel_ret_60_z,ALL,60,-0.013599069500947884,-3.283649883753786,437,-0.01737371073197085,-2.4435085544634623,145,0.0010247213896040937,0.007272612382330595,4.0,True,True
U0450,ret_5_z,BTCUSDT,240,-0.010120830695452766,-2.149761870898104,437,-0.008414563851750123,-1.0875966228926006,145,0.03157405563640605,0.13838661113620387,,False,False
U0451,ret_5_z,ETHUSDT,240,0.0019153766333338152,0.4660211348760456,437,-0.0037477991548203107,-0.4680561471975324,145,0.6412003725092611,0.6801277809061873,,False,False
U0452,ret_5_z,BNBUSDT,240,-0.005183567211327703,-1.2225626861127854,437,-0.0028584531630897743,-0.3039412845951621,145,0.22149491379082276,0.38058631208317173,,False,False
U0453,ret_5_z,SOLUSDT,240,0.0017722378674294517,0.4548802700166233,437,0.0018207482610841344,0.18101522353680796,145,0.6491953778515663,0.42817781337637556,,False,False
U0454,ret_5_z,XRPUSDT,240,0.003205595322154133,0.6051792852136179,437,-0.004417751500428192,-0.4856380836795475,145,0.5450598780769322,0.6863881050778428,,False,False
U0455,ret_5_z,ALL,240,-0.0016822376167726129,-0.5284922089462118,437,-0.003523563881800854,-0.5005925178836977,145,0.597157753189282,0.30832896463334986,4.0,False,False
U0456,ret_15_z,BTCUSDT,240,-0.017622837609204595,-4.778614971521499,437,-0.015437455358432309,-2.587625569105075,145,1.7650682455847028e-06,0.004831998263083244,,True,True
U0457,ret_15_z,ETHUSDT,240,-0.004800220030040007,-1.1560931443674747,437,-0.012882866016578223,-2.3326473755854513,145,0.24764305991421565,0.009833330137699428,,False,True
U0458,ret_15_z,BNBUSDT,240,-0.012208715203941019,-3.657102618084095,437,-0.008253901979600572,-1.491686595825274,145,0.0002550822791624025,0.06789066234541676,,True,False
U0459,ret_15_z,SOLUSDT,240,-0.006797980116093337,-1.8032486365326272,437,-0.00700057538671367,-1.0134553749669097,145,0.07134917524875778,0.15542135049373834,,False,False
U0460,ret_15_z,XRPUSDT,240,-0.017859472786806517,-4.377574669249177,437,-0.005547091640883764,-0.6432272757048539,145,1.2000725322900337e-05,0.26003831861773496,,True,False
U0461,ret_15_z,ALL,240,-0.011857845149217096,-4.5043592242788755,437,-0.009824378076441705,-1.867687668933474,145,6.657351179924964e-06,0.030902809210027856,5.0,True,True
U0462,ret_30_z,BTCUSDT,240,-0.019436018705396185,-4.085806530784169,437,-0.018058450274384963,-1.931610422241692,145,4.392396819400221e-05,0.026703804244654135,,True,True
U0463,ret_30_z,ETHUSDT,240,-0.006610518790236807,-1.1810597663397597,437,-0.01458219715965635,-1.8978863703232518,145,0.23757898154515134,0.028855526096334634,,False,True
U0464,ret_30_z,BNBUSDT,240,-0.013337860217288246,-2.9658661265374406,437,-0.009211289151298626,-1.1491740497055472,145,0.0030183184331840996,0.1252421095460341,,True,False
U0465,ret_30_z,SOLUSDT,240,-0.0041397566768786,-0.7941131142466011,437,-0.005695429898552923,-0.5318270984848102,145,0.42712958367646114,0.29742287625808117,,False,False
U0466,ret_30_z,XRPUSDT,240,-0.01858588322860489,-3.192763738130775,437,-0.000666682170399124,-0.061506679950002884,145,0.0014091819292957532,0.47547784732493903,,True,False
U0467,ret_30_z,ALL,240,-0.012422007523680941,-3.549720446608133,437,-0.009642809730858397,-1.2347798236333554,145,0.00038564043288544334,0.10845622918776743,5.0,True,False
U0468,ret_60_z,BTCUSDT,240,-0.018691071744984543,-2.358529658880523,437,-0.01908105558809027,-1.744287640186084,145,0.018347493587616434,0.0405544728862723,,False,True
U0469,ret_60_z,ETHUSDT,240,-0.004466272869417653,-0.5940178220010163,437,-0.015558566953516732,-1.4748341243446232,145,0.5525001929576452,0.07012857222553859,,False,False
U0470,ret_60_z,BNBUSDT,240,-0.011927366704829594,-1.7059394124772465,437,-0.007741007224321744,-0.7156604380976482,145,0.0880193607207958,0.23710052241462498,,False,False
U0471,ret_60_z,SOLUSDT,240,-0.00017092129799074301,-0.02533463297041665,437,-0.008520271693397172,-0.6155874303727182,145,0.979788049674343,0.269083424640166,,False,False
U0472,ret_60_z,XRPUSDT,240,-0.015715252339693384,-1.9701926359490252,437,0.0039715929503103525,0.28849616534272776,145,0.04881629720966323,0.6135165172949985,,False,False
U0473,ret_60_z,ALL,240,-0.010194176991383181,-1.913464069240147,437,-0.009385861701803114,-0.9882361881672512,145,0.05568866909332155,0.16151849445051736,4.0,False,False
U0474,ret_240_z,BTCUSDT,240,-0.015140344546299013,-1.124476595005643,437,-0.04996506340731328,-2.7046643136087023,145,0.26081089416520087,0.003418672255358729,,False,True
U0475,ret_240_z,ETHUSDT,240,0.004651527580756256,0.3722713521151938,437,-0.03223628392223843,-1.4780054134217162,145,0.7096908259646464,0.9302968353571083,,False,False
U0476,ret_240_z,BNBUSDT,240,-0.006695045837822146,-0.5489638814312825,437,-0.029955846384584706,-1.4618087925841143,145,0.5830302369708691,0.07189680699588111,,False,False
U0477,ret_240_z,SOLUSDT,240,0.010229120659932027,0.8258270753107768,437,-0.016811606987475313,-0.6672829519169663,145,0.4089021928740716,0.7477042930972808,,False,False
U0478,ret_240_z,XRPUSDT,240,-0.009646654830464483,-0.7853179330604915,437,0.011505388225446264,0.48854724473616595,145,0.4322671840095794,0.6874188649899771,,False,False
U0479,ret_240_z,ALL,240,-0.0033202793947794754,-0.37039192946464744,437,-0.02349268249523309,-1.4226907541044673,145,0.7110904862525098,0.07741291103950391,4.0,False,False
U0480,ret_1440_z,BTCUSDT,240,-0.054105000014726505,-3.3730590865624,437,-0.03471144548129596,-1.5446038851941548,145,0.000743379984982675,0.06122105293350049,,True,False
U0481,ret_1440_z,ETHUSDT,240,-0.04851147172522454,-2.363781017362669,437,-0.025254825332269828,-0.9047115104812218,145,0.018089501550779343,0.18280912076526523,,False,False
U0482,ret_1440_z,BNBUSDT,240,-0.056446769814086854,-3.28529350905893,437,-0.027340773614788694,-1.0297285612094418,145,0.0010187618560224387,0.1515687221147327,,True,False
U0483,ret_1440_z,SOLUSDT,240,-0.023101351847802994,-1.3969973055194274,437,-0.03753140321475815,-1.6390719459352054,145,0.16241438138897168,0.0505991384374554,,False,False
U0484,ret_1440_z,XRPUSDT,240,-0.016602964961108684,-1.046805204737192,437,-0.05293113567725248,-1.6512317685623978,145,0.29518942941104886,0.04934562926818308,,False,True
U0485,ret_1440_z,ALL,240,-0.03975351167258992,-3.2051746472203844,437,-0.03555391666407303,-1.638809920904769,145,0.0013498055146360832,0.05062642618559099,5.0,True,False
U0486,pos_range_60,BTCUSDT,240,-0.0230927365426164,-3.6859557311567066,437,-0.02615274079528909,-2.7084248358837595,145,0.00022784595776063356,0.003380171165225876,,True,True
U0487,pos_range_60,ETHUSDT,240,-0.006971014573560244,-1.1923639428070691,437,-0.01775592036600744,-2.051495347498281,145,0.23311857210477327,0.020109366125367255,,False,True
U0488,pos_range_60,BNBUSDT,240,-0.011081140772557285,-1.8473172886351974,437,-0.011026900314336563,-1.2134611290941304,145,0.06470116872598036,0.11247678357831364,,False,False
U0489,pos_range_60,SOLUSDT,240,-0.005801685358058067,-1.0480573805018276,437,-0.016942041242678473,-1.6101479346162042,145,0.29461217076494417,0.05368278230262137,,False,False
U0490,pos_range_60,XRPUSDT,240,-0.014598815985986547,-2.062237270159272,437,-0.01241867388941212,-1.0453205954540534,145,0.03918515198040245,0.14793741099023505,,False,False
U0491,pos_range_60,ALL,240,-0.012309078646555713,-2.949002518194458,437,-0.01685925532154474,-2.0774749219047925,145,0.0031880137838283967,0.01887887375116973,5.0,False,True
U0492,pos_range_240,BTCUSDT,240,-0.022323626309390807,-1.9591944508246768,437,-0.04939015123822435,-4.331410644524005,145,0.05009001876325542,7.407853611474257e-06,,False,True
U0493,pos_range_240,ETHUSDT,240,-8.133612863583908e-05,-0.007698273102001111,437,-0.0275197950332832,-1.673622493176935,145,0.9938577274157977,0.04710240750913264,,False,True
U0494,pos_range_240,BNBUSDT,240,-0.003554262666399506,-0.30558375407232147,437,-0.0155590926976377,-1.0223988881153732,145,0.7599215915081184,0.15329607328208855,,False,False
U0495,pos_range_240,SOLUSDT,240,0.0036395343337926084,0.38851621045260987,437,-0.01517816912139171,-0.7497200144399934,145,0.6976340601942262,0.7732883246385057,,False,False
U0496,pos_range_240,XRPUSDT,240,-0.010140530364977921,-0.8809625818060545,437,-0.012153652872965836,-0.6968581665722126,145,0.3783380729652208,0.2429457800468307,,False,False
U0497,pos_range_240,ALL,240,-0.006492044227122291,-0.8961930538230019,437,-0.023960172192700555,-2.108223050063854,145,0.37014966490192847,0.017505850189097658,5.0,False,True
U0498,dist_high_240_z,BTCUSDT,240,-0.03553278264508171,-2.8509479735017407,437,-0.06987262071327044,-3.792628705281059,145,0.0043589100967972435,7.453047437976097e-05,,False,True
U0499,dist_high_240_z,ETHUSDT,240,-0.01792966578221965,-1.4849040034179073,437,-0.06014889670432938,-3.017313126120357,145,0.13756925538924483,0.0012751311447328358,,False,True
U0500,dist_high_240_z,BNBUSDT,240,-0.014653620361624294,-1.169050145605035,437,-0.032436521709246484,-2.048480926513171,145,0.24238342840028748,0.02025644956529988,,False,True
U0501,dist_high_240_z,SOLUSDT,240,-0.006656487774294939,-0.627348252939373,437,-0.029632100374365807,-1.3222643147037842,145,0.5304309800258202,0.09304007565338707,,False,False
U0502,dist_high_240_z,XRPUSDT,240,-0.016934723790686706,-1.364283988377975,437,-0.03364355075028716,-1.8974738864429872,145,0.1724782032461053,0.028882711050845274,,False,True
U0503,dist_high_240_z,ALL,240,-0.01834145607078146,-2.1247395260343303,437,-0.04514673805029985,-2.9743316114016953,145,0.03360835337381448,0.001468137822095002,5.0,False,True
U0504,dist_low_240_z,BTCUSDT,240,-0.0007202737333096927,-0.05649140739701318,437,-0.0010705437091705194,-0.04892587481209559,145,0.9549503404994815,0.4804891842161961,,False,False
U0505,dist_low_240_z,ETHUSDT,240,0.0109054250582337,0.9173962018500839,437,0.017387987591653276,0.8099123105795597,145,0.35893506230907846,0.20899528797855071,,False,False
U0506,dist_low_240_z,BNBUSDT,240,0.009273763065460345,0.7570085837235162,437,0.014610321393412446,0.7443580923169303,145,0.4490447199091123,0.22832993258078488,,False,False
U0507,dist_low_240_z,SOLUSDT,240,0.0163708839518516,1.5254486863567642,437,0.01630877254425049,0.7304082724043207,145,0.1271472231123047,0.23257033165952723,,False,False
U0508,dist_low_240_z,XRPUSDT,240,-0.000824090795449904,-0.062055189290906414,437,0.01985475542212436,0.9868838972406735,145,0.9505188819484354,0.8381502204071369,,False,False
U0509,dist_low_240_z,ALL,240,0.007001141509357208,0.8775231098926431,437,0.013418258648454013,0.7993148989838897,145,0.38020257216335385,0.21205392094320302,4.0,False,False
U0510,pos_range_1440,BTCUSDT,240,-0.057757872106506576,-3.9642560982939483,437,-0.01954697285336715,-1.0105098539407895,145,7.362517927544963e-05,0.1561255403970862,,True,False
U0511,pos_range_1440,ETHUSDT,240,-0.036064905718506214,-2.088064600858784,437,-0.021968081109566943,-0.9976535133799423,145,0.036792007715061394,0.1592237011437143,,False,False
U0512,pos_range_1440,BNBUSDT,240,-0.03798655913315844,-2.5289619875380707,437,-0.011034872466287655,-0.4783653404087417,145,0.011440041652535184,0.31619509898007003,,False,False
U0513,pos_range_1440,SOLUSDT,240,-0.0256615847080812,-1.8789407970640755,437,-0.006666529889870123,-0.2532015721035137,145,0.060252577449266216,0.400056225864031,,False,False
U0514,pos_range_1440,XRPUSDT,240,-0.010430455885953113,-0.7445146467208471,437,-0.021457395330962796,-0.8979400599097805,145,0.45656518358167353,0.18460875303855656,,False,False
U0515,pos_range_1440,ALL,240,-0.033580275510441106,-2.9822057917715172,437,-0.016134770330010925,-0.975229209866702,145,0.002861795607321769,0.1647232879937498,5.0,True,False
U0516,dist_high_1440_z,BTCUSDT,240,-0.059929343802098974,-3.548649559666072,437,-0.019213088134144424,-0.9849983949105442,145,0.00038721203351635116,0.16231242969220078,,True,False
U0517,dist_high_1440_z,ETHUSDT,240,-0.027667756654414948,-1.7767803677324134,437,0.005421069342161068,0.2629992261313855,145,0.07560438321536986,0.6037244122083097,,False,False
U0518,dist_high_1440_z,BNBUSDT,240,-0.04023512312432759,-2.7133009321814083,437,-0.010844170490644362,-0.49084212557292956,145,0.006661657978864838,0.3117690564731161,,False,False
U0519,dist_high_1440_z,SOLUSDT,240,-0.0235748787817956,-1.6052363922512949,437,-0.014044857663543981,-0.5951277978481581,145,0.10844179139828485,0.2758790243150552,,False,False
U0520,dist_high_1440_z,XRPUSDT,240,-0.022170790085283897,-1.4333663595384036,437,-0.0186656260714935,-0.7506031669064136,145,0.151753166873647,0.22644575733216465,,False,False
U0521,dist_high_1440_z,ALL,240,-0.0347155784895842,-2.920464006079449,437,-0.011469334603533037,-0.817174493203633,145,0.0034951056855447773,0.20691435839108918,4.0,False,False
U0522,dist_low_1440_z,BTCUSDT,240,-0.040396463021775714,-2.62675538774461,437,-0.023258288690937972,-0.9164020418512319,145,0.008620327767422166,0.1797280323938864,,False,False
U0523,dist_low_1440_z,ETHUSDT,240,-0.034700168516488036,-1.8078894805048389,437,-0.05603138671073187,-2.1915296689762025,145,0.07062370331787497,0.014206742582009088,,False,True
U0524,dist_low_1440_z,BNBUSDT,240,-0.03194237349889025,-1.8949833678353645,437,-0.01822822601909878,-0.6623250589927485,145,0.05809460517799591,0.25388146018158325,,False,False
U0525,dist_low_1440_z,SOLUSDT,240,-0.02427945975386957,-1.6329598091486985,437,0.0013618702529069073,0.03706567812470023,145,0.10247744979495825,0.5147836809491496,,False,False
U0526,dist_low_1440_z,XRPUSDT,240,0.006730126072178394,0.4682360402796375,437,-0.01521521452135519,-0.5491605017114428,145,0.6396158016422788,0.7085523459905332,,False,False
U0527,dist_low_1440_z,ALL,240,-0.024917667743769037,-2.0913997727374265,437,-0.02227424913784338,-0.9255246806725103,145,0.036492242546569555,0.17734652584633298,4.0,False,False
U0528,body_15,BTCUSDT,240,-0.0119538062718991,-2.8220749621337595,437,-0.0028323768831975426,-0.4358532044814453,145,0.004771402292025934,0.33147161948476156,,False,False
U0529,body_15,ETHUSDT,240,-0.003500932868191189,-0.8244360117933064,437,0.0031740276565870597,0.4890959042880154,145,0.40969185995776214,0.6876130995141452,,False,False
U0530,body_15,BNBUSDT,240,-0.005901942635793784,-1.2935979845872554,437,-0.000435782272426969,-0.07097674396341433,145,0.1958043189902391,0.47170813221474583,,False,False
U0531,body_15,SOLUSDT,240,-0.005346348361202087,-1.3387181939586261,437,-0.004469417458459769,-0.6459486087759513,145,0.18066243101360702,0.25915631900432806,,False,False
U0532,body_15,XRPUSDT,240,-0.015530053528326782,-4.702828665047467,437,-0.005377441460793505,-0.6260927665208721,145,2.5658172394064403e-06,0.2656270482315532,,True,False
U0533,body_15,ALL,240,-0.008446616733082586,-3.038928538734509,437,-0.001988198083658146,-0.40216589874901015,145,0.002374211649849351,0.3437809685966556,4.0,True,False
U0534,uwick_15,BTCUSDT,240,0.010412731692518898,1.3050474068463336,437,-0.018314466956596095,-1.0528620307055203,145,0.19187670567015513,0.853797884879794,,False,False
U0535,uwick_15,ETHUSDT,240,0.003008979882346943,0.4792514458584997,437,-0.015864113039973076,-1.1092661601549885,145,0.6317597593115036,0.8663423105739807,,False,False
U0536,uwick_15,BNBUSDT,240,-0.0015280849879982736,-0.18934482660824473,437,-0.008552613829827482,-0.6134927566945927,145,0.8498225641439778,0.26977528534913,,False,False
U0537,uwick_15,SOLUSDT,240,-0.002459978874693766,-0.4726133371666761,437,-0.022968087818693108,-2.155997799888764,145,0.6364890654307855,0.0155419184757721,,False,True
U0538,uwick_15,XRPUSDT,240,0.007092160755200104,1.1693539501388655,437,-0.026944592391376622,-2.6552892868590523,145,0.24226105507102202,0.9960379789218211,,False,False
U0539,uwick_15,ALL,240,0.0033051616934747815,0.7446358970034476,437,-0.018528774807293275,-1.7029571012715607,145,0.4564918609481978,0.9557119516077028,0.0,False,False
U0540,lwick_15,BTCUSDT,240,0.010883052737920508,1.3203293891730636,437,0.012342627321850283,0.7605996156854448,145,0.18672506738531314,0.2234481246930679,,False,False
U0541,lwick_15,ETHUSDT,240,0.001830728573904188,0.2891424862988064,437,0.0031364239377002475,0.22641318449985942,145,0.7724723420686521,0.4104400372074828,,False,False
U0542,lwick_15,BNBUSDT,240,0.007873332865198751,1.0568150356405368,437,0.0024107752643906795,0.16698469908341657,145,0.29059601086977493,0.43369104412358217,,False,False
U0543,lwick_15,SOLUSDT,240,0.002070396004513531,0.36529132098193334,437,-0.0038092797117631584,-0.43251588638237237,145,0.7148939563072624,0.6673167457413549,,False,False
U0544,lwick_15,XRPUSDT,240,0.01253153334238963,1.5490072317409282,437,-0.008469918311681309,-0.8452954213094553,145,0.12137998164566445,0.8010270415765004,,False,False
U0545,lwick_15,ALL,240,0.00703780870478532,1.5464473745209117,437,0.0011221257000993468,0.10632878716087643,145,0.12199656029500906,0.4576607460997654,3.0,False,False
U0546,streak,BTCUSDT,240,-0.0026566442538042416,-0.46554250709552886,437,-0.0031187982353574387,-0.36876899563256305,145,0.6415430040027663,0.35614995814924566,,False,False
U0547,streak,ETHUSDT,240,0.011505774642469432,2.0255573860954725,437,0.014592332332839533,2.171601424088491,145,0.04281016216527807,0.01494286975871719,,False,True
U0548,streak,BNBUSDT,240,0.005046808043580354,1.086257815736509,437,0.0005374627248969615,0.07269651415510564,145,0.2773649446601878,0.4710238112563681,,False,False
U0549,streak,SOLUSDT,240,0.0016330224952288202,0.3910674193770265,437,0.0025828531093178295,0.3294897603517384,145,0.6957474023587165,0.37089276616532213,,False,False
U0550,streak,XRPUSDT,240,0.01104860028449911,2.002274990165428,437,-0.00507116941751337,-0.5320368754190736,145,0.04525516429437009,0.7026497720713123,,False,False
U0551,streak,ALL,240,0.005315512242394694,1.4276966738586072,437,0.001904536102836702,0.3569665390820636,145,0.15337918396006525,0.3605584277976022,3.0,False,False
U0552,ema_dist_20_z,BTCUSDT,240,-0.020372018479763387,-4.026828240500658,437,-0.022062638064635934,-2.5234768755627637,145,5.653429862333444e-05,0.005810035139404971,,True,True
U0553,ema_dist_20_z,ETHUSDT,240,-0.0010294142683975136,-0.20214768141208211,437,-0.01060697972918753,-1.3636933840312242,145,0.8398012728502832,0.08633204358566599,,False,False
U0554,ema_dist_20_z,BNBUSDT,240,-0.010704724784155378,-2.526068244675594,437,-0.010259954684407076,-1.2027155784027512,145,0.011534707211429369,0.11454320167811782,,False,False
U0555,ema_dist_20_z,SOLUSDT,240,-0.0034740909487299145,-0.7936699829579599,437,-0.008248964088164069,-0.839376430853818,145,0.42738757935569327,0.2006290527914274,,False,False
U0556,ema_dist_20_z,XRPUSDT,240,-0.012300218636833159,-2.1664349463134687,437,-0.011015449458587229,-0.996878112277845,145,0.030277965938433297,0.15941183850901264,,False,False
U0557,ema_dist_20_z,ALL,240,-0.00957609342357587,-2.879650788499691,437,-0.012438797204996367,-1.6435006737689064,145,0.003981158688214654,0.05013969302976526,5.0,False,False
U0558,ema_dist_60_z,BTCUSDT,240,-0.02249507451545466,-2.918801981884237,437,-0.03007609813617718,-2.698498817229624,145,0.0035137935179170173,0.0034826492713464483,,False,True
U0559,ema_dist_60_z,ETHUSDT,240,-0.00448531894655497,-0.6064447531051065,437,-0.02133232519327993,-1.9409411559968845,145,0.5442194581236341,0.026132707623476276,,False,True
U0560,ema_dist_60_z,BNBUSDT,240,-0.012881369679353556,-1.9622784545589167,437,-0.01507858862051686,-1.33191075526134,145,0.04973007420970281,0.09144475819741049,,False,False
U0561,ema_dist_60_z,SOLUSDT,240,-0.00030621242037797954,-0.04578061057632668,437,-0.011051625552217784,-0.7544846698708542,145,0.9634851131236559,0.22527912358746505,,False,False
U0562,ema_dist_60_z,XRPUSDT,240,-0.017598401282754438,-2.199109774673562,437,-0.006663649072827283,-0.43818380082072733,145,0.027870117671074456,0.3306265252417847,,False,False
U0563,ema_dist_60_z,ALL,240,-0.01155327536889912,-2.260442146634158,437,-0.016840457315003807,-1.6317328813169532,145,0.023793823215054424,0.051367885020964066,5.0,False,False
U0564,ema_dist_240_z,BTCUSDT,240,-0.022028320237992723,-1.8539867872774938,437,-0.05067222836924623,-3.523913964863973,145,0.06374105030796808,0.0002126111473204068,,False,True
U0565,ema_dist_240_z,ETHUSDT,240,-0.0014138765490462018,-0.12407154807788878,437,-0.03031426410963665,-1.65416584009862,145,0.9012586254110359,0.04904691073807519,,False,True
U0566,ema_dist_240_z,BNBUSDT,240,-0.011815911761093312,-1.0378141856831273,437,-0.023155341726960713,-1.413793696118816,145,0.2993565712241003,0.0787112425111911,,False,False
U0567,ema_dist_240_z,SOLUSDT,240,0.004911126493594271,0.466264927411849,437,-0.02010865476399665,-0.8909873962481177,145,0.6410258800402489,0.8135320340533112,,False,False
U0568,ema_dist_240_z,XRPUSDT,240,-0.015475428941052338,-1.3946722849565358,437,0.004030047822646552,0.17536884851249243,145,0.16311468616555058,0.569605091734597,,False,False
U0569,ema_dist_240_z,ALL,240,-0.009164482199118062,-1.1765815328369646,437,-0.024044088229438737,-1.7477621543481128,145,0.2393625722320345,0.04025261058267031,4.0,False,True
U0570,ema_dist_1440_z,BTCUSDT,240,-0.038703372825839126,-2.695889924960391,437,-0.04864159359884508,-2.2704027659170523,145,0.0070200860764262065,0.011591578412971764,,False,True
U0571,ema_dist_1440_z,ETHUSDT,240,-0.026051541471933184,-1.4800216606849503,437,-0.02864341663085321,-1.1050943970750953,145,0.1388674661591593,0.1345593440732344,,False,False
U0572,ema_dist_1440_z,BNBUSDT,240,-0.04907058350284536,-3.0605865624134676,437,-0.03992107188042522,-1.5871192351311474,145,0.0022090389498959757,0.05624282109606766,,True,False
U0573,ema_dist_1440_z,SOLUSDT,240,-0.006667187446363799,-0.45838224553781404,437,-0.032370362472021026,-1.4682193009684719,145,0.646677844901308,0.07102233155645471,,False,False
U0574,ema_dist_1440_z,XRPUSDT,240,-0.013029796057417286,-0.9549801910383298,437,-0.033348000640075835,-1.036139400575485,145,0.33958771452562053,0.15006855653919854,,False,False
U0575,ema_dist_1440_z,ALL,240,-0.02670449626087975,-2.3501840446672704,437,-0.036584889044444076,-1.8715376218384605,145,0.018764130519029455,0.030635300137755096,5.0,False,True
U0576,ema_slope_60_z,BTCUSDT,240,-0.017379740237228082,-2.044290345253626,437,-0.026702604113045064,-2.378078358120625,145,0.04092487246427211,0.008701563643393147,,False,True
U0577,ema_slope_60_z,ETHUSDT,240,-0.0029423245220134672,-0.3794307344767803,437,-0.01962599646431323,-1.731043308318039,145,0.7043680310521849,0.04172202022149749,,False,True
U0578,ema_slope_60_z,BNBUSDT,240,-0.0117580764728421,-1.5966035418105957,437,-0.013156490738169197,-1.174144787350823,145,0.11035410893248324,0.12016851835829073,,False,False
U0579,ema_slope_60_z,SOLUSDT,240,0.0017896183933818293,0.2414137773018414,437,-0.011371395938744658,-0.773740785329139,145,0.8092344357450392,0.7804579520159629,,False,False
U0580,ema_slope_60_z,XRPUSDT,240,-0.016103214874354663,-1.8883786798175828,437,-0.0024611765270574457,-0.17330588836568755,145,0.05897513145214817,0.43120549774100975,,False,False
U0581,ema_slope_60_z,ALL,240,-0.009278747542611297,-1.6522872968150861,437,-0.014663532756265914,-1.4640976235752692,145,0.09847599767857894,0.07158363825511078,5.0,False,False
U0582,ema_cross_20_60_z,BTCUSDT,240,-0.01971006014607327,-2.1551505571101566,437,-0.029405803665129356,-2.514777678096161,145,0.031150054534022753,0.005955373313228221,,False,True
U0583,ema_cross_20_60_z,ETHUSDT,240,-0.004615657349851912,-0.5677134753901892,437,-0.021321988333327505,-1.7663613716241404,145,0.5702295399695746,0.03866762069101762,,False,True
U0584,ema_cross_20_60_z,BNBUSDT,240,-0.012171000596399237,-1.5493340870402814,437,-0.014550113846968641,-1.2399604039991152,145,0.12130142960441682,0.10749502003109929,,False,False
U0585,ema_cross_20_60_z,SOLUSDT,240,0.0010190908870288513,0.1303453544775823,437,-0.012372587941766915,-0.7814796539583543,145,0.8962931984370889,0.7827397806601556,,False,False
U0586,ema_cross_20_60_z,XRPUSDT,240,-0.017677795219365564,-1.966407008636053,437,-0.0014734768032706339,-0.09771459860315627,145,0.04925161449514078,0.46107946151283513,,False,False
U0587,ema_cross_20_60_z,ALL,240,-0.010631084484932229,-1.7805133711828223,437,-0.015824794118092612,-1.501215953028257,145,0.07499198303169412,0.06664985753055262,5.0,False,False
U0588,adx_60,BTCUSDT,240,0.003514090924910434,0.270546542508406,437,-0.0009139230549099337,-0.031630197543788714,145,0.7867398156552969,0.5126165193623449,,False,False
U0589,adx_60,ETHUSDT,240,-0.018079507683600306,-1.4195986386065924,437,0.0021121679964681735,0.10909659079272756,145,0.1557245619980795,0.5434370605479529,,False,False
U0590,adx_60,BNBUSDT,240,0.014051681647744424,1.0577345500734923,437,-0.024788582777220486,-0.9738814203947507,145,0.2901764790401625,0.8349422900515492,,False,False
U0591,adx_60,SOLUSDT,240,0.013733060653617495,0.9826116798130766,437,-0.005647328308667922,-0.2906607127109994,145,0.3257985937698201,0.6143445892084244,,False,False
U0592,adx_60,XRPUSDT,240,0.009907560307222228,0.7590465058916339,437,0.008811589262576455,0.42701380399963396,145,0.4478247375021178,0.33468463670097415,,False,False
U0593,adx_60,ALL,240,0.004625377169978859,0.5424486703465768,437,-0.0040852153763507445,-0.24372788956139846,145,0.5875094588581702,0.5962792140668121,2.0,False,False
U0594,di_diff_60,BTCUSDT,240,-0.018431571060641208,-1.8964280670699418,437,-0.04777272851098373,-4.138738271942574,145,0.05790346344201486,1.7461053167640678e-05,,False,True
U0595,di_diff_60,ETHUSDT,240,-0.002523934050705244,-0.25811980142964114,437,-0.026671754341179268,-1.8301333196422649,145,0.7963144499344443,0.033615002824150655,,False,True
U0596,di_diff_60,BNBUSDT,240,-0.022391508965617306,-2.5428573060079622,437,-0.027569342761711066,-1.7758778028576323,145,0.01099501208184951,0.037876530153347784,,False,True
U0597,di_diff_60,SOLUSDT,240,0.0017700448679272185,0.20525730722206736,437,-0.021880810362117736,-1.0381537156837077,145,0.8373710977592235,0.8504007515728194,,False,False
U0598,di_diff_60,XRPUSDT,240,-0.014331670783210678,-1.5198691594653706,437,-0.011915334568800388,-0.714622331457097,145,0.12854386296446893,0.23742122098207985,,False,False
U0599,di_diff_60,ALL,240,-0.011181727998449442,-1.8132194710136031,437,-0.027161994108958438,-2.2534254096519413,145,0.0697979778742688,0.012116169449306827,5.0,False,True
U0600,rsi_14,BTCUSDT,240,-0.020631567127192284,-3.965897405047358,437,-0.02480818058992489,-2.744569756405374,145,7.312031140120977e-05,0.0030295137932346314,,True,True
U0601,rsi_14,ETHUSDT,240,-0.004266184577625478,-0.8115720555051913,437,-0.012324313095528068,-1.5336112421515025,145,0.417037231413,0.06256266046758543,,False,False
U0602,rsi_14,BNBUSDT,240,-0.011832142885447209,-2.459705271032899,437,-0.010810418052767782,-1.257983329968568,145,0.01390511542518924,0.10419889252939873,,False,False
U0603,rsi_14,SOLUSDT,240,-0.0050823642741173155,-1.1426348769758694,437,-0.011746650502177842,-1.0771677947293707,145,0.25319021860344904,0.14070265507505686,,False,False
U0604,rsi_14,XRPUSDT,240,-0.014523921553336365,-2.501070679334189,437,-0.012077648087120366,-1.1189794854298625,145,0.012381846469818632,0.1315744454855266,,False,False
U0605,rsi_14,ALL,240,-0.01126723608354373,-3.340168766344752,437,-0.014353442065503793,-1.802064196005506,145,0.0008372749247260631,0.03576765301153507,5.0,True,True
U0606,rsi_60,BTCUSDT,240,-0.02307751344764839,-2.3715121428431374,437,-0.040625959544187705,-3.6425299467435406,145,0.017715464565570348,0.00013498577925322806,,False,True
U0607,rsi_60,ETHUSDT,240,-0.004311330399495369,-0.4706665670825253,437,-0.024860805813524147,-1.8969226225656846,145,0.6378788629050096,0.028919075604225623,,False,True
U0608,rsi_60,BNBUSDT,240,-0.012879937277163099,-1.4501905129261183,437,-0.017268354927510624,-1.3080204735206096,145,0.14700539990648712,0.09543318258157257,,False,False
U0609,rsi_60,SOLUSDT,240,0.0005541832726390755,0.0694621638657192,437,-0.017365267047076076,-0.9497986980860618,145,0.9446217487400824,0.8288927262270597,,False,False
U0610,rsi_60,XRPUSDT,240,-0.01745900646184745,-1.8622391748305884,437,-0.005321646483432466,-0.32670599974249265,145,0.0625693848085197,0.3719451309628702,,False,False
U0611,rsi_60,ALL,240,-0.011434720862703047,-1.902316615923052,437,-0.021088406763146203,-1.919339011822217,145,0.05712977470775057,0.027470721942165037,5.0,False,True
U0612,macd_hist_z,BTCUSDT,240,0.005132416251836176,0.3475684910600236,437,-0.024917551055744128,-1.456614022716021,145,0.7281642730644434,0.9273885226635077,,False,False
U0613,macd_hist_z,ETHUSDT,240,0.014889159728135924,1.1734148360060586,437,-0.015761878518833632,-0.7696885420180641,145,0.24062949060666483,0.7792576657770907,,False,False
U0614,macd_hist_z,BNBUSDT,240,0.008821853808982153,0.7121492365611894,437,-0.010328708280939876,-0.5962688664797916,145,0.47637236777470127,0.7245021869331871,,False,False
U0615,macd_hist_z,SOLUSDT,240,0.011196335725154327,0.8899711362637112,437,-0.01070063298704176,-0.49325006803221644,145,0.3734813847952634,0.6890820476828339,,False,False
U0616,macd_hist_z,XRPUSDT,240,-0.0035338047723165564,-0.2699020582266658,437,0.018325571228637393,1.1512841788348118,145,0.7872356036864515,0.8751923281066745,,False,False
U0617,macd_hist_z,ALL,240,0.007301192148358406,0.7360233824677843,437,-0.0086766399227844,-0.5945077075252337,145,0.4617164679862754,0.7239137056361571,1.0,False,False
U0618,rv_15_rel,BTCUSDT,240,0.027760513151702824,2.296275817886314,437,0.042609743959088286,1.9302175872745722,145,0.021660115863020662,0.02678994164796837,,False,True
U0619,rv_15_rel,ETHUSDT,240,0.01842230982711067,1.5150989622435755,437,0.05108806373321017,2.574969127942992,145,0.1297473444513364,0.005012451705998738,,False,True
U0620,rv_15_rel,BNBUSDT,240,0.0194248189747941,1.6055628173504772,437,0.051833306012932345,3.44732457935604,145,0.10837000067784272,0.00028308397223428397,,False,True
U0621,rv_15_rel,SOLUSDT,240,0.009535441427942243,0.8767132426589042,437,0.051234543042782736,3.1504753980213316,145,0.3806424120728903,0.0008150249220914286,,False,True
U0622,rv_15_rel,XRPUSDT,240,0.014900299095150425,1.3178665493839747,437,0.04128737232950147,2.3212068041399707,145,0.18754832523569143,0.010137842570461917,,False,True
U0623,rv_15_rel,ALL,240,0.018008676495340048,1.952689202562122,437,0.047610605815503,3.2083447115707884,145,0.05085643389485172,0.0006675069097764204,5.0,False,True
U0624,rv_60_rel,BTCUSDT,240,0.0338360463879202,2.3898731335186527,437,0.050892452938598204,1.8339351141798343,145,0.01685419364380309,0.033331813212004104,,False,True
U0625,rv_60_rel,ETHUSDT,240,0.027161177301603022,1.8946787020250133,437,0.05831614085856555,2.416411884774577,145,0.058134981026787526,0.007837159744149646,,False,True
U0626,rv_60_rel,BNBUSDT,240,0.02538425256486322,1.8098383588504259,437,0.058609554740726086,2.9319750536627462,145,0.0703208574631974,0.0016840690041035845,,False,True
U0627,rv_60_rel,SOLUSDT,240,0.016625048045501738,1.2843648199782525,437,0.055125246448387094,2.5969806243547975,145,0.1990143362699992,0.0047023614497725096,,False,True
U0628,rv_60_rel,XRPUSDT,240,0.02031514068143356,1.4896981546736596,437,0.05245456419460185,2.2995343779701845,145,0.13630362004462754,0.01073730677915587,,False,True
U0629,rv_60_rel,ALL,240,0.024664332996264353,2.2854906844273435,437,0.05507959183617575,2.815624027702735,145,0.022284072038535326,0.00243413008487204,5.0,False,True
U0630,rv_240_rel,BTCUSDT,240,0.041598004059211574,2.7130217864916775,437,0.06737268225172217,2.1425543064098966,145,0.006667272297412886,0.016074451789667106,,False,True
U0631,rv_240_rel,ETHUSDT,240,0.048347624482004636,2.9548140212530893,437,0.06069074236635653,2.030442771765421,145,0.003128575840184148,0.021155776365110804,,True,True
U0632,rv_240_rel,BNBUSDT,240,0.030493527265831818,2.1929865452554482,437,0.07485709879206917,3.009290991032638,145,0.028308348499814354,0.0013092909056641483,,False,True
U0633,rv_240_rel,SOLUSDT,240,0.030264938574182693,2.1334210630037767,437,0.0648433048925422,2.3994044593275463,145,0.03289020072150498,0.008210882313147115,,False,True
U0634,rv_240_rel,XRPUSDT,240,0.025107270560938248,1.6127264549875864,437,0.06859296790089209,2.535256765418253,145,0.10680395037718997,0.005618246577318396,,False,True
U0635,rv_240_rel,ALL,240,0.0351622729884338,3.0939532240935077,437,0.06727135924071644,2.7554732161089124,145,0.0019750862359699845,0.002930365136297265,5.0,True,True
U0636,rv_ratio_60_1440,BTCUSDT,240,0.032349512393489266,2.0843431948494975,437,0.04337023758341668,1.830663194143258,145,0.037128960920805754,0.03357541495278109,,False,True
U0637,rv_ratio_60_1440,ETHUSDT,240,0.03524221414519419,2.3965630267824363,437,0.06423926944618774,2.8528289548755783,145,0.01654964699548417,0.002166596902413655,,False,True
U0638,rv_ratio_60_1440,BNBUSDT,240,0.028648559935820973,2.0437881556644735,437,0.041043914486148365,2.410765019161576,145,0.04097447977259369,0.007959550541433314,,False,True
U0639,rv_ratio_60_1440,SOLUSDT,240,0.02132650466536108,1.4205771381345074,437,0.03433040932475493,1.6969516764882695,145,0.15543972867242076,0.04485289845197519,,False,True
U0640,rv_ratio_60_1440,XRPUSDT,240,0.014692860872662914,0.9334160583608379,437,0.0372151078035478,1.5624157392405147,145,0.3506051923623681,0.05909504082507855,,False,False
U0641,rv_ratio_60_1440,ALL,240,0.026451930402505677,2.1648805820378794,437,0.04403978772881111,2.4826264734673806,145,0.030396831623424103,0.006520888105148543,5.0,False,True
U0642,atr_60_rel,BTCUSDT,240,0.03687303869990791,2.3720022082526087,437,0.05219899630770849,1.6783126266531296,145,0.017691984976003956,0.0466430421813604,,False,True
U0643,atr_60_rel,ETHUSDT,240,0.03527360566793792,2.24133336236564,437,0.06115342560090844,2.1501487199272096,145,0.025004489445327682,0.015771726452064764,,False,True
U0644,atr_60_rel,BNBUSDT,240,0.029578958671228502,2.0199897719678725,437,0.06296591416342992,2.5586156099991664,145,0.0433844484709104,0.005254493526554338,,False,True
U0645,atr_60_rel,SOLUSDT,240,0.01952070883163615,1.3799979358876198,437,0.06091167648807028,2.4751333042219548,145,0.1675872803640629,0.0066593226853047345,,False,True
U0646,atr_60_rel,XRPUSDT,240,0.029126449753075434,1.8829464126068864,437,0.050051042200592644,2.1689831095938183,145,0.05970763049240541,0.015041983127277178,,False,True
U0647,atr_60_rel,ALL,240,0.030074552324757187,2.618017660359499,437,0.05745621095214195,2.5059404227549673,145,0.008844222771931486,0.006106309789886788,5.0,False,True
U0648,range_60_z,BTCUSDT,240,0.030099442903666396,2.2311553089162084,437,0.043749717401099446,1.8042523218890507,145,0.025670843145109555,0.035595880196995056,,False,True
U0649,range_60_z,ETHUSDT,240,0.024128478416762723,1.9312830930317695,437,0.06182181120349126,2.9781814790803,145,0.05344805303498856,0.0014498212017067724,,False,True
U0650,range_60_z,BNBUSDT,240,0.025665120361921454,2.094504783143566,437,0.050700477090326074,2.8254877527774127,145,0.03621503742804833,0.002360434634079885,,False,True
U0651,range_60_z,SOLUSDT,240,0.02472640155512347,2.254751889804847,437,0.04059134008251154,2.217148457013675,145,0.024148906614212286,0.013306474208627033,,False,True
U0652,range_60_z,XRPUSDT,240,0.0244257582125112,2.01277037358172,437,0.04192325219667023,2.3106435516746924,145,0.04413879202677496,0.010426275779294548,,False,True
U0653,range_60_z,ALL,240,0.02580904028999705,2.7818115398301044,437,0.047757319594819714,2.9562127215350893,145,0.005405642040551273,0.0015572110539990968,5.0,False,True
U0654,jump_15,BTCUSDT,240,0.026525871452143975,2.4063065059537134,437,0.03511528639657398,1.8421008595745827,145,0.01611473810063559,0.032730199053508865,,False,True
U0655,jump_15,ETHUSDT,240,0.019593409054132038,1.709420709573297,437,0.04402895690033671,2.51567266274371,145,0.08737304749777149,0.005940273394219339,,False,True
U0656,jump_15,BNBUSDT,240,0.01739592713262669,1.5313207376106561,437,0.04839770267335769,3.5669791992965583,145,0.12569014276323276,0.0001805600665004423,,False,True
U0657,jump_15,SOLUSDT,240,0.012847068713154195,1.3243686825472774,437,0.03853332842703696,2.5563797559506733,145,0.1853806302492561,0.005288380950833895,,False,True
U0658,jump_15,XRPUSDT,240,0.011774356864536789,1.180683588135482,437,0.03141401915468423,1.851110044468623,145,0.2377284436182936,0.03207686167905832,,False,True
U0659,jump_15,ALL,240,0.017627326643318737,2.1378160885435213,437,0.03949785871039792,2.966830988993887,145,0.032531672713010475,0.0015044315325766907,5.0,False,True
U0660,sigma_1m_bps,BTCUSDT,240,0.010244400576569987,0.6423037733109601,437,-0.035449899017554944,-1.2311824091358377,145,0.52067596477461,0.8908726754798763,,False,False
U0661,sigma_1m_bps,ETHUSDT,240,0.021727330657759374,1.4105640639663388,437,-0.05040053956449866,-1.6500769388815226,145,0.1583731940108425,0.9505363996158528,,False,False
U0662,sigma_1m_bps,BNBUSDT,240,0.02310485114879015,1.4418487189754892,437,-0.061938376546440604,-2.0243370763095005,145,0.1493450555107591,0.9785322593711749,,False,False
U0663,sigma_1m_bps,SOLUSDT,240,0.015626401505014712,0.867962327228594,437,-0.03344763203180649,-1.0148465242674132,145,0.38541495654343394,0.8449105037720803,,False,False
U0664,sigma_1m_bps,XRPUSDT,240,0.041502869691582865,2.2886427069435187,437,-0.07795212487955527,-2.905485489813662,145,0.02210012038733364,0.9981665807483517,,False,False
U0665,sigma_1m_bps,ALL,240,0.02244117071594342,1.8345764798257707,437,-0.05183771440797119,-1.9137338619718263,145,0.06656846627529273,0.9721729149847417,0.0,False,False
U0666,vol_ratio_30d,BTCUSDT,240,0.013328750701852755,0.8351729788768292,430,-0.045519171275972964,-1.368525212624796,145,0.40362032131598324,0.9144261322013707,,False,False
U0667,vol_ratio_30d,ETHUSDT,240,0.026360630712581934,1.6512962925275645,430,-0.0812511230541256,-2.3739262102750747,145,0.09867808896582787,0.9911999663097588,,False,False
U0668,vol_ratio_30d,BNBUSDT,240,0.059096846451854035,3.22704368509272,430,-0.042989112094127875,-1.241409533727352,145,0.0012507636279160959,0.8927727504998157,,True,False
U0669,vol_ratio_30d,SOLUSDT,240,0.03626065784654416,2.0956490345136722,430,-0.03809244912702794,-1.0741919927455017,145,0.03611333602669725,0.8586316797765445,,False,False
U0670,vol_ratio_30d,XRPUSDT,240,0.060739935371532036,3.089694812244917,430,-0.07211839590033813,-2.429184293929522,145,0.002003622588426756,0.992433581045228,,True,False
U0671,vol_ratio_30d,ALL,240,0.03915736421687299,3.059937028580226,430,-0.05599405029031849,-1.8015582049043133,145,0.002213835335292682,0.9641925290003738,0.0,True,False
U0672,rvol_15,BTCUSDT,240,0.023387854840527807,1.9040070763673334,437,0.03611824756644785,1.4882941291773482,145,0.05690926258401743,0.06833667127451912,,False,False
U0673,rvol_15,ETHUSDT,240,0.014153054537161721,1.1355893785662718,437,0.03814023595611316,1.8548553656742843,145,0.2561284561640945,0.03180844163074227,,False,True
U0674,rvol_15,BNBUSDT,240,0.010800027219332242,0.9609958401767669,437,0.03660025449751162,1.7297641894193758,145,0.3365542594227855,0.041836207488672825,,False,True
U0675,rvol_15,SOLUSDT,240,0.015379779364379193,1.4049558811831715,437,0.046046367416120615,2.328474721706842,145,0.16003439795370178,0.009943454997926501,,False,True
U0676,rvol_15,XRPUSDT,240,0.027136696133611877,2.167447002494763,437,0.030689408193957442,1.8369719276799035,145,0.030200786616139435,0.03310701984368731,,False,True
U0677,rvol_15,ALL,240,0.018171482419002568,1.9872065296480748,437,0.03751890272603013,2.2382760793850394,145,0.04689951456301045,0.012601528513454488,5.0,False,True
U0678,rvol_60,BTCUSDT,240,0.025079526055622248,1.7723909522484764,437,0.04255162535054623,1.5298073629654707,145,0.07632968265545231,0.0630322092743629,,False,False
U0679,rvol_60,ETHUSDT,240,0.016314392884814583,1.1446900753620695,437,0.045641840584956156,1.9469306273169982,145,0.2523375640966148,0.02577152609826911,,False,True
U0680,rvol_60,BNBUSDT,240,0.012920477250442063,1.0405305018950919,437,0.04378667404537256,1.7836854141855987,145,0.2980935006494414,0.03723739877474226,,False,True
U0681,rvol_60,SOLUSDT,240,0.017408908987508007,1.3615471762781075,437,0.052727439075926724,2.3167492572336656,145,0.17334083554531854,0.010258697320348313,,False,True
U0682,rvol_60,XRPUSDT,240,0.0270726303433624,1.9081531988662157,437,0.039123812383042834,2.023559865223394,145,0.0563714185456049,0.02150772904514341,,False,True
U0683,rvol_60,ALL,240,0.01975918710434986,1.9015928563275866,437,0.0447662782879689,2.2993967397363697,145,0.057224402581590804,0.01074121045756689,5.0,False,True
U0684,vol_chg_15,BTCUSDT,240,0.0007048739934714945,0.3141472893407073,437,-0.0009689984010921739,-0.23431407492569334,145,0.7534091744713542,0.5926294200845372,,False,False
U0685,vol_chg_15,ETHUSDT,240,-0.0017289248826652577,-0.7756538713793737,437,-0.0005499015110601397,-0.15489628594025223,145,0.43795338310921084,0.43845154084986626,,False,False
U0686,vol_chg_15,BNBUSDT,240,-0.0010244880607406222,-0.43951956569669487,437,-0.005399531391090862,-1.2337279576497298,145,0.6602851081285095,0.10865214619769636,,False,False
U0687,vol_chg_15,SOLUSDT,240,-0.0014972220456090895,-0.6831962934827873,437,-0.000338824721816188,-0.11943278889148122,145,0.4944828144555593,0.4524662427093524,,False,False
U0688,vol_chg_15,XRPUSDT,240,0.0012498965875079545,0.5283474086166383,437,1.1479398559786004e-05,0.0025921575607456295,145,0.5972582323807084,0.498965879909647,,False,False
U0689,vol_chg_15,ALL,240,-0.00045917288160710404,-0.27440075032250066,437,-0.0014491553252999145,-0.4660358466974451,145,0.7837766664586571,0.32059492104196485,4.0,False,False
U0690,taker_imb_15,BTCUSDT,240,-0.013449209391179951,-3.1800781929106825,437,-0.016573078183827205,-2.1199920846008475,145,0.0014723531726771382,0.017003356412000476,,True,True
U0691,taker_imb_15,ETHUSDT,240,-0.007472330134570832,-1.7006333240822864,437,-0.00655909588653738,-0.7422429781220498,145,0.0890118625399427,0.22897006664094854,,False,False
U0692,taker_imb_15,BNBUSDT,240,-0.014198941018560517,-2.605726037716865,437,-0.014879082730047273,-1.7465525171620817,145,0.009167975889300312,0.040357494895624964,,False,True
U0693,taker_imb_15,SOLUSDT,240,-0.010114810827081237,-2.608802623577593,437,-0.016431884571160838,-2.5929459747362857,145,0.009085963275407453,0.004757885864789467,,False,True
U0694,taker_imb_15,XRPUSDT,240,-0.0154675254520933,-3.2800795527155158,437,-0.010444820559887201,-0.9147444526111758,145,0.001037778194172844,0.18016290095345744,,True,False
U0695,taker_imb_15,ALL,240,-0.012140563364697168,-4.8450359018656,437,-0.012977592386291977,-2.2280208250393376,145,1.2658878595501557e-06,0.012939563163559825,5.0,True,True
U0696,taker_imb_60,BTCUSDT,240,-0.010356719864774249,-1.308887826602884,437,-0.03076431020310378,-2.278394878481521,145,0.19057235078301848,0.011351530635538598,,False,True
U0697,taker_imb_60,ETHUSDT,240,-0.004358989618360731,-0.5652715518715451,437,-0.016800029052362116,-1.0828219842545848,145,0.5718890753148194,0.13944372276718148,,False,False
U0698,taker_imb_60,BNBUSDT,240,-0.024139583458705222,-2.4110370312412868,437,-0.037145895216655254,-2.65834392817316,145,0.015907233230514118,0.003926285598114947,,False,True
U0699,taker_imb_60,SOLUSDT,240,-0.003047439650070236,-0.43466766664177386,437,-0.02451322746181135,-1.8753789181091967,145,0.6638036709794521,0.03037030665711132,,False,True
U0700,taker_imb_60,XRPUSDT,240,-0.013079627612108891,-1.6797319088057956,437,-0.010915781262826538,-0.5662970772645827,145,0.09300948851458761,0.28559592346999596,,False,False
U0701,taker_imb_60,ALL,240,-0.010996472040803866,-2.365171618165194,437,-0.024027848639351805,-2.300165593684083,145,0.01802171755928682,0.010719420136322846,5.0,False,True
U0702,taker_imb_240,BTCUSDT,240,-0.0011035905321665402,-0.07571535626207833,437,-0.039483373404365064,-1.6293422622189497,145,0.9396455585340547,0.0516202920864528,,False,False
U0703,taker_imb_240,ETHUSDT,240,0.002325560298135846,0.18849918497460547,437,-0.031188527036552442,-1.4039576942828735,145,0.8504853543610535,0.9198342761252973,,False,False
U0704,taker_imb_240,BNBUSDT,240,-0.014737090001983697,-1.1231873134376786,437,-0.0655788307683935,-2.9552513318739004,145,0.2613579494973999,0.0015620721584208913,,False,True
U0705,taker_imb_240,SOLUSDT,240,0.023468649332654763,1.9045237931711938,437,-0.03717116142490371,-1.2753703276884802,145,0.05684200093589195,0.898910901997961,,False,False
U0706,taker_imb_240,XRPUSDT,240,-0.02255457016127146,-1.7806639160895446,437,-0.0018683298301000557,-0.06365247803651647,145,0.0749673713274099,0.47462347249852277,,False,False
U0707,taker_imb_240,ALL,240,-0.0025202082129262195,-0.32016989066512047,437,-0.035058044492862955,-1.950557155047943,145,0.7488395465583049,0.02555487406251328,5.0,False,True
U0708,pv_corr_60,BTCUSDT,240,-0.010287624141820434,-1.1766197626682344,437,-0.020781887912349552,-1.7867270472741377,145,0.2393473061998843,0.03699080767035275,,False,True
U0709,pv_corr_60,ETHUSDT,240,-0.004246432137519741,-0.5025675706781707,437,-0.0248734549427878,-1.377398239706646,145,0.6152683342015346,0.08419457841202549,,False,False
U0710,pv_corr_60,BNBUSDT,240,-0.010482992182013318,-1.2606117051308274,437,-0.02357748860673138,-1.7659606042447469,145,0.20744877934224693,0.03870122923504078,,False,True
U0711,pv_corr_60,SOLUSDT,240,0.005584456650575036,0.6091573193239052,437,-0.014632623251096186,-0.7731398522673879,145,0.5424201674172267,0.7802801909988704,,False,False
U0712,pv_corr_60,XRPUSDT,240,-0.0033951304032244886,-0.45169279340836394,437,-0.0031572083969751163,-0.23468812222978733,145,0.6514903106077832,0.4072254036904184,,False,False
U0713,pv_corr_60,ALL,240,-0.00456554444280059,-0.8199282798596499,437,-0.017404532621988014,-1.5056716787724929,145,0.4122569940691405,0.0660757388773861,5.0,False,False
U0714,trade_size_rel,BTCUSDT,240,-0.00024839752614156524,-0.015650916337938615,437,-0.010400442297449056,-0.44120727313145486,145,0.9875128852825413,0.3295314741519164,,False,False
U0715,trade_size_rel,ETHUSDT,240,-0.017953758323585974,-1.304066796928559,437,0.019285352663533088,0.8463266222571072,145,0.19221080849438876,0.8013147198306394,,False,False
U0716,trade_size_rel,BNBUSDT,240,-0.04007626159490567,-3.4275495121174635,437,-0.0034936038314777223,-0.1638572192502509,145,0.0006090552272315497,0.43492177295361895,,True,False
U0717,trade_size_rel,SOLUSDT,240,0.010898800723986694,0.7564315739806857,437,0.03535362307809829,1.4634203881207393,145,0.44939048345714194,0.07167619160913649,,False,False
U0718,trade_size_rel,XRPUSDT,240,0.012535593911300954,0.7781859789729397,437,0.00934515266247017,0.5115938035480282,145,0.436459381366356,0.30446766153611804,,False,False
U0719,trade_size_rel,ALL,240,-0.0069688045618691115,-0.6984960234526146,437,0.010018016455034955,0.6228918617614554,145,0.4848670438615085,0.7333222068189439,2.0,False,False
U0720,breakout_240,BTCUSDT,240,-0.00967573763125076,-1.9586104891440768,437,-0.006418503491638029,-0.6511849984331529,145,0.05015842025335544,0.25746353651290466,,False,False
U0721,breakout_240,ETHUSDT,240,-0.0005314469425245442,-0.10449167082191821,437,-0.011646350843089367,-0.9488221274061701,145,0.9167791778182054,0.1713555429283038,,False,False
U0722,breakout_240,BNBUSDT,240,-0.0026718282603080084,-0.49864170220624743,437,-0.0029460581900485937,-0.39235600572803453,145,0.61803182111996,0.34739759379799473,,False,False
U0723,breakout_240,SOLUSDT,240,-0.002980562448415736,-0.6336537756500084,437,-0.011165283033767553,-1.1168165234124565,145,0.5263067977874577,0.13203639121105937,,False,False
U0724,breakout_240,XRPUSDT,240,-0.0087997576593859,-1.73488771690103,437,-0.005585827859688335,-0.633515652499642,145,0.08276069520653387,0.26319848131293816,,False,False
U0725,breakout_240,ALL,240,-0.0049318665883769895,-1.802164371214455,437,-0.007552404683646376,-1.0627642197638378,145,0.07151954844424062,0.1439444446899802,5.0,False,False
U0726,breakdown_240,BTCUSDT,240,0.0028975647237896285,0.4962779940102167,437,-3.323004083485702e-05,-0.004353124188062731,145,0.6196982900542767,0.501736639805657,,False,False
U0727,breakdown_240,ETHUSDT,240,0.00033679712764156,0.06877088369941868,437,-0.0072166054605911694,-0.8003356368045064,145,0.9451719946420034,0.7882418195092672,,False,False
U0728,breakdown_240,BNBUSDT,240,0.006777967730222344,1.120589794366907,437,-0.014823137297771563,-1.9053540463047258,145,0.26246251112849006,0.9716329677886436,,False,False
U0729,breakdown_240,SOLUSDT,240,0.011485741076309697,2.079365007924595,437,0.0014039071402133039,0.18180414801814782,145,0.03758381418599182,0.42786821456374513,,False,False
U0730,breakdown_240,XRPUSDT,240,0.00975521308244412,1.7999033664330475,437,0.0005360425868204077,0.0680662111889609,145,0.07187589802375337,0.4728664637592594,,False,False
U0731,breakdown_240,ALL,240,0.0062506567480814694,1.6977850527568674,437,-0.0040266046144327725,-0.8566780040577923,145,0.0895483380369338,0.8041885685905614,2.0,False,False
U0732,false_breakout_15,BTCUSDT,240,-0.008817373955097255,-1.2949893597473525,437,-0.01399833469977317,-1.2406621831765459,145,0.19532390005365852,0.10736528499096032,,False,False
U0733,false_breakout_15,ETHUSDT,240,-0.004396378304772195,-0.7312994836694414,437,-0.012729090993621314,-1.0128410743257008,145,0.46459624580263226,0.1555680389887263,,False,False
U0734,false_breakout_15,BNBUSDT,240,-0.002442269881976219,-0.3781382654682681,437,-0.012306575163161425,-1.08757368387674,145,0.7053278833029686,0.1383916767734532,,False,False
U0735,false_breakout_15,SOLUSDT,240,0.0003916361176368157,0.06024979207769225,437,-0.023183278844296384,-2.255078282839008,145,0.9519566893692615,0.987935792235498,,False,False
U0736,false_breakout_15,XRPUSDT,240,-0.0071608909811411,-1.2309463199781026,437,-0.0033813605110826496,-0.22888737517725077,145,0.2183429418287981,0.4094782266337408,,False,False
U0737,false_breakout_15,ALL,240,-0.00448505540106999,-1.0869694592031511,437,-0.013119728042386992,-1.4449094793708954,145,0.2770503071894508,0.07424165667107754,5.0,False,False
U0738,false_breakdown_15,BTCUSDT,240,0.012534457183331921,1.9459507666699762,437,0.015364635794071215,1.4643513691714705,145,0.05166065388935914,0.07154898412348705,,False,False
U0739,false_breakdown_15,ETHUSDT,240,0.003857487414868194,0.6633059983483931,437,0.015731863701014596,1.723951140298665,145,0.507134595675717,0.04235833199532432,,False,True
U0740,false_breakdown_15,BNBUSDT,240,0.010345962250683025,1.5832370524473527,437,-0.00021761168412672837,-0.01948788879603042,145,0.11336744419599629,0.5077740507247241,,False,False
U0741,false_breakdown_15,SOLUSDT,240,0.0007020562613806496,0.12599393930183564,437,0.01344157027354707,1.3399956889475562,145,0.8997367220806601,0.09012337324984471,,False,False
U0742,false_breakdown_15,XRPUSDT,240,0.010351508375066392,1.6254120877173563,437,-0.008086592006916683,-0.9724929756111736,145,0.10407478200230295,0.8345973211265998,,False,False
U0743,false_breakdown_15,ALL,240,0.007558294297066036,1.824411183366796,437,0.007246773215517895,1.225344240549621,145,0.06808993254958587,0.1102227730995628,3.0,False,False
U0744,dc2_mode,BTCUSDT,240,0.0005895463405805788,0.048059754624155494,437,-0.012733910977535637,-0.8401378046134319,145,0.9616686202773672,0.7995844371740158,,False,False
U0745,dc2_mode,ETHUSDT,240,0.00032578604233142737,0.02614995616868811,437,-0.02123373213333942,-1.1177776475659624,145,0.979137731407899,0.8681690148242684,,False,False
U0746,dc2_mode,BNBUSDT,240,0.02259905063699824,1.7502746485116207,437,0.030485946992913744,1.8538009662863169,145,0.08007093324109492,0.031883820100667086,,False,True
U0747,dc2_mode,SOLUSDT,240,0.017882943074891796,1.5320014226296756,437,0.0048819461874757535,0.1623211085183655,145,0.12552208369517726,0.4355264964577399,,False,False
U0748,dc2_mode,XRPUSDT,240,-0.015843191495237947,-1.356816485644564,437,-0.0015259912352043011,-0.08508505715899733,145,0.17483952797720226,0.466096884942101,,False,False
U0749,dc2_mode,ALL,240,0.005110826919912821,0.7323568287800702,437,-2.5148233137974567e-05,-0.0019097620843236797,145,0.46395080155656787,0.5007618843778212,2.0,False,False
U0750,dc2_overshoot,BTCUSDT,240,-0.004977582703453651,-0.4157690801948689,437,0.010223880352361462,0.4197104475279037,145,0.677578986391155,0.6626515040121362,,False,False
U0751,dc2_overshoot,ETHUSDT,240,-0.014898848433489056,-1.089378879991011,437,0.006528714338139447,0.2723038601953659,145,0.2759868410016467,0.6073058058358723,,False,False
U0752,dc2_overshoot,BNBUSDT,240,0.037929993984469015,2.8070033359311286,437,-0.03250718580021207,-1.0362081732716137,145,0.005000472385598211,0.84994748273282,,False,False
U0753,dc2_overshoot,SOLUSDT,240,-0.011742224046597206,-0.854964535647438,437,-0.013593437504555354,-0.4052856186927446,145,0.3925707812894569,0.34263378818086127,,False,False
U0754,dc2_overshoot,XRPUSDT,240,-0.01076718088611706,-0.8321793272044664,437,0.01090479759731479,0.4198733021215858,145,0.4053077308059122,0.662710993914869,,False,False
U0755,dc2_overshoot,ALL,240,-0.0008911684170375928,-0.11955157848195591,437,-0.0036886462033903496,-0.1854594274843167,145,0.9048383792841234,0.4264343501828233,2.0,False,False
U0756,dc2_pullback,BTCUSDT,240,0.0025869814508100815,0.3299536368247869,437,0.0022971919634905036,0.14151045518759256,145,0.7414349944645977,0.44373335055623864,,False,False
U0757,dc2_pullback,ETHUSDT,240,-0.01691819690641329,-2.194415670939912,437,0.0016943217003318938,0.12571424041878212,145,0.028205540330001545,0.5500209354609708,,False,False
U0758,dc2_pullback,BNBUSDT,240,0.0021427014786352216,0.2586622754601386,437,-0.013439679863494992,-1.1935398155910206,145,0.795895828972213,0.8836709857461111,,False,False
U0759,dc2_pullback,SOLUSDT,240,0.009843539073781668,1.1602097911144573,437,0.01818271840034429,1.1467915426634887,145,0.2459634015588188,0.1257338927037916,,False,False
U0760,dc2_pullback,XRPUSDT,240,-0.006729507530122464,-0.7241397425594672,437,-0.0005802460554191114,-0.034313567066368636,145,0.46897994769096063,0.48631355314325214,,False,False
U0761,dc2_pullback,ALL,240,-0.001814896486661756,-0.3677466306442239,437,0.0016308612290505161,0.18744768373382498,145,0.7130621670255469,0.5743451805551529,2.0,False,False
U0762,dc2_age,BTCUSDT,240,-0.025560292987790296,-1.8961821818534412,437,-0.021819938542913732,-1.0386354789569032,145,0.05793595846435417,0.14948714939946928,,False,False
U0763,dc2_age,ETHUSDT,240,-0.02224996631200328,-1.7549830755804632,437,-0.059993575615304294,-2.727883503056782,145,0.07926220271009993,0.0031871057504795136,,False,True
U0764,dc2_age,BNBUSDT,240,0.005313677963995827,0.37542524901183505,437,-0.08026351442642381,-3.222104888964834,145,0.707344229857211,0.9993637372939325,,False,False
U0765,dc2_age,SOLUSDT,240,-0.024491550630196153,-1.9817345145282437,437,-0.04844252569861537,-1.716487768645218,145,0.04750896212388751,0.043036402372294065,,False,True
U0766,dc2_age,XRPUSDT,240,-0.023124590189476924,-1.7581916770873973,437,-0.018109700460048783,-0.9949573768519853,145,0.07871490090834472,0.15987849751663274,,False,False
U0767,dc2_age,ALL,240,-0.018022544431094165,-2.240130899961465,437,-0.04572585094866119,-2.8348063731949753,145,0.025082426022640162,0.002292673383721718,5.0,False,True
U0768,dc4_mode,BTCUSDT,240,-0.040445603221972146,-2.849595505340284,437,-0.02298302424296,-0.819020933471982,145,0.0043774861105624644,0.20638723515239293,,False,False
U0769,dc4_mode,ETHUSDT,240,-0.020033399099822487,-1.0612172658785064,437,-0.010519467215387053,-0.3575046787271267,145,0.28859117453985217,0.36035701210276583,,False,False
U0770,dc4_mode,BNBUSDT,240,-0.002667492948821514,-0.15323740268913535,437,-0.0063423952865775506,-0.2844518526943708,145,0.8782110628931916,0.3880320633091331,,False,False
U0771,dc4_mode,SOLUSDT,240,-0.02534367278038416,-1.8606251485208867,437,0.0002123307402014025,0.006934805608645819,145,0.06279713086441079,0.5027665649889127,,False,False
U0772,dc4_mode,XRPUSDT,240,0.0047908903902971305,0.3123480314733864,437,-0.010295601917622577,-0.4837477392853394,145,0.7547760407901267,0.6857175458355105,,False,False
U0773,dc4_mode,ALL,240,-0.01673985553214064,-1.5212145839416942,437,-0.009985631584469155,-0.47828910481721093,145,0.12820599682075198,0.31622222494635843,4.0,False,False
U0774,dc4_overshoot,BTCUSDT,240,-0.012184287158047247,-0.698018242992738,437,-0.019033059383893564,-0.7442500187985878,145,0.4851657853069882,0.2283626163605747,,False,False
U0775,dc4_overshoot,ETHUSDT,240,0.008706392753236933,0.496825043358355,437,-0.05141266215583436,-1.915031476874214,145,0.6193124333967515,0.9722557552566735,,False,False
U0776,dc4_overshoot,BNBUSDT,240,-0.00669186338745166,-0.4114061461368493,437,-0.008747144475451819,-0.345259477083169,145,0.6807747479312294,0.3649496541407834,,False,False
U0777,dc4_overshoot,SOLUSDT,240,-0.0014303117505423655,-0.08338113815917378,437,0.02668610442173535,0.9582485556567264,145,0.9335484858483903,0.8310312809652446,,False,False
U0778,dc4_overshoot,XRPUSDT,240,0.029477244699585323,1.909127958450623,437,0.03253896940121043,0.8335692506793374,145,0.05624558686027316,0.20226187960003084,,False,False
U0779,dc4_overshoot,ALL,240,0.0035754350313561972,0.3950354354001282,437,-0.003993558438446791,-0.21781417006789555,145,0.6928167366315183,0.5862130482452018,2.0,False,False
U0780,dc4_pullback,BTCUSDT,240,0.007854482745389512,0.7025625591114837,437,-0.03264258535139977,-2.205991375857291,145,0.4823284023498883,0.9863076982224053,,False,False
U0781,dc4_pullback,ETHUSDT,240,0.006288477666139856,0.4903096471900715,437,-0.04855120175735229,-1.975088688397267,145,0.6239148014475366,0.9758709578591093,,False,False
U0782,dc4_pullback,BNBUSDT,240,0.021639761766624587,1.4459474104643997,437,-0.01173961379906925,-0.4903874375398369,145,0.14819195274102145,0.6880701177624401,,False,False
U0783,dc4_pullback,SOLUSDT,240,-0.007631327318205756,-0.6643384323740849,437,-0.03881843413665332,-1.5381376800913842,145,0.5064737283640854,0.06200747733433071,,False,False
U0784,dc4_pullback,XRPUSDT,240,0.008981575008638491,0.7463500861489443,437,0.008319327123268376,0.48184763943915165,145,0.45545596276517475,0.31495709217169593,,False,False
U0785,dc4_pullback,ALL,240,0.007426593973717337,1.0995727201852452,437,-0.024686501584241252,-1.6866522843766074,145,0.27151833331977604,0.9541648839394606,1.0,False,False
U0786,dc4_age,BTCUSDT,240,-0.034107756666769705,-2.1651393243908417,437,-0.046627062386094535,-1.6548607475191814,145,0.030377017254073716,0.04897637404730287,,False,True
U0787,dc4_age,ETHUSDT,240,-0.002876158343242829,-0.16387151415111995,437,-0.022887134776225226,-0.9701961207246116,145,0.8698322923331703,0.16597437200502174,,False,False
U0788,dc4_age,BNBUSDT,240,-0.04700670927034678,-2.9554623909648807,437,-0.014145706646125685,-0.5612691055569712,145,0.0031220075802268024,0.28730704962668774,,True,False
U0789,dc4_age,SOLUSDT,240,-0.02587334243158192,-1.5599780612537157,437,0.016505536443920873,0.6366815282009389,145,0.11876506572413993,0.737833846028513,,False,False
U0790,dc4_age,XRPUSDT,240,0.023710344384018804,1.3762283347896653,437,0.007601186837622542,0.2648176646848551,145,0.16875095229016435,0.39557496406319465,,False,False
U0791,dc4_age,ALL,240,-0.017230724465584487,-1.5958817257436257,437,-0.01191063610538041,-0.5932111392787314,145,0.11051520224203966,0.2765199293596234,3.0,False,False
U0792,oi_chg_60,BTCUSDT,240,-0.023259668763916337,-2.092594250968885,437,-0.02649396497305702,-1.2673029337542308,145,0.0363853902107883,0.10252349596232768,,False,False
U0793,oi_chg_60,ETHUSDT,240,-0.017663517588958913,-1.6226868820169407,437,-0.005628310199032631,-0.3525104352726384,145,0.10465635702536343,0.3622277469419515,,False,False
U0794,oi_chg_60,BNBUSDT,240,-0.02033950752507317,-2.151931267449762,437,-0.07120669323027241,-3.465750266948017,145,0.03140276817646075,0.0002643770826761532,,False,True
U0795,oi_chg_60,SOLUSDT,240,-0.02106917537983984,-2.538572698161613,437,-0.01082132973554669,-0.532530295491786,145,0.011130567530029828,0.2971793824631588,,False,False
U0796,oi_chg_60,XRPUSDT,240,-0.02268141126154357,-2.0776249282309784,437,-0.00174271227106764,-0.0654095640280135,145,0.03774391834418753,0.47392395469779314,,False,False
U0797,oi_chg_60,ALL,240,-0.021002656103866365,-4.059945112714474,437,-0.023178602081795282,-1.5320398427092623,145,4.9084252907616913e-05,0.06275630155867429,5.0,True,False
U0798,oi_chg_240,BTCUSDT,240,-0.01635971276530742,-1.0289486796227167,437,-0.03405256646539943,-1.242619276987195,145,0.3035037915136446,0.10700408145746976,,False,False
U0799,oi_chg_240,ETHUSDT,240,-0.02174235315001824,-1.3712975909162293,437,-0.00045783561197571866,-0.015660759422073806,145,0.17028220638708358,0.4937525163000525,,False,False
U0800,oi_chg_240,BNBUSDT,240,-0.023163011888467887,-1.556786572494,437,-0.09393785751057097,-3.9915825916014187,145,0.11952116623151562,3.281691098541874e-05,,False,True
U0801,oi_chg_240,SOLUSDT,240,-0.02656969837633923,-2.0561255911421568,437,-0.03631803554623658,-1.242545186427679,145,0.03977041211373858,0.10701773971502587,,False,False
U0802,oi_chg_240,XRPUSDT,240,-0.022203724093709812,-1.3115173317513233,437,-0.01370934454479528,-0.31226173188380346,145,0.18968304209527276,0.3774208102490982,,False,False
U0803,oi_chg_240,ALL,240,-0.02200770005476851,-3.03362133780857,437,-0.035695127935795594,-1.8071073957495032,145,0.0024163751695608737,0.03537276787056742,5.0,True,True
U0804,oi_chg_1440,BTCUSDT,240,-0.02451421228076731,-1.5148893529352514,437,-0.0783976439565648,-2.612167693924345,145,0.12980042711351922,0.004498505537291459,,False,True
U0805,oi_chg_1440,ETHUSDT,240,0.00703402880894806,0.4163983778533083,437,-0.036614099812767205,-1.138153950545161,145,0.6771185152576756,0.8724718982513651,,False,False
U0806,oi_chg_1440,BNBUSDT,240,-0.012844300188738814,-0.6963155641188076,437,-0.03598720529517818,-1.5429914920482306,145,0.4862312281827824,0.061416420110175125,,False,False
U0807,oi_chg_1440,SOLUSDT,240,0.010124975085134495,0.6078851363341164,437,-0.030712595693514616,-0.9828399183705115,145,0.5432636583530208,0.837156884072037,,False,False
U0808,oi_chg_1440,XRPUSDT,240,-0.007890549572775598,-0.4111396167368937,437,0.05678385801962399,1.74930357646151,145,0.6809701619556081,0.9598807209561259,,False,False
U0809,oi_chg_1440,ALL,240,-0.005618011629639838,-0.6583995371783462,437,-0.02498553734768017,-1.5756586967803874,145,0.5102814327175713,0.05755224050004833,4.0,False,False
U0810,oi_price_60,BTCUSDT,240,0.004372708207382636,0.5180585859766518,437,0.02115337153538913,1.9809584116058445,145,0.6044173939953075,0.0237979688332952,,False,True
U0811,oi_price_60,ETHUSDT,240,0.014327113933975458,1.8385724071192235,437,0.024559556845002634,2.1003469985602243,145,0.06597810284683395,0.01784916387806921,,False,True
U0812,oi_price_60,BNBUSDT,240,-0.001856535232925453,-0.23218713272435787,437,-0.005350033696290043,-0.34916318803994034,145,0.8163926712977048,0.363483400386051,,False,False
U0813,oi_price_60,SOLUSDT,240,-0.013649676087611478,-1.9878318739109626,437,0.00193664834987694,0.1717264536228637,145,0.04683028730233708,0.5681737061161611,,False,False
U0814,oi_price_60,XRPUSDT,240,-0.0028244656001484678,-0.31584665403973766,437,0.03740346112998538,2.0575704015958443,145,0.7521189045115513,0.9801843048258172,,False,False
U0815,oi_price_60,ALL,240,7.382904413454011e-05,0.01971901687370222,437,0.015940600832792806,2.1051799716320927,145,0.9842675204574467,0.01763782249404345,4.0,False,True
U0816,ls_acct,BTCUSDT,240,0.004672786830537965,0.2969998257242236,437,0.009614048352900813,0.30962189821300407,145,0.7664666421885636,0.378424250864495,,False,False
U0817,ls_acct,ETHUSDT,240,-0.003883568186144176,-0.19615126689219514,437,0.019504333827838307,0.5216700831126787,145,0.8444917703926668,0.6990499709942977,,False,False
U0818,ls_acct,BNBUSDT,240,0.006095039101523019,0.39278357318082635,437,0.02525539506020933,0.5955337518926234,145,0.6944793383022263,0.27574337241326596,,False,False
U0819,ls_acct,SOLUSDT,240,-0.014017868662735548,-0.8797513781231514,437,0.05391035681533673,1.3277342417018583,145,0.3789940097049156,0.9078670413249808,,False,False
U0820,ls_acct,XRPUSDT,240,-0.006436297683104055,-0.31419910414571794,437,-0.011408207632939378,-0.2972172366712589,145,0.7533698230471316,0.383150331597656,,False,False
U0821,ls_acct,ALL,240,-0.0027139817199845623,-0.26899871565978606,437,0.019375185284669152,0.5558081911983596,145,0.7879306710084805,0.7108290073634558,1.0,False,False
U0822,top_ls_pos,BTCUSDT,240,-0.029098350959153436,-1.8105871886277964,437,-0.010178715746000832,-0.3765969180487636,145,0.07020477680850053,0.35323658923662327,,False,False
U0823,top_ls_pos,ETHUSDT,240,-0.01451402699608295,-0.8488232805247075,437,-0.001037698418861803,-0.03959475888747873,145,0.39597963384152735,0.48420810298300676,,False,False
U0824,top_ls_pos,BNBUSDT,240,-0.025321787307944797,-2.054658423414953,437,0.032388958183922956,1.2664848677859906,145,0.039912008390925735,0.8973302281639388,,False,False
U0825,top_ls_pos,SOLUSDT,240,-0.010804780531370874,-0.6166811508170148,437,0.0005903801705577824,0.02001099659515919,145,0.5374450563487758,0.5079826998458554,,False,False
U0826,top_ls_pos,XRPUSDT,240,0.015430781247459594,0.7376128590906725,437,-0.03459609233300904,-1.412727386701744,145,0.46074973899330496,0.9211320520812722,,False,False
U0827,top_ls_pos,ALL,240,-0.012861632909418491,-1.26367745455074,437,-0.0025666336286781885,-0.13113585967740107,145,0.20634582046402272,0.44783391708631126,3.0,False,False
U0828,top_ls_acct,BTCUSDT,240,0.00323805403283771,0.20156648670172017,437,0.009466030104078446,0.2961050376423128,145,0.8402556471572682,0.3835749334646398,,False,False
U0829,top_ls_acct,ETHUSDT,240,4.046946728094938e-05,0.0020534222616024477,437,0.020369719914784434,0.571953658008638,145,0.9983616072320508,0.28367668529350876,,False,False
U0830,top_ls_acct,BNBUSDT,240,0.009005059141363776,0.49493752735400426,437,0.03811032561177197,1.1287738698778131,145,0.6206442196544645,0.12949661911934146,,False,False
U0831,top_ls_acct,SOLUSDT,240,-0.013118058225505026,-0.8185790965889058,437,0.05245662821069474,1.2963321126919911,145,0.41302659724293955,0.902569455192019,,False,False
U0832,top_ls_acct,XRPUSDT,240,0.00504978151043534,0.2575904272356789,437,-0.009449537106906063,-0.24114207079888467,145,0.7967230184190595,0.5952774965550228,,False,False
U0833,top_ls_acct,ALL,240,0.0008430611852825482,0.08207129865784761,437,0.0221906333468847,0.6802149296150927,145,0.9345900164613042,0.24818419023453187,4.0,False,False
U0834,taker_lsr_5m,BTCUSDT,240,-0.004114780620169108,-0.9865427971225368,437,-0.014325411482845695,-1.683801318474915,145,0.3238668248024589,0.046110036166736104,,False,True
U0835,taker_lsr_5m,ETHUSDT,240,-0.002735949223677584,-0.6482432778420821,437,0.0022275855002377677,0.20446126888713717,145,0.5168276145410156,0.5810034722025146,,False,False
U0836,taker_lsr_5m,BNBUSDT,240,-0.013154822834403281,-2.6254416707198733,437,-0.004303177102350103,-0.4076887763560592,145,0.008653663442611122,0.341751089242184,,False,False
U0837,taker_lsr_5m,SOLUSDT,240,-0.004793967193939714,-1.2047940999799727,437,-0.012950033351168113,-1.9054732564757468,145,0.22828279823038067,0.028359290297268146,,False,True
U0838,taker_lsr_5m,XRPUSDT,240,0.0008375712405102973,0.18147400661744276,437,0.0018694088545284989,0.2048234613768518,145,0.8559955341094774,0.4188550280372262,,False,False
U0839,taker_lsr_5m,ALL,240,-0.004792389726335879,-1.7255418618649798,437,-0.0054963255163195295,-0.9032143729468123,145,0.08442986642617246,0.18320606555537183,3.0,False,False
U0840,ls_acct_chg_60,BTCUSDT,240,-0.01573266903934078,-1.4199740620393142,437,-0.011078291195717767,-0.738876483173047,145,0.1556152324655219,0.22999100179488186,,False,False
U0841,ls_acct_chg_60,ETHUSDT,240,-0.03270295089490162,-2.746509926161006,437,0.00202643472386236,0.1122390104350332,145,0.006023306330607452,0.5446830506408782,,False,False
U0842,ls_acct_chg_60,BNBUSDT,240,-0.011064640299389635,-1.1571883297198302,437,0.004486949438125801,0.3004515299746642,145,0.2471954246911905,0.6180836185507173,,False,False
U0843,ls_acct_chg_60,SOLUSDT,240,-0.02423842419556299,-2.698947010912122,437,0.0005037144349558169,0.02502094379184248,145,0.0069559250902781295,0.5099808709464853,,False,False
U0844,ls_acct_chg_60,XRPUSDT,240,-0.007705901683027422,-0.8335420384645682,437,-0.014121872631876704,-0.831899243683569,145,0.40453909925053033,0.20273290940040228,,False,False
U0845,ls_acct_chg_60,ALL,240,-0.01828891722244449,-3.0243088748795803,437,-0.003636613046130098,-0.3119818003427867,145,0.002492018725916652,0.3775271773728976,2.0,True,False
U0846,metrics_staleness_min,BTCUSDT,240,-4.29337171690379e-07,-0.05598135517039953,437,3.106088367075285e-06,0.03152818467801808,145,0.955356660284281,0.5125758424045719,,False,False
U0847,metrics_staleness_min,ETHUSDT,240,0.0,0.0,437,0.0,0.0,145,1.0,0.5,,False,False
U0848,metrics_staleness_min,BNBUSDT,240,0.0,0.0,437,-1.0155565127962058e-05,-0.012346313606221397,145,1.0,0.5,,False,False
U0849,metrics_staleness_min,SOLUSDT,240,-2.4270638420890625e-06,-0.01917493610826893,437,-4.1010016061438216e-07,-0.017035100540179315,145,0.9847015520148138,0.4932043068241903,,False,False
U0850,metrics_staleness_min,XRPUSDT,240,3.9150233900845486e-07,0.022192390028877403,437,-1.0405729641359632e-06,-0.02719310282280003,145,0.9822944879744355,0.5108471415882073,,False,False
U0851,metrics_staleness_min,ALL,240,-4.929797349542002e-07,-0.020069501206418337,437,-1.700029977127373e-06,-0.010648970044506302,145,0.9839879297548947,0.495751755898882,3.0,False,False
U0852,funding_last_bps,BTCUSDT,240,0.002024681462685773,0.13779008038947094,437,-0.013547468216146816,-0.3902117539651385,145,0.8904063242794393,0.6518100146058121,,False,False
U0853,funding_last_bps,ETHUSDT,240,-0.0018176847680183386,-0.11571842926523661,437,-0.0414792716742828,-1.6550546405876052,145,0.9078756999341838,0.048956707367987844,,False,True
U0854,funding_last_bps,BNBUSDT,240,-0.009531039434603355,-0.5435314620529526,437,-0.00426054556353816,-0.1350383864479019,145,0.5867639347997565,0.4462907621426039,,False,False
U0855,funding_last_bps,SOLUSDT,240,-0.005057172648180861,-0.3293950230906019,437,0.01008497271565157,0.3724789913790549,145,0.7418571290955529,0.6452318745069944,,False,False
U0856,funding_last_bps,XRPUSDT,240,-0.005130423989551599,-0.23234862794017921,437,-0.03116408427826951,-1.2142672926102578,145,0.8162672460455167,0.11232283557355588,,False,False
U0857,funding_last_bps,ALL,240,-0.0039023278755336765,-0.341282748268933,437,-0.016073279403317143,-0.8950026473049512,145,0.7328907340310568,0.18539283641229565,4.0,False,False
U0858,funding_mean3_bps,BTCUSDT,240,0.002484220793306463,0.15208305010061374,437,-0.01956381887392885,-0.6589119502329664,145,0.879121432753784,0.745023844228365,,False,False
U0859,funding_mean3_bps,ETHUSDT,240,-0.0002620023693029084,-0.01571303064154916,437,-0.02824191112208349,-1.16841023044919,145,0.9874633313323281,0.12132066513027406,,False,False
U0860,funding_mean3_bps,BNBUSDT,240,-0.0038829809349114125,-0.2559608415814607,437,0.004585378875830416,0.15732473052411422,145,0.7979810741561726,0.5625055345959654,,False,False
U0861,funding_mean3_bps,SOLUSDT,240,0.01220824333655225,0.7712180446814451,437,-0.005549131977933109,-0.19593878844692497,145,0.44057770025924703,0.5776709615622412,,False,False
U0862,funding_mean3_bps,XRPUSDT,240,-0.0005864345080477208,-0.02573306552616211,437,-0.05581916525084499,-1.9515933146782147,145,0.9794702501076584,0.025493253797093284,,False,True
U0863,funding_mean3_bps,ALL,240,0.0019922092635193296,0.1621932937875165,437,-0.020917729669792003,-1.0246807658196002,145,0.8711536406604523,0.8472430792522494,1.0,False,False
U0864,min_to_funding,BTCUSDT,240,0.004801634327124699,0.534020950653464,437,-0.010287877591891871,-0.6034730886156255,145,0.5933270391974284,0.7269029934978235,,False,False
U0865,min_to_funding,ETHUSDT,240,0.005654741629934055,0.6712619523214287,437,-0.00038521588550498087,-0.02435700031056615,145,0.5020536682541386,0.5097160765392671,,False,False
U0866,min_to_funding,BNBUSDT,240,-0.0040751067406859295,-0.43224227924995234,437,-0.012858828436385871,-0.7451909978031434,145,0.6655653337205976,0.22807813209112682,,False,False
U0867,min_to_funding,SOLUSDT,240,-9.10339704977006e-05,-0.010235069697592483,437,-0.01711287937882189,-1.0262529352184475,145,0.9918337384881675,0.15238618776938306,,False,False
U0868,min_to_funding,XRPUSDT,240,-0.0040135909280627,-0.5404476203066032,437,-0.01515694529711071,-0.7502148224053454,145,0.588888374667754,0.22656266652097984,,False,False
U0869,min_to_funding,ALL,240,0.00045532886356248553,0.06281567523926429,437,-0.011160349317943068,-0.6984338970205425,145,0.9499132834840478,0.7575470580131388,0.0,False,False
U0870,hour_sin,BTCUSDT,240,-0.0025680548772372,-0.1781041591889432,437,-0.014980369701500003,-0.6597052469974803,145,0.8586411756974051,0.2547214994393474,,False,False
U0871,hour_sin,ETHUSDT,240,-0.008876759593846548,-0.5979691743647262,437,-0.05024612176096911,-2.5001853179132585,145,0.5498605016171988,0.006206417770070185,,False,True
U0872,hour_sin,BNBUSDT,240,-0.043586736490069694,-3.037133557021938,437,-0.06293018438865094,-2.430737052941048,145,0.002388396060799101,0.007534072767435659,,True,True
U0873,hour_sin,SOLUSDT,240,-0.00361489939329673,-0.23672443179681538,437,-0.04488951445403473,-1.9137051183339497,145,0.8128705797710774,0.02782892235140251,,False,True
U0874,hour_sin,XRPUSDT,240,0.026585092135820935,1.5452521541381268,437,-0.014029413699545487,-0.5392193875428305,145,0.12228528361268104,0.7051322578447452,,False,False
U0875,hour_sin,ALL,240,-0.006412271643725845,-0.5006133073851216,437,-0.03741512080094006,-1.8045358284602506,145,0.6166432951563464,0.03557367385803586,5.0,False,True
U0876,hour_cos,BTCUSDT,240,0.016500663885780864,0.9231822001891886,437,0.0014922785572237507,0.04679991006399852,145,0.35591226323883807,0.48133635035752326,,False,False
U0877,hour_cos,ETHUSDT,240,0.05163374192285383,2.8952302413992554,437,-0.005893788613148164,-0.22063993870321544,145,0.003788805214314015,0.5873135996268714,,False,False
U0878,hour_cos,BNBUSDT,240,0.07095420457846434,4.006599474337902,437,-0.018122214443608294,-0.6023319102136261,145,6.159918901253588e-05,0.7265233880516296,,True,False
U0879,hour_cos,SOLUSDT,240,0.061096088750106546,3.469639018302066,437,-0.011239277411617003,-0.3596163375159198,145,0.0005211582858972826,0.6404329678424466,,True,False
U0880,hour_cos,XRPUSDT,240,0.012347617624420422,0.7171181797834167,437,0.013228223225609185,0.43964586856391824,145,0.4733011791473175,0.33009680699569616,,False,False
U0881,hour_cos,ALL,240,0.042506463352325205,2.802300731988786,437,-0.004106955737108107,-0.14507736414744196,145,0.005073955094298259,0.5576751050064486,2.0,False,False
U0882,dow,BTCUSDT,240,-0.009715769509659552,-0.5108369753987994,437,-0.027009660167418036,-0.7816303934444094,145,0.6094652156246108,0.21721590978105415,,False,False
U0883,dow,ETHUSDT,240,0.0010842258641069827,0.05376399713400086,437,-0.02619469677834278,-0.736758024426773,145,0.9571231941369093,0.7693652431346595,,False,False
U0884,dow,BNBUSDT,240,-0.011288794550661108,-0.6034430251726617,437,-0.039803161214826,-1.231231154314967,145,0.5462140071147146,0.10911821124003551,,False,False
U0885,dow,SOLUSDT,240,0.012241341980225156,0.7830529957867777,437,-0.009786645913393191,-0.2839558304639563,145,0.43359599188839604,0.6117778849623055,,False,False
U0886,dow,XRPUSDT,240,0.009689293687949175,0.5575209448025998,437,-0.00946219536563585,-0.3224265125936683,145,0.5771715529205601,0.6264351991839385,,False,False
U0887,dow,ALL,240,0.00040205949439213516,0.024829364736029938,437,-0.022451271887923174,-0.7175456703699478,145,0.9801910686024512,0.7634812665276113,0.0,False,False
U0888,btc_ret_60_z,BTCUSDT,240,-0.018691071744984543,-2.358529658880523,437,-0.01908105558809027,-1.744287640186084,145,0.018347493587616434,0.0405544728862723,,False,True
U0889,btc_ret_60_z,ETHUSDT,240,-0.007487036456548298,-0.9643013616363763,437,-0.010542775213849857,-0.9078710389371208,145,0.334894858430164,0.1819731801904383,,False,False
U0890,btc_ret_60_z,BNBUSDT,240,-0.017020055018884237,-2.0690926759056265,437,-0.005773638885835275,-0.5082678842258429,145,0.03853739089411736,0.3056327447547078,,False,False
U0891,btc_ret_60_z,SOLUSDT,240,-0.006285596140169697,-0.7123971332670018,437,0.004737995641142587,0.36866063901681156,145,0.4762188902324611,0.6438096546087422,,False,False
U0892,btc_ret_60_z,XRPUSDT,240,-0.010328633043226452,-1.2217130177431539,437,-0.0008573519881080326,-0.06779845524127738,145,0.22181617171982582,0.4729730367367914,,False,False
U0893,btc_ret_60_z,ALL,240,-0.011962478480762647,-1.714074314583483,437,-0.006303365206948171,-0.6134736462409272,145,0.08651507839713168,0.26978160153892117,4.0,False,False
U0894,rel_ret_60_z,BTCUSDT,240,-4.29337171690379e-07,-0.05598135517039953,437,3.106088367075285e-06,0.03152818467801808,145,0.955356660284281,0.5125758424045719,,False,False
U0895,rel_ret_60_z,ETHUSDT,240,0.0038688487843667493,0.4231426001367884,437,-0.010073633270379174,-0.7857018192163532,145,0.6721912228257527,0.7839789014028546,,False,False
U0896,rel_ret_60_z,BNBUSDT,240,0.0038745378048163385,0.4146747470543432,437,-0.0006746830809949375,-0.055738870253705684,145,0.6783800212296939,0.5222250831823038,,False,False
U0897,rel_ret_60_z,SOLUSDT,240,0.003677801283445197,0.5230710949766377,437,-0.010134389454003094,-0.6947047344766731,145,0.6009247794967651,0.756379819805584,,False,False
U0898,rel_ret_60_z,XRPUSDT,240,-0.018309064057752567,-2.371032079509395,437,0.013913372075912854,0.9449845494261605,145,0.01773849141771779,0.8276666179596195,,False,False
U0899,rel_ret_60_z,ALL,240,-0.0013776611044591933,-0.32078608212059484,437,-0.0013932455282194562,-0.2103937669076995,145,0.7483725073168903,0.41668017853730044,3.0,False,False
